mission_step,controller_call_index,mode,candidate_row,candidate_col,candidate_x_m,candidate_y_m,sar_score,sar_reference_score,sar_relevant,sar_cell_radiation_max_excess,radiation_quantity,radiation_unit,radiation_equivalent_priority,max_weight_sum,supported_radiation_cells,total_overlapping_radiation_cells,support_fraction,eligible,chosen,selection_reason,planner_decision_reason
141,141,RADIATION,8,24,522860.9204974669,5696544.290406497,0.0,0.0005371086274252358,False,0.09755383948939228,ground_equivalent_excess_gamma_dose_rate,uSv/h,5.239700882820925e-06,1.3377291183317959,441,441,1.0,False,False,lower_radiation_equivalent_priority,radiation_priority
141,141,RADIATION,8,25,522880.9204974669,5696544.290406497,0.0006888586011747709,0.0005371086274252358,True,0.10080511339596147,ground_equivalent_excess_gamma_dose_rate,uSv/h,5.414329609355012e-06,1.303419415787699,441,441,1.0,True,False,lower_radiation_equivalent_priority,radiation_priority
141,141,RADIATION,8,26,522900.9204974669,5696544.290406497,0.0010352848988360815,0.0005371086274252358,True,0.10206884676417971,ground_equivalent_excess_gamma_dose_rate,uSv/h,5.482205818838529e-06,0.7725653740103371,441,441,1.0,True,False,lower_radiation_equivalent_priority,radiation_priority
141,141,RADIATION,9,24,522860.9204974669,5696564.290406497,0.0006445588714756966,0.0005371086274252358,True,0.10080511339596149,ground_equivalent_excess_gamma_dose_rate,uSv/h,5.414329609355012e-06,1.3006169331558375,441,441,1.0,True,False,lower_radiation_equivalent_priority,radiation_priority
141,141,RADIATION,9,26,522900.9204974669,5696564.290406497,0.0013157279907054337,0.0005371086274252358,True,0.10206884676417971,ground_equivalent_excess_gamma_dose_rate,uSv/h,5.482205818838529e-06,0.8782152115852799,441,441,1.0,True,False,lower_radiation_equivalent_priority,radiation_priority
141,141,RADIATION,10,24,522860.9204974669,5696584.290406497,0.0009700110800902519,0.0005371086274252358,True,0.10206884676417971,ground_equivalent_excess_gamma_dose_rate,uSv/h,5.482205818838529e-06,0.7304848892910083,441,441,1.0,True,False,lower_radiation_equivalent_priority,radiation_priority
141,141,RADIATION,10,25,522880.9204974669,5696584.290406497,0.0012947543261682302,0.0005371086274252358,True,0.10206884676417971,ground_equivalent_excess_gamma_dose_rate,uSv/h,5.482205818838529e-06,0.8507922999027678,441,441,1.0,True,False,lower_radiation_equivalent_priority,radiation_priority
141,141,RADIATION,10,26,522900.9204974669,5696584.290406497,0.0015944135941459033,0.0005371086274252358,True,0.10206884676417971,ground_equivalent_excess_gamma_dose_rate,uSv/h,5.482205818838529e-06,0.6657300953090272,441,441,1.0,True,True,highest_radiation_equivalent_priority,radiation_priority
142,142,RADIATION,9,25,522880.9204974669,5696564.290406497,0.0,0.0005371086274252358,False,0.10660257029029317,ground_equivalent_excess_gamma_dose_rate,uSv/h,5.725716020862159e-06,1.3377291183317959,441,441,1.0,False,False,lower_radiation_equivalent_priority,radiation_priority
142,142,RADIATION,9,26,522900.9204974669,5696564.290406497,0.0006932828068168357,0.0005371086274252358,True,0.11020970276487901,ground_equivalent_excess_gamma_dose_rate,uSv/h,5.919458218098738e-06,1.303419415787699,441,441,1.0,True,False,lower_radiation_equivalent_priority,radiation_priority
142,142,RADIATION,9,27,522920.9204974669,5696564.290406497,0.0010413365162297412,0.0005371086274252358,True,0.11161165339700935,ground_equivalent_excess_gamma_dose_rate,uSv/h,5.994758196072885e-06,0.7725653740103371,441,441,1.0,True,False,lower_radiation_equivalent_priority,radiation_priority
142,142,RADIATION,10,25,522880.9204974669,5696584.290406497,0.000672309142279632,0.0005371086274252358,True,0.11020970276487903,ground_equivalent_excess_gamma_dose_rate,uSv/h,5.919458218098739e-06,1.3006169331558375,441,441,1.0,True,False,lower_radiation_equivalent_priority,radiation_priority
142,142,RADIATION,10,27,522920.9204974669,5696584.290406497,0.0013198083710412366,0.0005371086274252358,True,0.11161165339700935,ground_equivalent_excess_gamma_dose_rate,uSv/h,5.994758196072885e-06,0.8782152115852799,441,441,1.0,True,True,highest_radiation_equivalent_priority,radiation_priority
142,142,RADIATION,11,25,522880.9204974669,5696604.290406497,0.0010225067173136094,0.0005371086274252358,True,0.11161165339700935,ground_equivalent_excess_gamma_dose_rate,uSv/h,5.994758196072885e-06,0.7304848892910083,441,441,1.0,True,False,lower_radiation_equivalent_priority,radiation_priority
142,142,RADIATION,11,26,522900.9204974669,5696604.290406497,0.0010477125403914535,0.0005371086274252358,True,0.11161165339700935,ground_equivalent_excess_gamma_dose_rate,uSv/h,5.994758196072885e-06,0.8507922999027678,441,441,1.0,True,False,lower_radiation_equivalent_priority,radiation_priority
142,142,RADIATION,11,27,522920.9204974669,5696604.290406497,0.0010478297661842626,0.0005371086274252358,True,0.11161165339700935,ground_equivalent_excess_gamma_dose_rate,uSv/h,5.994758196072885e-06,0.6657300953090272,441,441,1.0,True,False,lower_radiation_equivalent_priority,radiation_priority
143,143,RADIATION,9,26,522900.9204974669,5696564.290406497,0.00034568650128822696,0.0005371086274252358,False,0.11537196009815179,ground_equivalent_excess_gamma_dose_rate,uSv/h,6.1967275131677384e-06,1.4665974833235835,441,441,1.0,False,False,lower_radiation_equivalent_priority,radiation_priority
143,143,RADIATION,9,27,522920.9204974669,5696564.290406497,0.0006937402107011323,0.0005371086274252358,True,0.12015478594122551,ground_equivalent_excess_gamma_dose_rate,uSv/h,6.453617215546466e-06,1.4074522118571475,441,441,1.0,True,False,lower_radiation_equivalent_priority,radiation_priority
143,143,RADIATION,9,28,522940.9204974669,5696564.290406497,0.0010417987495326998,0.0005371086274252358,True,0.12165367997274112,ground_equivalent_excess_gamma_dose_rate,uSv/h,6.534124107138788e-06,0.7746997404309569,441,441,1.0,True,False,lower_radiation_equivalent_priority,radiation_priority
143,143,RADIATION,10,26,522900.9204974669,5696584.290406497,0.0,0.0005371086274252358,False,0.11632745737205172,ground_equivalent_excess_gamma_dose_rate,uSv/h,6.248048096097032e-06,1.6689529328520907,441,441,1.0,False,False,lower_radiation_equivalent_priority,radiation_priority
143,143,RADIATION,10,28,522940.9204974669,5696584.290406497,0.001320102703568604,0.0005371086274252358,True,0.12165367997274112,ground_equivalent_excess_gamma_dose_rate,uSv/h,6.534124107138788e-06,0.9585123796111451,441,441,1.0,True,False,lower_radiation_equivalent_priority,radiation_priority
143,143,RADIATION,11,26,522900.9204974669,5696604.290406497,0.0006984155876490654,0.0005371086274252358,True,0.1165388410139539,ground_equivalent_excess_gamma_dose_rate,uSv/h,6.259401693873255e-06,1.2888981551067071,441,441,1.0,True,False,lower_radiation_equivalent_priority,radiation_priority
143,143,RADIATION,11,27,522920.9204974669,5696604.290406497,0.0006985328134418745,0.0005371086274252358,True,0.12015478594122553,ground_equivalent_excess_gamma_dose_rate,uSv/h,6.4536172155464665e-06,1.2888981551067071,441,441,1.0,True,False,lower_radiation_equivalent_priority,radiation_priority
143,143,RADIATION,11,28,522940.9204974669,5696604.290406497,0.0013222771332098413,0.0005371086274252358,True,0.12165367997274112,ground_equivalent_excess_gamma_dose_rate,uSv/h,6.534124107138788e-06,0.760400287722788,441,441,1.0,True,True,highest_radiation_equivalent_priority,radiation_priority
144,144,RADIATION,10,27,522920.9204974669,5696584.290406497,0.0,0.0005371086274252358,False,0.12632667742388615,ground_equivalent_excess_gamma_dose_rate,uSv/h,6.785114831833401e-06,1.7123484108536584,441,441,1.0,False,False,lower_radiation_equivalent_priority,radiation_priority
144,144,RADIATION,10,28,522940.9204974669,5696584.290406497,0.0009707776498838608,0.0005371086274252358,True,0.13194622026200076,ground_equivalent_excess_gamma_dose_rate,uSv/h,7.086945325887106e-06,1.4020889178110396,441,441,1.0,True,False,lower_radiation_equivalent_priority,radiation_priority
144,144,RADIATION,10,29,522960.9204974669,5696584.290406497,0.001319781527887168,0.0005371086274252358,True,0.13371871609825126,ground_equivalent_excess_gamma_dose_rate,uSv/h,7.182147606459652e-06,0.7725653740103371,441,441,1.0,True,False,lower_radiation_equivalent_priority,radiation_priority
144,144,RADIATION,11,27,522920.9204974669,5696604.290406497,0.0003492077597571313,0.0005371086274252358,False,0.13143525320108287,ground_equivalent_excess_gamma_dose_rate,uSv/h,7.059500844212196e-06,1.4516916867268965,441,441,1.0,False,False,lower_radiation_equivalent_priority,radiation_priority
144,144,RADIATION,11,29,522960.9204974669,5696604.290406497,0.0015959264866441598,0.0005371086274252358,True,0.13371871609825126,ground_equivalent_excess_gamma_dose_rate,uSv/h,7.182147606459652e-06,0.8782152115852799,441,441,1.0,True,True,highest_radiation_equivalent_priority,radiation_priority
144,144,RADIATION,12,27,522920.9204974669,5696624.290406497,0.0010468412656207814,0.0005371086274252358,True,0.13371871609825126,ground_equivalent_excess_gamma_dose_rate,uSv/h,7.182147606459652e-06,0.7493136449466411,441,441,1.0,True,False,lower_radiation_equivalent_priority,radiation_priority
144,144,RADIATION,12,28,522940.9204974669,5696624.290406497,0.0010464485581441199,0.0005371086274252358,True,0.13371871609825126,ground_equivalent_excess_gamma_dose_rate,uSv/h,7.182147606459652e-06,0.8507922999027678,441,441,1.0,True,False,lower_radiation_equivalent_priority,radiation_priority
144,144,RADIATION,12,29,522960.9204974669,5696624.290406497,0.0010461803502707654,0.0005371086274252358,True,0.13371871609825126,ground_equivalent_excess_gamma_dose_rate,uSv/h,7.182147606459652e-06,0.6657300953090272,441,441,1.0,True,False,lower_radiation_equivalent_priority,radiation_priority
145,145,RADIATION,10,28,522940.9204974669,5696584.290406497,0.0003477583114913124,0.0005371086274252358,False,0.13873602995606257,ground_equivalent_excess_gamma_dose_rate,uSv/h,7.4516318624127165e-06,1.5001309216958347,441,441,1.0,False,False,lower_radiation_equivalent_priority,radiation_priority
145,145,RADIATION,10,29,522960.9204974669,5696584.290406497,0.0006967621894946195,0.0005371086274252358,True,0.1450161149333877,ground_equivalent_excess_gamma_dose_rate,uSv/h,7.78894064464121e-06,1.4074522118571475,441,441,1.0,True,False,lower_radiation_equivalent_priority,radiation_priority
145,145,RADIATION,10,30,522980.9204974669,5696584.290406497,0.0010456839476643755,0.0005371086274252358,True,0.1469982454455851,ground_equivalent_excess_gamma_dose_rate,uSv/h,7.895402584519613e-06,0.7746997404309569,441,441,1.0,True,False,lower_radiation_equivalent_priority,radiation_priority
145,145,RADIATION,11,28,522940.9204974669,5696604.290406497,0.0,0.0005371086274252358,False,0.13996297123146964,ground_equivalent_excess_gamma_dose_rate,uSv/h,7.517531936849242e-06,1.6689529328520907,441,441,1.0,False,False,lower_radiation_equivalent_priority,radiation_priority
145,145,RADIATION,11,30,522980.9204974669,5696604.290406497,0.0013217937363869498,0.0005371086274252358,True,0.1469982454455851,ground_equivalent_excess_gamma_dose_rate,uSv/h,7.895402584519613e-06,0.9585123796111451,441,441,1.0,True,True,highest_radiation_equivalent_priority,radiation_priority
145,145,RADIATION,12,28,522940.9204974669,5696624.290406497,0.0006973614130371896,0.0005371086274252358,True,0.14023440614005608,ground_equivalent_excess_gamma_dose_rate,uSv/h,7.532110939967858e-06,1.2888981551067071,441,441,1.0,True,False,lower_radiation_equivalent_priority,radiation_priority
145,145,RADIATION,12,29,522960.9204974669,5696624.290406497,0.0006970932051638351,0.0005371086274252358,True,0.1450161149333877,ground_equivalent_excess_gamma_dose_rate,uSv/h,7.78894064464121e-06,1.2888981551067071,441,441,1.0,True,False,lower_radiation_equivalent_priority,radiation_priority
145,145,RADIATION,12,30,522980.9204974669,5696624.290406497,0.0013204181075267463,0.0005371086274252358,True,0.1469982454455851,ground_equivalent_excess_gamma_dose_rate,uSv/h,7.895402584519613e-06,0.760400287722788,441,441,1.0,True,False,lower_radiation_equivalent_priority,radiation_priority
146,146,RADIATION,10,29,522960.9204974669,5696584.290406497,0.00034785259289501477,0.0005371086274252358,False,0.15282711211296915,ground_equivalent_excess_gamma_dose_rate,uSv/h,8.208476042035948e-06,1.5110646709955249,441,441,1.0,False,False,lower_radiation_equivalent_priority,radiation_priority
146,146,RADIATION,10,30,522980.9204974669,5696584.290406497,0.0006967743510647708,0.0005371086274252358,True,0.16006556125903734,ground_equivalent_excess_gamma_dose_rate,uSv/h,8.597259390589155e-06,1.4095865782777672,441,441,1.0,True,False,lower_radiation_equivalent_priority,radiation_priority
146,146,RADIATION,10,31,523000.920497467,5696584.290406497,0.0010455758855461767,0.0005371086274252358,True,0.16235822400064182,ground_equivalent_excess_gamma_dose_rate,uSv/h,8.72040028441837e-06,0.7746997404309569,441,441,1.0,True,False,lower_radiation_equivalent_priority,radiation_priority
146,146,RADIATION,11,29,522960.9204974669,5696604.290406497,0.0,0.0005371086274252358,False,0.15282711211296915,ground_equivalent_excess_gamma_dose_rate,uSv/h,8.208476042035948e-06,1.8351985390045131,441,441,1.0,False,False,lower_radiation_equivalent_priority,radiation_priority
146,146,RADIATION,11,31,523000.920497467,5696604.290406497,0.001321585785161231,0.0005371086274252358,True,0.16235822400064182,ground_equivalent_excess_gamma_dose_rate,uSv/h,8.72040028441837e-06,0.9585123796111451,441,441,1.0,True,False,lower_radiation_equivalent_priority,radiation_priority
146,146,RADIATION,12,29,522960.9204974669,5696624.290406497,0.000348024020154649,0.0005371086274252358,False,0.15282711211296912,ground_equivalent_excess_gamma_dose_rate,uSv/h,8.208476042035947e-06,1.4453408780889612,441,441,1.0,False,False,lower_radiation_equivalent_priority,radiation_priority
146,146,RADIATION,12,30,522980.9204974669,5696624.290406497,0.0009713489225175601,0.0005371086274252358,True,0.16006556125903734,ground_equivalent_excess_gamma_dose_rate,uSv/h,8.597259390589155e-06,1.3835683475204679,441,441,1.0,True,False,lower_radiation_equivalent_priority,radiation_priority
146,146,RADIATION,12,31,523000.920497467,5696624.290406497,0.0015948530734651288,0.0005371086274252358,True,0.16235822400064182,ground_equivalent_excess_gamma_dose_rate,uSv/h,8.72040028441837e-06,0.760400287722788,441,441,1.0,True,True,highest_radiation_equivalent_priority,radiation_priority
147,147,RADIATION,11,30,522980.9204974669,5696604.290406497,0.0,0.0005371086274252358,False,0.1692839654914012,ground_equivalent_excess_gamma_dose_rate,uSv/h,9.09238783501875e-06,1.7976058819792236,441,441,1.0,False,False,lower_radiation_equivalent_priority,radiation_priority
147,147,RADIATION,11,31,523000.920497467,5696604.290406497,0.0006982158831845705,0.0005371086274252358,True,0.1776852940792544,ground_equivalent_excess_gamma_dose_rate,uSv/h,9.54363044165577e-06,1.4020889178094846,441,441,1.0,True,False,lower_radiation_equivalent_priority,radiation_priority
147,147,RADIATION,11,32,523020.920497467,5696604.290406497,0.0010474544695784657,0.0005371086274252358,True,0.18032479483734637,ground_equivalent_excess_gamma_dose_rate,uSv/h,9.685400304582435e-06,0.7725653740119702,441,441,1.0,True,False,lower_radiation_equivalent_priority,radiation_priority
147,147,RADIATION,12,30,522980.9204974669,5696624.290406497,0.00034797902054089954,0.0005371086274252358,False,0.1769141898234833,ground_equivalent_excess_gamma_dose_rate,uSv/h,9.502213766813875e-06,1.4871867134406775,441,441,1.0,False,False,lower_radiation_equivalent_priority,radiation_priority
147,147,RADIATION,12,32,523020.920497467,5696624.290406497,0.0013210639922453923,0.0005371086274252358,True,0.18032479483734637,ground_equivalent_excess_gamma_dose_rate,uSv/h,9.685400304582435e-06,0.8782152115872867,441,441,1.0,True,True,highest_radiation_equivalent_priority,radiation_priority
147,147,RADIATION,13,30,522980.9204974669,5696644.290406497,0.0010419306255313242,0.0005371086274252358,True,0.18032479483734637,ground_equivalent_excess_gamma_dose_rate,uSv/h,9.685400304582435e-06,0.7493136449449611,441,441,1.0,True,False,lower_radiation_equivalent_priority,radiation_priority
147,147,RADIATION,13,31,523000.920497467,5696644.290406497,0.0010421404144205883,0.0005371086274252358,True,0.18032479483734637,ground_equivalent_excess_gamma_dose_rate,uSv/h,9.685400304582435e-06,0.8507922999024776,441,441,1.0,True,False,lower_radiation_equivalent_priority,radiation_priority
147,147,RADIATION,13,32,523020.920497467,5696644.290406497,0.0013164521630852353,0.0005371086274252358,True,0.18032479483734637,ground_equivalent_excess_gamma_dose_rate,uSv/h,9.685400304582435e-06,0.6657300953106303,441,441,1.0,True,False,lower_radiation_equivalent_priority,radiation_priority
148,148,RADIATION,11,31,523000.920497467,5696604.290406497,0.00034889082949982725,0.0005371086274252358,False,0.18836951396783222,ground_equivalent_excess_gamma_dose_rate,uSv/h,1.0117489109602114e-05,1.5001309216933836,441,441,1.0,False,False,lower_radiation_equivalent_priority,radiation_priority
148,148,RADIATION,11,32,523020.920497467,5696604.290406497,0.0006981294158937226,0.0005371086274252358,True,0.19822931231854798,ground_equivalent_excess_gamma_dose_rate,uSv/h,1.064706738548637e-05,1.407452211857069,441,441,1.0,True,False,lower_radiation_equivalent_priority,radiation_priority
148,148,RADIATION,11,33,523040.920497467,5696604.290406497,0.0010472644262203767,0.0005371086274252358,True,0.20137066290054823,ground_equivalent_excess_gamma_dose_rate,uSv/h,1.081579203542233e-05,0.774699740433475,441,441,1.0,True,False,lower_radiation_equivalent_priority,radiation_priority
148,148,RADIATION,12,31,523000.920497467,5696624.290406497,0.0,0.0005371086274252358,False,0.19023777713528217,ground_equivalent_excess_gamma_dose_rate,uSv/h,1.0217835136155931e-05,1.6689529328515365,441,441,1.0,False,False,lower_radiation_equivalent_priority,radiation_priority
148,148,RADIATION,12,33,523040.920497467,5696624.290406497,0.0013206358512753897,0.0005371086274252358,True,0.20137066290054823,ground_equivalent_excess_gamma_dose_rate,uSv/h,1.081579203542233e-05,0.9585123796142607,441,441,1.0,True,False,lower_radiation_equivalent_priority,radiation_priority
148,148,RADIATION,13,31,523000.920497467,5696644.290406497,0.0006939867611405303,0.0005371086274252358,True,0.19065109100142788,ground_equivalent_excess_gamma_dose_rate,uSv/h,1.0240034580490064e-05,1.2888981551066303,441,441,1.0,True,False,lower_radiation_equivalent_priority,radiation_priority
148,148,RADIATION,13,32,523020.920497467,5696644.290406497,0.0009682985098051773,0.0005371086274252358,True,0.19822931231854796,ground_equivalent_excess_gamma_dose_rate,uSv/h,1.0647067385486368e-05,1.2888981551066303,441,441,1.0,True,False,lower_radiation_equivalent_priority,radiation_priority
148,148,RADIATION,13,33,523040.920497467,5696644.290406497,0.0015911550967461123,0.0005371086274252358,True,0.20137066290054823,ground_equivalent_excess_gamma_dose_rate,uSv/h,1.081579203542233e-05,0.7604002877252596,441,441,1.0,True,True,highest_radiation_equivalent_priority,radiation_priority
149,149,RADIATION,12,32,523020.920497467,5696624.290406497,0.0,0.0005371086274252358,False,0.2103219309378249,ground_equivalent_excess_gamma_dose_rate,uSv/h,1.1296572364344036e-05,1.7123484108533258,441,441,1.0,False,False,lower_radiation_equivalent_priority,radiation_priority
149,149,RADIATION,12,33,523040.920497467,5696624.290406497,0.000698578140663225,0.0005371086274252358,True,0.22136238227257146,ground_equivalent_excess_gamma_dose_rate,uSv/h,1.188956453060012e-05,1.4020889178121672,441,441,1.0,True,False,lower_radiation_equivalent_priority,radiation_priority
149,149,RADIATION,12,34,523060.920497467,5696624.290406497,0.0010478547053837828,0.0005371086274252358,True,0.22480519020440531,ground_equivalent_excess_gamma_dose_rate,uSv/h,1.2074480714875719e-05,0.7725653740128388,441,441,1.0,True,False,lower_radiation_equivalent_priority,radiation_priority
149,149,RADIATION,13,32,523020.920497467,5696644.290406497,0.00034624079919301265,0.0005371086274252358,False,0.2203311896448477,ground_equivalent_excess_gamma_dose_rate,uSv/h,1.1834178284911349e-05,1.4516916867269074,441,441,1.0,False,False,lower_radiation_equivalent_priority,radiation_priority
149,149,RADIATION,13,34,523060.920497467,5696644.290406497,0.0013192994039150853,0.0005371086274252358,True,0.22480519020440531,ground_equivalent_excess_gamma_dose_rate,uSv/h,1.2074480714875719e-05,0.8782152115878107,441,441,1.0,True,True,highest_radiation_equivalent_priority,radiation_priority
149,149,RADIATION,14,32,523020.920497467,5696664.290406497,0.0010354912546177957,0.0005371086274252358,True,0.22480519020440531,ground_equivalent_excess_gamma_dose_rate,uSv/h,1.2074480714875719e-05,0.7493136449453711,441,441,1.0,True,False,lower_radiation_equivalent_priority,radiation_priority
149,149,RADIATION,14,33,523040.920497467,5696664.290406497,0.0010371304742748837,0.0005371086274252358,True,0.22480519020440531,ground_equivalent_excess_gamma_dose_rate,uSv/h,1.2074480714875719e-05,0.8507922999027714,441,441,1.0,True,False,lower_radiation_equivalent_priority,radiation_priority
149,149,RADIATION,14,34,523060.920497467,5696664.290406497,0.0010392202511493235,0.0005371086274252358,True,0.22480519020440531,ground_equivalent_excess_gamma_dose_rate,uSv/h,1.2074480714875719e-05,0.6657300953107743,441,441,1.0,True,False,lower_radiation_equivalent_priority,radiation_priority
150,150,RADIATION,12,33,523040.920497467,5696624.290406497,0.0003492969527423881,0.0005371086274252358,False,0.23620998166671783,ground_equivalent_excess_gamma_dose_rate,uSv/h,1.2687041903715094e-05,1.5001309216958318,441,441,1.0,False,False,lower_radiation_equivalent_priority,radiation_priority
150,150,RADIATION,12,34,523060.920497467,5696624.290406497,0.0006985735174629458,0.0005371086274252358,True,0.24987828252320127,ground_equivalent_excess_gamma_dose_rate,uSv/h,1.3421178134941193e-05,1.4074522118579376,441,441,1.0,True,False,lower_radiation_equivalent_priority,radiation_priority
150,150,RADIATION,12,35,523080.920497467,5696624.290406497,0.0010478104576281105,0.0005371086274252358,True,0.254277360757557,ground_equivalent_excess_gamma_dose_rate,uSv/h,1.3657456422180297e-05,0.774699740433475,441,441,1.0,True,False,lower_radiation_equivalent_priority,radiation_priority
150,150,RADIATION,13,33,523040.920497467,5696644.290406497,0.0,0.0005371086274252358,False,0.2387123187715856,ground_equivalent_excess_gamma_dose_rate,uSv/h,1.282144458849017e-05,1.6689529328521162,441,441,1.0,False,False,lower_radiation_equivalent_priority,radiation_priority
150,150,RADIATION,13,35,523080.920497467,5696644.290406497,0.0013202899921467275,0.0005371086274252358,True,0.254277360757557,ground_equivalent_excess_gamma_dose_rate,uSv/h,1.3657456422180297e-05,0.9585123796142607,441,441,1.0,True,True,highest_radiation_equivalent_priority,radiation_priority
150,150,RADIATION,14,33,523040.920497467,5696664.290406497,0.0006900628096049944,0.0005371086274252358,True,0.2392659081380264,ground_equivalent_excess_gamma_dose_rate,uSv/h,1.2851178350966792e-05,1.2888981551067742,441,441,1.0,True,False,lower_radiation_equivalent_priority,radiation_priority
150,150,RADIATION,14,34,523060.920497467,5696664.290406497,0.0006921525864794344,0.0005371086274252358,True,0.24987828252320127,ground_equivalent_excess_gamma_dose_rate,uSv/h,1.3421178134941193e-05,1.2888981551067742,441,441,1.0,True,False,lower_radiation_equivalent_priority,radiation_priority
150,150,RADIATION,14,35,523080.920497467,5696664.290406497,0.0013146327723673646,0.0005371086274252358,True,0.254277360757557,ground_equivalent_excess_gamma_dose_rate,uSv/h,1.3657456422180297e-05,0.7604002877252596,441,441,1.0,True,False,lower_radiation_equivalent_priority,radiation_priority
151,151,RADIATION,12,34,523060.920497467,5696624.290406497,0.00034923900848612987,0.0005371086274252358,False,0.26791697559794886,ground_equivalent_excess_gamma_dose_rate,uSv/h,1.439005190273347e-05,1.5110646709955193,441,441,1.0,False,False,lower_radiation_equivalent_priority,radiation_priority
151,151,RADIATION,12,35,523080.920497467,5696624.290406497,0.0006984759486512944,0.0005371086274252358,True,0.2846067924761191,ground_equivalent_excess_gamma_dose_rate,uSv/h,1.5286476366274723e-05,1.4095865782785737,441,441,1.0,True,False,lower_radiation_equivalent_priority,radiation_priority
151,151,RADIATION,12,36,523100.920497467,5696624.290406497,0.0013220101977231469,0.0005371086274252358,True,0.289928096335934,ground_equivalent_excess_gamma_dose_rate,uSv/h,1.5572288187500505e-05,0.774699740433475,441,441,1.0,True,False,lower_radiation_equivalent_priority,radiation_priority
151,151,RADIATION,13,34,523060.920497467,5696644.290406497,0.0,0.0005371086274252358,False,0.26791697559794886,ground_equivalent_excess_gamma_dose_rate,uSv/h,1.439005190273347e-05,1.8351985390045278,441,441,1.0,False,False,lower_radiation_equivalent_priority,radiation_priority
151,151,RADIATION,13,36,523100.920497467,5696644.290406497,0.0015946531213859476,0.0005371086274252358,True,0.289928096335934,ground_equivalent_excess_gamma_dose_rate,uSv/h,1.5572288187500505e-05,0.9585123796142607,441,441,1.0,True,False,lower_radiation_equivalent_priority,radiation_priority
151,151,RADIATION,14,34,523060.920497467,5696664.290406497,0.0003445670052861835,0.0005371086274252358,False,0.26791697559794886,ground_equivalent_excess_gamma_dose_rate,uSv/h,1.439005190273347e-05,1.4453408780889299,441,441,1.0,False,False,lower_radiation_equivalent_priority,radiation_priority
151,151,RADIATION,14,35,523080.920497467,5696664.290406497,0.0009670471911741136,0.0005371086274252358,True,0.2846067924761191,ground_equivalent_excess_gamma_dose_rate,uSv/h,1.5286476366274723e-05,1.3835683475212595,441,441,1.0,True,False,lower_radiation_equivalent_priority,radiation_priority
151,151,RADIATION,14,36,523100.920497467,5696664.290406497,0.0018625410181992079,0.0005371086274252358,True,0.289928096335934,ground_equivalent_excess_gamma_dose_rate,uSv/h,1.5572288187500505e-05,0.7604002877252596,441,441,1.0,True,True,highest_radiation_equivalent_priority,radiation_priority
152,152,RADIATION,13,35,523080.920497467,5696644.290406497,0.0,0.0005371086274252358,False,0.3038306889623398,ground_equivalent_excess_gamma_dose_rate,uSv/h,1.6319008431822607e-05,1.7976058819802219,441,441,1.0,False,False,lower_radiation_equivalent_priority,radiation_priority
152,152,RADIATION,13,36,523100.920497467,5696644.290406497,0.0009730257497260711,0.0005371086274252358,True,0.32143003592271746,ground_equivalent_excess_gamma_dose_rate,uSv/h,1.72642845407695e-05,1.4020889178121672,441,441,1.0,True,False,lower_radiation_equivalent_priority,radiation_priority
152,152,RADIATION,13,37,523120.920497467,5696644.290406497,0.0015967332526661184,0.0005371086274252358,True,0.32685503841796576,ground_equivalent_excess_gamma_dose_rate,uSv/h,1.7555666105169632e-05,0.7725653740128388,441,441,1.0,True,False,lower_radiation_equivalent_priority,radiation_priority
152,152,RADIATION,14,35,523080.920497467,5696664.290406497,0.00034541981951423704,0.0005371086274252358,False,0.31974262328737335,ground_equivalent_excess_gamma_dose_rate,uSv/h,1.7173652152322535e-05,1.4871867134416719,441,441,1.0,False,False,lower_radiation_equivalent_priority,radiation_priority
152,152,RADIATION,14,37,523120.920497467,5696664.290406497,0.0018668639751952816,0.0005371086274252358,True,0.32685503841796576,ground_equivalent_excess_gamma_dose_rate,uSv/h,1.7555666105169632e-05,0.8782152115878107,441,441,1.0,True,True,highest_radiation_equivalent_priority,radiation_priority
152,152,RADIATION,15,35,523080.920497467,5696684.290406497,0.001032214747430467,0.0005371086274252358,True,0.32685503841796576,ground_equivalent_excess_gamma_dose_rate,uSv/h,1.7555666105169632e-05,0.7493136449453711,441,441,1.0,True,False,lower_radiation_equivalent_priority,radiation_priority
152,152,RADIATION,15,36,523100.920497467,5696684.290406497,0.0015789647260373652,0.0005371086274252358,True,0.32685503841796576,ground_equivalent_excess_gamma_dose_rate,uSv/h,1.7555666105169632e-05,0.8507922999027714,441,441,1.0,True,False,lower_radiation_equivalent_priority,radiation_priority
152,152,RADIATION,15,37,523120.920497467,5696684.290406497,0.001586333286404187,0.0005371086274252358,True,0.32685503841796576,ground_equivalent_excess_gamma_dose_rate,uSv/h,1.7555666105169632e-05,0.6657300953107743,441,441,1.0,True,False,lower_radiation_equivalent_priority,radiation_priority
153,153,RADIATION,13,36,523100.920497467,5696644.290406497,0.00034934154892306567,0.0005371086274252358,False,0.34731145988014145,ground_equivalent_excess_gamma_dose_rate,uSv/h,1.865439815052776e-05,1.5001309216958318,441,441,1.0,False,False,lower_radiation_equivalent_priority,radiation_priority
153,153,RADIATION,13,37,523120.920497467,5696644.290406497,0.0009730490518631128,0.0005371086274252358,True,0.3710511849021752,ground_equivalent_excess_gamma_dose_rate,uSv/h,1.992947926273147e-05,1.4074522118579376,441,441,1.0,True,False,lower_radiation_equivalent_priority,radiation_priority
153,153,RADIATION,13,38,523140.920497467,5696644.290406497,0.0013220461040180445,0.0005371086274252358,True,0.3788054061832629,ground_equivalent_excess_gamma_dose_rate,uSv/h,2.0345965177635127e-05,0.774699740433475,441,441,1.0,True,False,lower_radiation_equivalent_priority,radiation_priority
153,153,RADIATION,14,36,523100.920497467,5696664.290406497,0.0,0.0005371086274252358,False,0.351433024964767,ground_equivalent_excess_gamma_dose_rate,uSv/h,1.8875770967072465e-05,1.6689529328521162,441,441,1.0,False,False,lower_radiation_equivalent_priority,radiation_priority
153,153,RADIATION,14,38,523140.920497467,5696664.290406497,0.0013199885667766198,0.0005371086274252358,True,0.3788054061832629,ground_equivalent_excess_gamma_dose_rate,uSv/h,2.0345965177635127e-05,0.9585123796142607,441,441,1.0,True,False,lower_radiation_equivalent_priority,radiation_priority
153,153,RADIATION,15,36,523100.920497467,5696684.290406497,0.000958982609147889,0.0005371086274252358,True,0.35234483440862807,ground_equivalent_excess_gamma_dose_rate,uSv/h,1.892474503895902e-05,1.2888981551067742,441,441,1.0,True,False,lower_radiation_equivalent_priority,radiation_priority
153,153,RADIATION,15,37,523120.920497467,5696684.290406497,0.0009663511695147105,0.0005371086274252358,True,0.3710511849021752,ground_equivalent_excess_gamma_dose_rate,uSv/h,1.992947926273147e-05,1.2888981551067742,441,441,1.0,True,False,lower_radiation_equivalent_priority,radiation_priority
153,153,RADIATION,15,38,523140.920497467,5696684.290406497,0.0015901803851879014,0.0005371086274252358,True,0.3788054061832629,ground_equivalent_excess_gamma_dose_rate,uSv/h,2.0345965177635127e-05,0.7604002877252596,441,441,1.0,True,True,highest_radiation_equivalent_priority,radiation_priority
154,154,RADIATION,14,37,523120.920497467,5696664.290406497,0.0,0.0005371086274252358,False,0.3961541575370601,ground_equivalent_excess_gamma_dose_rate,uSv/h,2.12777815803531e-05,1.7123484108537252,441,441,1.0,False,False,lower_radiation_equivalent_priority,radiation_priority
154,154,RADIATION,14,38,523140.920497467,5696664.290406497,0.0006985974586678705,0.0005371086274252358,True,0.419254103590054,ground_equivalent_excess_gamma_dose_rate,uSv/h,2.2518499612165153e-05,1.4020889178121672,441,441,1.0,True,False,lower_radiation_equivalent_priority,radiation_priority
154,154,RADIATION,14,39,523160.920497467,5696664.290406497,0.0010478962714362433,0.0005371086274252358,True,0.42621984243787553,ground_equivalent_excess_gamma_dose_rate,uSv/h,2.289263545532076e-05,0.7725653740128388,441,441,1.0,True,False,lower_radiation_equivalent_priority,radiation_priority
154,154,RADIATION,15,37,523120.920497467,5696684.290406497,0.0003449600614059614,0.0005371086274252358,False,0.4169322995862388,ground_equivalent_excess_gamma_dose_rate,uSv/h,2.2393793516001192e-05,1.4516916867269074,441,441,1.0,False,False,lower_radiation_equivalent_priority,radiation_priority
154,154,RADIATION,15,39,523160.920497467,5696684.290406497,0.001319988785687658,0.0005371086274252358,True,0.42621984243787553,ground_equivalent_excess_gamma_dose_rate,uSv/h,2.289263545532076e-05,0.8782152115878107,441,441,1.0,True,True,highest_radiation_equivalent_priority,radiation_priority
154,154,RADIATION,16,37,523120.920497467,5696704.290406497,0.0013003406288161082,0.0005371086274252358,True,0.42621984243787553,ground_equivalent_excess_gamma_dose_rate,uSv/h,2.289263545532076e-05,0.7493136449453711,441,441,1.0,True,False,lower_radiation_equivalent_priority,radiation_priority
154,154,RADIATION,16,38,523140.920497467,5696704.290406497,0.001036035069620737,0.0005371086274252358,True,0.42621984243787553,ground_equivalent_excess_gamma_dose_rate,uSv/h,2.289263545532076e-05,0.8507922999027714,441,441,1.0,True,False,lower_radiation_equivalent_priority,radiation_priority
154,154,RADIATION,16,39,523160.920497467,5696704.290406497,0.0010410608536303842,0.0005371086274252358,True,0.42621984243787553,ground_equivalent_excess_gamma_dose_rate,uSv/h,2.289263545532076e-05,0.6657300953107743,441,441,1.0,True,False,lower_radiation_equivalent_priority,radiation_priority
155,155,RADIATION,14,38,523140.920497467,5696664.290406497,0.0003493441969491794,0.0005371086274252358,False,0.4567399861237711,ground_equivalent_excess_gamma_dose_rate,uSv/h,2.453189870371599e-05,1.5001309216958318,441,441,1.0,False,False,lower_radiation_equivalent_priority,radiation_priority
155,155,RADIATION,14,39,523160.920497467,5696664.290406497,0.0006986430097175522,0.0005371086274252358,True,0.4909908028127119,ground_equivalent_excess_gamma_dose_rate,uSv/h,2.637153961771503e-05,1.4074522118579376,441,441,1.0,True,False,lower_radiation_equivalent_priority,radiation_priority
155,155,RADIATION,14,40,523180.920497467,5696664.290406497,0.0010476774493328872,0.0005371086274252358,True,0.5023548786267535,ground_equivalent_excess_gamma_dose_rate,uSv/h,2.698191393395865e-05,0.774699740433475,441,441,1.0,True,False,lower_radiation_equivalent_priority,radiation_priority
155,155,RADIATION,15,38,523140.920497467,5696684.290406497,0.0,0.0005371086274252358,False,0.462337644116062,ground_equivalent_excess_gamma_dose_rate,uSv/h,2.483255374381952e-05,1.6689529328521162,441,441,1.0,False,False,lower_radiation_equivalent_priority,radiation_priority
155,155,RADIATION,15,40,523180.920497467,5696684.290406497,0.0013214101867504982,0.0005371086274252358,True,0.5023548786267535,ground_equivalent_excess_gamma_dose_rate,uSv/h,2.698191393395865e-05,0.9585123796142607,441,441,1.0,True,True,highest_radiation_equivalent_priority,radiation_priority
155,155,RADIATION,16,38,523140.920497467,5696704.290406497,0.0006886694476284305,0.0005371086274252358,True,0.4635760080181423,ground_equivalent_excess_gamma_dose_rate,uSv/h,2.489906733738945e-05,1.2888981551067742,441,441,1.0,True,False,lower_radiation_equivalent_priority,radiation_priority
155,155,RADIATION,16,39,523160.920497467,5696704.290406497,0.0006936952316380779,0.0005371086274252358,True,0.4909908028127119,ground_equivalent_excess_gamma_dose_rate,uSv/h,2.637153961771503e-05,1.2888981551067742,441,441,1.0,True,False,lower_radiation_equivalent_priority,radiation_priority
155,155,RADIATION,16,40,523180.920497467,5696704.290406497,0.0010440762018181769,0.0005371086274252358,True,0.5023548786267535,ground_equivalent_excess_gamma_dose_rate,uSv/h,2.698191393395865e-05,0.7604002877252596,441,441,1.0,True,False,lower_radiation_equivalent_priority,radiation_priority
156,156,RADIATION,14,39,523160.920497467,5696664.290406497,0.0003492969527423881,0.0005371086274252358,False,0.5400283620060233,ground_equivalent_excess_gamma_dose_rate,uSv/h,2.9005389228775354e-05,1.5110646709955193,441,441,1.0,False,False,lower_radiation_equivalent_priority,radiation_priority
156,156,RADIATION,14,40,523180.920497467,5696664.290406497,0.0006983313923577231,0.0005371086274252358,True,0.5853102872287117,ground_equivalent_excess_gamma_dose_rate,uSv/h,3.143752049912839e-05,1.4095865782785737,441,441,1.0,True,False,lower_radiation_equivalent_priority,radiation_priority
156,156,RADIATION,14,41,523200.920497467,5696664.290406497,0.001046855286161634,0.0005371086274252358,True,0.5998648275208718,ground_equivalent_excess_gamma_dose_rate,uSv/h,3.2219257415041124e-05,0.774699740433475,441,441,1.0,True,False,lower_radiation_equivalent_priority,radiation_priority
156,156,RADIATION,15,39,523160.920497467,5696684.290406497,0.0,0.0005371086274252358,False,0.5400283620060233,ground_equivalent_excess_gamma_dose_rate,uSv/h,2.9005389228775354e-05,1.8351985390045278,441,441,1.0,False,False,lower_radiation_equivalent_priority,radiation_priority
156,156,RADIATION,15,41,523200.920497467,5696684.290406497,0.001321919878369559,0.0005371086274252358,True,0.5998648275208718,ground_equivalent_excess_gamma_dose_rate,uSv/h,3.2219257415041124e-05,0.9585123796142607,441,441,1.0,True,True,highest_radiation_equivalent_priority,radiation_priority
156,156,RADIATION,16,39,523160.920497467,5696704.290406497,0.00034541981951423704,0.0005371086274252358,False,0.5400283620060233,ground_equivalent_excess_gamma_dose_rate,uSv/h,2.9005389228775354e-05,1.4453408780889299,441,441,1.0,False,False,lower_radiation_equivalent_priority,radiation_priority
156,156,RADIATION,16,40,523180.920497467,5696704.290406497,0.0006958007896943361,0.0005371086274252358,True,0.5853102872287118,ground_equivalent_excess_gamma_dose_rate,uSv/h,3.1437520499128394e-05,1.3835683475212595,441,441,1.0,True,False,lower_radiation_equivalent_priority,radiation_priority
156,156,RADIATION,16,41,523200.920497467,5696704.290406497,0.0010462298665238933,0.0005371086274252358,True,0.5998648275208718,ground_equivalent_excess_gamma_dose_rate,uSv/h,3.2219257415041124e-05,0.7604002877252596,441,441,1.0,True,False,lower_radiation_equivalent_priority,radiation_priority
157,157,RADIATION,14,40,523180.920497467,5696664.290406497,0.00034909238387159327,0.0005371086274252358,False,0.6491415740710093,ground_equivalent_excess_gamma_dose_rate,uSv/h,3.486595398539368e-05,1.5129541656421173,441,441,1.0,False,False,lower_radiation_equivalent_priority,radiation_priority
157,157,RADIATION,14,41,523200.920497467,5696664.290406497,0.0006976162776755042,0.0005371086274252358,True,0.7080487167700467,ground_equivalent_excess_gamma_dose_rate,uSv/h,3.8029907441455926e-05,1.4095865782785737,441,441,1.0,True,False,lower_radiation_equivalent_priority,radiation_priority
157,157,RADIATION,14,42,523220.920497467,5696664.290406497,0.0010453739543533312,0.0005371086274252358,True,0.7270295982047326,ground_equivalent_excess_gamma_dose_rate,uSv/h,3.904938695892646e-05,0.774699740433475,441,441,1.0,True,False,lower_radiation_equivalent_priority,radiation_priority
157,157,RADIATION,15,40,523180.920497467,5696684.290406497,0.0,0.0005371086274252358,False,0.6491415740710091,ground_equivalent_excess_gamma_dose_rate,uSv/h,3.486595398539368e-05,1.8719320813835547,441,441,1.0,False,False,lower_radiation_equivalent_priority,radiation_priority
157,157,RADIATION,15,42,523220.920497467,5696684.290406497,0.001321431454845316,0.0005371086274252358,True,0.7270295982047326,ground_equivalent_excess_gamma_dose_rate,uSv/h,3.904938695892646e-05,0.9585123796142607,441,441,1.0,True,True,highest_radiation_equivalent_priority,radiation_priority
157,157,RADIATION,16,40,523180.920497467,5696704.290406497,0.0003468761312459282,0.0005371086274252358,False,0.6491415740710091,ground_equivalent_excess_gamma_dose_rate,uSv/h,3.486595398539368e-05,1.4850279699663687,441,441,1.0,False,False,lower_radiation_equivalent_priority,radiation_priority
157,157,RADIATION,16,41,523200.920497467,5696704.290406497,0.0006973052080754855,0.0005371086274252358,True,0.7080487167700467,ground_equivalent_excess_gamma_dose_rate,uSv/h,3.8029907441455926e-05,1.3835683475212595,441,441,1.0,True,False,lower_radiation_equivalent_priority,radiation_priority
157,157,RADIATION,16,42,523220.920497467,5696704.290406497,0.0010474329996673008,0.0005371086274252358,True,0.7270295982047326,ground_equivalent_excess_gamma_dose_rate,uSv/h,3.904938695892646e-05,0.7604002877252596,441,441,1.0,True,False,lower_radiation_equivalent_priority,radiation_priority
158,158,RADIATION,14,41,523200.920497467,5696664.290406497,0.0003487066810758994,0.0005371086274252358,False,0.7927733489768415,ground_equivalent_excess_gamma_dose_rate,uSv/h,4.258054053282588e-05,1.5129541656421173,441,441,1.0,False,False,lower_radiation_equivalent_priority,radiation_priority
158,158,RADIATION,14,42,523220.920497467,5696664.290406497,0.0006964643577537265,0.0005371086274252358,True,0.8709116578369492,ground_equivalent_excess_gamma_dose_rate,uSv/h,4.677741651494404e-05,1.4095865782785737,441,441,1.0,True,False,lower_radiation_equivalent_priority,radiation_priority
158,158,RADIATION,14,43,523240.920497467,5696664.290406497,0.0010431974492408566,0.0005371086274252358,True,0.8961557892266732,ground_equivalent_excess_gamma_dose_rate,uSv/h,4.8133300591071736e-05,0.774699740433475,441,441,1.0,True,False,lower_radiation_equivalent_priority,radiation_priority
158,158,RADIATION,15,41,523200.920497467,5696684.290406497,0.0,0.0005371086274252358,False,0.7927733489768415,ground_equivalent_excess_gamma_dose_rate,uSv/h,4.258054053282588e-05,1.8719320813835547,441,441,1.0,False,False,lower_radiation_equivalent_priority,radiation_priority
158,158,RADIATION,15,43,523240.920497467,5696684.290406497,0.0013198933465676638,0.0005371086274252358,True,0.8961557892266732,ground_equivalent_excess_gamma_dose_rate,uSv/h,4.8133300591071736e-05,0.9585123796142607,441,441,1.0,True,False,lower_radiation_equivalent_priority,radiation_priority
158,158,RADIATION,16,41,523200.920497467,5696704.290406497,0.00034802402015464857,0.0005371086274252358,False,0.7927733489768415,ground_equivalent_excess_gamma_dose_rate,uSv/h,4.258054053282588e-05,1.4850279699663687,441,441,1.0,False,False,lower_radiation_equivalent_priority,radiation_priority
158,158,RADIATION,16,42,523220.920497467,5696704.290406497,0.000698151811746464,0.0005371086274252358,True,0.8709116578369492,ground_equivalent_excess_gamma_dose_rate,uSv/h,4.677741651494404e-05,1.3835683475212595,441,441,1.0,True,False,lower_radiation_equivalent_priority,radiation_priority
158,158,RADIATION,16,43,523240.920497467,5696704.290406497,0.0013218863092903446,0.0005371086274252358,True,0.8961557892266732,ground_equivalent_excess_gamma_dose_rate,uSv/h,4.8133300591071736e-05,0.7604002877252596,441,441,1.0,True,True,highest_radiation_equivalent_priority,radiation_priority
159,159,RADIATION,15,42,523220.920497467,5696684.290406497,0.0,0.0005371086274252358,False,0.9232759624361487,ground_equivalent_excess_gamma_dose_rate,uSv/h,4.9589948491879346e-05,1.7976058819802219,441,441,1.0,False,False,lower_radiation_equivalent_priority,radiation_priority
159,159,RADIATION,15,43,523240.920497467,5696684.290406497,0.0009705682928829206,0.0005371086274252358,True,0.9727943329787175,ground_equivalent_excess_gamma_dose_rate,uSv/h,5.2249622895324676e-05,1.4020889178121672,441,441,1.0,True,False,lower_radiation_equivalent_priority,radiation_priority
159,159,RADIATION,15,44,523260.920497467,5696684.290406497,0.0013173517768873633,0.0005371086274252358,True,0.9859923867030498,ground_equivalent_excess_gamma_dose_rate,uSv/h,5.295850174738074e-05,0.7725653740128388,441,441,1.0,True,False,lower_radiation_equivalent_priority,radiation_priority
159,159,RADIATION,16,42,523220.920497467,5696704.290406497,0.00034882675806172087,0.0005371086274252358,False,0.9666187559408758,ground_equivalent_excess_gamma_dose_rate,uSv/h,5.1917927324689284e-05,1.4871867134416719,441,441,1.0,False,False,lower_radiation_equivalent_priority,radiation_priority
159,159,RADIATION,16,44,523260.920497467,5696704.290406497,0.0015937763123712947,0.0005371086274252358,True,0.9859923867030498,ground_equivalent_excess_gamma_dose_rate,uSv/h,5.295850174738074e-05,0.8782152115878107,441,441,1.0,True,True,highest_radiation_equivalent_priority,radiation_priority
159,159,RADIATION,17,42,523220.920497467,5696724.290406497,0.0010447838907042869,0.0005371086274252358,True,0.9859923867030498,ground_equivalent_excess_gamma_dose_rate,uSv/h,5.295850174738074e-05,0.7493136449453711,441,441,1.0,True,False,lower_radiation_equivalent_priority,radiation_priority
159,159,RADIATION,17,43,523240.920497467,5696724.290406497,0.0010469785698081849,0.0005371086274252358,True,0.9859923867030498,ground_equivalent_excess_gamma_dose_rate,uSv/h,5.295850174738074e-05,0.8507922999027714,441,441,1.0,True,False,lower_radiation_equivalent_priority,radiation_priority
159,159,RADIATION,17,44,523260.920497467,5696724.290406497,0.0010476210169875098,0.0005371086274252358,True,0.9859923867030498,ground_equivalent_excess_gamma_dose_rate,uSv/h,5.295850174738074e-05,0.6657300953107743,441,441,1.0,True,False,lower_radiation_equivalent_priority,radiation_priority
160,160,RADIATION,15,43,523240.920497467,5696684.290406497,0.0003483426635396448,0.0005371086274252358,False,1.085010681278274,ground_equivalent_excess_gamma_dose_rate,uSv/h,5.827685977630938e-05,1.5001309216958318,441,441,1.0,False,False,lower_radiation_equivalent_priority,radiation_priority
160,160,RADIATION,15,44,523260.920497467,5696684.290406497,0.0006951261475440875,0.0005371086274252358,True,1.1864001558965738,ground_equivalent_excess_gamma_dose_rate,uSv/h,6.372257593106946e-05,1.4074522118579376,441,441,1.0,True,False,lower_radiation_equivalent_priority,radiation_priority
160,160,RADIATION,15,45,523280.920497467,5696684.290406497,0.0010405337952236267,0.0005371086274252358,True,1.221561732468209,ground_equivalent_excess_gamma_dose_rate,uSv/h,6.561113454411929e-05,0.774699740433475,441,441,1.0,True,False,lower_radiation_equivalent_priority,radiation_priority
160,160,RADIATION,16,43,523240.920497467,5696704.290406497,0.0,0.0005371086274252358,False,1.0985752003490492,ground_equivalent_excess_gamma_dose_rate,uSv/h,5.900542179828812e-05,1.6689529328521162,441,441,1.0,False,False,lower_radiation_equivalent_priority,radiation_priority
160,160,RADIATION,16,45,523280.920497467,5696704.290406497,0.0013172000845096071,0.0005371086274252358,True,1.221561732468209,ground_equivalent_excess_gamma_dose_rate,uSv/h,6.561113454411929e-05,0.9585123796142607,441,441,1.0,True,False,lower_radiation_equivalent_priority,radiation_priority
160,160,RADIATION,17,43,523240.920497467,5696724.290406497,0.0006976535161234417,0.0005371086274252358,True,1.1015760644228212,ground_equivalent_excess_gamma_dose_rate,uSv/h,5.9166600796663466e-05,1.2888981551067742,441,441,1.0,True,False,lower_radiation_equivalent_priority,radiation_priority
160,160,RADIATION,17,44,523260.920497467,5696724.290406497,0.0006982959633027666,0.0005371086274252358,True,1.1864001558965738,ground_equivalent_excess_gamma_dose_rate,uSv/h,6.372257593106946e-05,1.2888981551067742,441,441,1.0,True,False,lower_radiation_equivalent_priority,radiation_priority
160,160,RADIATION,17,45,523280.920497467,5696724.290406497,0.0013203587243920502,0.0005371086274252358,True,1.221561732468209,ground_equivalent_excess_gamma_dose_rate,uSv/h,6.561113454411929e-05,0.7604002877252596,441,441,1.0,True,True,highest_radiation_equivalent_priority,radiation_priority
161,161,RADIATION,16,44,523260.920497467,5696704.290406497,0.0,0.0005371086274252358,False,1.2062767328244592,ground_equivalent_excess_gamma_dose_rate,uSv/h,6.479016402623431e-05,1.7123484108537252,441,441,1.0,False,False,lower_radiation_equivalent_priority,radiation_priority
161,161,RADIATION,16,45,523280.920497467,5696704.290406497,0.0009681853091276773,0.0005371086274252358,True,1.2288309496351757,ground_equivalent_excess_gamma_dose_rate,uSv/h,6.600157046961983e-05,1.4020889178121672,441,441,1.0,True,False,lower_radiation_equivalent_priority,radiation_priority
161,161,RADIATION,16,46,523300.920497467,5696704.290406497,0.0013133670615687225,0.0005371086274252358,True,1.2300827938640255,ground_equivalent_excess_gamma_dose_rate,uSv/h,6.60688081031706e-05,0.7725653740128388,441,441,1.0,True,False,lower_radiation_equivalent_priority,radiation_priority
161,161,RADIATION,17,44,523260.920497467,5696724.290406497,0.0003492811879208369,0.0005371086274252358,False,1.2227289014526919,ground_equivalent_excess_gamma_dose_rate,uSv/h,6.567382419724217e-05,1.4516916867269074,441,441,1.0,False,False,lower_radiation_equivalent_priority,radiation_priority
161,161,RADIATION,17,46,523300.920497467,5696724.290406497,0.0015897217139231971,0.0005371086274252358,True,1.2300827938640255,ground_equivalent_excess_gamma_dose_rate,uSv/h,6.60688081031706e-05,0.8782152115878107,441,441,1.0,True,True,highest_radiation_equivalent_priority,radiation_priority
161,161,RADIATION,18,44,523260.920497467,5696744.290406497,0.0010470326044309656,0.0005371086274252358,True,1.2300827938640255,ground_equivalent_excess_gamma_dose_rate,uSv/h,6.60688081031706e-05,0.7493136449453711,441,441,1.0,True,False,lower_radiation_equivalent_priority,radiation_priority
161,161,RADIATION,18,45,523280.920497467,5696744.290406497,0.0010475124664052781,0.0005371086274252358,True,1.2300827938640255,ground_equivalent_excess_gamma_dose_rate,uSv/h,6.60688081031706e-05,0.8507922999027714,441,441,1.0,True,False,lower_radiation_equivalent_priority,radiation_priority
161,161,RADIATION,18,46,523300.920497467,5696744.290406497,0.0013197944876108805,0.0005371086274252358,True,1.2300827938640255,ground_equivalent_excess_gamma_dose_rate,uSv/h,6.60688081031706e-05,0.6657300953107743,441,441,1.0,True,False,lower_radiation_equivalent_priority,radiation_priority
162,162,RADIATION,16,45,523280.920497467,5696704.290406497,0.00034759630552860934,0.0005371086274252358,False,1.3365503383301023,ground_equivalent_excess_gamma_dose_rate,uSv/h,7.178727177052157e-05,1.5001309216958318,441,441,1.0,False,False,lower_radiation_equivalent_priority,radiation_priority
162,162,RADIATION,16,46,523300.920497467,5696704.290406497,0.0006927780579696545,0.0005371086274252358,True,1.432172557834962,ground_equivalent_excess_gamma_dose_rate,uSv/h,7.692322367748255e-05,1.4074522118579376,441,441,1.0,True,False,lower_radiation_equivalent_priority,radiation_priority
162,162,RADIATION,16,47,523320.920497467,5696704.290406497,0.0013070971294823117,0.0005371086274252358,True,1.4676292406711753,ground_equivalent_excess_gamma_dose_rate,uSv/h,7.88276327026036e-05,0.774699740433475,441,441,1.0,True,False,lower_radiation_equivalent_priority,radiation_priority
162,162,RADIATION,17,45,523280.920497467,5696724.290406497,0.0,0.0005371086274252358,False,1.344809404961584,ground_equivalent_excess_gamma_dose_rate,uSv/h,7.223087336474644e-05,1.6689529328521162,441,441,1.0,False,False,lower_radiation_equivalent_priority,radiation_priority
162,162,RADIATION,17,47,523320.920497467,5696724.290406497,0.0015857800156648286,0.0005371086274252358,True,1.4676292406711753,ground_equivalent_excess_gamma_dose_rate,uSv/h,7.88276327026036e-05,0.9585123796142607,441,441,1.0,True,False,lower_radiation_equivalent_priority,radiation_priority
162,162,RADIATION,18,45,523280.920497467,5696744.290406497,0.0006986028698056732,0.0005371086274252358,True,1.3466365494558332,ground_equivalent_excess_gamma_dose_rate,uSv/h,7.232901087188783e-05,1.2888981551067742,441,441,1.0,True,False,lower_radiation_equivalent_priority,radiation_priority
162,162,RADIATION,18,46,523300.920497467,5696744.290406497,0.0009708848910112757,0.0005371086274252358,True,1.4321725578349622,ground_equivalent_excess_gamma_dose_rate,uSv/h,7.692322367748256e-05,1.2888981551067742,441,441,1.0,True,False,lower_radiation_equivalent_priority,radiation_priority
162,162,RADIATION,18,47,523320.920497467,5696744.290406497,0.001863918372098923,0.0005371086274252358,True,1.4676292406711753,ground_equivalent_excess_gamma_dose_rate,uSv/h,7.88276327026036e-05,0.7604002877252596,441,441,1.0,True,True,highest_radiation_equivalent_priority,radiation_priority
163,163,RADIATION,17,46,523300.920497467,5696724.290406497,0.0,0.0005371086274252358,False,1.4153130504105347,ground_equivalent_excess_gamma_dose_rate,uSv/h,7.601768498830258e-05,1.7123484108537252,441,441,1.0,False,False,lower_radiation_equivalent_priority,radiation_priority
163,163,RADIATION,17,47,523320.920497467,5696724.290406497,0.0009641341331396826,0.0005371086274252358,True,1.416460900183769,ground_equivalent_excess_gamma_dose_rate,uSv/h,7.607933698992181e-05,1.4020889178121672,441,441,1.0,True,True,highest_radiation_equivalent_priority,radiation_priority
163,163,RADIATION,17,48,523340.920497467,5696724.290406497,0.0015778764951149384,0.0005371086274252358,True,1.3825397365944345,ground_equivalent_excess_gamma_dose_rate,uSv/h,7.425740202830838e-05,0.7725653740128388,441,441,1.0,True,False,lower_radiation_equivalent_priority,radiation_priority
163,163,RADIATION,18,46,523300.920497467,5696744.290406497,0.00034923900848612987,0.0005371086274252358,False,1.3769798980413468,ground_equivalent_excess_gamma_dose_rate,uSv/h,7.39587783029129e-05,1.4516916867269074,441,441,1.0,False,False,lower_radiation_equivalent_priority,radiation_priority
163,163,RADIATION,18,48,523340.920497467,5696744.290406497,0.0015824950321893048,0.0005371086274252358,True,1.3210778717393281,ground_equivalent_excess_gamma_dose_rate,uSv/h,7.095623224117623e-05,0.8782152115878107,441,441,1.0,True,False,lower_radiation_equivalent_priority,radiation_priority
163,163,RADIATION,19,46,523300.920497467,5696764.290406497,0.0013223929349694733,0.0005371086274252358,True,1.3359821354183612,ground_equivalent_excess_gamma_dose_rate,uSv/h,7.175675310191915e-05,0.7493136449453711,441,441,1.0,True,False,lower_radiation_equivalent_priority,radiation_priority
163,163,RADIATION,19,47,523320.920497467,5696764.290406497,0.0013203765768910018,0.0005371086274252358,True,1.3187913471327766,ground_equivalent_excess_gamma_dose_rate,uSv/h,7.083342103187633e-05,0.8507922999027714,441,441,1.0,True,False,lower_radiation_equivalent_priority,radiation_priority
163,163,RADIATION,19,48,523340.920497467,5696764.290406497,0.001314750835026176,0.0005371086274252358,True,1.3006987035961102,ground_equivalent_excess_gamma_dose_rate,uSv/h,6.986164953822903e-05,0.6657300953107743,441,441,1.0,True,False,lower_radiation_equivalent_priority,radiation_priority
164,164,RADIATION,16,46,523300.920497467,5696704.290406497,0.0003464687448475087,0.0005371086274252358,False,1.561288255627508,ground_equivalent_excess_gamma_dose_rate,uSv/h,8.385813919952316e-05,1.5535028903772816,441,441,1.0,False,False,lower_radiation_equivalent_priority,radiation_priority
164,164,RADIATION,16,47,523320.920497467,5696704.290406497,0.0009607878163601659,0.0005371086274252358,True,1.6813415673024124,ground_equivalent_excess_gamma_dose_rate,uSv/h,9.030630614467935e-05,1.5189087832457209,441,441,1.0,True,False,lower_radiation_equivalent_priority,radiation_priority
164,164,RADIATION,16,48,523340.920497467,5696704.290406497,0.0015719874746506516,0.0005371086274252358,True,1.7188374306982583,ground_equivalent_excess_gamma_dose_rate,uSv/h,9.232024131694604e-05,0.8881854682970578,441,441,1.0,True,True,highest_radiation_equivalent_priority,radiation_priority
164,164,RADIATION,17,46,523300.920497467,5696724.290406497,0.0,0.0005371086274252358,False,1.5421828375467854,ground_equivalent_excess_gamma_dose_rate,uSv/h,8.283197071135093e-05,2.128264858505214,441,441,1.0,False,False,lower_radiation_equivalent_priority,radiation_priority
164,164,RADIATION,17,48,523340.920497467,5696724.290406497,0.0009600516750974017,0.0005371086274252358,True,1.6567003054019358,ground_equivalent_excess_gamma_dose_rate,uSv/h,8.898280270894027e-05,1.424057076789725,441,441,1.0,True,False,lower_radiation_equivalent_priority,radiation_priority
164,164,RADIATION,18,46,523300.920497467,5696744.290406497,0.00034923900848612987,0.0005371086274252358,False,1.4777939093482089,ground_equivalent_excess_gamma_dose_rate,uSv/h,7.937358582673898e-05,2.018455185366358,441,441,1.0,False,False,lower_radiation_equivalent_priority,radiation_priority
164,164,RADIATION,18,47,523320.920497467,5696744.290406497,0.0,0.0005371086274252358,False,1.5023510140212155,ground_equivalent_excess_gamma_dose_rate,uSv/h,8.069256910518463e-05,2.0524941423529075,441,441,1.0,False,False,lower_radiation_equivalent_priority,radiation_priority
164,164,RADIATION,18,48,523340.920497467,5696744.290406497,0.0009646702121717679,0.0005371086274252358,True,1.50536861128064,ground_equivalent_excess_gamma_dose_rate,uSv/h,8.085464685739779e-05,1.4194667136678363,441,441,1.0,True,False,lower_radiation_equivalent_priority,radiation_priority
165,165,RADIATION,15,47,523320.920497467,5696684.290406497,0.0010351577693001805,0.0005371086274252358,True,2.806666482532692,ground_equivalent_excess_gamma_dose_rate,uSv/h,0.00015074847820735487,0.7682836556136338,441,441,1.0,True,False,lower_radiation_equivalent_priority,radiation_priority
165,165,RADIATION,15,48,523340.920497467,5696684.290406497,0.0012970312648794941,0.0005371086274252358,True,2.806666482532692,ground_equivalent_excess_gamma_dose_rate,uSv/h,0.00015074847820735487,0.8691550289145615,441,441,1.0,True,False,lower_radiation_equivalent_priority,radiation_priority
165,165,RADIATION,15,49,523360.920497467,5696684.290406497,0.0010207858342044318,0.0005371086274252358,True,2.806666482532692,ground_equivalent_excess_gamma_dose_rate,uSv/h,0.00015074847820735487,0.6789775158475289,441,441,1.0,True,False,lower_radiation_equivalent_priority,radiation_priority
165,165,RADIATION,16,47,523320.920497467,5696704.290406497,0.00034507252611463605,0.0005371086274252358,False,2.611276717892355,ground_equivalent_excess_gamma_dose_rate,uSv/h,0.00014025392537746374,1.637591583676198,441,441,1.0,False,False,lower_radiation_equivalent_priority,radiation_priority
165,165,RADIATION,16,49,523360.920497467,5696704.290406497,0.001026856583664532,0.0005371086274252358,True,2.806666482532692,ground_equivalent_excess_gamma_dose_rate,uSv/h,0.00015074847820735487,0.8781631259542542,441,441,1.0,True,False,lower_radiation_equivalent_priority,radiation_priority
165,165,RADIATION,17,47,523320.920497467,5696724.290406497,0.0,0.0005371086274252358,False,2.116393728965822,ground_equivalent_excess_gamma_dose_rate,uSv/h,0.00011367333308562091,2.1774630329840337,441,441,1.0,False,False,lower_radiation_equivalent_priority,radiation_priority
165,165,RADIATION,17,48,523340.920497467,5696724.290406497,0.0003443363848518718,0.0005371086274252358,False,2.607455889670892,ground_equivalent_excess_gamma_dose_rate,uSv/h,0.00014004870539729798,1.6170337686913585,441,441,1.0,False,False,lower_radiation_equivalent_priority,radiation_priority
165,165,RADIATION,17,49,523360.920497467,5696724.290406497,0.0013036609363935247,0.0005371086274252358,True,2.806666482532692,ground_equivalent_excess_gamma_dose_rate,uSv/h,0.00015074847820735487,0.7824457440508481,441,441,1.0,True,True,highest_radiation_equivalent_priority,radiation_priority
166,166,RADIATION,16,48,523340.920497467,5696704.290406497,0.0,0.0005371086274252358,False,2.6974428387004816,ground_equivalent_excess_gamma_dose_rate,uSv/h,0.00014488198206524474,1.6147211154566012,441,441,1.0,False,False,lower_radiation_equivalent_priority,radiation_priority
166,166,RADIATION,16,49,523360.920497467,5696704.290406497,0.0006825201988126602,0.0005371086274252358,True,2.6797079809214535,ground_equivalent_excess_gamma_dose_rate,uSv/h,0.00014392942755331718,1.4173325818959468,441,441,1.0,True,True,highest_radiation_equivalent_priority,radiation_priority
166,166,RADIATION,16,50,523380.920497467,5696704.290406497,0.001019138669902439,0.0005371086274252358,True,2.451357026884379,ground_equivalent_excess_gamma_dose_rate,uSv/h,0.00013166450080390757,0.7725653740128388,441,441,1.0,True,False,lower_radiation_equivalent_priority,radiation_priority
166,166,RADIATION,17,48,523340.920497467,5696724.290406497,0.0,0.0005371086274252358,False,2.385278801214691,ground_equivalent_excess_gamma_dose_rate,uSv/h,0.00012811538229469345,1.7449273343757572,441,441,1.0,False,False,lower_radiation_equivalent_priority,radiation_priority
166,166,RADIATION,17,50,523380.920497467,5696724.290406497,0.0010248945359898852,0.0005371086274252358,True,2.1947098412913983,ground_equivalent_excess_gamma_dose_rate,uSv/h,0.000117879759045268,0.8782152115878107,441,441,1.0,True,False,lower_radiation_equivalent_priority,radiation_priority
166,166,RADIATION,18,48,523340.920497467,5696744.290406497,0.00034775831149131266,0.0005371086274252358,False,2.0301126210307667,ground_equivalent_excess_gamma_dose_rate,uSv/h,0.0001090391003400483,1.624305964998314,441,441,1.0,False,False,lower_radiation_equivalent_priority,radiation_priority
166,166,RADIATION,18,49,523360.920497467,5696744.290406497,0.00096228882254994,0.0005371086274252358,True,2.120473159336774,ground_equivalent_excess_gamma_dose_rate,uSv/h,0.00011389244281034281,0.9596171518507547,441,441,1.0,True,False,lower_radiation_equivalent_priority,radiation_priority
166,166,RADIATION,18,50,523380.920497467,5696744.290406497,0.0013008780408437666,0.0005371086274252358,True,2.109612258245178,ground_equivalent_excess_gamma_dose_rate,uSv/h,0.00011330909444255196,0.6657300953107743,441,441,1.0,True,False,lower_radiation_equivalent_priority,radiation_priority
167,167,RADIATION,15,48,523340.920497467,5696684.290406497,0.0009555048430644284,0.0005371086274252358,True,2.959454219392039,ground_equivalent_excess_gamma_dose_rate,uSv/h,0.00015895483937054805,1.4231865586597747,441,441,1.0,True,False,lower_radiation_equivalent_priority,radiation_priority
167,167,RADIATION,15,49,523360.920497467,5696684.290406497,0.0006792594123893661,0.0005371086274252358,True,3.0715814783882975,ground_equivalent_excess_gamma_dose_rate,uSv/h,0.00016497729118819152,1.4253689294635365,441,441,1.0,True,False,lower_radiation_equivalent_priority,radiation_priority
167,167,RADIATION,15,50,523380.920497467,5696684.290406497,0.0010141491702132192,0.0005371086274252358,True,3.11806085865003,ground_equivalent_excess_gamma_dose_rate,uSv/h,0.00016747373880178696,0.8881854682970578,441,441,1.0,True,True,highest_radiation_equivalent_priority,radiation_priority
167,167,RADIATION,16,48,523340.920497467,5696704.290406497,0.0,0.0005371086274252358,False,2.8752582204230666,ground_equivalent_excess_gamma_dose_rate,uSv/h,0.00015443259962645594,2.08955716182071,441,441,1.0,False,False,lower_radiation_equivalent_priority,radiation_priority
167,167,RADIATION,16,50,523380.920497467,5696704.290406497,0.0006781448929048447,0.0005371086274252358,True,2.9669422848828684,ground_equivalent_excess_gamma_dose_rate,uSv/h,0.00015935702982833305,1.424057076789725,441,441,1.0,True,False,lower_radiation_equivalent_priority,radiation_priority
167,167,RADIATION,17,48,523340.920497467,5696724.290406497,0.0,0.0005371086274252358,False,2.6021814152718656,ground_equivalent_excess_gamma_dose_rate,uSv/h,0.00013976540882681293,2.0405006416919464,441,441,1.0,False,False,lower_radiation_equivalent_priority,radiation_priority
167,167,RADIATION,17,49,523360.920497467,5696724.290406497,0.0,0.0005371086274252358,False,2.625034831628323,ground_equivalent_excess_gamma_dose_rate,uSv/h,0.00014099288553593234,2.06506892133636,441,441,1.0,False,False,lower_radiation_equivalent_priority,radiation_priority
167,167,RADIATION,17,50,523380.920497467,5696724.290406497,0.0006839007589922909,0.0005371086274252358,True,2.6155136575060554,ground_equivalent_excess_gamma_dose_rate,uSv/h,0.00014048149505950356,1.4194667136678363,441,441,1.0,True,False,lower_radiation_equivalent_priority,radiation_priority
168,168,RADIATION,14,49,523360.920497467,5696664.290406497,0.0015538556644448605,0.0005371086274252358,True,5.2296298387924836,ground_equivalent_excess_gamma_dose_rate,uSv/h,0.0002808879304655888,0.7682836556136338,441,441,1.0,True,True,highest_radiation_equivalent_priority,radiation_priority
168,168,RADIATION,14,50,523380.920497467,5696664.290406497,0.0010108744630002206,0.0005371086274252358,True,5.2296298387924836,ground_equivalent_excess_gamma_dose_rate,uSv/h,0.0002808879304655888,0.8691550289145615,441,441,1.0,True,False,lower_radiation_equivalent_priority,radiation_priority
168,168,RADIATION,14,51,523400.920497467,5696664.290406497,0.0010013231099839496,0.0005371086274252358,True,5.2296298387924836,ground_equivalent_excess_gamma_dose_rate,uSv/h,0.0002808879304655888,0.6789775158475289,441,441,1.0,True,False,lower_radiation_equivalent_priority,radiation_priority
168,168,RADIATION,15,49,523360.920497467,5696684.290406497,0.000339851190527784,0.0005371086274252358,False,4.854928669810054,ground_equivalent_excess_gamma_dose_rate,uSv/h,0.0002607624074089104,1.6057179538641917,441,441,1.0,False,False,lower_radiation_equivalent_priority,radiation_priority
168,168,RADIATION,15,51,523400.920497467,5696684.290406497,0.00100858294535759,0.0005371086274252358,True,5.2296298387924836,ground_equivalent_excess_gamma_dose_rate,uSv/h,0.0002808879304655888,0.8781631259542542,441,441,1.0,True,False,lower_radiation_equivalent_priority,radiation_priority
168,168,RADIATION,16,49,523360.920497467,5696704.290406497,0.0,0.0005371086274252358,False,3.887641092124674,ground_equivalent_excess_gamma_dose_rate,uSv/h,0.00020880855709130283,2.147005352692905,441,441,1.0,False,False,lower_radiation_equivalent_priority,radiation_priority
168,168,RADIATION,16,50,523380.920497467,5696704.290406497,0.0003387366710432625,0.0005371086274252358,False,4.837660633054619,ground_equivalent_excess_gamma_dose_rate,uSv/h,0.00025983492625690637,1.6170337686913585,441,441,1.0,False,False,lower_radiation_equivalent_priority,radiation_priority
168,168,RADIATION,16,51,523400.920497467,5696704.290406497,0.0010152438680478032,0.0005371086274252358,True,5.2296298387924836,ground_equivalent_excess_gamma_dose_rate,uSv/h,0.0002808879304655888,0.7824457440508481,441,441,1.0,True,False,lower_radiation_equivalent_priority,radiation_priority
169,169,RADIATION,13,48,523340.920497467,5696644.290406497,0.0012873307948852674,0.0005371086274252358,True,9.911891466955742,ground_equivalent_excess_gamma_dose_rate,uSv/h,0.0005323762421004506,0.6526858720967332,441,441,1.0,True,False,lower_radiation_equivalent_priority,radiation_priority
169,169,RADIATION,13,49,523360.920497467,5696644.290406497,0.0015429808542722612,0.0005371086274252358,True,9.911891466955742,ground_equivalent_excess_gamma_dose_rate,uSv/h,0.0005323762421004506,0.8691529940628875,441,441,1.0,True,True,highest_radiation_equivalent_priority,radiation_priority
169,169,RADIATION,13,50,523380.920497467,5696644.290406497,0.0010027474390752775,0.0005371086274252358,True,9.911891466955742,ground_equivalent_excess_gamma_dose_rate,uSv/h,0.0005323762421004506,0.768388630909724,441,441,1.0,True,False,lower_radiation_equivalent_priority,radiation_priority
169,169,RADIATION,14,48,523340.920497467,5696664.290406497,0.0009508864213752618,0.0005371086274252358,True,9.911891466955742,ground_equivalent_excess_gamma_dose_rate,uSv/h,0.0005323762421004506,0.9493435799902736,441,441,1.0,True,False,lower_radiation_equivalent_priority,radiation_priority
169,169,RADIATION,14,50,523380.920497467,5696664.290406497,0.0006710232724724365,0.0005371086274252358,True,9.245724445694842,ground_equivalent_excess_gamma_dose_rate,uSv/h,0.0004965958366579106,1.4151849952686313,441,441,1.0,True,False,lower_radiation_equivalent_priority,radiation_priority
169,169,RADIATION,15,48,523340.920497467,5696684.290406497,0.00034507252611463605,0.0005371086274252358,False,7.77035672439815,ground_equivalent_excess_gamma_dose_rate,uSv/h,0.0004173525634845941,1.6280258099902525,441,441,1.0,False,False,lower_radiation_equivalent_priority,radiation_priority
169,169,RADIATION,15,49,523360.920497467,5696684.290406497,0.0,0.0005371086274252358,False,7.829151934080031,ground_equivalent_excess_gamma_dose_rate,uSv/h,0.0004205105049217356,1.7372589983762023,441,441,1.0,False,False,lower_radiation_equivalent_priority,radiation_priority
169,169,RADIATION,15,50,523380.920497467,5696684.290406497,0.0,0.0005371086274252358,False,7.166538826076627,ground_equivalent_excess_gamma_dose_rate,uSv/h,0.0003849209832263678,1.6186703575866521,441,441,1.0,False,False,lower_radiation_equivalent_priority,radiation_priority
170,170,RADIATION,12,48,523340.920497467,5696624.290406497,0.0010141655789044778,0.0005371086274252358,True,25.6559577586993,ground_equivalent_excess_gamma_dose_rate,uSv/h,0.001378003625705481,0.744209042812246,441,441,1.0,True,False,lower_radiation_equivalent_priority,radiation_priority
170,170,RADIATION,12,49,523360.920497467,5696624.290406497,0.0012678619286582635,0.0005371086274252358,True,25.6559577586993,ground_equivalent_excess_gamma_dose_rate,uSv/h,0.001378003625705481,0.9469373790783804,441,441,1.0,True,True,highest_radiation_equivalent_priority,radiation_priority
170,170,RADIATION,12,50,523380.920497467,5696624.290406497,0.0009963659473182665,0.0005371086274252358,True,25.6559577586993,ground_equivalent_excess_gamma_dose_rate,uSv/h,0.001378003625705481,0.7725521538061596,441,441,1.0,True,False,lower_radiation_equivalent_priority,radiation_priority
170,170,RADIATION,13,48,523340.920497467,5696644.290406497,0.0006800608718480414,0.0005371086274252358,True,23.343198919249712,ground_equivalent_excess_gamma_dose_rate,uSv/h,0.001253783353123246,1.275853931892733,441,441,1.0,True,False,lower_radiation_equivalent_priority,radiation_priority
170,170,RADIATION,13,50,523380.920497467,5696644.290406497,0.0006670011313909619,0.0005371086274252358,True,23.34319891924971,ground_equivalent_excess_gamma_dose_rate,uSv/h,0.001253783353123246,1.4152899705647215,441,441,1.0,True,False,lower_radiation_equivalent_priority,radiation_priority
170,170,RADIATION,14,48,523340.920497467,5696664.290406497,0.0003436164983380357,0.0005371086274252358,False,17.710596644863173,ground_equivalent_excess_gamma_dose_rate,uSv/h,0.0009512514254804445,1.276125424473818,441,441,1.0,False,False,lower_radiation_equivalent_priority,radiation_priority
170,170,RADIATION,14,49,523360.920497467,5696664.290406497,0.0,0.0005371086274252358,False,17.536478628590565,ground_equivalent_excess_gamma_dose_rate,uSv/h,0.0009418993966074259,1.6713620947830221,441,441,1.0,False,False,lower_radiation_equivalent_priority,radiation_priority
170,170,RADIATION,14,50,523380.920497467,5696664.290406497,0.00033527696478812105,0.0005371086274252358,False,16.746520844328113,ground_equivalent_excess_gamma_dose_rate,uSv/h,0.0008994700824845175,1.5225018247622257,441,441,1.0,False,False,lower_radiation_equivalent_priority,radiation_priority
171,171,RADIATION,11,48,523340.920497467,5696604.290406497,0.0010076599085439833,0.0005371086274252358,True,110.3060548293065,ground_equivalent_excess_gamma_dose_rate,uSv/h,0.0059246333706061615,0.744209042812246,441,441,1.0,True,False,lower_radiation_equivalent_priority,radiation_priority
171,171,RADIATION,11,49,523360.920497467,5696604.290406497,0.001259343501913925,0.0005371086274252358,True,110.3060548293065,ground_equivalent_excess_gamma_dose_rate,uSv/h,0.0059246333706061615,0.9469373790783804,441,441,1.0,True,True,highest_radiation_equivalent_priority,radiation_priority
171,171,RADIATION,11,50,523380.920497467,5696604.290406497,0.000730973339373379,0.0005371086274252358,True,110.3060548293065,ground_equivalent_excess_gamma_dose_rate,uSv/h,0.0059246333706061615,0.7725521538061596,441,441,1.0,True,False,lower_radiation_equivalent_priority,radiation_priority
171,171,RADIATION,12,48,523340.920497467,5696624.290406497,0.0006760513460892497,0.0005371086274252358,True,97.87119482347812,ground_equivalent_excess_gamma_dose_rate,uSv/h,0.005256746311610617,1.3673771026082457,441,441,1.0,True,False,lower_radiation_equivalent_priority,radiation_priority
171,171,RADIATION,12,50,523380.920497467,5696624.290406497,0.0006626866358643653,0.0005371086274252358,True,97.87119482347812,ground_equivalent_excess_gamma_dose_rate,uSv/h,0.005256746311610617,1.4194534934611571,441,441,1.0,True,False,lower_radiation_equivalent_priority,radiation_priority
171,171,RADIATION,13,48,523340.920497467,5696644.290406497,0.0003419466390328132,0.0005371086274252358,False,62.97562664413854,ground_equivalent_excess_gamma_dose_rate,uSv/h,0.003382475238807736,1.4315171286887973,441,441,1.0,False,False,lower_radiation_equivalent_priority,radiation_priority
171,171,RADIATION,13,49,523360.920497467,5696644.290406497,0.0,0.0005371086274252358,False,62.97562664413854,ground_equivalent_excess_gamma_dose_rate,uSv/h,0.003382475238807736,1.835045553874557,441,441,1.0,False,False,lower_radiation_equivalent_priority,radiation_priority
171,171,RADIATION,13,50,523380.920497467,5696644.290406497,0.00033332181993706066,0.0005371086274252358,False,62.97562664413854,ground_equivalent_excess_gamma_dose_rate,uSv/h,0.003382475238807736,1.5231550410506978,441,441,1.0,False,False,lower_radiation_equivalent_priority,radiation_priority
172,172,RADIATION,10,48,523340.920497467,5696584.290406497,0.0012608950523137178,0.0005371086274252358,True,92.68719716103509,ground_equivalent_excess_gamma_dose_rate,uSv/h,0.004978309324705577,0.744209042812246,441,441,1.0,True,False,lower_radiation_equivalent_priority,radiation_priority
172,172,RADIATION,10,49,523360.920497467,5696584.290406497,0.0009916782975905264,0.0005371086274252358,True,92.68719716103509,ground_equivalent_excess_gamma_dose_rate,uSv/h,0.004978309324705577,0.9469373790783804,441,441,1.0,True,False,lower_radiation_equivalent_priority,radiation_priority
172,172,RADIATION,10,50,523380.920497467,5696584.290406497,0.000443803092378975,0.0005371086274252358,False,92.68719716103509,ground_equivalent_excess_gamma_dose_rate,uSv/h,0.004978309324705577,0.7725521538061596,441,441,1.0,False,False,lower_radiation_equivalent_priority,radiation_priority
172,172,RADIATION,11,48,523340.920497467,5696604.290406497,0.0006716797193555803,0.0005371086274252358,True,98.25638675593521,ground_equivalent_excess_gamma_dose_rate,uSv/h,0.005277435302624348,1.3673771026082457,441,441,1.0,True,True,highest_radiation_equivalent_priority,radiation_priority
172,172,RADIATION,11,50,523380.920497467,5696604.290406497,0.0003995095860872942,0.0005371086274252358,False,97.8137947920837,ground_equivalent_excess_gamma_dose_rate,uSv/h,0.0052536633064029755,1.4194534934611571,441,441,1.0,False,False,lower_radiation_equivalent_priority,radiation_priority
172,172,RADIATION,12,48,523340.920497467,5696624.290406497,0.0003400711569008467,0.0005371086274252358,False,94.12600890372299,ground_equivalent_excess_gamma_dose_rate,uSv/h,0.005055589144729418,1.4707567314936143,441,441,1.0,False,False,lower_radiation_equivalent_priority,radiation_priority
172,172,RADIATION,12,49,523360.920497467,5696624.290406497,0.0,0.0005371086274252358,False,94.12600890372299,ground_equivalent_excess_gamma_dose_rate,uSv/h,0.005055589144729418,1.8714023136827318,441,441,1.0,False,False,lower_radiation_equivalent_priority,radiation_priority
172,172,RADIATION,12,50,523380.920497467,5696624.290406497,0.0003312228825782806,0.0005371086274252358,False,94.12600890372298,ground_equivalent_excess_gamma_dose_rate,uSv/h,0.005055589144729417,1.5267703229547516,441,441,1.0,False,False,lower_radiation_equivalent_priority,radiation_priority
173,173,RADIATION,10,47,523320.920497467,5696584.290406497,0.0012686216346277357,0.0005371086274252358,True,32.82174012359321,ground_equivalent_excess_gamma_dose_rate,uSv/h,0.0017628839787490937,0.7560534594602768,441,441,1.0,True,False,lower_radiation_equivalent_priority,radiation_priority
173,173,RADIATION,10,48,523340.920497467,5696584.290406497,0.0009272157408598165,0.0005371086274252358,True,59.20463074142969,ground_equivalent_excess_gamma_dose_rate,uSv/h,0.003179931795474722,1.4032754687548228,441,441,1.0,True,False,lower_radiation_equivalent_priority,radiation_priority
173,173,RADIATION,10,49,523360.920497467,5696584.290406497,0.0006579989861366252,0.0005371086274252358,True,83.4058333866782,ground_equivalent_excess_gamma_dose_rate,uSv/h,0.004479799268957663,1.409123815044153,441,441,1.0,True,True,highest_radiation_equivalent_priority,radiation_priority
173,173,RADIATION,11,47,523320.920497467,5696604.290406497,0.0010156686551129463,0.0005371086274252358,True,40.540086084296135,ground_equivalent_excess_gamma_dose_rate,uSv/h,0.00217744299924372,0.9689061379122373,441,441,1.0,True,False,lower_radiation_equivalent_priority,radiation_priority
173,173,RADIATION,11,49,523360.920497467,5696604.290406497,0.0,0.0005371086274252358,False,88.74116101914694,ground_equivalent_excess_gamma_dose_rate,uSv/h,0.004766364319111585,2.131639922592753,441,441,1.0,False,False,lower_radiation_equivalent_priority,radiation_priority
173,173,RADIATION,12,47,523320.920497467,5696624.290406497,0.0010238598934255436,0.0005371086274252358,True,53.14966677243415,ground_equivalent_excess_gamma_dose_rate,uSv/h,0.002854714456825077,0.8457943038562872,441,441,1.0,True,False,lower_radiation_equivalent_priority,radiation_priority
173,173,RADIATION,12,48,523340.920497467,5696624.290406497,0.0003400711569008467,0.0005371086274252358,False,73.8727558449358,ground_equivalent_excess_gamma_dose_rate,uSv/h,0.003967769449599303,2.0142784422632434,441,441,1.0,False,False,lower_radiation_equivalent_priority,radiation_priority
173,173,RADIATION,12,49,523360.920497467,5696624.290406497,0.0,0.0005371086274252358,False,88.74116101914694,ground_equivalent_excess_gamma_dose_rate,uSv/h,0.004766364319111585,2.1291245531600698,441,441,1.0,False,False,lower_radiation_equivalent_priority,radiation_priority
174,174,RADIATION,9,48,523340.920497467,5696564.290406497,0.0014918367259906008,0.0005371086274252358,True,30.619631678293974,ground_equivalent_excess_gamma_dose_rate,uSv/h,0.0016446068342994744,0.8576947706758288,441,441,1.0,True,False,lower_radiation_equivalent_priority,radiation_priority
174,174,RADIATION,9,49,523360.920497467,5696564.290406497,0.0011978239133253578,0.0005371086274252358,True,31.759001039903865,ground_equivalent_excess_gamma_dose_rate,uSv/h,0.00170580334569394,1.007689534081529,441,441,1.0,True,False,lower_radiation_equivalent_priority,radiation_priority
174,174,RADIATION,9,50,523380.920497467,5696564.290406497,0.0009051357919182428,0.0005371086274252358,True,32.02607356491052,ground_equivalent_excess_gamma_dose_rate,uSv/h,0.0017201480414268718,0.7924632437111118,441,441,1.0,True,False,lower_radiation_equivalent_priority,radiation_priority
174,174,RADIATION,10,48,523340.920497467,5696584.290406497,0.0009272157408598165,0.0005371086274252358,True,47.795248941848605,ground_equivalent_excess_gamma_dose_rate,uSv/h,0.0025671240556603757,2.0264435285508227,441,441,1.0,True,True,highest_radiation_equivalent_priority,radiation_priority
174,174,RADIATION,10,50,523380.920497467,5696584.290406497,0.0003732800154453749,0.0005371086274252358,False,60.519235754250616,ground_equivalent_excess_gamma_dose_rate,uSv/h,0.00325054036487898,1.5350868079520554,441,441,1.0,False,False,lower_radiation_equivalent_priority,radiation_priority
174,174,RADIATION,11,48,523340.920497467,5696604.290406497,0.0,0.0005371086274252358,False,68.39264077707622,ground_equivalent_excess_gamma_dose_rate,uSv/h,0.0036734277413762624,2.2712328251712024,441,441,1.0,False,False,lower_radiation_equivalent_priority,radiation_priority
174,174,RADIATION,11,49,523360.920497467,5696604.290406497,0.0,0.0005371086274252358,False,84.38127820023306,ground_equivalent_excess_gamma_dose_rate,uSv/h,0.004532191251451415,2.3605255333547275,441,441,1.0,False,False,lower_radiation_equivalent_priority,radiation_priority
174,174,RADIATION,11,50,523380.920497467,5696604.290406497,0.00032898650915369406,0.0005371086274252358,False,89.0635142382163,ground_equivalent_excess_gamma_dose_rate,uSv/h,0.0047836781886156305,1.659415250774922,441,441,1.0,False,False,lower_radiation_equivalent_priority,radiation_priority
175,175,RADIATION,9,47,523320.920497467,5696564.290406497,0.0015010426018289766,0.0005371086274252358,True,16.264270198653332,ground_equivalent_excess_gamma_dose_rate,uSv/h,0.0008735679842471857,0.8653756644274241,441,441,1.0,True,False,lower_radiation_equivalent_priority,radiation_priority
175,175,RADIATION,9,48,523340.920497467,5696564.290406497,0.0009003672928150996,0.0005371086274252358,True,22.6908174247023,ground_equivalent_excess_gamma_dose_rate,uSv/h,0.0012187433802138476,1.5167611966184054,441,441,1.0,True,False,lower_radiation_equivalent_priority,radiation_priority
175,175,RADIATION,9,49,523360.920497467,5696564.290406497,0.0006063544801498568,0.0005371086274252358,True,29.290394138051003,ground_equivalent_excess_gamma_dose_rate,uSv/h,0.0015732123392232747,1.5167611966184054,441,441,1.0,True,False,lower_radiation_equivalent_priority,radiation_priority
175,175,RADIATION,10,47,523320.920497467,5696584.290406497,0.0009328753269434201,0.0005371086274252358,True,23.480861729728296,ground_equivalent_excess_gamma_dose_rate,uSv/h,0.0012611773414416114,1.4806811417013859,441,441,1.0,True,False,lower_radiation_equivalent_priority,radiation_priority
175,175,RADIATION,10,49,523360.920497467,5696584.290406497,0.0,0.0005371086274252358,False,54.46040856382081,ground_equivalent_excess_gamma_dose_rate,uSv/h,0.0029251155292731356,2.677769503408004,441,441,1.0,False,False,lower_radiation_equivalent_priority,radiation_priority
175,175,RADIATION,11,47,523320.920497467,5696604.290406497,0.0006799223474286307,0.0005371086274252358,True,37.20440765534757,ground_equivalent_excess_gamma_dose_rate,uSv/h,0.001998280832993267,1.4806811417013859,441,441,1.0,True,True,highest_radiation_equivalent_priority,radiation_priority
175,175,RADIATION,11,48,523340.920497467,5696604.290406497,0.0,0.0005371086274252358,False,65.69062765589563,ground_equivalent_excess_gamma_dose_rate,uSv/h,0.0035283002854960333,2.6910846637924957,441,441,1.0,False,False,lower_radiation_equivalent_priority,radiation_priority
175,175,RADIATION,11,49,523360.920497467,5696604.290406497,0.0,0.0005371086274252358,False,83.56406488291206,ground_equivalent_excess_gamma_dose_rate,uSv/h,0.004488298019133424,2.697773668342106,441,441,1.0,False,False,lower_radiation_equivalent_priority,radiation_priority
176,176,RADIATION,10,46,523300.920497467,5696584.290406497,0.0012757748788961817,0.0005371086274252358,True,11.349956242157408,ground_equivalent_excess_gamma_dose_rate,uSv/h,0.0006096159418561653,0.8397140476537516,441,441,1.0,True,False,lower_radiation_equivalent_priority,radiation_priority
176,176,RADIATION,10,47,523320.920497467,5696584.290406497,0.0009328753269434201,0.0005371086274252358,True,18.942807734978675,ground_equivalent_excess_gamma_dose_rate,uSv/h,0.0010174345462114535,2.139747567643963,441,441,1.0,True,False,lower_radiation_equivalent_priority,radiation_priority
176,176,RADIATION,10,48,523340.920497467,5696584.290406497,0.0,0.0005371086274252358,False,37.96000025189738,ground_equivalent_excess_gamma_dose_rate,uSv/h,0.0020388643632358204,2.793927977604323,441,441,1.0,False,False,lower_radiation_equivalent_priority,radiation_priority
176,176,RADIATION,11,46,523300.920497467,5696604.290406497,0.0010210263106484757,0.0005371086274252358,True,10.74253879037285,ground_equivalent_excess_gamma_dose_rate,uSv/h,0.0005769910264759514,0.9685743274798062,441,441,1.0,True,False,lower_radiation_equivalent_priority,radiation_priority
176,176,RADIATION,11,48,523340.920497467,5696604.290406497,0.0,0.0005371086274252358,False,62.92686377653248,ground_equivalent_excess_gamma_dose_rate,uSv/h,0.003379856143118815,2.824747896034518,441,441,1.0,False,False,lower_radiation_equivalent_priority,radiation_priority
176,176,RADIATION,12,46,523300.920497467,5696624.290406497,0.0010288786821879678,0.0005371086274252358,True,10.560624165958508,ground_equivalent_excess_gamma_dose_rate,uSv/h,0.000567220235053175,0.7414591901310652,441,441,1.0,True,False,lower_radiation_equivalent_priority,radiation_priority
176,176,RADIATION,12,47,523320.920497467,5696624.290406497,0.0006837887365246969,0.0005371086274252358,True,41.49632883589104,ground_equivalent_excess_gamma_dose_rate,uSv/h,0.002228803622423167,1.6129067802866093,441,441,1.0,True,True,highest_radiation_equivalent_priority,radiation_priority
176,176,RADIATION,12,48,523340.920497467,5696624.290406497,0.0,0.0005371086274252358,False,70.02333102699006,ground_equivalent_excess_gamma_dose_rate,uSv/h,0.0037610135215649563,2.3384738487124683,441,441,1.0,False,False,lower_radiation_equivalent_priority,radiation_priority
177,177,RADIATION,11,46,523300.920497467,5696604.290406497,0.0006791842131565919,0.0005371086274252358,True,10.531470270286027,ground_equivalent_excess_gamma_dose_rate,uSv/h,0.0005656543541643005,1.3850861025668326,441,441,1.0,True,False,lower_radiation_equivalent_priority,radiation_priority
177,177,RADIATION,11,47,523320.920497467,5696604.290406497,0.0,0.0005371086274252358,False,20.894101962802406,ground_equivalent_excess_gamma_dose_rate,uSv/h,0.0011222402426523726,2.4925593782593767,441,441,1.0,False,False,lower_radiation_equivalent_priority,radiation_priority
177,177,RADIATION,11,48,523340.920497467,5696604.290406497,0.0,0.0005371086274252358,False,60.38169292404909,ground_equivalent_excess_gamma_dose_rate,uSv/h,0.003243152820804808,2.8662942022860505,441,441,1.0,False,False,lower_radiation_equivalent_priority,radiation_priority
177,177,RADIATION,12,46,523300.920497467,5696624.290406497,0.0006870365846960841,0.0005371086274252358,True,9.799324738036345,ground_equivalent_excess_gamma_dose_rate,uSv/h,0.0005263301859740859,1.376346027976164,441,441,1.0,True,False,lower_radiation_equivalent_priority,radiation_priority
177,177,RADIATION,12,48,523340.920497467,5696624.290406497,0.0,0.0005371086274252358,False,65.71350765423585,ground_equivalent_excess_gamma_dose_rate,uSv/h,0.003529529189946435,2.454107163203367,441,441,1.0,False,False,lower_radiation_equivalent_priority,radiation_priority
177,177,RADIATION,13,46,523300.920497467,5696644.290406497,0.0010338510635600298,0.0005371086274252358,True,9.170311008905973,ground_equivalent_excess_gamma_dose_rate,uSv/h,0.0004925453159056016,0.7433791965713245,441,441,1.0,True,False,lower_radiation_equivalent_priority,radiation_priority
177,177,RADIATION,13,47,523320.920497467,5696644.290406497,0.0006872329966760714,0.0005371086274252358,True,22.318617420876645,ground_equivalent_excess_gamma_dose_rate,uSv/h,0.0011987521968956011,1.0970555499842038,441,441,1.0,True,True,highest_radiation_equivalent_priority,radiation_priority
177,177,RADIATION,13,48,523340.920497467,5696644.290406497,0.0,0.0005371086274252358,False,57.79461340599453,ground_equivalent_excess_gamma_dose_rate,uSv/h,0.0031041985479065854,1.7104012647132478,441,441,1.0,False,False,lower_radiation_equivalent_priority,radiation_priority
178,178,RADIATION,12,46,523300.920497467,5696624.290406497,0.00034342008635804847,0.0005371086274252358,False,9.595928805380655,ground_equivalent_excess_gamma_dose_rate,uSv/h,0.0005154056149528286,1.4963494059437794,441,441,1.0,False,False,lower_radiation_equivalent_priority,radiation_priority
178,178,RADIATION,12,47,523320.920497467,5696624.290406497,0.0,0.0005371086274252358,False,20.23477969655188,ground_equivalent_excess_gamma_dose_rate,uSv/h,0.0010868274749067008,2.3854589340927688,441,441,1.0,False,False,lower_radiation_equivalent_priority,radiation_priority
178,178,RADIATION,12,48,523340.920497467,5696624.290406497,0.0,0.0005371086274252358,False,64.18531948346458,ground_equivalent_excess_gamma_dose_rate,uSv/h,0.0034474488848613904,2.4740182531083192,441,441,1.0,False,False,lower_radiation_equivalent_priority,radiation_priority
178,178,RADIATION,13,46,523300.920497467,5696644.290406497,0.0006902345652219942,0.0005371086274252358,True,8.186795426098417,ground_equivalent_excess_gamma_dose_rate,uSv/h,0.0004397198454322919,1.378266034416423,441,441,1.0,True,False,lower_radiation_equivalent_priority,radiation_priority
178,178,RADIATION,13,48,523340.920497467,5696644.290406497,0.0,0.0005371086274252358,False,54.58028336635728,ground_equivalent_excess_gamma_dose_rate,uSv/h,0.0029315541083384583,1.8260345792041461,441,441,1.0,False,False,lower_radiation_equivalent_priority,radiation_priority
178,178,RADIATION,14,46,523300.920497467,5696664.290406497,0.0010380995288023756,0.0005371086274252358,True,7.3020067911536435,ground_equivalent_excess_gamma_dose_rate,uSv/h,0.0003921970845046284,0.7265476886813684,441,441,1.0,True,False,lower_radiation_equivalent_priority,radiation_priority
178,178,RADIATION,14,47,523320.920497467,5696664.290406497,0.0006902345652219942,0.0005371086274252358,True,11.26323993145122,ground_equivalent_excess_gamma_dose_rate,uSv/h,0.0006049583339942873,0.9828784771218444,441,441,1.0,True,True,highest_radiation_equivalent_priority,radiation_priority
178,178,RADIATION,14,48,523340.920497467,5696664.290406497,0.0,0.0005371086274252358,False,22.985268827040056,ground_equivalent_excess_gamma_dose_rate,uSv/h,0.0012345586190691544,1.5115612645041407,441,441,1.0,False,False,lower_radiation_equivalent_priority,radiation_priority
179,179,RADIATION,13,46,523300.920497467,5696644.290406497,0.00034507252611463605,0.0005371086274252358,False,7.945299501529133,ground_equivalent_excess_gamma_dose_rate,uSv/h,0.00042674889097487235,1.4875882393835702,441,441,1.0,False,False,lower_radiation_equivalent_priority,radiation_priority
179,179,RADIATION,13,47,523320.920497467,5696644.290406497,0.0,0.0005371086274252358,False,15.85178387024204,ground_equivalent_excess_gamma_dose_rate,uSv/h,0.0008514129876787194,1.9839365083973783,441,441,1.0,False,False,lower_radiation_equivalent_priority,radiation_priority
179,179,RADIATION,13,48,523340.920497467,5696644.290406497,0.0,0.0005371086274252358,False,54.04441967960158,ground_equivalent_excess_gamma_dose_rate,uSv/h,0.0029027724074104206,1.8696077037903633,441,441,1.0,False,False,lower_radiation_equivalent_priority,radiation_priority
179,179,RADIATION,14,46,523300.920497467,5696664.290406497,0.0006929374896950174,0.0005371086274252358,True,6.182175313680236,ground_equivalent_excess_gamma_dose_rate,uSv/h,0.00033204996972329684,1.3614345265264671,441,441,1.0,True,True,highest_radiation_equivalent_priority,radiation_priority
179,179,RADIATION,14,48,523340.920497467,5696664.290406497,0.0,0.0005371086274252358,False,21.700123121898866,ground_equivalent_excess_gamma_dose_rate,uSv/h,0.0011655323344961722,1.6349433127897774,441,441,1.0,False,False,lower_radiation_equivalent_priority,radiation_priority
179,179,RADIATION,15,46,523300.920497467,5696684.290406497,0.000694065050376118,0.0005371086274252358,True,5.204391382849437,ground_equivalent_excess_gamma_dose_rate,uSv/h,0.00027953235122259856,0.7443467229330029,441,441,1.0,True,False,lower_radiation_equivalent_priority,radiation_priority
179,179,RADIATION,15,47,523320.920497467,5696684.290406497,0.0003464687448475087,0.0005371086274252358,False,5.727177172508738,ground_equivalent_excess_gamma_dose_rate,uSv/h,0.0003076116270147311,1.0174670343802785,441,441,1.0,False,False,lower_radiation_equivalent_priority,radiation_priority
179,179,RADIATION,15,48,523340.920497467,5696684.290406497,0.0,0.0005371086274252358,False,9.044106636556927,ground_equivalent_excess_gamma_dose_rate,uSv/h,0.0004857667701848557,1.6468545656460294,441,441,1.0,False,False,lower_radiation_equivalent_priority,radiation_priority
180,180,RADIATION,13,45,523280.920497467,5696644.290406497,0.0010348019255948303,0.0005371086274252358,True,6.381517518537514,ground_equivalent_excess_gamma_dose_rate,uSv/h,0.0003427568115271781,0.8565455555437076,441,441,1.0,True,True,highest_radiation_equivalent_priority,radiation_priority
180,180,RADIATION,13,46,523300.920497467,5696644.290406497,0.00034507252611463605,0.0005371086274252358,False,7.615569299552137,ground_equivalent_excess_gamma_dose_rate,uSv/h,0.00040903879735442123,2.020500952469044,441,441,1.0,False,False,lower_radiation_equivalent_priority,radiation_priority
180,180,RADIATION,13,47,523320.920497467,5696644.290406497,0.0,0.0005371086274252358,False,15.719448165169762,ground_equivalent_excess_gamma_dose_rate,uSv/h,0.0008443051227876473,2.1515081400442546,441,441,1.0,False,False,lower_radiation_equivalent_priority,radiation_priority
180,180,RADIATION,14,45,523280.920497467,5696664.290406497,0.0010401986736587236,0.0005371086274252358,True,4.040975028736594,ground_equivalent_excess_gamma_dose_rate,uSv/h,0.00021704425511443647,0.9685743274798062,441,441,1.0,True,False,lower_radiation_equivalent_priority,radiation_priority
180,180,RADIATION,14,47,523320.920497467,5696664.290406497,0.0,0.0005371086274252358,False,8.341383509809456,ground_equivalent_excess_gamma_dose_rate,uSv/h,0.00044802290477812527,2.1515081400442546,441,441,1.0,False,False,lower_radiation_equivalent_priority,radiation_priority
180,180,RADIATION,15,45,523280.920497467,5696684.290406497,0.00034759630552860934,0.0005371086274252358,False,3.5361339660567803,ground_equivalent_excess_gamma_dose_rate,uSv/h,0.00018992880609005125,0.9186524875422128,441,441,1.0,False,False,lower_radiation_equivalent_priority,radiation_priority
180,180,RADIATION,15,46,523300.920497467,5696684.290406497,0.00034759630552860934,0.0005371086274252358,False,4.285151971161205,ground_equivalent_excess_gamma_dose_rate,uSv/h,0.00023015920935389383,1.3912480625880004,441,441,1.0,False,False,lower_radiation_equivalent_priority,radiation_priority
180,180,RADIATION,15,47,523320.920497467,5696684.290406497,0.0,0.0005371086274252358,False,5.479021505341526,ground_equivalent_excess_gamma_dose_rate,uSv/h,0.00029428297203673364,1.4025462618914144,441,441,1.0,False,False,lower_radiation_equivalent_priority,radiation_priority
181,181,RADIATION,12,44,523260.920497467,5696624.290406497,0.0010338044919416384,0.0005371086274252358,True,2.69552268246977,ground_equivalent_excess_gamma_dose_rate,uSv/h,0.0001447788488174928,0.6526858720967332,441,441,1.0,True,False,lower_radiation_equivalent_priority,radiation_priority
181,181,RADIATION,12,45,523280.920497467,5696624.290406497,0.0006863269843525625,0.0005371086274252358,True,6.657794599993213,ground_equivalent_excess_gamma_dose_rate,uSv/h,0.0003575958919281502,1.0078463828599673,441,441,1.0,True,True,highest_radiation_equivalent_priority,radiation_priority
181,181,RADIATION,12,46,523300.920497467,5696624.290406497,0.0,0.0005371086274252358,False,9.504450161607842,ground_equivalent_excess_gamma_dose_rate,uSv/h,0.0005104922180732749,1.7167072817380513,441,441,1.0,False,False,lower_radiation_equivalent_priority,radiation_priority
181,181,RADIATION,13,44,523260.920497467,5696644.290406497,0.0010396553482387087,0.0005371086274252358,True,2.7662105448260994,ground_equivalent_excess_gamma_dose_rate,uSv/h,0.000148575554890076,0.8414152810650468,441,441,1.0,True,False,lower_radiation_equivalent_priority,radiation_priority
181,181,RADIATION,13,46,523300.920497467,5696644.290406497,0.0,0.0005371086274252358,False,7.283037633374516,ground_equivalent_excess_gamma_dose_rate,uSv/h,0.0003911782346748124,2.133999900539306,441,441,1.0,False,False,lower_radiation_equivalent_priority,radiation_priority
181,181,RADIATION,14,44,523260.920497467,5696664.290406497,0.000695872505555123,0.0005371086274252358,True,2.8050910465404613,ground_equivalent_excess_gamma_dose_rate,uSv/h,0.00015066386018101652,0.7265356471595436,441,441,1.0,True,False,lower_radiation_equivalent_priority,radiation_priority
181,181,RADIATION,14,45,523280.920497467,5696664.290406497,0.0006951261475440875,0.0005371086274252358,True,3.4659383361587137,ground_equivalent_excess_gamma_dose_rate,uSv/h,0.00018615853824747124,1.5034468951987052,441,441,1.0,True,False,lower_radiation_equivalent_priority,radiation_priority
181,181,RADIATION,14,46,523300.920497467,5696664.290406497,0.0,0.0005371086274252358,False,5.103675509434112,ground_equivalent_excess_gamma_dose_rate,uSv/h,0.0002741228147695947,2.1442517030566908,441,441,1.0,False,False,lower_radiation_equivalent_priority,radiation_priority
182,182,RADIATION,11,44,523260.920497467,5696604.290406497,0.0010283521920437873,0.0005371086274252358,True,2.9120955260470733,ground_equivalent_excess_gamma_dose_rate,uSv/h,0.00015641116309263135,0.744209042812246,441,441,1.0,True,False,lower_radiation_equivalent_priority,radiation_priority
182,182,RADIATION,11,45,523280.920497467,5696604.290406497,0.0006824302520559032,0.0005371086274252358,True,5.937629574559929,ground_equivalent_excess_gamma_dose_rate,uSv/h,0.000318915207095137,1.005882844624439,441,441,1.0,True,True,highest_radiation_equivalent_priority,radiation_priority
182,182,RADIATION,11,46,523300.920497467,5696604.290406497,0.00033765779134152616,0.0005371086274252358,False,10.37489823701476,ground_equivalent_excess_gamma_dose_rate,uSv/h,0.0005572447351759496,1.6212126373391615,441,441,1.0,False,False,lower_radiation_equivalent_priority,radiation_priority
182,182,RADIATION,12,44,523260.920497467,5696624.290406497,0.0006890039294041416,0.0005371086274252358,True,2.8778193105682037,ground_equivalent_excess_gamma_dose_rate,uSv/h,0.00015457015798771263,1.275853931892733,441,441,1.0,True,False,lower_radiation_equivalent_priority,radiation_priority
182,182,RADIATION,12,46,523300.920497467,5696624.290406497,0.0,0.0005371086274252358,False,9.034249153268517,ground_equivalent_excess_gamma_dose_rate,uSv/h,0.00048523731625296524,1.8302062298083135,441,441,1.0,False,False,lower_radiation_equivalent_priority,radiation_priority
182,182,RADIATION,13,44,523260.920497467,5696644.290406497,0.0006948547857012118,0.0005371086274252358,True,2.801303818823173,ground_equivalent_excess_gamma_dose_rate,uSv/h,0.0001504604449129186,1.276125424473818,441,441,1.0,True,False,lower_radiation_equivalent_priority,radiation_priority
182,182,RADIATION,13,45,523280.920497467,5696644.290406497,0.0,0.0005371086274252358,False,3.550429537980301,ground_equivalent_excess_gamma_dose_rate,uSv/h,0.00019069663359146135,1.7421068649743556,441,441,1.0,False,False,lower_radiation_equivalent_priority,radiation_priority
182,182,RADIATION,13,46,523300.920497467,5696644.290406497,0.0,0.0005371086274252358,False,7.011976742433478,ground_equivalent_excess_gamma_dose_rate,uSv/h,0.00037661932036661217,2.1528286561950827,441,441,1.0,False,False,lower_radiation_equivalent_priority,radiation_priority
183,183,RADIATION,10,44,523260.920497467,5696584.290406497,0.0010221430989020546,0.0005371086274252358,True,2.8970782978382643,ground_equivalent_excess_gamma_dose_rate,uSv/h,0.00015560457480953485,0.744209042812246,441,441,1.0,True,False,lower_radiation_equivalent_priority,radiation_priority
183,183,RADIATION,10,45,523280.920497467,5696584.290406497,0.001280585777285747,0.0005371086274252358,True,3.693490188574314,ground_equivalent_excess_gamma_dose_rate,uSv/h,0.0001983805445593725,0.9724723910172348,441,441,1.0,True,False,lower_radiation_equivalent_priority,radiation_priority
183,183,RADIATION,10,46,523300.920497467,5696584.290406497,0.0009363666570345995,0.0005371086274252358,True,10.677601786205484,ground_equivalent_excess_gamma_dose_rate,uSv/h,0.0005735032039582074,1.0845806570167493,441,441,1.0,True,True,highest_radiation_equivalent_priority,radiation_priority
183,183,RADIATION,11,44,523260.920497467,5696604.290406497,0.0006853301618494662,0.0005371086274252358,True,2.901825131751075,ground_equivalent_excess_gamma_dose_rate,uSv/h,0.0001558595313542874,1.3673771026082457,441,441,1.0,True,False,lower_radiation_equivalent_priority,radiation_priority
183,183,RADIATION,11,46,523300.920497467,5696604.290406497,0.00033765779134152616,0.0005371086274252358,False,9.577369617526632,ground_equivalent_excess_gamma_dose_rate,uSv/h,0.0005144087849613885,1.7347115854094237,441,441,1.0,False,False,lower_radiation_equivalent_priority,radiation_priority
183,183,RADIATION,12,44,523260.920497467,5696624.290406497,0.0003459818992098206,0.0005371086274252358,False,2.8854179255434946,ground_equivalent_excess_gamma_dose_rate,uSv/h,0.00015497828615368376,1.4315171286887973,441,441,1.0,False,False,lower_radiation_equivalent_priority,radiation_priority
183,183,RADIATION,12,45,523280.920497467,5696624.290406497,0.0,0.0005371086274252358,False,3.6718557400797476,ground_equivalent_excess_gamma_dose_rate,uSv/h,0.00019721853966577066,1.8963361862201307,441,441,1.0,False,False,lower_radiation_equivalent_priority,radiation_priority
183,183,RADIATION,12,46,523300.920497467,5696624.290406497,0.0,0.0005371086274252358,False,8.632536308131302,ground_equivalent_excess_gamma_dose_rate,uSv/h,0.00046366097276589156,1.8490349854640904,441,441,1.0,False,False,lower_radiation_equivalent_priority,radiation_priority
184,184,RADIATION,9,45,523280.920497467,5696564.290406497,0.0015381160755723999,0.0005371086274252358,True,4.032425770639331,ground_equivalent_excess_gamma_dose_rate,uSv/h,0.000216585067086224,0.766171599960316,441,441,1.0,True,False,lower_radiation_equivalent_priority,radiation_priority
184,184,RADIATION,9,46,523300.920497467,5696564.290406497,0.0012684498142468276,0.0005371086274252358,True,5.862016863472282,ground_equivalent_excess_gamma_dose_rate,uSv/h,0.0003148539831483183,0.9489937829797912,441,441,1.0,True,False,lower_radiation_equivalent_priority,radiation_priority
184,184,RADIATION,9,47,523320.920497467,5696564.290406497,0.0009023337361359033,0.0005371086274252358,True,14.192575102014276,ground_equivalent_excess_gamma_dose_rate,uSv/h,0.0007622954532672464,1.0944947067819053,441,441,1.0,True,False,lower_radiation_equivalent_priority,radiation_priority
184,184,RADIATION,10,45,523280.920497467,5696584.290406497,0.0009429279859442207,0.0005371086274252358,True,3.973410109881682,ground_equivalent_excess_gamma_dose_rate,uSv/h,0.00021341528503161057,1.5168868352173375,441,441,1.0,True,False,lower_radiation_equivalent_priority,radiation_priority
184,184,RADIATION,10,47,523320.920497467,5696584.290406497,0.000595217535601894,0.0005371086274252358,True,17.746700026105206,ground_equivalent_excess_gamma_dose_rate,uSv/h,0.0009531905692348764,2.366732243577808,441,441,1.0,True,True,highest_radiation_equivalent_priority,radiation_priority
184,184,RADIATION,11,45,523280.920497467,5696604.290406497,0.0,0.0005371086274252358,False,3.832731840731591,ground_equivalent_excess_gamma_dose_rate,uSv/h,0.00020585933382643424,1.8533381834717457,441,441,1.0,False,False,lower_radiation_equivalent_priority,radiation_priority
184,184,RADIATION,11,46,523300.920497467,5696604.290406497,0.0,0.0005371086274252358,False,8.41478104130968,ground_equivalent_excess_gamma_dose_rate,uSv/h,0.0004519651495181739,1.85685879381164,441,441,1.0,False,False,lower_radiation_equivalent_priority,radiation_priority
184,184,RADIATION,11,47,523320.920497467,5696604.290406497,0.0,0.0005371086274252358,False,20.107893814957848,ground_equivalent_excess_gamma_dose_rate,uSv/h,0.0010800123247364398,2.574469226427951,441,441,1.0,False,False,lower_radiation_equivalent_priority,radiation_priority
185,185,RADIATION,9,46,523300.920497467,5696564.290406497,0.0006732322786449336,0.0005371086274252358,True,6.222223407150176,ground_equivalent_excess_gamma_dose_rate,uSv/h,0.00033420098737476056,1.544353180274953,441,441,1.0,True,True,highest_radiation_equivalent_priority,radiation_priority
185,185,RADIATION,9,47,523320.920497467,5696564.290406497,0.0003071162005340093,0.0005371086274252358,False,11.390894030246193,ground_equivalent_excess_gamma_dose_rate,uSv/h,0.0006118147457731844,1.753561132724482,441,441,1.0,False,False,lower_radiation_equivalent_priority,radiation_priority
185,185,RADIATION,9,48,523340.920497467,5696564.290406497,0.0003051497572132056,0.0005371086274252358,False,21.40638201445346,ground_equivalent_excess_gamma_dose_rate,uSv/h,0.001149755246192335,1.7601378302447066,441,441,1.0,False,False,lower_radiation_equivalent_priority,radiation_priority
185,185,RADIATION,10,46,523300.920497467,5696584.290406497,0.0,0.0005371086274252358,False,7.30259311919526,ground_equivalent_excess_gamma_dose_rate,uSv/h,0.00039222857668959376,2.3626131593243946,441,441,1.0,False,False,lower_radiation_equivalent_priority,radiation_priority
185,185,RADIATION,10,48,523340.920497467,5696584.290406497,0.0,0.0005371086274252358,False,36.54949210224656,ground_equivalent_excess_gamma_dose_rate,uSv/h,0.0019631047536127146,3.0604963263536917,441,441,1.0,False,False,lower_radiation_equivalent_priority,radiation_priority
185,185,RADIATION,11,46,523300.920497467,5696604.290406497,0.0,0.0005371086274252358,False,8.282458109536577,ground_equivalent_excess_gamma_dose_rate,uSv/h,0.0004448579706920204,2.354650056467747,441,441,1.0,False,False,lower_radiation_equivalent_priority,radiation_priority
185,185,RADIATION,11,47,523320.920497467,5696604.290406497,0.0,0.0005371086274252358,False,19.536628863588497,ground_equivalent_excess_gamma_dose_rate,uSv/h,0.0010493291913438263,3.024646697352384,441,441,1.0,False,False,lower_radiation_equivalent_priority,radiation_priority
185,185,RADIATION,11,48,523340.920497467,5696604.290406497,0.0,0.0005371086274252358,False,59.55042388880691,ground_equivalent_excess_gamma_dose_rate,uSv/h,0.0031985046437508053,3.073581441553686,441,441,1.0,False,False,lower_radiation_equivalent_priority,radiation_priority
186,186,RADIATION,8,45,523280.920497467,5696544.290406497,0.0015061091551058494,0.0005371086274252358,True,3.3886745757359904,ground_equivalent_excess_gamma_dose_rate,uSv/h,0.0001820086350164351,0.7620080770638804,441,441,1.0,True,False,lower_radiation_equivalent_priority,radiation_priority
186,186,RADIATION,8,46,523300.920497467,5696544.290406497,0.0012110044854137623,0.0005371086274252358,True,3.9046308052820473,ground_equivalent_excess_gamma_dose_rate,uSv/h,0.00020972108924273333,1.0075407257817275,441,441,1.0,True,False,lower_radiation_equivalent_priority,radiation_priority
186,186,RADIATION,8,47,523320.920497467,5696544.290406497,0.0009168524818562395,0.0005371086274252358,True,7.866897676150426,ground_equivalent_excess_gamma_dose_rate,uSv/h,0.0004225378612931933,0.8996733930249413,441,441,1.0,True,True,highest_radiation_equivalent_priority,radiation_priority
186,186,RADIATION,9,45,523280.920497467,5696564.290406497,0.0009361818666257738,0.0005371086274252358,True,3.835276659509723,ground_equivalent_excess_gamma_dose_rate,uSv/h,0.00020599601823853108,1.4927072471198595,441,441,1.0,True,False,lower_radiation_equivalent_priority,radiation_priority
186,186,RADIATION,9,47,523320.920497467,5696564.290406497,0.0003071162005340093,0.0005371086274252358,False,10.891990578005437,ground_equivalent_excess_gamma_dose_rate,uSv/h,0.0005850182109281101,2.1912545199299505,441,441,1.0,False,False,lower_radiation_equivalent_priority,radiation_priority
186,186,RADIATION,10,45,523280.920497467,5696584.290406497,0.0003409937769975944,0.0005371086274252358,False,3.9898253518762834,ground_equivalent_excess_gamma_dose_rate,uSv/h,0.0002142969618412679,1.7217260865478152,441,441,1.0,False,False,lower_radiation_equivalent_priority,radiation_priority
186,186,RADIATION,10,46,523300.920497467,5696584.290406497,0.0,0.0005371086274252358,False,7.123060748215082,ground_equivalent_excess_gamma_dose_rate,uSv/h,0.0003825857381540375,2.539770378805799,441,441,1.0,False,False,lower_radiation_equivalent_priority,radiation_priority
186,186,RADIATION,10,47,523320.920497467,5696584.290406497,0.0,0.0005371086274252358,False,15.30788877920846,ground_equivalent_excess_gamma_dose_rate,uSv/h,0.0008221999130978824,3.0324623388885823,441,441,1.0,False,False,lower_radiation_equivalent_priority,radiation_priority
187,187,RADIATION,7,46,523300.920497467,5696524.290406497,0.0007782050116597689,0.0005371086274252358,True,3.1991396301327026,ground_equivalent_excess_gamma_dose_rate,uSv/h,0.00017182854956822525,0.7483725657086816,441,441,1.0,True,False,lower_radiation_equivalent_priority,radiation_priority
187,187,RADIATION,7,47,523320.920497467,5696524.290406497,0.0007716378939295774,0.0005371086274252358,True,3.1991396301327026,ground_equivalent_excess_gamma_dose_rate,uSv/h,0.00017182854956822525,0.8691550289145615,441,441,1.0,True,False,lower_radiation_equivalent_priority,radiation_priority
187,187,RADIATION,7,48,523340.920497467,5696524.290406497,0.0007646626471547937,0.0005371086274252358,True,3.1991396301327026,ground_equivalent_excess_gamma_dose_rate,uSv/h,0.00017182854956822525,0.6789775158475289,441,441,1.0,True,False,lower_radiation_equivalent_priority,radiation_priority
187,187,RADIATION,8,46,523300.920497467,5696544.290406497,0.000903888284879753,0.0005371086274252358,True,3.6159339314173256,ground_equivalent_excess_gamma_dose_rate,uSv/h,0.00019421493107638963,1.5228414528209413,441,441,1.0,True,False,lower_radiation_equivalent_priority,radiation_priority
187,187,RADIATION,8,48,523340.920497467,5696544.290406497,0.0006056778572509361,0.0005371086274252358,True,12.121010442203598,ground_equivalent_excess_gamma_dose_rate,uSv/h,0.0006510299281618925,1.0230527111332126,441,441,1.0,True,True,highest_radiation_equivalent_priority,radiation_priority
187,187,RADIATION,9,46,523300.920497467,5696564.290406497,0.0,0.0005371086274252358,False,5.22946964382876,ground_equivalent_excess_gamma_dose_rate,uSv/h,0.0002808793262558802,2.295445555030706,441,441,1.0,False,False,lower_radiation_equivalent_priority,radiation_priority
187,187,RADIATION,9,47,523320.920497467,5696564.290406497,0.0,0.0005371086274252358,False,10.473847330284855,ground_equivalent_excess_gamma_dose_rate,uSv/h,0.000562559376343077,2.294634148815319,441,441,1.0,False,False,lower_radiation_equivalent_priority,radiation_priority
187,187,RADIATION,9,48,523340.920497467,5696564.290406497,0.0,0.0005371086274252358,False,21.201240089956737,ground_equivalent_excess_gamma_dose_rate,uSv/h,0.0011387368964429546,1.9743769102883386,441,441,1.0,False,False,lower_radiation_equivalent_priority,radiation_priority
188,188,RADIATION,7,47,523320.920497467,5696524.290406497,0.000469024504279131,0.0005371086274252358,False,3.632127401359271,ground_equivalent_excess_gamma_dose_rate,uSv/h,0.00019508469631776665,1.3138643536926276,441,441,1.0,False,False,lower_radiation_equivalent_priority,radiation_priority
188,188,RADIATION,7,48,523340.920497467,5696524.290406497,0.00046204925750434713,0.0005371086274252358,False,3.9498867514517984,ground_equivalent_excess_gamma_dose_rate,uSv/h,0.00021215182515573987,1.3138643536926276,441,441,1.0,False,False,lower_radiation_equivalent_priority,radiation_priority
188,188,RADIATION,7,49,523360.920497467,5696524.290406497,0.0004609316870323939,0.0005371086274252358,False,4.081605459256512,ground_equivalent_excess_gamma_dose_rate,uSv/h,0.0002192265505912614,0.774699740433475,441,441,1.0,False,False,lower_radiation_equivalent_priority,radiation_priority
188,188,RADIATION,8,47,523320.920497467,5696544.290406497,0.0,0.0005371086274252358,False,4.599746492848894,ground_equivalent_excess_gamma_dose_rate,uSv/h,0.00024705635252781114,1.7413550523704884,441,441,1.0,False,False,lower_radiation_equivalent_priority,radiation_priority
188,188,RADIATION,8,49,523360.920497467,5696544.290406497,0.0006013954639194856,0.0005371086274252358,True,13.03382707199256,ground_equivalent_excess_gamma_dose_rate,uSv/h,0.0007000580968735804,1.0178162136002182,441,441,1.0,True,True,highest_radiation_equivalent_priority,radiation_priority
188,188,RADIATION,9,47,523320.920497467,5696564.290406497,0.0,0.0005371086274252358,False,10.155798713946377,ground_equivalent_excess_gamma_dose_rate,uSv/h,0.0005454767107654714,2.311465656705275,441,441,1.0,False,False,lower_radiation_equivalent_priority,radiation_priority
188,188,RADIATION,9,48,523340.920497467,5696564.290406497,0.0,0.0005371086274252358,False,20.1681923881423,ground_equivalent_excess_gamma_dose_rate,uSv/h,0.0010832510131243201,2.077756539173707,441,441,1.0,False,False,lower_radiation_equivalent_priority,radiation_priority
188,188,RADIATION,9,49,523360.920497467,5696564.290406497,0.0003032900125493671,0.0005371086274252358,False,28.778324702342445,ground_equivalent_excess_gamma_dose_rate,uSv/h,0.0015457086480472908,1.7784511861636272,441,441,1.0,False,False,lower_radiation_equivalent_priority,radiation_priority
189,189,RADIATION,7,48,523340.920497467,5696524.290406497,0.00016152038068640678,0.0005371086274252358,False,4.321572985974934,ground_equivalent_excess_gamma_dose_rate,uSv/h,0.0002321154134814975,1.472520751462348,441,441,1.0,False,False,lower_radiation_equivalent_priority,radiation_priority
189,189,RADIATION,7,49,523360.920497467,5696524.290406497,0.00016040281021445353,0.0005371086274252358,False,4.671596787268221,ground_equivalent_excess_gamma_dose_rate,uSv/h,0.00025091549382937756,1.4095865782785737,441,441,1.0,False,False,lower_radiation_equivalent_priority,radiation_priority
189,189,RADIATION,8,48,523340.920497467,5696544.290406497,0.0,0.0005371086274252358,False,6.108277379303426,ground_equivalent_excess_gamma_dose_rate,uSv/h,0.000328080847913028,1.8956736566030932,441,441,1.0,False,False,lower_radiation_equivalent_priority,radiation_priority
189,189,RADIATION,8,50,523380.920497467,5696544.290406497,0.0006018529716162363,0.0005371086274252358,True,7.361271742816933,ground_equivalent_excess_gamma_dose_rate,uSv/h,0.0003953802561888576,0.9842851759782975,441,441,1.0,True,False,lower_radiation_equivalent_priority,radiation_priority
189,189,RADIATION,9,48,523340.920497467,5696564.290406497,0.0,0.0005371086274252358,False,19.322563204789585,ground_equivalent_excess_gamma_dose_rate,uSv/h,0.00103783154012619,2.094588047063663,441,441,1.0,False,False,lower_radiation_equivalent_priority,radiation_priority
189,189,RADIATION,9,49,523360.920497467,5696564.290406497,0.0003032900125493671,0.0005371086274252358,False,26.287661540610152,ground_equivalent_excess_gamma_dose_rate,uSv/h,0.0014119329808296279,1.8818308150489957,441,441,1.0,False,False,lower_radiation_equivalent_priority,radiation_priority
189,189,RADIATION,9,50,523380.920497467,5696564.290406497,0.0006042692048166976,0.0005371086274252358,True,28.70229812426375,ground_equivalent_excess_gamma_dose_rate,uSv/h,0.0015416251949473222,1.0342421433513813,441,441,1.0,True,True,highest_radiation_equivalent_priority,radiation_priority
190,190,RADIATION,8,49,523360.920497467,5696544.290406497,0.0,0.0005371086274252358,False,7.98028241912969,ground_equivalent_excess_gamma_dose_rate,uSv/h,0.00042862785366044886,1.8557043780828655,441,441,1.0,False,False,lower_radiation_equivalent_priority,radiation_priority
190,190,RADIATION,8,50,523380.920497467,5696544.290406497,0.0002985629590668692,0.0005371086274252358,False,8.957720434601748,ground_equivalent_excess_gamma_dose_rate,uSv/h,0.00048112689274879315,1.5286839433388932,441,441,1.0,False,False,lower_radiation_equivalent_priority,radiation_priority
190,190,RADIATION,9,49,523360.920497467,5696564.290406497,0.0,0.0005371086274252358,False,21.22474057802093,ground_equivalent_excess_gamma_dose_rate,uSv/h,0.001139999127931753,1.983290437494105,441,441,1.0,False,False,lower_radiation_equivalent_priority,radiation_priority
190,190,RADIATION,9,51,523400.920497467,5696564.290406497,0.0006671159210297462,0.0005371086274252358,True,13.022599442167742,ground_equivalent_excess_gamma_dose_rate,uSv/h,0.0006994550511891357,0.9330985417980057,441,441,1.0,True,True,highest_radiation_equivalent_priority,radiation_priority
190,190,RADIATION,10,49,523360.920497467,5696584.290406497,0.0,0.0005371086274252358,False,51.7944637075813,ground_equivalent_excess_gamma_dose_rate,uSv/h,0.0027819253310205185,2.939219728561889,441,441,1.0,False,False,lower_radiation_equivalent_priority,radiation_priority
190,190,RADIATION,10,50,523380.920497467,5696584.290406497,6.999000289600777e-05,0.0005371086274252358,False,52.09906552971734,ground_equivalent_excess_gamma_dose_rate,uSv/h,0.0027982857576803895,1.7519653849076862,441,441,1.0,False,False,lower_radiation_equivalent_priority,radiation_priority
190,190,RADIATION,10,51,523400.920497467,5696584.290406497,0.0004684072629192892,0.0005371086274252358,False,45.08895374060655,ground_equivalent_excess_gamma_dose_rate,uSv/h,0.0024217666055657136,0.8012744997066249,441,441,1.0,False,False,lower_radiation_equivalent_priority,radiation_priority
191,191,RADIATION,8,50,523380.920497467,5696544.290406497,0.0,0.0005371086274252358,False,8.348632260396498,ground_equivalent_excess_gamma_dose_rate,uSv/h,0.0004484122414259607,1.6320515307024368,441,441,1.0,False,False,not_selected_by_original_greedy_fallback,no_candidate_meets_sar_reference_original_greedy_step
191,191,RADIATION,9,50,523380.920497467,5696564.290406497,0.0,0.0005371086274252358,False,19.169395431281313,ground_equivalent_excess_gamma_dose_rate,uSv/h,0.0010296047668667092,1.7840838226905986,441,441,1.0,False,False,not_selected_by_original_greedy_fallback,no_candidate_meets_sar_reference_original_greedy_step
191,191,RADIATION,10,50,523380.920497467,5696584.290406497,0.0,0.0005371086274252358,False,51.44110834860248,ground_equivalent_excess_gamma_dose_rate,uSv/h,0.0027629463098350713,1.7783566551189331,441,441,1.0,False,False,not_selected_by_original_greedy_fallback,no_candidate_meets_sar_reference_original_greedy_step
191,191,RADIATION,10,51,523400.920497467,5696584.290406497,0.0003984172600232814,0.0005371086274252358,False,36.60140999586327,ground_equivalent_excess_gamma_dose_rate,uSv/h,0.0019658933084706425,1.4244425595026247,441,441,1.0,False,False,not_selected_by_original_greedy_fallback,no_candidate_meets_sar_reference_original_greedy_step
191,191,RADIATION,10,52,523420.920497467,5696584.290406497,0.00046465529003233324,0.0005371086274252358,False,7.633082357169196,ground_equivalent_excess_gamma_dose_rate,uSv/h,0.000409979438788293,0.7604002877252596,441,441,1.0,False,True,original_greedy_fallback,no_candidate_meets_sar_reference_original_greedy_step
192,192,RADIATION,9,51,523400.920497467,5696564.290406497,0.0,0.0005371086274252358,False,10.34377613759414,ground_equivalent_excess_gamma_dose_rate,uSv/h,0.0005555731403657096,1.7722338175558399,441,441,1.0,False,False,lower_radiation_equivalent_priority,radiation_priority
192,192,RADIATION,10,51,523400.920497467,5696584.290406497,0.00032898650915369406,0.0005371086274252358,False,31.369636365209672,ground_equivalent_excess_gamma_dose_rate,uSv/h,0.001684890233094653,1.5278101468661682,441,441,1.0,False,False,lower_radiation_equivalent_priority,radiation_priority
192,192,RADIATION,11,51,523400.920497467,5696604.290406497,0.0006602093917319747,0.0005371086274252358,True,84.25117125978652,ground_equivalent_excess_gamma_dose_rate,uSv/h,0.004525203095431241,0.7493136449453711,441,441,1.0,True,True,highest_radiation_equivalent_priority,radiation_priority
192,192,RADIATION,11,52,523420.920497467,5696604.290406497,0.0009812558073410821,0.0005371086274252358,True,7.663115865961715,ground_equivalent_excess_gamma_dose_rate,uSv/h,0.0004115925644567244,0.8507922999027714,441,441,1.0,True,False,lower_radiation_equivalent_priority,radiation_priority
192,192,RADIATION,11,53,523440.920497467,5696604.290406497,0.0006495378254274937,0.0005371086274252358,True,7.663115865961715,ground_equivalent_excess_gamma_dose_rate,uSv/h,0.0004115925644567244,0.6657300953107743,441,441,1.0,True,False,lower_radiation_equivalent_priority,radiation_priority
193,193,RADIATION,10,50,523380.920497467,5696584.290406497,0.0,0.0005371086274252358,False,50.069263910162206,ground_equivalent_excess_gamma_dose_rate,uSv/h,0.002689263361497912,1.8721644801611859,441,441,1.0,False,False,lower_radiation_equivalent_priority,radiation_priority
193,193,RADIATION,10,51,523400.920497467,5696584.290406497,0.0,0.0005371086274252358,False,29.467470116440666,ground_equivalent_excess_gamma_dose_rate,uSv/h,0.00158272324279356,1.6372033917836981,441,441,1.0,False,False,lower_radiation_equivalent_priority,radiation_priority
193,193,RADIATION,10,52,523420.920497467,5696584.290406497,0.0,0.0005371086274252358,False,17.07717921546222,ground_equivalent_excess_gamma_dose_rate,uSv/h,0.0009172300288711677,1.5279684577601325,441,441,1.0,False,False,lower_radiation_equivalent_priority,radiation_priority
193,193,RADIATION,11,50,523380.920497467,5696604.290406497,0.0,0.0005371086274252358,False,80.34962107528028,ground_equivalent_excess_gamma_dose_rate,uSv/h,0.004315647468988159,1.8753857479998037,441,441,1.0,False,False,lower_radiation_equivalent_priority,radiation_priority
193,193,RADIATION,11,52,523420.920497467,5696604.290406497,0.000652269298187388,0.0005371086274252358,True,25.01337636082829,ground_equivalent_excess_gamma_dose_rate,uSv/h,0.0013434900244435322,1.4083800708879477,441,441,1.0,True,False,lower_radiation_equivalent_priority,radiation_priority
193,193,RADIATION,12,50,523380.920497467,5696624.290406497,0.0,0.0005371086274252358,False,82.89174452068163,ground_equivalent_excess_gamma_dose_rate,uSv/h,0.0044521871124386615,1.7605576491258998,441,441,1.0,False,False,lower_radiation_equivalent_priority,radiation_priority
193,193,RADIATION,12,51,523400.920497467,5696624.290406497,0.000661944635397436,0.0005371086274252358,True,56.933669968707854,ground_equivalent_excess_gamma_dose_rate,uSv/h,0.003057956533117404,0.9078716758078453,441,441,1.0,True,True,highest_radiation_equivalent_priority,radiation_priority
193,193,RADIATION,12,52,523420.920497467,5696624.290406497,0.0009852546818128662,0.0005371086274252358,True,27.786076587388905,ground_equivalent_excess_gamma_dose_rate,uSv/h,0.0014924141457384936,0.750280968540366,441,441,1.0,True,False,lower_radiation_equivalent_priority,radiation_priority
194,194,RADIATION,11,50,523380.920497467,5696604.290406497,0.0,0.0005371086274252358,False,77.52953327775703,ground_equivalent_excess_gamma_dose_rate,uSv/h,0.004164178120373522,1.914240535983353,441,441,1.0,False,False,lower_radiation_equivalent_priority,radiation_priority
194,194,RADIATION,11,51,523400.920497467,5696604.290406497,0.0,0.0005371086274252358,False,38.91066297529272,ground_equivalent_excess_gamma_dose_rate,uSv/h,0.0020899252782865417,1.7111394060429639,441,441,1.0,False,False,lower_radiation_equivalent_priority,radiation_priority
194,194,RADIATION,11,52,523420.920497467,5696604.290406497,0.00032364648272701274,0.0005371086274252358,False,27.11045724470909,ground_equivalent_excess_gamma_dose_rate,uSv/h,0.0014561260479576238,1.5218657987515305,441,441,1.0,False,False,lower_radiation_equivalent_priority,radiation_priority
194,194,RADIATION,12,50,523380.920497467,5696624.290406497,0.0,0.0005371086274252358,False,79.30684545175913,ground_equivalent_excess_gamma_dose_rate,uSv/h,0.004259639090601965,1.8639252364894434,441,441,1.0,False,False,lower_radiation_equivalent_priority,radiation_priority
194,194,RADIATION,12,52,523420.920497467,5696624.290406497,0.0006566318663524908,0.0005371086274252358,True,29.254217979323396,ground_equivalent_excess_gamma_dose_rate,uSv/h,0.0015712692865273044,1.4093473944829427,441,441,1.0,True,False,lower_radiation_equivalent_priority,radiation_priority
194,194,RADIATION,13,50,523380.920497467,5696644.290406497,0.0,0.0005371086274252358,False,61.828403120317724,ground_equivalent_excess_gamma_dose_rate,uSv/h,0.0033208568735848014,1.6638902089455938,441,441,1.0,False,False,lower_radiation_equivalent_priority,radiation_priority
194,194,RADIATION,13,51,523400.920497467,5696644.290406497,0.0006660174884401311,0.0005371086274252358,True,38.84305933683879,ground_equivalent_excess_gamma_dose_rate,uSv/h,0.002086294228540647,0.9953064138216974,441,441,1.0,True,True,highest_radiation_equivalent_priority,radiation_priority
194,194,RADIATION,13,52,523420.920497467,5696644.290406497,0.0009914811056435735,0.0005371086274252358,True,29.497773325050066,ground_equivalent_excess_gamma_dose_rate,uSv/h,0.0015843508542718373,0.754218169148592,441,441,1.0,True,False,lower_radiation_equivalent_priority,radiation_priority
195,195,RADIATION,12,50,523380.920497467,5696624.290406497,0.0,0.0005371086274252358,False,78.30073377048558,ground_equivalent_excess_gamma_dose_rate,uSv/h,0.004205599964185432,1.881724270741078,441,441,1.0,False,False,lower_radiation_equivalent_priority,radiation_priority
195,195,RADIATION,12,51,523400.920497467,5696624.290406497,0.0,0.0005371086274252358,False,37.37283230199727,ground_equivalent_excess_gamma_dose_rate,uSv/h,0.0020073270660719267,1.892187733740271,441,441,1.0,False,False,lower_radiation_equivalent_priority,radiation_priority
195,195,RADIATION,12,52,523420.920497467,5696624.290406497,0.00032589134270048087,0.0005371086274252358,False,26.40173741124603,ground_equivalent_excess_gamma_dose_rate,uSv/h,0.0014180600942595854,1.5231348858528162,441,441,1.0,False,False,lower_radiation_equivalent_priority,radiation_priority
195,195,RADIATION,13,50,523380.920497467,5696644.290406497,0.0,0.0005371086274252358,False,59.12863395658086,ground_equivalent_excess_gamma_dose_rate,uSv/h,0.0031758499425948335,1.7672577963091374,441,441,1.0,False,False,lower_radiation_equivalent_priority,radiation_priority
195,195,RADIATION,13,52,523420.920497467,5696644.290406497,0.0006607405819915636,0.0005371086274252358,True,22.919826131040157,ground_equivalent_excess_gamma_dose_rate,uSv/h,0.0012310436354068032,1.4132845950911688,441,441,1.0,True,True,highest_radiation_equivalent_priority,radiation_priority
195,195,RADIATION,14,50,523380.920497467,5696664.290406497,0.0,0.0005371086274252358,False,22.929723768463614,ground_equivalent_excess_gamma_dose_rate,uSv/h,0.0012315752460519296,1.6408979303933813,441,441,1.0,False,False,lower_radiation_equivalent_priority,radiation_priority
195,195,RADIATION,14,51,523400.920497467,5696664.290406497,0.00033272432525876795,0.0005371086274252358,False,17.96292849803949,ground_equivalent_excess_gamma_dose_rate,uSv/h,0.0009648043870119641,1.0879944347618884,441,441,1.0,False,False,lower_radiation_equivalent_priority,radiation_priority
195,195,RADIATION,14,52,523420.920497467,5696664.290406497,0.0009973092694127732,0.0005371086274252358,True,17.638323340012743,ground_equivalent_excess_gamma_dose_rate,uSv/h,0.0009473695639236746,0.7741292590535441,441,441,1.0,True,False,lower_radiation_equivalent_priority,radiation_priority
196,196,RADIATION,12,51,523400.920497467,5696624.290406497,0.0,0.0005371086274252358,False,37.06027952446499,ground_equivalent_excess_gamma_dose_rate,uSv/h,0.001990539586738096,2.151748201814729,441,441,1.0,False,False,lower_radiation_equivalent_priority,radiation_priority
196,196,RADIATION,12,52,523420.920497467,5696624.290406497,0.00032589134270048087,0.0005371086274252358,False,25.038349490086816,ground_equivalent_excess_gamma_dose_rate,uSv/h,0.0013448313527613884,2.0481714329362672,441,441,1.0,False,False,lower_radiation_equivalent_priority,radiation_priority
196,196,RADIATION,12,53,523440.920497467,5696624.290406497,0.0006495378254274937,0.0005371086274252358,True,18.330551464570547,ground_equivalent_excess_gamma_dose_rate,uSv/h,0.0009845497337083132,0.9070274441595139,441,441,1.0,True,True,highest_radiation_equivalent_priority,radiation_priority
196,196,RADIATION,13,51,523400.920497467,5696644.290406497,0.0,0.0005371086274252358,False,28.51524567556387,ground_equivalent_excess_gamma_dose_rate,uSv/h,0.0015315784465495502,2.151748201814729,441,441,1.0,False,False,lower_radiation_equivalent_priority,radiation_priority
196,196,RADIATION,13,53,523440.920497467,5696644.290406497,0.0009810698072920583,0.0005371086274252358,True,12.11477343153017,ground_equivalent_excess_gamma_dose_rate,uSv/h,0.0006506949329376883,1.020293363832271,441,441,1.0,True,False,lower_radiation_equivalent_priority,radiation_priority
196,196,RADIATION,14,51,523400.920497467,5696664.290406497,0.0,0.0005371086274252358,False,17.117326692984957,ground_equivalent_excess_gamma_dose_rate,uSv/h,0.0009193863845258501,1.4026683242673474,441,441,1.0,False,False,lower_radiation_equivalent_priority,radiation_priority
196,196,RADIATION,14,52,523420.920497467,5696664.290406497,0.0006645849441540052,0.0005371086274252358,True,13.185106040242871,ground_equivalent_excess_gamma_dose_rate,uSv/h,0.0007081834207731035,1.3972973188495441,441,441,1.0,True,False,lower_radiation_equivalent_priority,radiation_priority
196,196,RADIATION,14,53,523440.920497467,5696664.290406497,0.0009890668533687672,0.0005371086274252358,True,9.677929229611888,ground_equivalent_excess_gamma_dose_rate,uSv/h,0.0005198099284835411,0.7792290433810365,441,441,1.0,True,False,lower_radiation_equivalent_priority,radiation_priority
197,197,RADIATION,11,52,523420.920497467,5696604.290406497,0.0,0.0005371086274252358,False,23.979047602080083,ground_equivalent_excess_gamma_dose_rate,uSv/h,0.0012879353344517625,1.7355229146772162,441,441,1.0,False,False,lower_radiation_equivalent_priority,radiation_priority
197,197,RADIATION,11,53,523440.920497467,5696604.290406497,0.0,0.0005371086274252358,False,11.549348320990022,ground_equivalent_excess_gamma_dose_rate,uSv/h,0.0006203254624342902,1.1047327476683886,441,441,1.0,False,False,lower_radiation_equivalent_priority,radiation_priority
197,197,RADIATION,12,52,523420.920497467,5696624.290406497,0.0,0.0005371086274252358,False,23.86602006789754,ground_equivalent_excess_gamma_dose_rate,uSv/h,0.0012818645280771581,2.1496310553813767,441,441,1.0,False,False,lower_radiation_equivalent_priority,radiation_priority
197,197,RADIATION,13,52,523420.920497467,5696644.290406497,0.0,0.0005371086274252358,False,17.698917152556252,ground_equivalent_excess_gamma_dose_rate,uSv/h,0.000950624109872245,2.1578199950094494,441,441,1.0,False,False,lower_radiation_equivalent_priority,radiation_priority
197,197,RADIATION,13,53,523440.920497467,5696644.290406497,0.0006551784645915774,0.0005371086274252358,True,9.361935772892062,ground_equivalent_excess_gamma_dose_rate,uSv/h,0.000502837647302127,1.5301955039555137,441,441,1.0,True,True,highest_radiation_equivalent_priority,radiation_priority
197,197,RADIATION,13,54,523460.920497467,5696644.290406497,0.0006523293183899803,0.0005371086274252358,True,6.740084360009841,ground_equivalent_excess_gamma_dose_rate,uSv/h,0.00036201574593351844,0.7625346541458958,441,441,1.0,True,False,lower_radiation_equivalent_priority,radiation_priority
198,198,RADIATION,12,52,523420.920497467,5696624.290406497,0.0,0.0005371086274252358,False,23.670599305412797,ground_equivalent_excess_gamma_dose_rate,uSv/h,0.0012713683103263008,2.2529986427449202,441,441,1.0,False,False,lower_radiation_equivalent_priority,radiation_priority
198,198,RADIATION,12,53,523440.920497467,5696624.290406497,0.0,0.0005371086274252358,False,10.310125407531768,ground_equivalent_excess_gamma_dose_rate,uSv/h,0.0005537657306221437,2.1650823418006127,441,441,1.0,False,False,lower_radiation_equivalent_priority,radiation_priority
198,198,RADIATION,13,52,523420.920497467,5696644.290406497,0.0,0.0005371086274252358,False,17.0986632027171,ground_equivalent_excess_gamma_dose_rate,uSv/h,0.0009183839523617766,2.272296415883863,441,441,1.0,False,False,lower_radiation_equivalent_priority,radiation_priority
198,198,RADIATION,13,54,523460.920497467,5696644.290406497,0.0003271664884262017,0.0005371086274252358,False,5.231542899956727,ground_equivalent_excess_gamma_dose_rate,uSv/h,0.00028099068263119956,1.4241885376451604,441,441,1.0,False,False,lower_radiation_equivalent_priority,radiation_priority
198,198,RADIATION,14,52,523420.920497467,5696664.290406497,0.00033456930952620637,0.0005371086274252358,False,12.524485052738122,ground_equivalent_excess_gamma_dose_rate,uSv/h,0.0006727008975884054,1.5535727186612414,441,441,1.0,False,False,lower_radiation_equivalent_priority,radiation_priority
198,198,RADIATION,14,53,523440.920497467,5696664.290406497,0.0006590512187409685,0.0005371086274252358,True,7.286173052045301,ground_equivalent_excess_gamma_dose_rate,uSv/h,0.00039134664071667925,1.505776732062405,441,441,1.0,True,True,highest_radiation_equivalent_priority,radiation_priority
198,198,RADIATION,14,54,523460.920497467,5696664.290406497,0.0009804056703765847,0.0005371086274252358,True,5.156377960867729,ground_equivalent_excess_gamma_dose_rate,uSv/h,0.0002769535089047402,0.867717117218854,441,441,1.0,True,False,lower_radiation_equivalent_priority,radiation_priority
199,199,RADIATION,13,52,523420.920497467,5696644.290406497,0.0,0.0005371086274252358,False,16.99277841276742,ground_equivalent_excess_gamma_dose_rate,uSv/h,0.0009126967889422687,2.4514447860269373,441,441,1.0,False,False,lower_radiation_equivalent_priority,radiation_priority
199,199,RADIATION,13,53,523440.920497467,5696644.290406497,0.0,0.0005371086274252358,False,7.759636208639481,ground_equivalent_excess_gamma_dose_rate,uSv/h,0.00041677675533415123,2.454514018742708,441,441,1.0,False,False,lower_radiation_equivalent_priority,radiation_priority
199,199,RADIATION,13,54,523460.920497467,5696644.290406497,0.0,0.0005371086274252358,False,5.110179721280587,ground_equivalent_excess_gamma_dose_rate,uSv/h,0.000274472161599329,1.6291058607007705,441,441,1.0,False,False,lower_radiation_equivalent_priority,radiation_priority
199,199,RADIATION,14,52,523420.920497467,5696664.290406497,0.00033456930952620637,0.0005371086274252358,False,11.954027018347858,ground_equivalent_excess_gamma_dose_rate,uSv/h,0.0006420611044029003,2.1406635699075034,441,441,1.0,False,False,lower_radiation_equivalent_priority,radiation_priority
199,199,RADIATION,14,54,523460.920497467,5696664.290406497,0.0006532391819503829,0.0005371086274252358,True,4.480176745985722,ground_equivalent_excess_gamma_dose_rate,uSv/h,0.00024063415826588506,1.5267835431614307,441,441,1.0,True,False,lower_radiation_equivalent_priority,radiation_priority
199,199,RADIATION,15,52,523420.920497467,5696684.290406497,0.000670841067095597,0.0005371086274252358,True,8.00807095987844,ground_equivalent_excess_gamma_dose_rate,uSv/h,0.00043012040015841994,0.8526932738307396,441,441,1.0,True,True,highest_radiation_equivalent_priority,radiation_priority
199,199,RADIATION,15,53,523440.920497467,5696684.290406497,0.000997236198606778,0.0005371086274252358,True,4.542323995610758,ground_equivalent_excess_gamma_dose_rate,uSv/h,0.0002439721406603207,0.9817962961749204,441,441,1.0,True,False,lower_radiation_equivalent_priority,radiation_priority
199,199,RADIATION,15,54,523460.920497467,5696684.290406497,0.0009859214687848706,0.0005371086274252358,True,3.8409398705064612,ground_equivalent_excess_gamma_dose_rate,uSv/h,0.00020630019418705885,0.7730469248043688,441,441,1.0,True,False,lower_radiation_equivalent_priority,radiation_priority
200,200,RADIATION,14,51,523400.920497467,5696664.290406497,0.0,0.0005371086274252358,False,16.91760386360425,ground_equivalent_excess_gamma_dose_rate,uSv/h,0.0009086590990504343,1.7282782415153002,441,441,1.0,False,False,lower_radiation_equivalent_priority,radiation_priority
200,200,RADIATION,14,52,523420.920497467,5696664.290406497,0.0,0.0005371086274252358,False,11.423742927894063,ground_equivalent_excess_gamma_dose_rate,uSv/h,0.0006135790884059924,2.2541492977710864,441,441,1.0,False,False,lower_radiation_equivalent_priority,radiation_priority
200,200,RADIATION,14,53,523440.920497467,5696664.290406497,0.0,0.0005371086274252358,False,6.058054491005172,ground_equivalent_excess_gamma_dose_rate,uSv/h,0.00032538333325310735,2.276781891827788,441,441,1.0,False,False,lower_radiation_equivalent_priority,radiation_priority
200,200,RADIATION,15,51,523400.920497467,5696684.290406497,0.0003387366710432625,0.0005371086274252358,False,6.997360654454183,ground_equivalent_excess_gamma_dose_rate,uSv/h,0.00037583427767132356,1.0856842298659457,441,441,1.0,False,False,lower_radiation_equivalent_priority,radiation_priority
200,200,RADIATION,15,53,523440.920497467,5696684.290406497,0.0006626668890805718,0.0005371086274252358,True,4.118756304463386,ground_equivalent_excess_gamma_dose_rate,uSv/h,0.00022122195453893662,1.5117596997733163,441,441,1.0,True,False,lower_radiation_equivalent_priority,radiation_priority
200,200,RADIATION,16,51,523400.920497467,5696704.290406497,0.0006789721104784124,0.0005371086274252358,True,4.801106193699474,ground_equivalent_excess_gamma_dose_rate,uSv/h,0.0002578715557820723,0.9027341221517341,441,441,1.0,True,True,highest_radiation_equivalent_priority,radiation_priority
200,200,RADIATION,16,52,523420.920497467,5696704.290406497,0.0010101857667054754,0.0005371086274252358,True,3.826334126270041,ground_equivalent_excess_gamma_dose_rate,uSv/h,0.00020551570706312406,0.8699861565771274,441,441,1.0,True,False,lower_radiation_equivalent_priority,radiation_priority
200,200,RADIATION,16,53,523440.920497467,5696704.290406497,0.0009996388012340897,0.0005371086274252358,True,3.58005644128193,ground_equivalent_excess_gamma_dose_rate,uSv/h,0.00019228792012818116,0.750280968540366,441,441,1.0,True,False,lower_radiation_equivalent_priority,radiation_priority
201,201,RADIATION,15,50,523380.920497467,5696684.290406497,0.0,0.0005371086274252358,False,8.483908862473474,ground_equivalent_excess_gamma_dose_rate,uSv/h,0.00045567806443239214,1.7220379449501957,441,441,1.0,False,False,lower_radiation_equivalent_priority,radiation_priority
201,201,RADIATION,15,51,523400.920497467,5696684.290406497,0.0,0.0005371086274252358,False,6.6053046829023,ground_equivalent_excess_gamma_dose_rate,uSv/h,0.00035477661319591365,1.5376209599968327,441,441,1.0,False,False,lower_radiation_equivalent_priority,radiation_priority
201,201,RADIATION,15,52,523420.920497467,5696684.290406497,0.0,0.0005371086274252358,False,5.160129080695084,ground_equivalent_excess_gamma_dose_rate,uSv/h,0.000277154984786918,1.534152851625633,441,441,1.0,False,False,lower_radiation_equivalent_priority,radiation_priority
201,201,RADIATION,16,50,523380.920497467,5696704.290406497,0.0,0.0005371086274252358,False,4.317839025453341,ground_equivalent_excess_gamma_dose_rate,uSv/h,0.00023191485924043618,1.7705114171474505,441,441,1.0,False,False,lower_radiation_equivalent_priority,radiation_priority
201,201,RADIATION,16,52,523420.920497467,5696704.290406497,0.0006714490956622129,0.0005371086274252358,True,3.4826575304947838,ground_equivalent_excess_gamma_dose_rate,uSv/h,0.00018705654059962144,1.4125649416987947,441,441,1.0,True,True,highest_radiation_equivalent_priority,radiation_priority
201,201,RADIATION,17,50,523380.920497467,5696724.290406497,0.00034366531955714095,0.0005371086274252358,False,3.093090031281658,ground_equivalent_excess_gamma_dose_rate,uSv/h,0.0001661325341204371,1.624305964998314,441,441,1.0,False,False,lower_radiation_equivalent_priority,radiation_priority
201,201,RADIATION,17,51,523400.920497467,5696724.290406497,0.00067940855467184,0.0005371086274252358,True,3.093090031281658,ground_equivalent_excess_gamma_dose_rate,uSv/h,0.0001661325341204371,0.9764486597407107,441,441,1.0,True,False,lower_radiation_equivalent_priority,radiation_priority
201,201,RADIATION,17,52,523420.920497467,5696724.290406497,0.001012288573646986,0.0005371086274252358,True,3.2228802686710605,ground_equivalent_excess_gamma_dose_rate,uSv/h,0.00017310367974617886,0.7691097241961429,441,441,1.0,True,False,lower_radiation_equivalent_priority,radiation_priority
202,202,RADIATION,15,51,523400.920497467,5696684.290406497,0.0,0.0005371086274252358,False,6.541858950518954,ground_equivalent_excess_gamma_dose_rate,uSv/h,0.0003513688881722729,2.047451779543893,441,441,1.0,False,False,lower_radiation_equivalent_priority,radiation_priority
202,202,RADIATION,15,52,523420.920497467,5696684.290406497,0.0,0.0005371086274252358,False,4.933742413765872,ground_equivalent_excess_gamma_dose_rate,uSv/h,0.00026499556159274574,2.091019287022296,441,441,1.0,False,False,lower_radiation_equivalent_priority,radiation_priority
202,202,RADIATION,15,53,523440.920497467,5696684.290406497,0.0003290471039507253,0.0005371086274252358,False,3.9897342694852367,ground_equivalent_excess_gamma_dose_rate,uSv/h,0.00021429206972746413,1.6451565175418512,441,441,1.0,False,False,lower_radiation_equivalent_priority,radiation_priority
202,202,RADIATION,16,51,523400.920497467,5696704.290406497,0.0,0.0005371086274252358,False,3.9159817497640983,ground_equivalent_excess_gamma_dose_rate,uSv/h,0.0002103307582638068,2.0790939432710536,441,441,1.0,False,False,lower_radiation_equivalent_priority,radiation_priority
202,202,RADIATION,16,53,523440.920497467,5696704.290406497,0.0006660190161042434,0.0005371086274252358,True,3.196229993174398,ground_equivalent_excess_gamma_dose_rate,uSv/h,0.0001716722704569272,1.524980708973841,441,441,1.0,True,True,highest_radiation_equivalent_priority,radiation_priority
202,202,RADIATION,17,51,523400.920497467,5696724.290406497,0.0003415792441394735,0.0005371086274252358,False,3.033807062699665,ground_equivalent_excess_gamma_dose_rate,uSv/h,0.00016294839473196033,1.3922777839921427,441,441,1.0,False,False,lower_radiation_equivalent_priority,radiation_priority
202,202,RADIATION,17,52,523420.920497467,5696724.290406497,0.0006744592631146194,0.0005371086274252358,True,2.7830263679191733,ground_equivalent_excess_gamma_dose_rate,uSv/h,0.00014947874725613065,1.3943324054516721,441,441,1.0,True,False,lower_radiation_equivalent_priority,radiation_priority
202,202,RADIATION,17,53,523440.920497467,5696724.290406497,0.001004321426068449,0.0005371086274252358,True,2.656572649501388,ground_equivalent_excess_gamma_dose_rate,uSv/h,0.00014268680894291124,0.867717117218854,441,441,1.0,True,False,lower_radiation_equivalent_priority,radiation_priority
203,203,RADIATION,15,52,523420.920497467,5696684.290406497,0.0,0.0005371086274252358,False,4.894274443037013,ground_equivalent_excess_gamma_dose_rate,uSv/h,0.00026287570283420206,2.3424039290672276,441,441,1.0,False,False,lower_radiation_equivalent_priority,radiation_priority
203,203,RADIATION,15,53,523440.920497467,5696684.290406497,0.0003290471039507253,0.0005371086274252358,False,3.8661576610096935,ground_equivalent_excess_gamma_dose_rate,uSv/h,0.00020765466347144766,2.1598675468189397,441,441,1.0,False,False,lower_radiation_equivalent_priority,radiation_priority
203,203,RADIATION,15,54,523460.920497467,5696684.290406497,0.0006551206078730361,0.0005371086274252358,True,3.5798462293254794,ground_equivalent_excess_gamma_dose_rate,uSv/h,0.00019227662946264142,1.022077057063802,441,441,1.0,True,True,highest_radiation_equivalent_priority,radiation_priority
203,203,RADIATION,16,52,523420.920497467,5696704.290406497,0.0,0.0005371086274252358,False,3.0489641284401103,ground_equivalent_excess_gamma_dose_rate,uSv/h,0.00016376249380952481,2.378496434179525,441,441,1.0,False,False,lower_radiation_equivalent_priority,radiation_priority
203,203,RADIATION,16,54,523460.920497467,5696704.290406497,0.0009893061727594041,0.0005371086274252358,True,2.4085807504172134,ground_equivalent_excess_gamma_dose_rate,uSv/h,0.0001293669500899434,1.0538527128020034,441,441,1.0,True,False,lower_radiation_equivalent_priority,radiation_priority
203,203,RADIATION,17,52,523420.920497467,5696724.290406497,0.00033924110792221045,0.0005371086274252358,False,2.730281496126148,ground_equivalent_excess_gamma_dose_rate,uSv/h,0.00014664577468688345,1.5768819226009405,441,441,1.0,False,False,lower_radiation_equivalent_priority,radiation_priority
203,203,RADIATION,17,53,523440.920497467,5696724.290406497,0.0006691032708760402,0.0005371086274252358,True,2.3848480771675673,ground_equivalent_excess_gamma_dose_rate,uSv/h,0.0001280922477345185,1.490885177014854,441,441,1.0,True,False,lower_radiation_equivalent_priority,radiation_priority
203,203,RADIATION,17,54,523460.920497467,5696724.290406497,0.0009958131230006946,0.0005371086274252358,True,2.1108205445999366,ground_equivalent_excess_gamma_dose_rate,uSv/h,0.00011337399254510608,0.7792290433810365,441,441,1.0,True,False,lower_radiation_equivalent_priority,radiation_priority
204,204,RADIATION,14,53,523440.920497467,5696664.290406497,0.0,0.0005371086274252358,False,6.0263607528954255,ground_equivalent_excess_gamma_dose_rate,uSv/h,0.00032368103523569726,2.3029554804165686,441,441,1.0,False,False,lower_radiation_equivalent_priority,radiation_priority
204,204,RADIATION,14,54,523460.920497467,5696664.290406497,0.0003241920779996576,0.0005371086274252358,False,4.306339782869352,ground_equivalent_excess_gamma_dose_rate,uSv/h,0.00023129722500036458,1.6569638949089007,441,441,1.0,False,False,lower_radiation_equivalent_priority,radiation_priority
204,204,RADIATION,14,55,523480.920497467,5696664.290406497,0.0003241920779996576,0.0005371086274252358,False,3.508740767832637,ground_equivalent_excess_gamma_dose_rate,uSv/h,0.00018845749378015555,0.8113052195735678,441,441,1.0,False,False,lower_radiation_equivalent_priority,radiation_priority
204,204,RADIATION,15,53,523440.920497467,5696684.290406497,0.0,0.0005371086274252358,False,3.763024459736051,ground_equivalent_excess_gamma_dose_rate,uSv/h,0.00020211529025364198,2.261327169264049,441,441,1.0,False,False,lower_radiation_equivalent_priority,radiation_priority
204,204,RADIATION,15,55,523480.920497467,5696684.290406497,0.0009750065098444159,0.0005371086274252358,True,2.2934622655354637,ground_equivalent_excess_gamma_dose_rate,uSv/h,0.00012318383694933247,0.9330985417980057,441,441,1.0,True,True,highest_radiation_equivalent_priority,radiation_priority
204,204,RADIATION,16,53,523440.920497467,5696704.290406497,0.0,0.0005371086274252358,False,2.7051477656500116,ground_equivalent_excess_gamma_dose_rate,uSv/h,0.00014529582033907213,2.282259441554714,441,441,1.0,False,False,lower_radiation_equivalent_priority,radiation_priority
204,204,RADIATION,16,54,523460.920497467,5696704.290406497,0.0006602590688086789,0.0005371086274252358,True,2.256105054636593,ground_equivalent_excess_gamma_dose_rate,uSv/h,0.0001211773489222997,1.6186835777933313,441,441,1.0,True,False,lower_radiation_equivalent_priority,radiation_priority
204,204,RADIATION,16,55,523480.920497467,5696704.290406497,0.000982043308814243,0.0005371086274252358,True,2.049641715682838,ground_equivalent_excess_gamma_dose_rate,uSv/h,0.00011008802486239146,0.7813634098016726,441,441,1.0,True,False,lower_radiation_equivalent_priority,radiation_priority
205,205,RADIATION,14,54,523460.920497467,5696664.290406497,0.0,0.0005371086274252358,False,4.276823912345337,ground_equivalent_excess_gamma_dose_rate,uSv/h,0.00022971190212992313,1.7603314822724443,441,441,1.0,False,False,lower_radiation_equivalent_priority,radiation_priority
205,205,RADIATION,14,55,523480.920497467,5696664.290406497,0.0,0.0005371086274252358,False,3.0493935909474055,ground_equivalent_excess_gamma_dose_rate,uSv/h,0.0001637855606113072,1.4461920574186666,441,441,1.0,False,False,lower_radiation_equivalent_priority,radiation_priority
205,205,RADIATION,15,54,523460.920497467,5696684.290406497,0.0,0.0005371086274252358,False,2.8942423961224564,ground_equivalent_excess_gamma_dose_rate,uSv/h,0.0001554522560817258,1.8094480572566356,441,441,1.0,False,False,lower_radiation_equivalent_priority,radiation_priority
205,205,RADIATION,16,54,523460.920497467,5696704.290406497,0.0003324248584467079,0.0005371086274252358,False,2.2133169044486545,ground_equivalent_excess_gamma_dose_rate,uSv/h,0.00011887916046054886,1.7201432002384405,441,441,1.0,False,False,lower_radiation_equivalent_priority,radiation_priority
205,205,RADIATION,16,55,523480.920497467,5696704.290406497,0.0006542090984522719,0.0005371086274252358,True,1.8567599331608735,ground_equivalent_excess_gamma_dose_rate,uSv/h,9.972817791582093e-05,1.4045314695976725,441,441,1.0,True,True,highest_radiation_equivalent_priority,radiation_priority
205,205,RADIATION,16,56,523500.920497467,5696704.290406497,0.000651115138320128,0.0005371086274252358,True,1.6025977538921128,ground_equivalent_excess_gamma_dose_rate,uSv/h,8.607690799077585e-05,0.7604002877252596,441,441,1.0,True,False,lower_radiation_equivalent_priority,radiation_priority
206,206,RADIATION,15,54,523460.920497467,5696684.290406497,0.0,0.0005371086274252358,False,2.8781172947264975,ground_equivalent_excess_gamma_dose_rate,uSv/h,0.00015458616297393818,2.1134147343964607,441,441,1.0,False,False,lower_radiation_equivalent_priority,radiation_priority
206,206,RADIATION,15,55,523480.920497467,5696684.290406497,0.0,0.0005371086274252358,False,1.9111373573671682,ground_equivalent_excess_gamma_dose_rate,uSv/h,0.0001026488362836572,2.122064839876293,441,441,1.0,False,False,lower_radiation_equivalent_priority,radiation_priority
206,206,RADIATION,16,54,523460.920497467,5696704.290406497,0.0003324248584467079,0.0005371086274252358,False,2.1606001166528572,ground_equivalent_excess_gamma_dose_rate,uSv/h,0.00011604769630702205,2.039418307442771,441,441,1.0,False,False,lower_radiation_equivalent_priority,radiation_priority
206,206,RADIATION,16,56,523500.920497467,5696704.290406497,0.0003263771189543735,0.0005371086274252358,False,1.4543638434319748,ground_equivalent_excess_gamma_dose_rate,uSv/h,7.811513677226385e-05,1.4194667136678363,441,441,1.0,False,False,lower_radiation_equivalent_priority,radiation_priority
206,206,RADIATION,17,54,523460.920497467,5696724.290406497,0.0006663420439141772,0.0005371086274252358,True,2.0080707663674695,ground_equivalent_excess_gamma_dose_rate,uSv/h,0.00010785521330963729,1.0008998026014704,441,441,1.0,True,True,highest_radiation_equivalent_priority,radiation_priority
206,206,RADIATION,17,55,523480.920497467,5696724.290406497,0.0009897837790381952,0.0005371086274252358,True,1.4795678854617642,ground_equivalent_excess_gamma_dose_rate,uSv/h,7.946886761428266e-05,1.013476944920499,441,441,1.0,True,False,lower_radiation_equivalent_priority,radiation_priority
206,206,RADIATION,17,56,523500.920497467,5696724.290406497,0.0006542720148678024,0.0005371086274252358,True,1.3354350786631703,ground_equivalent_excess_gamma_dose_rate,uSv/h,7.172737021162873e-05,0.7730469248043688,441,441,1.0,True,False,lower_radiation_equivalent_priority,radiation_priority
207,207,RADIATION,16,53,523440.920497467,5696704.290406497,0.0,0.0005371086274252358,False,2.6940248425325066,ground_equivalent_excess_gamma_dose_rate,uSv/h,0.00014469839854221216,2.308799022685891,441,441,1.0,False,False,lower_radiation_equivalent_priority,radiation_priority
207,207,RADIATION,16,54,523460.920497467,5696704.290406497,0.0,0.0005371086274252358,False,2.1108427575792517,ground_equivalent_excess_gamma_dose_rate,uSv/h,0.00011337518562338917,2.152904035306354,441,441,1.0,False,False,lower_radiation_equivalent_priority,radiation_priority
207,207,RADIATION,16,55,523480.920497467,5696704.290406497,0.0,0.0005371086274252358,False,1.6329200077200994,ground_equivalent_excess_gamma_dose_rate,uSv/h,8.770554240417481e-05,2.1625367809669256,441,441,1.0,False,False,lower_radiation_equivalent_priority,radiation_priority
207,207,RADIATION,17,53,523440.920497467,5696724.290406497,0.00033667841242933225,0.0005371086274252358,False,2.310127572776161,ground_equivalent_excess_gamma_dose_rate,uSv/h,0.00012407894497909954,1.635786640446569,441,441,1.0,False,False,lower_radiation_equivalent_priority,radiation_priority
207,207,RADIATION,17,55,523480.920497467,5696724.290406497,0.0006573589205914872,0.0005371086274252358,True,1.3980536897704448,ground_equivalent_excess_gamma_dose_rate,uSv/h,7.5090669837939e-05,1.6064298921878015,441,441,1.0,True,False,lower_radiation_equivalent_priority,radiation_priority
207,207,RADIATION,18,53,523440.920497467,5696744.290406497,0.0010139199282532217,0.0005371086274252358,True,1.9826522110144058,ground_equivalent_excess_gamma_dose_rate,uSv/h,0.00010648996077195565,0.7661451528353271,441,441,1.0,True,True,highest_radiation_equivalent_priority,radiation_priority
207,207,RADIATION,18,54,523460.920497467,5696744.290406497,0.001002937178854567,0.0005371086274252358,True,1.411633431279774,ground_equivalent_excess_gamma_dose_rate,uSv/h,7.582004947022554e-05,0.9011557306646524,441,441,1.0,True,False,lower_radiation_equivalent_priority,radiation_priority
207,207,RADIATION,18,55,523480.920497467,5696744.290406497,0.0009912416089602142,0.0005371086274252358,True,1.2989764378404678,ground_equivalent_excess_gamma_dose_rate,uSv/h,6.976914515862158e-05,0.7691097241961429,441,441,1.0,True,False,lower_radiation_equivalent_priority,radiation_priority
208,208,RADIATION,17,52,523420.920497467,5696724.290406497,0.0,0.0005371086274252358,False,2.7120467776129193,ground_equivalent_excess_gamma_dose_rate,uSv/h,0.00014566637222367088,1.7204064772355008,441,441,1.0,False,False,lower_radiation_equivalent_priority,radiation_priority
208,208,RADIATION,17,53,523440.920497467,5696724.290406497,0.0,0.0005371086274252358,False,2.238425219264493,ground_equivalent_excess_gamma_dose_rate,uSv/h,0.00012022774971131844,1.7492723683101519,441,441,1.0,False,False,lower_radiation_equivalent_priority,radiation_priority
208,208,RADIATION,17,54,523460.920497467,5696724.290406497,0.0,0.0005371086274252358,False,1.6899392402151021,ground_equivalent_excess_gamma_dose_rate,uSv/h,9.076809457439794e-05,1.7495049466549586,441,441,1.0,False,False,lower_radiation_equivalent_priority,radiation_priority
208,208,RADIATION,18,52,523420.920497467,5696744.290406497,0.0006820871248983404,0.0005371086274252358,True,2.1793845909797076,ground_equivalent_excess_gamma_dose_rate,uSv/h,0.00011705662662928196,0.9658716743249476,441,441,1.0,True,True,highest_radiation_equivalent_priority,radiation_priority
208,208,RADIATION,18,54,523460.920497467,5696744.290406497,0.0006662587664252347,0.0005371086274252358,True,1.3053255104931107,ground_equivalent_excess_gamma_dose_rate,uSv/h,7.011015932841e-05,1.4252115787779038,441,441,1.0,True,False,lower_radiation_equivalent_priority,radiation_priority
208,208,RADIATION,19,52,523420.920497467,5696764.290406497,0.0012933348490859011,0.0005371086274252358,True,1.1843529329929747,ground_equivalent_excess_gamma_dose_rate,uSv/h,6.361261782269089e-05,0.639999567685956,441,441,1.0,True,False,lower_radiation_equivalent_priority,radiation_priority
208,208,RADIATION,19,53,523440.920497467,5696764.290406497,0.0010149701315781963,0.0005371086274252358,True,1.1954055632252705,ground_equivalent_excess_gamma_dose_rate,uSv/h,6.42062641280416e-05,0.850759774806334,441,441,1.0,True,False,lower_radiation_equivalent_priority,radiation_priority
208,208,RADIATION,19,54,523460.920497467,5696764.290406497,0.0010041462345240968,0.0005371086274252358,True,1.229926371050784,ground_equivalent_excess_gamma_dose_rate,uSv/h,6.606040649891878e-05,0.750280968540366,441,441,1.0,True,False,lower_radiation_equivalent_priority,radiation_priority
209,209,RADIATION,17,51,523400.920497467,5696724.290406497,0.0,0.0005371086274252358,False,3.0060751541189403,ground_equivalent_excess_gamma_dose_rate,uSv/h,0.00016145888999659282,1.6208586456560337,441,441,1.0,False,False,lower_radiation_equivalent_priority,radiation_priority
209,209,RADIATION,17,52,523420.920497467,5696724.290406497,0.0,0.0005371086274252358,False,2.6186046238255876,ground_equivalent_excess_gamma_dose_rate,uSv/h,0.00014064751352723374,1.8354807133395326,441,441,1.0,False,False,lower_radiation_equivalent_priority,radiation_priority
209,209,RADIATION,17,53,523440.920497467,5696724.290406497,0.0,0.0005371086274252358,False,2.1820012710409373,ground_equivalent_excess_gamma_dose_rate,uSv/h,0.00011719717077289177,1.8338922050990836,441,441,1.0,False,False,lower_radiation_equivalent_priority,radiation_priority
209,209,RADIATION,18,51,523400.920497467,5696744.290406497,0.0006864351745440722,0.0005371086274252358,True,2.173641664598865,ground_equivalent_excess_gamma_dose_rate,uSv/h,0.00011674816909870013,0.9717100827111468,441,441,1.0,True,True,highest_radiation_equivalent_priority,radiation_priority
209,209,RADIATION,18,53,523440.920497467,5696744.290406497,0.0,0.0005371086274252358,False,1.4036483477816961,ground_equivalent_excess_gamma_dose_rate,uSv/h,7.539116374647269e-05,1.731730180187863,441,441,1.0,False,False,lower_radiation_equivalent_priority,radiation_priority
209,209,RADIATION,19,51,523400.920497467,5696764.290406497,0.0015723517122595253,0.0005371086274252358,True,1.446016822000003,ground_equivalent_excess_gamma_dose_rate,uSv/h,7.766681104982231e-05,0.7246276822411091,441,441,1.0,True,False,lower_radiation_equivalent_priority,radiation_priority
209,209,RADIATION,19,52,523420.920497467,5696764.290406497,0.0009528269683270342,0.0005371086274252358,True,1.306346163992878,ground_equivalent_excess_gamma_dose_rate,uSv/h,7.016497950844368e-05,1.2869009073409536,441,441,1.0,True,False,lower_radiation_equivalent_priority,radiation_priority
209,209,RADIATION,19,53,523440.920497467,5696764.290406497,0.0006744622508193294,0.0005371086274252358,True,1.2558743415024938,ground_equivalent_excess_gamma_dose_rate,uSv/h,6.745409437829763e-05,1.289045477540042,441,441,1.0,True,False,lower_radiation_equivalent_priority,radiation_priority
210,210,RADIATION,17,50,523380.920497467,5696724.290406497,0.0,0.0005371086274252358,False,2.921127803465539,ground_equivalent_excess_gamma_dose_rate,uSv/h,0.00015689629450530695,1.6421049992499486,441,441,1.0,False,False,lower_radiation_equivalent_priority,radiation_priority
210,210,RADIATION,17,51,523400.920497467,5696724.290406497,0.0,0.0005371086274252358,False,2.864200644443931,ground_equivalent_excess_gamma_dose_rate,uSv/h,0.00015383868768077555,1.7343443735196165,441,441,1.0,False,False,lower_radiation_equivalent_priority,radiation_priority
210,210,RADIATION,17,52,523420.920497467,5696724.290406497,0.0,0.0005371086274252358,False,2.541629310608992,ground_equivalent_excess_gamma_dose_rate,uSv/h,0.00013651310304449443,1.8611505563883757,441,441,1.0,False,False,lower_radiation_equivalent_priority,radiation_priority
210,210,RADIATION,18,50,523380.920497467,5696744.290406497,0.0006156334771471522,0.0005371086274252358,True,2.1683190266395314,ground_equivalent_excess_gamma_dose_rate,uSv/h,0.00011646228562183819,1.0081497290209094,441,441,1.0,True,True,highest_radiation_equivalent_priority,radiation_priority
210,210,RADIATION,18,52,523420.920497467,5696744.290406497,0.0,0.0005371086274252358,False,1.5471813855337877,ground_equivalent_excess_gamma_dose_rate,uSv/h,8.310044703619272e-05,1.8962812546554733,441,441,1.0,False,False,lower_radiation_equivalent_priority,radiation_priority
210,210,RADIATION,19,50,523380.920497467,5696764.290406497,0.0018515543038689292,0.0005371086274252358,True,1.774854081290421,ground_equivalent_excess_gamma_dose_rate,uSv/h,9.53289439481976e-05,0.743456437896886,441,441,1.0,True,False,lower_radiation_equivalent_priority,radiation_priority
210,210,RADIATION,19,51,523400.920497467,5696764.290406497,0.001229581857272594,0.0005371086274252358,True,1.442842907711031,ground_equivalent_excess_gamma_dose_rate,uSv/h,7.74963373750908e-05,1.3715290218961065,441,441,1.0,True,False,lower_radiation_equivalent_priority,radiation_priority
210,210,RADIATION,19,52,523420.920497467,5696764.290406497,0.0006100571133401029,0.0005371086274252358,True,1.3704378454148398,ground_equivalent_excess_gamma_dose_rate,uSv/h,7.36073990122362e-05,1.4453408780889299,441,441,1.0,True,False,lower_radiation_equivalent_priority,radiation_priority
211,211,RADIATION,17,49,523360.920497467,5696724.290406497,0.0,0.0005371086274252358,False,2.704633129342597,ground_equivalent_excess_gamma_dose_rate,uSv/h,0.00014526817877900223,2.1242857958836074,441,441,1.0,False,False,lower_radiation_equivalent_priority,radiation_priority
211,211,RADIATION,17,50,523380.920497467,5696724.290406497,0.0,0.0005371086274252358,False,2.772997252482529,ground_equivalent_excess_gamma_dose_rate,uSv/h,0.0001489400748134841,1.7514272042170957,441,441,1.0,False,False,lower_radiation_equivalent_priority,radiation_priority
211,211,RADIATION,17,51,523400.920497467,5696724.290406497,0.0,0.0005371086274252358,False,2.7471154644610496,ground_equivalent_excess_gamma_dose_rate,uSv/h,0.00014754994164953135,1.7542554634245686,441,441,1.0,False,False,lower_radiation_equivalent_priority,radiation_priority
211,211,RADIATION,18,49,523360.920497467,5696744.290406497,0.000618623502992799,0.0005371086274252358,True,2.0970765603577726,ground_equivalent_excess_gamma_dose_rate,uSv/h,0.00011263579129393978,1.5281328579029672,441,441,1.0,True,True,highest_radiation_equivalent_priority,radiation_priority
211,211,RADIATION,18,51,523400.920497467,5696744.290406497,0.0,0.0005371086274252358,False,1.6246311656560182,ground_equivalent_excess_gamma_dose_rate,uSv/h,8.726034154577647e-05,1.9220817188404473,441,441,1.0,False,False,lower_radiation_equivalent_priority,radiation_priority
211,211,RADIATION,19,49,523360.920497467,5696764.290406497,0.0013136012972470548,0.0005371086274252358,True,1.6700055670959508,ground_equivalent_excess_gamma_dose_rate,uSv/h,8.969743979354088e-05,0.8319445117347035,441,441,1.0,True,False,lower_radiation_equivalent_priority,radiation_priority
211,211,RADIATION,19,50,523380.920497467,5696764.290406497,0.0012359208267217771,0.0005371086274252358,True,1.571870266552979,ground_equivalent_excess_gamma_dose_rate,uSv/h,8.442650813588101e-05,1.3903577775518836,441,441,1.0,True,False,lower_radiation_equivalent_priority,radiation_priority
211,211,RADIATION,19,51,523400.920497467,5696764.290406497,0.0006139483801254418,0.0005371086274252358,True,1.4712354273455288,ground_equivalent_excess_gamma_dose_rate,uSv/h,7.902132410009371e-05,1.4850279699663687,441,441,1.0,True,False,lower_radiation_equivalent_priority,radiation_priority
212,212,RADIATION,17,48,523340.920497467,5696724.290406497,0.0,0.0005371086274252358,False,2.558108003367957,ground_equivalent_excess_gamma_dose_rate,uSv/h,0.00013739818784944737,2.1844533888006845,441,441,1.0,False,False,lower_radiation_equivalent_priority,radiation_priority
212,212,RADIATION,17,49,523360.920497467,5696724.290406497,0.0,0.0005371086274252358,False,2.6310723242445087,ground_equivalent_excess_gamma_dose_rate,uSv/h,0.0001413171644731493,2.259871493662715,441,441,1.0,False,False,lower_radiation_equivalent_priority,radiation_priority
212,212,RADIATION,17,50,523380.920497467,5696724.290406497,0.0,0.0005371086274252358,False,2.739502316148992,ground_equivalent_excess_gamma_dose_rate,uSv/h,0.00014714103288550396,2.187199283845544,441,441,1.0,False,False,lower_radiation_equivalent_priority,radiation_priority
212,212,RADIATION,18,48,523340.920497467,5696744.290406497,0.00034775831149131266,0.0005371086274252358,False,1.874027396835731,ground_equivalent_excess_gamma_dose_rate,uSv/h,0.00010065562828717271,1.8012512059447654,441,441,1.0,False,False,lower_radiation_equivalent_priority,radiation_priority
212,212,RADIATION,18,50,523380.920497467,5696744.290406497,0.0,0.0005371086274252358,False,1.772798304564878,ground_equivalent_excess_gamma_dose_rate,uSv/h,9.521852640666268e-05,2.2047720086007723,441,441,1.0,False,False,lower_radiation_equivalent_priority,radiation_priority
212,212,RADIATION,19,48,523340.920497467,5696764.290406497,0.0006961273320333771,0.0005371086274252358,True,1.5412896821069568,ground_equivalent_excess_gamma_dose_rate,uSv/h,8.278399856211456e-05,0.9603350148525165,441,441,1.0,True,False,lower_radiation_equivalent_priority,radiation_priority
212,212,RADIATION,19,49,523360.920497467,5696764.290406497,0.000694977794254256,0.0005371086274252358,True,1.554369773772667,ground_equivalent_excess_gamma_dose_rate,uSv/h,8.348654157023115e-05,1.4788458513897011,441,441,1.0,True,True,highest_radiation_equivalent_priority,radiation_priority
212,212,RADIATION,19,50,523380.920497467,5696764.290406497,0.0006172973237289782,0.0005371086274252358,True,1.5385974711867547,ground_equivalent_excess_gamma_dose_rate,uSv/h,8.263939759090567e-05,1.5227984500729606,441,441,1.0,True,False,lower_radiation_equivalent_priority,radiation_priority
213,213,RADIATION,18,48,523340.920497467,5696744.290406497,0.0,0.0005371086274252358,False,1.8310557265375749,ground_equivalent_excess_gamma_dose_rate,uSv/h,9.834758280197148e-05,1.9105734109119126,441,441,1.0,False,False,lower_radiation_equivalent_priority,radiation_priority
213,213,RADIATION,18,49,523360.920497467,5696744.290406497,0.0,0.0005371086274252358,False,1.831111990131832,ground_equivalent_excess_gamma_dose_rate,uSv/h,9.835060476816004e-05,2.4410905683452486,441,441,1.0,False,False,lower_radiation_equivalent_priority,radiation_priority
213,213,RADIATION,18,50,523380.920497467,5696744.290406497,0.0,0.0005371086274252358,False,1.7407473015636108,ground_equivalent_excess_gamma_dose_rate,uSv/h,9.349703938370141e-05,2.4246713753086966,441,441,1.0,False,False,lower_radiation_equivalent_priority,radiation_priority
213,213,RADIATION,19,48,523340.920497467,5696764.290406497,0.00034836902054206437,0.0005371086274252358,False,1.3748259181263867,ground_equivalent_excess_gamma_dose_rate,uSv/h,7.384308618335031e-05,1.5952218526976152,441,441,1.0,False,False,lower_radiation_equivalent_priority,radiation_priority
213,213,RADIATION,19,50,523380.920497467,5696764.290406497,0.0006172973237289782,0.0005371086274252358,True,1.4483811723607232,ground_equivalent_excess_gamma_dose_rate,uSv/h,7.77938023475222e-05,2.137912277332278,441,441,1.0,True,True,highest_radiation_equivalent_priority,radiation_priority
213,213,RADIATION,20,48,523340.920497467,5696784.290406497,0.0013205606059203687,0.0005371086274252358,True,1.2330437297060028,ground_equivalent_excess_gamma_dose_rate,uSv/h,6.622784252176846e-05,0.7622079522271012,441,441,1.0,True,False,lower_radiation_equivalent_priority,radiation_priority
213,213,RADIATION,20,49,523360.920497467,5696784.290406497,0.0013135189371660575,0.0005371086274252358,True,1.2199497759155005,ground_equivalent_excess_gamma_dose_rate,uSv/h,6.552455496696984e-05,0.9816249759947011,441,441,1.0,True,False,lower_radiation_equivalent_priority,radiation_priority
213,213,RADIATION,20,50,523380.920497467,5696784.290406497,0.0015777144487019287,0.0005371086274252358,True,1.357332064610082,ground_equivalent_excess_gamma_dose_rate,uSv/h,7.290347621829825e-05,0.8744293059239165,441,441,1.0,True,False,lower_radiation_equivalent_priority,radiation_priority
214,214,RADIATION,18,49,523360.920497467,5696744.290406497,0.0,0.0005371086274252358,False,1.8245624763647417,ground_equivalent_excess_gamma_dose_rate,uSv/h,9.799882473318557e-05,2.8135181548705983,441,441,1.0,False,False,lower_radiation_equivalent_priority,radiation_priority
214,214,RADIATION,18,50,523380.920497467,5696744.290406497,0.0,0.0005371086274252358,False,1.7129323935316867,ground_equivalent_excess_gamma_dose_rate,uSv/h,9.20030766762028e-05,2.8255017208664914,441,441,1.0,False,False,lower_radiation_equivalent_priority,radiation_priority
214,214,RADIATION,18,51,523400.920497467,5696744.290406497,0.0,0.0005371086274252358,False,1.5818201843675266,ground_equivalent_excess_gamma_dose_rate,uSv/h,8.496092680591756e-05,2.397707260737017,441,441,1.0,False,False,lower_radiation_equivalent_priority,radiation_priority
214,214,RADIATION,19,49,523360.920497467,5696764.290406497,0.0,0.0005371086274252358,False,1.3597790393511038,ground_equivalent_excess_gamma_dose_rate,uSv/h,7.30349053427477e-05,2.772799115177377,441,441,1.0,False,False,lower_radiation_equivalent_priority,radiation_priority
214,214,RADIATION,19,51,523400.920497467,5696764.290406497,0.0006139483801254418,0.0005371086274252358,True,1.3710519159993584,ground_equivalent_excess_gamma_dose_rate,uSv/h,7.364038127311552e-05,2.278556466055621,441,441,1.0,True,True,highest_radiation_equivalent_priority,radiation_priority
214,214,RADIATION,20,49,523360.920497467,5696784.290406497,0.0006962216134370793,0.0005371086274252358,True,1.1815085610431697,ground_equivalent_excess_gamma_dose_rate,uSv/h,6.345984415130623e-05,1.4975973657199164,441,441,1.0,True,False,lower_radiation_equivalent_priority,radiation_priority
214,214,RADIATION,20,50,523380.920497467,5696784.290406497,0.0009604171249729505,0.0005371086274252358,True,1.2096948758181882,ground_equivalent_excess_gamma_dose_rate,uSv/h,6.497375543540481e-05,1.4997005741440477,441,441,1.0,True,False,lower_radiation_equivalent_priority,radiation_priority
214,214,RADIATION,20,51,523400.920497467,5696784.290406497,0.0015687142887125132,0.0005371086274252358,True,1.3008176921345356,ground_equivalent_excess_gamma_dose_rate,uSv/h,6.986804051528434e-05,1.0067570096499554,441,441,1.0,True,False,lower_radiation_equivalent_priority,radiation_priority
215,215,RADIATION,18,50,523380.920497467,5696744.290406497,0.0,0.0005371086274252358,False,1.708384236950686,ground_equivalent_excess_gamma_dose_rate,uSv/h,9.175879126234918e-05,3.0023686017227798,441,441,1.0,False,False,lower_radiation_equivalent_priority,radiation_priority
215,215,RADIATION,18,51,523400.920497467,5696744.290406497,0.0,0.0005371086274252358,False,1.5551860021779556,ground_equivalent_excess_gamma_dose_rate,uSv/h,8.353038190207414e-05,2.918572847471669,441,441,1.0,False,False,lower_radiation_equivalent_priority,radiation_priority
215,215,RADIATION,18,52,523420.920497467,5696744.290406497,0.0,0.0005371086274252358,False,1.5125170238038985,ground_equivalent_excess_gamma_dose_rate,uSv/h,8.123859426126145e-05,2.367353782832,441,441,1.0,False,False,lower_radiation_equivalent_priority,radiation_priority
215,215,RADIATION,19,50,523380.920497467,5696764.290406497,0.0,0.0005371086274252358,False,1.3366102958338946,ground_equivalent_excess_gamma_dose_rate,uSv/h,7.179049213977814e-05,2.995018114418084,441,441,1.0,False,False,lower_radiation_equivalent_priority,radiation_priority
215,215,RADIATION,19,52,523420.920497467,5696764.290406497,0.0006100571133401029,0.0005371086274252358,True,1.2836661551712023,ground_equivalent_excess_gamma_dose_rate,uSv/h,6.894681666762342e-05,2.2597277103998437,441,441,1.0,True,True,highest_radiation_equivalent_priority,radiation_priority
215,215,RADIATION,20,50,523380.920497467,5696784.290406497,0.0003464687448475087,0.0005371086274252358,False,1.1758647569635496,ground_equivalent_excess_gamma_dose_rate,uSv/h,6.315671056504007e-05,1.685113763173252,441,441,1.0,False,False,lower_radiation_equivalent_priority,radiation_priority
215,215,RADIATION,20,51,523400.920497467,5696784.290406497,0.0009547659085870715,0.0005371086274252358,True,1.1669992341908555,ground_equivalent_excess_gamma_dose_rate,uSv/h,6.268053568825518e-05,1.6299250694459553,441,441,1.0,True,False,lower_radiation_equivalent_priority,radiation_priority
215,215,RADIATION,20,52,523420.920497467,5696784.290406497,0.0015610590945180436,0.0005371086274252358,True,1.211862657724103,ground_equivalent_excess_gamma_dose_rate,uSv/h,6.509018887180913e-05,1.0067570096499554,441,441,1.0,True,False,lower_radiation_equivalent_priority,radiation_priority
216,216,RADIATION,18,51,523400.920497467,5696744.290406497,0.0,0.0005371086274252358,False,1.5505273495148753,ground_equivalent_excess_gamma_dose_rate,uSv/h,8.328016164832235e-05,3.017319381479226,441,441,1.0,False,False,lower_radiation_equivalent_priority,radiation_priority
216,216,RADIATION,18,52,523420.920497467,5696744.290406497,0.0,0.0005371086274252358,False,1.4856378678245152,ground_equivalent_excess_gamma_dose_rate,uSv/h,7.979489160381793e-05,2.897086281631255,441,441,1.0,False,False,lower_radiation_equivalent_priority,radiation_priority
216,216,RADIATION,18,53,523440.920497467,5696744.290406497,0.0,0.0005371086274252358,False,1.3797873864933312,ground_equivalent_excess_gamma_dose_rate,uSv/h,7.410957092980866e-05,2.2809798065320654,441,441,1.0,False,False,lower_radiation_equivalent_priority,radiation_priority
216,216,RADIATION,19,51,523400.920497467,5696764.290406497,0.0,0.0005371086274252358,False,1.2887488640413416,ground_equivalent_excess_gamma_dose_rate,uSv/h,6.921981334610768e-05,3.0168108912642633,441,441,1.0,False,False,lower_radiation_equivalent_priority,radiation_priority
216,216,RADIATION,19,53,523440.920497467,5696764.290406497,0.0006744622508193294,0.0005371086274252358,True,1.1904828676773507,ground_equivalent_excess_gamma_dose_rate,uSv/h,6.394186190314405e-05,2.175099595844691,441,441,1.0,True,True,highest_radiation_equivalent_priority,radiation_priority
216,216,RADIATION,20,51,523400.920497467,5696784.290406497,0.00034470879524696853,0.0005371086274252358,False,1.156706159716507,ground_equivalent_excess_gamma_dose_rate,uSv/h,6.212768577796486e-05,1.7313846918910645,441,441,1.0,False,False,lower_radiation_equivalent_priority,radiation_priority
216,216,RADIATION,20,52,523420.920497467,5696784.290406497,0.0009510019811779407,0.0005371086274252358,True,1.1126726189452545,ground_equivalent_excess_gamma_dose_rate,uSv/h,5.976260631353281e-05,1.6299250694459553,441,441,1.0,True,False,lower_radiation_equivalent_priority,radiation_priority
216,216,RADIATION,20,53,523440.920497467,5696784.290406497,0.0010159250837926625,0.0005371086274252358,True,1.1188477014716036,ground_equivalent_excess_gamma_dose_rate,uSv/h,6.00942753235293e-05,0.9899255017599993,441,441,1.0,True,False,lower_radiation_equivalent_priority,radiation_priority
217,217,RADIATION,18,52,523420.920497467,5696744.290406497,0.0,0.0005371086274252358,False,1.4807508178321178,ground_equivalent_excess_gamma_dose_rate,uSv/h,7.953240393246042e-05,2.997982135608486,441,441,1.0,False,False,lower_radiation_equivalent_priority,radiation_priority
217,217,RADIATION,18,53,523440.920497467,5696744.290406497,0.0,0.0005371086274252358,False,1.3553375984463987,ground_equivalent_excess_gamma_dose_rate,uSv/h,7.279635171993605e-05,2.810359843627861,441,441,1.0,False,False,lower_radiation_equivalent_priority,radiation_priority
217,217,RADIATION,18,54,523460.920497467,5696744.290406497,0.0003309818016371136,0.0005371086274252358,False,1.278443433235681,ground_equivalent_excess_gamma_dose_rate,uSv/h,6.866629976660227e-05,1.7007812826817912,441,441,1.0,False,False,lower_radiation_equivalent_priority,radiation_priority
217,217,RADIATION,19,52,523420.920497467,5696764.290406497,0.0,0.0005371086274252358,False,1.2168886568149178,ground_equivalent_excess_gamma_dose_rate,uSv/h,6.536013961911993e-05,2.997982135608486,441,441,1.0,False,False,lower_radiation_equivalent_priority,radiation_priority
217,217,RADIATION,19,54,523460.920497467,5696764.290406497,0.0006688692697359756,0.0005371086274252358,True,1.1289854985838506,ground_equivalent_excess_gamma_dose_rate,uSv/h,6.063878515273675e-05,1.638479657044103,441,441,1.0,True,True,highest_radiation_equivalent_priority,radiation_priority
217,217,RADIATION,20,52,523420.920497467,5696784.290406497,0.0006118166951467323,0.0005371086274252358,True,1.1023328400073424,ground_equivalent_excess_gamma_dose_rate,uSv/h,5.920724786621057e-05,1.7313846918910645,441,441,1.0,True,False,lower_radiation_equivalent_priority,radiation_priority
217,217,RADIATION,20,53,523440.920497467,5696784.290406497,0.0006767397977614541,0.0005371086274252358,True,1.0304036299853483,ground_equivalent_excess_gamma_dose_rate,uSv/h,5.5343867939541095e-05,1.6130935615559991,441,441,1.0,True,False,lower_radiation_equivalent_priority,radiation_priority
217,217,RADIATION,20,54,523460.920497467,5696784.290406497,0.001007724669946143,0.0005371086274252358,True,0.9855914701541088,ground_equivalent_excess_gamma_dose_rate,uSv/h,5.2936968173649354e-05,0.8865458728746308,441,441,1.0,True,False,lower_radiation_equivalent_priority,radiation_priority
218,218,RADIATION,18,53,523440.920497467,5696744.290406497,0.0,0.0005371086274252358,False,1.3507409410078037,ground_equivalent_excess_gamma_dose_rate,uSv/h,7.254946128317729e-05,2.913354021053333,441,441,1.0,False,False,lower_radiation_equivalent_priority,radiation_priority
218,218,RADIATION,18,54,523460.920497467,5696744.290406497,0.0003309818016371136,0.0005371086274252358,False,1.2514804879464834,ground_equivalent_excess_gamma_dose_rate,uSv/h,6.721809671304001e-05,2.273366494889202,441,441,1.0,False,False,lower_radiation_equivalent_priority,radiation_priority
218,218,RADIATION,18,55,523480.920497467,5696744.290406497,0.0006588766975505426,0.0005371086274252358,True,1.2453909983607805,ground_equivalent_excess_gamma_dose_rate,uSv/h,6.689102497373028e-05,1.0181398564555761,441,441,1.0,True,True,highest_radiation_equivalent_priority,radiation_priority
218,218,RADIATION,19,53,523440.920497467,5696764.290406497,0.0,0.0005371086274252358,False,1.1199364475360856,ground_equivalent_excess_gamma_dose_rate,uSv/h,6.015275281396015e-05,2.913354021053333,441,441,1.0,False,False,lower_radiation_equivalent_priority,radiation_priority
218,218,RADIATION,19,55,523480.920497467,5696764.290406497,0.0009938910043080901,0.0005371086274252358,True,0.9367068446467967,ground_equivalent_excess_gamma_dose_rate,uSv/h,5.031133276280646e-05,1.0538527128020034,441,441,1.0,True,False,lower_radiation_equivalent_priority,radiation_priority
218,218,RADIATION,20,53,523440.920497467,5696784.290406497,0.00034023543943514993,0.0005371086274252358,False,1.0190505777186787,ground_equivalent_excess_gamma_dose_rate,uSv/h,5.4734085707537314e-05,1.7145531840011083,441,441,1.0,False,False,lower_radiation_equivalent_priority,radiation_priority
218,218,RADIATION,20,54,523460.920497467,5696784.290406497,0.000671220311619839,0.0005371086274252358,True,0.9248967662678788,ground_equivalent_excess_gamma_dose_rate,uSv/h,4.9677003264017954e-05,1.5097139326706306,441,441,1.0,True,False,lower_radiation_equivalent_priority,radiation_priority
218,218,RADIATION,20,55,523480.920497467,5696784.290406497,0.0009989258378776903,0.0005371086274252358,True,0.8610697668766678,ground_equivalent_excess_gamma_dose_rate,uSv/h,4.624880006044948e-05,0.7792290433810365,441,441,1.0,True,False,lower_radiation_equivalent_priority,radiation_priority
219,219,RADIATION,17,54,523460.920497467,5696724.290406497,0.0,0.0005371086274252358,False,1.677896367699031,ground_equivalent_excess_gamma_dose_rate,uSv/h,9.012126150166152e-05,1.8869315033680278,441,441,1.0,False,False,lower_radiation_equivalent_priority,radiation_priority
219,219,RADIATION,17,55,523480.920497467,5696724.290406497,0.0003263771189543735,0.0005371086274252358,False,1.3634007006554136,ground_equivalent_excess_gamma_dose_rate,uSv/h,7.32294278959634e-05,1.7356631870599009,441,441,1.0,False,False,lower_radiation_equivalent_priority,radiation_priority
219,219,RADIATION,17,56,523500.920497467,5696724.290406497,0.0003263771189543735,0.0005371086274252358,False,1.278391250489479,ground_equivalent_excess_gamma_dose_rate,uSv/h,6.866349698628348e-05,1.0021659671588499,441,441,1.0,False,False,lower_radiation_equivalent_priority,radiation_priority
219,219,RADIATION,18,54,523460.920497467,5696744.290406497,0.0,0.0005371086274252358,False,1.2315292576088932,ground_equivalent_excess_gamma_dose_rate,uSv/h,6.614649891883322e-05,2.3748261173343113,441,441,1.0,False,False,lower_radiation_equivalent_priority,radiation_priority
219,219,RADIATION,18,56,523500.920497467,5696744.290406497,0.0009803438810053766,0.0005371086274252358,True,0.9830869301744155,ground_equivalent_excess_gamma_dose_rate,uSv/h,5.28024471705669e-05,0.9598271709162375,441,441,1.0,True,True,highest_radiation_equivalent_priority,radiation_priority
219,219,RADIATION,19,54,523460.920497467,5696764.290406497,0.0,0.0005371086274252358,False,1.0128815444268093,ground_equivalent_excess_gamma_dose_rate,uSv/h,5.4402741607143654e-05,2.38260253699628,441,441,1.0,False,False,lower_radiation_equivalent_priority,radiation_priority
219,219,RADIATION,19,55,523480.920497467,5696764.290406497,0.0006629092026709765,0.0005371086274252358,True,0.9176779810866366,ground_equivalent_excess_gamma_dose_rate,uSv/h,4.928927608398049e-05,1.6186835777933313,441,441,1.0,True,False,lower_radiation_equivalent_priority,radiation_priority
219,219,RADIATION,19,56,523500.920497467,5696764.290406497,0.0009859223650720784,0.0005371086274252358,True,0.8895525932449172,ground_equivalent_excess_gamma_dose_rate,uSv/h,4.777863723803365e-05,0.7813634098016726,441,441,1.0,True,False,lower_radiation_equivalent_priority,radiation_priority
220,220,RADIATION,17,55,523480.920497467,5696724.290406497,0.0,0.0005371086274252358,False,1.3572776452711215,ground_equivalent_excess_gamma_dose_rate,uSv/h,7.290055330865281e-05,1.7563942816642184,441,441,1.0,False,False,lower_radiation_equivalent_priority,radiation_priority
220,220,RADIATION,17,56,523500.920497467,5696724.290406497,0.0,0.0005371086274252358,False,1.2274228534251397,ground_equivalent_excess_gamma_dose_rate,uSv/h,6.592594040735431e-05,1.5346801312564842,441,441,1.0,False,False,lower_radiation_equivalent_priority,radiation_priority
220,220,RADIATION,18,55,523480.920497467,5696744.290406497,0.0,0.0005371086274252358,False,1.0768711647319322,ground_equivalent_excess_gamma_dose_rate,uSv/h,5.783967932029831e-05,1.8200059863893296,441,441,1.0,False,False,lower_radiation_equivalent_priority,radiation_priority
220,220,RADIATION,18,57,523520.920497467,5696744.290406497,0.0003260735039223108,0.0005371086274252358,False,0.791123714540019,ground_equivalent_excess_gamma_dose_rate,uSv/h,4.249193724401436e-05,0.9585123796142607,441,441,1.0,False,False,lower_radiation_equivalent_priority,radiation_priority
220,220,RADIATION,19,55,523480.920497467,5696764.290406497,0.00033361978512984645,0.0005371086274252358,False,0.9083889010723488,ground_equivalent_excess_gamma_dose_rate,uSv/h,4.879035158232876e-05,1.7201432002384405,441,441,1.0,False,False,lower_radiation_equivalent_priority,radiation_priority
220,220,RADIATION,19,56,523500.920497467,5696764.290406497,0.0006566329475309484,0.0005371086274252358,True,0.8321570269563985,ground_equivalent_excess_gamma_dose_rate,uSv/h,4.469587185508161e-05,1.4045314695976725,441,441,1.0,True,True,highest_radiation_equivalent_priority,radiation_priority
220,220,RADIATION,19,57,523520.920497467,5696764.290406497,0.0006534221260001914,0.0005371086274252358,True,0.7791606401791048,ground_equivalent_excess_gamma_dose_rate,uSv/h,4.18493901990367e-05,0.7604002877252596,441,441,1.0,True,False,lower_radiation_equivalent_priority,radiation_priority
221,221,RADIATION,18,55,523480.920497467,5696744.290406497,0.0,0.0005371086274252358,False,1.0725933439133903,ground_equivalent_excess_gamma_dose_rate,uSv/h,5.76099138734765e-05,2.1173318085487267,441,441,1.0,False,False,lower_radiation_equivalent_priority,radiation_priority
221,221,RADIATION,18,56,523500.920497467,5696744.290406497,0.0,0.0005371086274252358,False,0.8748894521899176,ground_equivalent_excess_gamma_dose_rate,uSv/h,4.699106728145432e-05,2.122064839876293,441,441,1.0,False,False,lower_radiation_equivalent_priority,radiation_priority
221,221,RADIATION,18,57,523520.920497467,5696744.290406497,0.0,0.0005371086274252358,False,0.7735240353306612,ground_equivalent_excess_gamma_dose_rate,uSv/h,4.1546643289688104e-05,1.424057076789725,441,441,1.0,False,False,lower_radiation_equivalent_priority,radiation_priority
221,221,RADIATION,19,55,523480.920497467,5696764.290406497,0.00033361978512984645,0.0005371086274252358,False,0.8937680178686457,ground_equivalent_excess_gamma_dose_rate,uSv/h,4.800505133140019e-05,2.039418307442771,441,441,1.0,False,False,lower_radiation_equivalent_priority,radiation_priority
221,221,RADIATION,19,57,523520.920497467,5696764.290406497,0.00032734862207788056,0.0005371086274252358,False,0.7194048784354401,ground_equivalent_excess_gamma_dose_rate,uSv/h,3.8639856681947787e-05,1.4194667136678363,441,441,1.0,False,False,lower_radiation_equivalent_priority,radiation_priority
221,221,RADIATION,20,55,523480.920497467,5696784.290406497,0.0006683663942690527,0.0005371086274252358,True,0.8407314138734838,ground_equivalent_excess_gamma_dose_rate,uSv/h,4.515640957388648e-05,1.0008998026014704,441,441,1.0,True,True,highest_radiation_equivalent_priority,radiation_priority
221,221,RADIATION,20,56,523500.920497467,5696784.290406497,0.000992672807454042,0.0005371086274252358,True,0.7117960848396374,ground_equivalent_excess_gamma_dose_rate,uSv/h,3.8231181813487436e-05,1.013476944920499,441,441,1.0,True,False,lower_radiation_equivalent_priority,radiation_priority
221,221,RADIATION,20,57,523520.920497467,5696784.290406497,0.0006558501626478903,0.0005371086274252358,True,0.671462549248192,ground_equivalent_excess_gamma_dose_rate,uSv/h,3.606483281941462e-05,0.7730469248043688,441,441,1.0,True,False,lower_radiation_equivalent_priority,radiation_priority
222,222,RADIATION,19,54,523460.920497467,5696764.290406497,0.0,0.0005371086274252358,False,1.0099877375928534,ground_equivalent_excess_gamma_dose_rate,uSv/h,5.424731274548167e-05,2.4055925274771446,441,441,1.0,False,False,lower_radiation_equivalent_priority,radiation_priority
222,222,RADIATION,19,55,523480.920497467,5696764.290406497,0.0,0.0005371086274252358,False,0.8785031685705778,ground_equivalent_excess_gamma_dose_rate,uSv/h,4.718516310596636e-05,2.152904035306354,441,441,1.0,False,False,lower_radiation_equivalent_priority,radiation_priority
222,222,RADIATION,19,56,523500.920497467,5696764.290406497,0.0,0.0005371086274252358,False,0.7675966771430995,ground_equivalent_excess_gamma_dose_rate,uSv/h,4.12282797676502e-05,2.1625367809669256,441,441,1.0,False,False,lower_radiation_equivalent_priority,radiation_priority
222,222,RADIATION,20,54,523460.920497467,5696784.290406497,0.0003376005264899926,0.0005371086274252358,False,0.9054182994442644,ground_equivalent_excess_gamma_dose_rate,uSv/h,4.863079800602e-05,1.635786640446569,441,441,1.0,False,False,lower_radiation_equivalent_priority,radiation_priority
222,222,RADIATION,20,56,523500.920497467,5696784.290406497,0.0006590530223241956,0.0005371086274252358,True,0.6757282570711853,ground_equivalent_excess_gamma_dose_rate,uSv/h,3.629394766679513e-05,1.6064298921878015,441,441,1.0,True,False,lower_radiation_equivalent_priority,radiation_priority
222,222,RADIATION,21,54,523460.920497467,5696804.290406497,0.0010164035029537413,0.0005371086274252358,True,0.8150177061580176,ground_equivalent_excess_gamma_dose_rate,uSv/h,4.37753041481797e-05,0.7661451528353271,441,441,1.0,True,True,highest_radiation_equivalent_priority,radiation_priority
222,222,RADIATION,21,55,523480.920497467,5696804.290406497,0.0010050512344206232,0.0005371086274252358,True,0.6622123997993526,ground_equivalent_excess_gamma_dose_rate,uSv/h,3.5567999312020185e-05,0.9011557306646524,441,441,1.0,True,False,lower_radiation_equivalent_priority,radiation_priority
222,222,RADIATION,21,56,523500.920497467,5696804.290406497,0.0009929302660750927,0.0005371086274252358,True,0.6368002688510757,ground_equivalent_excess_gamma_dose_rate,uSv/h,3.420309183466224e-05,0.7691097241961429,441,441,1.0,True,False,lower_radiation_equivalent_priority,radiation_priority
223,223,RADIATION,20,53,523440.920497467,5696784.290406497,0.0,0.0005371086274252358,False,1.014511280148948,ground_equivalent_excess_gamma_dose_rate,uSv/h,5.449027611882203e-05,1.7392352328912775,441,441,1.0,False,False,lower_radiation_equivalent_priority,radiation_priority
223,223,RADIATION,20,54,523460.920497467,5696784.290406497,0.0,0.0005371086274252358,False,0.8847906589195815,ground_equivalent_excess_gamma_dose_rate,uSv/h,4.752286963709664e-05,1.7492723683101519,441,441,1.0,False,False,lower_radiation_equivalent_priority,radiation_priority
223,223,RADIATION,20,55,523480.920497467,5696784.290406497,0.0,0.0005371086274252358,False,0.7449340345606107,ground_equivalent_excess_gamma_dose_rate,uSv/h,4.0011049682519275e-05,1.7495049466549586,441,441,1.0,False,False,lower_radiation_equivalent_priority,radiation_priority
223,223,RADIATION,21,53,523440.920497467,5696804.290406497,0.0012210209748479747,0.0005371086274252358,True,0.8610516053452965,ground_equivalent_excess_gamma_dose_rate,uSv/h,4.62478245889308e-05,0.9658716743249476,441,441,1.0,True,True,highest_radiation_equivalent_priority,radiation_priority
223,223,RADIATION,21,55,523480.920497467,5696804.290406497,0.0006674507079306306,0.0005371086274252358,True,0.6254621303498534,ground_equivalent_excess_gamma_dose_rate,uSv/h,3.359411063386737e-05,1.4252115787779038,441,441,1.0,True,False,lower_radiation_equivalent_priority,radiation_priority
223,223,RADIATION,22,53,523440.920497467,5696824.290406497,0.0012225424166305496,0.0005371086274252358,True,0.5784743063273607,ground_equivalent_excess_gamma_dose_rate,uSv/h,3.107035406722541e-05,0.639999567685956,441,441,1.0,True,False,lower_radiation_equivalent_priority,radiation_priority
223,223,RADIATION,22,54,523460.920497467,5696824.290406497,0.0009449505873855579,0.0005371086274252358,True,0.5836736190436568,ground_equivalent_excess_gamma_dose_rate,uSv/h,3.134961363888585e-05,0.850759774806334,441,441,1.0,True,False,lower_radiation_equivalent_priority,radiation_priority
223,223,RADIATION,22,55,523480.920497467,5696824.290406497,0.0010050910658232542,0.0005371086274252358,True,0.599912692579253,ground_equivalent_excess_gamma_dose_rate,uSv/h,3.2221828288622e-05,0.750280968540366,441,441,1.0,True,False,lower_radiation_equivalent_priority,radiation_priority
224,224,RADIATION,20,52,523420.920497467,5696784.290406497,0.0,0.0005371086274252358,False,1.0974442741620998,ground_equivalent_excess_gamma_dose_rate,uSv/h,5.894467877708896e-05,1.84167442321989,441,441,1.0,False,False,lower_radiation_equivalent_priority,radiation_priority
224,224,RADIATION,20,53,523440.920497467,5696784.290406497,0.0,0.0005371086274252358,False,0.9912065898193135,ground_equivalent_excess_gamma_dose_rate,uSv/h,5.3238561095270026e-05,1.8733180010839117,441,441,1.0,False,False,lower_radiation_equivalent_priority,radiation_priority
224,224,RADIATION,20,54,523460.920497467,5696784.290406497,0.0,0.0005371086274252358,False,0.8686885024851335,ground_equivalent_excess_gamma_dose_rate,uSv/h,4.665800892298736e-05,1.8527209607548603,441,441,1.0,False,False,lower_radiation_equivalent_priority,radiation_priority
224,224,RADIATION,21,52,523420.920497467,5696804.290406497,0.0009580469321762757,0.0005371086274252358,True,0.9278132440056119,ground_equivalent_excess_gamma_dose_rate,uSv/h,4.983364979948096e-05,0.9849265588568606,441,441,1.0,True,True,highest_radiation_equivalent_priority,radiation_priority
224,224,RADIATION,21,54,523460.920497467,5696804.290406497,0.0,0.0005371086274252358,False,0.6437955251034327,ground_equivalent_excess_gamma_dose_rate,uSv/h,3.457881308308137e-05,1.731730180187863,441,441,1.0,False,False,lower_radiation_equivalent_priority,radiation_priority
224,224,RADIATION,22,52,523420.920497467,5696824.290406497,0.0015734420150977442,0.0005371086274252358,True,0.6219135262521458,ground_equivalent_excess_gamma_dose_rate,uSv/h,3.3403512046247835e-05,0.7246276822411091,441,441,1.0,True,False,lower_radiation_equivalent_priority,radiation_priority
224,224,RADIATION,22,53,523440.920497467,5696824.290406497,0.0006133381369293071,0.0005371086274252358,True,0.6156596048974461,ground_equivalent_excess_gamma_dose_rate,uSv/h,3.3067608534763027e-05,1.2869009073409536,441,441,1.0,True,False,lower_radiation_equivalent_priority,radiation_priority
224,224,RADIATION,22,54,523460.920497467,5696824.290406497,0.0003357463076843155,0.0005371086274252358,False,0.600310400623832,ground_equivalent_excess_gamma_dose_rate,uSv/h,3.2243189530815985e-05,1.289045477540042,441,441,1.0,False,False,lower_radiation_equivalent_priority,radiation_priority
225,225,RADIATION,20,51,523400.920497467,5696784.290406497,0.0,0.0005371086274252358,False,1.1516502188756905,ground_equivalent_excess_gamma_dose_rate,uSv/h,6.185612683342946e-05,1.8585059311098462,441,441,1.0,False,False,lower_radiation_equivalent_priority,radiation_priority
225,225,RADIATION,20,52,523420.920497467,5696784.290406497,0.0,0.0005371086274252358,False,1.0717031356965352,ground_equivalent_excess_gamma_dose_rate,uSv/h,5.756210002212872e-05,1.9551601510834729,441,441,1.0,False,False,lower_radiation_equivalent_priority,radiation_priority
225,225,RADIATION,20,53,523440.920497467,5696784.290406497,0.0,0.0005371086274252358,False,0.9719725744503543,ground_equivalent_excess_gamma_dose_rate,uSv/h,5.2205485535800265e-05,1.9552285990880787,441,441,1.0,False,False,lower_radiation_equivalent_priority,radiation_priority
225,225,RADIATION,21,51,523400.920497467,5696804.290406497,0.0006919394092285637,0.0005371086274252358,True,0.9737877563804186,ground_equivalent_excess_gamma_dose_rate,uSv/h,5.230298052329866e-05,0.9849265588568606,441,441,1.0,True,True,highest_radiation_equivalent_priority,radiation_priority
225,225,RADIATION,21,53,523440.920497467,5696804.290406497,0.0,0.0005371086274252358,False,0.688001483587618,ground_equivalent_excess_gamma_dose_rate,uSv/h,3.695315325162714e-05,1.8962812546554733,441,441,1.0,False,False,lower_radiation_equivalent_priority,radiation_priority
225,225,RADIATION,22,51,523400.920497467,5696824.290406497,0.001310629141216722,0.0005371086274252358,True,0.6598382221606018,ground_equivalent_excess_gamma_dose_rate,uSv/h,3.544048018273887e-05,0.7246276822411091,441,441,1.0,True,False,lower_radiation_equivalent_priority,radiation_priority
225,225,RADIATION,22,52,523420.920497467,5696824.290406497,0.000960103878168437,0.0005371086274252358,True,0.6545281499365916,ground_equivalent_excess_gamma_dose_rate,uSv/h,3.515527162236216e-05,1.3715290218961065,441,441,1.0,True,False,lower_radiation_equivalent_priority,radiation_priority
225,225,RADIATION,22,53,523440.920497467,5696824.290406497,0.0,0.0005371086274252358,False,0.6364970835328824,ground_equivalent_excess_gamma_dose_rate,uSv/h,3.418680748965121e-05,1.4453408780889299,441,441,1.0,False,False,lower_radiation_equivalent_priority,radiation_priority
226,226,RADIATION,20,50,523380.920497467,5696784.290406497,0.0,0.0005371086274252358,False,1.1704857189467517,ground_equivalent_excess_gamma_dose_rate,uSv/h,6.286779779243301e-05,1.8585059311098462,441,441,1.0,False,False,lower_radiation_equivalent_priority,radiation_priority
226,226,RADIATION,20,51,523400.920497467,5696784.290406497,0.0,0.0005371086274252358,False,1.1243321204048529,ground_equivalent_excess_gamma_dose_rate,uSv/h,6.038884819607555e-05,1.971991658973429,441,441,1.0,False,False,lower_radiation_equivalent_priority,radiation_priority
226,226,RADIATION,20,52,523420.920497467,5696784.290406497,0.0,0.0005371086274252358,False,1.0495774859803768,ground_equivalent_excess_gamma_dose_rate,uSv/h,5.6373712287134985e-05,1.984096696358998,441,441,1.0,False,False,lower_radiation_equivalent_priority,radiation_priority
226,226,RADIATION,21,50,523380.920497467,5696804.290406497,0.0006949646679531929,0.0005371086274252358,True,0.9867615569382665,ground_equivalent_excess_gamma_dose_rate,uSv/h,5.29998145443101e-05,0.9849265588568606,441,441,1.0,True,True,highest_radiation_equivalent_priority,radiation_priority
226,226,RADIATION,21,52,523420.920497467,5696804.290406497,0.0,0.0005371086274252358,False,0.7278405879232958,ground_equivalent_excess_gamma_dose_rate,uSv/h,3.90929459163858e-05,1.9220817188404473,441,441,1.0,False,False,lower_radiation_equivalent_priority,radiation_priority
226,226,RADIATION,22,50,523380.920497467,5696824.290406497,0.001043083923599667,0.0005371086274252358,True,0.6872354364446924,ground_equivalent_excess_gamma_dose_rate,uSv/h,3.6912008198679164e-05,0.7246276822411091,441,441,1.0,True,False,lower_radiation_equivalent_priority,radiation_priority
226,226,RADIATION,22,51,523400.920497467,5696824.290406497,0.0009651584768356669,0.0005371086274252358,True,0.6833993823089817,ground_equivalent_excess_gamma_dose_rate,uSv/h,3.6705970421523116e-05,1.3715290218961065,441,441,1.0,True,False,lower_radiation_equivalent_priority,radiation_priority
226,226,RADIATION,22,52,523420.920497467,5696824.290406497,0.000614633213787382,0.0005371086274252358,True,0.6699550108493263,ground_equivalent_excess_gamma_dose_rate,uSv/h,3.598386163139406e-05,1.4850279699663687,441,441,1.0,True,False,lower_radiation_equivalent_priority,radiation_priority
227,227,RADIATION,20,49,523360.920497467,5696784.290406497,0.00034836902054206437,0.0005371086274252358,False,1.1697131630235724,ground_equivalent_excess_gamma_dose_rate,uSv/h,6.28263031472822e-05,1.7261782273838073,441,441,1.0,False,False,lower_radiation_equivalent_priority,radiation_priority
227,227,RADIATION,20,50,523380.920497467,5696784.290406497,0.0,0.0005371086274252358,False,1.1407474791898646,ground_equivalent_excess_gamma_dose_rate,uSv/h,6.127053127864659e-05,1.971991658973429,441,441,1.0,False,False,lower_radiation_equivalent_priority,radiation_priority
227,227,RADIATION,20,51,523400.920497467,5696784.290406497,0.0,0.0005371086274252358,False,1.0999655074762666,ground_equivalent_excess_gamma_dose_rate,uSv/h,5.908009639356806e-05,1.9919027488783811,441,441,1.0,False,False,lower_radiation_equivalent_priority,radiation_priority
227,227,RADIATION,21,49,523360.920497467,5696804.290406497,0.0006971549920043896,0.0005371086274252358,True,0.9282192962911059,ground_equivalent_excess_gamma_dose_rate,uSv/h,4.985545921805341e-05,0.9717100827111468,441,441,1.0,True,True,highest_radiation_equivalent_priority,radiation_priority
227,227,RADIATION,21,51,523400.920497467,5696804.290406497,0.0,0.0005371086274252358,False,0.7536937918825467,ground_equivalent_excess_gamma_dose_rate,uSv/h,4.04815438056956e-05,1.9220817188404473,441,441,1.0,False,False,lower_radiation_equivalent_priority,radiation_priority
227,227,RADIATION,22,49,523360.920497467,5696824.290406497,0.0010461561190383713,0.0005371086274252358,True,0.7009241874675376,ground_equivalent_excess_gamma_dose_rate,uSv/h,3.764724282598378e-05,0.7246276822411091,441,441,1.0,True,False,lower_radiation_equivalent_priority,radiation_priority
227,227,RADIATION,22,50,523380.920497467,5696824.290406497,0.0006959718485414891,0.0005371086274252358,True,0.6990075404161477,ground_equivalent_excess_gamma_dose_rate,uSv/h,3.754429805928071e-05,1.3715290218961065,441,441,1.0,True,False,lower_radiation_equivalent_priority,radiation_priority
227,227,RADIATION,22,51,523400.920497467,5696824.290406497,0.0006180464017774889,0.0005371086274252358,True,0.6916652080795438,ground_equivalent_excess_gamma_dose_rate,uSv/h,3.714993505493939e-05,1.4850279699663687,441,441,1.0,True,False,lower_radiation_equivalent_priority,radiation_priority
228,228,RADIATION,20,48,523340.920497467,5696784.290406497,0.0009717482774556237,0.0005371086274252358,True,1.1940043332534418,ground_equivalent_excess_gamma_dose_rate,uSv/h,6.4131002857354e-05,0.9907888138909923,441,441,1.0,True,True,highest_radiation_equivalent_priority,radiation_priority
228,228,RADIATION,20,49,523360.920497467,5696784.290406497,0.00034836902054206437,0.0005371086274252358,False,1.1177939537706436,ground_equivalent_excess_gamma_dose_rate,uSv/h,6.003767762539779e-05,1.8396639552473901,441,441,1.0,False,False,lower_radiation_equivalent_priority,radiation_priority
228,228,RADIATION,20,50,523380.920497467,5696784.290406497,0.0,0.0005371086274252358,False,1.1135072307420273,ground_equivalent_excess_gamma_dose_rate,uSv/h,5.980743403319256e-05,1.9919027488783811,441,441,1.0,False,False,lower_radiation_equivalent_priority,radiation_priority
228,228,RADIATION,21,48,523340.920497467,5696804.290406497,0.0010467727477072796,0.0005371086274252358,True,0.7588225333353815,ground_equivalent_excess_gamma_dose_rate,uSv/h,4.07570129339107e-05,0.9380324793235688,441,441,1.0,True,False,lower_radiation_equivalent_priority,radiation_priority
228,228,RADIATION,21,50,523380.920497467,5696804.290406497,0.0,0.0005371086274252358,False,0.7584219984967374,ground_equivalent_excess_gamma_dose_rate,uSv/h,4.073549986216869e-05,1.9220817188404473,441,441,1.0,False,False,lower_radiation_equivalent_priority,radiation_priority
228,228,RADIATION,22,48,523340.920497467,5696824.290406497,0.0010477256901238092,0.0005371086274252358,True,0.6994143903402359,ground_equivalent_excess_gamma_dose_rate,uSv/h,3.7566150319710224e-05,0.7246276822411091,441,441,1.0,True,False,lower_radiation_equivalent_priority,radiation_priority
228,228,RADIATION,22,49,523360.920497467,5696824.290406497,0.0006978134554987264,0.0005371086274252358,True,0.6999139546330402,ground_equivalent_excess_gamma_dose_rate,uSv/h,3.7592982348872096e-05,1.3715290218961065,441,441,1.0,True,False,lower_radiation_equivalent_priority,radiation_priority
228,228,RADIATION,22,50,523380.920497467,5696824.290406497,0.00034762918500184437,0.0005371086274252358,False,0.6990834953101462,ground_equivalent_excess_gamma_dose_rate,uSv/h,3.7548377662166893e-05,1.4850279699663687,441,441,1.0,False,False,lower_radiation_equivalent_priority,radiation_priority
229,229,RADIATION,19,47,523320.920497467,5696764.290406497,0.00034923900848612987,0.0005371086274252358,False,1.3566642659961257,ground_equivalent_excess_gamma_dose_rate,uSv/h,7.286760817860441e-05,1.1046745915444467,441,441,1.0,False,False,lower_radiation_equivalent_priority,radiation_priority
229,229,RADIATION,19,48,523340.920497467,5696764.290406497,0.0,0.0005371086274252358,False,1.3276962856080987,ground_equivalent_excess_gamma_dose_rate,uSv/h,7.131171296005498e-05,1.8120751679247415,441,441,1.0,False,False,lower_radiation_equivalent_priority,radiation_priority
229,229,RADIATION,19,49,523360.920497467,5696764.290406497,0.0,0.0005371086274252358,False,1.339003873120474,ground_equivalent_excess_gamma_dose_rate,uSv/h,7.191905324088124e-05,2.896077792445873,441,441,1.0,False,False,lower_radiation_equivalent_priority,radiation_priority
229,229,RADIATION,20,47,523320.920497467,5696784.290406497,0.0009731291973408952,0.0005371086274252358,True,1.0716830545190625,ground_equivalent_excess_gamma_dose_rate,uSv/h,5.756102144476178e-05,0.9175719826697617,441,441,1.0,True,True,highest_radiation_equivalent_priority,radiation_priority
229,229,RADIATION,20,49,523360.920497467,5696784.290406497,0.0,0.0005371086274252358,False,1.0977759657296444,ground_equivalent_excess_gamma_dose_rate,uSv/h,5.89624942173462e-05,1.9552972697382884,441,441,1.0,False,False,lower_radiation_equivalent_priority,radiation_priority
229,229,RADIATION,21,47,523320.920497467,5696804.290406497,0.0013223076884749446,0.0005371086274252358,True,0.8474999847881572,ground_equivalent_excess_gamma_dose_rate,uSv/h,4.551995535724753e-05,0.7433671550494996,441,441,1.0,True,False,lower_radiation_equivalent_priority,radiation_priority
229,229,RADIATION,21,48,523340.920497467,5696804.290406497,0.0006984037271652152,0.0005371086274252358,True,0.8331126804909361,ground_equivalent_excess_gamma_dose_rate,uSv/h,4.474720083090457e-05,1.5053669016389644,441,441,1.0,True,False,lower_radiation_equivalent_priority,radiation_priority
229,229,RADIATION,21,49,523360.920497467,5696804.290406497,0.0,0.0005371086274252358,False,0.7969298957860472,ground_equivalent_excess_gamma_dose_rate,uSv/h,4.2803792247978006e-05,1.8476718336903415,441,441,1.0,False,False,lower_radiation_equivalent_priority,radiation_priority
230,230,RADIATION,19,46,523300.920497467,5696764.290406497,0.0006985606903709662,0.0005371086274252358,True,1.3238209994939016,ground_equivalent_excess_gamma_dose_rate,uSv/h,7.110356799948733e-05,0.9798145130495214,441,441,1.0,True,True,highest_radiation_equivalent_priority,radiation_priority
230,230,RADIATION,19,47,523320.920497467,5696764.290406497,0.00034923900848612987,0.0005371086274252358,False,1.294731987676616,ground_equivalent_excess_gamma_dose_rate,uSv/h,6.954117207845345e-05,1.5373602578679697,441,441,1.0,False,False,lower_radiation_equivalent_priority,radiation_priority
230,230,RADIATION,19,48,523340.920497467,5696764.290406497,0.0,0.0005371086274252358,False,1.3219782370260307,ground_equivalent_excess_gamma_dose_rate,uSv/h,7.100459163750843e-05,1.8319862578296937,441,441,1.0,False,False,lower_radiation_equivalent_priority,radiation_priority
230,230,RADIATION,20,46,523300.920497467,5696784.290406497,0.0013219926923764367,0.0005371086274252358,True,0.8707983541597996,ground_equivalent_excess_gamma_dose_rate,uSv/h,4.6771330876692435e-05,0.9380324793235688,441,441,1.0,True,False,lower_radiation_equivalent_priority,radiation_priority
230,230,RADIATION,20,48,523340.920497467,5696784.290406497,0.0,0.0005371086274252358,False,0.9961813809072833,ground_equivalent_excess_gamma_dose_rate,uSv/h,5.350576141656869e-05,1.7965732428956587,441,441,1.0,False,False,lower_radiation_equivalent_priority,radiation_priority
230,230,RADIATION,21,46,523300.920497467,5696804.290406497,0.0015954913439024149,0.0005371086274252358,True,0.8080165495860198,ground_equivalent_excess_gamma_dose_rate,uSv/h,4.339926598850221e-05,0.7246276822411091,441,441,1.0,True,False,lower_radiation_equivalent_priority,radiation_priority
230,230,RADIATION,21,47,523320.920497467,5696804.290406497,0.0009730107357325564,0.0005371086274252358,True,0.8184441022571934,ground_equivalent_excess_gamma_dose_rate,uSv/h,4.395933883876405e-05,1.3902684947044972,441,441,1.0,True,False,lower_radiation_equivalent_priority,radiation_priority
230,230,RADIATION,21,48,523340.920497467,5696804.290406497,0.0003491067744228271,0.0005371086274252358,False,0.8187304645397637,ground_equivalent_excess_gamma_dose_rate,uSv/h,4.3974719604017815e-05,1.6188658497092265,441,441,1.0,False,False,lower_radiation_equivalent_priority,radiation_priority
231,231,RADIATION,18,45,523280.920497467,5696744.290406497,0.0003492811879208369,0.0005371086274252358,False,1.3359961354101468,ground_equivalent_excess_gamma_dose_rate,uSv/h,7.175750505355633e-05,1.6030475698825741,441,441,1.0,False,False,lower_radiation_equivalent_priority,radiation_priority
231,231,RADIATION,18,46,523300.920497467,5696744.290406497,0.0,0.0005371086274252358,False,1.4584663815842152,ground_equivalent_excess_gamma_dose_rate,uSv/h,7.83354876358548e-05,2.1487724211198973,441,441,1.0,False,False,lower_radiation_equivalent_priority,radiation_priority
231,231,RADIATION,18,47,523320.920497467,5696744.290406497,0.0,0.0005371086274252358,False,1.6159516635528466,ground_equivalent_excess_gamma_dose_rate,uSv/h,8.679415799963959e-05,2.1727623434276793,441,441,1.0,False,False,lower_radiation_equivalent_priority,radiation_priority
231,231,RADIATION,19,45,523280.920497467,5696764.290406497,0.0006980118035553378,0.0005371086274252358,True,1.1021776425817675,ground_equivalent_excess_gamma_dose_rate,uSv/h,5.9198912078587527e-05,0.9816734608107613,441,441,1.0,True,True,highest_radiation_equivalent_priority,radiation_priority
231,231,RADIATION,19,47,523320.920497467,5696764.290406497,0.0,0.0005371086274252358,False,1.2322610778289216,ground_equivalent_excess_gamma_dose_rate,uSv/h,6.618580561422338e-05,1.6508592059382319,441,441,1.0,False,False,lower_radiation_equivalent_priority,radiation_priority
231,231,RADIATION,20,45,523280.920497467,5696784.290406497,0.001045989704847009,0.0005371086274252358,True,0.9147505290844995,ground_equivalent_excess_gamma_dose_rate,uSv/h,4.9132040111308375e-05,0.7433671550494996,441,441,1.0,True,False,lower_radiation_equivalent_priority,radiation_priority
231,231,RADIATION,20,46,523300.920497467,5696784.290406497,0.0009727536838903069,0.0005371086274252358,True,0.9076436618729388,ground_equivalent_excess_gamma_dose_rate,uSv/h,4.8750324141978896e-05,1.4885353937490082,441,441,1.0,True,False,lower_radiation_equivalent_priority,radiation_priority
231,231,RADIATION,20,47,523320.920497467,5696784.290406497,0.0,0.0005371086274252358,False,0.8882815962226859,ground_equivalent_excess_gamma_dose_rate,uSv/h,4.771037089142643e-05,1.7957871942575723,441,441,1.0,False,False,lower_radiation_equivalent_priority,radiation_priority
232,232,RADIATION,18,44,523260.920497467,5696744.290406497,0.0006981079459825578,0.0005371086274252358,True,1.197115964882739,ground_equivalent_excess_gamma_dose_rate,uSv/h,6.429813127670047e-05,0.9778945066092621,441,441,1.0,True,True,highest_radiation_equivalent_priority,radiation_priority
232,232,RADIATION,18,45,523280.920497467,5696744.290406497,0.0003492811879208369,0.0005371086274252358,False,1.301648891090667,ground_equivalent_excess_gamma_dose_rate,uSv/h,6.991268492832883e-05,1.716533297746157,441,441,1.0,False,False,lower_radiation_equivalent_priority,radiation_priority
232,232,RADIATION,18,46,523300.920497467,5696744.290406497,0.0,0.0005371086274252358,False,1.4525721420394657,ground_equivalent_excess_gamma_dose_rate,uSv/h,7.801890294469521e-05,2.1686835110248497,441,441,1.0,False,False,lower_radiation_equivalent_priority,radiation_priority
232,232,RADIATION,19,44,523260.920497467,5696764.290406497,0.0010455806201993263,0.0005371086274252358,True,0.8908836780258386,ground_equivalent_excess_gamma_dose_rate,uSv/h,4.7850130950000386e-05,0.9380324793235688,441,441,1.0,True,False,lower_radiation_equivalent_priority,radiation_priority
232,232,RADIATION,19,46,523300.920497467,5696764.290406497,0.0,0.0005371086274252358,False,1.1204755429658169,ground_equivalent_excess_gamma_dose_rate,uSv/h,6.018170809459157e-05,1.8214848758532596,441,441,1.0,False,False,lower_radiation_equivalent_priority,radiation_priority
232,232,RADIATION,20,44,523260.920497467,5696784.290406497,0.0010425171653620753,0.0005371086274252358,True,0.8302355130126655,ground_equivalent_excess_gamma_dose_rate,uSv/h,4.459266568339192e-05,0.7246276822411091,441,441,1.0,True,False,lower_radiation_equivalent_priority,radiation_priority
232,232,RADIATION,20,45,523280.920497467,5696784.290406497,0.000696902559740079,0.0005371086274252358,True,0.8652224535902239,ground_equivalent_excess_gamma_dose_rate,uSv/h,4.6471844446533996e-05,1.3902684947044972,441,441,1.0,True,False,lower_radiation_equivalent_priority,radiation_priority
232,232,RADIATION,20,46,523300.920497467,5696784.290406497,0.000623666538783377,0.0005371086274252358,True,0.8841984981144005,ground_equivalent_excess_gamma_dose_rate,uSv/h,4.749106416936806e-05,1.6020343418192704,441,441,1.0,True,False,lower_radiation_equivalent_priority,radiation_priority
233,233,RADIATION,17,43,523240.920497467,5696724.290406497,0.00034882675806172087,0.0005371086274252358,False,1.090062424355031,ground_equivalent_excess_gamma_dose_rate,uSv/h,5.8548193255315555e-05,1.501587947437465,441,441,1.0,False,False,lower_radiation_equivalent_priority,radiation_priority
233,233,RADIATION,17,44,523260.920497467,5696724.290406497,0.0,0.0005371086274252358,False,1.1984684481707115,ground_equivalent_excess_gamma_dose_rate,uSv/h,6.437077432094232e-05,1.6659967631925872,441,441,1.0,False,False,lower_radiation_equivalent_priority,radiation_priority
233,233,RADIATION,17,45,523280.920497467,5696724.290406497,0.0,0.0005371086274252358,False,1.355658998654455,ground_equivalent_excess_gamma_dose_rate,uSv/h,7.281361440239639e-05,1.9593198780529013,441,441,1.0,False,False,lower_radiation_equivalent_priority,radiation_priority
233,233,RADIATION,18,43,523240.920497467,5696744.290406497,0.000695957132642566,0.0005371086274252358,True,0.9490936618574914,ground_equivalent_excess_gamma_dose_rate,uSv/h,5.0976639401826815e-05,0.9648419529208053,441,441,1.0,True,True,highest_radiation_equivalent_priority,radiation_priority
233,233,RADIATION,18,45,523280.920497467,5696744.290406497,0.0,0.0005371086274252358,False,1.2736050017694158,ground_equivalent_excess_gamma_dose_rate,uSv/h,6.84064234382286e-05,1.8321666122370552,441,441,1.0,False,False,lower_radiation_equivalent_priority,radiation_priority
233,233,RADIATION,19,43,523240.920497467,5696764.290406497,0.0010415054217388327,0.0005371086274252358,True,0.8600671672175857,ground_equivalent_excess_gamma_dose_rate,uSv/h,4.619494956777482e-05,0.7433671550494996,441,441,1.0,True,False,lower_radiation_equivalent_priority,radiation_priority
233,233,RADIATION,19,44,523260.920497467,5696764.290406497,0.0006962994322784893,0.0005371086274252358,True,0.876453463351193,ground_equivalent_excess_gamma_dose_rate,uSv/h,4.707507167026535e-05,1.5053669016389644,441,441,1.0,True,False,lower_radiation_equivalent_priority,radiation_priority
233,233,RADIATION,19,45,523280.920497467,5696764.290406497,0.0,0.0005371086274252358,False,0.9545922542255341,ground_equivalent_excess_gamma_dose_rate,uSv/h,5.127197354178383e-05,1.82813135530276,441,441,1.0,False,False,lower_radiation_equivalent_priority,radiation_priority
234,234,RADIATION,17,42,523220.920497467,5696724.290406497,0.0006968507782163694,0.0005371086274252358,True,0.9650971232415733,ground_equivalent_excess_gamma_dose_rate,uSv/h,5.183619911963251e-05,0.9778945066092621,441,441,1.0,True,True,highest_radiation_equivalent_priority,radiation_priority
234,234,RADIATION,17,43,523240.920497467,5696724.290406497,0.00034882675806172087,0.0005371086274252358,False,1.0650570641772863,ground_equivalent_excess_gamma_dose_rate,uSv/h,5.720513378698135e-05,1.6239083788633821,441,441,1.0,False,False,lower_radiation_equivalent_priority,radiation_priority
234,234,RADIATION,17,44,523260.920497467,5696724.290406497,0.0,0.0005371086274252358,False,1.1928043349672162,ground_equivalent_excess_gamma_dose_rate,uSv/h,6.406654991411127e-05,1.7526883720662438,441,441,1.0,False,False,lower_radiation_equivalent_priority,radiation_priority
234,234,RADIATION,18,42,523220.920497467,5696744.290406497,0.0010420372987382327,0.0005371086274252358,True,0.7888988943308335,ground_equivalent_excess_gamma_dose_rate,uSv/h,4.237244023113201e-05,0.9380324793235688,441,441,1.0,True,False,lower_radiation_equivalent_priority,radiation_priority
234,234,RADIATION,18,44,523260.920497467,5696744.290406497,0.0,0.0005371086274252358,False,1.0387864537779008,ground_equivalent_excess_gamma_dose_rate,uSv/h,5.579411663765764e-05,1.8151788074053108,441,441,1.0,False,False,lower_radiation_equivalent_priority,radiation_priority
234,234,RADIATION,19,42,523220.920497467,5696764.290406497,0.0010361366492099018,0.0005371086274252358,True,0.7514350889995695,ground_equivalent_excess_gamma_dose_rate,uSv/h,4.0360226925171863e-05,0.7246276822411091,441,441,1.0,True,False,lower_radiation_equivalent_priority,radiation_priority
234,234,RADIATION,19,43,523240.920497467,5696764.290406497,0.0006934814015841842,0.0005371086274252358,True,0.8017107470575007,ground_equivalent_excess_gamma_dose_rate,uSv/h,4.3060575894411455e-05,1.3902684947044972,441,441,1.0,True,False,lower_radiation_equivalent_priority,radiation_priority
234,234,RADIATION,19,44,523260.920497467,5696764.290406497,0.0003482754121238408,0.0005371086274252358,False,0.8664799308362356,ground_equivalent_excess_gamma_dose_rate,uSv/h,4.653938463429638e-05,1.6188658497092265,441,441,1.0,False,False,lower_radiation_equivalent_priority,radiation_priority
235,235,RADIATION,16,41,523200.920497467,5696704.290406497,0.0,0.0005371086274252358,False,0.7999205922766706,ground_equivalent_excess_gamma_dose_rate,uSv/h,4.296442513669042e-05,1.5962581398519502,441,441,1.0,False,False,lower_radiation_equivalent_priority,radiation_priority
235,235,RADIATION,16,42,523220.920497467,5696704.290406497,0.0,0.0005371086274252358,False,0.9295464921677116,ground_equivalent_excess_gamma_dose_rate,uSv/h,4.992674405361422e-05,1.6659967631925872,441,441,1.0,False,False,lower_radiation_equivalent_priority,radiation_priority
235,235,RADIATION,16,43,523240.920497467,5696704.290406497,0.0,0.0005371086274252358,False,1.0851585082415967,ground_equivalent_excess_gamma_dose_rate,uSv/h,5.828479969004605e-05,1.8413307133531311,441,441,1.0,False,False,lower_radiation_equivalent_priority,radiation_priority
235,235,RADIATION,17,41,523200.920497467,5696724.290406497,0.0006934814015841842,0.0005371086274252358,True,0.761083450256891,ground_equivalent_excess_gamma_dose_rate,uSv/h,4.087844873235414e-05,0.9836707085765821,441,441,1.0,True,True,highest_radiation_equivalent_priority,radiation_priority
235,235,RADIATION,17,43,523240.920497467,5696724.290406497,0.0,0.0005371086274252358,False,1.0416312681834372,ground_equivalent_excess_gamma_dose_rate,uSv/h,5.594691407372136e-05,1.7374073269336443,441,441,1.0,False,False,lower_radiation_equivalent_priority,radiation_priority
235,235,RADIATION,18,41,523200.920497467,5696744.290406497,0.0010361366492099018,0.0005371086274252358,True,0.7242257848137359,ground_equivalent_excess_gamma_dose_rate,uSv/h,3.889879172272699e-05,0.7433671550494996,441,441,1.0,True,False,lower_radiation_equivalent_priority,radiation_priority
235,235,RADIATION,18,42,523220.920497467,5696744.290406497,0.0006932105406765119,0.0005371086274252358,True,0.7569010199707282,ground_equivalent_excess_gamma_dose_rate,uSv/h,4.065380679332388e-05,1.5053669016389644,441,441,1.0,True,False,lower_radiation_equivalent_priority,radiation_priority
235,235,RADIATION,18,43,523240.920497467,5696744.290406497,0.0,0.0005371086274252358,False,0.8522462326841058,ground_equivalent_excess_gamma_dose_rate,uSv/h,4.577488042652882e-05,1.82813135530276,441,441,1.0,False,False,lower_radiation_equivalent_priority,radiation_priority
236,236,RADIATION,16,40,523180.920497467,5696704.290406497,0.0,0.0005371086274252358,False,0.6622568664649068,ground_equivalent_excess_gamma_dose_rate,uSv/h,3.557038765499038e-05,1.6121492091851504,441,441,1.0,False,False,lower_radiation_equivalent_priority,radiation_priority
236,236,RADIATION,16,41,523200.920497467,5696704.290406497,0.0,0.0005371086274252358,False,0.786827908957185,ground_equivalent_excess_gamma_dose_rate,uSv/h,4.2261205819986204e-05,1.709743867715533,441,441,1.0,False,False,lower_radiation_equivalent_priority,radiation_priority
236,236,RADIATION,16,42,523220.920497467,5696704.290406497,0.0,0.0005371086274252358,False,0.9241764608803937,ground_equivalent_excess_gamma_dose_rate,uSv/h,4.9638315040218036e-05,1.7526883720662438,441,441,1.0,False,False,lower_radiation_equivalent_priority,radiation_priority
236,236,RADIATION,17,40,523180.920497467,5696724.290406497,0.0006902837653888294,0.0005371086274252358,True,0.6302538842961097,ground_equivalent_excess_gamma_dose_rate,uSv/h,3.3851479872370686e-05,0.9849265588568606,441,441,1.0,True,False,lower_radiation_equivalent_priority,radiation_priority
236,236,RADIATION,17,42,523220.920497467,5696724.290406497,0.0,0.0005371086274252358,False,0.8469241044015368,ground_equivalent_excess_gamma_dose_rate,uSv/h,4.5489024324845656e-05,1.8151788074053108,441,441,1.0,False,False,lower_radiation_equivalent_priority,radiation_priority
236,236,RADIATION,18,40,523180.920497467,5696744.290406497,0.0010298411654863923,0.0005371086274252358,True,0.6183193387679762,ground_equivalent_excess_gamma_dose_rate,uSv/h,3.3210465135614706e-05,0.7246276822411091,441,441,1.0,True,False,lower_radiation_equivalent_priority,radiation_priority
236,236,RADIATION,18,41,523200.920497467,5696744.290406497,0.0006895313788716458,0.0005371086274252358,True,0.6824358285011324,ground_equivalent_excess_gamma_dose_rate,uSv/h,3.6654217115204686e-05,1.3902684947044972,441,441,1.0,True,True,highest_radiation_equivalent_priority,radiation_priority
236,236,RADIATION,18,42,523220.920497467,5696744.290406497,0.00034660527033825595,0.0005371086274252358,False,0.7460878531404153,ground_equivalent_excess_gamma_dose_rate,uSv/h,4.007302227388894e-05,1.6188658497092265,441,441,1.0,False,False,lower_radiation_equivalent_priority,radiation_priority
237,237,RADIATION,17,40,523180.920497467,5696724.290406497,0.00034541981951423704,0.0005371086274252358,False,0.6213119087754706,ground_equivalent_excess_gamma_dose_rate,uSv/h,3.337119865253463e-05,1.363264652573477,441,441,1.0,False,False,lower_radiation_equivalent_priority,radiation_priority
237,237,RADIATION,17,41,523200.920497467,5696724.290406497,0.0,0.0005371086274252358,False,0.6873987301592316,ground_equivalent_excess_gamma_dose_rate,uSv/h,3.6920778844967495e-05,2.1336204359911495,441,441,1.0,False,False,lower_radiation_equivalent_priority,radiation_priority
237,237,RADIATION,17,42,523220.920497467,5696724.290406497,0.0,0.0005371086274252358,False,0.8434850493348438,ground_equivalent_excess_gamma_dose_rate,uSv/h,4.530430971019453e-05,2.1330226732776136,441,441,1.0,False,False,lower_radiation_equivalent_priority,radiation_priority
237,237,RADIATION,18,40,523180.920497467,5696744.290406497,0.0006849772196117999,0.0005371086274252358,True,0.5821069429285751,ground_equivalent_excess_gamma_dose_rate,uSv/h,3.12654661131067e-05,1.3595145200862078,441,441,1.0,True,False,lower_radiation_equivalent_priority,radiation_priority
237,237,RADIATION,18,42,523220.920497467,5696744.290406497,0.00034660527033825595,0.0005371086274252358,False,0.7324003884545597,ground_equivalent_excess_gamma_dose_rate,uSv/h,3.93378567368538e-05,2.049334920647074,441,441,1.0,False,False,lower_radiation_equivalent_priority,radiation_priority
237,237,RADIATION,19,40,523180.920497467,5696764.290406497,0.0010205338063414091,0.0005371086274252358,True,0.553315415612824,ground_equivalent_excess_gamma_dose_rate,uSv/h,2.9719048341302784e-05,0.7433791965713245,441,441,1.0,True,False,lower_radiation_equivalent_priority,radiation_priority
237,237,RADIATION,19,41,523200.920497467,5696764.290406497,0.0010310611155983488,0.0005371086274252358,True,0.5868837121199121,ground_equivalent_excess_gamma_dose_rate,uSv/h,3.152203050749532e-05,1.013613230891682,441,441,1.0,True,False,lower_radiation_equivalent_priority,radiation_priority
237,237,RADIATION,19,42,523220.920497467,5696764.290406497,0.0006914692162128483,0.0005371086274252358,True,0.722907668437277,ground_equivalent_excess_gamma_dose_rate,uSv/h,3.8827994554952336e-05,0.9642722154607424,441,441,1.0,True,True,highest_radiation_equivalent_priority,radiation_priority
238,238,RADIATION,18,41,523200.920497467,5696744.290406497,0.0,0.0005371086274252358,False,0.6227606637265812,ground_equivalent_excess_gamma_dose_rate,uSv/h,3.344901253086129e-05,2.1622986758390272,441,441,1.0,False,False,lower_radiation_equivalent_priority,radiation_priority
238,238,RADIATION,18,42,523220.920497467,5696744.290406497,0.0,0.0005371086274252358,False,0.7213232214280193,ground_equivalent_excess_gamma_dose_rate,uSv/h,3.8742892539115284e-05,2.1586571256142215,441,441,1.0,False,False,lower_radiation_equivalent_priority,radiation_priority
238,238,RADIATION,18,43,523240.920497467,5696744.290406497,0.0,0.0005371086274252358,False,0.8488445708300567,ground_equivalent_excess_gamma_dose_rate,uSv/h,4.559217423358951e-05,1.8762325123720982,441,441,1.0,False,False,lower_radiation_equivalent_priority,radiation_priority
238,238,RADIATION,19,41,523200.920497467,5696764.290406497,0.000684455845260093,0.0005371086274252358,True,0.5729976533732565,ground_equivalent_excess_gamma_dose_rate,uSv/h,3.0776198312119084e-05,1.5939442583241683,441,441,1.0,True,False,lower_radiation_equivalent_priority,radiation_priority
238,238,RADIATION,19,43,523240.920497467,5696764.290406497,0.0003468761312459282,0.0005371086274252358,False,0.7815043726688152,ground_equivalent_excess_gamma_dose_rate,uSv/h,4.1975274093096734e-05,1.623338641403319,441,441,1.0,False,False,lower_radiation_equivalent_priority,radiation_priority
238,238,RADIATION,20,41,523200.920497467,5696784.290406497,0.0010205338063414091,0.0005371086274252358,True,0.5545096431059355,ground_equivalent_excess_gamma_dose_rate,uSv/h,2.9783191330268638e-05,0.7473163971795503,441,441,1.0,True,False,lower_radiation_equivalent_priority,radiation_priority
238,238,RADIATION,20,42,523220.920497467,5696784.290406497,0.0010318533508577282,0.0005371086274252358,True,0.5822527039094051,ground_equivalent_excess_gamma_dose_rate,uSv/h,3.127329506114128e-05,0.9011557306646524,441,441,1.0,True,False,lower_radiation_equivalent_priority,radiation_priority
238,238,RADIATION,20,43,523240.920497467,5696784.290406497,0.0010405713628840062,0.0005371086274252358,True,0.7351322437459454,ground_equivalent_excess_gamma_dose_rate,uSv/h,3.948458704144187e-05,0.7859412320860989,441,441,1.0,True,True,highest_radiation_equivalent_priority,radiation_priority
239,239,RADIATION,19,42,523220.920497467,5696764.290406497,0.0,0.0005371086274252358,False,0.6447940501942407,ground_equivalent_excess_gamma_dose_rate,uSv/h,3.4632444727178725e-05,1.7373735501483856,441,441,1.0,False,False,lower_radiation_equivalent_priority,radiation_priority
239,239,RADIATION,19,43,523240.920497467,5696764.290406497,0.0,0.0005371086274252358,False,0.7650593418685315,ground_equivalent_excess_gamma_dose_rate,uSv/h,4.109199730098612e-05,1.7326608463704662,441,441,1.0,False,False,lower_radiation_equivalent_priority,radiation_priority
239,239,RADIATION,19,44,523260.920497467,5696764.290406497,0.0,0.0005371086274252358,False,0.8625631840854148,ground_equivalent_excess_gamma_dose_rate,uSv/h,4.632901278716581e-05,1.6387769396141787,441,441,1.0,False,False,lower_radiation_equivalent_priority,radiation_priority
239,239,RADIATION,20,42,523220.920497467,5696784.290406497,0.0006849772196117999,0.0005371086274252358,True,0.5652103109616652,ground_equivalent_excess_gamma_dose_rate,uSv/h,3.0357933432721072e-05,1.4208280699311975,441,441,1.0,True,False,lower_radiation_equivalent_priority,radiation_priority
239,239,RADIATION,20,44,523260.920497467,5696784.290406497,0.0003473656219923064,0.0005371086274252358,False,0.7971349099306437,ground_equivalent_excess_gamma_dose_rate,uSv/h,4.28148037345587e-05,1.0847214548369108,441,441,1.0,False,False,lower_radiation_equivalent_priority,radiation_priority
239,239,RADIATION,21,42,523220.920497467,5696804.290406497,0.0012897993774101746,0.0005371086274252358,True,0.5481043460253671,ground_equivalent_excess_gamma_dose_rate,uSv/h,2.943915729794914e-05,0.7304848892895943,441,441,1.0,True,False,lower_radiation_equivalent_priority,radiation_priority
239,239,RADIATION,21,43,523240.920497467,5696804.290406497,0.0010338243051965289,0.0005371086274252358,True,0.5510475582314639,ground_equivalent_excess_gamma_dose_rate,uSv/h,2.9597239764772928e-05,0.8507922999027714,441,441,1.0,True,False,lower_radiation_equivalent_priority,radiation_priority
239,239,RADIATION,21,44,523260.920497467,5696804.290406497,0.0010422335688015573,0.0005371086274252358,True,0.6912830628383664,ground_equivalent_excess_gamma_dose_rate,uSv/h,3.71294097043428e-05,0.6825616032007304,441,441,1.0,True,True,highest_radiation_equivalent_priority,radiation_priority
240,240,RADIATION,20,43,523240.920497467,5696784.290406497,0.0,0.0005371086274252358,False,0.609874235104372,ground_equivalent_excess_gamma_dose_rate,uSv/h,3.275687133189248e-05,1.4529369143103394,441,441,1.0,False,False,lower_radiation_equivalent_priority,radiation_priority
240,240,RADIATION,20,44,523260.920497467,5696784.290406497,0.0,0.0005371086274252358,False,0.7678661507096953,ground_equivalent_excess_gamma_dose_rate,uSv/h,4.124275342539837e-05,1.3251399561496204,441,441,1.0,False,False,lower_radiation_equivalent_priority,radiation_priority
240,240,RADIATION,20,45,523280.920497467,5696784.290406497,0.0,0.0005371086274252358,False,0.860288776963773,ground_equivalent_excess_gamma_dose_rate,uSv/h,4.62068524184347e-05,1.4290083402652263,441,441,1.0,False,False,lower_radiation_equivalent_priority,radiation_priority
240,240,RADIATION,21,43,523240.920497467,5696804.290406497,0.0006864586832042225,0.0005371086274252358,True,0.5419710973829959,ground_equivalent_excess_gamma_dose_rate,uSv/h,2.9109735221952972e-05,1.3174484410458291,441,441,1.0,True,False,lower_radiation_equivalent_priority,radiation_priority
240,240,RADIATION,21,45,523280.920497467,5696804.290406497,0.0009716455593242765,0.0005371086274252358,True,0.7561829998175995,ground_equivalent_excess_gamma_dose_rate,uSv/h,4.061524131143282e-05,0.9123386732153208,441,441,1.0,True,True,highest_radiation_equivalent_priority,radiation_priority
240,240,RADIATION,22,43,523240.920497467,5696824.290406497,0.0015618203759853577,0.0005371086274252358,True,0.5314876121657799,ground_equivalent_excess_gamma_dose_rate,uSv/h,2.8546658186387812e-05,0.7304848892895943,441,441,1.0,True,False,lower_radiation_equivalent_priority,radiation_priority
240,240,RADIATION,22,44,523260.920497467,5696824.290406497,0.0013076885164168708,0.0005371086274252358,True,0.5223679423688845,ground_equivalent_excess_gamma_dose_rate,uSv/h,2.8056832853669626e-05,0.8507922999027714,441,441,1.0,True,False,lower_radiation_equivalent_priority,radiation_priority
240,240,RADIATION,22,45,523280.920497467,5696824.290406497,0.0013183666635018059,0.0005371086274252358,True,0.5551666375561132,ground_equivalent_excess_gamma_dose_rate,uSv/h,2.981847906900473e-05,0.6657300953107743,441,441,1.0,True,False,lower_radiation_equivalent_priority,radiation_priority
241,241,RADIATION,20,44,523260.920497467,5696784.290406497,0.0,0.0005371086274252358,False,0.7493733983047123,ground_equivalent_excess_gamma_dose_rate,uSv/h,4.024949173924286e-05,1.5373494865105788,441,441,1.0,False,False,lower_radiation_equivalent_priority,radiation_priority
241,241,RADIATION,20,45,523280.920497467,5696784.290406497,0.0,0.0005371086274252358,False,0.8386886579120195,ground_equivalent_excess_gamma_dose_rate,uSv/h,4.504669138882379e-05,1.542494068128809,441,441,1.0,False,False,lower_radiation_equivalent_priority,radiation_priority
241,241,RADIATION,20,46,523300.920497467,5696784.290406497,0.0,0.0005371086274252358,False,0.8793090665942308,ground_equivalent_excess_gamma_dose_rate,uSv/h,4.722844858409926e-05,1.6219454317242226,441,441,1.0,False,False,lower_radiation_equivalent_priority,radiation_priority
241,241,RADIATION,21,44,523260.920497467,5696804.290406497,0.0,0.0005371086274252358,False,0.5650183084657268,ground_equivalent_excess_gamma_dose_rate,uSv/h,3.03476208130155e-05,1.694593387555698,441,441,1.0,False,False,lower_radiation_equivalent_priority,radiation_priority
241,241,RADIATION,21,46,523300.920497467,5696804.290406497,0.0006231976575027996,0.0005371086274252358,True,0.7911597433853116,ground_equivalent_excess_gamma_dose_rate,uSv/h,4.2493872384378645e-05,1.0902837468002817,441,441,1.0,True,True,highest_radiation_equivalent_priority,radiation_priority
241,241,RADIATION,22,44,523260.920497467,5696824.290406497,0.0009597094958759714,0.0005371086274252358,True,0.5422404966453094,ground_equivalent_excess_gamma_dose_rate,uSv/h,2.912420488875403e-05,1.2888981551067742,441,441,1.0,True,False,lower_radiation_equivalent_priority,radiation_priority
241,241,RADIATION,22,45,523280.920497467,5696824.290406497,0.0009703876429609064,0.0005371086274252358,True,0.56476661371275,ground_equivalent_excess_gamma_dose_rate,uSv/h,3.0334102070685354e-05,1.2888981551067742,441,441,1.0,True,False,lower_radiation_equivalent_priority,radiation_priority
241,241,RADIATION,22,46,523300.920497467,5696824.290406497,0.0015950339702476707,0.0005371086274252358,True,0.6908239431969302,ground_equivalent_excess_gamma_dose_rate,uSv/h,3.7104749992299224e-05,0.7772317956152157,441,441,1.0,True,False,lower_radiation_equivalent_priority,radiation_priority
242,242,RADIATION,20,45,523280.920497467,5696784.290406497,0.0,0.0005371086274252358,False,0.8237097616442297,ground_equivalent_excess_gamma_dose_rate,uSv/h,4.4242161947350035e-05,1.721742659102646,441,441,1.0,False,False,lower_radiation_equivalent_priority,radiation_priority
242,242,RADIATION,20,46,523300.920497467,5696784.290406497,0.0,0.0005371086274252358,False,0.861852579312405,ground_equivalent_excess_gamma_dose_rate,uSv/h,4.62908455917385e-05,1.7381827947117534,441,441,1.0,False,False,lower_radiation_equivalent_priority,radiation_priority
242,242,RADIATION,20,47,523320.920497467,5696784.290406497,0.0,0.0005371086274252358,False,0.8816361379202571,ground_equivalent_excess_gamma_dose_rate,uSv/h,4.7353437592683516e-05,1.848932858069145,441,441,1.0,False,False,lower_radiation_equivalent_priority,radiation_priority
242,242,RADIATION,21,45,523280.920497467,5696804.290406497,0.0,0.0005371086274252358,False,0.6306179891715377,ground_equivalent_excess_gamma_dose_rate,uSv/h,3.387103625935868e-05,1.89231987335096,441,441,1.0,False,False,lower_radiation_equivalent_priority,radiation_priority
242,242,RADIATION,21,47,523320.920497467,5696804.290406497,0.0003493441969491794,0.0005371086274252358,False,0.8040045193956837,ground_equivalent_excess_gamma_dose_rate,uSv/h,4.318377638563021e-05,1.6254730078239552,441,441,1.0,False,False,lower_radiation_equivalent_priority,radiation_priority
242,242,RADIATION,22,45,523280.920497467,5696824.290406497,0.0003471899854581068,0.0005371086274252358,False,0.5859468138659097,ground_equivalent_excess_gamma_dose_rate,uSv/h,3.147170889397089e-05,1.4453408780889299,441,441,1.0,False,False,lower_radiation_equivalent_priority,radiation_priority
242,242,RADIATION,22,46,523300.920497467,5696824.290406497,0.000971836312744871,0.0005371086274252358,True,0.6331863988261478,ground_equivalent_excess_gamma_dose_rate,uSv/h,3.4008987757784017e-05,1.4003998554112156,441,441,1.0,True,False,lower_radiation_equivalent_priority,radiation_priority
242,242,RADIATION,22,47,523320.920497467,5696824.290406497,0.0010477141238216896,0.0005371086274252358,True,0.7378700685592484,ground_equivalent_excess_gamma_dose_rate,uSv/h,3.9631637974202255e-05,0.8806114245005842,441,441,1.0,True,True,highest_radiation_equivalent_priority,radiation_priority
243,243,RADIATION,21,46,523300.920497467,5696804.290406497,0.0,0.0005371086274252358,False,0.7074150197999395,ground_equivalent_excess_gamma_dose_rate,uSv/h,3.799587103047415e-05,1.9000062759334475,441,441,1.0,False,False,lower_radiation_equivalent_priority,radiation_priority
243,243,RADIATION,21,47,523320.920497467,5696804.290406497,0.0,0.0005371086274252358,False,0.7857260888786909,ground_equivalent_excess_gamma_dose_rate,uSv/h,4.220202611298325e-05,1.7347952127911024,441,441,1.0,False,False,lower_radiation_equivalent_priority,radiation_priority
243,243,RADIATION,21,48,523340.920497467,5696804.290406497,0.0,0.0005371086274252358,False,0.8004572273005738,ground_equivalent_excess_gamma_dose_rate,uSv/h,4.2993248266802115e-05,1.6387769396141787,441,441,1.0,False,False,lower_radiation_equivalent_priority,radiation_priority
243,243,RADIATION,22,46,523300.920497467,5696824.290406497,0.0006224921157956916,0.0005371086274252358,True,0.5943621587009913,ground_equivalent_excess_gamma_dose_rate,uSv/h,3.1923704325338956e-05,1.5299613843313506,441,441,1.0,True,False,lower_radiation_equivalent_priority,radiation_priority
243,243,RADIATION,22,48,523340.920497467,5696824.290406497,0.0003492747187518027,0.0005371086274252358,False,0.6987928152010122,ground_equivalent_excess_gamma_dose_rate,uSv/h,3.753276498272321e-05,1.0847214548369108,441,441,1.0,False,False,lower_radiation_equivalent_priority,radiation_priority
243,243,RADIATION,23,46,523300.920497467,5696844.290406497,0.001591309472913675,0.0005371086274252358,True,0.570088327420494,ground_equivalent_excess_gamma_dose_rate,uSv/h,3.0619935905196996e-05,0.7493136449453711,441,441,1.0,True,False,lower_radiation_equivalent_priority,radiation_priority
243,243,RADIATION,23,47,523320.920497467,5696844.290406497,0.0013208539796544243,0.0005371086274252358,True,0.5511573688542467,ground_equivalent_excess_gamma_dose_rate,uSv/h,2.9603137788060883e-05,0.8507922999027714,441,441,1.0,True,False,lower_radiation_equivalent_priority,radiation_priority
243,243,RADIATION,23,48,523340.920497467,5696844.290406497,0.0010473229487507679,0.0005371086274252358,True,0.6220679578570405,ground_equivalent_excess_gamma_dose_rate,uSv/h,3.341180670098145e-05,0.6825616032007304,441,441,1.0,True,True,highest_radiation_equivalent_priority,radiation_priority
244,244,RADIATION,22,47,523320.920497467,5696824.290406497,0.0,0.0005371086274252358,False,0.6040881680207731,ground_equivalent_excess_gamma_dose_rate,uSv/h,3.244609667694627e-05,1.5332972965973175,441,441,1.0,False,False,lower_radiation_equivalent_priority,radiation_priority
244,244,RADIATION,22,48,523340.920497467,5696824.290406497,0.0,0.0005371086274252358,False,0.6746097404596089,ground_equivalent_excess_gamma_dose_rate,uSv/h,3.6233871174595506e-05,1.3251399561496204,441,441,1.0,False,False,lower_radiation_equivalent_priority,radiation_priority
244,244,RADIATION,22,49,523360.920497467,5696824.290406497,0.0,0.0005371086274252358,False,0.6978119707634499,ground_equivalent_excess_gamma_dose_rate,uSv/h,3.7480082981765536e-05,1.4102688674568356,441,441,1.0,False,False,lower_radiation_equivalent_priority,radiation_priority
244,244,RADIATION,23,47,523320.920497467,5696844.290406497,0.0009715792609026215,0.0005371086274252358,True,0.5411582868121552,ground_equivalent_excess_gamma_dose_rate,uSv/h,2.9066078464946877e-05,1.3174484410458291,441,441,1.0,True,False,lower_radiation_equivalent_priority,radiation_priority
244,244,RADIATION,23,49,523360.920497467,5696844.290406497,0.0006965929788879922,0.0005371086274252358,True,0.621443829290106,ground_equivalent_excess_gamma_dose_rate,uSv/h,3.3378284217189136e-05,0.9123386732153208,441,441,1.0,True,True,highest_radiation_equivalent_priority,radiation_priority
244,244,RADIATION,24,47,523320.920497467,5696864.290406497,0.0015936650680911655,0.0005371086274252358,True,0.5047460144410288,ground_equivalent_excess_gamma_dose_rate,uSv/h,2.7110343901477926e-05,0.7304848892895943,441,441,1.0,True,False,lower_radiation_equivalent_priority,radiation_priority
244,244,RADIATION,24,48,523340.920497467,5696864.290406497,0.0013218625621659633,0.0005371086274252358,True,0.47917491425814107,ground_equivalent_excess_gamma_dose_rate,uSv/h,2.5736898049379522e-05,0.8507922999027714,441,441,1.0,True,False,lower_radiation_equivalent_priority,radiation_priority
244,244,RADIATION,24,49,523360.920497467,5696864.290406497,0.0013195880831363088,0.0005371086274252358,True,0.47069619739098034,ground_equivalent_excess_gamma_dose_rate,uSv/h,2.5281498851494734e-05,0.6657300953107743,441,441,1.0,True,False,lower_radiation_equivalent_priority,radiation_priority
245,245,RADIATION,22,48,523340.920497467,5696824.290406497,0.0,0.0005371086274252358,False,0.6564092174241029,ground_equivalent_excess_gamma_dose_rate,uSv/h,3.525630537999331e-05,1.5373494865105788,441,441,1.0,False,False,lower_radiation_equivalent_priority,radiation_priority
245,245,RADIATION,22,49,523360.920497467,5696824.290406497,0.0,0.0005371086274252358,False,0.6813383405783144,ground_equivalent_excess_gamma_dose_rate,uSv/h,3.659527009202063e-05,1.527663348633262,441,441,1.0,False,False,lower_radiation_equivalent_priority,radiation_priority
245,245,RADIATION,22,50,523380.920497467,5696824.290406497,0.0,0.0005371086274252358,False,0.6898331051226285,ground_equivalent_excess_gamma_dose_rate,uSv/h,3.705153122449034e-05,1.5326303331108464,441,441,1.0,False,False,lower_radiation_equivalent_priority,radiation_priority
245,245,RADIATION,23,48,523340.920497467,5696844.290406497,0.0,0.0005371086274252358,False,0.5064293685244771,ground_equivalent_excess_gamma_dose_rate,uSv/h,2.720075830160108e-05,1.694593387555698,441,441,1.0,False,False,lower_radiation_equivalent_priority,radiation_priority
245,245,RADIATION,23,50,523380.920497467,5696844.290406497,0.001239536291299421,0.0005371086274252358,True,0.6233629355158777,ground_equivalent_excess_gamma_dose_rate,uSv/h,3.348136106826989e-05,1.015985222737657,441,441,1.0,True,True,highest_radiation_equivalent_priority,radiation_priority
245,245,RADIATION,24,48,523340.920497467,5696864.290406497,0.0009728987682798156,0.0005371086274252358,True,0.4788637193394002,ground_equivalent_excess_gamma_dose_rate,uSv/h,2.5720183501812857e-05,1.2888981551067742,441,441,1.0,True,False,lower_radiation_equivalent_priority,radiation_priority
245,245,RADIATION,24,49,523360.920497467,5696864.290406497,0.0009706242892501609,0.0005371086274252358,True,0.47543678932397554,ground_equivalent_excess_gamma_dose_rate,uSv/h,2.553612013412615e-05,1.2888981551067742,441,441,1.0,True,False,lower_radiation_equivalent_priority,radiation_priority
245,245,RADIATION,24,50,523380.920497467,5696864.290406497,0.001862503945839673,0.0005371086274252358,True,0.4766231907400859,ground_equivalent_excess_gamma_dose_rate,uSv/h,2.5599842777744392e-05,0.7604002877252596,441,441,1.0,True,False,lower_radiation_equivalent_priority,radiation_priority
246,246,RADIATION,22,49,523360.920497467,5696824.290406497,0.0,0.0005371086274252358,False,0.667688773490763,ground_equivalent_excess_gamma_dose_rate,uSv/h,3.586214006768629e-05,1.681254738255327,441,441,1.0,False,False,lower_radiation_equivalent_priority,radiation_priority
246,246,RADIATION,22,50,523380.920497467,5696824.290406497,0.0,0.0005371086274252358,False,0.6745239839405958,ground_equivalent_excess_gamma_dose_rate,uSv/h,3.622926511797352e-05,1.664845497881243,441,441,1.0,False,False,lower_radiation_equivalent_priority,radiation_priority
246,246,RADIATION,22,51,523400.920497467,5696824.290406497,0.0,0.0005371086274252358,False,0.6770755253626926,ground_equivalent_excess_gamma_dose_rate,uSv/h,3.636631060907762e-05,1.6184247877349036,441,441,1.0,False,False,lower_radiation_equivalent_priority,radiation_priority
246,246,RADIATION,23,49,523360.920497467,5696844.290406497,0.0,0.0005371086274252358,False,0.5072956932608917,ground_equivalent_excess_gamma_dose_rate,uSv/h,2.72472893506091e-05,1.8789201388384502,441,441,1.0,False,False,lower_radiation_equivalent_priority,radiation_priority
246,246,RADIATION,23,51,523400.920497467,5696844.290406497,0.0012336067994986142,0.0005371086274252358,True,0.6100687686074528,ground_equivalent_excess_gamma_dose_rate,uSv/h,3.2767319894175277e-05,1.0243338112701665,441,441,1.0,True,True,highest_radiation_equivalent_priority,radiation_priority
246,246,RADIATION,24,49,523360.920497467,5696864.290406497,0.00034913439972822873,0.0005371086274252358,False,0.47633832659190456,ground_equivalent_excess_gamma_dose_rate,uSv/h,2.5584542478581154e-05,1.4453408780889299,441,441,1.0,False,False,lower_radiation_equivalent_priority,radiation_priority
246,246,RADIATION,24,50,523380.920497467,5696864.290406497,0.0012410140563177408,0.0005371086274252358,True,0.47731671821974697,ground_equivalent_excess_gamma_dose_rate,uSv/h,2.5637092737012634e-05,1.3835683475212595,441,441,1.0,True,False,lower_radiation_equivalent_priority,radiation_priority
246,246,RADIATION,24,51,523400.920497467,5696864.290406497,0.0006189735857112322,0.0005371086274252358,True,0.4774383977318674,ground_equivalent_excess_gamma_dose_rate,uSv/h,2.5643628248586714e-05,0.7604002877252596,441,441,1.0,True,False,lower_radiation_equivalent_priority,radiation_priority
247,247,RADIATION,22,50,523380.920497467,5696824.290406497,0.0,0.0005371086274252358,False,0.6655686705707247,ground_equivalent_excess_gamma_dose_rate,uSv/h,3.574826751074809e-05,1.746535622908369,441,441,1.0,False,False,lower_radiation_equivalent_priority,radiation_priority
247,247,RADIATION,22,51,523400.920497467,5696824.290406497,0.0,0.0005371086274252358,False,0.6616491187311536,ground_equivalent_excess_gamma_dose_rate,uSv/h,3.5537744999880684e-05,1.7277469927020508,441,441,1.0,False,False,lower_radiation_equivalent_priority,radiation_priority
247,247,RADIATION,22,52,523420.920497467,5696824.290406497,0.0,0.0005371086274252358,False,0.6558107499267991,ground_equivalent_excess_gamma_dose_rate,uSv/h,3.522416117438976e-05,1.6184247877349036,441,441,1.0,False,False,lower_radiation_equivalent_priority,radiation_priority
247,247,RADIATION,23,50,523380.920497467,5696844.290406497,0.0,0.0005371086274252358,False,0.5068872705108183,ground_equivalent_excess_gamma_dose_rate,uSv/h,2.7225352612338983e-05,1.922081718840447,441,441,1.0,False,False,lower_radiation_equivalent_priority,radiation_priority
247,247,RADIATION,23,52,523420.920497467,5696844.290406497,0.0,0.0005371086274252358,False,0.586285325500826,ground_equivalent_excess_gamma_dose_rate,uSv/h,3.1489890645930626e-05,1.0243338112701665,441,441,1.0,False,False,lower_radiation_equivalent_priority,radiation_priority
247,247,RADIATION,24,50,523380.920497467,5696864.290406497,0.0006220404706065085,0.0005371086274252358,True,0.47637815890906166,ground_equivalent_excess_gamma_dose_rate,uSv/h,2.5586681906700697e-05,1.4850279699663687,441,441,1.0,True,True,highest_radiation_equivalent_priority,radiation_priority
247,247,RADIATION,24,51,523400.920497467,5696864.290406497,0.0,0.0005371086274252358,False,0.474492973647987,ground_equivalent_excess_gamma_dose_rate,uSv/h,2.5485426979898887e-05,1.3835683475212595,441,441,1.0,False,False,lower_radiation_equivalent_priority,radiation_priority
247,247,RADIATION,24,52,523420.920497467,5696864.290406497,0.0,0.0005371086274252358,False,0.4720013273079653,ground_equivalent_excess_gamma_dose_rate,uSv/h,2.5351598505327074e-05,0.7604002877252596,441,441,1.0,False,False,lower_radiation_equivalent_priority,radiation_priority
248,248,RADIATION,23,49,523360.920497467,5696844.290406497,0.0,0.0005371086274252358,False,0.4991540912989671,ground_equivalent_excess_gamma_dose_rate,uSv/h,2.6809996885127903e-05,2.2748891886645257,441,441,1.0,False,False,lower_radiation_equivalent_priority,radiation_priority
248,248,RADIATION,23,50,523380.920497467,5696844.290406497,0.0,0.0005371086274252358,False,0.5002761021339754,ground_equivalent_excess_gamma_dose_rate,uSv/h,2.6870261055082664e-05,2.370462732468056,441,441,1.0,False,False,lower_radiation_equivalent_priority,radiation_priority
248,248,RADIATION,23,51,523400.920497467,5696844.290406497,0.0,0.0005371086274252358,False,0.5181051024065563,ground_equivalent_excess_gamma_dose_rate,uSv/h,2.7827872041559667e-05,2.1658689827308244,441,441,1.0,False,False,lower_radiation_equivalent_priority,radiation_priority
248,248,RADIATION,24,49,523360.920497467,5696864.290406497,0.00034913439972822873,0.0005371086274252358,False,0.46899811572286576,ground_equivalent_excess_gamma_dose_rate,uSv/h,2.5190293420093033e-05,2.119914807811467,441,441,1.0,False,False,lower_radiation_equivalent_priority,radiation_priority
248,248,RADIATION,24,51,523400.920497467,5696864.290406497,0.0,0.0005371086274252358,False,0.4630000892094812,ground_equivalent_excess_gamma_dose_rate,uSv/h,2.4868134241306615e-05,2.042634773463836,441,441,1.0,False,False,lower_radiation_equivalent_priority,radiation_priority
248,248,RADIATION,25,49,523360.920497467,5696884.290406497,0.001596587109483489,0.0005371086274252358,True,0.45161600716161915,ground_equivalent_excess_gamma_dose_rate,uSv/h,2.4256685372984274e-05,0.8695247817206957,441,441,1.0,True,True,highest_radiation_equivalent_priority,radiation_priority
248,248,RADIATION,25,50,523380.920497467,5696884.290406497,0.0009715795836168278,0.0005371086274252358,True,0.42425532895036056,ground_equivalent_excess_gamma_dose_rate,uSv/h,2.278711974103701e-05,1.032696775176663,441,441,1.0,True,False,lower_radiation_equivalent_priority,radiation_priority
248,248,RADIATION,25,51,523400.920497467,5696884.290406497,7.443421218731077e-05,0.0005371086274252358,False,0.43970416617136654,ground_equivalent_excess_gamma_dose_rate,uSv/h,2.361689011654605e-05,0.8764265536897372,441,441,1.0,False,False,lower_radiation_equivalent_priority,radiation_priority
249,249,RADIATION,24,48,523340.920497467,5696864.290406497,0.00034908714510692993,0.0005371086274252358,False,0.4760713334700681,ground_equivalent_excess_gamma_dose_rate,uSv/h,2.5570202047661e-05,1.6030475698825741,441,441,1.0,False,False,lower_radiation_equivalent_priority,radiation_priority
249,249,RADIATION,24,49,523360.920497467,5696864.290406497,0.0,0.0005371086274252358,False,0.46057955550379776,ground_equivalent_excess_gamma_dose_rate,uSv/h,2.4738125287677e-05,2.23340053567505,441,441,1.0,False,False,lower_radiation_equivalent_priority,radiation_priority
249,249,RADIATION,24,50,523380.920497467,5696864.290406497,0.0,0.0005371086274252358,False,0.45066162536894383,ground_equivalent_excess_gamma_dose_rate,uSv/h,2.4205424703513924e-05,2.3438313067697005,441,441,1.0,False,False,lower_radiation_equivalent_priority,radiation_priority
249,249,RADIATION,25,48,523340.920497467,5696884.290406497,0.0012466669583258534,0.0005371086274252358,True,0.4123497516447814,ground_equivalent_excess_gamma_dose_rate,uSv/h,2.214766091250654e-05,0.9638744265591269,441,441,1.0,True,False,lower_radiation_equivalent_priority,radiation_priority
249,249,RADIATION,25,50,523380.920497467,5696884.290406497,0.000622445183888599,0.0005371086274252358,True,0.4133718262792627,ground_equivalent_excess_gamma_dose_rate,uSv/h,2.220255742291178e-05,1.5285912076632724,441,441,1.0,True,True,highest_radiation_equivalent_priority,radiation_priority
249,249,RADIATION,26,48,523340.920497467,5696904.290406497,0.0013215197516042126,0.0005371086274252358,True,0.34708453364500075,ground_equivalent_excess_gamma_dose_rate,uSv/h,1.8642209746659442e-05,0.639999567685956,441,441,1.0,True,False,lower_radiation_equivalent_priority,radiation_priority
249,249,RADIATION,26,49,523360.920497467,5696904.290406497,0.0015954585436324816,0.0005371086274252358,True,0.3535793979085495,ground_equivalent_excess_gamma_dose_rate,uSv/h,1.899105450965023e-05,0.850759774806334,441,441,1.0,True,False,lower_radiation_equivalent_priority,radiation_priority
249,249,RADIATION,26,50,523380.920497467,5696904.290406497,0.001319608797847086,0.0005371086274252358,True,0.37386488257441913,ground_equivalent_excess_gamma_dose_rate,uSv/h,2.008060539220432e-05,0.750280968540366,441,441,1.0,True,False,lower_radiation_equivalent_priority,radiation_priority
250,250,RADIATION,24,49,523360.920497467,5696864.290406497,0.0,0.0005371086274252358,False,0.45932110933151105,ground_equivalent_excess_gamma_dose_rate,uSv/h,2.4670533058048453e-05,2.3427227406421975,441,441,1.0,False,False,lower_radiation_equivalent_priority,radiation_priority
250,250,RADIATION,24,50,523380.920497467,5696864.290406497,0.0,0.0005371086274252358,False,0.44520224404461545,ground_equivalent_excess_gamma_dose_rate,uSv/h,2.3912196622543826e-05,2.481188376704889,441,441,1.0,False,False,lower_radiation_equivalent_priority,radiation_priority
250,250,RADIATION,24,51,523400.920497467,5696864.290406497,0.0,0.0005371086274252358,False,0.4603995015155586,ground_equivalent_excess_gamma_dose_rate,uSv/h,2.472845443262844e-05,2.1760315912323716,441,441,1.0,False,False,lower_radiation_equivalent_priority,radiation_priority
250,250,RADIATION,25,49,523360.920497467,5696884.290406497,0.0,0.0005371086274252358,False,0.3782890404157523,ground_equivalent_excess_gamma_dose_rate,uSv/h,2.0318230726771426e-05,2.163478045508371,441,441,1.0,False,False,lower_radiation_equivalent_priority,radiation_priority
250,250,RADIATION,25,51,523400.920497467,5696884.290406497,7.443421218731077e-05,0.0005371086274252358,False,0.4091997307280235,ground_equivalent_excess_gamma_dose_rate,uSv/h,2.197847057141048e-05,1.651126294123212,441,441,1.0,False,False,lower_radiation_equivalent_priority,radiation_priority
250,250,RADIATION,26,49,523360.920497467,5696904.290406497,0.0009730133597438825,0.0005371086274252358,True,0.35013169836173363,ground_equivalent_excess_gamma_dose_rate,uSv/h,1.8805875592513743e-05,1.3734490283363658,441,441,1.0,True,False,lower_radiation_equivalent_priority,radiation_priority
250,250,RADIATION,26,50,523380.920497467,5696904.290406497,0.000697163613958487,0.0005371086274252358,True,0.353076670073824,ground_equivalent_excess_gamma_dose_rate,uSv/h,1.8964052563922443e-05,1.3788466276245195,441,441,1.0,True,False,lower_radiation_equivalent_priority,radiation_priority
250,250,RADIATION,26,51,523400.920497467,5696904.290406497,0.0013124392243602343,0.0005371086274252358,True,0.3542089567701375,ground_equivalent_excess_gamma_dose_rate,uSv/h,1.9024868659253323e-05,0.867717117218854,441,441,1.0,True,True,highest_radiation_equivalent_priority,radiation_priority
251,251,RADIATION,25,50,523380.920497467,5696884.290406497,0.0,0.0005371086274252358,False,0.3809285903431979,ground_equivalent_excess_gamma_dose_rate,uSv/h,2.0460003230626498e-05,2.2792612737368865,441,441,1.0,False,False,lower_radiation_equivalent_priority,radiation_priority
251,251,RADIATION,25,51,523400.920497467,5696884.290406497,0.0,0.0005371086274252358,False,0.38216557875446233,ground_equivalent_excess_gamma_dose_rate,uSv/h,2.052644294539801e-05,1.7604484990903593,441,441,1.0,False,False,lower_radiation_equivalent_priority,radiation_priority
251,251,RADIATION,25,52,523420.920497467,5696884.290406497,0.0,0.0005371086274252358,False,0.38208664172787404,ground_equivalent_excess_gamma_dose_rate,uSv/h,2.0522203169597626e-05,0.7913941296686156,441,441,1.0,False,False,lower_radiation_equivalent_priority,radiation_priority
251,251,RADIATION,26,50,523380.920497467,5696904.290406497,0.0006227294017711763,0.0005371086274252358,True,0.3464272805814473,ground_equivalent_excess_gamma_dose_rate,uSv/h,1.8606908117575818e-05,1.583186260132962,441,441,1.0,True,True,highest_radiation_equivalent_priority,radiation_priority
251,251,RADIATION,26,52,523420.920497467,5696904.290406497,0.0012314257099068863,0.0005371086274252358,True,0.306737821467098,ground_equivalent_excess_gamma_dose_rate,uSv/h,1.6475153026760003e-05,0.8782152115878107,441,441,1.0,True,False,lower_radiation_equivalent_priority,radiation_priority
251,251,RADIATION,27,50,523380.920497467,5696924.290406497,0.0013208588176648987,0.0005371086274252358,True,0.32998049313124256,ground_equivalent_excess_gamma_dose_rate,uSv/h,1.7723536974282415e-05,0.7493136449453711,441,441,1.0,True,False,lower_radiation_equivalent_priority,radiation_priority
251,251,RADIATION,27,51,523400.920497467,5696924.290406497,0.0015883125332800258,0.0005371086274252358,True,0.3054068274095725,ground_equivalent_excess_gamma_dose_rate,uSv/h,1.6403664187625138e-05,0.8507922999027714,441,441,1.0,True,False,lower_radiation_equivalent_priority,radiation_priority
251,251,RADIATION,27,52,523420.920497467,5696924.290406497,0.0015799732124497099,0.0005371086274252358,True,0.29858601615681546,ground_equivalent_excess_gamma_dose_rate,uSv/h,1.6037312530635644e-05,0.6657300953107743,441,441,1.0,True,False,lower_radiation_equivalent_priority,radiation_priority
252,252,RADIATION,25,49,523360.920497467,5696884.290406497,0.0,0.0005371086274252358,False,0.3770004892431486,ground_equivalent_excess_gamma_dose_rate,uSv/h,2.0249021531602993e-05,2.347054685041175,441,441,1.0,False,False,lower_radiation_equivalent_priority,radiation_priority
252,252,RADIATION,25,50,523380.920497467,5696884.290406497,0.0,0.0005371086274252358,False,0.37601168238072,ground_equivalent_excess_gamma_dose_rate,uSv/h,2.0195911861936225e-05,2.4855640384707747,441,441,1.0,False,False,lower_radiation_equivalent_priority,radiation_priority
252,252,RADIATION,25,51,523400.920497467,5696884.290406497,0.0,0.0005371086274252358,False,0.3787313434610022,ground_equivalent_excess_gamma_dose_rate,uSv/h,2.0341987204925443e-05,2.1616703810065294,441,441,1.0,False,False,lower_radiation_equivalent_priority,radiation_priority
252,252,RADIATION,26,49,523360.920497467,5696904.290406497,0.0009730133597438825,0.0005371086274252358,True,0.34115896732635526,ground_equivalent_excess_gamma_dose_rate,uSv/h,1.8323942467446954e-05,2.111703453545008,441,441,1.0,True,True,highest_radiation_equivalent_priority,radiation_priority
252,252,RADIATION,26,51,523400.920497467,5696904.290406497,0.0,0.0005371086274252358,False,0.32040523613411487,ground_equivalent_excess_gamma_dose_rate,uSv/h,1.72092416599853e-05,2.168717540679285,441,441,1.0,False,False,lower_radiation_equivalent_priority,radiation_priority
252,252,RADIATION,27,49,523360.920497467,5696924.290406497,0.0010478297661842624,0.0005371086274252358,True,0.32461555152687027,ground_equivalent_excess_gamma_dose_rate,uSv/h,1.7435381332148318e-05,0.9353241406200721,441,441,1.0,True,False,lower_radiation_equivalent_priority,radiation_priority
252,252,RADIATION,27,50,523380.920497467,5696924.290406497,0.0006981294158937226,0.0005371086274252358,True,0.30983122733901103,ground_equivalent_excess_gamma_dose_rate,uSv/h,1.664130252495324e-05,1.4012729536253912,441,441,1.0,True,False,lower_radiation_equivalent_priority,radiation_priority
252,252,RADIATION,27,51,523400.920497467,5696924.290406497,0.0009655831315088495,0.0005371086274252358,True,0.3027803632161013,ground_equivalent_excess_gamma_dose_rate,uSv/h,1.626259452983145e-05,1.3962149846003686,441,441,1.0,True,False,lower_radiation_equivalent_priority,radiation_priority
253,253,RADIATION,25,48,523340.920497467,5696884.290406497,0.000622950551324359,0.0005371086274252358,True,0.4040221358588283,ground_equivalent_excess_gamma_dose_rate,uSv/h,2.170037748405474e-05,1.4810407274028297,441,441,1.0,True,True,highest_radiation_equivalent_priority,radiation_priority
253,253,RADIATION,25,49,523360.920497467,5696884.290406497,0.0,0.0005371086274252358,False,0.36989909607074184,ground_equivalent_excess_gamma_dose_rate,uSv/h,1.986759957763916e-05,2.781967396899756,441,441,1.0,False,False,lower_radiation_equivalent_priority,radiation_priority
253,253,RADIATION,25,50,523380.920497467,5696884.290406497,0.0,0.0005371086274252358,False,0.37520639391379734,ground_equivalent_excess_gamma_dose_rate,uSv/h,2.01526591236212e-05,2.8256830498657814,441,441,1.0,False,False,lower_radiation_equivalent_priority,radiation_priority
253,253,RADIATION,26,48,523340.920497467,5696904.290406497,0.0006978033446027184,0.0005371086274252358,True,0.3232489566702867,ground_equivalent_excess_gamma_dose_rate,uSv/h,1.736198034338172e-05,1.4797136153397075,441,441,1.0,True,False,lower_radiation_equivalent_priority,radiation_priority
253,253,RADIATION,26,50,523380.920497467,5696904.290406497,0.0,0.0005371086274252358,False,0.32454689402333764,ground_equivalent_excess_gamma_dose_rate,uSv/h,1.7431693678399833e-05,2.8155960801964377,441,441,1.0,False,False,lower_radiation_equivalent_priority,radiation_priority
253,253,RADIATION,27,48,523340.920497467,5696924.290406497,0.0010466972024468823,0.0005371086274252358,True,0.30602835090176655,ground_equivalent_excess_gamma_dose_rate,uSv/h,1.6437046750605623e-05,0.8448388190164338,441,441,1.0,True,False,lower_radiation_equivalent_priority,radiation_priority
253,253,RADIATION,27,49,523360.920497467,5696924.290406497,0.0006985328134418743,0.0005371086274252358,True,0.30605435248284135,ground_equivalent_excess_gamma_dose_rate,uSv/h,1.6438443317957824e-05,1.5822254802750697,441,441,1.0,True,False,lower_radiation_equivalent_priority,radiation_priority
253,253,RADIATION,27,50,523380.920497467,5696924.290406497,0.0003488324631513345,0.0005371086274252358,False,0.3055731467953934,ground_equivalent_excess_gamma_dose_rate,uSv/h,1.641259734532838e-05,1.6378235062658235,441,441,1.0,False,False,lower_radiation_equivalent_priority,radiation_priority
254,254,RADIATION,24,47,523320.920497467,5696864.290406497,0.0009707145167668064,0.0005371086274252358,True,0.4916835836391754,ground_equivalent_excess_gamma_dose_rate,uSv/h,2.640874947359586e-05,0.9590657509534853,441,441,1.0,True,True,highest_radiation_equivalent_priority,radiation_priority
254,254,RADIATION,24,48,523340.920497467,5696864.290406497,0.00034908714510692993,0.0005371086274252358,False,0.46071528983368837,ground_equivalent_excess_gamma_dose_rate,uSv/h,2.4745415695639204e-05,1.853429679084029,441,441,1.0,False,False,lower_radiation_equivalent_priority,radiation_priority
254,254,RADIATION,24,49,523360.920497467,5696864.290406497,0.0,0.0005371086274252358,False,0.4516020365499471,ground_equivalent_excess_gamma_dose_rate,uSv/h,2.4255934999378324e-05,2.519718327081634,441,441,1.0,False,False,lower_radiation_equivalent_priority,radiation_priority
254,254,RADIATION,25,47,523320.920497467,5696884.290406497,0.0013183712677976081,0.0005371086274252358,True,0.3591838591086988,ground_equivalent_excess_gamma_dose_rate,uSv/h,1.929207495591725e-05,0.9886053016689137,441,441,1.0,True,False,lower_radiation_equivalent_priority,radiation_priority
254,254,RADIATION,25,49,523360.920497467,5696884.290406497,0.0,0.0005371086274252358,False,0.36822001917607466,ground_equivalent_excess_gamma_dose_rate,uSv/h,1.9777414909015545e-05,2.9075712131315905,441,441,1.0,False,False,lower_radiation_equivalent_priority,radiation_priority
254,254,RADIATION,26,47,523320.920497467,5696904.290406497,0.001316711589698916,0.0005371086274252358,True,0.3413552844640611,ground_equivalent_excess_gamma_dose_rate,uSv/h,1.8334486830284277e-05,0.8279952696046528,441,441,1.0,True,False,lower_radiation_equivalent_priority,radiation_priority
254,254,RADIATION,26,48,523340.920497467,5696904.290406497,0.0006978033446027184,0.0005371086274252358,True,0.33663393011850873,ground_equivalent_excess_gamma_dose_rate,uSv/h,1.8080898815071497e-05,2.126614954994705,441,441,1.0,True,False,lower_radiation_equivalent_priority,radiation_priority
254,254,RADIATION,26,49,523360.920497467,5696904.290406497,0.0,0.0005371086274252358,False,0.3287567744717722,ground_equivalent_excess_gamma_dose_rate,uSv/h,1.7657809989328137e-05,2.8842688275578467,441,441,1.0,False,False,lower_radiation_equivalent_priority,radiation_priority
255,255,RADIATION,23,46,523300.920497467,5696844.290406497,0.0009696821012537985,0.0005371086274252358,True,0.5607512069944154,ground_equivalent_excess_gamma_dose_rate,uSv/h,3.011843111158147e-05,0.9620034372760621,441,441,1.0,True,True,highest_radiation_equivalent_priority,radiation_priority
255,255,RADIATION,23,47,523320.920497467,5696844.290406497,0.0006224921157956916,0.0005371086274252358,True,0.5236534981866261,ground_equivalent_excess_gamma_dose_rate,uSv/h,2.8125881165744194e-05,1.621941444621617,441,441,1.0,True,False,lower_radiation_equivalent_priority,radiation_priority
255,255,RADIATION,23,48,523340.920497467,5696844.290406497,0.0,0.0005371086274252358,False,0.49760465926052766,ground_equivalent_excess_gamma_dose_rate,uSv/h,2.672677555358242e-05,1.9743075742322798,441,441,1.0,False,False,lower_radiation_equivalent_priority,radiation_priority
255,255,RADIATION,24,46,523300.920497467,5696864.290406497,0.0018616021843844222,0.0005371086274252358,True,0.4142686627623758,ground_equivalent_excess_gamma_dose_rate,uSv/h,2.2250727284158755e-05,0.9164053414558608,441,441,1.0,True,False,lower_radiation_equivalent_priority,radiation_priority
255,255,RADIATION,24,48,523340.920497467,5696864.290406497,0.0,0.0005371086274252358,False,0.44757162371373854,ground_equivalent_excess_gamma_dose_rate,uSv/h,2.4039458048737023e-05,1.9669286271542912,441,441,1.0,False,False,lower_radiation_equivalent_priority,radiation_priority
255,255,RADIATION,25,46,523300.920497467,5696884.290406497,0.0015858720442698442,0.0005371086274252358,True,0.38712126540730457,ground_equivalent_excess_gamma_dose_rate,uSv/h,2.0792617151003777e-05,0.7433671550494996,441,441,1.0,True,False,lower_radiation_equivalent_priority,radiation_priority
255,255,RADIATION,25,47,523320.920497467,5696884.290406497,0.0009692841226906781,0.0005371086274252358,True,0.38260391360071555,ground_equivalent_excess_gamma_dose_rate,uSv/h,2.0549986288160385e-05,1.523165935890599,441,441,1.0,True,False,lower_radiation_equivalent_priority,radiation_priority
255,255,RADIATION,25,48,523340.920497467,5696884.290406497,0.0,0.0005371086274252358,False,0.370723364095985,ground_equivalent_excess_gamma_dose_rate,uSv/h,1.9911871724406045e-05,2.285264912221361,441,441,1.0,False,False,lower_radiation_equivalent_priority,radiation_priority
256,256,RADIATION,22,45,523280.920497467,5696824.290406497,0.0,0.0005371086274252358,False,0.5727565045795036,ground_equivalent_excess_gamma_dose_rate,uSv/h,3.0763246002357296e-05,1.6130896477419063,441,441,1.0,False,False,lower_radiation_equivalent_priority,radiation_priority
256,256,RADIATION,22,46,523300.920497467,5696824.290406497,0.0,0.0005371086274252358,False,0.581855142275657,ground_equivalent_excess_gamma_dose_rate,uSv/h,3.125194168279934e-05,1.6681976336654794,441,441,1.0,False,False,lower_radiation_equivalent_priority,radiation_priority
256,256,RADIATION,22,47,523320.920497467,5696824.290406497,0.0,0.0005371086274252358,False,0.599506915725855,ground_equivalent_excess_gamma_dose_rate,uSv/h,3.2200033663745053e-05,1.6742638582175913,441,441,1.0,False,False,lower_radiation_equivalent_priority,radiation_priority
256,256,RADIATION,23,45,523280.920497467,5696844.290406497,0.0012344216403971419,0.0005371086274252358,True,0.5121716116852935,ground_equivalent_excess_gamma_dose_rate,uSv/h,2.7509179135845884e-05,0.9836707085765821,441,441,1.0,True,True,highest_radiation_equivalent_priority,radiation_priority
256,256,RADIATION,23,47,523320.920497467,5696844.290406497,0.0,0.0005371086274252358,False,0.4939646762967826,ground_equivalent_excess_gamma_dose_rate,uSv/h,2.6531268928231583e-05,1.7542126790854358,441,441,1.0,False,False,lower_radiation_equivalent_priority,radiation_priority
256,256,RADIATION,24,45,523280.920497467,5696864.290406497,0.0015774041398915286,0.0005371086274252358,True,0.43462374547292376,ground_equivalent_excess_gamma_dose_rate,uSv/h,2.3344016337737714e-05,0.7433671550494996,441,441,1.0,True,False,lower_radiation_equivalent_priority,radiation_priority
256,256,RADIATION,24,46,523300.920497467,5696864.290406497,0.0012391100685887305,0.0005371086274252358,True,0.4304076655469966,ground_equivalent_excess_gamma_dose_rate,uSv/h,2.3117567047524732e-05,1.5044264630822086,441,441,1.0,True,False,lower_radiation_equivalent_priority,radiation_priority
256,256,RADIATION,24,47,523320.920497467,5696864.290406497,0.0,0.0005371086274252358,False,0.4309949222877979,ground_equivalent_excess_gamma_dose_rate,uSv/h,2.314910911372453e-05,1.731631124966324,441,441,1.0,False,False,lower_radiation_equivalent_priority,radiation_priority
257,257,RADIATION,22,44,523260.920497467,5696824.290406497,0.00034370938622246903,0.0005371086274252358,False,0.536219971932303,ground_equivalent_excess_gamma_dose_rate,uSv/h,2.8800837312255774e-05,1.517479016770665,441,441,1.0,False,False,lower_radiation_equivalent_priority,radiation_priority
257,257,RADIATION,22,45,523280.920497467,5696824.290406497,0.0,0.0005371086274252358,False,0.5621318504371,ground_equivalent_excess_gamma_dose_rate,uSv/h,3.019258666202787e-05,1.7265753756054891,441,441,1.0,False,False,lower_radiation_equivalent_priority,radiation_priority
257,257,RADIATION,22,46,523300.920497467,5696824.290406497,0.0,0.0005371086274252358,False,0.5798153748492659,ground_equivalent_excess_gamma_dose_rate,uSv/h,3.114238401453378e-05,1.741930721622507,441,441,1.0,False,False,lower_radiation_equivalent_priority,radiation_priority
257,257,RADIATION,23,44,523260.920497467,5696844.290406497,0.0012239516785202502,0.0005371086274252358,True,0.47253702223385835,ground_equivalent_excess_gamma_dose_rate,uSv/h,2.538037114196358e-05,0.9717100827111468,441,441,1.0,True,True,highest_radiation_equivalent_priority,radiation_priority
257,257,RADIATION,23,46,523300.920497467,5696844.290406497,0.0,0.0005371086274252358,False,0.48237414269329115,ground_equivalent_excess_gamma_dose_rate,uSv/h,2.5908731368741844e-05,1.826606242680326,441,441,1.0,False,False,lower_radiation_equivalent_priority,radiation_priority
257,257,RADIATION,24,44,523260.920497467,5696864.290406497,0.0012956267836322984,0.0005371086274252358,True,0.41440461690008895,ground_equivalent_excess_gamma_dose_rate,uSv/h,2.2258029498188745e-05,0.7246276822411091,441,441,1.0,True,False,lower_radiation_equivalent_priority,radiation_priority
257,257,RADIATION,24,45,523280.920497467,5696864.290406497,0.000958982609147889,0.0005371086274252358,True,0.42142958175623974,ground_equivalent_excess_gamma_dose_rate,uSv/h,2.2635346421348512e-05,1.3902684947044972,441,441,1.0,True,False,lower_radiation_equivalent_priority,radiation_priority
257,257,RADIATION,24,46,523300.920497467,5696864.290406497,0.0006206885378450908,0.0005371086274252358,True,0.4235262969886928,ground_equivalent_excess_gamma_dose_rate,uSv/h,2.2747962805408958e-05,1.6179254111524708,441,441,1.0,True,False,lower_radiation_equivalent_priority,radiation_priority
258,258,RADIATION,22,43,523240.920497467,5696824.290406497,0.0009514314870987593,0.0005371086274252358,True,0.5197930818777723,ground_equivalent_excess_gamma_dose_rate,uSv/h,2.791853487525035e-05,0.9590657509534853,441,441,1.0,True,True,highest_radiation_equivalent_priority,radiation_priority
258,258,RADIATION,22,44,523260.920497467,5696824.290406497,0.00034370938622246903,0.0005371086274252358,False,0.5257122064631776,ground_equivalent_excess_gamma_dose_rate,uSv/h,2.823645616341295e-05,1.630964744634248,441,441,1.0,False,False,lower_radiation_equivalent_priority,radiation_priority
258,258,RADIATION,22,45,523280.920497467,5696824.290406497,0.0,0.0005371086274252358,False,0.5601147934423221,ground_equivalent_excess_gamma_dose_rate,uSv/h,3.0084248790637508e-05,1.7583704490100571,441,441,1.0,False,False,lower_radiation_equivalent_priority,radiation_priority
258,258,RADIATION,23,43,523240.920497467,5696844.290406497,0.001286541162540286,0.0005371086274252358,True,0.40795136967140233,ground_equivalent_excess_gamma_dose_rate,uSv/h,2.1911420022045187e-05,0.9380324793235688,441,441,1.0,True,False,lower_radiation_equivalent_priority,radiation_priority
258,258,RADIATION,23,45,523280.920497467,5696844.290406497,0.0,0.0005371086274252358,False,0.4475798752630781,ground_equivalent_excess_gamma_dose_rate,uSv/h,2.403990124657101e-05,1.9130271035750692,441,441,1.0,False,False,lower_radiation_equivalent_priority,radiation_priority
258,258,RADIATION,24,43,523240.920497467,5696864.290406497,0.0010126300646632572,0.0005371086274252358,True,0.3888343830320392,ground_equivalent_excess_gamma_dose_rate,uSv/h,2.0884630176607696e-05,0.7246276822411091,441,441,1.0,True,False,lower_radiation_equivalent_priority,radiation_priority
258,258,RADIATION,24,44,523260.920497467,5696864.290406497,0.0006820639939986465,0.0005371086274252358,True,0.40063323349246366,ground_equivalent_excess_gamma_dose_rate,uSv/h,2.1518356614207117e-05,1.3715290218961065,441,441,1.0,True,False,lower_radiation_equivalent_priority,radiation_priority
258,258,RADIATION,24,45,523280.920497467,5696864.290406497,0.00034541981951423704,0.0005371086274252358,False,0.4186956464450585,ground_equivalent_excess_gamma_dose_rate,uSv/h,2.248850439710272e-05,1.5037674427747594,441,441,1.0,False,False,lower_radiation_equivalent_priority,radiation_priority
259,259,RADIATION,21,42,523220.920497467,5696804.290406497,0.0006820772765338845,0.0005371086274252358,True,0.5370278595551268,ground_equivalent_excess_gamma_dose_rate,uSv/h,2.8844229653476646e-05,0.9431746816202853,441,441,1.0,True,True,highest_radiation_equivalent_priority,radiation_priority
259,259,RADIATION,21,43,523240.920497467,5696804.290406497,0.0003427492969817535,0.0005371086274252358,False,0.5282194465340897,ground_equivalent_excess_gamma_dose_rate,uSv/h,2.8371122190724264e-05,1.621941444621617,441,441,1.0,False,False,lower_radiation_equivalent_priority,radiation_priority
259,259,RADIATION,21,44,523260.920497467,5696804.290406497,0.0,0.0005371086274252358,False,0.5661076804632941,ground_equivalent_excess_gamma_dose_rate,uSv/h,3.040613192285239e-05,1.9159279457870613,441,441,1.0,False,False,lower_radiation_equivalent_priority,radiation_priority
259,259,RADIATION,22,42,523220.920497467,5696824.290406497,0.0015458131957417406,0.0005371086274252358,True,0.43817576477611414,ground_equivalent_excess_gamma_dose_rate,uSv/h,2.3534798358990166e-05,0.9164053414558608,441,441,1.0,True,False,lower_radiation_equivalent_priority,radiation_priority
259,259,RADIATION,22,44,523260.920497467,5696824.290406497,0.0,0.0005371086274252358,False,0.5180220124809529,ground_equivalent_excess_gamma_dose_rate,uSv/h,2.78234092099703e-05,1.7465980591251462,441,441,1.0,False,False,lower_radiation_equivalent_priority,radiation_priority
259,259,RADIATION,23,42,523220.920497467,5696844.290406497,0.001270382170107112,0.0005371086274252358,True,0.4095546964688858,ground_equivalent_excess_gamma_dose_rate,uSv/h,2.1997536087596233e-05,0.7433671550494996,441,441,1.0,True,False,lower_radiation_equivalent_priority,radiation_priority
259,259,RADIATION,23,43,523240.920497467,5696844.290406497,0.000942831776317817,0.0005371086274252358,True,0.40864036731846604,ground_equivalent_excess_gamma_dose_rate,uSv/h,2.194842668009655e-05,1.5053669016389644,441,441,1.0,True,False,lower_radiation_equivalent_priority,radiation_priority
259,259,RADIATION,23,44,523260.920497467,5696844.290406497,0.0,0.0005371086274252358,False,0.42042594329013583,ground_equivalent_excess_gamma_dose_rate,uSv/h,2.2581440133452487e-05,1.8476718336903415,441,441,1.0,False,False,lower_radiation_equivalent_priority,radiation_priority
260,260,RADIATION,20,41,523200.920497467,5696784.290406497,0.0006812058267892781,0.0005371086274252358,True,0.5386749084177407,ground_equivalent_excess_gamma_dose_rate,uSv/h,2.8932694068866728e-05,0.9600061895102413,441,441,1.0,True,True,highest_radiation_equivalent_priority,radiation_priority
260,260,RADIATION,20,42,523220.920497467,5696784.290406497,0.0003422279226300465,0.0005371086274252358,False,0.5544453865097984,ground_equivalent_excess_gamma_dose_rate,uSv/h,2.9779740053053212e-05,1.602241107562862,441,441,1.0,False,False,lower_radiation_equivalent_priority,radiation_priority
260,260,RADIATION,20,43,523240.920497467,5696784.290406497,0.0,0.0005371086274252358,False,0.6062665679219466,ground_equivalent_excess_gamma_dose_rate,uSv/h,3.256310041503652e-05,1.6742638582175913,441,441,1.0,False,False,lower_radiation_equivalent_priority,radiation_priority
260,260,RADIATION,21,41,523200.920497467,5696804.290406497,0.0015407819905861992,0.0005371086274252358,True,0.45429898646014344,ground_equivalent_excess_gamma_dose_rate,uSv/h,2.440079050582834e-05,0.9164053414558608,441,441,1.0,True,False,lower_radiation_equivalent_priority,radiation_priority
260,260,RADIATION,21,43,523240.920497467,5696804.290406497,0.0,0.0005371086274252358,False,0.5210056536074831,ground_equivalent_excess_gamma_dose_rate,uSv/h,2.7983663148990307e-05,1.7542126790854358,441,441,1.0,False,False,lower_radiation_equivalent_priority,radiation_priority
260,260,RADIATION,22,41,523200.920497467,5696824.290406497,0.0015232910917900087,0.0005371086274252358,True,0.4257908068467233,ground_equivalent_excess_gamma_dose_rate,uSv/h,2.2869591583572725e-05,0.7433671550494996,441,441,1.0,True,False,lower_radiation_equivalent_priority,radiation_priority
260,260,RADIATION,22,42,523220.920497467,5696824.290406497,0.001203063898759987,0.0005371086274252358,True,0.4326340968871738,ground_equivalent_excess_gamma_dose_rate,uSv/h,2.323715059564264e-05,1.5044264630822086,441,441,1.0,True,False,lower_radiation_equivalent_priority,radiation_priority
260,260,RADIATION,22,43,523240.920497467,5696824.290406497,0.0,0.0005371086274252358,False,0.4658623481411728,ground_equivalent_excess_gamma_dose_rate,uSv/h,2.502186863792027e-05,1.731631124966324,441,441,1.0,False,False,lower_radiation_equivalent_priority,radiation_priority
261,261,RADIATION,19,40,523180.920497467,5696764.290406497,0.0006815559021821774,0.0005371086274252358,True,0.5390868648332298,ground_equivalent_excess_gamma_dose_rate,uSv/h,2.8954820603354962e-05,0.9560689889020154,441,441,1.0,True,True,highest_radiation_equivalent_priority,radiation_priority
261,261,RADIATION,19,41,523200.920497467,5696764.290406497,0.0003422279226300465,0.0005371086274252358,False,0.5633001105412793,ground_equivalent_excess_gamma_dose_rate,uSv/h,3.025533492013101e-05,1.7252290204393856,441,441,1.0,False,False,lower_radiation_equivalent_priority,radiation_priority
261,261,RADIATION,19,42,523220.920497467,5696764.290406497,0.0,0.0005371086274252358,False,0.6423549442669757,ground_equivalent_excess_gamma_dose_rate,uSv/h,3.4501438243504915e-05,1.7834683328886973,441,441,1.0,False,False,lower_radiation_equivalent_priority,radiation_priority
261,261,RADIATION,20,40,523180.920497467,5696784.290406497,0.0012758658862968434,0.0005371086274252358,True,0.45777122484432603,ground_equivalent_excess_gamma_dose_rate,uSv/h,2.4587287425090497e-05,0.9164053414558608,441,441,1.0,True,False,lower_radiation_equivalent_priority,radiation_priority
261,261,RADIATION,20,42,523220.920497467,5696784.290406497,0.0,0.0005371086274252358,False,0.5458241813302244,ground_equivalent_excess_gamma_dose_rate,uSv/h,2.931668768497798e-05,1.7157400556331242,441,441,1.0,False,False,lower_radiation_equivalent_priority,radiation_priority
261,261,RADIATION,21,40,523180.920497467,5696804.290406497,0.0017789781676631287,0.0005371086274252358,True,0.43219500323748067,ground_equivalent_excess_gamma_dose_rate,uSv/h,2.321356649689286e-05,0.7433671550494996,441,441,1.0,True,False,lower_radiation_equivalent_priority,radiation_priority
261,261,RADIATION,21,41,523200.920497467,5696804.290406497,0.0011985540679561525,0.0005371086274252358,True,0.4438952678018744,ground_equivalent_excess_gamma_dose_rate,uSv/h,2.384199780096222e-05,1.5044264630822086,441,441,1.0,True,False,lower_radiation_equivalent_priority,radiation_priority
261,261,RADIATION,21,42,523220.920497467,5696804.290406497,0.0,0.0005371086274252358,False,0.4813123420238827,ground_equivalent_excess_gamma_dose_rate,uSv/h,2.585170113872733e-05,1.7157400556331242,441,441,1.0,False,False,lower_radiation_equivalent_priority,radiation_priority
262,262,RADIATION,18,39,523160.920497467,5696744.290406497,0.001028493492986713,0.0005371086274252358,True,0.5198660716335797,ground_equivalent_excess_gamma_dose_rate,uSv/h,2.7922455218006127e-05,0.7709770024317986,441,441,1.0,True,True,highest_radiation_equivalent_priority,radiation_priority
262,262,RADIATION,18,40,523180.920497467,5696744.290406497,0.0003427492969817535,0.0005371086274252358,False,0.569654647806224,ground_equivalent_excess_gamma_dose_rate,uSv/h,3.059664259896071e-05,1.615135414844592,441,441,1.0,False,False,lower_radiation_equivalent_priority,radiation_priority
262,262,RADIATION,18,41,523200.920497467,5696744.290406497,0.0,0.0005371086274252358,False,0.6209371990917741,ground_equivalent_excess_gamma_dose_rate,uSv/h,3.335107267214532e-05,2.1878193923463463,441,441,1.0,False,False,lower_radiation_equivalent_priority,radiation_priority
262,262,RADIATION,19,39,523160.920497467,5696764.290406497,0.001013939575037199,0.0005371086274252358,True,0.44278871216669213,ground_equivalent_excess_gamma_dose_rate,uSv/h,2.378256374312398e-05,0.8907016199407094,441,441,1.0,True,False,lower_radiation_equivalent_priority,radiation_priority
262,262,RADIATION,19,41,523200.920497467,5696764.290406497,0.0,0.0005371086274252358,False,0.5545026848973362,ground_equivalent_excess_gamma_dose_rate,uSv/h,2.9782817598881627e-05,1.842739726539081,441,441,1.0,False,False,lower_radiation_equivalent_priority,radiation_priority
262,262,RADIATION,20,39,523160.920497467,5696784.290406497,0.001255710119471969,0.0005371086274252358,True,0.4268613181518579,ground_equivalent_excess_gamma_dose_rate,uSv/h,2.292708966934713e-05,0.7433671550494996,441,441,1.0,True,False,lower_radiation_equivalent_priority,radiation_priority
262,262,RADIATION,20,40,523180.920497467,5696784.290406497,0.0009336379636667968,0.0005371086274252358,True,0.4429256908393744,ground_equivalent_excess_gamma_dose_rate,uSv/h,2.378992098581107e-05,1.5044264630822086,441,441,1.0,True,False,lower_radiation_equivalent_priority,radiation_priority
262,262,RADIATION,20,41,523200.920497467,5696784.290406497,0.0,0.0005371086274252358,False,0.48981326844527945,ground_equivalent_excess_gamma_dose_rate,uSv/h,2.630829323093126e-05,1.7325715635230803,441,441,1.0,False,False,lower_radiation_equivalent_priority,radiation_priority
263,263,RADIATION,17,38,523140.920497467,5696724.290406497,0.0006855271639989642,0.0005371086274252358,True,0.4516303433250763,ground_equivalent_excess_gamma_dose_rate,uSv/h,2.4257455380691975e-05,0.6526858720967332,441,441,1.0,True,True,highest_radiation_equivalent_priority,radiation_priority
263,263,RADIATION,17,39,523160.920497467,5696724.290406497,0.00034370938622246903,0.0005371086274252358,False,0.5283886976528271,ground_equivalent_excess_gamma_dose_rate,uSv/h,2.838021281433179e-05,0.9732158407183769,441,441,1.0,False,False,lower_radiation_equivalent_priority,radiation_priority
263,263,RADIATION,17,40,523180.920497467,5696724.290406497,0.0,0.0005371086274252358,False,0.6174591476292868,ground_equivalent_excess_gamma_dose_rate,uSv/h,3.3164263527432226e-05,1.6064325966923234,441,441,1.0,False,False,lower_radiation_equivalent_priority,radiation_priority
263,263,RADIATION,18,38,523140.920497467,5696744.290406497,0.001017425169528062,0.0005371086274252358,True,0.4082693050859095,ground_equivalent_excess_gamma_dose_rate,uSv/h,2.1928496607454768e-05,0.8414152810650468,441,441,1.0,True,False,lower_radiation_equivalent_priority,radiation_priority
263,263,RADIATION,18,40,523180.920497467,5696744.290406497,0.0,0.0005371086274252358,False,0.5578590729598859,ground_equivalent_excess_gamma_dose_rate,uSv/h,2.996309209741988e-05,1.7315650605958854,441,441,1.0,False,False,lower_radiation_equivalent_priority,radiation_priority
263,263,RADIATION,19,38,523140.920497467,5696764.290406497,0.0009993268229460785,0.0005371086274252358,True,0.41443394962053876,ground_equivalent_excess_gamma_dose_rate,uSv/h,2.225960498391069e-05,0.7265356471595436,441,441,1.0,True,False,lower_radiation_equivalent_priority,radiation_priority
263,263,RADIATION,19,39,523160.920497467,5696764.290406497,0.0006711902780554455,0.0005371086274252358,True,0.4259058947021566,ground_equivalent_excess_gamma_dose_rate,uSv/h,2.2875773051579233e-05,1.4178783420867962,441,441,1.0,True,False,lower_radiation_equivalent_priority,radiation_priority
263,263,RADIATION,19,40,523180.920497467,5696764.290406497,0.0,0.0005371086274252358,False,0.48616876603776643,ground_equivalent_excess_gamma_dose_rate,uSv/h,2.6112543862356534e-05,1.7286343629148542,441,441,1.0,False,False,lower_radiation_equivalent_priority,radiation_priority
264,264,RADIATION,16,37,523120.920497467,5696704.290406497,0.0009585228510396132,0.0005371086274252358,True,0.4217796133371334,ground_equivalent_excess_gamma_dose_rate,uSv/h,2.265414691954544e-05,0.9600954723576276,441,441,1.0,True,True,highest_radiation_equivalent_priority,radiation_priority
264,264,RADIATION,16,38,523140.920497467,5696704.290406497,0.0003449600614059614,0.0005371086274252358,False,0.4654195486039258,ground_equivalent_excess_gamma_dose_rate,uSv/h,2.499808549275274e-05,1.5038435054154662,441,441,1.0,False,False,lower_radiation_equivalent_priority,radiation_priority
264,264,RADIATION,16,39,523160.920497467,5696704.290406497,0.0,0.0005371086274252358,False,0.5511308296406306,ground_equivalent_excess_gamma_dose_rate,uSv/h,2.9601712344001057e-05,1.5263109927142753,441,441,1.0,False,False,lower_radiation_equivalent_priority,radiation_priority
264,264,RADIATION,17,37,523120.920497467,5696724.290406497,0.0012894877836214516,0.0005371086274252358,True,0.3896243301341163,ground_equivalent_excess_gamma_dose_rate,uSv/h,2.0927058916981216e-05,0.8607117359845151,441,441,1.0,True,False,lower_radiation_equivalent_priority,radiation_priority
264,264,RADIATION,17,39,523160.920497467,5696724.290406497,0.0,0.0005371086274252358,False,0.4996733341634155,ground_equivalent_excess_gamma_dose_rate,uSv/h,2.683788586735033e-05,1.3023976443438499,441,441,1.0,False,False,lower_radiation_equivalent_priority,radiation_priority
264,264,RADIATION,18,37,523120.920497467,5696744.290406497,0.0010050640599294568,0.0005371086274252358,True,0.39288456040991293,ground_equivalent_excess_gamma_dose_rate,uSv/h,2.1102168697833547e-05,0.7265356471595436,441,441,1.0,True,False,lower_radiation_equivalent_priority,radiation_priority
264,264,RADIATION,18,38,523140.920497467,5696744.290406497,0.0006737157833055929,0.0005371086274252358,True,0.40465984273448796,ground_equivalent_excess_gamma_dose_rate,uSv/h,2.173462927052326e-05,1.2995872117517306,441,441,1.0,True,False,lower_radiation_equivalent_priority,radiation_priority
264,264,RADIATION,18,39,523160.920497467,5696744.290406497,0.0,0.0005371086274252358,False,0.4360940538541239,ground_equivalent_excess_gamma_dose_rate,uSv/h,2.3422987869389535e-05,1.4506905281279172,441,441,1.0,False,False,lower_radiation_equivalent_priority,radiation_priority
265,265,RADIATION,15,36,523100.920497467,5696684.290406497,0.00034541981951423704,0.0005371086274252358,False,0.36025976412562094,ground_equivalent_excess_gamma_dose_rate,uSv/h,1.9349862742605147e-05,1.501587947437465,441,441,1.0,False,False,lower_radiation_equivalent_priority,radiation_priority
265,265,RADIATION,15,37,523120.920497467,5696684.290406497,0.0,0.0005371086274252358,False,0.4033399878384707,ground_equivalent_excess_gamma_dose_rate,uSv/h,2.166373872536323e-05,1.6659967631925872,441,441,1.0,False,False,lower_radiation_equivalent_priority,radiation_priority
265,265,RADIATION,15,38,523140.920497467,5696684.290406497,0.0,0.0005371086274252358,False,0.4664951872908664,ground_equivalent_excess_gamma_dose_rate,uSv/h,2.5055858974627558e-05,1.8706960904189036,441,441,1.0,False,False,lower_radiation_equivalent_priority,radiation_priority
265,265,RADIATION,16,36,523100.920497467,5696704.290406497,0.000949078050073975,0.0005371086274252358,True,0.3588786087956941,ground_equivalent_excess_gamma_dose_rate,uSv/h,1.9275679698253343e-05,0.9648419529208053,441,441,1.0,True,False,lower_radiation_equivalent_priority,radiation_priority
265,265,RADIATION,16,38,523140.920497467,5696704.290406497,0.0,0.0005371086274252358,False,0.45715604659147846,ground_equivalent_excess_gamma_dose_rate,uSv/h,2.4554245670389612e-05,1.6682596999774129,441,441,1.0,False,False,lower_radiation_equivalent_priority,radiation_priority
265,265,RADIATION,17,36,523100.920497467,5696724.290406497,0.0015451139848883157,0.0005371086274252358,True,0.36481221386060747,ground_equivalent_excess_gamma_dose_rate,uSv/h,1.9594378745463248e-05,0.7433671550494996,441,441,1.0,True,False,lower_radiation_equivalent_priority,radiation_priority
265,265,RADIATION,17,37,523120.920497467,5696724.290406497,0.0009445277222154902,0.0005371086274252358,True,0.3794623289861917,ground_equivalent_excess_gamma_dose_rate,uSv/h,2.038124906813567e-05,1.4197983485270553,441,441,1.0,True,True,highest_radiation_equivalent_priority,radiation_priority
265,265,RADIATION,17,38,523140.920497467,5696724.290406497,0.0,0.0005371086274252358,False,0.39878075368115207,ground_equivalent_excess_gamma_dose_rate,uSv/h,2.1418858325328463e-05,1.4414254403963291,441,441,1.0,False,False,lower_radiation_equivalent_priority,radiation_priority
266,266,RADIATION,16,36,523100.920497467,5696704.290406497,0.0003422279226300465,0.0005371086274252358,False,0.35608075245676385,ground_equivalent_excess_gamma_dose_rate,uSv/h,1.9125404420459758e-05,1.3782539928945983,441,441,1.0,False,False,lower_radiation_equivalent_priority,radiation_priority
266,266,RADIATION,16,37,523120.920497467,5696704.290406497,0.0,0.0005371086274252358,False,0.38843638233956646,ground_equivalent_excess_gamma_dose_rate,uSv/h,2.0863253216042864e-05,2.1026511181040375,441,441,1.0,False,False,lower_radiation_equivalent_priority,radiation_priority
266,266,RADIATION,16,38,523140.920497467,5696704.290406497,0.0,0.0005371086274252358,False,0.4556285355843856,ground_equivalent_excess_gamma_dose_rate,uSv/h,2.4472201736349955e-05,2.078864774469632,441,441,1.0,False,False,lower_radiation_equivalent_priority,radiation_priority
266,266,RADIATION,17,36,523100.920497467,5696724.290406497,0.0009382638574443872,0.0005371086274252358,True,0.34448235902343527,ground_equivalent_excess_gamma_dose_rate,uSv/h,1.850244470272846e-05,1.3782608912884837,441,441,1.0,True,False,lower_radiation_equivalent_priority,radiation_priority
266,266,RADIATION,17,38,523140.920497467,5696724.290406497,0.0,0.0005371086274252358,False,0.3924194793719159,ground_equivalent_excess_gamma_dose_rate,uSv/h,2.107718879403754e-05,2.098743040204194,441,441,1.0,False,False,lower_radiation_equivalent_priority,radiation_priority
266,266,RADIATION,18,36,523100.920497467,5696744.290406497,0.0012568802901729904,0.0005371086274252358,True,0.3396565980919829,ground_equivalent_excess_gamma_dose_rate,uSv/h,1.824324891971099e-05,0.8280073111264776,441,441,1.0,True,False,lower_radiation_equivalent_priority,radiation_priority
266,266,RADIATION,18,37,523120.920497467,5696744.290406497,0.0006673864651578951,0.0005371086274252358,True,0.37174244946060386,ground_equivalent_excess_gamma_dose_rate,uSv/h,1.9966607678548003e-05,1.4807538163081355,441,441,1.0,True,True,highest_radiation_equivalent_priority,radiation_priority
266,266,RADIATION,18,38,523140.920497467,5696744.290406497,0.0003360381885340313,0.0005371086274252358,False,0.40304186225443805,ground_equivalent_excess_gamma_dose_rate,uSv/h,2.1647726143039217e-05,1.5138054884890186,441,441,1.0,False,False,lower_radiation_equivalent_priority,radiation_priority
267,267,RADIATION,17,36,523100.920497467,5696724.290406497,0.0006033406003402957,0.0005371086274252358,True,0.3420780969164247,ground_equivalent_excess_gamma_dose_rate,uSv/h,1.8373309710701765e-05,1.5594106943731958,441,441,1.0,True,False,lower_radiation_equivalent_priority,radiation_priority
267,267,RADIATION,17,37,523120.920497467,5696724.290406497,0.0,0.0005371086274252358,False,0.3563025456324273,ground_equivalent_excess_gamma_dose_rate,uSv/h,1.9137317123275048e-05,2.3785950124165627,441,441,1.0,False,False,lower_radiation_equivalent_priority,radiation_priority
267,267,RADIATION,17,38,523140.920497467,5696724.290406497,0.0,0.0005371086274252358,False,0.3911295742573252,ground_equivalent_excess_gamma_dose_rate,uSv/h,2.100790687747688e-05,2.3467480206281954,441,441,1.0,False,False,lower_radiation_equivalent_priority,radiation_priority
267,267,RADIATION,18,36,523100.920497467,5696744.290406497,0.0009219570330688987,0.0005371086274252358,True,0.327552656991674,ground_equivalent_excess_gamma_dose_rate,uSv/h,1.759313580062871e-05,1.4628941489715763,441,441,1.0,True,False,lower_radiation_equivalent_priority,radiation_priority
267,267,RADIATION,18,38,523140.920497467,5696744.290406497,0.0003360381885340313,0.0005371086274252358,False,0.3923196292151123,ground_equivalent_excess_gamma_dose_rate,uSv/h,2.1071825755970643e-05,2.139820242250712,441,441,1.0,False,False,lower_radiation_equivalent_priority,radiation_priority
267,267,RADIATION,19,36,523100.920497467,5696764.290406497,0.001482778082083906,0.0005371086274252358,True,0.31604553696067506,ground_equivalent_excess_gamma_dose_rate,uSv/h,1.697507845608198e-05,0.7433791965713245,441,441,1.0,True,False,lower_radiation_equivalent_priority,radiation_priority
267,267,RADIATION,19,37,523120.920497467,5696764.290406497,0.0012471358351730441,0.0005371086274252358,True,0.33128789010278026,ground_equivalent_excess_gamma_dose_rate,uSv/h,1.7793758393570668e-05,1.013613230891682,441,441,1.0,True,False,lower_radiation_equivalent_priority,radiation_priority
267,267,RADIATION,19,38,523140.920497467,5696764.290406497,0.0006668636148922749,0.0005371086274252358,True,0.4057912639953228,ground_equivalent_excess_gamma_dose_rate,uSv/h,2.1795398882567934e-05,0.9661801803791769,441,441,1.0,True,True,highest_radiation_equivalent_priority,radiation_priority
268,268,RADIATION,18,37,523120.920497467,5696744.290406497,0.0,0.0005371086274252358,False,0.34333319463065937,ground_equivalent_excess_gamma_dose_rate,uSv/h,1.8440722091759477e-05,2.266422936690284,441,441,1.0,False,False,lower_radiation_equivalent_priority,radiation_priority
268,268,RADIATION,18,38,523140.920497467,5696744.290406497,0.0,0.0005371086274252358,False,0.3784890881135981,ground_equivalent_excess_gamma_dose_rate,uSv/h,2.032897546121238e-05,2.2491424472178596,441,441,1.0,False,False,lower_radiation_equivalent_priority,radiation_priority
268,268,RADIATION,18,39,523160.920497467,5696744.290406497,0.0,0.0005371086274252358,False,0.4341625986920851,ground_equivalent_excess_gamma_dose_rate,uSv/h,2.331924774628793e-05,1.7106290363811754,441,441,1.0,False,False,lower_radiation_equivalent_priority,radiation_priority
268,268,RADIATION,19,37,523120.920497467,5696764.290406497,0.0009110976466390128,0.0005371086274252358,True,0.3302757950255936,ground_equivalent_excess_gamma_dose_rate,uSv/h,1.773939789379751e-05,1.5939442583241683,441,441,1.0,True,False,lower_radiation_equivalent_priority,radiation_priority
268,268,RADIATION,19,39,523160.920497467,5696764.290406497,0.0003351520895214143,0.0005371086274252358,False,0.4181144650730718,ground_equivalent_excess_gamma_dose_rate,uSv/h,2.245728864420343e-05,1.6252466063217534,441,441,1.0,False,False,lower_radiation_equivalent_priority,radiation_priority
268,268,RADIATION,20,37,523120.920497467,5696784.290406497,0.0017248886500005277,0.0005371086274252358,True,0.3287469284053613,ground_equivalent_excess_gamma_dose_rate,uSv/h,1.7657281148606587e-05,0.7473163971795503,441,441,1.0,True,False,lower_radiation_equivalent_priority,radiation_priority
268,268,RADIATION,20,38,523140.920497467,5696784.290406497,0.0014973190506671172,0.0005371086274252358,True,0.34854127684810293,ground_equivalent_excess_gamma_dose_rate,uSv/h,1.8720452680892368e-05,0.9273519281611053,441,441,1.0,True,False,lower_radiation_equivalent_priority,radiation_priority
268,268,RADIATION,20,39,523160.920497467,5696784.290406497,0.0009248846931137253,0.0005371086274252358,True,0.4184021957651755,ground_equivalent_excess_gamma_dose_rate,uSv/h,2.247274290791382e-05,0.9641829326133561,441,441,1.0,True,True,highest_radiation_equivalent_priority,radiation_priority
269,269,RADIATION,19,38,523140.920497467,5696764.290406497,0.0,0.0005371086274252358,False,0.36487432596214686,ground_equivalent_excess_gamma_dose_rate,uSv/h,1.9597714840023677e-05,1.7384457074483002,441,441,1.0,False,False,lower_radiation_equivalent_priority,radiation_priority
269,269,RADIATION,19,39,523160.920497467,5696764.290406497,0.0,0.0005371086274252358,False,0.4128006839071977,ground_equivalent_excess_gamma_dose_rate,uSv/h,2.2171880873359357e-05,1.7345688112889006,441,441,1.0,False,False,lower_radiation_equivalent_priority,radiation_priority
269,269,RADIATION,19,40,523180.920497467,5696764.290406497,0.0,0.0005371086274252358,False,0.4845056172022662,ground_equivalent_excess_gamma_dose_rate,uSv/h,2.6023214703532593e-05,1.749212584138117,441,441,1.0,False,False,lower_radiation_equivalent_priority,radiation_priority
269,269,RADIATION,20,38,523140.920497467,5696784.290406497,0.001162166961145703,0.0005371086274252358,True,0.34498767928966156,ground_equivalent_excess_gamma_dose_rate,uSv/h,1.852958589018876e-05,1.5054561844863508,441,441,1.0,True,False,lower_radiation_equivalent_priority,radiation_priority
269,269,RADIATION,20,40,523180.920497467,5696784.290406497,0.0005984858741453825,0.0005371086274252358,True,0.435245080323718,ground_equivalent_excess_gamma_dose_rate,uSv/h,2.3377388768625867e-05,1.6388885332288838,441,441,1.0,True,True,highest_radiation_equivalent_priority,radiation_priority
269,269,RADIATION,21,38,523140.920497467,5696804.290406497,0.0014664868164195018,0.0005371086274252358,True,0.3403547818538587,ground_equivalent_excess_gamma_dose_rate,uSv/h,1.828074897191416e-05,0.7473163971795503,441,441,1.0,True,False,lower_radiation_equivalent_priority,radiation_priority
269,269,RADIATION,21,39,523160.920497467,5696804.290406497,0.001502995222448838,0.0005371086274252358,True,0.36022860376091637,ground_equivalent_excess_gamma_dose_rate,uSv/h,1.9348189092533493e-05,0.9273519281611053,441,441,1.0,True,False,lower_radiation_equivalent_priority,radiation_priority
269,269,RADIATION,21,40,523180.920497467,5696804.290406497,0.0011892455640708176,0.0005371086274252358,True,0.4203597954962356,ground_equivalent_excess_gamma_dose_rate,uSv/h,2.257788727837359e-05,0.9641829326133561,441,441,1.0,True,False,lower_radiation_equivalent_priority,radiation_priority
270,270,RADIATION,19,39,523160.920497467,5696764.290406497,0.0,0.0005371086274252358,False,0.4109146247143884,ground_equivalent_excess_gamma_dose_rate,uSv/h,2.2070579006930103e-05,2.258136196401032,441,441,1.0,False,False,lower_radiation_equivalent_priority,radiation_priority
270,270,RADIATION,19,40,523180.920497467,5696764.290406497,0.0,0.0005371086274252358,False,0.47826886294034493,ground_equivalent_excess_gamma_dose_rate,uSv/h,2.5688233251411687e-05,2.41910365416934,441,441,1.0,False,False,lower_radiation_equivalent_priority,radiation_priority
270,270,RADIATION,19,41,523200.920497467,5696764.290406497,0.0,0.0005371086274252358,False,0.5526587064348306,ground_equivalent_excess_gamma_dose_rate,uSv/h,2.968377592478182e-05,2.2979549591714603,441,441,1.0,False,False,lower_radiation_equivalent_priority,radiation_priority
270,270,RADIATION,20,39,523160.920497467,5696784.290406497,0.0,0.0005371086274252358,False,0.38304645138798465,ground_equivalent_excess_gamma_dose_rate,uSv/h,2.0573755374510772e-05,2.2717572729341513,441,441,1.0,False,False,lower_radiation_equivalent_priority,radiation_priority
270,270,RADIATION,20,41,523200.920497467,5696784.290406497,0.0,0.0005371086274252358,False,0.483078876829264,ground_equivalent_excess_gamma_dose_rate,uSv/h,2.5946583247189052e-05,2.320550910835344,441,441,1.0,False,False,lower_radiation_equivalent_priority,radiation_priority
270,270,RADIATION,21,39,523160.920497467,5696804.290406497,0.0009045093483034555,0.0005371086274252358,True,0.3693844821730003,ground_equivalent_excess_gamma_dose_rate,uSv/h,1.9839959221212166e-05,1.493737406437252,441,441,1.0,True,False,lower_radiation_equivalent_priority,radiation_priority
270,270,RADIATION,21,40,523180.920497467,5696804.290406497,0.000590759689925435,0.0005371086274252358,True,0.40796844342100436,ground_equivalent_excess_gamma_dose_rate,uSv/h,2.191233706786656e-05,1.614232724543031,441,441,1.0,True,False,lower_radiation_equivalent_priority,radiation_priority
270,270,RADIATION,21,41,523200.920497467,5696804.290406497,0.0006000681938107701,0.0005371086274252358,True,0.43937782693139593,ground_equivalent_excess_gamma_dose_rate,uSv/h,2.359936215442049e-05,1.6367541668082477,441,441,1.0,True,True,highest_radiation_equivalent_priority,radiation_priority
271,271,RADIATION,20,40,523180.920497467,5696784.290406497,0.0,0.0005371086274252358,False,0.41834321518728795,ground_equivalent_excess_gamma_dose_rate,uSv/h,2.246957501019043e-05,2.547211448384584,441,441,1.0,False,False,lower_radiation_equivalent_priority,radiation_priority
271,271,RADIATION,20,41,523200.920497467,5696784.290406497,0.0,0.0005371086274252358,False,0.4772895256334868,ground_equivalent_excess_gamma_dose_rate,uSv/h,2.5635632199744402e-05,2.532676608683063,441,441,1.0,False,False,lower_radiation_equivalent_priority,radiation_priority
271,271,RADIATION,20,42,523220.920497467,5696784.290406497,0.0,0.0005371086274252358,False,0.5439032342846457,ground_equivalent_excess_gamma_dose_rate,uSv/h,2.9213511961877253e-05,2.2958205927508244,441,441,1.0,False,False,lower_radiation_equivalent_priority,radiation_priority
271,271,RADIATION,21,40,523180.920497467,5696804.290406497,0.000590759689925435,0.0005371086274252358,True,0.3988023309383216,ground_equivalent_excess_gamma_dose_rate,uSv/h,2.1420017258426657e-05,2.2459711101134525,441,441,1.0,True,False,lower_radiation_equivalent_priority,radiation_priority
271,271,RADIATION,21,42,523220.920497467,5696804.290406497,0.0,0.0005371086274252358,False,0.47510521773600906,ground_equivalent_excess_gamma_dose_rate,uSv/h,2.5518311138075562e-05,2.2971882461650295,441,441,1.0,False,False,lower_radiation_equivalent_priority,radiation_priority
271,271,RADIATION,22,40,523180.920497467,5696824.290406497,0.0012415731881670288,0.0005371086274252358,True,0.39176370066337113,ground_equivalent_excess_gamma_dose_rate,uSv/h,2.104196635383342e-05,0.9541528962758489,441,441,1.0,True,False,lower_radiation_equivalent_priority,radiation_priority
271,271,RADIATION,22,41,523200.920497467,5696824.290406497,0.0009232228979792385,0.0005371086274252358,True,0.40730226374883244,ground_equivalent_excess_gamma_dose_rate,uSv/h,2.187655598293268e-05,1.5164140798538683,441,441,1.0,True,False,lower_radiation_equivalent_priority,radiation_priority
271,271,RADIATION,22,42,523220.920497467,5696824.290406497,0.000602995704949217,0.0005371086274252358,True,0.42916354277486374,ground_equivalent_excess_gamma_dose_rate,uSv/h,2.305074414007585e-05,1.6367541668082477,441,441,1.0,True,True,highest_radiation_equivalent_priority,radiation_priority
272,272,RADIATION,21,41,523200.920497467,5696804.290406497,0.0,0.0005371086274252358,False,0.42098767722061475,ground_equivalent_excess_gamma_dose_rate,uSv/h,2.261161134749026e-05,2.4755550493642984,441,441,1.0,False,False,lower_radiation_equivalent_priority,radiation_priority
272,272,RADIATION,21,42,523220.920497467,5696804.290406497,0.0,0.0005371086274252358,False,0.46924266463374864,ground_equivalent_excess_gamma_dose_rate,uSv/h,2.5203428353079297e-05,2.4637159009059517,441,441,1.0,False,False,lower_radiation_equivalent_priority,radiation_priority
272,272,RADIATION,21,43,523240.920497467,5696804.290406497,0.0,0.0005371086274252358,False,0.5192603536750232,ground_equivalent_excess_gamma_dose_rate,uSv/h,2.788992158387342e-05,2.2958205927508244,441,441,1.0,False,False,lower_radiation_equivalent_priority,radiation_priority
272,272,RADIATION,22,41,523200.920497467,5696824.290406497,0.0009232228979792385,0.0005371086274252358,True,0.39766182792333915,ground_equivalent_excess_gamma_dose_rate,uSv/h,2.1358759857531498e-05,2.151300917698967,441,441,1.0,True,True,highest_radiation_equivalent_priority,radiation_priority
272,272,RADIATION,22,43,523240.920497467,5696824.290406497,0.0,0.0005371086274252358,False,0.4601518377535936,ground_equivalent_excess_gamma_dose_rate,uSv/h,2.4715152198303246e-05,2.2971882461650295,441,441,1.0,False,False,lower_radiation_equivalent_priority,radiation_priority
272,272,RADIATION,23,41,523200.920497467,5696844.290406497,0.0009873254131050665,0.0005371086274252358,True,0.38498248058440043,ground_equivalent_excess_gamma_dose_rate,uSv/h,2.067774117294498e-05,0.9353241406200721,441,441,1.0,True,False,lower_radiation_equivalent_priority,radiation_priority
272,272,RADIATION,23,42,523220.920497467,5696844.290406497,0.0006673864651578951,0.0005371086274252358,True,0.3949930827539559,ground_equivalent_excess_gamma_dose_rate,uSv/h,2.1215419252043983e-05,1.5164140798538683,441,441,1.0,True,False,lower_radiation_equivalent_priority,radiation_priority
272,272,RADIATION,23,43,523240.920497467,5696844.290406497,0.00033983607136860004,0.0005371086274252358,False,0.4064751157531335,ground_equivalent_excess_gamma_dose_rate,uSv/h,2.1832129150467936e-05,1.6376946053650034,441,441,1.0,False,False,lower_radiation_equivalent_priority,radiation_priority
273,273,RADIATION,21,40,523180.920497467,5696804.290406497,0.0,0.0005371086274252358,False,0.39597817015626613,ground_equivalent_excess_gamma_dose_rate,uSv/h,2.1268329146298857e-05,2.3730923493322345,441,441,1.0,False,False,lower_radiation_equivalent_priority,radiation_priority
273,273,RADIATION,21,41,523200.920497467,5696804.290406497,0.0,0.0005371086274252358,False,0.4174030131285953,ground_equivalent_excess_gamma_dose_rate,uSv/h,2.2419075946465747e-05,2.8388189077688426,441,441,1.0,False,False,lower_radiation_equivalent_priority,radiation_priority
273,273,RADIATION,21,42,523220.920497467,5696804.290406497,0.0,0.0005371086274252358,False,0.4679474239845854,ground_equivalent_excess_gamma_dose_rate,uSv/h,2.5133859860353555e-05,2.844158418663606,441,441,1.0,False,False,lower_radiation_equivalent_priority,radiation_priority
273,273,RADIATION,22,40,523180.920497467,5696824.290406497,0.0006508134982415938,0.0005371086274252358,True,0.37178044303437274,ground_equivalent_excess_gamma_dose_rate,uSv/h,1.9968648346173802e-05,1.6924073214844912,441,441,1.0,True,True,highest_radiation_equivalent_priority,radiation_priority
273,273,RADIATION,22,42,523220.920497467,5696824.290406497,0.0,0.0005371086274252358,False,0.41005388188027575,ground_equivalent_excess_gamma_dose_rate,uSv/h,2.2024347766710467e-05,2.825338327874732,441,441,1.0,False,False,lower_radiation_equivalent_priority,radiation_priority
273,273,RADIATION,23,40,523180.920497467,5696844.290406497,0.0009659376440002956,0.0005371086274252358,True,0.3521773575373335,ground_equivalent_excess_gamma_dose_rate,uSv/h,1.8915749711712373e-05,0.8448388190164338,441,441,1.0,True,False,lower_radiation_equivalent_priority,radiation_priority
273,273,RADIATION,23,41,523200.920497467,5696844.290406497,0.0006548622050512628,0.0005371086274252358,True,0.3671766220612776,ground_equivalent_excess_gamma_dose_rate,uSv/h,1.9721373149796737e-05,1.5822254802750697,441,441,1.0,True,False,lower_radiation_equivalent_priority,radiation_priority
273,273,RADIATION,23,42,523220.920497467,5696844.290406497,0.0003349232571040916,0.0005371086274252358,False,0.3912633562298778,ground_equivalent_excess_gamma_dose_rate,uSv/h,2.1015092422642074e-05,1.654433669189975,441,441,1.0,False,False,lower_radiation_equivalent_priority,radiation_priority
274,274,RADIATION,21,39,523160.920497467,5696804.290406497,0.0005798136848099073,0.0005371086274252358,True,0.36618016583964036,ground_equivalent_excess_gamma_dose_rate,uSv/h,1.9667852626447445e-05,1.7242262330195772,441,441,1.0,True,True,highest_radiation_equivalent_priority,radiation_priority
274,274,RADIATION,21,40,523180.920497467,5696804.290406497,0.0,0.0005371086274252358,False,0.3920778336697936,ground_equivalent_excess_gamma_dose_rate,uSv/h,2.1058838708624274e-05,2.4865780771958175,441,441,1.0,False,False,lower_radiation_equivalent_priority,radiation_priority
274,274,RADIATION,21,41,523200.920497467,5696804.290406497,0.0,0.0005371086274252358,False,0.4165646595088912,ground_equivalent_excess_gamma_dose_rate,uSv/h,2.2374047250268127e-05,2.9413964748845705,441,441,1.0,False,False,lower_radiation_equivalent_priority,radiation_priority
274,274,RADIATION,22,39,523160.920497467,5696824.290406497,0.0006363293772334675,0.0005371086274252358,True,0.3322067208344257,ground_equivalent_excess_gamma_dose_rate,uSv/h,1.7843109584881688e-05,1.0672420139226706,441,441,1.0,True,False,lower_radiation_equivalent_priority,radiation_priority
274,274,RADIATION,22,41,523200.920497467,5696824.290406497,0.0,0.0005371086274252358,False,0.38155249395456686,ground_equivalent_excess_gamma_dose_rate,uSv/h,2.0493513631861298e-05,2.9277131009605606,441,441,1.0,False,False,lower_radiation_equivalent_priority,radiation_priority
274,274,RADIATION,23,39,523160.920497467,5696844.290406497,0.0009408432106968843,0.0005371086274252358,True,0.3163938358637186,ground_equivalent_excess_gamma_dose_rate,uSv/h,1.6993785890656725e-05,0.7414591901310652,441,441,1.0,True,False,lower_radiation_equivalent_priority,radiation_priority
274,274,RADIATION,23,40,523180.920497467,5696844.290406497,0.00063981980925225,0.0005371086274252358,True,0.33411161794696187,ground_equivalent_excess_gamma_dose_rate,uSv/h,1.7945423252231747e-05,1.4917401586714312,441,441,1.0,True,False,lower_radiation_equivalent_priority,radiation_priority
274,274,RADIATION,23,41,523200.920497467,5696844.290406497,0.00032874437030321724,0.0005371086274252358,False,0.3633843339507527,ground_equivalent_excess_gamma_dose_rate,uSv/h,1.951768608361223e-05,1.6957244283453319,441,441,1.0,False,False,lower_radiation_equivalent_priority,radiation_priority
275,275,RADIATION,20,38,523140.920497467,5696784.290406497,0.0005823532763357956,0.0005371086274252358,True,0.34499701483632034,ground_equivalent_excess_gamma_dose_rate,uSv/h,1.8530087310453972e-05,1.7181459768170415,441,441,1.0,True,True,highest_radiation_equivalent_priority,radiation_priority
275,275,RADIATION,20,39,523160.920497467,5696784.290406497,0.0,0.0005371086274252358,False,0.37957548473107633,ground_equivalent_excess_gamma_dose_rate,uSv/h,2.0387326760817694e-05,2.544415642266578,441,441,1.0,False,False,lower_radiation_equivalent_priority,radiation_priority
275,275,RADIATION,20,40,523180.920497467,5696784.290406497,0.0,0.0005371086274252358,False,0.4174542102650287,ground_equivalent_excess_gamma_dose_rate,uSv/h,2.2421825788833535e-05,2.666072890842809,441,441,1.0,False,False,lower_radiation_equivalent_priority,radiation_priority
275,275,RADIATION,21,38,523140.920497467,5696804.290406497,0.0008866731316095945,0.0005371086274252358,True,0.3299799704814954,ground_equivalent_excess_gamma_dose_rate,uSv/h,1.7723508902313583e-05,1.5014618917213927,441,441,1.0,True,False,lower_radiation_equivalent_priority,radiation_priority
275,275,RADIATION,21,40,523180.920497467,5696804.290406497,0.0,0.0005371086274252358,False,0.38842934808345136,ground_equivalent_excess_gamma_dose_rate,uSv/h,2.0862875400078172e-05,2.6022113916867156,441,441,1.0,False,False,lower_radiation_equivalent_priority,radiation_priority
275,275,RADIATION,22,38,523140.920497467,5696824.290406497,0.0009377129171100726,0.0005371086274252358,True,0.3151543274908444,ground_equivalent_excess_gamma_dose_rate,uSv/h,1.6927210826573066e-05,0.8467467839348681,441,441,1.0,True,False,lower_radiation_equivalent_priority,radiation_priority
275,275,RADIATION,22,39,523160.920497467,5696824.290406497,0.0006363293772334675,0.0005371086274252358,True,0.3238156764869735,ground_equivalent_excess_gamma_dose_rate,uSv/h,1.7392419353669254e-05,1.714143353577668,441,441,1.0,True,False,lower_radiation_equivalent_priority,radiation_priority
275,275,RADIATION,22,40,523180.920497467,5696824.290406497,0.0,0.0005371086274252358,False,0.3525546448805997,ground_equivalent_excess_gamma_dose_rate,uSv/h,1.8936014140421032e-05,2.4649726954973303,441,441,1.0,False,False,lower_radiation_equivalent_priority,radiation_priority
276,276,RADIATION,19,37,523120.920497467,5696764.290406497,0.00032874437030321724,0.0005371086274252358,False,0.3286716475283347,ground_equivalent_excess_gamma_dose_rate,uSv/h,1.7653237747753476e-05,1.72106549754295,441,441,1.0,False,False,lower_radiation_equivalent_priority,radiation_priority
276,276,RADIATION,19,38,523140.920497467,5696764.290406497,0.0,0.0005371086274252358,False,0.361301545756534,ground_equivalent_excess_gamma_dose_rate,uSv/h,1.94058177327908e-05,2.377212402759618,441,441,1.0,False,False,lower_radiation_equivalent_priority,radiation_priority
276,276,RADIATION,19,39,523160.920497467,5696764.290406497,0.0,0.0005371086274252358,False,0.4097222733766688,ground_equivalent_excess_gamma_dose_rate,uSv/h,2.200653678788898e-05,2.505054273007148,441,441,1.0,False,False,lower_radiation_equivalent_priority,radiation_priority
276,276,RADIATION,20,37,523120.920497467,5696784.290406497,0.001142535373664732,0.0005371086274252358,True,0.3182607538040858,ground_equivalent_excess_gamma_dose_rate,uSv/h,1.709405966390334e-05,1.5033698566398273,441,441,1.0,True,False,lower_radiation_equivalent_priority,radiation_priority
276,276,RADIATION,20,39,523160.920497467,5696784.290406497,0.0,0.0005371086274252358,False,0.3760601324802501,ground_equivalent_excess_gamma_dose_rate,uSv/h,2.0198514158581947e-05,2.687485218323668,441,441,1.0,False,False,lower_radiation_equivalent_priority,radiation_priority
276,276,RADIATION,21,37,523120.920497467,5696804.290406497,0.0011911869650730112,0.0005371086274252358,True,0.3109555695405266,ground_equivalent_excess_gamma_dose_rate,uSv/h,1.670169191461447e-05,0.9313748984900213,441,441,1.0,True,False,lower_radiation_equivalent_priority,radiation_priority
276,276,RADIATION,21,38,523140.920497467,5696804.290406497,0.0008866731316095945,0.0005371086274252358,True,0.32198230622750956,ground_equivalent_excess_gamma_dose_rate,uSv/h,1.729394745530696e-05,2.1483632313763903,441,441,1.0,True,True,highest_radiation_equivalent_priority,radiation_priority
276,276,RADIATION,21,39,523160.920497467,5696804.290406497,0.0,0.0005371086274252358,False,0.34849028650325126,ground_equivalent_excess_gamma_dose_rate,uSv/h,1.8717713945478848e-05,2.5054266087394783,441,441,1.0,False,False,lower_radiation_equivalent_priority,radiation_priority
277,277,RADIATION,20,37,523120.920497467,5696784.290406497,0.000573572295537171,0.0005371086274252358,True,0.3156127998375823,ground_equivalent_excess_gamma_dose_rate,uSv/h,1.695183577185995e-05,1.6354196220741384,441,441,1.0,True,True,highest_radiation_equivalent_priority,radiation_priority
277,277,RADIATION,20,38,523140.920497467,5696784.290406497,0.0,0.0005371086274252358,False,0.3309971732160996,ground_equivalent_excess_gamma_dose_rate,uSv/h,1.777814373877323e-05,2.8473102617093002,441,441,1.0,False,False,lower_radiation_equivalent_priority,radiation_priority
277,277,RADIATION,20,39,523160.920497467,5696784.290406497,0.0,0.0005371086274252358,False,0.37529631453102597,ground_equivalent_excess_gamma_dose_rate,uSv/h,2.0157488837550893e-05,2.8924588137578056,441,441,1.0,False,False,lower_radiation_equivalent_priority,radiation_priority
277,277,RADIATION,21,37,523120.920497467,5696804.290406497,0.0006222238869454501,0.0005371086274252358,True,0.2980829263965938,ground_equivalent_excess_gamma_dose_rate,uSv/h,1.6010291145577208e-05,1.56626173633512,441,441,1.0,True,False,lower_radiation_equivalent_priority,radiation_priority
277,277,RADIATION,21,39,523160.920497467,5696804.290406497,0.0,0.0005371086274252358,False,0.34542325122077666,ground_equivalent_excess_gamma_dose_rate,uSv/h,1.8552980834395377e-05,2.839830863480007,441,441,1.0,False,False,lower_radiation_equivalent_priority,radiation_priority
277,277,RADIATION,22,37,523120.920497467,5696824.290406497,0.0009121795728733401,0.0005371086274252358,True,0.28707196229928883,ground_equivalent_excess_gamma_dose_rate,uSv/h,1.5418882764284008e-05,0.8448388190164338,441,441,1.0,True,False,lower_radiation_equivalent_priority,radiation_priority
277,277,RADIATION,22,38,523140.920497467,5696824.290406497,0.0006200028636280392,0.0005371086274252358,True,0.2998392033355688,ground_equivalent_excess_gamma_dose_rate,uSv/h,1.6104622295184353e-05,1.60096495308346,441,441,1.0,True,False,lower_radiation_equivalent_priority,radiation_priority
277,277,RADIATION,22,39,523160.920497467,5696824.290406497,0.0003186193237514342,0.0005371086274252358,False,0.3208651861363369,ground_equivalent_excess_gamma_dose_rate,uSv/h,1.723394597142307e-05,1.846471057303707,441,441,1.0,False,False,lower_radiation_equivalent_priority,radiation_priority
278,278,RADIATION,19,36,523100.920497467,5696764.290406497,0.000909205786546735,0.0005371086274252358,True,0.3121615520516199,ground_equivalent_excess_gamma_dose_rate,uSv/h,1.6766466275737684e-05,0.97386802315365,441,441,1.0,True,True,highest_radiation_equivalent_priority,radiation_priority
278,278,RADIATION,19,37,523120.920497467,5696764.290406497,0.00032874437030321724,0.0005371086274252358,False,0.32513451263312654,ground_equivalent_excess_gamma_dose_rate,uSv/h,1.7463255180895158e-05,2.271758487549551,441,441,1.0,False,False,lower_radiation_equivalent_priority,radiation_priority
278,278,RADIATION,19,38,523140.920497467,5696764.290406497,0.0,0.0005371086274252358,False,0.36035328180672915,ground_equivalent_excess_gamma_dose_rate,uSv/h,1.935488565793915e-05,2.6414575447766397,441,441,1.0,False,False,lower_radiation_equivalent_priority,radiation_priority
278,278,RADIATION,20,36,523100.920497467,5696784.290406497,0.0012057836851587047,0.0005371086274252358,True,0.2854480190838134,ground_equivalent_excess_gamma_dose_rate,uSv/h,1.5331659373135952e-05,1.0434034971672301,441,441,1.0,True,False,lower_radiation_equivalent_priority,radiation_priority
278,278,RADIATION,20,38,523140.920497467,5696784.290406497,0.0,0.0005371086274252358,False,0.32835715546092403,ground_equivalent_excess_gamma_dose_rate,uSv/h,1.7636346107487168e-05,2.985217495394441,441,441,1.0,False,False,lower_radiation_equivalent_priority,radiation_priority
278,278,RADIATION,21,36,523100.920497467,5696804.290406497,0.0009198025435660714,0.0005371086274252358,True,0.27744380597260115,ground_equivalent_excess_gamma_dose_rate,uSv/h,1.4901746181357725e-05,0.8448267774946088,441,441,1.0,True,False,lower_radiation_equivalent_priority,radiation_priority
278,278,RADIATION,21,37,523120.920497467,5696804.290406497,0.0006222238869454501,0.0005371086274252358,True,0.2903105217578657,ground_equivalent_excess_gamma_dose_rate,uSv/h,1.559282858684713e-05,2.2131630759901175,441,441,1.0,True,False,lower_radiation_equivalent_priority,radiation_priority
278,278,RADIATION,21,38,523140.920497467,5696804.290406497,0.0,0.0005371086274252358,False,0.3103669169463525,ground_equivalent_excess_gamma_dose_rate,uSv/h,1.6670074875925753e-05,2.9209286053892294,441,441,1.0,False,False,lower_radiation_equivalent_priority,radiation_priority
279,279,RADIATION,18,35,523080.920497467,5696744.290406497,0.0015262130385407784,0.0005371086274252358,True,0.30254750650729983,ground_equivalent_excess_gamma_dose_rate,uSv/h,1.625008759510634e-05,0.7709770024317986,441,441,1.0,True,False,lower_radiation_equivalent_priority,radiation_priority
279,279,RADIATION,18,36,523100.920497467,5696744.290406497,0.0005932126627656814,0.0005371086274252358,True,0.32274330686520686,ground_equivalent_excess_gamma_dose_rate,uSv/h,1.7334821456105293e-05,1.6329344490962265,441,441,1.0,True,True,highest_radiation_equivalent_priority,radiation_priority
279,279,RADIATION,18,37,523120.920497467,5696744.290406497,0.0,0.0005371086274252358,False,0.3426002425828385,ground_equivalent_excess_gamma_dose_rate,uSv/h,1.8401354604922122e-05,2.2953758324503006,441,441,1.0,False,False,lower_radiation_equivalent_priority,radiation_priority
279,279,RADIATION,19,35,523080.920497467,5696764.290406497,0.0017323336662039839,0.0005371086274252358,True,0.26847693090915437,ground_equivalent_excess_gamma_dose_rate,uSv/h,1.4420127585595577e-05,0.8907016199407094,441,441,1.0,True,False,lower_radiation_equivalent_priority,radiation_priority
279,279,RADIATION,19,37,523120.920497467,5696764.290406497,0.0,0.0005371086274252358,False,0.3212609847925827,ground_equivalent_excess_gamma_dose_rate,uSv/h,1.7255204658722363e-05,2.3852574356198133,441,441,1.0,False,False,lower_radiation_equivalent_priority,radiation_priority
279,279,RADIATION,20,35,523080.920497467,5696784.290406497,0.001182280256832669,0.0005371086274252358,True,0.2655945686913085,ground_equivalent_excess_gamma_dose_rate,uSv/h,1.426531342413862e-05,0.7433671550494996,441,441,1.0,True,False,lower_radiation_equivalent_priority,radiation_priority
279,279,RADIATION,20,36,523100.920497467,5696784.290406497,0.0008770393148554876,0.0005371086274252358,True,0.2754260152151291,ground_equivalent_excess_gamma_dose_rate,uSv/h,1.4793368898940011e-05,1.6077940504457522,441,441,1.0,True,False,lower_radiation_equivalent_priority,radiation_priority
279,279,RADIATION,20,37,523120.920497467,5696784.290406497,0.0,0.0005371086274252358,False,0.3007664422978957,ground_equivalent_excess_gamma_dose_rate,uSv/h,1.6154425099819415e-05,2.512009655591539,441,441,1.0,False,False,lower_radiation_equivalent_priority,radiation_priority
280,280,RADIATION,17,35,523080.920497467,5696724.290406497,0.0012816067115043735,0.0005371086274252358,True,0.31758949505736533,ground_equivalent_excess_gamma_dose_rate,uSv/h,1.705800577749352e-05,0.9658677605108549,441,441,1.0,True,False,lower_radiation_equivalent_priority,radiation_priority
280,280,RADIATION,17,36,523100.920497467,5696724.290406497,0.0006033406003402957,0.0005371086274252358,True,0.33737324595888535,ground_equivalent_excess_gamma_dose_rate,uSv/h,1.8120608106697338e-05,2.2532453370293704,441,441,1.0,True,True,highest_radiation_equivalent_priority,radiation_priority
280,280,RADIATION,17,37,523120.920497467,5696724.290406497,0.0,0.0005371086274252358,False,0.35557711248958973,ground_equivalent_excess_gamma_dose_rate,uSv/h,1.909835348331122e-05,2.537974372949494,441,441,1.0,False,False,lower_radiation_equivalent_priority,radiation_priority
280,280,RADIATION,18,35,523080.920497467,5696744.290406497,0.000933000375775097,0.0005371086274252358,True,0.2849012401282435,ground_equivalent_excess_gamma_dose_rate,uSv/h,1.5302291403702838e-05,1.3986234412789806,441,441,1.0,True,False,lower_radiation_equivalent_priority,radiation_priority
280,280,RADIATION,18,37,523120.920497467,5696744.290406497,0.0,0.0005371086274252358,False,0.3393563433165338,ground_equivalent_excess_gamma_dose_rate,uSv/h,1.8227121976679056e-05,2.5301602936000367,441,441,1.0,False,False,lower_radiation_equivalent_priority,radiation_priority
280,280,RADIATION,19,35,523080.920497467,5696764.290406497,0.0011391210034383025,0.0005371086274252358,True,0.2717063890353544,ground_equivalent_excess_gamma_dose_rate,uSv/h,1.459358456774463e-05,1.3941450622277984,441,441,1.0,True,False,lower_radiation_equivalent_priority,radiation_priority
280,280,RADIATION,19,36,523100.920497467,5696764.290406497,0.0,0.0005371086274252358,False,0.28668108087636907,ground_equivalent_excess_gamma_dose_rate,uSv/h,1.539788818582896e-05,2.279835788751224,441,441,1.0,False,False,lower_radiation_equivalent_priority,radiation_priority
280,280,RADIATION,19,37,523120.920497467,5696764.290406497,0.0,0.0005371086274252358,False,0.3187553123169415,ground_equivalent_excess_gamma_dose_rate,uSv/h,1.7120622828305483e-05,2.40408619127559,441,441,1.0,False,False,lower_radiation_equivalent_priority,radiation_priority
281,281,RADIATION,16,35,523080.920497467,5696704.290406497,0.0010285935993745064,0.0005371086274252358,True,0.32511077443880254,ground_equivalent_excess_gamma_dose_rate,uSv/h,1.7461980181998068e-05,0.9668352868725333,441,441,1.0,True,True,highest_radiation_equivalent_priority,radiation_priority
281,281,RADIATION,16,36,523100.920497467,5696704.290406497,0.0003422279226300465,0.0005371086274252358,False,0.34985574873840963,ground_equivalent_excess_gamma_dose_rate,uSv/h,1.8791054100171537e-05,2.260128351667905,441,441,1.0,False,False,lower_radiation_equivalent_priority,radiation_priority
281,281,RADIATION,16,37,523120.920497467,5696704.290406497,0.0,0.0005371086274252358,False,0.38732865291192214,ground_equivalent_excess_gamma_dose_rate,uSv/h,2.0803756112798807e-05,2.5160058727305987,441,441,1.0,False,False,lower_radiation_equivalent_priority,radiation_priority
281,281,RADIATION,17,35,523080.920497467,5696724.290406497,0.0006782661111640778,0.0005371086274252358,True,0.30008635420403545,ground_equivalent_excess_gamma_dose_rate,uSv/h,1.6117896981557262e-05,1.5890358203068549,441,441,1.0,True,False,lower_radiation_equivalent_priority,radiation_priority
281,281,RADIATION,17,37,523120.920497467,5696724.290406497,0.0,0.0005371086274252358,False,0.3523661454716758,ground_equivalent_excess_gamma_dose_rate,uSv/h,1.8925889674541275e-05,2.946539012377227,441,441,1.0,False,False,lower_radiation_equivalent_priority,radiation_priority
281,281,RADIATION,18,35,523080.920497467,5696744.290406497,0.0003296597754348014,0.0005371086274252358,False,0.28726744325488673,ground_equivalent_excess_gamma_dose_rate,uSv/h,1.5429382215058903e-05,1.6185594068728562,441,441,1.0,False,False,lower_radiation_equivalent_priority,radiation_priority
281,281,RADIATION,18,36,523100.920497467,5696744.290406497,0.0,0.0005371086274252358,False,0.3049578772508676,ground_equivalent_excess_gamma_dose_rate,uSv/h,1.6379550687272702e-05,2.900146676684368,441,441,1.0,False,False,lower_radiation_equivalent_priority,radiation_priority
281,281,RADIATION,18,37,523120.920497467,5696744.290406497,0.0,0.0005371086274252358,False,0.3371564335448997,ground_equivalent_excess_gamma_dose_rate,uSv/h,1.810896292488888e-05,2.934305593452385,441,441,1.0,False,False,lower_radiation_equivalent_priority,radiation_priority
282,282,RADIATION,15,34,523060.920497467,5696684.290406497,0.0006883890156981653,0.0005371086274252358,True,0.2818549158727689,ground_equivalent_excess_gamma_dose_rate,uSv/h,1.5138670699747822e-05,0.6695173799866893,441,441,1.0,True,True,highest_radiation_equivalent_priority,radiation_priority
282,282,RADIATION,15,35,523080.920497467,5696684.290406497,0.0003445670052861835,0.0005371086274252358,False,0.32041194138474705,ground_equivalent_excess_gamma_dose_rate,uSv/h,1.720960180478166e-05,1.0097663893002267,441,441,1.0,False,False,lower_radiation_equivalent_priority,radiation_priority
282,282,RADIATION,15,36,523100.920497467,5696684.290406497,0.0,0.0005371086274252358,False,0.3564423576232345,ground_equivalent_excess_gamma_dose_rate,uSv/h,1.9144826545923053e-05,1.521499037342417,441,441,1.0,False,False,lower_radiation_equivalent_priority,radiation_priority
282,282,RADIATION,16,34,523060.920497467,5696704.290406497,0.0010204412651888149,0.0005371086274252358,True,0.271397906750508,ground_equivalent_excess_gamma_dose_rate,uSv/h,1.457701571808475e-05,0.8414152810650468,441,441,1.0,True,False,lower_radiation_equivalent_priority,radiation_priority
282,282,RADIATION,16,36,523100.920497467,5696704.290406497,0.0,0.0005371086274252358,False,0.3425961705892067,ground_equivalent_excess_gamma_dose_rate,uSv/h,1.8401135894631074e-05,2.373627299738167,441,441,1.0,False,False,lower_radiation_equivalent_priority,radiation_priority
282,282,RADIATION,17,34,523060.920497467,5696724.290406497,0.0010001545177815427,0.0005371086274252358,True,0.27714337933734384,ground_equivalent_excess_gamma_dose_rate,uSv/h,1.488561000758722e-05,0.744334681411178,441,441,1.0,True,False,lower_radiation_equivalent_priority,radiation_priority
282,282,RADIATION,17,35,523080.920497467,5696724.290406497,0.0003360381885340313,0.0005371086274252358,False,0.288627744949562,ground_equivalent_excess_gamma_dose_rate,uSv/h,1.5502445192670026e-05,1.705219477433813,441,441,1.0,False,False,lower_radiation_equivalent_priority,radiation_priority
282,282,RADIATION,17,36,523100.920497467,5696724.290406497,0.0,0.0005371086274252358,False,0.32116351674876986,ground_equivalent_excess_gamma_dose_rate,uSv/h,1.724996956599935e-05,2.9224300362096343,441,441,1.0,False,False,lower_radiation_equivalent_priority,radiation_priority
283,283,RADIATION,14,33,523040.920497467,5696664.290406497,0.00034624079919301265,0.0005371086274252358,False,0.24465392557174898,ground_equivalent_excess_gamma_dose_rate,uSv/h,1.3140573415803788e-05,1.4996799825190306,441,441,1.0,False,False,lower_radiation_equivalent_priority,radiation_priority
283,283,RADIATION,14,34,523060.920497467,5696664.290406497,0.0,0.0005371086274252358,False,0.2700692739559613,ground_equivalent_excess_gamma_dose_rate,uSv/h,1.4505653704421636e-05,1.6148842987593082,441,441,1.0,False,False,lower_radiation_equivalent_priority,radiation_priority
283,283,RADIATION,14,35,523080.920497467,5696664.290406497,0.0,0.0005371086274252358,False,0.31577062567242875,ground_equivalent_excess_gamma_dose_rate,uSv/h,1.6960312733612614e-05,1.6004216627483858,441,441,1.0,False,False,lower_radiation_equivalent_priority,radiation_priority
283,283,RADIATION,15,33,523040.920497467,5696684.290406497,0.0006830787861937524,0.0005371086274252358,True,0.24792234114132122,ground_equivalent_excess_gamma_dose_rate,uSv/h,1.3316122835846611e-05,0.8869872779893899,441,441,1.0,True,False,lower_radiation_equivalent_priority,radiation_priority
283,283,RADIATION,15,35,523080.920497467,5696684.290406497,0.0,0.0005371086274252358,False,0.31242429343933875,ground_equivalent_excess_gamma_dose_rate,uSv/h,1.6780578342350236e-05,1.3241612897141444,441,441,1.0,False,False,lower_radiation_equivalent_priority,radiation_priority
283,283,RADIATION,16,33,523040.920497467,5696704.290406497,0.0010132705293405418,0.0005371086274252358,True,0.25620039648173676,ground_equivalent_excess_gamma_dose_rate,uSv/h,1.3760744330010684e-05,0.7265356471595436,441,441,1.0,True,False,lower_radiation_equivalent_priority,radiation_priority
283,283,RADIATION,16,34,523060.920497467,5696704.290406497,0.0006758742599026313,0.0005371086274252358,True,0.2680193672450082,ground_equivalent_excess_gamma_dose_rate,uSv/h,1.4395551446434655e-05,1.3164187196416868,441,441,1.0,True,True,highest_radiation_equivalent_priority,radiation_priority
283,283,RADIATION,16,35,523080.920497467,5696704.290406497,0.0,0.0005371086274252358,False,0.28674568222596797,ground_equivalent_excess_gamma_dose_rate,uSv/h,1.540135798005025e-05,1.6325653821833077,441,441,1.0,False,False,lower_radiation_equivalent_priority,radiation_priority
284,284,RADIATION,15,33,523040.920497467,5696684.290406497,0.0003432427148251523,0.0005371086274252358,False,0.24384325678835791,ground_equivalent_excess_gamma_dose_rate,uSv/h,1.3097031696049423e-05,1.3614224850046424,441,441,1.0,False,False,lower_radiation_equivalent_priority,radiation_priority
284,284,RADIATION,15,34,523060.920497467,5696684.290406497,0.0,0.0005371086274252358,False,0.2573132786634386,ground_equivalent_excess_gamma_dose_rate,uSv/h,1.3820518192120673e-05,2.00925101987744,441,441,1.0,False,False,lower_radiation_equivalent_priority,radiation_priority
284,284,RADIATION,15,35,523080.920497467,5696684.290406497,0.0,0.0005371086274252358,False,0.3110855122861385,ground_equivalent_excess_gamma_dose_rate,uSv/h,1.670867125158842e-05,1.9754851455842635,441,441,1.0,False,False,lower_radiation_equivalent_priority,radiation_priority
284,284,RADIATION,16,33,523040.920497467,5696704.290406497,0.0006734344579719417,0.0005371086274252358,True,0.24295890808081097,ground_equivalent_excess_gamma_dose_rate,uSv/h,1.304953256400184e-05,1.363576787741208,441,441,1.0,True,False,lower_radiation_equivalent_priority,radiation_priority
284,284,RADIATION,16,35,523080.920497467,5696704.290406497,0.0,0.0005371086274252358,False,0.28353021159550934,ground_equivalent_excess_gamma_dose_rate,uSv/h,1.522865227836507e-05,2.042013023828487,441,441,1.0,False,False,lower_radiation_equivalent_priority,radiation_priority
284,284,RADIATION,17,33,523040.920497467,5696724.290406497,0.0015142800547058668,0.0005371086274252358,True,0.2419599160884523,ground_equivalent_excess_gamma_dose_rate,uSv/h,1.2995875842219385e-05,0.8280073111264776,441,441,1.0,True,False,lower_radiation_equivalent_priority,radiation_priority
284,284,RADIATION,17,34,523060.920497467,5696724.290406497,0.0006641163292475115,0.0005371086274252358,True,0.2672705505349858,ground_equivalent_excess_gamma_dose_rate,uSv/h,1.4355331854903333e-05,1.4985528505597698,441,441,1.0,True,True,highest_radiation_equivalent_priority,radiation_priority
284,284,RADIATION,17,35,523080.920497467,5696724.290406497,0.0,0.0005371086274252358,False,0.287050528592154,ground_equivalent_excess_gamma_dose_rate,uSv/h,1.5417731541382024e-05,1.7619006420680108,441,441,1.0,False,False,lower_radiation_equivalent_priority,radiation_priority
285,285,RADIATION,16,33,523040.920497467,5696704.290406497,0.00033897790415923166,0.0005371086274252358,False,0.24189972830590994,ground_equivalent_excess_gamma_dose_rate,uSv/h,1.2992643104492476e-05,1.5594106943731958,441,441,1.0,False,False,lower_radiation_equivalent_priority,radiation_priority
285,285,RADIATION,16,34,523060.920497467,5696704.290406497,0.0,0.0005371086274252358,False,0.24960248924855136,ground_equivalent_excess_gamma_dose_rate,uSv/h,1.340636504022116e-05,2.360383767780667,441,441,1.0,False,False,lower_radiation_equivalent_priority,radiation_priority
285,285,RADIATION,16,35,523080.920497467,5696704.290406497,0.0,0.0005371086274252358,False,0.28012519720662404,ground_equivalent_excess_gamma_dose_rate,uSv/h,1.5045766017887335e-05,2.3265233863481467,441,441,1.0,False,False,lower_radiation_equivalent_priority,radiation_priority
285,285,RADIATION,17,33,523040.920497467,5696724.290406497,0.0011798235008931568,0.0005371086274252358,True,0.23620929395853973,ground_equivalent_excess_gamma_dose_rate,uSv/h,1.2687004966315532e-05,1.4628941489715763,441,441,1.0,True,False,lower_radiation_equivalent_priority,radiation_priority
285,285,RADIATION,17,35,523080.920497467,5696724.290406497,0.0,0.0005371086274252358,False,0.2827166908905883,ground_equivalent_excess_gamma_dose_rate,uSv/h,1.5184957379444855e-05,2.1576192765023468,441,441,1.0,False,False,lower_radiation_equivalent_priority,radiation_priority
285,285,RADIATION,18,33,523040.920497467,5696744.290406497,0.0017354548383341176,0.0005371086274252358,True,0.23079157235630843,ground_equivalent_excess_gamma_dose_rate,uSv/h,1.239601446496088e-05,0.7433791965713245,441,441,1.0,True,False,lower_radiation_equivalent_priority,radiation_priority
285,285,RADIATION,18,34,523060.920497467,5696744.290406497,0.0011590648210026795,0.0005371086274252358,True,0.25615709786433943,ground_equivalent_excess_gamma_dose_rate,uSv/h,1.3758418723914716e-05,1.0802240420942477,441,441,1.0,True,True,highest_radiation_equivalent_priority,radiation_priority
285,285,RADIATION,18,35,523080.920497467,5696744.290406497,0.0,0.0005371086274252358,False,0.2819895756035385,ground_equivalent_excess_gamma_dose_rate,uSv/h,1.5145903390064132e-05,1.8286803535264884,441,441,1.0,False,False,lower_radiation_equivalent_priority,radiation_priority
286,286,RADIATION,17,33,523040.920497467,5696724.290406497,0.0005950628236047226,0.0005371086274252358,True,0.2350258119501182,ground_equivalent_excess_gamma_dose_rate,uSv/h,1.2623439126602959e-05,1.5722163539387235,441,441,1.0,True,False,lower_radiation_equivalent_priority,radiation_priority
286,286,RADIATION,17,34,523060.920497467,5696724.290406497,0.0,0.0005371086274252358,False,0.24541566019949557,ground_equivalent_excess_gamma_dose_rate,uSv/h,1.3181486839840913e-05,2.3111892804902663,441,441,1.0,False,False,lower_radiation_equivalent_priority,radiation_priority
286,286,RADIATION,17,35,523080.920497467,5696724.290406497,0.0,0.0005371086274252358,False,0.28073568200749305,ground_equivalent_excess_gamma_dose_rate,uSv/h,1.5078555683233204e-05,2.2711050043659298,441,441,1.0,False,False,lower_radiation_equivalent_priority,radiation_priority
286,286,RADIATION,18,33,523040.920497467,5696744.290406497,0.0011506941610456836,0.0005371086274252358,True,0.22544696999117397,ground_equivalent_excess_gamma_dose_rate,uSv/h,1.2108951260913778e-05,1.378266034416423,441,441,1.0,True,False,lower_radiation_equivalent_priority,radiation_priority
286,286,RADIATION,18,35,523080.920497467,5696744.290406497,0.0,0.0005371086274252358,False,0.27825466792458325,ground_equivalent_excess_gamma_dose_rate,uSv/h,1.494529827636377e-05,1.9443136680173867,441,441,1.0,False,False,lower_radiation_equivalent_priority,radiation_priority
286,286,RADIATION,19,33,523040.920497467,5696764.290406497,0.0011929061790798678,0.0005371086274252358,True,0.2205437020914273,ground_equivalent_excess_gamma_dose_rate,uSv/h,1.1845592511760661e-05,0.7265476886813684,441,441,1.0,True,False,lower_radiation_equivalent_priority,radiation_priority
286,286,RADIATION,19,34,523060.920497467,5696764.290406497,0.0008806423732712258,0.0005371086274252358,True,0.2416715364428738,ground_equivalent_excess_gamma_dose_rate,uSv/h,1.298038672265798e-05,0.9828784771218444,441,441,1.0,True,False,lower_radiation_equivalent_priority,radiation_priority
286,286,RADIATION,19,35,523080.920497467,5696764.290406497,0.0005648168597240571,0.0005371086274252358,True,0.2687721325364789,ground_equivalent_excess_gamma_dose_rate,uSv/h,1.4435983119682176e-05,1.629852394839206,441,441,1.0,True,True,highest_radiation_equivalent_priority,radiation_priority
287,287,RADIATION,18,34,523060.920497467,5696744.290406497,0.0,0.0005371086274252358,False,0.23457980900296416,ground_equivalent_excess_gamma_dose_rate,uSv/h,1.2599483923525603e-05,1.9170568934347854,441,441,1.0,False,False,lower_radiation_equivalent_priority,radiation_priority
287,287,RADIATION,18,35,523080.920497467,5696744.290406497,0.0,0.0005371086274252358,False,0.2757327552049203,ground_equivalent_excess_gamma_dose_rate,uSv/h,1.4809844168429329e-05,2.2889188207817828,441,441,1.0,False,False,lower_radiation_equivalent_priority,radiation_priority
287,287,RADIATION,18,36,523100.920497467,5696744.290406497,0.0,0.0005371086274252358,False,0.3042305849020713,ground_equivalent_excess_gamma_dose_rate,uSv/h,1.6340487187752816e-05,2.938886522245097,441,441,1.0,False,False,lower_radiation_equivalent_priority,radiation_priority
287,287,RADIATION,19,34,523060.920497467,5696764.290406497,0.0008806423732712258,0.0005371086274252358,True,0.23495666477838245,ground_equivalent_excess_gamma_dose_rate,uSv/h,1.2619725172352823e-05,1.6107637246922994,441,441,1.0,True,False,lower_radiation_equivalent_priority,radiation_priority
287,287,RADIATION,19,36,523100.920497467,5696764.290406497,0.0,0.0005371086274252358,False,0.28436139962123785,ground_equivalent_excess_gamma_dose_rate,uSv/h,1.5273296104328202e-05,2.5599952243772686,441,441,1.0,False,False,lower_radiation_equivalent_priority,radiation_priority
287,287,RADIATION,20,34,523060.920497467,5696784.290406497,0.0009189833668390996,0.0005371086274252358,True,0.2363454150068507,ground_equivalent_excess_gamma_dose_rate,uSv/h,1.269431614525773e-05,0.8487760196246597,441,441,1.0,True,False,lower_radiation_equivalent_priority,radiation_priority
287,287,RADIATION,20,35,523080.920497467,5696784.290406497,0.000617463397108612,0.0005371086274252358,True,0.2542257332384643,ground_equivalent_excess_gamma_dose_rate,uSv/h,1.3654683463588572e-05,1.5124768792456424,441,441,1.0,True,True,highest_radiation_equivalent_priority,radiation_priority
287,287,RADIATION,20,36,523100.920497467,5696784.290406497,0.0003122224551314305,0.0005371086274252358,False,0.2745941064432747,ground_equivalent_excess_gamma_dose_rate,uSv/h,1.4748686361080638e-05,1.8286098280096088,441,441,1.0,False,False,lower_radiation_equivalent_priority,radiation_priority
288,288,RADIATION,19,34,523060.920497467,5696764.290406497,0.0005689630781275611,0.0005371086274252358,True,0.23124518310526757,ground_equivalent_excess_gamma_dose_rate,uSv/h,1.2420378289636759e-05,1.7200859296594466,441,441,1.0,True,False,lower_radiation_equivalent_priority,radiation_priority
288,288,RADIATION,19,35,523080.920497467,5696764.290406497,0.0,0.0005371086274252358,False,0.2565038277255486,ground_equivalent_excess_gamma_dose_rate,uSv/h,1.3777041883898853e-05,2.454532880002166,441,441,1.0,False,False,lower_radiation_equivalent_priority,radiation_priority
288,288,RADIATION,19,36,523100.920497467,5696764.290406497,0.0,0.0005371086274252358,False,0.2838499560220606,ground_equivalent_excess_gamma_dose_rate,uSv/h,1.5245826027372251e-05,2.607950757465284,441,441,1.0,False,False,lower_radiation_equivalent_priority,radiation_priority
288,288,RADIATION,20,34,523060.920497467,5696784.290406497,0.0006073040716954349,0.0005371086274252358,True,0.22836920495937127,ground_equivalent_excess_gamma_dose_rate,uSv/h,1.2265907022192024e-05,1.4836628574697583,441,441,1.0,True,False,lower_radiation_equivalent_priority,radiation_priority
288,288,RADIATION,20,36,523100.920497467,5696784.290406497,0.0003122224551314305,0.0005371086274252358,False,0.2693704744453726,ground_equivalent_excess_gamma_dose_rate,uSv/h,1.4468120579823864e-05,2.1715433051882194,441,441,1.0,False,False,lower_radiation_equivalent_priority,radiation_priority
288,288,RADIATION,21,34,523060.920497467,5696804.290406497,0.0008792791238818186,0.0005371086274252358,True,0.22227642682332024,ground_equivalent_excess_gamma_dose_rate,uSv/h,1.193865865200594e-05,0.7433791965713245,441,441,1.0,True,False,lower_radiation_equivalent_priority,radiation_priority
288,288,RADIATION,21,35,523080.920497467,5696804.290406497,0.0009053126617436108,0.0005371086274252358,True,0.2308447461149403,ground_equivalent_excess_gamma_dose_rate,uSv/h,1.2398870473412263e-05,1.013613230891682,441,441,1.0,True,False,lower_radiation_equivalent_priority,radiation_priority
288,288,RADIATION,21,36,523100.920497467,5696804.290406497,0.0006140184416011242,0.0005371086274252358,True,0.27291226474348657,ground_equivalent_excess_gamma_dose_rate,uSv/h,1.4658353192388665e-05,1.084471310714242,441,441,1.0,True,True,highest_radiation_equivalent_priority,radiation_priority
289,289,RADIATION,20,35,523080.920497467,5696784.290406497,0.0,0.0005371086274252358,False,0.24020691206249462,ground_equivalent_excess_gamma_dose_rate,uSv/h,1.2901720483594078e-05,2.2822070164424617,441,441,1.0,False,False,lower_radiation_equivalent_priority,radiation_priority
289,289,RADIATION,20,36,523100.920497467,5696784.290406497,0.0,0.0005371086274252358,False,0.26708061108150066,ground_equivalent_excess_gamma_dose_rate,uSv/h,1.4345130042987803e-05,2.2808655101553668,441,441,1.0,False,False,lower_radiation_equivalent_priority,radiation_priority
289,289,RADIATION,20,37,523120.920497467,5696784.290406497,0.0,0.0005371086274252358,False,0.29997280692471245,ground_equivalent_excess_gamma_dose_rate,uSv/h,1.6111798259222756e-05,2.568518163872144,441,441,1.0,False,False,lower_radiation_equivalent_priority,radiation_priority
289,289,RADIATION,21,35,523080.920497467,5696804.290406497,0.0005930902066121804,0.0005371086274252358,True,0.22965212554820216,ground_equivalent_excess_gamma_dose_rate,uSv/h,1.2334813793848279e-05,1.5939442583241683,441,441,1.0,True,False,lower_radiation_equivalent_priority,radiation_priority
289,289,RADIATION,21,37,523120.920497467,5696804.290406497,0.0003100014318140196,0.0005371086274252358,False,0.2869893759832693,ground_equivalent_excess_gamma_dose_rate,uSv/h,1.541444698199987e-05,2.3476251461367923,441,441,1.0,False,False,lower_radiation_equivalent_priority,radiation_priority
289,289,RADIATION,22,35,523080.920497467,5696824.290406497,0.0008580398358819618,0.0005371086274252358,True,0.2278505578731998,ground_equivalent_excess_gamma_dose_rate,uSv/h,1.2238050039734858e-05,0.7473163971795503,441,441,1.0,True,False,lower_radiation_equivalent_priority,radiation_priority
289,289,RADIATION,22,36,523100.920497467,5696824.290406497,0.0008934316124859981,0.0005371086274252358,True,0.240062985420977,ground_equivalent_excess_gamma_dose_rate,uSv/h,1.2893990059506536e-05,0.9273519281611053,441,441,1.0,True,False,lower_radiation_equivalent_priority,radiation_priority
289,289,RADIATION,22,37,523120.920497467,5696824.290406497,0.0006103835864036463,0.0005371086274252358,True,0.2791955438540314,ground_equivalent_excess_gamma_dose_rate,uSv/h,1.4995833534268103e-05,1.0656545965802904,441,441,1.0,True,True,highest_radiation_equivalent_priority,radiation_priority
290,290,RADIATION,21,36,523100.920497467,5696804.290406497,0.0,0.0005371086274252358,False,0.2521571592317942,ground_equivalent_excess_gamma_dose_rate,uSv/h,1.3543578569043561e-05,1.852859941623966,441,441,1.0,False,False,lower_radiation_equivalent_priority,radiation_priority
290,290,RADIATION,21,37,523120.920497467,5696804.290406497,0.0,0.0005371086274252358,False,0.2845115554096923,ground_equivalent_excess_gamma_dose_rate,uSv/h,1.5281361101271875e-05,2.4611108740003753,441,441,1.0,False,False,lower_radiation_equivalent_priority,radiation_priority
290,290,RADIATION,21,38,523140.920497467,5696804.290406497,0.0,0.0005371086274252358,False,0.30984482083235554,ground_equivalent_excess_gamma_dose_rate,uSv/h,1.664203264320846e-05,2.9408396952941818,441,441,1.0,False,False,lower_radiation_equivalent_priority,radiation_priority
290,290,RADIATION,22,36,523100.920497467,5696824.290406497,0.0005834301806719785,0.0005371086274252358,True,0.23722324919034765,ground_equivalent_excess_gamma_dose_rate,uSv/h,1.274146537659823e-05,1.522287692376307,441,441,1.0,True,False,lower_radiation_equivalent_priority,radiation_priority
290,290,RADIATION,22,38,523140.920497467,5696824.290406497,0.0003100014318140196,0.0005371086274252358,False,0.2950950107723554,ground_equivalent_excess_gamma_dose_rate,uSv/h,1.5849807619597497e-05,1.7376035387931599,441,441,1.0,False,False,lower_radiation_equivalent_priority,radiation_priority
290,290,RADIATION,23,36,523100.920497467,5696844.290406497,0.0008462899115446425,0.0005371086274252358,True,0.2335128992673372,ground_equivalent_excess_gamma_dose_rate,uSv/h,1.2542179281156686e-05,0.7473163971795503,441,441,1.0,True,False,lower_radiation_equivalent_priority,radiation_priority
290,290,RADIATION,23,37,523120.920497467,5696844.290406497,0.0008899982043108166,0.0005371086274252358,True,0.2408109853306484,ground_equivalent_excess_gamma_dose_rate,uSv/h,1.2934165779986315e-05,0.9011557306646524,441,441,1.0,True,False,lower_radiation_equivalent_priority,radiation_priority
290,290,RADIATION,23,38,523140.920497467,5696844.290406497,0.0009304167420351475,0.0005371086274252358,True,0.28188720379331417,ground_equivalent_excess_gamma_dose_rate,uSv/h,1.5140404911816469e-05,0.7859412320860989,441,441,1.0,True,True,highest_radiation_equivalent_priority,radiation_priority
291,291,RADIATION,22,37,523120.920497467,5696824.290406497,0.0,0.0005371086274252358,False,0.2600712062275611,ground_equivalent_excess_gamma_dose_rate,uSv/h,1.3968648860971078e-05,1.8340432274900142,441,441,1.0,False,False,lower_radiation_equivalent_priority,radiation_priority
291,291,RADIATION,22,38,523140.920497467,5696824.290406497,0.0,0.0005371086274252358,False,0.29142614867531463,ground_equivalent_excess_gamma_dose_rate,uSv/h,1.5652749871082094e-05,1.8764022083031666,441,441,1.0,False,False,lower_radiation_equivalent_priority,radiation_priority
291,291,RADIATION,22,39,523160.920497467,5696824.290406497,0.0,0.0005371086274252358,False,0.3199525852623197,ground_equivalent_excess_gamma_dose_rate,uSv/h,1.7184929391140026e-05,1.8663821472086592,441,441,1.0,False,False,lower_radiation_equivalent_priority,radiation_priority
291,291,RADIATION,23,37,523120.920497467,5696844.290406497,0.0005799967724967969,0.0005371086274252358,True,0.238358183860795,ground_equivalent_excess_gamma_dose_rate,uSv/h,1.2802423696904358e-05,1.4208280699311975,441,441,1.0,True,False,lower_radiation_equivalent_priority,radiation_priority
291,291,RADIATION,23,39,523160.920497467,5696844.290406497,0.0003122224551314305,0.0005371086274252358,False,0.3054462349804249,ground_equivalent_excess_gamma_dose_rate,uSv/h,1.6405780802254205e-05,1.0847214548369108,441,441,1.0,False,False,lower_radiation_equivalent_priority,radiation_priority
291,291,RADIATION,24,37,523120.920497467,5696864.290406497,0.0008462899115446424,0.0005371086274252358,True,0.23532180368346717,ground_equivalent_excess_gamma_dose_rate,uSv/h,1.2639337097965783e-05,0.7304848892895943,441,441,1.0,True,False,lower_radiation_equivalent_priority,radiation_priority
291,291,RADIATION,24,38,523140.920497467,5696864.290406497,0.0008956526358034091,0.0005371086274252358,True,0.23711905554182042,ground_equivalent_excess_gamma_dose_rate,uSv/h,1.273586904584354e-05,0.8507922999027714,441,441,1.0,True,False,lower_radiation_equivalent_priority,radiation_priority
291,291,RADIATION,24,39,523160.920497467,5696864.290406497,0.0009392070425971934,0.0005371086274252358,True,0.27622618213522926,ground_equivalent_excess_gamma_dose_rate,uSv/h,1.4836346554556617e-05,0.6825616032007304,441,441,1.0,True,True,highest_radiation_equivalent_priority,radiation_priority
292,292,RADIATION,23,38,523140.920497467,5696844.290406497,0.0,0.0005371086274252358,False,0.25178886048910704,ground_equivalent_excess_gamma_dose_rate,uSv/h,1.3523796925826847e-05,1.4529369143103394,441,441,1.0,False,False,lower_radiation_equivalent_priority,radiation_priority
292,292,RADIATION,23,39,523160.920497467,5696844.290406497,0.0,0.0005371086274252358,False,0.29804002472855523,ground_equivalent_excess_gamma_dose_rate,uSv/h,1.6007986859973762e-05,1.3251399561496204,441,441,1.0,False,False,lower_radiation_equivalent_priority,radiation_priority
292,292,RADIATION,23,40,523180.920497467,5696844.290406497,0.0,0.0005371086274252358,False,0.33251056637634735,ground_equivalent_excess_gamma_dose_rate,uSv/h,1.7859429391078767e-05,1.5304800042321602,441,441,1.0,False,False,lower_radiation_equivalent_priority,radiation_priority
292,292,RADIATION,24,38,523140.920497467,5696864.290406497,0.0005834301806719785,0.0005371086274252358,True,0.23555464800485826,ground_equivalent_excess_gamma_dose_rate,uSv/h,1.2651843367352398e-05,1.3174484410458291,441,441,1.0,True,False,lower_radiation_equivalent_priority,radiation_priority
292,292,RADIATION,24,40,523180.920497467,5696864.290406497,0.0006450418117486892,0.0005371086274252358,True,0.2971492128606419,ground_equivalent_excess_gamma_dose_rate,uSv/h,1.596014058600686e-05,0.9123386732153208,441,441,1.0,True,True,highest_radiation_equivalent_priority,radiation_priority
292,292,RADIATION,25,38,523140.920497467,5696884.290406497,0.0008580398358819618,0.0005371086274252358,True,0.2346040761074769,ground_equivalent_excess_gamma_dose_rate,uSv/h,1.260078733064525e-05,0.7304848892895943,441,441,1.0,True,False,lower_radiation_equivalent_priority,radiation_priority
292,292,RADIATION,25,39,523160.920497467,5696884.290406497,0.0009093876480576522,0.0005371086274252358,True,0.2340856470044173,ground_equivalent_excess_gamma_dose_rate,uSv/h,1.2572942056249082e-05,0.8507922999027714,441,441,1.0,True,False,lower_radiation_equivalent_priority,radiation_priority
292,292,RADIATION,25,40,523180.920497467,5696884.290406497,0.0009530351296855068,0.0005371086274252358,True,0.23391374929375566,ground_equivalent_excess_gamma_dose_rate,uSv/h,1.2563709281905981e-05,0.6657300953107743,441,441,1.0,True,False,lower_radiation_equivalent_priority,radiation_priority
293,293,RADIATION,23,39,523160.920497467,5696844.290406497,0.0,0.0005371086274252358,False,0.2939592363167169,ground_equivalent_excess_gamma_dose_rate,uSv/h,1.5788804193704236e-05,1.5373494865105788,441,441,1.0,False,False,lower_radiation_equivalent_priority,radiation_priority
293,293,RADIATION,23,40,523180.920497467,5696844.290406497,0.0,0.0005371086274252358,False,0.3270232425145362,ground_equivalent_excess_gamma_dose_rate,uSv/h,1.7564700492313253e-05,1.643965732095743,441,441,1.0,False,False,lower_radiation_equivalent_priority,radiation_priority
293,293,RADIATION,23,41,523200.920497467,5696844.290406497,0.0,0.0005371086274252358,False,0.36210348994238545,ground_equivalent_excess_gamma_dose_rate,uSv/h,1.944889084688423e-05,1.7204557602687909,441,441,1.0,False,False,lower_radiation_equivalent_priority,radiation_priority
293,293,RADIATION,24,39,523160.920497467,5696864.290406497,0.0,0.0005371086274252358,False,0.24830994719385557,ground_equivalent_excess_gamma_dose_rate,uSv/h,1.3336941491332455e-05,1.694593387555698,441,441,1.0,False,False,lower_radiation_equivalent_priority,radiation_priority
293,293,RADIATION,24,41,523200.920497467,5696864.290406497,0.0006599816502004616,0.0005371086274252358,True,0.3242321839476068,ground_equivalent_excess_gamma_dose_rate,uSv/h,1.7414790328718566e-05,1.015985222737657,441,441,1.0,True,True,highest_radiation_equivalent_priority,radiation_priority
293,293,RADIATION,25,39,523160.920497467,5696884.290406497,0.0005930902066121804,0.0005371086274252358,True,0.24326779782161342,ground_equivalent_excess_gamma_dose_rate,uSv/h,1.3066123298472655e-05,1.2888981551067742,441,441,1.0,True,False,lower_radiation_equivalent_priority,radiation_priority
293,293,RADIATION,25,40,523180.920497467,5696884.290406497,0.0006367376882400348,0.0005371086274252358,True,0.250162586285408,ground_equivalent_excess_gamma_dose_rate,uSv/h,1.343644833529026e-05,1.2888981551067742,441,441,1.0,True,False,lower_radiation_equivalent_priority,radiation_priority
293,293,RADIATION,25,41,523200.920497467,5696884.290406497,0.000978867804725129,0.0005371086274252358,True,0.2530206379108705,ground_equivalent_excess_gamma_dose_rate,uSv/h,1.3589956753856523e-05,0.7604002877252596,441,441,1.0,True,False,lower_radiation_equivalent_priority,radiation_priority
294,294,RADIATION,23,40,523180.920497467,5696844.290406497,0.0,0.0005371086274252358,False,0.3236656263264872,ground_equivalent_excess_gamma_dose_rate,uSv/h,1.738436003009488e-05,1.7532879370628902,441,441,1.0,False,False,lower_radiation_equivalent_priority,radiation_priority
294,294,RADIATION,23,41,523200.920497467,5696844.290406497,0.0,0.0005371086274252358,False,0.35658599018922793,ground_equivalent_excess_gamma_dose_rate,uSv/h,1.915254117496048e-05,1.8551591421019142,441,441,1.0,False,False,lower_radiation_equivalent_priority,radiation_priority
294,294,RADIATION,23,42,523220.920497467,5696844.290406497,0.0,0.0005371086274252358,False,0.38983818692693517,ground_equivalent_excess_gamma_dose_rate,uSv/h,2.0938545349826863e-05,1.8291212461138668,441,441,1.0,False,False,lower_radiation_equivalent_priority,radiation_priority
294,294,RADIATION,24,40,523180.920497467,5696864.290406497,0.0,0.0005371086274252358,False,0.2700864033493586,ground_equivalent_excess_gamma_dose_rate,uSv/h,1.4506573738919258e-05,1.8789201388384502,441,441,1.0,False,False,lower_radiation_equivalent_priority,radiation_priority
294,294,RADIATION,24,42,523220.920497467,5696864.290406497,0.0006720351625173816,0.0005371086274252358,True,0.3574510506323071,ground_equivalent_excess_gamma_dose_rate,uSv/h,1.9199004317682693e-05,1.0243338112701665,441,441,1.0,True,True,highest_radiation_equivalent_priority,radiation_priority
294,294,RADIATION,25,40,523180.920497467,5696884.290406497,0.00031167929514366475,0.0005371086274252358,False,0.2605272805151485,ground_equivalent_excess_gamma_dose_rate,uSv/h,1.3993145004432081e-05,1.4453408780889299,441,441,1.0,False,False,lower_radiation_equivalent_priority,radiation_priority
294,294,RADIATION,25,41,523200.920497467,5696884.290406497,0.000653809411628759,0.0005371086274252358,True,0.27016625558424084,ground_equivalent_excess_gamma_dose_rate,uSv/h,1.4510862671346706e-05,1.3835683475212595,441,441,1.0,True,False,lower_radiation_equivalent_priority,radiation_priority
294,294,RADIATION,25,42,523220.920497467,5696884.290406497,0.0009997296027741487,0.0005371086274252358,True,0.2876429086746724,ground_equivalent_excess_gamma_dose_rate,uSv/h,1.5449548786685573e-05,0.7604002877252596,441,441,1.0,True,False,lower_radiation_equivalent_priority,radiation_priority
295,295,RADIATION,23,41,523200.920497467,5696844.290406497,0.0,0.0005371086274252358,False,0.35305769241371293,ground_equivalent_excess_gamma_dose_rate,uSv/h,1.8963033257425044e-05,1.9403776533745143,441,441,1.0,False,False,lower_radiation_equivalent_priority,radiation_priority
295,295,RADIATION,23,42,523220.920497467,5696844.290406497,0.0,0.0005371086274252358,False,0.3836716397209987,ground_equivalent_excess_gamma_dose_rate,uSv/h,2.060733477925352e-05,1.938443451081014,441,441,1.0,False,False,lower_radiation_equivalent_priority,radiation_priority
295,295,RADIATION,23,43,523240.920497467,5696844.290406497,0.0,0.0005371086274252358,False,0.4051243586682618,ground_equivalent_excess_gamma_dose_rate,uSv/h,2.1759578822083904e-05,1.7633098456926655,441,441,1.0,False,False,lower_radiation_equivalent_priority,radiation_priority
295,295,RADIATION,24,41,523200.920497467,5696864.290406497,0.0,0.0005371086274252358,False,0.2923294251446595,ground_equivalent_excess_gamma_dose_rate,uSv/h,1.5701265629545626e-05,1.922081718840447,441,441,1.0,False,False,lower_radiation_equivalent_priority,radiation_priority
295,295,RADIATION,24,43,523240.920497467,5696864.290406497,0.00033787073619056564,0.0005371086274252358,False,0.37951435984219917,ground_equivalent_excess_gamma_dose_rate,uSv/h,2.038404369030106e-05,1.105684576913324,441,441,1.0,False,False,lower_radiation_equivalent_priority,radiation_priority
295,295,RADIATION,25,41,523200.920497467,5696884.290406497,0.00032161032047997736,0.0005371086274252358,False,0.2809119737973634,ground_equivalent_excess_gamma_dose_rate,uSv/h,1.5088024467361565e-05,1.4850279699663687,441,441,1.0,False,False,lower_radiation_equivalent_priority,radiation_priority
295,295,RADIATION,25,42,523220.920497467,5696884.290406497,0.000667530511625367,0.0005371086274252358,True,0.29295405239775363,ground_equivalent_excess_gamma_dose_rate,uSv/h,1.5734814898201807e-05,1.3835683475212595,441,441,1.0,True,False,lower_radiation_equivalent_priority,radiation_priority
295,295,RADIATION,25,43,523240.920497467,5696884.290406497,0.0010161368473546434,0.0005371086274252358,True,0.34279071570209774,ground_equivalent_excess_gamma_dose_rate,uSv/h,1.8411585080486793e-05,0.7772317956152157,441,441,1.0,True,True,highest_radiation_equivalent_priority,radiation_priority
296,296,RADIATION,24,42,523220.920497467,5696864.290406497,0.0,0.0005371086274252358,False,0.3159647972726872,ground_equivalent_excess_gamma_dose_rate,uSv/h,1.697074185778259e-05,1.8433012137803046,441,441,1.0,False,False,lower_radiation_equivalent_priority,radiation_priority
296,296,RADIATION,24,43,523240.920497467,5696864.290406497,0.0,0.0005371086274252358,False,0.3689253154662666,ground_equivalent_excess_gamma_dose_rate,uSv/h,1.981529698125086e-05,1.4248747939951318,441,441,1.0,False,False,lower_radiation_equivalent_priority,radiation_priority
296,296,RADIATION,24,44,523260.920497467,5696864.290406497,0.0,0.0005371086274252358,False,0.3990315550482556,ground_equivalent_excess_gamma_dose_rate,uSv/h,2.1432329083132598e-05,1.4102688674568356,441,441,1.0,False,False,lower_radiation_equivalent_priority,radiation_priority
296,296,RADIATION,25,42,523220.920497467,5696884.290406497,0.0003296597754348014,0.0005371086274252358,False,0.28658092780945554,ground_equivalent_excess_gamma_dose_rate,uSv/h,1.5392508878198726e-05,1.4871867134416719,441,441,1.0,False,False,lower_radiation_equivalent_priority,radiation_priority
296,296,RADIATION,25,44,523260.920497467,5696884.290406497,0.0006863656767444599,0.0005371086274252358,True,0.3595637176174308,ground_equivalent_excess_gamma_dose_rate,uSv/h,1.931247748414133e-05,0.9123386732153208,441,441,1.0,True,True,highest_radiation_equivalent_priority,radiation_priority
296,296,RADIATION,26,42,523220.920497467,5696904.290406497,0.000978736075196302,0.0005371086274252358,True,0.28237070032699463,ground_equivalent_excess_gamma_dose_rate,uSv/h,1.5166373927773467e-05,0.7493136449453711,441,441,1.0,True,False,lower_radiation_equivalent_priority,radiation_priority
296,296,RADIATION,26,43,523240.920497467,5696904.290406497,0.0010050621864777344,0.0005371086274252358,True,0.28079957326179544,ground_equivalent_excess_gamma_dose_rate,uSv/h,1.5081987337623489e-05,0.8507922999027714,441,441,1.0,True,False,lower_radiation_equivalent_priority,radiation_priority
296,296,RADIATION,26,44,523260.920497467,5696904.290406497,0.0010253489338850064,0.0005371086274252358,True,0.27918447050328243,ground_equivalent_excess_gamma_dose_rate,uSv/h,1.4995238775045925e-05,0.6657300953107743,441,441,1.0,True,False,lower_radiation_equivalent_priority,radiation_priority
297,297,RADIATION,24,43,523240.920497467,5696864.290406497,0.0,0.0005371086274252358,False,0.36211352670788466,ground_equivalent_excess_gamma_dose_rate,uSv/h,1.9449429930218342e-05,1.544659365488674,441,441,1.0,False,False,lower_radiation_equivalent_priority,radiation_priority
297,297,RADIATION,24,44,523260.920497467,5696864.290406497,0.0,0.0005371086274252358,False,0.3912705809707143,ground_equivalent_excess_gamma_dose_rate,uSv/h,2.1015480469705493e-05,1.527663348633262,441,441,1.0,False,False,lower_radiation_equivalent_priority,radiation_priority
297,297,RADIATION,24,45,523280.920497467,5696864.290406497,0.0,0.0005371086274252358,False,0.41707694832883374,ground_equivalent_excess_gamma_dose_rate,uSv/h,2.240156272476059e-05,1.5326303331108464,441,441,1.0,False,False,lower_radiation_equivalent_priority,radiation_priority
297,297,RADIATION,25,43,523240.920497467,5696884.290406497,0.0,0.0005371086274252358,False,0.29522955464900524,ground_equivalent_excess_gamma_dose_rate,uSv/h,1.5857034087289084e-05,1.694593387555698,441,441,1.0,False,False,lower_radiation_equivalent_priority,radiation_priority
297,297,RADIATION,25,45,523280.920497467,5696884.290406497,0.0009652555431312743,0.0005371086274252358,True,0.3799049193950085,ground_equivalent_excess_gamma_dose_rate,uSv/h,2.0405020980834785e-05,1.015985222737657,441,441,1.0,True,True,highest_radiation_equivalent_priority,radiation_priority
297,297,RADIATION,26,43,523240.920497467,5696904.290406497,0.0006641163292475115,0.0005371086274252358,True,0.2867470771790732,ground_equivalent_excess_gamma_dose_rate,uSv/h,1.5401432904185017e-05,1.2888981551067742,441,441,1.0,True,False,lower_radiation_equivalent_priority,radiation_priority
297,297,RADIATION,26,44,523260.920497467,5696904.290406497,0.0006844030766547835,0.0005371086274252358,True,0.2924270176895881,ground_equivalent_excess_gamma_dose_rate,uSv/h,1.570650740933098e-05,1.2888981551067742,441,441,1.0,True,False,lower_radiation_equivalent_priority,radiation_priority
297,297,RADIATION,26,45,523280.920497467,5696904.290406497,0.0015782985679323814,0.0005371086274252358,True,0.30674563786550657,ground_equivalent_excess_gamma_dose_rate,uSv/h,1.6475572852262067e-05,0.7604002877252596,441,441,1.0,True,False,lower_radiation_equivalent_priority,radiation_priority
298,298,RADIATION,24,44,523260.920497467,5696864.290406497,0.0,0.0005371086274252358,False,0.38581444269666343,ground_equivalent_excess_gamma_dose_rate,uSv/h,2.072242657576372e-05,1.681254738255327,441,441,1.0,False,False,lower_radiation_equivalent_priority,radiation_priority
298,298,RADIATION,24,45,523280.920497467,5696864.290406497,0.0,0.0005371086274252358,False,0.40963829667279134,ground_equivalent_excess_gamma_dose_rate,uSv/h,2.200202632667345e-05,1.6652220152815629,441,441,1.0,False,False,lower_radiation_equivalent_priority,radiation_priority
298,298,RADIATION,24,46,523300.920497467,5696864.290406497,0.0,0.0005371086274252358,False,0.4209896433521535,ground_equivalent_excess_gamma_dose_rate,uSv/h,2.2611716950111473e-05,1.637836501057423,441,441,1.0,False,False,lower_radiation_equivalent_priority,radiation_priority
298,298,RADIATION,25,44,523260.920497467,5696884.290406497,0.0,0.0005371086274252358,False,0.31418972466992257,ground_equivalent_excess_gamma_dose_rate,uSv/h,1.6875401176857485e-05,1.8789201388384502,441,441,1.0,False,False,lower_radiation_equivalent_priority,radiation_priority
298,298,RADIATION,25,46,523300.920497467,5696884.290406497,0.0006197636869105163,0.0005371086274252358,True,0.38026605173230066,ground_equivalent_excess_gamma_dose_rate,uSv/h,2.0424417710234972e-05,1.105684576913324,441,441,1.0,True,True,highest_radiation_equivalent_priority,radiation_priority
298,298,RADIATION,26,44,523260.920497467,5696904.290406497,0.00033983607136860004,0.0005371086274252358,False,0.3002364733672877,ground_equivalent_excess_gamma_dose_rate,uSv/h,1.6125960011329728e-05,1.4453408780889299,441,441,1.0,False,False,lower_radiation_equivalent_priority,radiation_priority
298,298,RADIATION,26,45,523280.920497467,5696904.290406497,0.001233731562646198,0.0005371086274252358,True,0.3092592831199538,ground_equivalent_excess_gamma_dose_rate,uSv/h,1.661058290750708e-05,1.3835683475212595,441,441,1.0,True,False,lower_radiation_equivalent_priority,radiation_priority
298,298,RADIATION,26,46,523300.920497467,5696904.290406497,0.001587297254502989,0.0005371086274252358,True,0.3449548713427238,ground_equivalent_excess_gamma_dose_rate,uSv/h,1.8527823747053917e-05,0.7772317956152157,441,441,1.0,True,False,lower_radiation_equivalent_priority,radiation_priority
299,299,RADIATION,24,45,523280.920497467,5696864.290406497,0.0,0.0005371086274252358,False,0.40421063207683333,ground_equivalent_excess_gamma_dose_rate,uSv/h,2.1710501778547492e-05,1.7581798123224532,441,441,1.0,False,False,lower_radiation_equivalent_priority,radiation_priority
299,299,RADIATION,24,46,523300.920497467,5696864.290406497,0.0,0.0005371086274252358,False,0.41447588892220794,ground_equivalent_excess_gamma_dose_rate,uSv/h,2.226185757998616e-05,1.7513222289210058,441,441,1.0,False,False,lower_radiation_equivalent_priority,radiation_priority
299,299,RADIATION,24,47,523320.920497467,5696864.290406497,0.0,0.0005371086274252358,False,0.42976644666435815,ground_equivalent_excess_gamma_dose_rate,uSv/h,2.308312662813142e-05,1.7536653262946542,441,441,1.0,False,False,lower_radiation_equivalent_priority,radiation_priority
299,299,RADIATION,25,45,523280.920497467,5696884.290406497,0.0,0.0005371086274252358,False,0.3325640333118375,ground_equivalent_excess_gamma_dose_rate,uSv/h,1.7862301146312144e-05,1.9234314671315236,441,441,1.0,False,False,lower_radiation_equivalent_priority,radiation_priority
299,299,RADIATION,25,47,523320.920497467,5696884.290406497,0.0003485955848455873,0.0005371086274252358,False,0.36877992660700054,ground_equivalent_excess_gamma_dose_rate,uSv/h,1.9807488020186527e-05,1.6576280060372741,441,441,1.0,False,False,lower_radiation_equivalent_priority,radiation_priority
299,299,RADIATION,26,45,523280.920497467,5696904.290406497,0.0006139678757356817,0.0005371086274252358,True,0.31534183928862136,ground_equivalent_excess_gamma_dose_rate,uSv/h,1.693728224700607e-05,1.4850279699663687,441,441,1.0,True,False,lower_radiation_equivalent_priority,radiation_priority
299,299,RADIATION,26,46,523300.920497467,5696904.290406497,0.0009675335675924728,0.0005371086274252358,True,0.3301926231342861,ground_equivalent_excess_gamma_dose_rate,uSv/h,1.773493065975946e-05,1.4003998554112156,441,441,1.0,True,False,lower_radiation_equivalent_priority,radiation_priority
299,299,RADIATION,26,47,523320.920497467,5696904.290406497,0.0006969479027883997,0.0005371086274252358,True,0.34141052120362864,ground_equivalent_excess_gamma_dose_rate,uSv/h,1.8337453643221533e-05,1.0488110471685093,441,441,1.0,True,True,highest_radiation_equivalent_priority,radiation_priority
300,300,RADIATION,25,46,523300.920497467,5696884.290406497,0.0,0.0005371086274252358,False,0.3531157956516415,ground_equivalent_excess_gamma_dose_rate,uSv/h,1.896615403246232e-05,1.9000062759334475,441,441,1.0,False,False,lower_radiation_equivalent_priority,radiation_priority
300,300,RADIATION,25,47,523320.920497467,5696884.290406497,0.0,0.0005371086274252358,False,0.3632266297007466,ground_equivalent_excess_gamma_dose_rate,uSv/h,1.950921565228624e-05,1.8022683588125135,441,441,1.0,False,False,lower_radiation_equivalent_priority,radiation_priority
300,300,RADIATION,25,48,523340.920497467,5696884.290406497,0.0,0.0005371086274252358,False,0.3631383030564882,ground_equivalent_excess_gamma_dose_rate,uSv/h,1.9504471552019967e-05,2.3617384514920476,441,441,1.0,False,False,lower_radiation_equivalent_priority,radiation_priority
300,300,RADIATION,26,46,523300.920497467,5696904.290406497,0.0006189379827468856,0.0005371086274252358,True,0.3153086335608079,ground_equivalent_excess_gamma_dose_rate,uSv/h,1.6935498738717215e-05,1.600126376900836,441,441,1.0,True,True,highest_radiation_equivalent_priority,radiation_priority
300,300,RADIATION,26,48,523340.920497467,5696904.290406497,0.0003492077597571311,0.0005371086274252358,False,0.3274405976517076,ground_equivalent_excess_gamma_dose_rate,uSv/h,1.7587116996800756e-05,2.26107702514138,441,441,1.0,False,False,lower_radiation_equivalent_priority,radiation_priority
300,300,RADIATION,27,46,523300.920497467,5696924.290406497,0.0015791466576755798,0.0005371086274252358,True,0.3071044424352863,ground_equivalent_excess_gamma_dose_rate,uSv/h,1.6494844555260895e-05,0.7661451528353271,441,441,1.0,True,False,lower_radiation_equivalent_priority,radiation_priority
300,300,RADIATION,27,47,523320.920497467,5696924.290406497,0.0013162993957840745,0.0005371086274252358,True,0.2991360814447829,ground_equivalent_excess_gamma_dose_rate,uSv/h,1.6066857011817088e-05,0.9273519281611053,441,441,1.0,True,False,lower_radiation_equivalent_priority,radiation_priority
300,300,RADIATION,27,48,523340.920497467,5696924.290406497,0.0006983448845040701,0.0005371086274252358,True,0.3079262228447937,ground_equivalent_excess_gamma_dose_rate,uSv/h,1.6538983090040445e-05,1.0656545965802904,441,441,1.0,True,False,lower_radiation_equivalent_priority,radiation_priority
301,301,RADIATION,25,45,523280.920497467,5696884.290406497,0.0,0.0005371086274252358,False,0.32921937946189195,ground_equivalent_excess_gamma_dose_rate,uSv/h,1.7682656902456467e-05,2.2568768716871235,441,441,1.0,False,False,lower_radiation_equivalent_priority,radiation_priority
301,301,RADIATION,25,46,523300.920497467,5696884.290406497,0.0,0.0005371086274252358,False,0.3488101143250838,ground_equivalent_excess_gamma_dose_rate,uSv/h,1.8734892173718533e-05,2.370635545938029,441,441,1.0,False,False,lower_radiation_equivalent_priority,radiation_priority
301,301,RADIATION,25,47,523320.920497467,5696884.290406497,0.0,0.0005371086274252358,False,0.36223939482384027,ground_equivalent_excess_gamma_dose_rate,uSv/h,1.9456190415318094e-05,2.2591928028434127,441,441,1.0,False,False,lower_radiation_equivalent_priority,radiation_priority
301,301,RADIATION,26,45,523280.920497467,5696904.290406497,0.0006139678757356817,0.0005371086274252358,True,0.3044246891711103,ground_equivalent_excess_gamma_dose_rate,uSv/h,1.635091269550491e-05,2.138654280619858,441,441,1.0,True,True,highest_radiation_equivalent_priority,radiation_priority
301,301,RADIATION,26,47,523320.920497467,5696904.290406497,0.0,0.0005371086274252358,False,0.3186114888205229,ground_equivalent_excess_gamma_dose_rate,uSv/h,1.7112897944230193e-05,2.2604880226225204,441,441,1.0,False,False,lower_radiation_equivalent_priority,radiation_priority
301,301,RADIATION,27,45,523280.920497467,5696924.290406497,0.0015667373664349107,0.0005371086274252358,True,0.2960967290116124,ground_equivalent_excess_gamma_dose_rate,uSv/h,1.590361077045291e-05,0.9541528962758488,441,441,1.0,True,False,lower_radiation_equivalent_priority,radiation_priority
301,301,RADIATION,27,46,523300.920497467,5696924.290406497,0.0009602086749286943,0.0005371086274252358,True,0.2908916454573219,ground_equivalent_excess_gamma_dose_rate,uSv/h,1.5624041242105046e-05,1.4150171700018024,441,441,1.0,True,False,lower_radiation_equivalent_priority,radiation_priority
301,301,RADIATION,27,47,523320.920497467,5696924.290406497,0.0006973614130371889,0.0005371086274252358,True,0.2972247106929889,ground_equivalent_excess_gamma_dose_rate,uSv/h,1.5964195639717407e-05,1.4130464924903245,441,441,1.0,True,False,lower_radiation_equivalent_priority,radiation_priority
302,302,RADIATION,25,44,523260.920497467,5696884.290406497,0.0,0.0005371086274252358,False,0.3119096693656026,ground_equivalent_excess_gamma_dose_rate,uSv/h,1.6752937439361795e-05,2.3432508479870586,441,441,1.0,False,False,lower_radiation_equivalent_priority,radiation_priority
302,302,RADIATION,25,45,523280.920497467,5696884.290406497,0.0,0.0005371086274252358,False,0.3259515497820706,ground_equivalent_excess_gamma_dose_rate,uSv/h,1.7507138951057637e-05,2.7986424564681025,441,441,1.0,False,False,lower_radiation_equivalent_priority,radiation_priority
302,302,RADIATION,25,46,523300.920497467,5696884.290406497,0.0,0.0005371086274252358,False,0.34800141289836517,ground_equivalent_excess_gamma_dose_rate,uSv/h,1.8691456122388365e-05,2.8001101485355617,441,441,1.0,False,False,lower_radiation_equivalent_priority,radiation_priority
302,302,RADIATION,26,44,523260.920497467,5696904.290406497,0.00033983607136860004,0.0005371086274252358,False,0.2924227812966615,ground_equivalent_excess_gamma_dose_rate,uSv/h,1.5706279869011977e-05,2.223282395175011,441,441,1.0,False,False,lower_radiation_equivalent_priority,radiation_priority
302,302,RADIATION,26,46,523300.920497467,5696904.290406497,0.0,0.0005371086274252358,False,0.30344466556770516,ground_equivalent_excess_gamma_dose_rate,uSv/h,1.6298274782257985e-05,2.8001101485355617,441,441,1.0,False,False,lower_radiation_equivalent_priority,radiation_priority
302,302,RADIATION,27,44,523260.920497467,5696924.290406497,0.0010132705293405418,0.0005371086274252358,True,0.28336046172643853,ground_equivalent_excess_gamma_dose_rate,uSv/h,1.5219534866446846e-05,0.9709844041658049,441,441,1.0,True,True,highest_radiation_equivalent_priority,radiation_priority
302,302,RADIATION,27,45,523280.920497467,5696924.290406497,0.0009527694906992291,0.0005371086274252358,True,0.28332770586360956,ground_equivalent_excess_gamma_dose_rate,uSv/h,1.5217775520794425e-05,1.6010542359308464,441,441,1.0,True,False,lower_radiation_equivalent_priority,radiation_priority
302,302,RADIATION,27,46,523300.920497467,5696924.290406497,0.00034624079919301265,0.0005371086274252358,False,0.2887096865327456,ground_equivalent_excess_gamma_dose_rate,uSv/h,1.550684634579731e-05,1.6378235062658235,441,441,1.0,False,False,lower_radiation_equivalent_priority,radiation_priority
303,303,RADIATION,26,43,523240.920497467,5696904.290406497,0.0003296597754348014,0.0005371086274252358,False,0.2835110706778347,ground_equivalent_excess_gamma_dose_rate,uSv/h,1.522762420316308e-05,1.6030475698825741,441,441,1.0,False,False,lower_radiation_equivalent_priority,radiation_priority
303,303,RADIATION,26,44,523260.920497467,5696904.290406497,0.0,0.0005371086274252358,False,0.2894744781162875,ground_equivalent_excess_gamma_dose_rate,uSv/h,1.5547923961567564e-05,2.336768123038594,441,441,1.0,False,False,lower_radiation_equivalent_priority,radiation_priority
303,303,RADIATION,26,45,523280.920497467,5696904.290406497,0.0,0.0005371086274252358,False,0.29628996692361537,ground_equivalent_excess_gamma_dose_rate,uSv/h,1.5913989745421157e-05,2.8176317964673867,441,441,1.0,False,False,lower_radiation_equivalent_priority,radiation_priority
303,303,RADIATION,27,43,523240.920497467,5696924.290406497,0.0006607011605001678,0.0005371086274252358,True,0.25821550853367625,ground_equivalent_excess_gamma_dose_rate,uSv/h,1.386897773684321e-05,0.9638744265591269,441,441,1.0,True,False,lower_radiation_equivalent_priority,radiation_priority
303,303,RADIATION,27,45,523280.920497467,5696924.290406497,0.000612933419330629,0.0005371086274252358,True,0.2798511366795481,ground_equivalent_excess_gamma_dose_rate,uSv/h,1.5031045990534413e-05,1.7221892074133587,441,441,1.0,True,True,highest_radiation_equivalent_priority,radiation_priority
303,303,RADIATION,28,43,523240.920497467,5696944.290406497,0.0009914677957065967,0.0005371086274252358,True,0.23277867489004478,ground_equivalent_excess_gamma_dose_rate,uSv/h,1.2502743456405715e-05,0.639999567685956,441,441,1.0,True,False,lower_radiation_equivalent_priority,radiation_priority
303,303,RADIATION,28,44,523260.920497467,5696944.290406497,0.0015505171974546806,0.0005371086274252358,True,0.23827628887184257,ground_equivalent_excess_gamma_dose_rate,uSv/h,1.2798025046393435e-05,0.850759774806334,441,441,1.0,True,False,lower_radiation_equivalent_priority,radiation_priority
303,303,RADIATION,28,45,523280.920497467,5696944.290406497,0.0015714514041100106,0.0005371086274252358,True,0.26267312583964847,ground_equivalent_excess_gamma_dose_rate,uSv/h,1.4108400208122983e-05,0.7671124764303221,441,441,1.0,True,False,lower_radiation_equivalent_priority,radiation_priority
304,304,RADIATION,26,44,523260.920497467,5696904.290406497,0.0,0.0005371086274252358,False,0.2873010430226598,ground_equivalent_excess_gamma_dose_rate,uSv/h,1.543118688757394e-05,2.4460903280057416,441,441,1.0,False,False,lower_radiation_equivalent_priority,radiation_priority
304,304,RADIATION,26,45,523280.920497467,5696904.290406497,0.0,0.0005371086274252358,False,0.29414322447061597,ground_equivalent_excess_gamma_dose_rate,uSv/h,1.5798686356184558e-05,2.9502711044791456,441,441,1.0,False,False,lower_radiation_equivalent_priority,radiation_priority
304,304,RADIATION,26,46,523300.920497467,5696904.290406497,0.0,0.0005371086274252358,False,0.30292416900604385,ground_equivalent_excess_gamma_dose_rate,uSv/h,1.6270318462876636e-05,2.948291136577611,441,441,1.0,False,False,lower_radiation_equivalent_priority,radiation_priority
304,304,RADIATION,27,44,523260.920497467,5696924.290406497,0.0,0.0005371086274252358,False,0.2552916121922119,ground_equivalent_excess_gamma_dose_rate,uSv/h,1.3711932741773453e-05,2.2649376679534803,441,441,1.0,False,False,lower_radiation_equivalent_priority,radiation_priority
304,304,RADIATION,27,46,523300.920497467,5696924.290406497,0.00034624079919301265,0.0005371086274252358,False,0.28533922700301606,ground_equivalent_excess_gamma_dose_rate,uSv/h,1.5325816056616772e-05,2.3757539763643214,441,441,1.0,False,False,lower_radiation_equivalent_priority,radiation_priority
304,304,RADIATION,28,44,523260.920497467,5696944.290406497,0.0009375837781240517,0.0005371086274252358,True,0.23942710625217367,ground_equivalent_excess_gamma_dose_rate,uSv/h,1.2859836440750108e-05,1.390280536226322,441,441,1.0,True,False,lower_radiation_equivalent_priority,radiation_priority
304,304,RADIATION,28,45,523280.920497467,5696944.290406497,0.0009585179847793816,0.0005371086274252358,True,0.24837911895021964,ground_equivalent_excess_gamma_dose_rate,uSv/h,1.3340656766044186e-05,1.4011235084666298,441,441,1.0,True,False,lower_radiation_equivalent_priority,radiation_priority
304,304,RADIATION,28,46,523300.920497467,5696944.290406497,0.0010404021930727014,0.0005371086274252358,True,0.2704756925609984,ground_equivalent_excess_gamma_dose_rate,uSv/h,1.452748279833279e-05,0.9879282539941786,441,441,1.0,True,True,highest_radiation_equivalent_priority,radiation_priority
305,305,RADIATION,27,45,523280.920497467,5696924.290406497,0.0,0.0005371086274252358,False,0.2669052195911025,ground_equivalent_excess_gamma_dose_rate,uSv/h,1.4335709614720824e-05,2.5876849984280605,441,441,1.0,False,False,lower_radiation_equivalent_priority,radiation_priority
305,305,RADIATION,27,46,523300.920497467,5696924.290406497,0.0,0.0005371086274252358,False,0.2811629746475515,ground_equivalent_excess_gamma_dose_rate,uSv/h,1.5101505939574278e-05,2.485076181331469,441,441,1.0,False,False,lower_radiation_equivalent_priority,radiation_priority
305,305,RADIATION,27,47,523320.920497467,5696924.290406497,0.0003492077597571311,0.0005371086274252358,False,0.2957326902295484,ground_equivalent_excess_gamma_dose_rate,uSv/h,1.5884057933396516e-05,1.7556644829150678,441,441,1.0,False,False,lower_radiation_equivalent_priority,radiation_priority
305,305,RADIATION,28,45,523280.920497467,5696944.290406497,0.000612277185586369,0.0005371086274252358,True,0.23892381009022892,ground_equivalent_excess_gamma_dose_rate,uSv/h,1.2832803969677057e-05,1.645607123683285,441,441,1.0,True,False,lower_radiation_equivalent_priority,radiation_priority
305,305,RADIATION,28,47,523320.920497467,5696944.290406497,0.0006971611449015875,0.0005371086274252358,True,0.2592630637893612,ground_equivalent_excess_gamma_dose_rate,uSv/h,1.3925242833396515e-05,1.0020905880475786,441,441,1.0,True,True,highest_radiation_equivalent_priority,radiation_priority
305,305,RADIATION,29,45,523280.920497467,5696964.290406497,0.0015593750794735295,0.0005371086274252358,True,0.2311680754032599,ground_equivalent_excess_gamma_dose_rate,uSv/h,1.2416236768437834e-05,0.7493136449453711,441,441,1.0,True,False,lower_radiation_equivalent_priority,radiation_priority
305,305,RADIATION,29,46,523300.920497467,5696964.290406497,0.0013062287905767933,0.0005371086274252358,True,0.2238876504313828,ground_equivalent_excess_gamma_dose_rate,uSv/h,1.2025198862066102e-05,0.8507922999027714,441,441,1.0,True,False,lower_radiation_equivalent_priority,radiation_priority
305,305,RADIATION,29,47,523320.920497467,5696964.290406497,0.001045090185802478,0.0005371086274252358,True,0.22129996380327435,ground_equivalent_excess_gamma_dose_rate,uSv/h,1.1886211980763105e-05,0.6657300953107743,441,441,1.0,True,False,lower_radiation_equivalent_priority,radiation_priority
306,306,RADIATION,27,46,523300.920497467,5696924.290406497,0.0,0.0005371086274252358,False,0.27791136726265236,ground_equivalent_excess_gamma_dose_rate,uSv/h,1.4926859301631382e-05,2.5028752155831033,441,441,1.0,False,False,lower_radiation_equivalent_priority,radiation_priority
306,306,RADIATION,27,47,523320.920497467,5696924.290406497,0.0003492077597571311,0.0005371086274252358,False,0.28872516361512374,ground_equivalent_excess_gamma_dose_rate,uSv/h,1.5507677633244573e-05,1.864986687882215,441,441,1.0,False,False,lower_radiation_equivalent_priority,radiation_priority
306,306,RADIATION,27,48,523340.920497467,5696924.290406497,0.0003492077597571311,0.0005371086274252358,False,0.306417910491725,ground_equivalent_excess_gamma_dose_rate,uSv/h,1.6457970332271918e-05,1.1342966203700053,441,441,1.0,False,False,lower_radiation_equivalent_priority,radiation_priority
306,306,RADIATION,28,46,523300.920497467,5696944.290406497,0.0,0.0005371086274252358,False,0.23685168419563155,ground_equivalent_excess_gamma_dose_rate,uSv/h,1.2721508300167106e-05,1.7418477316711036,441,441,1.0,False,False,lower_radiation_equivalent_priority,radiation_priority
306,306,RADIATION,28,48,523340.920497467,5696944.290406497,0.0010476199585488042,0.0005371086274252358,True,0.2653002137855464,ground_equivalent_excess_gamma_dose_rate,uSv/h,1.4249503368197644e-05,0.9840492395168784,441,441,1.0,True,True,highest_radiation_equivalent_priority,radiation_priority
306,306,RADIATION,29,46,523300.920497467,5696964.290406497,0.0009582047704221447,0.0005371086274252358,True,0.224102834738192,ground_equivalent_excess_gamma_dose_rate,uSv/h,1.2036756596833476e-05,1.2888981551067742,441,441,1.0,True,False,lower_radiation_equivalent_priority,radiation_priority
306,306,RADIATION,29,47,523320.920497467,5696964.290406497,0.0006970661656478295,0.0005371086274252358,True,0.22495156590308155,ground_equivalent_excess_gamma_dose_rate,uSv/h,1.208234267993616e-05,1.2888981551067742,441,441,1.0,True,False,lower_radiation_equivalent_priority,radiation_priority
306,306,RADIATION,29,48,523340.920497467,5696964.290406497,0.0010474927047918851,0.0005371086274252358,True,0.2256920436607609,ground_equivalent_excess_gamma_dose_rate,uSv/h,1.2122114379142768e-05,0.7604002877252596,441,441,1.0,True,False,lower_radiation_equivalent_priority,radiation_priority
307,307,RADIATION,27,47,523320.920497467,5696924.290406497,0.0,0.0005371086274252358,False,0.28349144127688825,ground_equivalent_excess_gamma_dose_rate,uSv/h,1.5226569891103127e-05,1.8827857221338495,441,441,1.0,False,False,lower_radiation_equivalent_priority,radiation_priority
307,307,RADIATION,27,48,523340.920497467,5696924.290406497,0.0,0.0005371086274252358,False,0.2991083698447414,ground_equivalent_excess_gamma_dose_rate,uSv/h,1.6065368597870884e-05,1.552563671317901,441,441,1.0,False,False,lower_radiation_equivalent_priority,radiation_priority
307,307,RADIATION,27,49,523360.920497467,5696924.290406497,0.0,0.0005371086274252358,False,0.3050505061670621,ground_equivalent_excess_gamma_dose_rate,uSv/h,1.6384525866276415e-05,1.6209653258357988,441,441,1.0,False,False,lower_radiation_equivalent_priority,radiation_priority
307,307,RADIATION,28,47,523320.920497467,5696944.290406497,0.0,0.0005371086274252358,False,0.2328478915675722,ground_equivalent_excess_gamma_dose_rate,uSv/h,1.2506461143871883e-05,1.8835359764971376,441,441,1.0,False,False,lower_radiation_equivalent_priority,radiation_priority
307,307,RADIATION,28,49,523360.920497467,5696944.290406497,0.0006981688378271036,0.0005371086274252358,True,0.27574040874144456,ground_equivalent_excess_gamma_dose_rate,uSv/h,1.481025524647908e-05,0.9830669937938938,441,441,1.0,True,True,highest_radiation_equivalent_priority,radiation_priority
307,307,RADIATION,29,47,523320.920497467,5696964.290406497,0.00034797902054089954,0.0005371086274252358,False,0.22685959391395316,ground_equivalent_excess_gamma_dose_rate,uSv/h,1.2184824510536976e-05,1.4453408780889299,441,441,1.0,False,False,lower_radiation_equivalent_priority,radiation_priority
307,307,RADIATION,29,48,523340.920497467,5696964.290406497,0.0006984055596849551,0.0005371086274252358,True,0.2286660179306196,ground_equivalent_excess_gamma_dose_rate,uSv/h,1.2281849102950946e-05,1.3835683475212595,441,441,1.0,True,False,lower_radiation_equivalent_priority,radiation_priority
307,307,RADIATION,29,49,523360.920497467,5696964.290406497,0.0010475664059366179,0.0005371086274252358,True,0.22918780221289825,ground_equivalent_excess_gamma_dose_rate,uSv/h,1.230987458691762e-05,0.7604002877252596,441,441,1.0,True,False,lower_radiation_equivalent_priority,radiation_priority
308,308,RADIATION,27,48,523340.920497467,5696924.290406497,0.0,0.0005371086274252358,False,0.29342355394279757,ground_equivalent_excess_gamma_dose_rate,uSv/h,1.5760032231245062e-05,1.6559312586814445,441,441,1.0,False,False,lower_radiation_equivalent_priority,radiation_priority
308,308,RADIATION,27,49,523360.920497467,5696924.290406497,0.0,0.0005371086274252358,False,0.300210080766016,ground_equivalent_excess_gamma_dose_rate,uSv/h,1.6124542441945406e-05,1.7344510536993816,441,441,1.0,False,False,lower_radiation_equivalent_priority,radiation_priority
308,308,RADIATION,27,50,523380.920497467,5696924.290406497,0.0,0.0005371086274252358,False,0.30200269545642183,ground_equivalent_excess_gamma_dose_rate,uSv/h,1.622082532353202e-05,1.7416457180711291,441,441,1.0,False,False,lower_radiation_equivalent_priority,radiation_priority
308,308,RADIATION,28,48,523340.920497467,5696944.290406497,0.0,0.0005371086274252358,False,0.2358990710180464,ground_equivalent_excess_gamma_dose_rate,uSv/h,1.2670342624539113e-05,1.8962907550515498,441,441,1.0,False,False,lower_radiation_equivalent_priority,radiation_priority
308,308,RADIATION,28,50,523380.920497467,5696944.290406497,0.0006966491409911399,0.0005371086274252358,True,0.2759582153079677,ground_equivalent_excess_gamma_dose_rate,uSv/h,1.4821953825078024e-05,1.015985222737657,441,441,1.0,True,True,highest_radiation_equivalent_priority,radiation_priority
308,308,RADIATION,29,48,523340.920497467,5696964.290406497,0.0003490691850091861,0.0005371086274252358,False,0.22974978167763674,ground_equivalent_excess_gamma_dose_rate,uSv/h,1.2340058988812306e-05,1.4850279699663687,441,441,1.0,False,False,lower_radiation_equivalent_priority,radiation_priority
308,308,RADIATION,29,49,523360.920497467,5696964.290406497,0.0006982300312608487,0.0005371086274252358,True,0.23079093819708088,ground_equivalent_excess_gamma_dose_rate,uSv/h,1.2395980403721654e-05,1.3835683475212595,441,441,1.0,True,False,lower_radiation_equivalent_priority,radiation_priority
308,308,RADIATION,29,50,523380.920497467,5696964.290406497,0.0010456530189944468,0.0005371086274252358,True,0.23107220867321765,ground_equivalent_excess_gamma_dose_rate,uSv/h,1.2411087683658959e-05,0.7604002877252596,441,441,1.0,True,False,lower_radiation_equivalent_priority,radiation_priority
309,309,RADIATION,27,49,523360.920497467,5696924.290406497,0.0,0.0005371086274252358,False,0.29612206394920465,ground_equivalent_excess_gamma_dose_rate,uSv/h,1.590497153180852e-05,1.8437732586665287,441,441,1.0,False,False,lower_radiation_equivalent_priority,radiation_priority
309,309,RADIATION,27,50,523380.920497467,5696924.290406497,0.0,0.0005371086274252358,False,0.2967395659864619,ground_equivalent_excess_gamma_dose_rate,uSv/h,1.593813809897487e-05,1.8647755689756047,441,441,1.0,False,False,lower_radiation_equivalent_priority,radiation_priority
309,309,RADIATION,27,51,523400.920497467,5696924.290406497,0.0006178248200175368,0.0005371086274252358,True,0.29707226205305465,ground_equivalent_excess_gamma_dose_rate,uSv/h,1.5956007491742616e-05,1.6431107504391658,441,441,1.0,True,True,highest_radiation_equivalent_priority,radiation_priority
309,309,RADIATION,28,49,523360.920497467,5696944.290406497,0.0,0.0005371086274252358,False,0.24050950731064352,ground_equivalent_excess_gamma_dose_rate,uSv/h,1.2917973135433946e-05,1.9001847530297509,441,441,1.0,False,False,lower_radiation_equivalent_priority,radiation_priority
309,309,RADIATION,28,51,523400.920497467,5696944.290406497,0.0009660451735135383,0.0005371086274252358,True,0.26586580298807316,ground_equivalent_excess_gamma_dose_rate,uSv/h,1.4279881652223213e-05,1.015985222737657,441,441,1.0,True,False,lower_radiation_equivalent_priority,radiation_priority
309,309,RADIATION,29,49,523360.920497467,5696964.290406497,0.00034933920176102146,0.0005371086274252358,False,0.23100384958806458,ground_equivalent_excess_gamma_dose_rate,uSv/h,1.24074160582191e-05,1.4850279699663687,441,441,1.0,False,False,lower_radiation_equivalent_priority,radiation_priority
309,309,RADIATION,29,50,523380.920497467,5696964.290406497,0.0006967621894946197,0.0005371086274252358,True,0.23123507310449998,ground_equivalent_excess_gamma_dose_rate,uSv/h,1.2419835272773203e-05,1.3835683475212595,441,441,1.0,True,False,lower_radiation_equivalent_priority,radiation_priority
309,309,RADIATION,29,51,523400.920497467,5696964.290406497,0.0010420454275821044,0.0005371086274252358,True,0.2312636476961656,ground_equivalent_excess_gamma_dose_rate,uSv/h,1.242137003874408e-05,0.7604002877252596,441,441,1.0,True,False,lower_radiation_equivalent_priority,radiation_priority
310,310,RADIATION,26,50,523380.920497467,5696904.290406497,0.0,0.0005371086274252358,False,0.3248098693562674,ground_equivalent_excess_gamma_dose_rate,uSv/h,1.7445818310411494e-05,2.9131716002451706,441,441,1.0,False,False,lower_radiation_equivalent_priority,radiation_priority
310,310,RADIATION,26,51,523400.920497467,5696904.290406497,0.0,0.0005371086274252358,False,0.3166324838734686,ground_equivalent_excess_gamma_dose_rate,uSv/h,1.7006603881152182e-05,2.5127498436151954,441,441,1.0,False,False,lower_radiation_equivalent_priority,radiation_priority
310,310,RADIATION,26,52,523420.920497467,5696904.290406497,0.0006136008898893493,0.0005371086274252358,True,0.30077415857079204,ground_equivalent_excess_gamma_dose_rate,uSv/h,1.6154839547493833e-05,1.4636115835619583,441,441,1.0,True,True,highest_radiation_equivalent_priority,radiation_priority
310,310,RADIATION,27,50,523380.920497467,5696924.290406497,0.0,0.0005371086274252358,False,0.29421731200339973,ground_equivalent_excess_gamma_dose_rate,uSv/h,1.5802665661488836e-05,2.2779975882842645,441,441,1.0,False,False,lower_radiation_equivalent_priority,radiation_priority
310,310,RADIATION,27,52,523420.920497467,5696924.290406497,0.0009621483924321731,0.0005371086274252358,True,0.2804261351493082,ground_equivalent_excess_gamma_dose_rate,uSv/h,1.506192965442086e-05,1.4582065592285653,441,441,1.0,True,False,lower_radiation_equivalent_priority,radiation_priority
310,310,RADIATION,28,50,523380.920497467,5696944.290406497,0.0,0.0005371086274252358,False,0.25183961606703664,ground_equivalent_excess_gamma_dose_rate,uSv/h,1.3526523051706441e-05,1.8554774643352188,441,441,1.0,False,False,lower_radiation_equivalent_priority,radiation_priority
310,310,RADIATION,28,51,523400.920497467,5696944.290406497,0.0009660451735135383,0.0005371086274252358,True,0.2617721486125759,ground_equivalent_excess_gamma_dose_rate,uSv/h,1.4060007943945551e-05,1.6273930142642146,441,441,1.0,True,False,lower_radiation_equivalent_priority,radiation_priority
310,310,RADIATION,28,52,523420.920497467,5696944.290406497,0.001579135107528051,0.0005371086274252358,True,0.26550176904912387,ground_equivalent_excess_gamma_dose_rate,uSv/h,1.4260329075294689e-05,0.8886802392952671,441,441,1.0,True,False,lower_radiation_equivalent_priority,radiation_priority
311,311,RADIATION,25,51,523400.920497467,5696884.290406497,0.0,0.0005371086274252358,False,0.37450768800856865,ground_equivalent_excess_gamma_dose_rate,uSv/h,2.0115131026648075e-05,2.4899934878281185,441,441,1.0,False,False,lower_radiation_equivalent_priority,radiation_priority
311,311,RADIATION,25,52,523420.920497467,5696884.290406497,0.0,0.0005371086274252358,False,0.36286903776301843,ground_equivalent_excess_gamma_dose_rate,uSv/h,1.949000908080109e-05,1.6554000098681954,441,441,1.0,False,False,lower_radiation_equivalent_priority,radiation_priority
311,311,RADIATION,25,53,523440.920497467,5696884.290406497,0.0,0.0005371086274252358,False,0.31480043787587797,ground_equivalent_excess_gamma_dose_rate,uSv/h,1.6908203110037603e-05,0.7946108303384272,441,441,1.0,False,False,lower_radiation_equivalent_priority,radiation_priority
311,311,RADIATION,26,51,523400.920497467,5696904.290406497,0.0,0.0005371086274252358,False,0.3156084117674217,ground_equivalent_excess_gamma_dose_rate,uSv/h,1.6951600084825852e-05,2.639747999326565,441,441,1.0,False,False,lower_radiation_equivalent_priority,radiation_priority
311,311,RADIATION,26,53,523440.920497467,5696904.290406497,0.0009532554219424622,0.0005371086274252358,True,0.29249402687582726,ground_equivalent_excess_gamma_dose_rate,uSv/h,1.5710106530535563e-05,1.020782207240122,441,441,1.0,True,True,highest_radiation_equivalent_priority,radiation_priority
311,311,RADIATION,27,51,523400.920497467,5696924.290406497,0.0,0.0005371086274252358,False,0.2867976901147108,ground_equivalent_excess_gamma_dose_rate,uSv/h,1.5404151368624043e-05,2.4152769169320574,441,441,1.0,False,False,lower_radiation_equivalent_priority,radiation_priority
311,311,RADIATION,27,52,523420.920497467,5696924.290406497,0.0009621483924321731,0.0005371086274252358,True,0.2884559724257292,ground_equivalent_excess_gamma_dose_rate,uSv/h,1.5493219142219506e-05,2.081374619024565,441,441,1.0,True,False,lower_radiation_equivalent_priority,radiation_priority
311,311,RADIATION,27,53,523440.920497467,5696924.290406497,0.0013001682697405053,0.0005371086274252358,True,0.2919638915210604,ground_equivalent_excess_gamma_dose_rate,uSv/h,1.568163250326072e-05,0.8760336022161579,441,441,1.0,True,False,lower_radiation_equivalent_priority,radiation_priority
312,312,RADIATION,25,52,523420.920497467,5696884.290406497,0.0,0.0005371086274252358,False,0.360597865068825,ground_equivalent_excess_gamma_dose_rate,uSv/h,1.9368022435958698e-05,1.758767597231739,441,441,1.0,False,False,lower_radiation_equivalent_priority,radiation_priority
312,312,RADIATION,25,53,523440.920497467,5696884.290406497,0.0,0.0005371086274252358,False,0.3020488553003402,ground_equivalent_excess_gamma_dose_rate,uSv/h,1.6223304608572937e-05,1.4294976681835259,441,441,1.0,False,False,lower_radiation_equivalent_priority,radiation_priority
312,312,RADIATION,25,54,523460.920497467,5696884.290406497,0.0,0.0005371086274252358,False,0.28543791336643853,ground_equivalent_excess_gamma_dose_rate,uSv/h,1.5331116586337114e-05,0.774699740433475,441,441,1.0,False,False,lower_radiation_equivalent_priority,radiation_priority
312,312,RADIATION,26,52,523420.920497467,5696904.290406497,0.0,0.0005371086274252358,False,0.2966251467886457,ground_equivalent_excess_gamma_dose_rate,uSv/h,1.593199254514586e-05,2.3088372832065853,441,441,1.0,False,False,lower_radiation_equivalent_priority,radiation_priority
312,312,RADIATION,26,54,523460.920497467,5696904.290406497,0.0009460632678244154,0.0005371086274252358,True,0.28543791336643853,ground_equivalent_excess_gamma_dose_rate,uSv/h,1.5331116586337114e-05,0.9585123796142607,441,441,1.0,True,False,lower_radiation_equivalent_priority,radiation_priority
312,312,RADIATION,27,52,523420.920497467,5696924.290406497,0.0006181925806185234,0.0005371086274252358,True,0.28672553448328514,ground_equivalent_excess_gamma_dose_rate,uSv/h,1.540027582740844e-05,2.1828342414696746,441,441,1.0,True,False,lower_radiation_equivalent_priority,radiation_priority
312,312,RADIATION,27,53,523440.920497467,5696924.290406497,0.0009562124579268554,0.0005371086274252358,True,0.28673747880816386,ground_equivalent_excess_gamma_dose_rate,uSv/h,1.5400917367402553e-05,1.4992016620121578,441,441,1.0,True,True,highest_radiation_equivalent_priority,radiation_priority
312,312,RADIATION,27,54,523460.920497467,5696924.290406497,0.0012909168804844124,0.0005371086274252358,True,0.28543791336643853,ground_equivalent_excess_gamma_dose_rate,uSv/h,1.5331116586337114e-05,0.7604002877252596,441,441,1.0,True,False,lower_radiation_equivalent_priority,radiation_priority
313,313,RADIATION,26,52,523420.920497467,5696904.290406497,0.0,0.0005371086274252358,False,0.2961608968580565,ground_equivalent_excess_gamma_dose_rate,uSv/h,1.590705728084576e-05,2.3808177006808866,441,441,1.0,False,False,lower_radiation_equivalent_priority,radiation_priority
313,313,RADIATION,26,53,523440.920497467,5696904.290406497,0.0,0.0005371086274252358,False,0.2858216706382118,ground_equivalent_excess_gamma_dose_rate,uSv/h,1.5351728520487774e-05,2.213270350089556,441,441,1.0,False,False,lower_radiation_equivalent_priority,radiation_priority
313,313,RADIATION,26,54,523460.920497467,5696904.290406497,0.000604484023684942,0.0005371086274252358,True,0.28094661518460007,ground_equivalent_excess_gamma_dose_rate,uSv/h,1.5089885086156646e-05,1.424057076789725,441,441,1.0,True,False,lower_radiation_equivalent_priority,radiation_priority
313,313,RADIATION,27,52,523420.920497467,5696924.290406497,0.0006181925806185234,0.0005371086274252358,True,0.28237998468039843,ground_equivalent_excess_gamma_dose_rate,uSv/h,1.516687259840479e-05,2.286201828833218,441,441,1.0,True,True,highest_radiation_equivalent_priority,radiation_priority
313,313,RADIATION,27,54,523460.920497467,5696924.290406497,0.000949337636344939,0.0005371086274252358,True,0.26911723219526507,ground_equivalent_excess_gamma_dose_rate,uSv/h,1.445451872008773e-05,1.4194667136678363,441,441,1.0,True,False,lower_radiation_equivalent_priority,radiation_priority
313,313,RADIATION,28,52,523420.920497467,5696944.290406497,0.0009645018937406691,0.0005371086274252358,True,0.2646145712310207,ground_equivalent_excess_gamma_dose_rate,uSv/h,1.4212676915061083e-05,1.110350998515701,441,441,1.0,True,False,lower_radiation_equivalent_priority,radiation_priority
313,313,RADIATION,28,53,523440.920497467,5696944.290406497,0.0015729612824201874,0.0005371086274252358,True,0.26063856764127835,ground_equivalent_excess_gamma_dose_rate,uSv/h,1.399912233198865e-05,1.013476944920499,441,441,1.0,True,False,lower_radiation_equivalent_priority,radiation_priority
313,313,RADIATION,28,54,523460.920497467,5696944.290406497,0.0015603297075000556,0.0005371086274252358,True,0.2560230727964608,ground_equivalent_excess_gamma_dose_rate,uSv/h,1.375122012188983e-05,0.7730469248043688,441,441,1.0,True,False,lower_radiation_equivalent_priority,radiation_priority
314,314,RADIATION,26,51,523400.920497467,5696904.290406497,0.0,0.0005371086274252358,False,0.31518685798775675,ground_equivalent_excess_gamma_dose_rate,uSv/h,1.6928958067627675e-05,2.924258638243426,441,441,1.0,False,False,lower_radiation_equivalent_priority,radiation_priority
314,314,RADIATION,26,52,523420.920497467,5696904.290406497,0.0,0.0005371086274252358,False,0.29384521359490623,ground_equivalent_excess_gamma_dose_rate,uSv/h,1.5782679934943532e-05,2.946721955067807,441,441,1.0,False,False,lower_radiation_equivalent_priority,radiation_priority
314,314,RADIATION,26,53,523440.920497467,5696904.290406497,0.0,0.0005371086274252358,False,0.28378809532349003,ground_equivalent_excess_gamma_dose_rate,uSv/h,1.524250343588217e-05,2.7931549257998327,441,441,1.0,False,False,lower_radiation_equivalent_priority,radiation_priority
314,314,RADIATION,27,51,523400.920497467,5696924.290406497,0.0,0.0005371086274252358,False,0.2855243829764095,ground_equivalent_excess_gamma_dose_rate,uSv/h,1.5335760943689666e-05,2.921088666678317,441,441,1.0,False,False,lower_radiation_equivalent_priority,radiation_priority
314,314,RADIATION,27,53,523440.920497467,5696924.290406497,0.0,0.0005371086274252358,False,0.2712435480841712,ground_equivalent_excess_gamma_dose_rate,uSv/h,1.4568724980944015e-05,2.7931549257998327,441,441,1.0,False,False,lower_radiation_equivalent_priority,radiation_priority
314,314,RADIATION,28,51,523400.920497467,5696944.290406497,0.00034785259289501493,0.0005371086274252358,False,0.26112094757921334,ground_equivalent_excess_gamma_dose_rate,uSv/h,1.402503137462482e-05,1.74568414459928,441,441,1.0,False,False,lower_radiation_equivalent_priority,radiation_priority
314,314,RADIATION,28,52,523420.920497467,5696944.290406497,0.0003463093131221458,0.0005371086274252358,False,0.2612096781085969,ground_equivalent_excess_gamma_dose_rate,uSv/h,1.4029797167909615e-05,1.7335190583117008,441,441,1.0,False,False,lower_radiation_equivalent_priority,radiation_priority
314,314,RADIATION,28,53,523440.920497467,5696944.290406497,0.0009547687018016641,0.0005371086274252358,True,0.25886403586920614,ground_equivalent_excess_gamma_dose_rate,uSv/h,1.3903810699546633e-05,1.6130935615559991,441,441,1.0,True,True,highest_radiation_equivalent_priority,radiation_priority
315,315,RADIATION,27,52,523420.920497467,5696924.290406497,0.0,0.0005371086274252358,False,0.2763613523925534,ground_equivalent_excess_gamma_dose_rate,uSv/h,1.4843606665694626e-05,3.0005808979603708,441,441,1.0,False,False,lower_radiation_equivalent_priority,radiation_priority
315,315,RADIATION,27,53,523440.920497467,5696924.290406497,0.0,0.0005371086274252358,False,0.26938726595076845,ground_equivalent_excess_gamma_dose_rate,uSv/h,1.446902246606542e-05,2.917704053053156,441,441,1.0,False,False,lower_radiation_equivalent_priority,radiation_priority
315,315,RADIATION,27,54,523460.920497467,5696924.290406497,0.0003389053193951466,0.0005371086274252358,False,0.2649659235152128,ground_equivalent_excess_gamma_dose_rate,uSv/h,1.4231548349371596e-05,1.6956680648362716,441,441,1.0,False,False,lower_radiation_equivalent_priority,radiation_priority
315,315,RADIATION,28,52,523420.920497467,5696944.290406497,0.0003463093131221458,0.0005371086274252358,False,0.2589172180650314,ground_equivalent_excess_gamma_dose_rate,uSv/h,1.3906667161166946e-05,2.247980399401098,441,441,1.0,False,False,lower_radiation_equivalent_priority,radiation_priority
315,315,RADIATION,28,54,523460.920497467,5696944.290406497,0.0009498973905502632,0.0005371086274252358,True,0.2415120727872764,ground_equivalent_excess_gamma_dose_rate,uSv/h,1.2971821792139767e-05,1.5456122988172076,441,441,1.0,True,False,lower_radiation_equivalent_priority,radiation_priority
315,315,RADIATION,29,52,523420.920497467,5696964.290406497,0.001040511350432153,0.0005371086274252358,True,0.24271128376470497,ground_equivalent_excess_gamma_dose_rate,uSv/h,1.303623244834776e-05,0.8526932738307396,441,441,1.0,True,True,highest_radiation_equivalent_priority,radiation_priority
315,315,RADIATION,29,53,523440.920497467,5696964.290406497,0.0013014048104955053,0.0005371086274252358,True,0.23055052115249527,ground_equivalent_excess_gamma_dose_rate,uSv/h,1.2383067396838952e-05,0.9817962961749204,441,441,1.0,True,False,lower_radiation_equivalent_priority,radiation_priority
315,315,RADIATION,29,54,523460.920497467,5696964.290406497,0.001558749677561034,0.0005371086274252358,True,0.22672653885632008,ground_equivalent_excess_gamma_dose_rate,uSv/h,1.2177678008599248e-05,0.7730469248043688,441,441,1.0,True,False,lower_radiation_equivalent_priority,radiation_priority
316,316,RADIATION,28,51,523400.920497467,5696944.290406497,0.0,0.0005371086274252358,False,0.25661653101751525,ground_equivalent_excess_gamma_dose_rate,uSv/h,1.3783095274944306e-05,1.9462088506423916,441,441,1.0,False,False,lower_radiation_equivalent_priority,radiation_priority
316,316,RADIATION,28,52,523420.920497467,5696944.290406497,0.0,0.0005371086274252358,False,0.2557101760985127,ground_equivalent_excess_gamma_dose_rate,uSv/h,1.3734414170293748e-05,2.361466127264681,441,441,1.0,False,False,lower_radiation_equivalent_priority,radiation_priority
316,316,RADIATION,28,53,523440.920497467,5696944.290406497,0.0,0.0005371086274252358,False,0.2462010085078257,ground_equivalent_excess_gamma_dose_rate,uSv/h,1.3223668575034706e-05,2.3710043476587495,441,441,1.0,False,False,lower_radiation_equivalent_priority,radiation_priority
316,316,RADIATION,29,51,523400.920497467,5696964.290406497,0.0003478835215649436,0.0005371086274252358,False,0.2316202439729879,ground_equivalent_excess_gamma_dose_rate,uSv/h,1.2440523132422978e-05,1.077373374629389,441,441,1.0,False,False,lower_radiation_equivalent_priority,radiation_priority
316,316,RADIATION,29,53,523440.920497467,5696964.290406497,0.0009550954973733596,0.0005371086274252358,True,0.22348624956919952,ground_equivalent_excess_gamma_dose_rate,uSv/h,1.2003639275452646e-05,1.5117596997733163,441,441,1.0,True,True,highest_radiation_equivalent_priority,radiation_priority
316,316,RADIATION,30,51,523400.920497467,5696984.290406497,0.0010446457110595661,0.0005371086274252358,True,0.21812442350269753,ground_equivalent_excess_gamma_dose_rate,uSv/h,1.1715650971545471e-05,0.6588283233417328,441,441,1.0,True,False,lower_radiation_equivalent_priority,radiation_priority
316,316,RADIATION,30,52,523420.920497467,5696984.290406497,0.0010385762275413979,0.0005371086274252358,True,0.20459832484060037,ground_equivalent_excess_gamma_dose_rate,uSv/h,1.098915254286374e-05,0.850759774806334,441,441,1.0,True,False,lower_radiation_equivalent_priority,radiation_priority
316,316,RADIATION,30,53,523440.920497467,5696984.290406497,0.0010307706072905974,0.0005371086274252358,True,0.21160991449601693,ground_equivalent_excess_gamma_dose_rate,uSv/h,1.1365751072452716e-05,0.750280968540366,441,441,1.0,True,False,lower_radiation_equivalent_priority,radiation_priority
317,317,RADIATION,28,52,523420.920497467,5696944.290406497,0.0,0.0005371086274252358,False,0.2551883344740856,ground_equivalent_excess_gamma_dose_rate,uSv/h,1.370638560643081e-05,2.4707883322318285,441,441,1.0,False,False,lower_radiation_equivalent_priority,radiation_priority
317,317,RADIATION,28,53,523440.920497467,5696944.290406497,0.0,0.0005371086274252358,False,0.24407399098772842,ground_equivalent_excess_gamma_dose_rate,uSv/h,1.3109424628961817e-05,2.492490413897387,441,441,1.0,False,False,lower_radiation_equivalent_priority,radiation_priority
317,317,RADIATION,28,54,523460.920497467,5696944.290406497,0.00033918528603120836,0.0005371086274252358,False,0.23810907142041962,ground_equivalent_excess_gamma_dose_rate,uSv/h,1.27890436528119e-05,1.6790091165857426,441,441,1.0,False,False,lower_radiation_equivalent_priority,radiation_priority
317,317,RADIATION,29,52,523420.920497467,5696964.290406497,0.0,0.0005371086274252358,False,0.2168230244980113,ground_equivalent_excess_gamma_dose_rate,uSv/h,1.1645751708231514e-05,2.146646537618415,441,441,1.0,False,False,lower_radiation_equivalent_priority,radiation_priority
317,317,RADIATION,29,54,523460.920497467,5696964.290406497,0.0009480375730419792,0.0005371086274252358,True,0.2129973026683731,ground_equivalent_excess_gamma_dose_rate,uSv/h,1.144026888814874e-05,1.5477466652378438,441,441,1.0,True,True,highest_radiation_equivalent_priority,radiation_priority
317,317,RADIATION,30,52,523420.920497467,5696984.290406497,0.000694192834687093,0.0005371086274252358,True,0.20250554380948266,ground_equivalent_excess_gamma_dose_rate,uSv/h,1.0876747468151218e-05,1.3734490283363658,441,441,1.0,True,False,lower_radiation_equivalent_priority,radiation_priority
317,317,RADIATION,30,53,523440.920497467,5696984.290406497,0.0006863872144362926,0.0005371086274252358,True,0.2016627316452595,ground_equivalent_excess_gamma_dose_rate,uSv/h,1.08314792996809e-05,1.3788466276245195,441,441,1.0,True,False,lower_radiation_equivalent_priority,radiation_priority
317,317,RADIATION,30,54,523460.920497467,5696984.290406497,0.0010234578299766742,0.0005371086274252358,True,0.2015591178248723,ground_equivalent_excess_gamma_dose_rate,uSv/h,1.0825914111995854e-05,0.867717117218854,441,441,1.0,True,False,lower_radiation_equivalent_priority,radiation_priority
318,318,RADIATION,28,53,523440.920497467,5696944.290406497,0.0,0.0005371086274252358,False,0.24371128432439626,ground_equivalent_excess_gamma_dose_rate,uSv/h,1.3089943341151785e-05,2.518664002486168,441,441,1.0,False,False,lower_radiation_equivalent_priority,radiation_priority
318,318,RADIATION,28,54,523460.920497467,5696944.290406497,0.00033918528603120836,0.0005371086274252358,False,0.23537363566575362,ground_equivalent_excess_gamma_dose_rate,uSv/h,1.2642121038452044e-05,2.1826335030829425,441,441,1.0,False,False,lower_radiation_equivalent_priority,radiation_priority
318,318,RADIATION,28,55,523480.920497467,5696944.290406497,0.0010143623629957456,0.0005371086274252358,True,0.22371354633687307,ground_equivalent_excess_gamma_dose_rate,uSv/h,1.2015847580942978e-05,0.9070274441595139,441,441,1.0,True,True,highest_radiation_equivalent_priority,radiation_priority
318,318,RADIATION,29,53,523440.920497467,5696964.290406497,0.0,0.0005371086274252358,False,0.21127894993897323,ground_equivalent_excess_gamma_dose_rate,uSv/h,1.1347974680556701e-05,2.454395399618399,441,441,1.0,False,False,lower_radiation_equivalent_priority,radiation_priority
318,318,RADIATION,29,55,523480.920497467,5696964.290406497,0.0012793904079851377,0.0005371086274252358,True,0.19872974012843878,ground_equivalent_excess_gamma_dose_rate,uSv/h,1.0673945794895954e-05,1.020293363832271,441,441,1.0,True,False,lower_radiation_equivalent_priority,radiation_priority
318,318,RADIATION,30,53,523440.920497467,5696984.290406497,0.0003443363848518762,0.0005371086274252358,False,0.20109170997166614,ground_equivalent_excess_gamma_dose_rate,uSv/h,1.080080923294752e-05,1.5768819226009405,441,441,1.0,False,False,lower_radiation_equivalent_priority,radiation_priority
318,318,RADIATION,30,54,523460.920497467,5696984.290406497,0.0006814070003922578,0.0005371086274252358,True,0.1981327785164872,ground_equivalent_excess_gamma_dose_rate,uSv/h,1.064188247169387e-05,1.490885177014854,441,441,1.0,True,False,lower_radiation_equivalent_priority,radiation_priority
318,318,RADIATION,30,55,523480.920497467,5696984.290406497,0.0012796614380662227,0.0005371086274252358,True,0.1947471306271597,ground_equivalent_excess_gamma_dose_rate,uSv/h,1.0460036402615685e-05,0.7792290433810365,441,441,1.0,True,False,lower_radiation_equivalent_priority,radiation_priority
319,319,RADIATION,27,54,523460.920497467,5696924.290406497,0.0,0.0005371086274252358,False,0.264367454032875,ground_equivalent_excess_gamma_dose_rate,uSv/h,1.419940403715016e-05,1.8916989089164333,441,441,1.0,False,False,lower_radiation_equivalent_priority,radiation_priority
319,319,RADIATION,27,55,523480.920497467,5696924.290406497,0.000940464212873345,0.0005371086274252358,True,0.24686880768519728,ground_equivalent_excess_gamma_dose_rate,uSv/h,1.3259536644990081e-05,1.016244673830571,441,441,1.0,True,True,highest_radiation_equivalent_priority,radiation_priority
319,319,RADIATION,27,56,523500.920497467,5696924.290406497,0.0012680572878408028,0.0005371086274252358,True,0.20893589240724314,ground_equivalent_excess_gamma_dose_rate,uSv/h,1.1222127039072111e-05,0.6789775158475289,441,441,1.0,True,False,lower_radiation_equivalent_priority,radiation_priority
319,319,RADIATION,28,54,523460.920497467,5696944.290406497,0.0,0.0005371086274252358,False,0.23392900527394653,ground_equivalent_excess_gamma_dose_rate,uSv/h,1.2564528693764017e-05,2.284093125528052,441,441,1.0,False,False,lower_radiation_equivalent_priority,radiation_priority
319,319,RADIATION,28,56,523500.920497467,5696944.290406497,0.0012699198726657656,0.0005371086274252358,True,0.20893589240724314,ground_equivalent_excess_gamma_dose_rate,uSv/h,1.1222127039072111e-05,0.8781631259542542,441,441,1.0,True,False,lower_radiation_equivalent_priority,radiation_priority
319,319,RADIATION,29,54,523460.920497467,5696964.290406497,0.0,0.0005371086274252358,False,0.20714960913059202,ground_equivalent_excess_gamma_dose_rate,uSv/h,1.1126184223180637e-05,2.2971759969091647,441,441,1.0,False,False,lower_radiation_equivalent_priority,radiation_priority
319,319,RADIATION,29,55,523480.920497467,5696964.290406497,0.0009402051219539293,0.0005371086274252358,True,0.20657419161043838,ground_equivalent_excess_gamma_dose_rate,uSv/h,1.1095278051736022e-05,1.5301955039555137,441,441,1.0,True,False,lower_radiation_equivalent_priority,radiation_priority
319,319,RADIATION,29,56,523500.920497467,5696964.290406497,0.001535019359897808,0.0005371086274252358,True,0.20893589240724314,ground_equivalent_excess_gamma_dose_rate,uSv/h,1.1222127039072111e-05,0.7625346541458958,441,441,1.0,True,False,lower_radiation_equivalent_priority,radiation_priority
320,320,RADIATION,26,54,523460.920497467,5696904.290406497,0.0,0.0005371086274252358,False,0.27950937475020343,ground_equivalent_excess_gamma_dose_rate,uSv/h,1.5012689662456763e-05,1.7697523776374955,441,441,1.0,False,False,lower_radiation_equivalent_priority,radiation_priority
320,320,RADIATION,26,55,523480.920497467,5696904.290406497,0.0005992331163841476,0.0005371086274252358,True,0.25900722914448804,ground_equivalent_excess_gamma_dose_rate,uSv/h,1.391150173390095e-05,1.006441135484932,441,441,1.0,True,True,highest_radiation_equivalent_priority,radiation_priority
320,320,RADIATION,26,56,523500.920497467,5696904.290406497,0.0011928489350389831,0.0005371086274252358,True,0.233849999774504,ground_equivalent_excess_gamma_dose_rate,uSv/h,1.2560285240227554e-05,0.7725521538061596,441,441,1.0,True,False,lower_radiation_equivalent_priority,radiation_priority
320,320,RADIATION,27,54,523460.920497467,5696924.290406497,0.0,0.0005371086274252358,False,0.2625849924529244,ground_equivalent_excess_gamma_dose_rate,uSv/h,1.4103666487885611e-05,1.9931585313615425,441,441,1.0,False,False,lower_radiation_equivalent_priority,radiation_priority
320,320,RADIATION,27,56,523500.920497467,5696924.290406497,0.0009320770986523996,0.0005371086274252358,True,0.23019018781913606,ground_equivalent_excess_gamma_dose_rate,uSv/h,1.236371358262934e-05,1.3258788555025265,441,441,1.0,True,False,lower_radiation_equivalent_priority,radiation_priority
320,320,RADIATION,28,54,523460.920497467,5696944.290406497,0.0,0.0005371086274252358,False,0.2339249835827371,ground_equivalent_excess_gamma_dose_rate,uSv/h,1.2564312685259474e-05,2.300924633418008,441,441,1.0,False,False,lower_radiation_equivalent_priority,radiation_priority
320,320,RADIATION,28,55,523480.920497467,5696944.290406497,0.0,0.0005371086274252358,False,0.22184371582419316,ground_equivalent_excess_gamma_dose_rate,uSv/h,1.1915417370924646e-05,1.7420279524652549,441,441,1.0,False,False,lower_radiation_equivalent_priority,radiation_priority
320,320,RADIATION,28,56,523500.920497467,5696944.290406497,0.0009339396834773627,0.0005371086274252358,True,0.2212769086687087,ground_equivalent_excess_gamma_dose_rate,uSv/h,1.1884973669594939e-05,1.3263600862971476,441,441,1.0,True,False,lower_radiation_equivalent_priority,radiation_priority
321,321,RADIATION,25,54,523460.920497467,5696884.290406497,0.0,0.0005371086274252358,False,0.2828286607185497,ground_equivalent_excess_gamma_dose_rate,uSv/h,1.5190971375505792e-05,1.0292631798171883,441,441,1.0,False,False,lower_radiation_equivalent_priority,radiation_priority
321,321,RADIATION,25,55,523480.920497467,5696884.290406497,0.0,0.0005371086274252358,False,0.26651183863569583,ground_equivalent_excess_gamma_dose_rate,uSv/h,1.4314580784219453e-05,0.9726555828996257,441,441,1.0,False,False,lower_radiation_equivalent_priority,radiation_priority
321,321,RADIATION,25,56,523500.920497467,5696884.290406497,0.0,0.0005371086274252358,False,0.2632733300718581,ground_equivalent_excess_gamma_dose_rate,uSv/h,1.4140637695256677e-05,0.7725521538061596,441,441,1.0,False,False,lower_radiation_equivalent_priority,radiation_priority
321,321,RADIATION,26,54,523460.920497467,5696904.290406497,0.0,0.0005371086274252358,False,0.27787880950738053,ground_equivalent_excess_gamma_dose_rate,uSv/h,1.4925110596506773e-05,1.8712120000826047,441,441,1.0,False,False,lower_radiation_equivalent_priority,radiation_priority
321,321,RADIATION,26,56,523500.920497467,5696904.290406497,0.0005936158186548355,0.0005371086274252358,True,0.25895112601286374,ground_equivalent_excess_gamma_dose_rate,uSv/h,1.390848838629885e-05,1.4194534934611571,441,441,1.0,True,True,highest_radiation_equivalent_priority,radiation_priority
321,321,RADIATION,27,54,523460.920497467,5696924.290406497,0.0,0.0005371086274252358,False,0.26262231504113387,ground_equivalent_excess_gamma_dose_rate,uSv/h,1.4105671116298125e-05,2.0099900392514987,441,441,1.0,False,False,lower_radiation_equivalent_priority,radiation_priority
321,321,RADIATION,27,55,523480.920497467,5696924.290406497,0.0,0.0005371086274252358,False,0.24807969597512097,ground_equivalent_excess_gamma_dose_rate,uSv/h,1.3324574499726701e-05,1.896162373111017,441,441,1.0,False,False,lower_radiation_equivalent_priority,radiation_priority
321,321,RADIATION,27,56,523500.920497467,5696924.290406497,0.00033284398226825207,0.0005371086274252358,False,0.24526748985253896,ground_equivalent_excess_gamma_dose_rate,uSv/h,1.3173528482673014e-05,1.4860362846436803,441,441,1.0,False,False,lower_radiation_equivalent_priority,radiation_priority
322,322,RADIATION,25,55,523480.920497467,5696884.290406497,0.0,0.0005371086274252358,False,0.2646135651361699,ground_equivalent_excess_gamma_dose_rate,uSv/h,1.4212622876838644e-05,1.4091728808816562,441,441,1.0,False,False,lower_radiation_equivalent_priority,radiation_priority
322,322,RADIATION,25,56,523500.920497467,5696884.290406497,0.0,0.0005371086274252358,False,0.2571683129871323,ground_equivalent_excess_gamma_dose_rate,uSv/h,1.3812731960578207e-05,1.4074389916512584,441,441,1.0,False,False,lower_radiation_equivalent_priority,radiation_priority
322,322,RADIATION,25,57,523520.920497467,5696884.290406497,0.0,0.0005371086274252358,False,0.25268798723647456,ground_equivalent_excess_gamma_dose_rate,uSv/h,1.3572089799142834e-05,0.7946108303384272,441,441,1.0,False,False,lower_radiation_equivalent_priority,radiation_priority
322,322,RADIATION,26,55,523480.920497467,5696904.290406497,0.0,0.0005371086274252358,False,0.2609025321352208,ground_equivalent_excess_gamma_dose_rate,uSv/h,1.4013300092691693e-05,2.1519519926140656,441,441,1.0,False,False,lower_radiation_equivalent_priority,radiation_priority
322,322,RADIATION,26,57,523520.920497467,5696904.290406497,0.0009205362900482532,0.0005371086274252358,True,0.25221595130685615,ground_equivalent_excess_gamma_dose_rate,uSv/h,1.3546736342117562e-05,1.020782207240122,441,441,1.0,True,True,highest_radiation_equivalent_priority,radiation_priority
322,322,RADIATION,27,55,523480.920497467,5696924.290406497,0.0,0.0005371086274252358,False,0.2482421780175417,ground_equivalent_excess_gamma_dose_rate,uSv/h,1.3333301550405286e-05,2.1509069454182663,441,441,1.0,False,False,lower_radiation_equivalent_priority,radiation_priority
322,322,RADIATION,27,56,523500.920497467,5696924.290406497,0.00033284398226825207,0.0005371086274252358,False,0.24928437220414368,ground_equivalent_excess_gamma_dose_rate,uSv/h,1.3389278699312921e-05,2.042621553257157,441,441,1.0,False,False,lower_radiation_equivalent_priority,radiation_priority
322,322,RADIATION,27,57,523520.920497467,5696924.290406497,0.0009955183836392514,0.0005371086274252358,True,0.2508307870683317,ground_equivalent_excess_gamma_dose_rate,uSv/h,1.347233797582632e-05,0.8959446921211102,441,441,1.0,True,False,lower_radiation_equivalent_priority,radiation_priority
323,323,RADIATION,25,56,523500.920497467,5696884.290406497,0.0,0.0005371086274252358,False,0.255727358691098,ground_equivalent_excess_gamma_dose_rate,uSv/h,1.3735337062165657e-05,1.5409522097385637,441,441,1.0,False,False,lower_radiation_equivalent_priority,radiation_priority
323,323,RADIATION,25,57,523520.920497467,5696884.290406497,0.0,0.0005371086274252358,False,0.2459325829084289,ground_equivalent_excess_gamma_dose_rate,uSv/h,1.3209251204508924e-05,1.4294976681835259,441,441,1.0,False,False,lower_radiation_equivalent_priority,radiation_priority
323,323,RADIATION,25,58,523540.920497467,5696884.290406497,0.0,0.0005371086274252358,False,0.2396510160938817,ground_equivalent_excess_gamma_dose_rate,uSv/h,1.287186283152479e-05,0.774699740433475,441,441,1.0,False,False,lower_radiation_equivalent_priority,radiation_priority
323,323,RADIATION,26,56,523500.920497467,5696904.290406497,0.0,0.0005371086274252358,False,0.25408401927567026,ground_equivalent_excess_gamma_dose_rate,uSv/h,1.3647071884384241e-05,2.185975149692885,441,441,1.0,False,False,lower_radiation_equivalent_priority,radiation_priority
323,323,RADIATION,26,58,523540.920497467,5696904.290406497,0.0009110467557107301,0.0005371086274252358,True,0.2396510160938817,ground_equivalent_excess_gamma_dose_rate,uSv/h,1.287186283152479e-05,0.9585123796142607,441,441,1.0,True,False,lower_radiation_equivalent_priority,radiation_priority
323,323,RADIATION,27,56,523500.920497467,5696924.290406497,0.0,0.0005371086274252358,False,0.2466118812881128,ground_equivalent_excess_gamma_dose_rate,uSv/h,1.3245736906541345e-05,2.1440811757022664,441,441,1.0,False,False,lower_radiation_equivalent_priority,radiation_priority
323,323,RADIATION,27,57,523520.920497467,5696924.290406497,0.0006626744013709992,0.0005371086274252358,True,0.24452795144611666,ground_equivalent_excess_gamma_dose_rate,uSv/h,1.3133807236832842e-05,1.5191127519171101,441,441,1.0,True,True,highest_radiation_equivalent_priority,radiation_priority
323,323,RADIATION,27,58,523540.920497467,5696924.290406497,0.0009854393143503095,0.0005371086274252358,True,0.2396510160938817,ground_equivalent_excess_gamma_dose_rate,uSv/h,1.287186283152479e-05,0.7604002877252596,441,441,1.0,True,False,lower_radiation_equivalent_priority,radiation_priority
324,324,RADIATION,26,56,523500.920497467,5696904.290406497,0.0,0.0005371086274252358,False,0.2536108023621849,ground_equivalent_excess_gamma_dose_rate,uSv/h,1.3621654995696589e-05,2.2719826314247613,441,441,1.0,False,False,lower_radiation_equivalent_priority,radiation_priority
324,324,RADIATION,26,57,523520.920497467,5696904.290406497,0.0,0.0005371086274252358,False,0.2434681256544428,ground_equivalent_excess_gamma_dose_rate,uSv/h,1.3076883079205263e-05,2.220890925545116,441,441,1.0,False,False,lower_radiation_equivalent_priority,radiation_priority
324,324,RADIATION,26,58,523540.920497467,5696904.290406497,0.0005815151377247464,0.0005371086274252358,True,0.23630241450907533,ground_equivalent_excess_gamma_dose_rate,uSv/h,1.2692006551423857e-05,1.424057076789725,441,441,1.0,True,True,highest_radiation_equivalent_priority,radiation_priority
324,324,RADIATION,27,56,523500.920497467,5696924.290406497,0.0,0.0005371086274252358,False,0.2450042768483967,ground_equivalent_excess_gamma_dose_rate,uSv/h,1.3159391085135485e-05,2.24744876306581,441,441,1.0,False,False,lower_radiation_equivalent_priority,radiation_priority
324,324,RADIATION,27,58,523540.920497467,5696924.290406497,0.0006559076963643259,0.0005371086274252358,True,0.2274827171695516,ground_equivalent_excess_gamma_dose_rate,uSv/h,1.2218292998190098e-05,1.4194667136678363,441,441,1.0,True,False,lower_radiation_equivalent_priority,radiation_priority
324,324,RADIATION,28,56,523500.920497467,5696944.290406497,0.0006007969000923471,0.0005371086274252358,True,0.22557853679171302,ground_equivalent_excess_gamma_dose_rate,uSv/h,1.2116017827279004e-05,1.6548664442165548,441,441,1.0,True,False,lower_radiation_equivalent_priority,radiation_priority
324,324,RADIATION,28,57,523520.920497467,5696944.290406497,0.0006631560123790757,0.0005371086274252358,True,0.2219956637275497,ground_equivalent_excess_gamma_dose_rate,uSv/h,1.1923578623905841e-05,1.0818255363919,441,441,1.0,True,False,lower_radiation_equivalent_priority,radiation_priority
324,324,RADIATION,28,58,523540.920497467,5696944.290406497,0.0009862269460241874,0.0005371086274252358,True,0.2177200336114105,ground_equivalent_excess_gamma_dose_rate,uSv/h,1.169393084160009e-05,0.7730469248043688,441,441,1.0,True,False,lower_radiation_equivalent_priority,radiation_priority
325,325,RADIATION,25,57,523520.920497467,5696884.290406497,0.0,0.0005371086274252358,False,0.2444502377597184,ground_equivalent_excess_gamma_dose_rate,uSv/h,1.3129633167689488e-05,1.6494693803201637,441,441,1.0,False,False,lower_radiation_equivalent_priority,radiation_priority
325,325,RADIATION,25,58,523540.920497467,5696884.290406497,0.0,0.0005371086274252358,False,0.23270800772870268,ground_equivalent_excess_gamma_dose_rate,uSv/h,1.2498947862202466e-05,1.5230723061421565,441,441,1.0,False,False,lower_radiation_equivalent_priority,radiation_priority
325,325,RADIATION,25,59,523560.920497467,5696884.290406497,0.0,0.0005371086274252358,False,0.2262441272530853,ground_equivalent_excess_gamma_dose_rate,uSv/h,1.2151767265192503e-05,0.7946108303384272,441,441,1.0,False,False,lower_radiation_equivalent_priority,radiation_priority
325,325,RADIATION,26,57,523520.920497467,5696904.290406497,0.0,0.0005371086274252358,False,0.2422575602866295,ground_equivalent_excess_gamma_dose_rate,uSv/h,1.301186256889379e-05,2.385671363808476,441,441,1.0,False,False,lower_radiation_equivalent_priority,radiation_priority
325,325,RADIATION,26,59,523560.920497467,5696904.290406497,0.0003260735039223108,0.0005371086274252358,False,0.22592337340701368,ground_equivalent_excess_gamma_dose_rate,uSv/h,1.2134539299392014e-05,1.020782207240122,441,441,1.0,False,False,lower_radiation_equivalent_priority,radiation_priority
325,325,RADIATION,27,57,523520.920497467,5696924.290406497,0.0,0.0005371086274252358,False,0.2348652092126325,ground_equivalent_excess_gamma_dose_rate,uSv/h,1.2614813015013787e-05,2.3088463051730903,441,441,1.0,False,False,lower_radiation_equivalent_priority,radiation_priority
325,325,RADIATION,27,58,523540.920497467,5696924.290406497,0.0006559076963643259,0.0005371086274252358,True,0.2264922163687092,ground_equivalent_excess_gamma_dose_rate,uSv/h,1.2165092345629691e-05,2.042634773463836,441,441,1.0,True,True,highest_radiation_equivalent_priority,radiation_priority
325,325,RADIATION,27,59,523560.920497467,5696924.290406497,0.0006524506228766843,0.0005371086274252358,True,0.2245544897954295,ground_equivalent_excess_gamma_dose_rate,uSv/h,1.2061015379619726e-05,0.8760336022161579,441,441,1.0,True,False,lower_radiation_equivalent_priority,radiation_priority
326,326,RADIATION,26,57,523520.920497467,5696904.290406497,0.0,0.0005371086274252358,False,0.2418316040361214,ground_equivalent_excess_gamma_dose_rate,uSv/h,1.2988984091188426e-05,2.6985224611141394,441,441,1.0,False,False,lower_radiation_equivalent_priority,radiation_priority
326,326,RADIATION,26,58,523540.920497467,5696904.290406497,0.0,0.0005371086274252358,False,0.2293477995340538,ground_equivalent_excess_gamma_dose_rate,uSv/h,1.2318468181073377e-05,2.6806885298381857,441,441,1.0,False,False,lower_radiation_equivalent_priority,radiation_priority
326,326,RADIATION,26,59,523560.920497467,5696904.290406497,0.0,0.0005371086274252358,False,0.22300009505273155,ground_equivalent_excess_gamma_dose_rate,uSv/h,1.1977527496946975e-05,1.5351000281587346,441,441,1.0,False,False,lower_radiation_equivalent_priority,radiation_priority
326,326,RADIATION,27,57,523520.920497467,5696924.290406497,0.0,0.0005371086274252358,False,0.23344830359109608,ground_equivalent_excess_gamma_dose_rate,uSv/h,1.2538709791656336e-05,2.6927333910179856,441,441,1.0,False,False,lower_radiation_equivalent_priority,radiation_priority
326,326,RADIATION,27,59,523560.920497467,5696924.290406497,0.0003263771189543735,0.0005371086274252358,False,0.21509942558464124,ground_equivalent_excess_gamma_dose_rate,uSv/h,1.155317572357233e-05,1.5351000281587346,441,441,1.0,False,False,lower_radiation_equivalent_priority,radiation_priority
326,326,RADIATION,28,57,523520.920497467,5696944.290406497,0.00033332181993706066,0.0005371086274252358,False,0.22038157414661583,ground_equivalent_excess_gamma_dose_rate,uSv/h,1.1836884479970166e-05,1.4995946134857372,441,441,1.0,False,False,lower_radiation_equivalent_priority,radiation_priority
326,326,RADIATION,28,58,523540.920497467,5696944.290406497,0.0006563927535821724,0.0005371086274252358,True,0.21185761480075277,ground_equivalent_excess_gamma_dose_rate,uSv/h,1.1379055269521663e-05,1.4995946134857372,441,441,1.0,True,True,highest_radiation_equivalent_priority,radiation_priority
326,326,RADIATION,28,59,523560.920497467,5696944.290406497,0.0006529364091351422,0.0005371086274252358,True,0.2073026966696217,ground_equivalent_excess_gamma_dose_rate,uSv/h,1.1134406686977052e-05,0.8865458728746308,441,441,1.0,True,False,lower_radiation_equivalent_priority,radiation_priority
327,327,RADIATION,27,57,523520.920497467,5696924.290406497,0.0,0.0005371086274252358,False,0.23307478091778575,ground_equivalent_excess_gamma_dose_rate,uSv/h,1.2518647566618944e-05,2.795494739375054,441,441,1.0,False,False,lower_radiation_equivalent_priority,radiation_priority
327,327,RADIATION,27,58,523540.920497467,5696924.290406497,0.0,0.0005371086274252358,False,0.21935002371807794,ground_equivalent_excess_gamma_dose_rate,uSv/h,1.1781479016490976e-05,2.7926731352680036,441,441,1.0,False,False,lower_radiation_equivalent_priority,radiation_priority
327,327,RADIATION,27,59,523560.920497467,5696924.290406497,0.0,0.0005371086274252358,False,0.2129292354715107,ground_equivalent_excess_gamma_dose_rate,uSv/h,1.1436612940280795e-05,1.6956680648362716,441,441,1.0,False,False,lower_radiation_equivalent_priority,radiation_priority
327,327,RADIATION,28,57,523520.920497467,5696944.290406497,0.00033332181993706066,0.0005371086274252358,False,0.217462656226588,ground_equivalent_excess_gamma_dose_rate,uSv/h,1.1680106880210858e-05,2.134481451330836,441,441,1.0,False,False,lower_radiation_equivalent_priority,radiation_priority
327,327,RADIATION,28,59,523560.920497467,5696944.290406497,0.00032655929018076866,0.0005371086274252358,False,0.19718429384165437,ground_equivalent_excess_gamma_dose_rate,uSv/h,1.0590938541510536e-05,1.5456122988172076,441,441,1.0,False,False,lower_radiation_equivalent_priority,radiation_priority
327,327,RADIATION,29,57,523520.920497467,5696964.290406497,0.001529442749626178,0.0005371086274252358,True,0.20400379153261805,ground_equivalent_excess_gamma_dose_rate,uSv/h,1.0957219645962843e-05,0.8338645181749628,441,441,1.0,True,True,highest_radiation_equivalent_priority,radiation_priority
327,327,RADIATION,29,58,523540.920497467,5696964.290406497,0.0012493027122302363,0.0005371086274252358,True,0.18976807540162363,ground_equivalent_excess_gamma_dose_rate,uSv/h,1.0192607050809472e-05,0.9817962961749204,441,441,1.0,True,False,lower_radiation_equivalent_priority,radiation_priority
327,327,RADIATION,29,59,523560.920497467,5696964.290406497,0.0006531793036954717,0.0005371086274252358,True,0.18693285616931304,ground_equivalent_excess_gamma_dose_rate,uSv/h,1.0040324979777876e-05,0.7730469248043688,441,441,1.0,True,False,lower_radiation_equivalent_priority,radiation_priority
328,328,RADIATION,28,56,523500.920497467,5696944.290406497,0.0,0.0005371086274252358,False,0.22465587592034456,ground_equivalent_excess_gamma_dose_rate,uSv/h,1.2066460915859034e-05,1.6726654784681894,441,441,1.0,False,False,lower_radiation_equivalent_priority,radiation_priority
328,328,RADIATION,28,57,523520.920497467,5696944.290406497,0.0,0.0005371086274252358,False,0.21412353072637158,ground_equivalent_excess_gamma_dose_rate,uSv/h,1.1500759568788675e-05,2.247967179194419,441,441,1.0,False,False,lower_radiation_equivalent_priority,radiation_priority
328,328,RADIATION,28,58,523540.920497467,5696944.290406497,0.0,0.0005371086274252358,False,0.20197386927401736,ground_equivalent_excess_gamma_dose_rate,uSv/h,1.0848190770153147e-05,2.2943671560932084,441,441,1.0,False,False,lower_radiation_equivalent_priority,radiation_priority
328,328,RADIATION,29,56,523500.920497467,5696964.290406497,0.0006009006398684003,0.0005371086274252358,True,0.20627896179583535,ground_equivalent_excess_gamma_dose_rate,uSv/h,1.1079421003686377e-05,0.99005057889299,441,441,1.0,True,True,highest_radiation_equivalent_priority,radiation_priority
328,328,RADIATION,29,58,523540.920497467,5696964.290406497,0.0009159808922931756,0.0005371086274252358,True,0.18529040159093987,ground_equivalent_excess_gamma_dose_rate,uSv/h,9.952107327358044e-06,1.4929309441175396,441,441,1.0,True,False,lower_radiation_equivalent_priority,radiation_priority
328,328,RADIATION,30,56,523500.920497467,5696984.290406497,0.0012767551257817024,0.0005371086274252358,True,0.1925500221704513,ground_equivalent_excess_gamma_dose_rate,uSv/h,1.0342027811866983e-05,0.6588283233417328,441,441,1.0,True,False,lower_radiation_equivalent_priority,radiation_priority
328,328,RADIATION,30,57,523520.920497467,5696984.290406497,0.0015236440619178734,0.0005371086274252358,True,0.1755864388025405,ground_equivalent_excess_gamma_dose_rate,uSv/h,9.430899113971768e-06,0.850759774806334,441,441,1.0,True,False,lower_radiation_equivalent_priority,radiation_priority
328,328,RADIATION,30,58,523540.920497467,5696984.290406497,0.0015053552488910465,0.0005371086274252358,True,0.17881209369201229,ground_equivalent_excess_gamma_dose_rate,uSv/h,9.604151820994939e-06,0.750280968540366,441,441,1.0,True,False,lower_radiation_equivalent_priority,radiation_priority
329,329,RADIATION,28,55,523480.920497467,5696944.290406497,0.0,0.0005371086274252358,False,0.22412161316692827,ground_equivalent_excess_gamma_dose_rate,uSv/h,1.203776520244185e-05,1.9694242093131045,441,441,1.0,False,False,lower_radiation_equivalent_priority,radiation_priority
329,329,RADIATION,28,56,523500.920497467,5696944.290406497,0.0,0.0005371086274252358,False,0.2219945141859754,ground_equivalent_excess_gamma_dose_rate,uSv/h,1.1923516881036128e-05,1.7819876834353365,441,441,1.0,False,False,lower_radiation_equivalent_priority,radiation_priority
329,329,RADIATION,28,57,523520.920497467,5696944.290406497,0.0,0.0005371086274252358,False,0.21168110124497694,ground_equivalent_excess_gamma_dose_rate,uSv/h,1.1369574574155194e-05,2.2678782690993713,441,441,1.0,False,False,lower_radiation_equivalent_priority,radiation_priority
329,329,RADIATION,29,55,523480.920497467,5696964.290406497,0.0003394082218615822,0.0005371086274252358,False,0.2034429602957844,ground_equivalent_excess_gamma_dose_rate,uSv/h,1.092709691637955e-05,1.7369427202044259,441,441,1.0,False,False,lower_radiation_equivalent_priority,radiation_priority
329,329,RADIATION,29,57,523520.920497467,5696964.290406497,0.0,0.0005371086274252358,False,0.18347401865241106,ground_equivalent_excess_gamma_dose_rate,uSv/h,9.854547832658861e-06,1.7516734155087574,441,441,1.0,False,False,lower_radiation_equivalent_priority,radiation_priority
329,329,RADIATION,30,55,523480.920497467,5696984.290406497,0.0006787607981978225,0.0005371086274252358,True,0.1948486808097522,ground_equivalent_excess_gamma_dose_rate,uSv/h,1.046549075053439e-05,0.9840682947115142,441,441,1.0,True,True,highest_radiation_equivalent_priority,radiation_priority
329,329,RADIATION,30,56,523500.920497467,5696984.290406497,0.000675854485913302,0.0005371086274252358,True,0.18511821616114377,ground_equivalent_excess_gamma_dose_rate,uSv/h,9.942859099372003e-06,1.3057296629967303,441,441,1.0,True,False,lower_radiation_equivalent_priority,radiation_priority
329,329,RADIATION,30,57,523520.920497467,5696984.290406497,0.0009227434220494732,0.0005371086274252358,True,0.1783793389427899,ground_equivalent_excess_gamma_dose_rate,uSv/h,9.58090819005828e-06,1.3057296629967303,441,441,1.0,True,False,lower_radiation_equivalent_priority,radiation_priority
330,330,RADIATION,29,54,523460.920497467,5696964.290406497,0.0,0.0005371086274252358,False,0.20705391772940024,ground_equivalent_excess_gamma_dose_rate,uSv/h,1.1121044555465587e-05,2.332862012779324,441,441,1.0,False,False,lower_radiation_equivalent_priority,radiation_priority
330,330,RADIATION,29,55,523480.920497467,5696964.290406497,0.0,0.0005371086274252358,False,0.20142923906691013,ground_equivalent_excess_gamma_dose_rate,uSv/h,1.0818938211853778e-05,1.8503637335673069,441,441,1.0,False,False,lower_radiation_equivalent_priority,radiation_priority
330,330,RADIATION,29,56,523500.920497467,5696964.290406497,0.0,0.0005371086274252358,False,0.1947420065080572,ground_equivalent_excess_gamma_dose_rate,uSv/h,1.0459761181757894e-05,1.8231569902862443,441,441,1.0,False,False,lower_radiation_equivalent_priority,radiation_priority
330,330,RADIATION,30,54,523460.920497467,5696984.290406497,0.00034199877853067557,0.0005371086274252358,False,0.19640436300437447,ground_equivalent_excess_gamma_dose_rate,uSv/h,1.0549047783360734e-05,1.618955132556613,441,441,1.0,False,False,lower_radiation_equivalent_priority,radiation_priority
330,330,RADIATION,30,56,523500.920497467,5696984.290406497,0.0003364462640517198,0.0005371086274252358,False,0.17867605684393426,ground_equivalent_excess_gamma_dose_rate,uSv/h,9.596845164519895e-06,1.6045098857475424,441,441,1.0,False,False,lower_radiation_equivalent_priority,radiation_priority
330,330,RADIATION,31,54,523460.920497467,5697004.290406496,0.0010281772608744452,0.0005371086274252358,True,0.18805408071221497,ground_equivalent_excess_gamma_dose_rate,uSv/h,1.010054691730523e-05,0.7661451528353271,441,441,1.0,True,True,highest_radiation_equivalent_priority,radiation_priority
330,330,RADIATION,31,55,523480.920497467,5697004.290406496,0.001017630328613614,0.0005371086274252358,True,0.17375151910641187,ground_equivalent_excess_gamma_dose_rate,uSv/h,9.33234399402945e-06,0.9011557306646524,441,441,1.0,True,False,lower_radiation_equivalent_priority,radiation_priority
330,330,RADIATION,31,56,523500.920497467,5697004.290406496,0.0010060398415581875,0.0005371086274252358,True,0.1749087128498814,ground_equivalent_excess_gamma_dose_rate,uSv/h,9.394497868351452e-06,0.7859412320860989,441,441,1.0,True,False,lower_radiation_equivalent_priority,radiation_priority
331,331,RADIATION,30,53,523440.920497467,5696984.290406497,0.0,0.0005371086274252358,False,0.20057125217075633,ground_equivalent_excess_gamma_dose_rate,uSv/h,1.0772854995439578e-05,1.7204064772489813,441,441,1.0,False,False,lower_radiation_equivalent_priority,radiation_priority
331,331,RADIATION,30,54,523460.920497467,5696984.290406497,0.0,0.0005371086274252358,False,0.19392863468116098,ground_equivalent_excess_gamma_dose_rate,uSv/h,1.0416074279204835e-05,1.7447897870373152,441,441,1.0,False,False,lower_radiation_equivalent_priority,radiation_priority
331,331,RADIATION,30,55,523480.920497467,5696984.290406497,0.0,0.0005371086274252358,False,0.18308495752828408,ground_equivalent_excess_gamma_dose_rate,uSv/h,9.833651024022425e-06,1.7324408604341897,441,441,1.0,False,False,lower_radiation_equivalent_priority,radiation_priority
331,331,RADIATION,31,53,523440.920497467,5697004.290406496,0.0006905039128430923,0.0005371086274252358,True,0.18637507149875615,ground_equivalent_excess_gamma_dose_rate,uSv/h,1.001036588389771e-05,0.9658716743506761,441,441,1.0,True,True,highest_radiation_equivalent_priority,radiation_priority
331,331,RADIATION,31,55,523480.920497467,5697004.290406496,0.0006756315500829385,0.0005371086274252358,True,0.16984511865375565,ground_equivalent_excess_gamma_dose_rate,uSv/h,9.1225278554995e-06,1.4252115788046122,441,441,1.0,True,False,lower_radiation_equivalent_priority,radiation_priority
331,331,RADIATION,32,53,523440.920497467,5697024.290406496,0.0010343382566809867,0.0005371086274252358,True,0.15775911140632243,ground_equivalent_excess_gamma_dose_rate,uSv/h,8.47337797912747e-06,0.6399995676596211,441,441,1.0,True,False,lower_radiation_equivalent_priority,radiation_priority
331,331,RADIATION,32,54,523460.920497467,5697024.290406496,0.0010249591298916497,0.0005371086274252358,True,0.15909596001819198,ground_equivalent_excess_gamma_dose_rate,uSv/h,8.54518127142713e-06,0.8507597747729976,441,441,1.0,True,False,lower_radiation_equivalent_priority,radiation_priority
331,331,RADIATION,32,55,523480.920497467,5697024.290406496,0.0010143623629957823,0.0005371086274252358,True,0.16327135474789267,ground_equivalent_excess_gamma_dose_rate,uSv/h,8.769445324649938e-06,0.7502809685130283,441,441,1.0,True,False,lower_radiation_equivalent_priority,radiation_priority
332,332,RADIATION,30,52,523420.920497467,5696984.290406497,0.0003478835215649436,0.0005371086274252358,False,0.20154669869747505,ground_equivalent_excess_gamma_dose_rate,uSv/h,1.082524706994884e-05,1.602029890015932,441,441,1.0,False,False,lower_radiation_equivalent_priority,radiation_priority
332,332,RADIATION,30,53,523440.920497467,5696984.290406497,0.0,0.0005371086274252358,False,0.1978429060314517,ground_equivalent_excess_gamma_dose_rate,uSv/h,1.0626313170437292e-05,1.8354807133668145,441,441,1.0,False,False,lower_radiation_equivalent_priority,radiation_priority
332,332,RADIATION,30,54,523460.920497467,5696984.290406497,0.0,0.0005371086274252358,False,0.19186552831784992,ground_equivalent_excess_gamma_dose_rate,uSv/h,1.0305263056501807e-05,1.833892205126558,441,441,1.0,False,False,lower_radiation_equivalent_priority,radiation_priority
332,332,RADIATION,31,52,523420.920497467,5697004.290406496,0.0006940404380413987,0.0005371086274252358,True,0.18248168915582894,ground_equivalent_excess_gamma_dose_rate,uSv/h,9.801248959272582e-06,0.9717100827250287,441,441,1.0,True,True,highest_radiation_equivalent_priority,radiation_priority
332,332,RADIATION,31,54,523460.920497467,5697004.290406496,0.0,0.0005371086274252358,False,0.1657884442777829,ground_equivalent_excess_gamma_dose_rate,uSv/h,8.904640374900515e-06,1.731730180205894,441,441,1.0,False,False,lower_radiation_equivalent_priority,radiation_priority
332,332,RADIATION,32,52,523420.920497467,5697024.290406496,0.0010399280558475315,0.0005371086274252358,True,0.16058951135012328,ground_equivalent_excess_gamma_dose_rate,uSv/h,8.625401202015405e-06,0.7246276822104865,441,441,1.0,True,False,lower_radiation_equivalent_priority,radiation_priority
332,332,RADIATION,32,53,523440.920497467,5697024.290406496,0.0006901436569600439,0.0005371086274252358,True,0.16014905514570307,ground_equivalent_excess_gamma_dose_rate,uSv/h,8.601743919275698e-06,1.2869009072872808,441,441,1.0,True,False,lower_radiation_equivalent_priority,radiation_priority
332,332,RADIATION,32,54,523460.920497467,5697024.290406496,0.0006807645301707069,0.0005371086274252358,True,0.15929220966674534,ground_equivalent_excess_gamma_dose_rate,uSv/h,8.555722009363848e-06,1.2890454774863795,441,441,1.0,True,False,lower_radiation_equivalent_priority,radiation_priority
333,333,RADIATION,30,51,523400.920497467,5696984.290406497,0.0006967931181645483,0.0005371086274252358,True,0.21412691576232934,ground_equivalent_excess_gamma_dose_rate,uSv/h,1.150094138199038e-05,0.8874091850212988,441,441,1.0,True,True,highest_radiation_equivalent_priority,radiation_priority
333,333,RADIATION,30,52,523420.920497467,5696984.290406497,0.0003478835215649436,0.0005371086274252358,False,0.1967991131247853,ground_equivalent_excess_gamma_dose_rate,uSv/h,1.0570250152895713e-05,1.7155156178935087,441,441,1.0,False,False,lower_radiation_equivalent_priority,radiation_priority
333,333,RADIATION,30,53,523440.920497467,5696984.290406497,0.0,0.0005371086274252358,False,0.19553853938315793,ground_equivalent_excess_gamma_dose_rate,uSv/h,1.0502543649682338e-05,1.861150556418823,441,441,1.0,False,False,lower_radiation_equivalent_priority,radiation_priority
333,333,RADIATION,31,51,523400.920497467,5697004.290406496,0.0010445326625560913,0.0005371086274252358,True,0.1684440564810322,ground_equivalent_excess_gamma_dose_rate,uSv/h,9.047275597446611e-06,0.9380324793265533,441,441,1.0,True,False,lower_radiation_equivalent_priority,radiation_priority
333,333,RADIATION,31,53,523440.920497467,5697004.290406496,0.0,0.0005371086274252358,False,0.16682195650622123,ground_equivalent_excess_gamma_dose_rate,uSv/h,8.960151208344887e-06,1.8962812546688668,441,441,1.0,False,False,lower_radiation_equivalent_priority,radiation_priority
333,333,RADIATION,32,51,523400.920497467,5697024.290406496,0.0010441870801712752,0.0005371086274252358,True,0.16300877271413,ground_equivalent_excess_gamma_dose_rate,uSv/h,8.75534181707586e-06,0.7246276822104865,441,441,1.0,True,False,lower_radiation_equivalent_priority,radiation_priority
333,333,RADIATION,32,52,523420.920497467,5697024.290406496,0.0006937402107011508,0.0005371086274252358,True,0.16267003690454981,ground_equivalent_excess_gamma_dose_rate,uSv/h,8.73714802450152e-06,1.3715290218381462,441,441,1.0,True,False,lower_radiation_equivalent_priority,radiation_priority
333,333,RADIATION,32,53,523440.920497467,5697024.290406496,0.0003439558118136632,0.0005371086274252358,False,0.16149788196344902,ground_equivalent_excess_gamma_dose_rate,uSv/h,8.674190571347084e-06,1.4453408780278503,441,441,1.0,False,False,lower_radiation_equivalent_priority,radiation_priority
334,334,RADIATION,29,50,523380.920497467,5696964.290406497,0.0,0.0005371086274252358,False,0.2307467782300048,ground_equivalent_excess_gamma_dose_rate,uSv/h,1.2393608533791317e-05,1.4181988896628501,441,441,1.0,False,False,lower_radiation_equivalent_priority,radiation_priority
334,334,RADIATION,29,51,523400.920497467,5696964.290406497,0.0,0.0005371086274252358,False,0.22674575835028765,ground_equivalent_excess_gamma_dose_rate,uSv/h,1.217871030420172e-05,1.5464756109638755,441,441,1.0,False,False,lower_radiation_equivalent_priority,radiation_priority
334,334,RADIATION,29,52,523420.920497467,5696964.290406497,0.0,0.0005371086274252358,False,0.21384597813329365,ground_equivalent_excess_gamma_dose_rate,uSv/h,1.1485851979558034e-05,2.274588279880866,441,441,1.0,False,False,lower_radiation_equivalent_priority,radiation_priority
334,334,RADIATION,30,50,523380.920497467,5696984.290406497,0.0006982300312608504,0.0005371086274252358,True,0.21605823393322104,ground_equivalent_excess_gamma_dose_rate,uSv/h,1.1604674147179286e-05,0.9175719826737779,441,441,1.0,True,True,highest_radiation_equivalent_priority,radiation_priority
334,334,RADIATION,30,52,523420.920497467,5696984.290406497,0.0,0.0005371086274252358,False,0.1947386643174388,ground_equivalent_excess_gamma_dose_rate,uSv/h,1.045958166981633e-05,1.831148932384407,441,441,1.0,False,False,lower_radiation_equivalent_priority,radiation_priority
334,334,RADIATION,31,50,523380.920497467,5697004.290406496,0.0010470596673269363,0.0005371086274252358,True,0.18287185782100496,ground_equivalent_excess_gamma_dose_rate,uSv/h,9.822205254894283e-06,0.7433671550536886,441,441,1.0,True,False,lower_radiation_equivalent_priority,radiation_priority
334,334,RADIATION,31,51,523400.920497467,5697004.290406496,0.0006966491409911477,0.0005371086274252358,True,0.18053894782379482,ground_equivalent_excess_gamma_dose_rate,uSv/h,9.69690264624347e-06,1.5053669016688818,441,441,1.0,True,False,lower_radiation_equivalent_priority,radiation_priority
334,334,RADIATION,31,52,523420.920497467,5697004.290406496,0.0,0.0005371086274252358,False,0.17443667521393003,ground_equivalent_excess_gamma_dose_rate,uSv/h,9.369144319677561e-06,1.8476718337030642,441,441,1.0,False,False,lower_radiation_equivalent_priority,radiation_priority
335,335,RADIATION,29,49,523360.920497467,5696964.290406497,0.0,0.0005371086274252358,False,0.22932004977737072,ground_equivalent_excess_gamma_dose_rate,uSv/h,1.2316977717701034e-05,1.5324634930005343,441,441,1.0,False,False,lower_radiation_equivalent_priority,radiation_priority
335,335,RADIATION,29,50,523380.920497467,5696964.290406497,0.0,0.0005371086274252358,False,0.2273888178002197,ground_equivalent_excess_gamma_dose_rate,uSv/h,1.22132495820523e-05,1.5393575056359852,441,441,1.0,False,False,lower_radiation_equivalent_priority,radiation_priority
335,335,RADIATION,29,51,523400.920497467,5696964.290406497,0.0,0.0005371086274252358,False,0.22270971235509568,ground_equivalent_excess_gamma_dose_rate,uSv/h,1.1961930791731452e-05,1.6621089254547738,441,441,1.0,False,False,lower_radiation_equivalent_priority,radiation_priority
335,335,RADIATION,30,49,523360.920497467,5696984.290406497,0.0006984055596849555,0.0005371086274252358,True,0.21624934963717074,ground_equivalent_excess_gamma_dose_rate,uSv/h,1.1614939136522068e-05,0.9749292829860986,441,441,1.0,True,True,highest_radiation_equivalent_priority,radiation_priority
335,335,RADIATION,30,51,523400.920497467,5696984.290406497,0.0,0.0005371086274252358,False,0.19037415783086317,ground_equivalent_excess_gamma_dose_rate,uSv/h,1.0225160260977013e-05,1.7823737778638302,441,441,1.0,False,False,lower_radiation_equivalent_priority,radiation_priority
335,335,RADIATION,31,49,523360.920497467,5697004.290406496,0.0010477485734674418,0.0005371086274252358,True,0.18382716667468507,ground_equivalent_excess_gamma_dose_rate,uSv/h,9.873515717611015e-06,0.7246276822411091,441,441,1.0,True,False,lower_radiation_equivalent_priority,radiation_priority
335,335,RADIATION,31,50,523380.920497467,5697004.290406496,0.0006981688378271075,0.0005371086274252358,True,0.1836934079486686,ground_equivalent_excess_gamma_dose_rate,uSv/h,9.866331421037329e-06,1.390268494708686,441,441,1.0,True,False,lower_radiation_equivalent_priority,radiation_priority
335,335,RADIATION,31,51,523400.920497467,5697004.290406496,0.00034775831149131873,0.0005371086274252358,False,0.18206897830914032,ground_equivalent_excess_gamma_dose_rate,uSv/h,9.779081903633738e-06,1.618865849739144,441,441,1.0,False,False,lower_radiation_equivalent_priority,radiation_priority
336,336,RADIATION,29,48,523340.920497467,5696964.290406497,0.0,0.0005371086274252358,False,0.22708472929230994,ground_equivalent_excess_gamma_dose_rate,uSv/h,1.2196916725942383e-05,1.6121492091851504,441,441,1.0,False,False,lower_radiation_equivalent_priority,radiation_priority
336,336,RADIATION,29,49,523360.920497467,5696964.290406497,0.0,0.0005371086274252358,False,0.22621576070932187,ground_equivalent_excess_gamma_dose_rate,uSv/h,1.2150243673653946e-05,1.6649072172867792,441,441,1.0,False,False,lower_radiation_equivalent_priority,radiation_priority
336,336,RADIATION,29,50,523380.920497467,5696964.290406497,0.0,0.0005371086274252358,False,0.2243678949307113,ground_equivalent_excess_gamma_dose_rate,uSv/h,1.2050993208452387e-05,1.6812182808411642,441,441,1.0,False,False,lower_radiation_equivalent_priority,radiation_priority
336,336,RADIATION,30,48,523340.920497467,5696984.290406497,0.000697066165647828,0.0005371086274252358,True,0.21430753881852815,ground_equivalent_excess_gamma_dose_rate,uSv/h,1.151064280217001e-05,0.9849265588568606,441,441,1.0,True,True,highest_radiation_equivalent_priority,radiation_priority
336,336,RADIATION,30,50,523380.920497467,5696984.290406497,0.0,0.0005371086274252358,False,0.19037342664964257,ground_equivalent_excess_gamma_dose_rate,uSv/h,1.0225120988602832e-05,1.8929719435417354,441,441,1.0,False,False,lower_radiation_equivalent_priority,radiation_priority
336,336,RADIATION,31,48,523340.920497467,5697004.290406496,0.001046248290008509,0.0005371086274252358,True,0.18372312696641907,ground_equivalent_excess_gamma_dose_rate,uSv/h,9.867927655120568e-06,0.7246276822411091,441,441,1.0,True,False,lower_radiation_equivalent_priority,radiation_priority
336,336,RADIATION,31,49,523360.920497467,5697004.290406496,0.0006984121987916725,0.0005371086274252358,True,0.1837575518055869,ground_equivalent_excess_gamma_dose_rate,uSv/h,9.869776642932043e-06,1.3715290218961065,441,441,1.0,True,False,lower_radiation_equivalent_priority,radiation_priority
336,336,RADIATION,31,50,523380.920497467,5697004.290406496,0.00034883246315133807,0.0005371086274252358,False,0.18369943583816933,ground_equivalent_excess_gamma_dose_rate,uSv/h,9.86665518418293e-06,1.5037674427789482,441,441,1.0,False,False,lower_radiation_equivalent_priority,radiation_priority
337,337,RADIATION,29,47,523320.920497467,5696964.290406497,0.0,0.0005371086274252358,False,0.22400344626872828,ground_equivalent_excess_gamma_dose_rate,uSv/h,1.203141835639192e-05,1.6121492091851504,441,441,1.0,False,False,lower_radiation_equivalent_priority,radiation_priority
337,337,RADIATION,29,48,523340.920497467,5696964.290406497,0.0,0.0005371086274252358,False,0.2236410770651923,ground_equivalent_excess_gamma_dose_rate,uSv/h,1.201195519383868e-05,1.7256349370487332,441,441,1.0,False,False,lower_radiation_equivalent_priority,radiation_priority
337,337,RADIATION,29,49,523360.920497467,5696964.290406497,0.0,0.0005371086274252358,False,0.22386614012935044,ground_equivalent_excess_gamma_dose_rate,uSv/h,1.202404352518609e-05,1.7465624843937186,441,441,1.0,False,False,lower_radiation_equivalent_priority,radiation_priority
337,337,RADIATION,30,47,523320.920497467,5696984.290406497,0.0006939516049904203,0.0005371086274252358,True,0.2107723829439257,ground_equivalent_excess_gamma_dose_rate,uSv/h,1.132076653021581e-05,0.9849265588568606,441,441,1.0,True,True,highest_radiation_equivalent_priority,radiation_priority
337,337,RADIATION,30,49,523360.920497467,5696984.290406497,0.0,0.0005371086274252358,False,0.1901520051874029,ground_equivalent_excess_gamma_dose_rate,uSv/h,1.021322825083623e-05,1.9220817188404473,441,441,1.0,False,False,lower_radiation_equivalent_priority,radiation_priority
337,337,RADIATION,31,47,523320.920497467,5697004.290406496,0.0010421854140343178,0.0005371086274252358,True,0.18268019690701492,ground_equivalent_excess_gamma_dose_rate,uSv/h,9.81191098184986e-06,0.7246276822411091,441,441,1.0,True,False,lower_radiation_equivalent_priority,radiation_priority
337,337,RADIATION,31,48,523340.920497467,5697004.290406496,0.0006971611449015805,0.0005371086274252358,True,0.18315242520445343,ground_equivalent_excess_gamma_dose_rate,uSv/h,9.837274771116715e-06,1.3715290218961065,441,441,1.0,True,False,lower_radiation_equivalent_priority,radiation_priority
337,337,RADIATION,31,49,523360.920497467,5697004.290406496,0.0003493250536847441,0.0005371086274252358,False,0.18361262664994507,ground_equivalent_excess_gamma_dose_rate,uSv/h,9.861992587789426e-06,1.4850279699663687,441,441,1.0,False,False,lower_radiation_equivalent_priority,radiation_priority
338,338,RADIATION,29,46,523300.920497467,5696964.290406497,0.000612277185586369,0.0005371086274252358,True,0.22320499599109728,ground_equivalent_excess_gamma_dose_rate,uSv/h,1.1988532903123352e-05,1.517479016770665,441,441,1.0,True,True,highest_radiation_equivalent_priority,radiation_priority
338,338,RADIATION,29,47,523320.920497467,5696964.290406497,0.0,0.0005371086274252358,False,0.22079006659904366,ground_equivalent_excess_gamma_dose_rate,uSv/h,1.1858824962013873e-05,1.7256349370487332,441,441,1.0,False,False,lower_radiation_equivalent_priority,radiation_priority
338,338,RADIATION,29,48,523340.920497467,5696964.290406497,0.0,0.0005371086274252358,False,0.22285058599570226,ground_equivalent_excess_gamma_dose_rate,uSv/h,1.1969497236506112e-05,1.759310887566813,441,441,1.0,False,False,lower_radiation_equivalent_priority,radiation_priority
338,338,RADIATION,30,46,523300.920497467,5696984.290406497,0.0006887570375813767,0.0005371086274252358,True,0.20240706364301309,ground_equivalent_excess_gamma_dose_rate,uSv/h,1.087145801344711e-05,0.9717100827111468,441,441,1.0,True,False,lower_radiation_equivalent_priority,radiation_priority
338,338,RADIATION,30,48,523340.920497467,5696984.290406497,0.0,0.0005371086274252358,False,0.189503767004212,ground_equivalent_excess_gamma_dose_rate,uSv/h,1.0178410818754401e-05,1.9220817188404473,441,441,1.0,False,False,lower_radiation_equivalent_priority,radiation_priority
338,338,RADIATION,31,46,523300.920497467,5697004.290406496,0.0010351237637209769,0.0005371086274252358,True,0.1806007110947093,ground_equivalent_excess_gamma_dose_rate,uSv/h,9.700220004810087e-06,0.7246276822411091,441,441,1.0,True,False,lower_radiation_equivalent_priority,radiation_priority
338,338,RADIATION,31,47,523320.920497467,5697004.290406496,0.0006941613938796733,0.0005371086274252358,True,0.18155251564788907,ground_equivalent_excess_gamma_dose_rate,uSv/h,9.751342248523635e-06,1.3715290218961065,441,441,1.0,True,False,lower_radiation_equivalent_priority,radiation_priority
338,338,RADIATION,31,48,523340.920497467,5697004.290406496,0.00034913712474693583,0.0005371086274252358,False,0.18293360306993678,ground_equivalent_excess_gamma_dose_rate,uSv/h,9.825521645484664e-06,1.4850279699663687,441,441,1.0,False,False,lower_radiation_equivalent_priority,radiation_priority
339,339,RADIATION,28,45,523280.920497467,5696944.290406497,0.0,0.0005371086274252358,False,0.23795732198407604,ground_equivalent_excess_gamma_dose_rate,uSv/h,1.2780893059665196e-05,1.835504884169968,441,441,1.0,False,False,lower_radiation_equivalent_priority,radiation_priority
339,339,RADIATION,28,46,523300.920497467,5696944.290406497,0.0,0.0005371086274252358,False,0.23448699158893885,ground_equivalent_excess_gamma_dose_rate,uSv/h,1.2594498620140777e-05,2.2354735296901564,441,441,1.0,False,False,lower_radiation_equivalent_priority,radiation_priority
339,339,RADIATION,28,47,523320.920497467,5696944.290406497,0.0,0.0005371086274252358,False,0.2321896919938925,ground_equivalent_excess_gamma_dose_rate,uSv/h,1.2471108676912785e-05,2.2330639205237555,441,441,1.0,False,False,lower_radiation_equivalent_priority,radiation_priority
339,339,RADIATION,29,45,523280.920497467,5696964.290406497,0.0009470978938871605,0.0005371086274252358,True,0.2227052878737588,ground_equivalent_excess_gamma_dose_rate,uSv/h,1.196169314902166e-05,1.5034591394872137,441,441,1.0,True,True,highest_radiation_equivalent_priority,radiation_priority
339,339,RADIATION,29,47,523320.920497467,5696964.290406497,0.0,0.0005371086274252358,False,0.21930537479363088,ground_equivalent_excess_gamma_dose_rate,uSv/h,1.17790808842384e-05,2.176545442713242,441,441,1.0,False,False,lower_radiation_equivalent_priority,radiation_priority
339,339,RADIATION,30,45,523280.920497467,5696984.290406497,0.0012896415127104364,0.0005371086274252358,True,0.200504316944868,ground_equivalent_excess_gamma_dose_rate,uSv/h,1.076925984670925e-05,0.8467467839348681,441,441,1.0,True,False,lower_radiation_equivalent_priority,radiation_priority
339,339,RADIATION,30,46,523300.920497467,5696984.290406497,0.0006887570375813767,0.0005371086274252358,True,0.1985372284924763,ground_equivalent_excess_gamma_dose_rate,uSv/h,1.0663605828840436e-05,1.6126837311325588,441,441,1.0,True,False,lower_radiation_equivalent_priority,radiation_priority
339,339,RADIATION,30,47,523320.920497467,5696984.290406497,0.0,0.0005371086274252358,False,0.19330684807762682,ground_equivalent_excess_gamma_dose_rate,uSv/h,1.0382677584287273e-05,1.8476718336903415,441,441,1.0,False,False,lower_radiation_equivalent_priority,radiation_priority
340,340,RADIATION,28,44,523260.920497467,5696944.290406497,0.00033323518121864467,0.0005371086274252358,False,0.23458249558000824,ground_equivalent_excess_gamma_dose_rate,uSv/h,1.2599628221896466e-05,1.6207693628086473,441,441,1.0,False,False,lower_radiation_equivalent_priority,radiation_priority
340,340,RADIATION,28,45,523280.920497467,5696944.290406497,0.0,0.0005371086274252358,False,0.23461501622872682,ground_equivalent_excess_gamma_dose_rate,uSv/h,1.2601374933996088e-05,2.1625255654297906,441,441,1.0,False,False,lower_radiation_equivalent_priority,radiation_priority
340,340,RADIATION,28,46,523300.920497467,5696944.290406497,0.0,0.0005371086274252358,False,0.23202260097290014,ground_equivalent_excess_gamma_dose_rate,uSv/h,1.2462134074018759e-05,2.39705861942032,441,441,1.0,False,False,lower_radiation_equivalent_priority,radiation_priority
340,340,RADIATION,29,44,523260.920497467,5696964.290406497,0.0009364801998541312,0.0005371086274252358,True,0.21411632659381832,ground_equivalent_excess_gamma_dose_rate,uSv/h,1.1500372628613927e-05,1.0504105060327145,441,441,1.0,True,True,highest_radiation_equivalent_priority,radiation_priority
340,340,RADIATION,29,46,523300.920497467,5696964.290406497,0.0,0.0005371086274252358,False,0.21217207421963577,ground_equivalent_excess_gamma_dose_rate,uSv/h,1.1395945156207382e-05,2.3952422626665864,441,441,1.0,False,False,lower_radiation_equivalent_priority,radiation_priority
340,340,RADIATION,30,44,523260.920497467,5696984.290406497,0.0015405646798544856,0.0005371086274252358,True,0.1934944616306886,ground_equivalent_excess_gamma_dose_rate,uSv/h,1.0392754470084411e-05,0.7414591901310652,441,441,1.0,True,False,lower_radiation_equivalent_priority,radiation_priority
340,340,RADIATION,30,45,523280.920497467,5696984.290406497,0.0009468922157286829,0.0005371086274252358,True,0.1957769020109858,ground_equivalent_excess_gamma_dose_rate,uSv/h,1.0515346312068547e-05,1.4936481235898658,441,441,1.0,True,False,lower_radiation_equivalent_priority,radiation_priority
340,340,RADIATION,30,46,523300.920497467,5696984.290406497,0.0003460077405996233,0.0005371086274252358,False,0.19594768600282364,ground_equivalent_excess_gamma_dose_rate,uSv/h,1.052451926761277e-05,1.726182679202821,441,441,1.0,False,False,lower_radiation_equivalent_priority,radiation_priority
341,341,RADIATION,28,43,523240.920497467,5696944.290406497,0.0006590045876527933,0.0005371086274252358,True,0.22703945398601494,ground_equivalent_excess_gamma_dose_rate,uSv/h,1.2194484950180347e-05,0.868580429349847,441,441,1.0,True,True,highest_radiation_equivalent_priority,radiation_priority
341,341,RADIATION,28,44,523260.920497467,5696944.290406497,0.00033323518121864467,0.0005371086274252358,False,0.23142347830897697,ground_equivalent_excess_gamma_dose_rate,uSv/h,1.2429954678850846e-05,1.73425509067223,441,441,1.0,False,False,lower_radiation_equivalent_priority,radiation_priority
341,341,RADIATION,28,45,523280.920497467,5696944.290406497,0.0,0.0005371086274252358,False,0.23247893784103918,ground_equivalent_excess_gamma_dose_rate,uSv/h,1.2486644320907728e-05,2.2781588799206887,441,441,1.0,False,False,lower_radiation_equivalent_priority,radiation_priority
341,341,RADIATION,29,43,523240.920497467,5696964.290406497,0.0009901299358609744,0.0005371086274252358,True,0.1935499069433278,ground_equivalent_excess_gamma_dose_rate,uSv/h,1.039573248566129e-05,0.9380324793235688,441,441,1.0,True,False,lower_radiation_equivalent_priority,radiation_priority
341,341,RADIATION,29,45,523280.920497467,5696964.290406497,0.0,0.0005371086274252358,False,0.20509058345597547,ground_equivalent_excess_gamma_dose_rate,uSv/h,1.1015592177787977e-05,2.302827988139466,441,441,1.0,False,False,lower_radiation_equivalent_priority,radiation_priority
341,341,RADIATION,30,43,523240.920497467,5696984.290406497,0.0012502114109740488,0.0005371086274252358,True,0.18712733964755388,ground_equivalent_excess_gamma_dose_rate,uSv/h,1.0050770855183357e-05,0.7246276822411091,441,441,1.0,True,False,lower_radiation_equivalent_priority,radiation_priority
341,341,RADIATION,30,44,523260.920497467,5696984.290406497,0.000936547688054158,0.0005371086274252358,True,0.19014564695499322,ground_equivalent_excess_gamma_dose_rate,uSv/h,1.0212886744687988e-05,1.3883605297860626,441,441,1.0,True,False,lower_radiation_equivalent_priority,radiation_priority
341,341,RADIATION,30,45,523280.920497467,5696984.290406497,0.00034287522392835516,0.0005371086274252358,False,0.19510814806740487,ground_equivalent_excess_gamma_dose_rate,uSv/h,1.0479426960796351e-05,1.607147071660128,441,441,1.0,False,False,lower_radiation_equivalent_priority,radiation_priority
342,342,RADIATION,27,42,523220.920497467,5696924.290406497,0.0009757450784677587,0.0005371086274252358,True,0.2388213678520894,ground_equivalent_excess_gamma_dose_rate,uSv/h,1.2827301708685307e-05,0.7541454945418424,441,441,1.0,True,True,highest_radiation_equivalent_priority,radiation_priority
342,342,RADIATION,27,43,523240.920497467,5696924.290406497,0.00032746597928152315,0.0005371086274252358,False,0.24377481256520436,ground_equivalent_excess_gamma_dose_rate,uSv/h,1.3093355497774105e-05,1.5276468552924238,441,441,1.0,False,False,lower_radiation_equivalent_priority,radiation_priority
342,342,RADIATION,27,44,523260.920497467,5696924.290406497,0.0,0.0005371086274252358,False,0.25453907404563747,ground_equivalent_excess_gamma_dose_rate,uSv/h,1.3671513268674282e-05,2.302647792110067,441,441,1.0,False,False,lower_radiation_equivalent_priority,radiation_priority
342,342,RADIATION,28,42,523220.920497467,5696944.290406497,0.0009684590842205433,0.0005371086274252358,True,0.20323451368206555,ground_equivalent_excess_gamma_dose_rate,uSv/h,1.0915901068920953e-05,0.8907016199407094,441,441,1.0,True,False,lower_radiation_equivalent_priority,radiation_priority
342,342,RADIATION,28,44,523260.920497467,5696944.290406497,0.0,0.0005371086274252358,False,0.22940660186152728,ground_equivalent_excess_gamma_dose_rate,uSv/h,1.2321626504813248e-05,1.8498884051631284,441,441,1.0,False,False,lower_radiation_equivalent_priority,radiation_priority
342,342,RADIATION,29,42,523220.920497467,5696964.290406497,0.0009638473440879098,0.0005371086274252358,True,0.1991577219289033,ground_equivalent_excess_gamma_dose_rate,uSv/h,1.0696933066637003e-05,0.7433671550494996,441,441,1.0,True,False,lower_radiation_equivalent_priority,radiation_priority
342,342,RADIATION,29,43,523240.920497467,5696964.290406497,0.0006568947546423298,0.0005371086274252358,True,0.1981079976942976,ground_equivalent_excess_gamma_dose_rate,uSv/h,1.0640551472354596e-05,1.5053669016389644,441,441,1.0,True,False,lower_radiation_equivalent_priority,radiation_priority
342,342,RADIATION,29,44,523260.920497467,5696964.290406497,0.0,0.0005371086274252358,False,0.19744348403827988,ground_equivalent_excess_gamma_dose_rate,uSv/h,1.0604859870585696e-05,1.913514395464511,441,441,1.0,False,False,lower_radiation_equivalent_priority,radiation_priority
343,343,RADIATION,26,41,523200.920497467,5696904.290406497,0.0006332896156236421,0.0005371086274252358,True,0.26306193903906094,ground_equivalent_excess_gamma_dose_rate,uSv/h,1.4129283700509108e-05,0.6695173799866893,441,441,1.0,True,True,highest_radiation_equivalent_priority,radiation_priority
343,343,RADIATION,26,42,523220.920497467,5696904.290406497,0.00032161032047997736,0.0005371086274252358,False,0.2732957846424319,ground_equivalent_excess_gamma_dose_rate,uSv/h,1.4678952377039945e-05,0.9943723784275229,441,441,1.0,False,False,lower_radiation_equivalent_priority,radiation_priority
343,343,RADIATION,26,43,523240.920497467,5696904.290406497,0.0,0.0005371086274252358,False,0.28216855018157566,ground_equivalent_excess_gamma_dose_rate,uSv/h,1.5155516269059488e-05,1.6407576940391608,441,441,1.0,False,False,lower_radiation_equivalent_priority,radiation_priority
343,343,RADIATION,27,41,523200.920497467,5696924.290406497,0.000945553421432284,0.0005371086274252358,True,0.21241040036162978,ground_equivalent_excess_gamma_dose_rate,uSv/h,1.1408745858907978e-05,0.8414152810650468,441,441,1.0,True,False,lower_radiation_equivalent_priority,radiation_priority
343,343,RADIATION,27,43,523240.920497467,5696924.290406497,0.0,0.0005371086274252358,False,0.24085341619668904,ground_equivalent_excess_gamma_dose_rate,uSv/h,1.2936444778408272e-05,1.641145803362686,441,441,1.0,False,False,lower_radiation_equivalent_priority,radiation_priority
343,343,RADIATION,28,41,523200.920497467,5696944.290406497,0.0009356163866759351,0.0005371086274252358,True,0.21102313975562748,ground_equivalent_excess_gamma_dose_rate,uSv/h,1.1334234894910878e-05,0.7265356471595436,441,441,1.0,True,False,lower_radiation_equivalent_priority,radiation_priority
343,343,RADIATION,28,42,523220.920497467,5696944.290406497,0.0006409931049390202,0.0005371086274252358,True,0.2093349918738216,ground_equivalent_excess_gamma_dose_rate,uSv/h,1.124356301574212e-05,1.40104683419684,441,441,1.0,True,False,lower_radiation_equivalent_priority,radiation_priority
343,343,RADIATION,28,43,523240.920497467,5696944.290406497,0.0,0.0005371086274252358,False,0.21473478960354253,ground_equivalent_excess_gamma_dose_rate,uSv/h,1.1533590810440551e-05,1.6482190648799981,441,441,1.0,False,False,lower_radiation_equivalent_priority,radiation_priority
344,344,RADIATION,25,40,523180.920497467,5696884.290406497,0.0,0.0005371086274252358,False,0.2599633365337241,ground_equivalent_excess_gamma_dose_rate,uSv/h,1.3962855086651323e-05,1.5943501749335158,441,441,1.0,False,False,lower_radiation_equivalent_priority,radiation_priority
344,344,RADIATION,25,41,523200.920497467,5696884.290406497,0.0,0.0005371086274252358,False,0.2765394006816529,ground_equivalent_excess_gamma_dose_rate,uSv/h,1.4853169792911991e-05,1.630290141378971,441,441,1.0,False,False,lower_radiation_equivalent_priority,radiation_priority
344,344,RADIATION,25,42,523220.920497467,5696884.290406497,0.0,0.0005371086274252358,False,0.2862774550180335,ground_equivalent_excess_gamma_dose_rate,uSv/h,1.5376209092752566e-05,1.6004216627483858,441,441,1.0,False,False,lower_radiation_equivalent_priority,radiation_priority
344,344,RADIATION,26,40,523180.920497467,5696904.290406497,0.0006073040716954349,0.0005371086274252358,True,0.2379000537749391,ground_equivalent_excess_gamma_dose_rate,uSv/h,1.2777817134744732e-05,0.899042594021429,441,441,1.0,True,True,highest_radiation_equivalent_priority,radiation_priority
344,344,RADIATION,26,42,523220.920497467,5696904.290406497,0.0,0.0005371086274252358,False,0.26780948362266527,ground_equivalent_excess_gamma_dose_rate,uSv/h,1.4384278416003092e-05,1.3241612897141444,441,441,1.0,False,False,lower_radiation_equivalent_priority,radiation_priority
344,344,RADIATION,27,40,523180.920497467,5696924.290406497,0.000906396020841538,0.0005371086274252358,True,0.22121507445547622,ground_equivalent_excess_gamma_dose_rate,uSv/h,1.1881652500655217e-05,0.7265356471595436,441,441,1.0,True,False,lower_radiation_equivalent_priority,radiation_priority
344,344,RADIATION,27,41,523200.920497467,5696924.290406497,0.0006239431009523067,0.0005371086274252358,True,0.21976502075940646,ground_equivalent_excess_gamma_dose_rate,uSv/h,1.1803768865616326e-05,1.3164187196416868,441,441,1.0,True,False,lower_radiation_equivalent_priority,radiation_priority
344,344,RADIATION,27,42,523220.920497467,5696924.290406497,0.0,0.0005371086274252358,False,0.22044073104599488,ground_equivalent_excess_gamma_dose_rate,uSv/h,1.1840061848072987e-05,1.4269707006222532,441,441,1.0,False,False,lower_radiation_equivalent_priority,radiation_priority
345,345,RADIATION,25,39,523160.920497467,5696884.290406497,0.00029343179442358006,0.0005371086274252358,False,0.2423557246755185,ground_equivalent_excess_gamma_dose_rate,uSv/h,1.301713506291161e-05,1.517479016770665,441,441,1.0,False,False,lower_radiation_equivalent_priority,radiation_priority
345,345,RADIATION,25,40,523180.920497467,5696884.290406497,0.0,0.0005371086274252358,False,0.256497797875534,ground_equivalent_excess_gamma_dose_rate,uSv/h,1.3776718015452363e-05,1.7078359027970986,441,441,1.0,False,False,lower_radiation_equivalent_priority,radiation_priority
345,345,RADIATION,25,41,523200.920497467,5696884.290406497,0.0,0.0005371086274252358,False,0.27569484462872845,ground_equivalent_excess_gamma_dose_rate,uSv/h,1.4807807958674998e-05,1.7078359027970986,441,441,1.0,False,False,lower_radiation_equivalent_priority,radiation_priority
345,345,RADIATION,26,39,523160.920497467,5696904.290406497,0.0005796207116932183,0.0005371086274252358,True,0.22326497007098167,ground_equivalent_excess_gamma_dose_rate,uSv/h,1.199175416269613e-05,0.9717100827111468,441,441,1.0,True,True,highest_radiation_equivalent_priority,radiation_priority
345,345,RADIATION,26,41,523200.920497467,5696904.290406497,0.0,0.0005371086274252358,False,0.235104285511442,ground_equivalent_excess_gamma_dose_rate,uSv/h,1.2627654009284137e-05,1.7106747645431326,441,441,1.0,False,False,lower_radiation_equivalent_priority,radiation_priority
345,345,RADIATION,27,39,523160.920497467,5696924.290406497,0.0008624093183668615,0.0005371086274252358,True,0.2096875946952198,ground_equivalent_excess_gamma_dose_rate,uSv/h,1.1262501617484866e-05,0.7246276822411091,441,441,1.0,True,False,lower_radiation_equivalent_priority,radiation_priority
345,345,RADIATION,27,40,523180.920497467,5696924.290406497,0.0005987503613347034,0.0005371086274252358,True,0.21413446230377015,ground_equivalent_excess_gamma_dose_rate,uSv/h,1.1501346713241888e-05,1.373436986814541,441,441,1.0,True,False,lower_radiation_equivalent_priority,radiation_priority
345,345,RADIATION,27,41,523200.920497467,5696924.290406497,0.00031629744144547197,0.0005371086274252358,False,0.21611083719539392,ground_equivalent_excess_gamma_dose_rate,uSv/h,1.1607499513773663e-05,1.4516916867269074,441,441,1.0,False,False,lower_radiation_equivalent_priority,radiation_priority
346,346,RADIATION,25,38,523140.920497467,5696884.290406497,0.0005726742011581127,0.0005371086274252358,True,0.23141528320588003,ground_equivalent_excess_gamma_dose_rate,uSv/h,1.2429514512793245e-05,0.9590657509534853,441,441,1.0,True,True,highest_radiation_equivalent_priority,radiation_priority
346,346,RADIATION,25,39,523160.920497467,5696884.290406497,0.00029343179442358006,0.0005371086274252358,False,0.2390409445461934,ground_equivalent_excess_gamma_dose_rate,uSv/h,1.2839095362363785e-05,1.630964744634248,441,441,1.0,False,False,lower_radiation_equivalent_priority,radiation_priority
346,346,RADIATION,25,40,523180.920497467,5696884.290406497,0.0,0.0005371086274252358,False,0.25578581950342744,ground_equivalent_excess_gamma_dose_rate,uSv/h,1.3738477042832502e-05,1.7322796764224204,441,441,1.0,False,False,lower_radiation_equivalent_priority,radiation_priority
346,346,RADIATION,26,38,523140.920497467,5696904.290406497,0.0008402764569815657,0.0005371086274252358,True,0.2021522000125202,ground_equivalent_excess_gamma_dose_rate,uSv/h,1.0857769067971646e-05,0.9380324793235688,441,441,1.0,True,False,lower_radiation_equivalent_priority,radiation_priority
346,346,RADIATION,26,40,523180.920497467,5696904.290406497,0.0,0.0005371086274252358,False,0.22012103751867354,ground_equivalent_excess_gamma_dose_rate,uSv/h,1.1822890832907357e-05,1.891849693161016,441,441,1.0,False,False,lower_radiation_equivalent_priority,radiation_priority
346,346,RADIATION,27,38,523140.920497467,5696924.290406497,0.0008096561693855068,0.0005371086274252358,True,0.19655053648014922,ground_equivalent_excess_gamma_dose_rate,uSv/h,1.0556898886854668e-05,0.7246276822411091,441,441,1.0,True,False,lower_radiation_equivalent_priority,radiation_priority
346,346,RADIATION,27,39,523160.920497467,5696924.290406497,0.0005681542413974923,0.0005371086274252358,True,0.2026266062334622,ground_equivalent_excess_gamma_dose_rate,uSv/h,1.0883249835388862e-05,1.3715290218961065,441,441,1.0,True,False,lower_radiation_equivalent_priority,radiation_priority
346,346,RADIATION,27,40,523180.920497467,5696924.290406497,0.0003044952843653342,0.0005371086274252358,False,0.21265233003847892,ground_equivalent_excess_gamma_dose_rate,uSv/h,1.1421740110574565e-05,1.4869359348848032,441,441,1.0,False,False,lower_radiation_equivalent_priority,radiation_priority
347,347,RADIATION,24,37,523120.920497467,5696864.290406497,0.0005670475048101097,0.0005371086274252358,True,0.2313942006432643,ground_equivalent_excess_gamma_dose_rate,uSv/h,1.242838215016633e-05,0.9431746816202853,441,441,1.0,True,True,highest_radiation_equivalent_priority,radiation_priority
347,347,RADIATION,24,38,523140.920497467,5696864.290406497,0.00028999838624839847,0.0005371086274252358,False,0.23396863590022215,ground_equivalent_excess_gamma_dose_rate,uSv/h,1.2566657288892306e-05,1.621941444621617,441,441,1.0,False,False,lower_radiation_equivalent_priority,radiation_priority
347,347,RADIATION,24,39,523160.920497467,5696864.290406497,0.0,0.0005371086274252358,False,0.249262438292165,ground_equivalent_excess_gamma_dose_rate,uSv/h,1.3388100609977228e-05,1.9159279457870613,441,441,1.0,False,False,lower_radiation_equivalent_priority,radiation_priority
347,347,RADIATION,25,37,523120.920497467,5696884.290406497,0.0008220597569633606,0.0005371086274252358,True,0.20682613246847145,ground_equivalent_excess_gamma_dose_rate,uSv/h,1.110881001258107e-05,0.9164053414558608,441,441,1.0,True,False,lower_radiation_equivalent_priority,radiation_priority
347,347,RADIATION,25,39,523160.920497467,5696884.290406497,0.0,0.0005371086274252358,False,0.23633729700294717,ground_equivalent_excess_gamma_dose_rate,uSv/h,1.2693880120264326e-05,1.7465980591251462,441,441,1.0,False,False,lower_radiation_equivalent_priority,radiation_priority
347,347,RADIATION,26,37,523120.920497467,5696904.290406497,0.0007774414461243813,0.0005371086274252358,True,0.19852623571252437,ground_equivalent_excess_gamma_dose_rate,uSv/h,1.0663015397145279e-05,0.7433671550494996,441,441,1.0,True,False,lower_radiation_equivalent_priority,radiation_priority
347,347,RADIATION,26,38,523140.920497467,5696904.290406497,0.0005468446625579856,0.0005371086274252358,True,0.20045526384356782,ground_equivalent_excess_gamma_dose_rate,uSv/h,1.0766625162318221e-05,1.5053669016389644,441,441,1.0,True,False,lower_radiation_equivalent_priority,radiation_priority
347,347,RADIATION,26,39,523160.920497467,5696904.290406497,0.0,0.0005371086274252358,False,0.20794680046596237,ground_equivalent_excess_gamma_dose_rate,uSv/h,1.1169002057574242e-05,1.8476718336903415,441,441,1.0,False,False,lower_radiation_equivalent_priority,radiation_priority
348,348,RADIATION,23,36,523100.920497467,5696844.290406497,0.0005692407929829311,0.0005371086274252358,True,0.22980514578178474,ground_equivalent_excess_gamma_dose_rate,uSv/h,1.2343032642611062e-05,0.9600061895102413,441,441,1.0,True,True,highest_radiation_equivalent_priority,radiation_priority
348,348,RADIATION,23,37,523120.920497467,5696844.290406497,0.00028999838624839847,0.0005371086274252358,False,0.23544677299735425,ground_equivalent_excess_gamma_dose_rate,uSv/h,1.2646049307631e-05,1.602241107562862,441,441,1.0,False,False,lower_radiation_equivalent_priority,radiation_priority
348,348,RADIATION,23,38,523140.920497467,5696844.290406497,0.0,0.0005371086274252358,False,0.25095726684798686,ground_equivalent_excess_gamma_dose_rate,uSv/h,1.3479131313911085e-05,1.6742638582175913,441,441,1.0,False,False,lower_radiation_equivalent_priority,radiation_priority
348,348,RADIATION,24,36,523100.920497467,5696864.290406497,0.0008167435128605393,0.0005371086274252358,True,0.20759046528452868,ground_equivalent_excess_gamma_dose_rate,uSv/h,1.1149862987553925e-05,0.9164053414558608,441,441,1.0,True,False,lower_radiation_equivalent_priority,radiation_priority
348,348,RADIATION,24,38,523140.920497467,5696864.290406497,0.0,0.0005371086274252358,False,0.23153494796241764,ground_equivalent_excess_gamma_dose_rate,uSv/h,1.2435941810106754e-05,1.7542126790854358,441,441,1.0,False,False,lower_radiation_equivalent_priority,radiation_priority
348,348,RADIATION,25,36,523100.920497467,5696884.290406497,0.0007592630788758685,0.0005371086274252358,True,0.1999154362028898,ground_equivalent_excess_gamma_dose_rate,uSv/h,1.0737630554005142e-05,0.7433671550494996,441,441,1.0,True,False,lower_radiation_equivalent_priority,radiation_priority
348,348,RADIATION,25,37,523120.920497467,5696884.290406497,0.0005320613707149621,0.0005371086274252358,False,0.20356544523408182,ground_equivalent_excess_gamma_dose_rate,uSv/h,1.093367568808847e-05,1.5044264630822086,441,441,1.0,False,False,lower_radiation_equivalent_priority,radiation_priority
348,348,RADIATION,25,38,523140.920497467,5696884.290406497,0.0,0.0005371086274252358,False,0.21649889001075323,ground_equivalent_excess_gamma_dose_rate,uSv/h,1.1628342165276277e-05,1.731631124966324,441,441,1.0,False,False,lower_radiation_equivalent_priority,radiation_priority
349,349,RADIATION,22,35,523080.920497467,5696824.290406497,0.0005787974291474292,0.0005371086274252358,True,0.22484427916543565,ground_equivalent_excess_gamma_dose_rate,uSv/h,1.2076580216696369e-05,0.9600061895102413,441,441,1.0,True,True,highest_radiation_equivalent_priority,radiation_priority
349,349,RADIATION,22,36,523100.920497467,5696824.290406497,0.00029343179442358006,0.0005371086274252358,False,0.23449431233923929,ground_equivalent_excess_gamma_dose_rate,uSv/h,1.2594891823955334e-05,1.6535724544915242,441,441,1.0,False,False,lower_radiation_equivalent_priority,radiation_priority
349,349,RADIATION,22,37,523120.920497467,5696824.290406497,0.0,0.0005371086274252358,False,0.259401983816999,ground_equivalent_excess_gamma_dose_rate,uSv/h,1.393270434793316e-05,1.8539543173949664,441,441,1.0,False,False,lower_radiation_equivalent_priority,radiation_priority
349,349,RADIATION,23,35,523080.920497467,5696844.290406497,0.0008254931651385422,0.0005371086274252358,True,0.2056170358908133,ground_equivalent_excess_gamma_dose_rate,uSv/h,1.1043868392256018e-05,0.9164053414558608,441,441,1.0,True,False,lower_radiation_equivalent_priority,radiation_priority
349,349,RADIATION,23,37,523120.920497467,5696844.290406497,0.0,0.0005371086274252358,False,0.23283367483505638,ground_equivalent_excess_gamma_dose_rate,uSv/h,1.250569755090308e-05,1.7157400556331242,441,441,1.0,False,False,lower_radiation_equivalent_priority,radiation_priority
349,349,RADIATION,24,35,523080.920497467,5696864.290406497,0.0007592630788758685,0.0005371086274252358,True,0.1987688976235584,ground_equivalent_excess_gamma_dose_rate,uSv/h,1.0676048977741666e-05,0.7433671550494996,441,441,1.0,True,False,lower_radiation_equivalent_priority,radiation_priority
349,349,RADIATION,24,36,523100.920497467,5696864.290406497,0.0005267451266121408,0.0005371086274252358,False,0.20336286567686113,ground_equivalent_excess_gamma_dose_rate,uSv/h,1.0922794965296148e-05,1.5044264630822086,441,441,1.0,False,False,lower_radiation_equivalent_priority,radiation_priority
349,349,RADIATION,24,37,523120.920497467,5696864.290406497,0.0,0.0005371086274252358,False,0.21639634339623048,ground_equivalent_excess_gamma_dose_rate,uSv/h,1.1622834298138934e-05,1.7157400556331242,441,441,1.0,False,False,lower_radiation_equivalent_priority,radiation_priority
350,350,RADIATION,21,34,523060.920497467,5696804.290406497,0.0005939134891579695,0.0005371086274252358,True,0.21962990787719333,ground_equivalent_excess_gamma_dose_rate,uSv/h,1.179651183614503e-05,0.9560689889020154,441,441,1.0,True,True,highest_radiation_equivalent_priority,radiation_priority
350,350,RADIATION,21,35,523080.920497467,5696804.290406497,0.00029965841218860026,0.0005371086274252358,False,0.22733494155660527,ground_equivalent_excess_gamma_dose_rate,uSv/h,1.2210355842526445e-05,1.7252290204393856,441,441,1.0,False,False,lower_radiation_equivalent_priority,radiation_priority
350,350,RADIATION,21,36,523100.920497467,5696804.290406497,0.0,0.0005371086274252358,False,0.2515373608568389,ground_equivalent_excess_gamma_dose_rate,uSv/h,1.3510288663598298e-05,1.872771031528918,441,441,1.0,False,False,lower_radiation_equivalent_priority,radiation_priority
350,350,RADIATION,22,34,523060.920497467,5696824.290406497,0.0008465030747465858,0.0005371086274252358,True,0.20106188728945365,ground_equivalent_excess_gamma_dose_rate,uSv/h,1.0799207430956592e-05,0.9164053414558608,441,441,1.0,True,False,lower_radiation_equivalent_priority,radiation_priority
350,350,RADIATION,22,36,523100.920497467,5696824.290406497,0.0,0.0005371086274252358,False,0.23183856316557894,ground_equivalent_excess_gamma_dose_rate,uSv/h,1.2452249244610293e-05,1.7692057689824225,441,441,1.0,False,False,lower_radiation_equivalent_priority,radiation_priority
350,350,RADIATION,23,34,523060.920497467,5696844.290406497,0.0007774414461243812,0.0005371086274252358,True,0.19579162662451793,ground_equivalent_excess_gamma_dose_rate,uSv/h,1.0516137183764908e-05,0.7433671550494996,441,441,1.0,True,False,lower_radiation_equivalent_priority,radiation_priority
350,350,RADIATION,23,35,523080.920497467,5696844.290406497,0.0005320613707149621,0.0005371086274252358,False,0.20056194830868362,ground_equivalent_excess_gamma_dose_rate,uSv/h,1.0772355276980816e-05,1.5044264630822086,441,441,1.0,False,False,lower_radiation_equivalent_priority,radiation_priority
350,350,RADIATION,23,36,523100.920497467,5696844.290406497,0.0,0.0005371086274252358,False,0.21526012428189634,ground_equivalent_excess_gamma_dose_rate,uSv/h,1.15618069892435e-05,1.7325715635230803,441,441,1.0,False,False,lower_radiation_equivalent_priority,radiation_priority
351,351,RADIATION,20,33,523040.920497467,5696784.290406497,0.0011811040219997298,0.0005371086274252358,True,0.21431111436796862,ground_equivalent_excess_gamma_dose_rate,uSv/h,1.1510834848015236e-05,0.7709770024317986,441,441,1.0,True,True,highest_radiation_equivalent_priority,radiation_priority
351,351,RADIATION,20,34,523060.920497467,5696784.290406497,0.00030764565950683467,0.0005371086274252358,False,0.22551460730149234,ground_equivalent_excess_gamma_dose_rate,uSv/h,1.211258411920456e-05,1.615135414844592,441,441,1.0,False,False,lower_radiation_equivalent_priority,radiation_priority
351,351,RADIATION,20,35,523080.920497467,5696784.290406497,0.0,0.0005371086274252358,False,0.23975362521393373,ground_equivalent_excess_gamma_dose_rate,uSv/h,1.2877374055888035e-05,2.3054939629798303,441,441,1.0,False,False,lower_radiation_equivalent_priority,radiation_priority
351,351,RADIATION,21,33,523040.920497467,5696804.290406497,0.0008757999009043271,0.0005371086274252358,True,0.19311970033139847,ground_equivalent_excess_gamma_dose_rate,uSv/h,1.037262571737703e-05,0.8907016199407094,441,441,1.0,True,False,lower_radiation_equivalent_priority,radiation_priority
351,351,RADIATION,21,35,523080.920497467,5696804.290406497,0.0,0.0005371086274252358,False,0.2248533525679787,ground_equivalent_excess_gamma_dose_rate,uSv/h,1.2077067556974966e-05,1.842739726539081,441,441,1.0,False,False,lower_radiation_equivalent_priority,radiation_priority
351,351,RADIATION,22,33,523040.920497467,5696824.290406497,0.0008096561693855069,0.0005371086274252358,True,0.19081645592543542,ground_equivalent_excess_gamma_dose_rate,uSv/h,1.0248916473225862e-05,0.7433671550494996,441,441,1.0,True,False,lower_radiation_equivalent_priority,radiation_priority
351,351,RADIATION,22,34,523060.920497467,5696824.290406497,0.0005468446625579856,0.0005371086274252358,True,0.1953715378400391,ground_equivalent_excess_gamma_dose_rate,uSv/h,1.0493573852722092e-05,1.5044264630822086,441,441,1.0,True,False,lower_radiation_equivalent_priority,radiation_priority
351,351,RADIATION,22,35,523080.920497467,5696824.290406497,0.0,0.0005371086274252358,False,0.2106334339466641,ground_equivalent_excess_gamma_dose_rate,uSv/h,1.131330345969568e-05,1.7325715635230803,441,441,1.0,False,False,lower_radiation_equivalent_priority,radiation_priority
352,352,RADIATION,19,32,523020.920497467,5696764.290406497,0.0012128521852287234,0.0005371086274252358,True,0.20109988789687006,ground_equivalent_excess_gamma_dose_rate,uSv/h,1.0801248476365667e-05,0.6695173799866893,441,441,1.0,True,True,highest_radiation_equivalent_priority,radiation_priority
352,352,RADIATION,19,33,523040.920497467,5696764.290406497,0.00031629744144547197,0.0005371086274252358,False,0.2170343992171074,ground_equivalent_excess_gamma_dose_rate,uSv/h,1.1657104826756124e-05,1.0765954696037454,441,441,1.0,False,False,lower_radiation_equivalent_priority,radiation_priority
352,352,RADIATION,19,34,523060.920497467,5696764.290406497,0.0,0.0005371086274252358,False,0.2306204269126842,ground_equivalent_excess_gamma_dose_rate,uSv/h,1.238682209552937e-05,1.7399970195643988,441,441,1.0,False,False,lower_radiation_equivalent_priority,radiation_priority
352,352,RADIATION,20,32,523020.920497467,5696784.290406497,0.000908782359164792,0.0005371086274252358,True,0.18125105338581354,ground_equivalent_excess_gamma_dose_rate,uSv/h,9.735150450343245e-06,0.8414152810650468,441,441,1.0,True,False,lower_radiation_equivalent_priority,radiation_priority
352,352,RADIATION,20,34,523060.920497467,5696784.290406497,0.0,0.0005371086274252358,False,0.22247749700673028,ground_equivalent_excess_gamma_dose_rate,uSv/h,1.194945830502869e-05,1.7395243760778736,441,441,1.0,False,False,lower_radiation_equivalent_priority,radiation_priority
352,352,RADIATION,21,32,523020.920497467,5696804.290406497,0.0008496743474259275,0.0005371086274252358,True,0.183908273514957,ground_equivalent_excess_gamma_dose_rate,uSv/h,9.87787203597634e-06,0.7265356471595436,441,441,1.0,True,False,lower_radiation_equivalent_priority,radiation_priority
352,352,RADIATION,21,33,523040.920497467,5696804.290406497,0.0005681542413974923,0.0005371086274252358,True,0.18820946584633721,ground_equivalent_excess_gamma_dose_rate,uSv/h,1.0108892786916297e-05,1.4178783420867962,441,441,1.0,True,False,lower_radiation_equivalent_priority,radiation_priority
352,352,RADIATION,21,34,523060.920497467,5696804.290406497,0.0,0.0005371086274252358,False,0.20490712989735815,ground_equivalent_excess_gamma_dose_rate,uSv/h,1.1005738728881454e-05,1.7286343629148542,441,441,1.0,False,False,lower_radiation_equivalent_priority,radiation_priority
353,353,RADIATION,18,31,523000.920497467,5696744.290406497,0.0012427079833188586,0.0005371086274252358,True,0.17126431108424425,ground_equivalent_excess_gamma_dose_rate,uSv/h,9.198753905338703e-06,0.6526858720967332,441,441,1.0,True,False,lower_radiation_equivalent_priority,radiation_priority
353,353,RADIATION,18,32,523020.920497467,5696744.290406497,0.0009197584870982707,0.0005371086274252358,True,0.2066680494925547,ground_equivalent_excess_gamma_dose_rate,uSv/h,1.1100319239559676e-05,0.903514281053271,441,441,1.0,True,True,highest_radiation_equivalent_priority,radiation_priority
353,353,RADIATION,18,33,523040.920497467,5696744.290406497,0.0,0.0005371086274252358,False,0.22477057981392595,ground_equivalent_excess_gamma_dose_rate,uSv/h,1.2072621760943218e-05,1.4159761585730097,441,441,1.0,False,False,lower_radiation_equivalent_priority,radiation_priority
353,353,RADIATION,19,31,523000.920497467,5696764.290406497,0.0009415004451915759,0.0005371086274252358,True,0.17230431461812784,ground_equivalent_excess_gamma_dose_rate,uSv/h,9.254613392398863e-06,0.8414152810650468,441,441,1.0,True,False,lower_radiation_equivalent_priority,radiation_priority
353,353,RADIATION,19,33,523040.920497467,5696764.290406497,0.0,0.0005371086274252358,False,0.2120929999809264,ground_equivalent_excess_gamma_dose_rate,uSv/h,1.1391698010625594e-05,1.3241612897141444,441,441,1.0,False,False,lower_radiation_equivalent_priority,radiation_priority
353,353,RADIATION,20,31,523000.920497467,5696784.290406497,0.0008915492440365526,0.0005371086274252358,True,0.17549690772369267,ground_equivalent_excess_gamma_dose_rate,uSv/h,9.426090322484583e-06,0.7265356471595436,441,441,1.0,True,False,lower_radiation_equivalent_priority,radiation_priority
353,353,RADIATION,20,32,523020.920497467,5696784.290406497,0.00059248491771932,0.0005371086274252358,True,0.17985992350401495,ground_equivalent_excess_gamma_dose_rate,uSv/h,9.660431664204937e-06,1.3164187196416868,441,441,1.0,True,False,lower_radiation_equivalent_priority,radiation_priority
353,353,RADIATION,20,33,523040.920497467,5696784.290406497,0.0,0.0005371086274252358,False,0.19121468072363887,ground_equivalent_excess_gamma_dose_rate,uSv/h,1.0270305470702837e-05,1.4506905281279172,441,441,1.0,False,False,lower_radiation_equivalent_priority,radiation_priority
354,354,RADIATION,17,31,523000.920497467,5696724.290406497,0.0015253321771287872,0.0005371086274252358,True,0.17776398757401324,ground_equivalent_excess_gamma_dose_rate,uSv/h,9.547857137151491e-06,0.744209042812246,441,441,1.0,True,False,lower_radiation_equivalent_priority,radiation_priority
354,354,RADIATION,17,32,523020.920497467,5696724.290406497,0.0009326622042553094,0.0005371086274252358,True,0.21506889470985513,ground_equivalent_excess_gamma_dose_rate,uSv/h,1.1551535883947285e-05,1.0047286716324706,441,441,1.0,True,True,highest_radiation_equivalent_priority,radiation_priority
354,354,RADIATION,17,33,523040.920497467,5696724.290406497,0.0,0.0005371086274252358,False,0.23430969758522685,ground_equivalent_excess_gamma_dose_rate,uSv/h,1.2584976006242328e-05,1.5921274438436757,441,441,1.0,False,False,lower_radiation_equivalent_priority,radiation_priority
354,354,RADIATION,18,31,523000.920497467,5696744.290406497,0.0009180123198253105,0.0005371086274252358,True,0.17677297692855654,ground_equivalent_excess_gamma_dose_rate,uSv/h,9.494629100396987e-06,1.275853931892733,441,441,1.0,True,False,lower_radiation_equivalent_priority,radiation_priority
354,354,RADIATION,18,33,523040.920497467,5696744.290406497,0.0,0.0005371086274252358,False,0.22122168033320536,ground_equivalent_excess_gamma_dose_rate,uSv/h,1.1882007308047221e-05,1.5335811008997866,441,441,1.0,False,False,lower_radiation_equivalent_priority,radiation_priority
354,354,RADIATION,19,31,523000.920497467,5696764.290406497,0.0006168047816980278,0.0005371086274252358,True,0.1744389619484088,ground_equivalent_excess_gamma_dose_rate,uSv/h,9.36926714215928e-06,1.276125424473818,441,441,1.0,True,False,lower_radiation_equivalent_priority,radiation_priority
354,354,RADIATION,19,32,523020.920497467,5696764.290406497,0.0,0.0005371086274252358,False,0.1783282291112759,ground_equivalent_excess_gamma_dose_rate,uSv/h,9.578163036913038e-06,1.694609062997309,441,441,1.0,False,False,lower_radiation_equivalent_priority,radiation_priority
354,354,RADIATION,19,33,523040.920497467,5696764.290406497,0.0,0.0005371086274252358,False,0.20881970663745025,ground_equivalent_excess_gamma_dose_rate,uSv/h,1.1215886601138131e-05,1.5439765608138347,441,441,1.0,False,False,lower_radiation_equivalent_priority,radiation_priority
355,355,RADIATION,16,31,523000.920497467,5696704.290406497,0.0012853274299957224,0.0005371086274252358,True,0.18397487754431313,ground_equivalent_excess_gamma_dose_rate,uSv/h,9.881449395855185e-06,0.744209042812246,441,441,1.0,True,False,lower_radiation_equivalent_priority,radiation_priority
355,355,RADIATION,16,32,523020.920497467,5696704.290406497,0.0006816779290921803,0.0005371086274252358,True,0.22103323941738287,ground_equivalent_excess_gamma_dose_rate,uSv/h,1.1871885983882404e-05,1.0148797008636319,441,441,1.0,True,True,highest_radiation_equivalent_priority,radiation_priority
355,355,RADIATION,16,33,523040.920497467,5696704.290406497,0.0,0.0005371086274252358,False,0.24112601050545274,ground_equivalent_excess_gamma_dose_rate,uSv/h,1.2951086053910671e-05,1.707760758334574,441,441,1.0,False,False,lower_radiation_equivalent_priority,radiation_priority
355,355,RADIATION,17,31,523000.920497467,5696724.290406497,0.0009316478770327093,0.0005371086274252358,True,0.18306251536204818,ground_equivalent_excess_gamma_dose_rate,uSv/h,9.832445635912083e-06,1.3673771026082457,441,441,1.0,True,False,lower_radiation_equivalent_priority,radiation_priority
355,355,RADIATION,17,33,523040.920497467,5696724.290406497,0.0,0.0005371086274252358,False,0.23090150235224247,ground_equivalent_excess_gamma_dose_rate,uSv/h,1.240191889988378e-05,1.7158226859626147,441,441,1.0,False,False,lower_radiation_equivalent_priority,radiation_priority
355,355,RADIATION,18,31,523000.920497467,5696744.290406497,0.00032432801972923276,0.0005371086274252358,False,0.18005516910875605,ground_equivalent_excess_gamma_dose_rate,uSv/h,9.670918474082269e-06,1.4315171286887973,441,441,1.0,False,False,lower_radiation_equivalent_priority,radiation_priority
355,355,RADIATION,18,32,523020.920497467,5696744.290406497,0.0,0.0005371086274252358,False,0.18611495148448007,ground_equivalent_excess_gamma_dose_rate,uSv/h,9.996394613514344e-06,1.8789304467829044,441,441,1.0,False,False,lower_radiation_equivalent_priority,radiation_priority
355,355,RADIATION,18,33,523040.920497467,5696744.290406497,0.0,0.0005371086274252358,False,0.21865195734035525,ground_equivalent_excess_gamma_dose_rate,uSv/h,1.1743985269091942e-05,1.6891903203816474,441,441,1.0,False,False,lower_radiation_equivalent_priority,radiation_priority
356,356,RADIATION,15,31,523000.920497467,5696684.290406497,0.001031632261509751,0.0005371086274252358,True,0.1941927583566149,ground_equivalent_excess_gamma_dose_rate,uSv/h,1.0430260589684192e-05,0.744209042812246,441,441,1.0,True,False,lower_radiation_equivalent_priority,radiation_priority
356,356,RADIATION,15,32,523020.920497467,5696684.290406497,0.0006891160231213793,0.0005371086274252358,True,0.22129357404716818,ground_equivalent_excess_gamma_dose_rate,uSv/h,1.1885868781449927e-05,1.005882844624439,441,441,1.0,True,True,highest_radiation_equivalent_priority,radiation_priority
356,356,RADIATION,15,33,523040.920497467,5696684.290406497,0.0,0.0005371086274252358,False,0.24276692603484543,ground_equivalent_excess_gamma_dose_rate,uSv/h,1.3039221042681956e-05,1.60628909436764,441,441,1.0,False,False,lower_radiation_equivalent_priority,radiation_priority
356,356,RADIATION,16,31,523000.920497467,5696704.290406497,0.0009468922157286944,0.0005371086274252358,True,0.1886709677385369,ground_equivalent_excess_gamma_dose_rate,uSv/h,1.013368045170365e-05,1.3673771026082457,441,441,1.0,True,False,lower_radiation_equivalent_priority,radiation_priority
356,356,RADIATION,16,33,523040.920497467,5696704.290406497,0.0,0.0005371086274252358,False,0.23740809558977413,ground_equivalent_excess_gamma_dose_rate,uSv/h,1.2751393636186278e-05,1.8238219809494036,441,441,1.0,False,False,lower_radiation_equivalent_priority,radiation_priority
356,356,RADIATION,17,31,523000.920497467,5696724.290406497,0.0005932126627656814,0.0005371086274252358,True,0.18598703354159637,ground_equivalent_excess_gamma_dose_rate,uSv/h,9.989524030441812e-06,1.4707567314936143,441,441,1.0,True,False,lower_radiation_equivalent_priority,radiation_priority
356,356,RADIATION,17,32,523020.920497467,5696724.290406497,0.0,0.0005371086274252358,False,0.19273691342097338,ground_equivalent_excess_gamma_dose_rate,uSv/h,1.0352065902171553e-05,1.9220266685215994,441,441,1.0,False,False,lower_radiation_equivalent_priority,radiation_priority
356,356,RADIATION,17,33,523040.920497467,5696724.290406497,0.0,0.0005371086274252358,False,0.2283201336041073,ground_equivalent_excess_gamma_dose_rate,uSv/h,1.2263271357364853e-05,1.8212597064048361,441,441,1.0,False,False,lower_radiation_equivalent_priority,radiation_priority
357,357,RADIATION,14,31,523000.920497467,5696664.290406497,0.0006919353254354065,0.0005371086274252358,True,0.19988249804572353,ground_equivalent_excess_gamma_dose_rate,uSv/h,1.0735861417166595e-05,0.761040550702202,441,441,1.0,True,True,highest_radiation_equivalent_priority,radiation_priority
357,357,RADIATION,14,32,523020.920497467,5696664.290406497,0.0003460077405996308,0.0005371086274252358,False,0.22124785959179222,ground_equivalent_excess_gamma_dose_rate,uSv/h,1.1883413418611881e-05,1.0364286746565,441,441,1.0,False,False,lower_radiation_equivalent_priority,radiation_priority
357,357,RADIATION,14,33,523040.920497467,5696664.290406497,0.0,0.0005371086274252358,False,0.24201491402005068,ground_equivalent_excess_gamma_dose_rate,uSv/h,1.2998829828574586e-05,1.5195910724239827,441,441,1.0,False,False,lower_radiation_equivalent_priority,radiation_priority
357,357,RADIATION,15,31,523000.920497467,5696684.290406497,0.0006887570375813843,0.0005371086274252358,True,0.19412423962383232,ground_equivalent_excess_gamma_dose_rate,uSv/h,1.0426580389432415e-05,1.3673771026082457,441,441,1.0,True,False,lower_radiation_equivalent_priority,radiation_priority
357,357,RADIATION,15,33,523040.920497467,5696684.290406497,0.0,0.0005371086274252358,False,0.23776613751552636,ground_equivalent_excess_gamma_dose_rate,uSv/h,1.2770624376916422e-05,1.7197880424379022,441,441,1.0,False,False,lower_radiation_equivalent_priority,radiation_priority
357,357,RADIATION,16,31,523000.920497467,5696704.290406497,0.0006040169918003277,0.0005371086274252358,True,0.19115003551783663,ground_equivalent_excess_gamma_dose_rate,uSv/h,1.026683332092703e-05,1.4707567314936143,441,441,1.0,True,False,lower_radiation_equivalent_priority,radiation_priority
357,357,RADIATION,16,32,523020.920497467,5696704.290406497,0.0,0.0005371086274252358,False,0.1977626136814468,ground_equivalent_excess_gamma_dose_rate,uSv/h,1.0622000599046906e-05,1.9220266685215994,441,441,1.0,False,False,lower_radiation_equivalent_priority,radiation_priority
357,357,RADIATION,16,33,523040.920497467,5696704.290406497,0.0,0.0005371086274252358,False,0.23455064032722467,ground_equivalent_excess_gamma_dose_rate,uSv/h,1.259791724878658e-05,1.8536555385908893,441,441,1.0,False,False,lower_radiation_equivalent_priority,radiation_priority
358,358,RADIATION,13,30,522980.9204974669,5696644.290406497,0.0006960030406955485,0.0005371086274252358,True,0.1804522091305882,ground_equivalent_excess_gamma_dose_rate,uSv/h,9.692243836198184e-06,0.9600954723572176,441,441,1.0,True,False,lower_radiation_equivalent_priority,radiation_priority
358,358,RADIATION,13,31,523000.920497467,5696644.290406497,0.00034797902054089954,0.0005371086274252358,False,0.191847715929785,ground_equivalent_excess_gamma_dose_rate,uSv/h,1.0304306337771337e-05,1.5057514703337567,441,441,1.0,False,False,lower_radiation_equivalent_priority,radiation_priority
358,358,RADIATION,13,32,523020.920497467,5696644.290406497,0.0,0.0005371086274252358,False,0.21798298531265517,ground_equivalent_excess_gamma_dose_rate,uSv/h,1.1708054204333554e-05,1.5320248128797191,441,441,1.0,False,False,lower_radiation_equivalent_priority,radiation_priority
358,358,RADIATION,14,30,522980.9204974669,5696664.290406497,0.0010367360581222842,0.0005371086274252358,True,0.17999912775929977,ground_equivalent_excess_gamma_dose_rate,uSv/h,9.667908444853716e-06,0.8607117359845151,441,441,1.0,True,False,lower_radiation_equivalent_priority,radiation_priority
358,358,RADIATION,14,32,523020.920497467,5696664.290406497,0.0,0.0005371086274252358,False,0.2166275206570324,ground_equivalent_excess_gamma_dose_rate,uSv/h,1.1635251028263058e-05,1.4210155322467908,441,441,1.0,False,False,lower_radiation_equivalent_priority,radiation_priority
358,358,RADIATION,15,30,522980.9204974669,5696684.290406497,0.0012896415127104488,0.0005371086274252358,True,0.18678583665262266,ground_equivalent_excess_gamma_dose_rate,uSv/h,1.0032428434696445e-05,0.744334681411178,441,441,1.0,True,True,highest_radiation_equivalent_priority,radiation_priority
358,358,RADIATION,15,31,523000.920497467,5696684.290406497,0.0003427492969817535,0.0005371086274252358,False,0.19016177735481754,ground_equivalent_excess_gamma_dose_rate,uSv/h,1.0213753122378934e-05,1.4754602505332899,441,441,1.0,False,False,lower_radiation_equivalent_priority,radiation_priority
358,358,RADIATION,15,32,523020.920497467,5696684.290406497,0.0,0.0005371086274252358,False,0.2009830686236579,ground_equivalent_excess_gamma_dose_rate,uSv/h,1.0794974012416486e-05,1.8412621440711023,441,441,1.0,False,False,lower_radiation_equivalent_priority,radiation_priority
359,359,RADIATION,14,29,522960.9204974669,5696664.290406497,0.0010402725599472935,0.0005371086274252358,True,0.16820541363472863,ground_equivalent_excess_gamma_dose_rate,uSv/h,9.034457884284313e-06,0.7363464602919195,441,441,1.0,True,False,lower_radiation_equivalent_priority,radiation_priority
359,359,RADIATION,14,30,522980.9204974669,5696664.290406497,0.0006939867611405308,0.0005371086274252358,True,0.17599529439485317,ground_equivalent_excess_gamma_dose_rate,uSv/h,9.452859100571988e-06,1.4034011073521215,441,441,1.0,True,False,lower_radiation_equivalent_priority,radiation_priority
359,359,RADIATION,14,31,523000.920497467,5696664.290406497,0.0,0.0005371086274252358,False,0.18560319264381708,ground_equivalent_excess_gamma_dose_rate,uSv/h,9.96890760466622e-06,1.5323409684903977,441,441,1.0,False,False,lower_radiation_equivalent_priority,radiation_priority
359,359,RADIATION,15,29,522960.9204974669,5696684.290406497,0.0015632897568356716,0.0005371086274252358,True,0.16037600900212334,ground_equivalent_excess_gamma_dose_rate,uSv/h,8.613933806706773e-06,0.8412438677892633,441,441,1.0,True,False,lower_radiation_equivalent_priority,radiation_priority
359,359,RADIATION,15,31,523000.920497467,5696684.290406497,0.0,0.0005371086274252358,False,0.1878265629385034,ground_equivalent_excess_gamma_dose_rate,uSv/h,1.0088326741389921e-05,1.6128786194831248,441,441,1.0,False,False,lower_radiation_equivalent_priority,radiation_priority
359,359,RADIATION,16,29,522960.9204974669,5696704.290406497,0.0015421294909578457,0.0005371086274252358,True,0.1581763180339482,ground_equivalent_excess_gamma_dose_rate,uSv/h,8.495786507039148e-06,0.639999567687636,441,441,1.0,True,False,lower_radiation_equivalent_priority,radiation_priority
359,359,RADIATION,16,30,522980.9204974669,5696704.290406497,0.0011975612596710904,0.0005371086274252358,True,0.17761412735162455,ground_equivalent_excess_gamma_dose_rate,uSv/h,9.539808015316209e-06,0.9729072125990502,441,441,1.0,True,True,highest_radiation_equivalent_priority,radiation_priority
359,359,RADIATION,16,31,523000.920497467,5696704.290406497,0.0,0.0005371086274252358,False,0.1880138645047118,ground_equivalent_excess_gamma_dose_rate,uSv/h,1.0098386870104002e-05,1.5881928801712337,441,441,1.0,False,False,lower_radiation_equivalent_priority,radiation_priority
360,360,RADIATION,15,29,522960.9204974669,5696684.290406497,0.0009589411599302629,0.0005371086274252358,True,0.15962786617008817,ground_equivalent_excess_gamma_dose_rate,uSv/h,8.573750409743529e-06,1.2763603627729072,441,441,1.0,True,False,lower_radiation_equivalent_priority,radiation_priority
360,360,RADIATION,15,30,522980.9204974669,5696684.290406497,0.0,0.0005371086274252358,False,0.16839088941379599,ground_equivalent_excess_gamma_dose_rate,uSv/h,9.044419948395862e-06,1.7317698299357904,441,441,1.0,False,False,lower_radiation_equivalent_priority,radiation_priority
360,360,RADIATION,15,31,523000.920497467,5696684.290406497,0.0,0.0005371086274252358,False,0.18561134433044302,ground_equivalent_excess_gamma_dose_rate,uSv/h,9.969345438787706e-06,1.7041387793691234,441,441,1.0,False,False,lower_radiation_equivalent_priority,radiation_priority
360,360,RADIATION,16,29,522960.9204974669,5696704.290406497,0.0009377808940524367,0.0005371086274252358,True,0.15638970476588193,ground_equivalent_excess_gamma_dose_rate,uSv/h,8.39982596702407e-06,1.2748864055344464,441,441,1.0,True,False,lower_radiation_equivalent_priority,radiation_priority
360,360,RADIATION,16,31,523000.920497467,5696704.290406497,0.0,0.0005371086274252358,False,0.18557081419219912,ground_equivalent_excess_gamma_dose_rate,uSv/h,9.967168530095554e-06,1.7038261946612472,441,441,1.0,False,False,lower_radiation_equivalent_priority,radiation_priority
360,360,RADIATION,17,29,522960.9204974669,5696724.290406497,0.0009903940527660028,0.0005371086274252358,True,0.15502534928812142,ground_equivalent_excess_gamma_dose_rate,uSv/h,8.326545257226066e-06,0.7265476886833271,441,441,1.0,True,False,lower_radiation_equivalent_priority,radiation_priority
360,360,RADIATION,17,30,522980.9204974669,5696724.290406497,0.000656791227783038,0.0005371086274252358,True,0.17263146179032807,ground_equivalent_excess_gamma_dose_rate,uSv/h,9.272184749261515e-06,0.9950928292587237,441,441,1.0,True,True,highest_radiation_equivalent_priority,radiation_priority
360,360,RADIATION,17,31,523000.920497467,5696724.290406497,0.0,0.0005371086274252358,False,0.18395515383337716,ground_equivalent_excess_gamma_dose_rate,uSv/h,9.88039001832433e-06,1.6030844352186406,441,441,1.0,False,False,lower_radiation_equivalent_priority,radiation_priority
361,361,RADIATION,16,29,522960.9204974669,5696704.290406497,0.0006053176859986316,0.0005371086274252358,True,0.15595652602361676,ground_equivalent_excess_gamma_dose_rate,uSv/h,8.376559563055287e-06,1.431517128692656,441,441,1.0,True,False,lower_radiation_equivalent_priority,radiation_priority
361,361,RADIATION,16,30,522980.9204974669,5696704.290406497,0.0,0.0005371086274252358,False,0.16150009877792493,ground_equivalent_excess_gamma_dose_rate,uSv/h,8.674309638365126e-06,1.8963847941538712,441,441,1.0,False,False,lower_radiation_equivalent_priority,radiation_priority
361,361,RADIATION,16,31,523000.920497467,5696704.290406497,0.0,0.0005371086274252358,False,0.18517038431192595,ground_equivalent_excess_gamma_dose_rate,uSv/h,9.945661095758196e-06,1.7515117045778692,441,441,1.0,False,False,lower_radiation_equivalent_priority,radiation_priority
361,361,RADIATION,17,29,522960.9204974669,5696724.290406497,0.0006579308447121978,0.0005371086274252358,True,0.15310383784936574,ground_equivalent_excess_gamma_dose_rate,uSv/h,8.223339220080869e-06,1.3614345265301373,441,441,1.0,True,False,lower_radiation_equivalent_priority,radiation_priority
361,361,RADIATION,17,31,523000.920497467,5696724.290406497,0.0,0.0005371086274252358,False,0.18173157225889833,ground_equivalent_excess_gamma_dose_rate,uSv/h,9.760959533580695e-06,1.718717749708654,441,441,1.0,False,False,lower_radiation_equivalent_priority,radiation_priority
361,361,RADIATION,18,29,522960.9204974669,5696744.290406497,0.0009652887307928349,0.0005371086274252358,True,0.15142907365589212,ground_equivalent_excess_gamma_dose_rate,uSv/h,8.133386190359114e-06,0.7265476886833271,441,441,1.0,True,False,lower_radiation_equivalent_priority,radiation_priority
361,361,RADIATION,18,30,522980.9204974669,5696744.290406497,0.0006390139137206566,0.0005371086274252358,True,0.1672001634775705,ground_equivalent_excess_gamma_dose_rate,uSv/h,8.980465031071292e-06,0.9950928292587237,441,441,1.0,True,True,highest_radiation_equivalent_priority,radiation_priority
361,361,RADIATION,18,31,523000.920497467,5696744.290406497,0.0,0.0005371086274252358,False,0.17829997035324674,ground_equivalent_excess_gamma_dose_rate,uSv/h,9.576645234639259e-06,1.6030844352186406,441,441,1.0,False,False,lower_radiation_equivalent_priority,radiation_priority
362,362,RADIATION,17,29,522960.9204974669,5696724.290406497,0.0003332351812186475,0.0005371086274252358,False,0.15262788707552177,ground_equivalent_excess_gamma_dose_rate,uSv/h,8.19777549339474e-06,1.4707567314975794,441,441,1.0,False,False,lower_radiation_equivalent_priority,radiation_priority
362,362,RADIATION,17,30,522980.9204974669,5696724.290406497,0.0,0.0005371086274252358,False,0.15722799428989018,ground_equivalent_excess_gamma_dose_rate,uSv/h,8.444851220586572e-06,1.9220266685208385,441,441,1.0,False,False,lower_radiation_equivalent_priority,radiation_priority
362,362,RADIATION,17,31,523000.920497467,5696724.290406497,0.0,0.0005371086274252358,False,0.18133039213646068,ground_equivalent_excess_gamma_dose_rate,uSv/h,9.739411803089417e-06,1.7662280749012116,441,441,1.0,False,False,lower_radiation_equivalent_priority,radiation_priority
362,362,RADIATION,18,29,522960.9204974669,5696744.290406497,0.0006405930672992845,0.0005371086274252358,True,0.1492240483203058,ground_equivalent_excess_gamma_dose_rate,uSv/h,8.014952377215651e-06,1.3614345265301373,441,441,1.0,True,False,lower_radiation_equivalent_priority,radiation_priority
362,362,RADIATION,18,31,523000.920497467,5696744.290406497,0.0,0.0005371086274252358,False,0.17617400686886708,ground_equivalent_excess_gamma_dose_rate,uSv/h,9.462457901734125e-06,1.718717749708654,441,441,1.0,False,False,lower_radiation_equivalent_priority,radiation_priority
362,362,RADIATION,19,29,522960.9204974669,5696764.290406497,0.0009336076337815349,0.0005371086274252358,True,0.1472988914778593,ground_equivalent_excess_gamma_dose_rate,uSv/h,7.911550542293177e-06,0.7265476886833271,441,441,1.0,True,False,lower_radiation_equivalent_priority,radiation_priority
362,362,RADIATION,19,30,522980.9204974669,5696764.290406497,0.0006166196473348254,0.0005371086274252358,True,0.1599539245605177,ground_equivalent_excess_gamma_dose_rate,uSv/h,8.591263287197938e-06,0.9828784771210122,441,441,1.0,True,True,highest_radiation_equivalent_priority,radiation_priority
362,362,RADIATION,19,31,523000.920497467,5696764.290406497,0.00030248653147092156,0.0005371086274252358,False,0.17271520529354842,ground_equivalent_excess_gamma_dose_rate,uSv/h,9.276682685068562e-06,1.511561264503128,441,441,1.0,False,False,lower_radiation_equivalent_priority,radiation_priority
363,363,RADIATION,18,29,522960.9204974669,5696744.290406497,0.00032576940643415283,0.0005371086274252358,False,0.14869269017515274,ground_equivalent_excess_gamma_dose_rate,uSv/h,7.986412672814213e-06,1.4707567314975794,441,441,1.0,False,False,lower_radiation_equivalent_priority,radiation_priority
363,363,RADIATION,18,30,522980.9204974669,5696744.290406497,0.0,0.0005371086274252358,False,0.1530344941087373,ground_equivalent_excess_gamma_dose_rate,uSv/h,8.219614707945922e-06,1.9220266685208385,441,441,1.0,False,False,lower_radiation_equivalent_priority,radiation_priority
363,363,RADIATION,18,31,523000.920497467,5696744.290406497,0.0,0.0005371086274252358,False,0.17578350427358583,ground_equivalent_excess_gamma_dose_rate,uSv/h,9.441483670438375e-06,1.7662280749012116,441,441,1.0,False,False,lower_radiation_equivalent_priority,radiation_priority
363,363,RADIATION,19,29,522960.9204974669,5696764.290406497,0.0006187839729164032,0.0005371086274252358,True,0.14486301756416572,ground_equivalent_excess_gamma_dose_rate,uSv/h,7.780717652856688e-06,1.3614345265301373,441,441,1.0,True,False,lower_radiation_equivalent_priority,radiation_priority
363,363,RADIATION,19,31,523000.920497467,5696764.290406497,0.00030248653147092156,0.0005371086274252358,False,0.17053785389977616,ground_equivalent_excess_gamma_dose_rate,uSv/h,9.159735263215418e-06,1.6349433127862754,441,441,1.0,False,False,lower_radiation_equivalent_priority,radiation_priority
363,363,RADIATION,20,29,522960.9204974669,5696784.290406497,0.0008942485419322105,0.0005371086274252358,True,0.1427335834000611,ground_equivalent_excess_gamma_dose_rate,uSv/h,7.666343906749223e-06,0.7265476886833271,441,441,1.0,True,False,lower_radiation_equivalent_priority,radiation_priority
363,363,RADIATION,20,30,522980.9204974669,5696784.290406497,0.0008912974985351796,0.0005371086274252358,True,0.14669836666419947,ground_equivalent_excess_gamma_dose_rate,uSv/h,7.879295836453215e-06,0.9495542775039886,441,441,1.0,True,False,lower_radiation_equivalent_priority,radiation_priority
363,363,RADIATION,20,31,523000.920497467,5696784.290406497,0.000589753257566859,0.0005371086274252358,True,0.17268343371952782,ground_equivalent_excess_gamma_dose_rate,uSv/h,9.274976206417226e-06,0.9622429797699383,441,441,1.0,True,True,highest_radiation_equivalent_priority,radiation_priority
364,364,RADIATION,19,30,522980.9204974669,5696764.290406497,0.0,0.0005371086274252358,False,0.14900617714360959,ground_equivalent_excess_gamma_dose_rate,uSv/h,8.003250328348568e-06,1.8497386611166966,441,441,1.0,False,False,lower_radiation_equivalent_priority,radiation_priority
364,364,RADIATION,19,31,523000.920497467,5696764.290406497,0.0,0.0005371086274252358,False,0.16917811413967224,ground_equivalent_excess_gamma_dose_rate,uSv/h,9.086702467594922e-06,1.7442655177534225,441,441,1.0,False,False,lower_radiation_equivalent_priority,radiation_priority
364,364,RADIATION,19,32,523020.920497467,5696764.290406497,0.0,0.0005371086274252358,False,0.17834966289365686,ground_equivalent_excess_gamma_dose_rate,uSv/h,9.579314263856555e-06,1.9170477881265895,441,441,1.0,False,False,lower_radiation_equivalent_priority,radiation_priority
364,364,RADIATION,20,30,522980.9204974669,5696784.290406497,0.000588810967064258,0.0005371086274252358,True,0.1490699912359943,ground_equivalent_excess_gamma_dose_rate,uSv/h,8.006677838305682e-06,1.5073961373268867,441,441,1.0,True,False,lower_radiation_equivalent_priority,radiation_priority
364,364,RADIATION,20,32,523020.920497467,5696784.290406497,0.00028999838624839847,0.0005371086274252358,False,0.17624437709785462,ground_equivalent_excess_gamma_dose_rate,uSv/h,9.466237547444435e-06,1.6263040960614181,441,441,1.0,False,False,lower_radiation_equivalent_priority,radiation_priority
364,364,RADIATION,21,30,522980.9204974669,5696804.290406497,0.0008409904916961881,0.0005371086274252358,True,0.14968173157126513,ground_equivalent_excess_gamma_dose_rate,uSv/h,8.03953493948748e-06,0.7473163971792844,441,441,1.0,True,False,lower_radiation_equivalent_priority,radiation_priority
364,364,RADIATION,21,31,523000.920497467,5696804.290406497,0.0008450116292506225,0.0005371086274252358,True,0.15559136403953416,ground_equivalent_excess_gamma_dose_rate,uSv/h,8.35694639784944e-06,0.9273519281608444,441,441,1.0,True,False,lower_radiation_equivalent_priority,radiation_priority
364,364,RADIATION,21,32,523020.920497467,5696804.290406497,0.0005624076213299901,0.0005371086274252358,True,0.1810270246323684,ground_equivalent_excess_gamma_dose_rate,uSv/h,9.723117672716574e-06,0.9473514247234001,441,441,1.0,True,True,highest_radiation_equivalent_priority,radiation_priority
365,365,RADIATION,20,31,523000.920497467,5696784.290406497,0.0,0.0005371086274252358,False,0.1607598720545223,ground_equivalent_excess_gamma_dose_rate,uSv/h,8.6345514224261e-06,1.7306316106796622,441,441,1.0,False,False,lower_radiation_equivalent_priority,radiation_priority
365,365,RADIATION,20,32,523020.920497467,5696784.290406497,0.0,0.0005371086274252358,False,0.17311585271565158,ground_equivalent_excess_gamma_dose_rate,uSv/h,9.29820180376529e-06,1.7557429513332348,441,441,1.0,False,False,lower_radiation_equivalent_priority,radiation_priority
365,365,RADIATION,20,33,523040.920497467,5696784.290406497,0.0,0.0005371086274252358,False,0.19044712727137644,ground_equivalent_excess_gamma_dose_rate,uSv/h,1.022907951258082e-05,1.6751981209294375,441,441,1.0,False,False,lower_radiation_equivalent_priority,radiation_priority
365,365,RADIATION,21,31,523000.920497467,5696804.290406497,0.0005550132430022241,0.0005371086274252358,True,0.1561047566746579,ground_equivalent_excess_gamma_dose_rate,uSv/h,8.384521159207591e-06,1.5054561844862067,441,441,1.0,True,False,lower_radiation_equivalent_priority,radiation_priority
365,365,RADIATION,21,33,523040.920497467,5696804.290406497,0.0002781558551490939,0.0005371086274252358,False,0.1846866286815426,ground_equivalent_excess_gamma_dose_rate,uSv/h,9.919678163493753e-06,1.6064178506659768,441,441,1.0,False,False,lower_radiation_equivalent_priority,radiation_priority
365,365,RADIATION,22,31,523000.920497467,5696824.290406497,0.0007823170934249345,0.0005371086274252358,True,0.15656383189605017,ground_equivalent_excess_gamma_dose_rate,uSv/h,8.409178485412285e-06,0.7473163971795503,441,441,1.0,True,False,lower_radiation_equivalent_priority,radiation_priority
365,365,RADIATION,22,32,523020.920497467,5696824.290406497,0.0007981652006322607,0.0005371086274252358,True,0.16284895275972758,ground_equivalent_excess_gamma_dose_rate,uSv/h,8.746757749441434e-06,0.9273519281611053,441,441,1.0,True,False,lower_radiation_equivalent_priority,radiation_priority
365,365,RADIATION,22,33,523040.920497467,5696824.290406497,0.0005372469343039152,0.0005371086274252358,True,0.18793301140823132,ground_equivalent_excess_gamma_dose_rate,uSv/h,1.009404418053663e-05,0.9641829326133561,441,441,1.0,True,True,highest_radiation_equivalent_priority,radiation_priority
366,366,RADIATION,21,32,523020.920497467,5696804.290406497,0.0,0.0005371086274252358,False,0.16780260004701913,ground_equivalent_excess_gamma_dose_rate,uSv/h,9.012822418964025e-06,1.715740055633124,441,441,1.0,False,False,lower_radiation_equivalent_priority,radiation_priority
366,366,RADIATION,21,33,523040.920497467,5696804.290406497,0.0,0.0005371086274252358,False,0.18316857706970896,ground_equivalent_excess_gamma_dose_rate,uSv/h,9.83814230173449e-06,1.715740055633124,441,441,1.0,False,False,lower_radiation_equivalent_priority,radiation_priority
366,366,RADIATION,21,34,523060.920497467,5696804.290406497,0.0,0.0005371086274252358,False,0.20442313197607934,ground_equivalent_excess_gamma_dose_rate,uSv/h,1.097974278296398e-05,1.749212584138117,441,441,1.0,False,False,lower_radiation_equivalent_priority,radiation_priority
366,366,RADIATION,22,32,523020.920497467,5696824.290406497,0.0005200093454831668,0.0005371086274252358,False,0.1626611207780629,ground_equivalent_excess_gamma_dose_rate,uSv/h,8.736669131655587e-06,1.5054561844863508,441,441,1.0,False,False,lower_radiation_equivalent_priority,radiation_priority
366,366,RADIATION,22,34,523060.920497467,5696824.290406497,0.0002686888074088917,0.0005371086274252358,False,0.19286955134674919,ground_equivalent_excess_gamma_dose_rate,uSv/h,1.035918999959735e-05,1.6388885332288838,441,441,1.0,False,False,lower_radiation_equivalent_priority,radiation_priority
366,366,RADIATION,23,32,523020.920497467,5696844.290406497,0.0007239205931309041,0.0005371086274252358,True,0.16240356186234944,ground_equivalent_excess_gamma_dose_rate,uSv/h,8.722835420085588e-06,0.7473163971795503,441,441,1.0,True,False,lower_radiation_equivalent_priority,radiation_priority
366,366,RADIATION,23,33,523040.920497467,5696844.290406497,0.0007569208864710026,0.0005371086274252358,True,0.16896262705504636,ground_equivalent_excess_gamma_dose_rate,uSv/h,9.075128470369797e-06,0.9273519281611053,441,441,1.0,True,True,highest_radiation_equivalent_priority,radiation_priority
366,366,RADIATION,23,34,523060.920497467,5696844.290406497,0.0005183503669695599,0.0005371086274252358,False,0.19298096218619817,ground_equivalent_excess_gamma_dose_rate,uSv/h,1.0365173971903024e-05,0.9641829326133561,441,441,1.0,False,False,lower_radiation_equivalent_priority,radiation_priority
367,367,RADIATION,22,32,523020.920497467,5696824.290406497,0.0002686888074088917,0.0005371086274252358,False,0.16205247473826212,ground_equivalent_excess_gamma_dose_rate,uSv/h,8.703978227753066e-06,1.614778389453498,441,441,1.0,False,False,lower_radiation_equivalent_priority,radiation_priority
367,367,RADIATION,22,33,523040.920497467,5696824.290406497,0.0,0.0005371086274252358,False,0.1740914905870753,ground_equivalent_excess_gamma_dose_rate,uSv/h,9.350604155563738e-06,1.8092248665661015,441,441,1.0,False,False,lower_radiation_equivalent_priority,radiation_priority
367,367,RADIATION,22,34,523060.920497467,5696824.290406497,0.0,0.0005371086274252358,False,0.1923990379443158,ground_equivalent_excess_gamma_dose_rate,uSv/h,1.0333918318820732e-05,1.7367350864195157,441,441,1.0,False,False,lower_radiation_equivalent_priority,radiation_priority
367,367,RADIATION,23,32,523020.920497467,5696844.290406497,0.0004726000550566289,0.0005371086274252358,False,0.15824860090338827,ground_equivalent_excess_gamma_dose_rate,uSv/h,8.49966888231828e-06,1.3822032350246491,441,441,1.0,False,False,lower_radiation_equivalent_priority,radiation_priority
367,367,RADIATION,23,34,523060.920497467,5696844.290406497,0.00024966155956066823,0.0005371086274252358,False,0.18655410962220825,ground_equivalent_excess_gamma_dose_rate,uSv/h,1.0019982175972124e-05,1.5296357725838288,441,441,1.0,False,False,lower_radiation_equivalent_priority,radiation_priority
367,367,RADIATION,24,32,523020.920497467,5696864.290406497,0.0006430900291763831,0.0005371086274252358,True,0.15491347828004748,ground_equivalent_excess_gamma_dose_rate,uSv/h,8.320536568866539e-06,0.7265476886813684,441,441,1.0,True,False,lower_radiation_equivalent_priority,radiation_priority
367,367,RADIATION,24,33,523040.920497467,5696864.290406497,0.0006877473786450422,0.0005371086274252358,True,0.15576367668117458,ground_equivalent_excess_gamma_dose_rate,uSv/h,8.366201458493389e-06,0.9244649346043514,441,441,1.0,True,False,lower_radiation_equivalent_priority,radiation_priority
367,367,RADIATION,24,34,523060.920497467,5696864.290406497,0.0007416231414473539,0.0005371086274252358,True,0.1797482053405744,ground_equivalent_excess_gamma_dose_rate,uSv/h,9.654431185262535e-06,0.771049677038548,441,441,1.0,True,True,highest_radiation_equivalent_priority,radiation_priority
368,368,RADIATION,23,33,523040.920497467,5696844.290406497,0.0,0.0005371086274252358,False,0.16200842240819133,ground_equivalent_excess_gamma_dose_rate,uSv/h,8.701612139099145e-06,1.7965049222239928,441,441,1.0,False,False,lower_radiation_equivalent_priority,radiation_priority
368,368,RADIATION,23,34,523060.920497467,5696844.290406497,0.0,0.0005371086274252358,False,0.18373333960763533,ground_equivalent_excess_gamma_dose_rate,uSv/h,9.868476184891171e-06,1.638957977550976,441,441,1.0,False,False,lower_radiation_equivalent_priority,radiation_priority
368,368,RADIATION,23,35,523080.920497467,5696844.290406497,0.0,0.0005371086274252358,False,0.1998431421810867,ground_equivalent_excess_gamma_dose_rate,uSv/h,1.0733747579722972e-05,1.5431663086429377,441,441,1.0,False,False,lower_radiation_equivalent_priority,radiation_priority
368,368,RADIATION,24,33,523040.920497467,5696864.290406497,0.00043808581908437406,0.0005371086274252358,False,0.1564202564516863,ground_equivalent_excess_gamma_dose_rate,uSv/h,8.401466924426862e-06,1.4059365148836467,441,441,1.0,False,False,lower_radiation_equivalent_priority,radiation_priority
368,368,RADIATION,24,35,523080.920497467,5696864.290406497,0.0002462289560091299,0.0005371086274252358,False,0.19321288912125054,ground_equivalent_excess_gamma_dose_rate,uSv/h,1.0377630967677916e-05,1.0000566724468378,441,441,1.0,False,False,lower_radiation_equivalent_priority,radiation_priority
368,368,RADIATION,25,33,523040.920497467,5696884.290406497,0.0005931821644233758,0.0005371086274252358,True,0.15689372419148578,ground_equivalent_excess_gamma_dose_rate,uSv/h,8.426897285212244e-06,0.7304848892895943,441,441,1.0,True,False,lower_radiation_equivalent_priority,radiation_priority
368,368,RADIATION,25,34,523060.920497467,5696884.290406497,0.0006641838498586147,0.0005371086274252358,True,0.15781252711028892,ground_equivalent_excess_gamma_dose_rate,uSv/h,8.47624698267151e-06,0.8507922999027714,441,441,1.0,True,False,lower_radiation_equivalent_priority,radiation_priority
368,368,RADIATION,25,35,523080.920497467,5696884.290406497,0.0007381905378958156,0.0005371086274252358,True,0.18366201760739836,ground_equivalent_excess_gamma_dose_rate,uSv/h,9.864645418725923e-06,0.6825616032007304,441,441,1.0,True,True,highest_radiation_equivalent_priority,radiation_priority
369,369,RADIATION,24,34,523060.920497467,5696864.290406497,0.0,0.0005371086274252358,False,0.1640352325811342,ground_equivalent_excess_gamma_dose_rate,uSv/h,8.810473862103231e-06,1.4242384160833077,441,441,1.0,False,False,lower_radiation_equivalent_priority,radiation_priority
369,369,RADIATION,24,35,523080.920497467,5696864.290406497,0.0,0.0005371086274252358,False,0.18957803278482105,ground_equivalent_excess_gamma_dose_rate,uSv/h,1.018239969790316e-05,1.3251399561496204,441,441,1.0,False,False,lower_radiation_equivalent_priority,radiation_priority
369,369,RADIATION,24,36,523100.920497467,5696864.290406497,0.0,0.0005371086274252358,False,0.20266972250922638,ground_equivalent_excess_gamma_dose_rate,uSv/h,1.08855656477584e-05,1.5431663086429377,441,441,1.0,False,False,lower_radiation_equivalent_priority,radiation_priority
369,369,RADIATION,25,34,523060.920497467,5696884.290406497,0.0004179548938494848,0.0005371086274252358,False,0.15837293212849196,ground_equivalent_excess_gamma_dose_rate,uSv/h,8.506346819684435e-06,1.3174484410458291,441,441,1.0,False,False,lower_radiation_equivalent_priority,radiation_priority
369,369,RADIATION,25,36,523100.920497467,5696884.290406497,0.00024966155956066823,0.0005371086274252358,False,0.1947352702811511,ground_equivalent_excess_gamma_dose_rate,uSv/h,1.0459399373199136e-05,0.9882950314622696,441,441,1.0,False,False,lower_radiation_equivalent_priority,radiation_priority
369,369,RADIATION,26,34,523060.920497467,5696904.290406497,0.0005744355899153467,0.0005371086274252358,True,0.15862766903848896,ground_equivalent_excess_gamma_dose_rate,uSv/h,8.520028958892738e-06,0.7304848892895943,441,441,1.0,True,False,lower_radiation_equivalent_priority,radiation_priority
369,369,RADIATION,26,35,523080.920497467,5696904.290406497,0.000667616453410153,0.0005371086274252358,True,0.15958138687457407,ground_equivalent_excess_gamma_dose_rate,uSv/h,8.571253966681803e-06,0.8507922999027714,441,441,1.0,True,False,lower_radiation_equivalent_priority,radiation_priority
369,369,RADIATION,26,36,523100.920497467,5696904.290406497,0.0007552619079573958,0.0005371086274252358,True,0.18443086874768283,ground_equivalent_excess_gamma_dose_rate,uSv/h,9.905941076791173e-06,0.6825616032007304,441,441,1.0,True,True,highest_radiation_equivalent_priority,radiation_priority
370,370,RADIATION,25,35,523080.920497467,5696884.290406497,0.0,0.0005371086274252358,False,0.1659754244741127,ground_equivalent_excess_gamma_dose_rate,uSv/h,8.914683242561155e-06,1.3633680254423997,441,441,1.0,False,False,lower_radiation_equivalent_priority,radiation_priority
370,370,RADIATION,25,36,523100.920497467,5696884.290406497,0.0,0.0005371086274252358,False,0.19095542419848943,ground_equivalent_excess_gamma_dose_rate,uSv/h,1.0256380579065432e-05,1.3251399561496204,441,441,1.0,False,False,lower_radiation_equivalent_priority,radiation_priority
370,370,RADIATION,25,37,523120.920497467,5696884.290406497,0.0,0.0005371086274252358,False,0.20291661811955095,ground_equivalent_excess_gamma_dose_rate,uSv/h,1.0898826623996274e-05,1.5431663086429377,441,441,1.0,False,False,lower_radiation_equivalent_priority,radiation_priority
370,370,RADIATION,26,35,523080.920497467,5696904.290406497,0.0004179548938494848,0.0005371086274252358,False,0.15919061059156298,ground_equivalent_excess_gamma_dose_rate,uSv/h,8.55026503538196e-06,1.3174484410458291,441,441,1.0,False,False,lower_radiation_equivalent_priority,radiation_priority
370,370,RADIATION,26,37,523120.920497467,5696904.290406497,0.00025909107915482135,0.0005371086274252358,False,0.1938485222814732,ground_equivalent_excess_gamma_dose_rate,uSv/h,1.0411771373101232e-05,0.9882950314622696,441,441,1.0,False,False,lower_radiation_equivalent_priority,radiation_priority
370,370,RADIATION,27,35,523080.920497467,5696924.290406497,0.0005931821644233758,0.0005371086274252358,True,0.15877049023258655,ground_equivalent_excess_gamma_dose_rate,uSv/h,8.527700008445636e-06,0.7304848892895943,441,441,1.0,True,False,lower_radiation_equivalent_priority,radiation_priority
370,370,RADIATION,27,36,523100.920497467,5696924.290406497,0.0006971768982391955,0.0005371086274252358,True,0.15973893830708943,ground_equivalent_excess_gamma_dose_rate,uSv/h,8.579716190048522e-06,0.8507922999027714,441,441,1.0,True,False,lower_radiation_equivalent_priority,radiation_priority
370,370,RADIATION,27,37,523120.920497467,5696924.290406497,0.0007885674723781903,0.0005371086274252358,True,0.18303304365539347,ground_equivalent_excess_gamma_dose_rate,uSv/h,9.830862685121165e-06,0.6825616032007304,441,441,1.0,True,True,highest_radiation_equivalent_priority,radiation_priority
371,371,RADIATION,26,36,523100.920497467,5696904.290406497,0.0,0.0005371086274252358,False,0.16614070483535856,ground_equivalent_excess_gamma_dose_rate,uSv/h,8.923560593358068e-06,1.3633680254423997,441,441,1.0,False,False,lower_radiation_equivalent_priority,radiation_priority
371,371,RADIATION,26,37,523120.920497467,5696904.290406497,0.0,0.0005371086274252358,False,0.190008756727177,ground_equivalent_excess_gamma_dose_rate,uSv/h,1.0205534252450957e-05,1.3251399561496204,441,441,1.0,False,False,lower_radiation_equivalent_priority,radiation_priority
371,371,RADIATION,26,38,523140.920497467,5696904.290406497,0.0,0.0005371086274252358,False,0.19988417606653955,ground_equivalent_excess_gamma_dose_rate,uSv/h,1.0735951545112323e-05,1.5441067471996934,441,441,1.0,False,False,lower_radiation_equivalent_priority,radiation_priority
371,371,RADIATION,27,36,523100.920497467,5696924.290406497,0.00043808581908437406,0.0005371086274252358,False,0.15857150932171576,ground_equivalent_excess_gamma_dose_rate,uSv/h,8.517012572053475e-06,1.3174484410458291,441,441,1.0,False,False,lower_radiation_equivalent_priority,radiation_priority
371,371,RADIATION,27,38,523140.920497467,5696924.290406497,0.0002724092350815916,0.0005371086274252358,False,0.1919496271136134,ground_equivalent_excess_gamma_dose_rate,uSv/h,1.0309780075377871e-05,0.9882950314622696,441,441,1.0,False,False,lower_radiation_equivalent_priority,radiation_priority
371,371,RADIATION,28,36,523100.920497467,5696944.290406497,0.0006430900291763831,0.0005371086274252358,True,0.15804888077002455,ground_equivalent_excess_gamma_dose_rate,uSv/h,8.488941741648262e-06,0.7304848892895943,441,441,1.0,True,False,lower_radiation_equivalent_priority,radiation_priority
371,371,RADIATION,28,37,523120.920497467,5696944.290406497,0.0007450092901382206,0.0005371086274252358,True,0.15827615198319836,ground_equivalent_excess_gamma_dose_rate,uSv/h,8.501148674584368e-06,0.8507922999027714,441,441,1.0,True,False,lower_radiation_equivalent_priority,radiation_priority
371,371,RADIATION,28,38,523140.920497467,5696944.290406497,0.0008310964287388818,0.0005371086274252358,True,0.1774955212064806,ground_equivalent_excess_gamma_dose_rate,uSv/h,9.533437576933963e-06,0.6825616032007304,441,441,1.0,True,True,highest_radiation_equivalent_priority,radiation_priority
372,372,RADIATION,27,37,523120.920497467,5696924.290406497,0.0,0.0005371086274252358,False,0.16454889153775956,ground_equivalent_excess_gamma_dose_rate,uSv/h,8.838062927819005e-06,1.3633680254423997,441,441,1.0,False,False,lower_radiation_equivalent_priority,radiation_priority
372,372,RADIATION,27,38,523140.920497467,5696924.290406497,0.0,0.0005371086274252358,False,0.187927467076415,ground_equivalent_excess_gamma_dose_rate,uSv/h,1.0093746389691445e-05,1.3251399561496204,441,441,1.0,False,False,lower_radiation_equivalent_priority,radiation_priority
372,372,RADIATION,27,39,523160.920497467,5696924.290406497,0.0,0.0005371086274252358,False,0.20188585736418052,ground_equivalent_excess_gamma_dose_rate,uSv/h,1.0843463574544192e-05,1.4102688674568356,441,441,1.0,False,False,lower_radiation_equivalent_priority,radiation_priority
372,372,RADIATION,28,37,523120.920497467,5696944.290406497,0.0004726000550566289,0.0005371086274252358,False,0.157132918880784,ground_equivalent_excess_gamma_dose_rate,uSv/h,8.439744638337882e-06,1.3174484410458291,441,441,1.0,False,False,lower_radiation_equivalent_priority,radiation_priority
372,372,RADIATION,28,39,523160.920497467,5696944.290406497,0.0005917620104612716,0.0005371086274252358,True,0.1863568671858437,ground_equivalent_excess_gamma_dose_rate,uSv/h,1.0009388114545548e-05,0.9123386732153208,441,441,1.0,True,True,highest_radiation_equivalent_priority,radiation_priority
372,372,RADIATION,29,37,523120.920497467,5696964.290406497,0.0007100307534490921,0.0005371086274252358,True,0.1558424395922488,ground_equivalent_excess_gamma_dose_rate,uSv/h,8.370431882399297e-06,0.7304848892895943,441,441,1.0,True,False,lower_radiation_equivalent_priority,radiation_priority
372,372,RADIATION,29,38,523140.920497467,5696964.290406497,0.0008008950121119802,0.0005371086274252358,True,0.154779779433876,ground_equivalent_excess_gamma_dose_rate,uSv/h,8.313355488490988e-06,0.8507922999027714,441,441,1.0,True,False,lower_radiation_equivalent_priority,radiation_priority
372,372,RADIATION,29,39,523160.920497467,5696964.290406497,0.0008760776931601913,0.0005371086274252358,True,0.15442742875109683,ground_equivalent_excess_gamma_dose_rate,uSv/h,8.294430429331001e-06,0.6657300953107743,441,441,1.0,True,False,lower_radiation_equivalent_priority,radiation_priority
373,373,RADIATION,27,38,523140.920497467,5696924.290406497,0.0,0.0005371086274252358,False,0.185627645277344,ground_equivalent_excess_gamma_dose_rate,uSv/h,9.97022097670928e-06,1.5373494865105788,441,441,1.0,False,False,lower_radiation_equivalent_priority,radiation_priority
373,373,RADIATION,27,39,523160.920497467,5696924.290406497,0.0,0.0005371086274252358,False,0.19901251474543222,ground_equivalent_excess_gamma_dose_rate,uSv/h,1.068913386353636e-05,1.527663348633262,441,441,1.0,False,False,lower_radiation_equivalent_priority,radiation_priority
373,373,RADIATION,27,40,523180.920497467,5696924.290406497,0.0,0.0005371086274252358,False,0.21200027961811183,ground_equivalent_excess_gamma_dose_rate,uSv/h,1.1386717919945024e-05,1.5326303331108464,441,441,1.0,False,False,lower_radiation_equivalent_priority,radiation_priority
373,373,RADIATION,28,38,523140.920497467,5696944.290406497,0.0,0.0005371086274252358,False,0.16161012122488133,ground_equivalent_excess_gamma_dose_rate,uSv/h,8.680219038912198e-06,1.694593387555698,441,441,1.0,False,False,lower_radiation_equivalent_priority,radiation_priority
373,373,RADIATION,28,40,523180.920497467,5696944.290406497,0.0006187839729163935,0.0005371086274252358,True,0.19956856876499587,ground_equivalent_excess_gamma_dose_rate,uSv/h,1.0719000004658573e-05,1.015985222737657,441,441,1.0,True,True,highest_radiation_equivalent_priority,radiation_priority
373,373,RADIATION,29,38,523140.920497467,5696964.290406497,0.0005136282860160428,0.0005371086274252358,False,0.15874094636253883,ground_equivalent_excess_gamma_dose_rate,uSv/h,8.526113181696621e-06,1.2888981551067742,441,441,1.0,False,False,lower_radiation_equivalent_priority,radiation_priority
373,373,RADIATION,29,39,523160.920497467,5696964.290406497,0.0005888109670642539,0.0005371086274252358,True,0.16196818324408352,ground_equivalent_excess_gamma_dose_rate,uSv/h,8.699450858878878e-06,1.2888981551067742,441,441,1.0,True,False,lower_radiation_equivalent_priority,radiation_priority
373,373,RADIATION,29,40,523180.920497467,5696964.290406497,0.0009191061788057441,0.0005371086274252358,True,0.16946837841175816,ground_equivalent_excess_gamma_dose_rate,uSv/h,9.102292812071988e-06,0.7604002877252596,441,441,1.0,True,False,lower_radiation_equivalent_priority,radiation_priority
374,374,RADIATION,27,39,523160.920497467,5696924.290406497,0.0,0.0005371086274252358,False,0.19723214290919583,ground_equivalent_excess_gamma_dose_rate,uSv/h,1.0593508556209612e-05,1.681254738255327,441,441,1.0,False,False,lower_radiation_equivalent_priority,radiation_priority
374,374,RADIATION,27,40,523180.920497467,5696924.290406497,0.0,0.0005371086274252358,False,0.20922792248534405,ground_equivalent_excess_gamma_dose_rate,uSv/h,1.1237812226513678e-05,1.6652220152815629,441,441,1.0,False,False,lower_radiation_equivalent_priority,radiation_priority
374,374,RADIATION,27,41,523200.920497467,5696924.290406497,0.0,0.0005371086274252358,False,0.21542964661069286,ground_equivalent_excess_gamma_dose_rate,uSv/h,1.1570912179777286e-05,1.6203327526533382,441,441,1.0,False,False,lower_radiation_equivalent_priority,radiation_priority
374,374,RADIATION,28,39,523160.920497467,5696944.290406497,0.0,0.0005371086274252358,False,0.17167106170820393,ground_equivalent_excess_gamma_dose_rate,uSv/h,9.220600832272637e-06,1.8789201388384502,441,441,1.0,False,False,lower_radiation_equivalent_priority,radiation_priority
374,374,RADIATION,28,41,523200.920497467,5696944.290406497,0.0003148236608651289,0.0005371086274252358,False,0.2062133617057494,ground_equivalent_excess_gamma_dose_rate,uSv/h,1.1075897566251875e-05,1.105684576913324,441,441,1.0,False,False,lower_radiation_equivalent_priority,radiation_priority
374,374,RADIATION,29,39,523160.920497467,5696964.290406497,0.0002863244355933323,0.0005371086274252358,False,0.16667438239874263,ground_equivalent_excess_gamma_dose_rate,uSv/h,8.952224875713753e-06,1.4453408780889299,441,441,1.0,False,False,lower_radiation_equivalent_priority,radiation_priority
374,374,RADIATION,29,40,523180.920497467,5696964.290406497,0.0006166196473348226,0.0005371086274252358,True,0.1719225314731769,ground_equivalent_excess_gamma_dose_rate,uSv/h,9.234107490302995e-06,1.3835683475212595,441,441,1.0,True,False,lower_radiation_equivalent_priority,radiation_priority
374,374,RADIATION,29,41,523200.920497467,5696964.290406497,0.0009538375745857833,0.0005371086274252358,True,0.1934769550982093,ground_equivalent_excess_gamma_dose_rate,uSv/h,1.0391814179121318e-05,0.7772317956152157,441,441,1.0,True,True,highest_radiation_equivalent_priority,radiation_priority
375,375,RADIATION,28,40,523180.920497467,5696944.290406497,0.0,0.0005371086274252358,False,0.18175561169591453,ground_equivalent_excess_gamma_dose_rate,uSv/h,9.762250712482678e-06,1.8433012137803046,441,441,1.0,False,False,lower_radiation_equivalent_priority,radiation_priority
375,375,RADIATION,28,41,523200.920497467,5696944.290406497,0.0,0.0005371086274252358,False,0.2019196009553832,ground_equivalent_excess_gamma_dose_rate,uSv/h,1.084527597193972e-05,1.4248747939951318,441,441,1.0,False,False,lower_radiation_equivalent_priority,radiation_priority
375,375,RADIATION,28,42,523220.920497467,5696944.290406497,0.0,0.0005371086274252358,False,0.2066220221807595,ground_equivalent_excess_gamma_dose_rate,uSv/h,1.1097847072933437e-05,1.4397866797575691,441,441,1.0,False,False,lower_radiation_equivalent_priority,radiation_priority
375,375,RADIATION,29,40,523180.920497467,5696964.290406497,0.0003017959864696937,0.0005371086274252358,False,0.16896883628663117,ground_equivalent_excess_gamma_dose_rate,uSv/h,9.075461973555185e-06,1.4871867134416719,441,441,1.0,False,False,lower_radiation_equivalent_priority,radiation_priority
375,375,RADIATION,29,42,523220.920497467,5696964.290406497,0.00032432801972923276,0.0005371086274252358,False,0.1956143752889795,ground_equivalent_excess_gamma_dose_rate,uSv/h,1.0506616861610873e-05,0.9882950314622696,441,441,1.0,False,False,lower_radiation_equivalent_priority,radiation_priority
375,375,RADIATION,30,40,523180.920497467,5696984.290406497,0.000890606953533884,0.0005371086274252358,True,0.16710399339094173,ground_equivalent_excess_gamma_dose_rate,uSv/h,8.975299652748439e-06,0.7493136449453711,441,441,1.0,True,False,lower_radiation_equivalent_priority,radiation_priority
375,375,RADIATION,30,41,523200.920497467,5696984.290406497,0.0009409476670640084,0.0005371086274252358,True,0.1663152910865242,ground_equivalent_excess_gamma_dose_rate,uSv/h,8.932937771531156e-06,0.8507922999027714,441,441,1.0,True,False,lower_radiation_equivalent_priority,radiation_priority
375,375,RADIATION,30,42,523220.920497467,5696984.290406497,0.0009812227743715286,0.0005371086274252358,True,0.18298460657454368,ground_equivalent_excess_gamma_dose_rate,uSv/h,9.828261087719993e-06,0.6825616032007304,441,441,1.0,True,True,highest_radiation_equivalent_priority,radiation_priority
376,376,RADIATION,29,41,523200.920497467,5696964.290406497,0.0,0.0005371086274252358,False,0.17272089684899083,ground_equivalent_excess_gamma_dose_rate,uSv/h,9.27698838342172e-06,1.429917667711949,441,441,1.0,False,False,lower_radiation_equivalent_priority,radiation_priority
376,376,RADIATION,29,42,523220.920497467,5696964.290406497,0.0,0.0005371086274252358,False,0.19156869958871633,ground_equivalent_excess_gamma_dose_rate,uSv/h,1.0289320129373276e-05,1.3251399561496204,441,441,1.0,False,False,lower_radiation_equivalent_priority,radiation_priority
376,376,RADIATION,29,43,523240.920497467,5696964.290406497,0.0,0.0005371086274252358,False,0.19574652132076603,ground_equivalent_excess_gamma_dose_rate,uSv/h,1.051371453898613e-05,1.5441067471996934,441,441,1.0,False,False,lower_radiation_equivalent_priority,radiation_priority
376,376,RADIATION,30,41,523200.920497467,5696984.290406497,0.0006166196473347757,0.0005371086274252358,True,0.16514780061821996,ground_equivalent_excess_gamma_dose_rate,uSv/h,8.870230851234863e-06,1.3174484410458291,441,441,1.0,True,False,lower_radiation_equivalent_priority,radiation_priority
376,376,RADIATION,30,43,523240.920497467,5696984.290406497,0.0005936843000960345,0.0005371086274252358,True,0.18482805012032466,ground_equivalent_excess_gamma_dose_rate,uSv/h,9.927274030981026e-06,0.9882950314622696,441,441,1.0,True,True,highest_radiation_equivalent_priority,radiation_priority
376,376,RADIATION,31,41,523200.920497467,5697004.290406496,0.0009336076337813223,0.0005371086274252358,True,0.16123997529044826,ground_equivalent_excess_gamma_dose_rate,uSv/h,8.66033818143316e-06,0.7304848892895943,441,441,1.0,True,False,lower_radiation_equivalent_priority,radiation_priority
376,376,RADIATION,31,42,523220.920497467,5697004.290406496,0.0012342773673952,0.0005371086274252358,True,0.15831948760152575,ground_equivalent_excess_gamma_dose_rate,uSv/h,8.503476268032214e-06,0.8507922999027714,441,441,1.0,True,False,lower_radiation_equivalent_priority,radiation_priority
376,376,RADIATION,31,43,523240.920497467,5697004.290406496,0.0017930957206060492,0.0005371086274252358,True,0.17255470299011502,ground_equivalent_excess_gamma_dose_rate,uSv/h,9.268061967878992e-06,0.6825616032007304,441,441,1.0,True,False,lower_radiation_equivalent_priority,radiation_priority
377,377,RADIATION,29,42,523220.920497467,5696964.290406497,0.0,0.0005371086274252358,False,0.18893735331422587,ground_equivalent_excess_gamma_dose_rate,uSv/h,1.0147988250796068e-05,1.612291463188415,441,441,1.0,False,False,lower_radiation_equivalent_priority,radiation_priority
377,377,RADIATION,29,43,523240.920497467,5696964.290406497,0.0,0.0005371086274252358,False,0.19340411818413578,ground_equivalent_excess_gamma_dose_rate,uSv/h,1.0387902045626925e-05,1.6661047227032701,441,441,1.0,False,False,lower_radiation_equivalent_priority,radiation_priority
377,377,RADIATION,29,44,523260.920497467,5696964.290406497,0.0,0.0005371086274252358,False,0.19707077265497266,ground_equivalent_excess_gamma_dose_rate,uSv/h,1.0584841220634305e-05,1.958701856485239,441,441,1.0,False,False,lower_radiation_equivalent_priority,radiation_priority
377,377,RADIATION,30,42,523220.920497467,5696984.290406497,0.0,0.0005371086274252358,False,0.16452143662305632,ground_equivalent_excess_gamma_dose_rate,uSv/h,8.83658830066377e-06,1.7502010219477226,441,441,1.0,False,False,lower_radiation_equivalent_priority,radiation_priority
377,377,RADIATION,30,44,523260.920497467,5696984.290406497,0.0006043485969053764,0.0005371086274252358,True,0.18819177706469697,ground_equivalent_excess_gamma_dose_rate,uSv/h,1.0107942707193537e-05,1.6066442521681785,441,441,1.0,True,True,highest_radiation_equivalent_priority,radiation_priority
377,377,RADIATION,31,42,523220.920497467,5697004.290406496,0.0006405930672991654,0.0005371086274252358,True,0.16039499879935204,ground_equivalent_excess_gamma_dose_rate,uSv/h,8.614953765099233e-06,1.3057296629967303,441,441,1.0,True,False,lower_radiation_equivalent_priority,radiation_priority
377,377,RADIATION,31,43,523240.920497467,5697004.290406496,0.0011994114205100147,0.0005371086274252358,True,0.1654967517391071,ground_equivalent_excess_gamma_dose_rate,uSv/h,8.888973316992682e-06,1.3057296629967303,441,441,1.0,True,False,lower_radiation_equivalent_priority,radiation_priority
377,377,RADIATION,31,44,523260.920497467,5697004.290406496,0.0012862017249929303,0.0005371086274252358,True,0.1808430578752742,ground_equivalent_excess_gamma_dose_rate,uSv/h,9.7132366594771e-06,0.8806114245005842,441,441,1.0,True,False,lower_radiation_equivalent_priority,radiation_priority
378,378,RADIATION,29,43,523240.920497467,5696964.290406497,0.0,0.0005371086274252358,False,0.19185189338715047,ground_equivalent_excess_gamma_dose_rate,uSv/h,1.0304530712610507e-05,2.241531090013277,441,441,1.0,False,False,lower_radiation_equivalent_priority,radiation_priority
378,378,RADIATION,29,44,523260.920497467,5696964.290406497,0.0,0.0005371086274252358,False,0.19540246159143473,ground_equivalent_excess_gamma_dose_rate,uSv/h,1.0495234794088786e-05,2.3667406492008,441,441,1.0,False,False,lower_radiation_equivalent_priority,radiation_priority
378,378,RADIATION,29,45,523280.920497467,5696964.290406497,0.0,0.0005371086274252358,False,0.2047719142493983,ground_equivalent_excess_gamma_dose_rate,uSv/h,1.099847617977324e-05,2.3318624155546215,441,441,1.0,False,False,lower_radiation_equivalent_priority,radiation_priority
378,378,RADIATION,30,43,523240.920497467,5696984.290406497,0.0,0.0005371086274252358,False,0.17371614434925609,ground_equivalent_excess_gamma_dose_rate,uSv/h,9.330443985303306e-06,2.264536518858836,441,441,1.0,False,False,lower_radiation_equivalent_priority,radiation_priority
378,378,RADIATION,30,45,523280.920497467,5696984.290406497,0.00034287522392835516,0.0005371086274252358,False,0.19330951033496313,ground_equivalent_excess_gamma_dose_rate,uSv/h,1.038282057642565e-05,2.1818890258753143,441,441,1.0,False,False,lower_radiation_equivalent_priority,radiation_priority
378,378,RADIATION,31,43,523240.920497467,5697004.290406496,0.0005950628236046383,0.0005371086274252358,True,0.16666292677817077,ground_equivalent_excess_gamma_dose_rate,uSv/h,8.951609584449588e-06,1.5136328401504464,441,441,1.0,True,False,lower_radiation_equivalent_priority,radiation_priority
378,378,RADIATION,31,44,523260.920497467,5697004.290406496,0.0006818531280875539,0.0005371086274252358,True,0.172636907728305,ground_equivalent_excess_gamma_dose_rate,uSv/h,9.272477255288698e-06,1.503779484296584,441,441,1.0,True,False,lower_radiation_equivalent_priority,radiation_priority
378,378,RADIATION,31,45,523280.920497467,5697004.290406496,0.0010321256793531085,0.0005371086274252358,True,0.1842737999930208,ground_equivalent_excess_gamma_dose_rate,uSv/h,9.897504778468382e-06,0.9879282539941786,441,441,1.0,True,True,highest_radiation_equivalent_priority,radiation_priority
379,379,RADIATION,30,44,523260.920497467,5696984.290406497,0.0,0.0005371086274252358,False,0.18096799546322564,ground_equivalent_excess_gamma_dose_rate,uSv/h,9.719947165114943e-06,2.4166519657027923,441,441,1.0,False,False,lower_radiation_equivalent_priority,radiation_priority
379,379,RADIATION,30,45,523280.920497467,5696984.290406497,0.0,0.0005371086274252358,False,0.19104377485752005,ground_equivalent_excess_gamma_dose_rate,uSv/h,1.0261125969185838e-05,2.291211230855942,441,441,1.0,False,False,lower_radiation_equivalent_priority,radiation_priority
379,379,RADIATION,30,46,523300.920497467,5696984.290406497,0.0,0.0005371086274252358,False,0.1936823574755692,ground_equivalent_excess_gamma_dose_rate,uSv/h,1.0402846518018683e-05,1.836266114028603,441,441,1.0,False,False,lower_radiation_equivalent_priority,radiation_priority
379,379,RADIATION,31,44,523260.920497467,5697004.290406496,0.0003389779041591987,0.0005371086274252358,False,0.16697927709872037,ground_equivalent_excess_gamma_dose_rate,uSv/h,8.968601033095182e-06,1.6606751031504141,441,441,1.0,False,False,lower_radiation_equivalent_priority,radiation_priority
379,379,RADIATION,31,46,523300.920497467,5697004.290406496,0.0003462407991929985,0.0005371086274252358,False,0.1797976789141196,ground_equivalent_excess_gamma_dose_rate,uSv/h,9.657088453580604e-06,1.1035502105193962,441,441,1.0,False,False,lower_radiation_equivalent_priority,radiation_priority
379,379,RADIATION,32,44,523260.920497467,5697024.290406496,0.0012738767991323906,0.0005371086274252358,True,0.16236013325323986,ground_equivalent_excess_gamma_dose_rate,uSv/h,8.720502832022605e-06,0.7493136449190362,441,441,1.0,True,False,lower_radiation_equivalent_priority,radiation_priority
379,379,RADIATION,32,45,523280.920497467,5697024.290406496,0.0010290407137641478,0.0005371086274252358,True,0.15847711255103447,ground_equivalent_excess_gamma_dose_rate,uSv/h,8.511942440060073e-06,0.8507922998693995,441,441,1.0,True,False,lower_radiation_equivalent_priority,radiation_priority
379,379,RADIATION,32,46,523300.920497467,5697024.290406496,0.0010409997228112847,0.0005371086274252358,True,0.16896859602366687,ground_equivalent_excess_gamma_dose_rate,uSv/h,9.075449068824087e-06,0.6825616031733927,441,441,1.0,True,True,highest_radiation_equivalent_priority,radiation_priority
380,380,RADIATION,31,45,523280.920497467,5697004.290406496,0.0,0.0005371086274252358,False,0.16615137473544808,ground_equivalent_excess_gamma_dose_rate,uSv/h,8.924133682897253e-06,1.6406141261188352,441,441,1.0,False,False,lower_radiation_equivalent_priority,radiation_priority
380,380,RADIATION,31,46,523300.920497467,5697004.290406496,0.0,0.0005371086274252358,False,0.1761551855810238,ground_equivalent_excess_gamma_dose_rate,uSv/h,9.461446994126139e-06,1.3251399561539132,441,441,1.0,False,False,lower_radiation_equivalent_priority,radiation_priority
380,380,RADIATION,31,47,523320.920497467,5697004.290406496,0.0,0.0005371086274252358,False,0.18124660585002556,ground_equivalent_excess_gamma_dose_rate,uSv/h,9.734911569358993e-06,1.410268867459291,441,441,1.0,False,False,lower_radiation_equivalent_priority,radiation_priority
380,380,RADIATION,32,45,523280.920497467,5697024.290406496,0.0006827999145711493,0.0005371086274252358,True,0.15685992827039277,ground_equivalent_excess_gamma_dose_rate,uSv/h,8.42508207713316e-06,1.31744844104422,441,441,1.0,True,False,lower_radiation_equivalent_priority,radiation_priority
380,380,RADIATION,32,47,523320.920497467,5697024.290406496,0.0006974894426897374,0.0005371086274252358,True,0.16928173998808796,ground_equivalent_excess_gamma_dose_rate,uSv/h,9.092268301315759e-06,0.9123386732223595,441,441,1.0,True,True,highest_radiation_equivalent_priority,radiation_priority
380,380,RADIATION,33,45,523280.920497467,5697044.290406496,0.0010282250870666501,0.0005371086274252358,True,0.15094670066485552,ground_equivalent_excess_gamma_dose_rate,uSv/h,8.107477520846848e-06,0.73048488924984,441,441,1.0,True,False,lower_radiation_equivalent_priority,radiation_priority
380,380,RADIATION,33,46,523300.920497467,5697044.290406496,0.0010392419930246183,0.0005371086274252358,True,0.14682812406312923,ground_equivalent_excess_gamma_dose_rate,uSv/h,7.886265218296959e-06,0.8507922998617586,441,441,1.0,True,False,lower_radiation_equivalent_priority,radiation_priority
380,380,RADIATION,33,47,523320.920497467,5697044.290406496,0.0010461556625455046,0.0005371086274252358,True,0.14546251035661606,ground_equivalent_excess_gamma_dose_rate,uSv/h,7.81291692794712e-06,0.6657300952810822,441,441,1.0,True,False,lower_radiation_equivalent_priority,radiation_priority
381,381,RADIATION,31,46,523300.920497467,5697004.290406496,0.0,0.0005371086274252358,False,0.1734994000738915,ground_equivalent_excess_gamma_dose_rate,uSv/h,9.318802463278972e-06,1.5373494865564648,441,441,1.0,False,False,lower_radiation_equivalent_priority,radiation_priority
381,381,RADIATION,31,47,523320.920497467,5697004.290406496,0.0,0.0005371086274252358,False,0.17871576155173366,ground_equivalent_excess_gamma_dose_rate,uSv/h,9.598977738630739e-06,1.5276633486809026,441,441,1.0,False,False,lower_radiation_equivalent_priority,radiation_priority
381,381,RADIATION,31,48,523340.920497467,5697004.290406496,0.0,0.0005371086274252358,False,0.1824616946219754,ground_equivalent_excess_gamma_dose_rate,uSv/h,9.800175035609173e-06,1.5326303331245406,441,441,1.0,False,False,lower_radiation_equivalent_priority,radiation_priority
381,381,RADIATION,32,46,523300.920497467,5697024.290406496,0.0,0.0005371086274252358,False,0.1512565902245905,ground_equivalent_excess_gamma_dose_rate,uSv/h,8.124121956455114e-06,1.6945933875607424,441,441,1.0,False,False,lower_radiation_equivalent_priority,radiation_priority
381,381,RADIATION,32,48,523340.920497467,5697024.290406496,0.0006985328134418717,0.0005371086274252358,True,0.1715398188531737,ground_equivalent_excess_gamma_dose_rate,uSv/h,9.213551665300172e-06,1.0159852227485389,441,441,1.0,True,True,highest_radiation_equivalent_priority,radiation_priority
381,381,RADIATION,33,46,523300.920497467,5697044.290406496,0.0006908896750818165,0.0005371086274252358,True,0.14688144793102997,ground_equivalent_excess_gamma_dose_rate,uSv/h,7.889129289246676e-06,1.288898155050747,441,441,1.0,True,False,lower_radiation_equivalent_priority,radiation_priority
381,381,RADIATION,33,47,523320.920497467,5697044.290406496,0.000697803344602703,0.0005371086274252358,True,0.14694767168906767,ground_equivalent_excess_gamma_dose_rate,uSv/h,7.892686224424932e-06,1.288898155050747,441,441,1.0,True,False,lower_radiation_equivalent_priority,radiation_priority
381,381,RADIATION,33,48,523340.920497467,5697044.290406496,0.0010477859004203512,0.0005371086274252358,True,0.14726536696010545,ground_equivalent_excess_gamma_dose_rate,uSv/h,7.909749911521591e-06,0.7604002876931254,441,441,1.0,True,False,lower_radiation_equivalent_priority,radiation_priority
382,382,RADIATION,31,47,523320.920497467,5697004.290406496,0.0,0.0005371086274252358,False,0.17670949586315468,ground_equivalent_excess_gamma_dose_rate,uSv/h,9.49121947760644e-06,1.6812547383141325,441,441,1.0,False,False,lower_radiation_equivalent_priority,radiation_priority
382,382,RADIATION,31,48,523340.920497467,5697004.290406496,0.0,0.0005371086274252358,False,0.18009749661767646,ground_equivalent_excess_gamma_dose_rate,uSv/h,9.673191921104125e-06,1.6648454979062934,441,441,1.0,False,False,lower_radiation_equivalent_priority,radiation_priority
382,382,RADIATION,31,49,523360.920497467,5697004.290406496,0.0,0.0005371086274252358,False,0.183147514783956,ground_equivalent_excess_gamma_dose_rate,uSv/h,9.83701102819537e-06,1.618424787751353,441,441,1.0,False,False,lower_radiation_equivalent_priority,radiation_priority
382,382,RADIATION,32,47,523320.920497467,5697024.290406496,0.0,0.0005371086274252358,False,0.15245440698458143,ground_equivalent_excess_gamma_dose_rate,uSv/h,8.188457728041681e-06,1.8789201388433256,441,441,1.0,False,False,lower_radiation_equivalent_priority,radiation_priority
382,382,RADIATION,32,49,523360.920497467,5697024.290406496,0.000698129415893728,0.0005371086274252358,True,0.17247220724921894,ground_equivalent_excess_gamma_dose_rate,uSv/h,9.26363105046288e-06,1.0243338112971778,441,441,1.0,True,True,highest_radiation_equivalent_priority,radiation_priority
382,382,RADIATION,33,47,523320.920497467,5697044.290406496,0.00034859558484557544,0.0005371086274252358,False,0.1477575450903292,ground_equivalent_excess_gamma_dose_rate,uSv/h,7.93618522351891e-06,1.4453408780278503,441,441,1.0,False,False,lower_radiation_equivalent_priority,radiation_priority
382,382,RADIATION,33,48,523340.920497467,5697044.290406496,0.0006985781406632237,0.0005371086274252358,True,0.14852479887763564,ground_equivalent_excess_gamma_dose_rate,uSv/h,7.977395086377608e-06,1.3835683474627904,441,441,1.0,True,False,lower_radiation_equivalent_priority,radiation_priority
382,382,RADIATION,33,49,523360.920497467,5697044.290406496,0.0010472644262203882,0.0005371086274252358,True,0.14874576641788223,ground_equivalent_excess_gamma_dose_rate,uSv/h,7.989263443602346e-06,0.7604002876931254,441,441,1.0,True,False,lower_radiation_equivalent_priority,radiation_priority
383,383,RADIATION,31,48,523340.920497467,5697004.290406496,0.0,0.0005371086274252358,False,0.17816381299943526,ground_equivalent_excess_gamma_dose_rate,uSv/h,9.569332105697305e-06,1.746535622969557,441,441,1.0,False,False,lower_radiation_equivalent_priority,radiation_priority
383,383,RADIATION,31,49,523360.920497467,5697004.290406496,0.0,0.0005371086274252358,False,0.1807907244042046,ground_equivalent_excess_gamma_dose_rate,uSv/h,9.71042578359564e-06,1.7277469927319806,441,441,1.0,False,False,lower_radiation_equivalent_priority,radiation_priority
383,383,RADIATION,31,50,523380.920497467,5697004.290406496,0.0,0.0005371086274252358,False,0.18205553496996496,ground_equivalent_excess_gamma_dose_rate,uSv/h,9.77835985028849e-06,1.618424787751353,441,441,1.0,False,False,lower_radiation_equivalent_priority,radiation_priority
383,383,RADIATION,32,48,523340.920497467,5697024.290406496,0.0,0.0005371086274252358,False,0.15403200284523952,ground_equivalent_excess_gamma_dose_rate,uSv/h,8.273191762776662e-06,1.9220817188465635,441,441,1.0,False,False,lower_radiation_equivalent_priority,radiation_priority
383,383,RADIATION,32,50,523380.920497467,5697024.290406496,0.0006964867764831835,0.0005371086274252358,True,0.1699935974261841,ground_equivalent_excess_gamma_dose_rate,uSv/h,9.130502778465585e-06,1.0243338112971778,441,441,1.0,True,True,highest_radiation_equivalent_priority,radiation_priority
383,383,RADIATION,33,48,523340.920497467,5697044.290406496,0.0003492811879208338,0.0005371086274252358,False,0.1489808030117811,ground_equivalent_excess_gamma_dose_rate,uSv/h,8.001887461836718e-06,1.485027969903612,441,441,1.0,False,False,lower_radiation_equivalent_priority,radiation_priority
383,383,RADIATION,33,49,523360.920497467,5697044.290406496,0.0006979674734779982,0.0005371086274252358,True,0.14941909195107683,ground_equivalent_excess_gamma_dose_rate,uSv/h,8.025428338896797e-06,1.3835683474627904,441,441,1.0,True,False,lower_radiation_equivalent_priority,radiation_priority
383,383,RADIATION,33,50,523380.920497467,5697044.290406496,0.0010448940734981078,0.0005371086274252358,True,0.15127700784787804,ground_equivalent_excess_gamma_dose_rate,uSv/h,8.12521860461704e-06,0.7604002876931254,441,441,1.0,True,False,lower_radiation_equivalent_priority,radiation_priority
384,384,RADIATION,31,49,523360.920497467,5697004.290406496,0.0,0.0005371086274252358,False,0.17881824867645527,ground_equivalent_excess_gamma_dose_rate,uSv/h,9.604482410519537e-06,1.759310887628125,441,441,1.0,False,False,lower_radiation_equivalent_priority,radiation_priority
384,384,RADIATION,31,50,523380.920497467,5697004.290406496,0.0,0.0005371086274252358,False,0.17956117736055516,ground_equivalent_excess_gamma_dose_rate,uSv/h,9.64438575109871e-06,1.7277469927319806,441,441,1.0,False,False,lower_radiation_equivalent_priority,radiation_priority
384,384,RADIATION,31,51,523400.920497467,5697004.290406496,0.0,0.0005371086274252358,False,0.1795373358388386,ground_equivalent_excess_gamma_dose_rate,uSv/h,9.643105202398219e-06,1.6387769396465515,441,441,1.0,False,False,lower_radiation_equivalent_priority,radiation_priority
384,384,RADIATION,32,49,523360.920497467,5697024.290406496,0.0,0.0005371086274252358,False,0.15458155486317068,ground_equivalent_excess_gamma_dose_rate,uSv/h,8.302708675781638e-06,1.9220817188465635,441,441,1.0,False,False,lower_radiation_equivalent_priority,radiation_priority
384,384,RADIATION,32,51,523400.920497467,5697024.290406496,0.00034759630552861856,0.0005371086274252358,False,0.1637638162326244,ground_equivalent_excess_gamma_dose_rate,uSv/h,8.795895855862344e-06,1.1056845769404307,441,441,1.0,False,False,lower_radiation_equivalent_priority,radiation_priority
384,384,RADIATION,33,49,523360.920497467,5697044.290406496,0.0003492390084861335,0.0005371086274252358,False,0.149508401089335,ground_equivalent_excess_gamma_dose_rate,uSv/h,8.030225209763435e-06,1.485027969903612,441,441,1.0,False,False,lower_radiation_equivalent_priority,radiation_priority
384,384,RADIATION,33,50,523380.920497467,5697044.290406496,0.000696165608506243,0.0005371086274252358,True,0.149895673447372,ground_equivalent_excess_gamma_dose_rate,uSv/h,8.051025942229935e-06,1.3835683474627904,441,441,1.0,True,False,lower_radiation_equivalent_priority,radiation_priority
384,384,RADIATION,33,51,523400.920497467,5697044.290406496,0.0010409378616125806,0.0005371086274252358,True,0.1563311444295839,ground_equivalent_excess_gamma_dose_rate,uSv/h,8.396680640839011e-06,0.7772317955809769,441,441,1.0,True,True,highest_radiation_equivalent_priority,radiation_priority
385,385,RADIATION,32,50,523380.920497467,5697024.290406496,0.0,0.0005371086274252358,False,0.15583387927107886,ground_equivalent_excess_gamma_dose_rate,uSv/h,8.369972100163907e-06,1.8433012137902154,441,441,1.0,False,False,lower_radiation_equivalent_priority,radiation_priority
385,385,RADIATION,32,51,523400.920497467,5697024.290406496,0.0,0.0005371086274252358,False,0.16078977386064477,ground_equivalent_excess_gamma_dose_rate,uSv/h,8.636157474230497e-06,1.4248747939957807,441,441,1.0,False,False,lower_radiation_equivalent_priority,radiation_priority
385,385,RADIATION,32,52,523420.920497467,5697024.290406496,0.0,0.0005371086274252358,False,0.16172820659279966,ground_equivalent_excess_gamma_dose_rate,uSv/h,8.68656150590036e-06,1.4102688674013306,441,441,1.0,False,False,lower_radiation_equivalent_priority,radiation_priority
385,385,RADIATION,33,50,523380.920497467,5697044.290406496,0.00034856930297762445,0.0005371086274252358,False,0.1485320615845735,ground_equivalent_excess_gamma_dose_rate,uSv/h,7.977785172633086e-06,1.4871867133899388,441,441,1.0,False,False,lower_radiation_equivalent_priority,radiation_priority
385,385,RADIATION,33,52,523420.920497467,5697044.290406496,0.0006896423131019071,0.0005371086274252358,True,0.15272531683143126,ground_equivalent_excess_gamma_dose_rate,uSv/h,8.20300852964143e-06,0.9123386732159684,441,441,1.0,True,True,highest_radiation_equivalent_priority,radiation_priority
385,385,RADIATION,34,50,523380.920497467,5697064.290406496,0.001046150975003415,0.0005371086274252358,True,0.14520319561677822,ground_equivalent_excess_gamma_dose_rate,uSv/h,7.798988909548576e-06,0.7493136449032625,441,441,1.0,True,False,lower_radiation_equivalent_priority,radiation_priority
385,385,RADIATION,34,51,523400.920497467,5697064.290406496,0.0010412952146232517,0.0005371086274252358,True,0.13784453293695859,ground_equivalent_excess_gamma_dose_rate,uSv/h,7.403748788384253e-06,0.8507922998617586,441,441,1.0,True,False,lower_radiation_equivalent_priority,radiation_priority
385,385,RADIATION,34,52,523420.920497467,5697064.290406496,0.0010345982076388966,0.0005371086274252358,True,0.13586412477056561,ground_equivalent_excess_gamma_dose_rate,uSv/h,7.297379357184947e-06,0.6657300952810822,441,441,1.0,True,False,lower_radiation_equivalent_priority,radiation_priority
386,386,RADIATION,32,51,523400.920497467,5697024.290406496,0.0,0.0005371086274252358,False,0.1583605154021664,ground_equivalent_excess_gamma_dose_rate,uSv/h,8.505679906601049e-06,1.5446593655178522,441,441,1.0,False,False,lower_radiation_equivalent_priority,radiation_priority
386,386,RADIATION,32,52,523420.920497467,5697024.290406496,0.0,0.0005371086274252358,False,0.1594009468640636,ground_equivalent_excess_gamma_dose_rate,uSv/h,8.561562378044014e-06,1.5276633486658708,441,441,1.0,False,False,lower_radiation_equivalent_priority,radiation_priority
386,386,RADIATION,32,53,523440.920497467,5697024.290406496,0.0,0.0005371086274252358,False,0.1594850805038076,ground_equivalent_excess_gamma_dose_rate,uSv/h,8.566081268420334e-06,1.5326303330649909,441,441,1.0,False,False,lower_radiation_equivalent_priority,radiation_priority
386,386,RADIATION,33,51,523400.920497467,5697044.290406496,0.0,0.0005371086274252358,False,0.14279032958639418,ground_equivalent_excess_gamma_dose_rate,uSv/h,7.669391793374522e-06,1.6945933875563652,441,441,1.0,False,False,lower_radiation_equivalent_priority,radiation_priority
386,386,RADIATION,33,53,523440.920497467,5697044.290406496,0.0006851957424775421,0.0005371086274252358,True,0.15099339192452252,ground_equivalent_excess_gamma_dose_rate,uSv/h,8.109985348686098e-06,1.0159852227371686,441,441,1.0,True,True,highest_radiation_equivalent_priority,radiation_priority
386,386,RADIATION,34,51,523400.920497467,5697064.290406496,0.0006956087133350079,0.0005371086274252358,True,0.1374294750568008,ground_equivalent_excess_gamma_dose_rate,uSv/h,7.381455671552897e-06,1.288898155050747,441,441,1.0,True,False,lower_radiation_equivalent_priority,radiation_priority
386,386,RADIATION,34,52,523420.920497467,5697064.290406496,0.0006889117063506528,0.0005371086274252358,True,0.13513889486660766,ground_equivalent_excess_gamma_dose_rate,uSv/h,7.2584266333566875e-06,1.288898155050747,441,441,1.0,True,False,lower_radiation_equivalent_priority,radiation_priority
386,386,RADIATION,34,53,523440.920497467,5697064.290406496,0.0010279963798967772,0.0005371086274252358,True,0.1345282741254013,ground_equivalent_excess_gamma_dose_rate,uSv/h,7.2256296665380164e-06,0.7604002876931254,441,441,1.0,True,False,lower_radiation_equivalent_priority,radiation_priority
387,387,RADIATION,32,52,523420.920497467,5697024.290406496,0.0,0.0005371086274252358,False,0.1580836024096994,ground_equivalent_excess_gamma_dose_rate,uSv/h,8.490806670871034e-06,1.6812547382905731,441,441,1.0,False,False,lower_radiation_equivalent_priority,radiation_priority
387,387,RADIATION,32,53,523440.920497467,5697024.290406496,0.0,0.0005371086274252358,False,0.15761459816036139,ground_equivalent_excess_gamma_dose_rate,uSv/h,8.46561604800918e-06,1.6557601839846494,441,441,1.0,False,False,lower_radiation_equivalent_priority,radiation_priority
387,387,RADIATION,32,54,523460.920497467,5697024.290406496,0.00033918528603121866,0.0005371086274252358,False,0.1586934042016328,ground_equivalent_excess_gamma_dose_rate,uSv/h,8.523559651217714e-06,1.5337966731377308,441,441,1.0,False,False,lower_radiation_equivalent_priority,radiation_priority
387,387,RADIATION,33,52,523420.920497467,5697044.290406496,0.0,0.0005371086274252358,False,0.13785169886282575,ground_equivalent_excess_gamma_dose_rate,uSv/h,7.4041336764449275e-06,1.8789201388358903,441,441,1.0,False,False,lower_radiation_equivalent_priority,radiation_priority
387,387,RADIATION,33,54,523460.920497467,5697044.290406496,0.000680113101067317,0.0005371086274252358,True,0.14586248077673722,ground_equivalent_excess_gamma_dose_rate,uSv/h,7.834399684283316e-06,1.0159852227371686,441,441,1.0,True,True,highest_radiation_equivalent_priority,radiation_priority
387,387,RADIATION,34,52,523420.920497467,5697064.290406496,0.000345295208012599,0.0005371086274252358,False,0.13496209555408437,ground_equivalent_excess_gamma_dose_rate,uSv/h,7.248930589748778e-06,1.4453408780278503,441,441,1.0,False,False,lower_radiation_equivalent_priority,radiation_priority
387,387,RADIATION,34,53,523440.920497467,5697064.290406496,0.0006843798815587234,0.0005371086274252358,True,0.13371206616864417,ground_equivalent_excess_gamma_dose_rate,uSv/h,7.181790433003278e-06,1.3835683474627904,441,441,1.0,True,False,lower_radiation_equivalent_priority,radiation_priority
387,387,RADIATION,34,54,523460.920497467,5697064.290406496,0.0010204434011492685,0.0005371086274252358,True,0.13296210177378653,ground_equivalent_excess_gamma_dose_rate,uSv/h,7.141509198329299e-06,0.7604002876931254,441,441,1.0,True,False,lower_radiation_equivalent_priority,radiation_priority
388,388,RADIATION,32,53,523440.920497467,5697024.290406496,0.0,0.0005371086274252358,False,0.15732291007160165,ground_equivalent_excess_gamma_dose_rate,uSv/h,8.449949229110177e-06,1.7465356229399678,441,441,1.0,False,False,lower_radiation_equivalent_priority,radiation_priority
388,388,RADIATION,32,54,523460.920497467,5697024.290406496,0.00033918528603121866,0.0005371086274252358,False,0.15549165622073327,ground_equivalent_excess_gamma_dose_rate,uSv/h,8.351591004879467e-06,1.6431188781183586,441,441,1.0,False,False,lower_radiation_equivalent_priority,radiation_priority
388,388,RADIATION,32,55,523480.920497467,5697024.290406496,0.0006754570436006203,0.0005371086274252358,True,0.16056574382845706,ground_equivalent_excess_gamma_dose_rate,uSv/h,8.62412462792146e-06,0.9971767343634781,441,441,1.0,True,True,highest_radiation_equivalent_priority,radiation_priority
388,388,RADIATION,33,53,523440.920497467,5697044.290406496,0.0,0.0005371086274252358,False,0.1371572363567088,ground_equivalent_excess_gamma_dose_rate,uSv/h,7.36683349609905e-06,1.9220817188380326,441,441,1.0,False,False,lower_radiation_equivalent_priority,radiation_priority
388,388,RADIATION,33,55,523480.920497467,5697044.290406496,0.0010136765284832266,0.0005371086274252358,True,0.13466725169672805,ground_equivalent_excess_gamma_dose_rate,uSv/h,7.233094271795836e-06,0.984049239515665,441,441,1.0,True,False,lower_radiation_equivalent_priority,radiation_priority
388,388,RADIATION,34,53,523440.920497467,5697064.290406496,0.00034317209988656857,0.0005371086274252358,False,0.13349673049511407,ground_equivalent_excess_gamma_dose_rate,uSv/h,7.170224568198734e-06,1.485027969903612,441,441,1.0,False,False,lower_radiation_equivalent_priority,radiation_priority
388,388,RADIATION,34,54,523460.920497467,5697064.290406496,0.0006792356194771137,0.0005371086274252358,True,0.13188030378108118,ground_equivalent_excess_gamma_dose_rate,uSv/h,7.083404894827964e-06,1.3835683474627904,441,441,1.0,True,False,lower_radiation_equivalent_priority,radiation_priority
388,388,RADIATION,34,55,523480.920497467,5697064.290406496,0.0010120820063404387,0.0005371086274252358,True,0.1308820606317302,ground_equivalent_excess_gamma_dose_rate,uSv/h,7.029788394049509e-06,0.7604002876931254,441,441,1.0,True,False,lower_radiation_equivalent_priority,radiation_priority
389,389,RADIATION,31,54,523460.920497467,5697004.290406496,0.0,0.0005371086274252358,False,0.16457354447533173,ground_equivalent_excess_gamma_dose_rate,uSv/h,8.839387058365142e-06,1.940742460300801,441,441,1.0,False,False,lower_radiation_equivalent_priority,radiation_priority
389,389,RADIATION,31,55,523480.920497467,5697004.290406496,0.0003364462640517198,0.0005371086274252358,False,0.16650192206816675,ground_equivalent_excess_gamma_dose_rate,uSv/h,8.942961882569661e-06,1.6512727694052467,441,441,1.0,False,False,lower_radiation_equivalent_priority,radiation_priority
389,389,RADIATION,31,56,523500.920497467,5697004.290406496,0.000669768083988786,0.0005371086274252358,True,0.17288544416202867,ground_equivalent_excess_gamma_dose_rate,uSv/h,9.285826361566947e-06,1.0150602744592598,441,441,1.0,True,True,highest_radiation_equivalent_priority,radiation_priority
389,389,RADIATION,32,54,523460.920497467,5697024.290406496,0.0,0.0005371086274252358,False,0.1544976250379593,ground_equivalent_excess_gamma_dose_rate,uSv/h,8.298200732459706e-06,1.746594592321976,441,441,1.0,False,False,lower_radiation_equivalent_priority,radiation_priority
389,389,RADIATION,32,56,523500.920497467,5697024.290406496,0.0010055692366251659,0.0005371086274252358,True,0.1454597896334247,ground_equivalent_excess_gamma_dose_rate,uSv/h,7.812770795557229e-06,0.9598271709215696,441,441,1.0,True,False,lower_radiation_equivalent_priority,radiation_priority
389,389,RADIATION,33,54,523460.920497467,5697044.290406496,0.0,0.0005371086274252358,False,0.13682420497930825,ground_equivalent_excess_gamma_dose_rate,uSv/h,7.348946093498537e-06,1.8554774643335648,441,441,1.0,False,False,lower_radiation_equivalent_priority,radiation_priority
389,389,RADIATION,33,55,523480.920497467,5697044.290406496,0.0006744912424520078,0.0005371086274252358,True,0.1389755789762986,ground_equivalent_excess_gamma_dose_rate,uSv/h,7.464498246958721e-06,1.5240133853681317,441,441,1.0,True,False,lower_radiation_equivalent_priority,radiation_priority
389,389,RADIATION,33,56,523500.920497467,5697044.290406496,0.0010043947166318325,0.0005371086274252358,True,0.13994227441769508,ground_equivalent_excess_gamma_dose_rate,uSv/h,7.516420293125388e-06,0.7813634097766664,441,441,1.0,True,False,lower_radiation_equivalent_priority,radiation_priority
390,390,RADIATION,30,55,523480.920497467,5696984.290406497,0.0,0.0005371086274252358,False,0.18249257421314277,ground_equivalent_excess_gamma_dose_rate,uSv/h,9.80183360509191e-06,1.7706844968597286,441,441,1.0,False,False,lower_radiation_equivalent_priority,radiation_priority
390,390,RADIATION,30,56,523500.920497467,5696984.290406497,0.0,0.0005371086274252358,False,0.17658216013007233,ground_equivalent_excess_gamma_dose_rate,uSv/h,9.484380165524635e-06,1.7337431806355776,441,441,1.0,False,False,lower_radiation_equivalent_priority,radiation_priority
390,390,RADIATION,30,57,523520.920497467,5696984.290406497,0.0005894216021124069,0.0005371086274252358,True,0.17572557003168132,ground_equivalent_excess_gamma_dose_rate,uSv/h,9.43837197232335e-06,1.5348487053652053,441,441,1.0,True,True,highest_radiation_equivalent_priority,radiation_priority
390,390,RADIATION,31,55,523480.920497467,5697004.290406496,0.0,0.0005371086274252358,False,0.16320725156755375,ground_equivalent_excess_gamma_dose_rate,uSv/h,8.766002287529396e-06,1.7790163462040334,441,441,1.0,False,False,lower_radiation_equivalent_priority,radiation_priority
390,390,RADIATION,31,57,523520.920497467,5697004.290406496,0.0009224564166489633,0.0005371086274252358,True,0.16290832810879222,ground_equivalent_excess_gamma_dose_rate,uSv/h,8.749946850665334e-06,1.0031729223259176,441,441,1.0,True,False,lower_radiation_equivalent_priority,radiation_priority
390,390,RADIATION,32,55,523480.920497467,5697024.290406496,0.0,0.0005371086274252358,False,0.14943656009800418,ground_equivalent_excess_gamma_dose_rate,uSv/h,8.02636656813878e-06,1.7335231946751268,441,441,1.0,False,False,lower_radiation_equivalent_priority,radiation_priority
390,390,RADIATION,32,56,523500.920497467,5697024.290406496,0.0006691229725734461,0.0005371086274252358,True,0.14843014437037155,ground_equivalent_excess_gamma_dose_rate,uSv/h,7.972311111129986e-06,1.5229613532054176,441,441,1.0,True,False,lower_radiation_equivalent_priority,radiation_priority
390,390,RADIATION,32,57,523520.920497467,5697024.290406496,0.0009958209580953215,0.0005371086274252358,True,0.14933598841972684,ground_equivalent_excess_gamma_dose_rate,uSv/h,8.020964776531039e-06,0.7813634097790209,441,441,1.0,True,False,lower_radiation_equivalent_priority,radiation_priority
391,391,RADIATION,29,56,523500.920497467,5696964.290406497,0.0,0.0005371086274252358,False,0.19437427512000957,ground_equivalent_excess_gamma_dose_rate,uSv/h,1.044001001164835e-05,2.201614920757672,441,441,1.0,False,False,lower_radiation_equivalent_priority,radiation_priority
391,391,RADIATION,29,57,523520.920497467,5696964.290406497,0.0,0.0005371086274252358,False,0.181777891657012,ground_equivalent_excess_gamma_dose_rate,uSv/h,9.763447388415094e-06,2.2189300764013806,441,441,1.0,False,False,lower_radiation_equivalent_priority,radiation_priority
391,391,RADIATION,29,58,523540.920497467,5696964.290406497,0.00032655929018076866,0.0005371086274252358,False,0.18470239263618826,ground_equivalent_excess_gamma_dose_rate,uSv/h,9.920524859098007e-06,1.7220499864720207,441,441,1.0,False,False,lower_radiation_equivalent_priority,radiation_priority
391,391,RADIATION,30,56,523500.920497467,5696984.290406497,0.0,0.0005371086274252358,False,0.17556238623185796,ground_equivalent_excess_gamma_dose_rate,uSv/h,9.429607229649234e-06,2.169735543210304,441,441,1.0,False,False,lower_radiation_equivalent_priority,radiation_priority
391,391,RADIATION,30,58,523540.920497467,5696984.290406497,0.0009159336467786396,0.0005371086274252358,True,0.17181669164659072,ground_equivalent_excess_gamma_dose_rate,uSv/h,9.228422741904532e-06,1.5427574324606121,441,441,1.0,True,True,highest_radiation_equivalent_priority,radiation_priority
391,391,RADIATION,31,56,523500.920497467,5697004.290406496,0.0,0.0005371086274252358,False,0.15981327257173417,ground_equivalent_excess_gamma_dose_rate,uSv/h,8.583708747533922e-06,1.7514067347751963,441,441,1.0,False,False,lower_radiation_equivalent_priority,radiation_priority
391,391,RADIATION,31,57,523520.920497467,5697004.290406496,0.0009224564166489633,0.0005371086274252358,True,0.15966887129621185,ground_equivalent_excess_gamma_dose_rate,uSv/h,8.575952830444497e-06,1.6263409821219175,441,441,1.0,True,False,lower_radiation_equivalent_priority,radiation_priority
391,391,RADIATION,31,58,523540.920497467,5697004.290406496,0.0015022894153144883,0.0005371086274252358,True,0.1607136784831133,ground_equivalent_excess_gamma_dose_rate,uSv/h,8.632070325852563e-06,0.888680239299953,441,441,1.0,True,False,lower_radiation_equivalent_priority,radiation_priority
392,392,RADIATION,29,57,523520.920497467,5696964.290406497,0.0,0.0005371086274252358,False,0.18148622328891106,ground_equivalent_excess_gamma_dose_rate,uSv/h,9.747781628729688e-06,2.3957581856057106,441,441,1.0,False,False,lower_radiation_equivalent_priority,radiation_priority
392,392,RADIATION,29,58,523540.920497467,5696964.290406497,0.00032655929018076866,0.0005371086274252358,False,0.18111171061707607,ground_equivalent_excess_gamma_dose_rate,uSv/h,9.727666230017423e-06,2.177644270305711,441,441,1.0,False,False,lower_radiation_equivalent_priority,radiation_priority
392,392,RADIATION,29,59,523560.920497467,5696964.290406497,0.00032655929018076866,0.0005371086274252358,False,0.1818363688757195,ground_equivalent_excess_gamma_dose_rate,uSv/h,9.766588250282657e-06,1.022077057063802,441,441,1.0,False,False,lower_radiation_equivalent_priority,radiation_priority
392,392,RADIATION,30,57,523520.920497467,5696984.290406497,0.0,0.0005371086274252358,False,0.1697272130538933,ground_equivalent_excess_gamma_dose_rate,uSv/h,9.116195044008719e-06,2.3957581856057106,441,441,1.0,False,False,lower_radiation_equivalent_priority,radiation_priority
392,392,RADIATION,30,59,523560.920497467,5696984.290406497,0.0009097008797892942,0.0005371086274252358,True,0.15893827804538596,ground_equivalent_excess_gamma_dose_rate,uSv/h,8.536712036628775e-06,1.0538527128020034,441,441,1.0,True,True,highest_radiation_equivalent_priority,radiation_priority
392,392,RADIATION,31,57,523520.920497467,5697004.290406496,0.0003331427833850267,0.0005371086274252358,False,0.15768626572016115,ground_equivalent_excess_gamma_dose_rate,uSv/h,8.469465374476676e-06,1.7278006045670267,441,441,1.0,False,False,lower_radiation_equivalent_priority,radiation_priority
392,392,RADIATION,31,58,523540.920497467,5697004.290406496,0.0009129757820505518,0.0005371086274252358,True,0.15665785182204334,ground_equivalent_excess_gamma_dose_rate,uSv/h,8.414228376752367e-06,1.511848299095953,441,441,1.0,True,False,lower_radiation_equivalent_priority,radiation_priority
392,392,RADIATION,31,59,523560.920497467,5697004.290406496,0.0009095187085629104,0.0005371086274252358,True,0.1537818757644617,ground_equivalent_excess_gamma_dose_rate,uSv/h,8.259757221472814e-06,0.7792290433810365,441,441,1.0,True,False,lower_radiation_equivalent_priority,radiation_priority
393,393,RADIATION,29,58,523540.920497467,5696964.290406497,0.0,0.0005371086274252358,False,0.17931554192958057,ground_equivalent_excess_gamma_dose_rate,uSv/h,9.631192460180933e-06,2.2810118576692546,441,441,1.0,False,False,not_selected_by_original_greedy_fallback,no_candidate_meets_sar_reference_original_greedy_step
393,393,RADIATION,29,59,523560.920497467,5696964.290406497,0.0,0.0005371086274252358,False,0.17772244722239694,ground_equivalent_excess_gamma_dose_rate,uSv/h,9.545625969027553e-06,1.6304023558424303,441,441,1.0,False,False,not_selected_by_original_greedy_fallback,no_candidate_meets_sar_reference_original_greedy_step
393,393,RADIATION,30,58,523540.920497467,5696984.290406497,0.0,0.0005371086274252358,False,0.1628885562172842,ground_equivalent_excess_gamma_dose_rate,uSv/h,8.748884885314388e-06,2.3078935664009,441,441,1.0,False,False,not_selected_by_original_greedy_fallback,no_candidate_meets_sar_reference_original_greedy_step
393,393,RADIATION,31,58,523540.920497467,5697004.290406496,0.0003298341924420263,0.0005371086274252358,False,0.15598981994414973,ground_equivalent_excess_gamma_dose_rate,uSv/h,8.378347808251194e-06,1.6133079215410622,441,441,1.0,False,True,original_greedy_fallback,no_candidate_meets_sar_reference_original_greedy_step
393,393,RADIATION,31,59,523560.920497467,5697004.290406496,0.0003263771189543849,0.0005371086274252358,False,0.15033969663983054,ground_equivalent_excess_gamma_dose_rate,uSv/h,8.074874810974572e-06,1.4023971031770364,441,441,1.0,False,False,not_selected_by_original_greedy_fallback,no_candidate_meets_sar_reference_original_greedy_step
394,394,RADIATION,30,57,523520.920497467,5696984.290406497,0.0,0.0005371086274252358,False,0.16949226074230034,ground_equivalent_excess_gamma_dose_rate,uSv/h,9.103575552649711e-06,2.530012937388719,441,441,1.0,False,False,lower_radiation_equivalent_priority,radiation_priority
394,394,RADIATION,30,58,523540.920497467,5696984.290406497,0.0,0.0005371086274252358,False,0.16181826747825198,ground_equivalent_excess_gamma_dose_rate,uSv/h,8.69139875375736e-06,2.5329373502818937,441,441,1.0,False,False,lower_radiation_equivalent_priority,radiation_priority
394,394,RADIATION,30,59,523560.920497467,5696984.290406497,0.0,0.0005371086274252358,False,0.15297499744620544,ground_equivalent_excess_gamma_dose_rate,uSv/h,8.216419090871036e-06,2.1966945775114186,441,441,1.0,False,False,lower_radiation_equivalent_priority,radiation_priority
394,394,RADIATION,31,57,523520.920497467,5697004.290406496,0.0003331427833850267,0.0005371086274252358,False,0.15647747220374136,ground_equivalent_excess_gamma_dose_rate,uSv/h,8.404540031832201e-06,2.2481947594118896,441,441,1.0,False,False,lower_radiation_equivalent_priority,radiation_priority
394,394,RADIATION,31,59,523560.920497467,5697004.290406496,0.0003263771189543849,0.0005371086274252358,False,0.14686989162193143,ground_equivalent_excess_gamma_dose_rate,uSv/h,7.888508589914872e-06,2.0614635291463212,441,441,1.0,False,False,lower_radiation_equivalent_priority,radiation_priority
394,394,RADIATION,32,57,523520.920497467,5697024.290406496,0.0006659867656532952,0.0005371086274252358,True,0.14862505043681482,ground_equivalent_excess_gamma_dose_rate,uSv/h,7.982779684112404e-06,1.003034168995167,441,441,1.0,True,True,highest_radiation_equivalent_priority,radiation_priority
394,394,RADIATION,32,58,523540.920497467,5697024.290406496,0.000989051520325412,0.0005371086274252358,True,0.14425262152380305,ground_equivalent_excess_gamma_dose_rate,uSv/h,7.747932754914189e-06,1.0583033254600238,441,441,1.0,True,False,lower_radiation_equivalent_priority,radiation_priority
394,394,RADIATION,32,59,523560.920497467,5697024.290406496,0.0006524506228767128,0.0005371086274252358,True,0.14343109216658947,ground_equivalent_excess_gamma_dose_rate,uSv/h,7.703807704369936e-06,0.8764265536623994,441,441,1.0,True,False,lower_radiation_equivalent_priority,radiation_priority
395,395,RADIATION,31,56,523500.920497467,5697004.290406496,0.0,0.0005371086274252358,False,0.1595371704407399,ground_equivalent_excess_gamma_dose_rate,uSv/h,8.56887906387317e-06,1.940490396915387,441,441,1.0,False,False,lower_radiation_equivalent_priority,radiation_priority
395,395,RADIATION,31,57,523520.920497467,5697004.290406496,0.0,0.0005371086274252358,False,0.15511926350166902,ground_equivalent_excess_gamma_dose_rate,uSv/h,8.331589470659493e-06,2.3616804872894663,441,441,1.0,False,False,lower_radiation_equivalent_priority,radiation_priority
395,395,RADIATION,31,58,523540.920497467,5697004.290406496,0.0,0.0005371086274252358,False,0.15041824965707817,ground_equivalent_excess_gamma_dose_rate,uSv/h,8.07909396130197e-06,2.413673216647026,441,441,1.0,False,False,lower_radiation_equivalent_priority,radiation_priority
395,395,RADIATION,32,56,523500.920497467,5697024.290406496,0.00033598018918841937,0.0005371086274252358,False,0.1462394712067428,ground_equivalent_excess_gamma_dose_rate,uSv/h,7.85464816552459e-06,1.6431604484631064,441,441,1.0,False,False,lower_radiation_equivalent_priority,radiation_priority
395,395,RADIATION,32,58,523540.920497467,5697024.290406496,0.0006559087369403854,0.0005371086274252358,True,0.14109254081475248,ground_equivalent_excess_gamma_dose_rate,uSv/h,7.5782020936950765e-06,1.6232614000733347,441,441,1.0,True,True,highest_radiation_equivalent_priority,radiation_priority
395,395,RADIATION,33,56,523500.920497467,5697044.290406496,0.0006715507343635638,0.0005371086274252358,True,0.13939693833959008,ground_equivalent_excess_gamma_dose_rate,uSv/h,7.487129821885745e-06,0.9862026610899295,441,441,1.0,True,False,lower_radiation_equivalent_priority,radiation_priority
395,395,RADIATION,33,57,523520.920497467,5697044.290406496,0.0009979366656211503,0.0005371086274252358,True,0.1356219684755322,ground_equivalent_excess_gamma_dose_rate,uSv/h,7.28437293366017e-06,0.9272993291742981,441,441,1.0,True,False,lower_radiation_equivalent_priority,radiation_priority
395,395,RADIATION,33,58,523540.920497467,5697044.290406496,0.0009847128142651516,0.0005371086274252358,True,0.13582819301468438,ground_equivalent_excess_gamma_dose_rate,uSv/h,7.295449431576713e-06,0.7691097241535236,441,441,1.0,True,False,lower_radiation_equivalent_priority,radiation_priority
396,396,RADIATION,31,57,523520.920497467,5697004.290406496,0.0,0.0005371086274252358,False,0.15487358576914842,ground_equivalent_excess_gamma_dose_rate,uSv/h,8.318393907689184e-06,2.471002692270094,441,441,1.0,False,False,lower_radiation_equivalent_priority,radiation_priority
396,396,RADIATION,31,58,523540.920497467,5697004.290406496,0.0,0.0005371086274252358,False,0.14943036918804886,ground_equivalent_excess_gamma_dose_rate,uSv/h,8.026034049023918e-06,2.5492589144428526,441,441,1.0,False,False,lower_radiation_equivalent_priority,radiation_priority
396,396,RADIATION,31,59,523560.920497467,5697004.290406496,0.0,0.0005371086274252358,False,0.14576728703630898,ground_equivalent_excess_gamma_dose_rate,uSv/h,7.829286746357228e-06,2.1948603469313053,441,441,1.0,False,False,lower_radiation_equivalent_priority,radiation_priority
396,396,RADIATION,32,57,523520.920497467,5697024.290406496,0.0,0.0005371086274252358,False,0.1414789138501367,ground_equivalent_excess_gamma_dose_rate,uSv/h,7.5989545227660104e-06,2.258148237944162,441,441,1.0,False,False,lower_radiation_equivalent_priority,radiation_priority
396,396,RADIATION,32,59,523560.920497467,5697024.290406496,0.0003260735039223279,0.0005371086274252358,False,0.13843773870426673,ground_equivalent_excess_gamma_dose_rate,uSv/h,7.435610381930215e-06,1.6511262941272689,441,441,1.0,False,False,lower_radiation_equivalent_priority,radiation_priority
396,396,RADIATION,33,57,523520.920497467,5697044.290406496,0.0006684050476351497,0.0005371086274252358,True,0.134827739557463,ground_equivalent_excess_gamma_dose_rate,uSv/h,7.241714213255611e-06,1.3922777839231886,441,441,1.0,True,True,highest_radiation_equivalent_priority,radiation_priority
396,396,RADIATION,33,58,523540.920497467,5697044.290406496,0.000655181196279151,0.0005371086274252358,True,0.13121139156745887,ground_equivalent_excess_gamma_dose_rate,uSv/h,7.047477042735299e-06,1.3943324053824404,441,441,1.0,True,False,lower_radiation_equivalent_priority,radiation_priority
396,396,RADIATION,33,59,523560.920497467,5697044.290406496,0.0006517219810482085,0.0005371086274252358,True,0.13005864963962083,ground_equivalent_excess_gamma_dose_rate,uSv/h,6.985562279271638e-06,0.8677171171733005,441,441,1.0,True,False,lower_radiation_equivalent_priority,radiation_priority
397,397,RADIATION,32,56,523500.920497467,5697024.290406496,0.0,0.0005371086274252358,False,0.14597529455173816,ground_equivalent_excess_gamma_dose_rate,uSv/h,7.840459009467858e-06,1.8506107992143546,441,441,1.0,False,False,lower_radiation_equivalent_priority,radiation_priority
397,397,RADIATION,32,57,523520.920497467,5697024.290406496,0.0,0.0005371086274252358,False,0.14030383876803668,ground_equivalent_excess_gamma_dose_rate,uSv/h,7.535840226319177e-06,2.3875197415512917,441,441,1.0,False,False,lower_radiation_equivalent_priority,radiation_priority
397,397,RADIATION,32,58,523540.920497467,5697024.290406496,0.0,0.0005371086274252358,False,0.13573155720224475,ground_equivalent_excess_gamma_dose_rate,uSv/h,7.290259038718756e-06,2.397305421640926,441,441,1.0,False,False,lower_radiation_equivalent_priority,radiation_priority
397,397,RADIATION,33,56,523500.920497467,5697044.290406496,0.0003355705451751444,0.0005371086274252358,False,0.13769375182799845,ground_equivalent_excess_gamma_dose_rate,uSv/h,7.39565020493673e-06,1.5971618055148058,441,441,1.0,False,False,lower_radiation_equivalent_priority,radiation_priority
397,397,RADIATION,33,58,523540.920497467,5697044.290406496,0.000655181196279151,0.0005371086274252358,True,0.1290624814147281,ground_equivalent_excess_gamma_dose_rate,uSv/h,6.932057224475961e-06,2.0513442098924735,441,441,1.0,True,False,lower_radiation_equivalent_priority,radiation_priority
397,397,RADIATION,34,56,523500.920497467,5697064.290406496,0.0010091231435231415,0.0005371086274252358,True,0.1309344482560497,ground_equivalent_excess_gamma_dose_rate,uSv/h,7.032602178548741e-06,0.7622079521833802,441,441,1.0,True,True,highest_radiation_equivalent_priority,radiation_priority
397,397,RADIATION,34,57,523520.920497467,5697064.290406496,0.0009965629678467623,0.0005371086274252358,True,0.12372018706529513,ground_equivalent_excess_gamma_dose_rate,uSv/h,6.645117985943407e-06,0.9816249759372593,441,441,1.0,True,False,lower_radiation_equivalent_priority,radiation_priority
397,397,RADIATION,34,58,523540.920497467,5697064.290406496,0.0009833183500380658,0.0005371086274252358,True,0.12534604590087456,ground_equivalent_excess_gamma_dose_rate,uSv/h,6.732444266699933e-06,0.8575977979802762,441,441,1.0,True,False,lower_radiation_equivalent_priority,radiation_priority
398,398,RADIATION,33,55,523480.920497467,5697044.290406496,0.0,0.0005371086274252358,False,0.1371216830404566,ground_equivalent_excess_gamma_dose_rate,uSv/h,7.364923896809789e-06,1.5586439275098123,441,441,1.0,False,False,lower_radiation_equivalent_priority,radiation_priority
398,398,RADIATION,33,56,523500.920497467,5697044.290406496,0.0,0.0005371086274252358,False,0.13561188207528282,ground_equivalent_excess_gamma_dose_rate,uSv/h,7.283831184400809e-06,1.7106475333923825,441,441,1.0,False,False,lower_radiation_equivalent_priority,radiation_priority
398,398,RADIATION,33,57,523520.920497467,5697044.290406496,0.0,0.0005371086274252358,False,0.12858917105554388,ground_equivalent_excess_gamma_dose_rate,uSv/h,6.906635316739202e-06,2.154761570988469,441,441,1.0,False,False,lower_radiation_equivalent_priority,radiation_priority
398,398,RADIATION,34,55,523480.920497467,5697064.290406496,0.00033800040790170577,0.0005371086274252358,False,0.1301383909342471,ground_equivalent_excess_gamma_dose_rate,uSv/h,6.98984525300222e-06,0.9751287990596083,441,441,1.0,False,False,lower_radiation_equivalent_priority,radiation_priority
398,398,RADIATION,34,57,523520.920497467,5697064.290406496,0.000660992422671618,0.0005371086274252358,True,0.12266779836820407,ground_equivalent_excess_gamma_dose_rate,uSv/h,6.588593281082167e-06,1.4261296314181253,441,441,1.0,True,False,lower_radiation_equivalent_priority,radiation_priority
398,398,RADIATION,35,55,523480.920497467,5697084.290406496,0.0010160959932067075,0.0005371086274252358,True,0.12374111899125889,ground_equivalent_excess_gamma_dose_rate,uSv/h,6.646242257745784e-06,0.6588283233109388,441,441,1.0,True,True,highest_radiation_equivalent_priority,radiation_priority
398,398,RADIATION,35,56,523500.920497467,5697084.290406496,0.0010042769044369996,0.0005371086274252358,True,0.11578927746335087,ground_equivalent_excess_gamma_dose_rate,uSv/h,6.219141988890017e-06,0.8507597747652561,441,441,1.0,True,False,lower_radiation_equivalent_priority,radiation_priority
398,398,RADIATION,35,57,523520.920497467,5697084.290406496,0.0009916697934484707,0.0005371086274252358,True,0.11813082933354666,ground_equivalent_excess_gamma_dose_rate,uSv/h,6.344908759994602e-06,0.7502809685001013,441,441,1.0,True,False,lower_radiation_equivalent_priority,radiation_priority
399,399,RADIATION,34,54,523460.920497467,5697064.290406496,0.0,0.0005371086274252358,False,0.1316774077183513,ground_equivalent_excess_gamma_dose_rate,uSv/h,7.072507172251681e-06,1.418198889604471,441,441,1.0,False,False,lower_radiation_equivalent_priority,radiation_priority
399,399,RADIATION,34,55,523480.920497467,5697064.290406496,0.0,0.0005371086274252358,False,0.12789925282472464,ground_equivalent_excess_gamma_dose_rate,uSv/h,6.869579213340106e-06,1.3213502163180484,441,441,1.0,False,False,lower_radiation_equivalent_priority,radiation_priority
399,399,RADIATION,34,56,523500.920497467,5697064.290406496,0.0,0.0005371086274252358,False,0.1194147123655919,ground_equivalent_excess_gamma_dose_rate,uSv/h,6.413867225306239e-06,1.4411854680600729,441,441,1.0,False,False,lower_radiation_equivalent_priority,radiation_priority
399,399,RADIATION,35,54,523460.920497467,5697084.290406496,0.000683298084473189,0.0005371086274252358,True,0.1244931427712464,ground_equivalent_excess_gamma_dose_rate,uSv/h,6.6866341037718065e-06,0.878538041003722,441,441,1.0,True,True,highest_radiation_equivalent_priority,radiation_priority
399,399,RADIATION,35,56,523500.920497467,5697084.290406496,0.0006662764965352939,0.0005371086274252358,True,0.11476114131140015,ground_equivalent_excess_gamma_dose_rate,uSv/h,6.163919909151966e-06,1.317894749280224,441,441,1.0,True,False,lower_radiation_equivalent_priority,radiation_priority
399,399,RADIATION,36,54,523460.920497467,5697104.290406496,0.0010221515557304376,0.0005371086274252358,True,0.10826824558045385,ground_equivalent_excess_gamma_dose_rate,uSv/h,5.815180877745592e-06,0.6399995676575163,441,441,1.0,True,False,lower_radiation_equivalent_priority,radiation_priority
399,399,RADIATION,36,55,523480.920497467,5697104.290406496,0.001011138183687328,0.0005371086274252358,True,0.1090233130789046,ground_equivalent_excess_gamma_dose_rate,uSv/h,5.855736204516221e-06,0.8507597747652561,441,441,1.0,True,False,lower_radiation_equivalent_priority,radiation_priority
399,399,RADIATION,36,56,523500.920497467,5697104.290406496,0.0009992344339286984,0.0005371086274252358,True,0.11138162412907794,ground_equivalent_excess_gamma_dose_rate,uSv/h,5.982403125636258e-06,0.7502809685001013,441,441,1.0,True,False,lower_radiation_equivalent_priority,radiation_priority
400,400,RADIATION,34,53,523440.920497467,5697064.290406496,0.0,0.0005371086274252358,False,0.1332178389405589,ground_equivalent_excess_gamma_dose_rate,uSv/h,7.155245062191972e-06,1.532463492953301,441,441,1.0,False,False,lower_radiation_equivalent_priority,radiation_priority
400,400,RADIATION,34,54,523460.920497467,5697064.290406496,0.0,0.0005371086274252358,False,0.13012234528369154,ground_equivalent_excess_gamma_dose_rate,uSv/h,6.988983427267616e-06,1.5275210945850988,441,441,1.0,False,False,lower_radiation_equivalent_priority,radiation_priority
400,400,RADIATION,34,55,523480.920497467,5697064.290406496,0.0,0.0005371086274252358,False,0.12618734797818337,ground_equivalent_excess_gamma_dose_rate,uSv/h,6.777631327099268e-06,1.537845859168872,441,441,1.0,False,False,lower_radiation_equivalent_priority,radiation_priority
400,400,RADIATION,35,53,523440.920497467,5697084.290406496,0.0006879125572947975,0.0005371086274252358,True,0.1265367748288468,ground_equivalent_excess_gamma_dose_rate,uSv/h,6.796399344713803e-06,0.9749292829886014,441,441,1.0,True,True,highest_radiation_equivalent_priority,radiation_priority
400,400,RADIATION,35,55,523480.920497467,5697084.290406496,0.0,0.0005371086274252358,False,0.11163779864605271,ground_equivalent_excess_gamma_dose_rate,uSv/h,5.996162479955622e-06,1.6945287918590577,441,441,1.0,False,False,lower_radiation_equivalent_priority,radiation_priority
400,400,RADIATION,36,53,523440.920497467,5697104.290406496,0.001029364550852568,0.0005371086274252358,True,0.10994906192839415,ground_equivalent_excess_gamma_dose_rate,uSv/h,5.9054589739052035e-06,0.7246276822104865,441,441,1.0,True,False,lower_radiation_equivalent_priority,radiation_priority
400,400,RADIATION,36,54,523460.920497467,5697104.290406496,0.0006820255711438171,0.0005371086274252358,True,0.10968878151841166,ground_equivalent_excess_gamma_dose_rate,uSv/h,5.891479088530065e-06,1.286900907285176,441,441,1.0,True,False,lower_radiation_equivalent_priority,radiation_priority
400,400,RADIATION,36,55,523480.920497467,5697104.290406496,0.0006710121991007076,0.0005371086274252358,True,0.1091449546204302,ground_equivalent_excess_gamma_dose_rate,uSv/h,5.862269676656891e-06,1.2890454774839757,441,441,1.0,True,False,lower_radiation_equivalent_priority,radiation_priority
401,401,RADIATION,34,52,523420.920497467,5697064.290406496,0.0,0.0005371086274252358,False,0.13466520691895004,ground_equivalent_excess_gamma_dose_rate,uSv/h,7.232984445017262e-06,1.612149209138069,441,441,1.0,False,False,lower_radiation_equivalent_priority,radiation_priority
401,401,RADIATION,34,53,523440.920497467,5697064.290406496,0.0,0.0005371086274252358,False,0.13174335601337472,ground_equivalent_excess_gamma_dose_rate,uSv/h,7.076049312073788e-06,1.6649072172494093,441,441,1.0,False,False,lower_radiation_equivalent_priority,radiation_priority
401,401,RADIATION,34,54,523460.920497467,5697064.290406496,0.0,0.0005371086274252358,False,0.12883269605419714,ground_equivalent_excess_gamma_dose_rate,uSv/h,6.9197152545162425e-06,1.681218280876481,441,441,1.0,False,False,lower_radiation_equivalent_priority,radiation_priority
401,401,RADIATION,35,52,523420.920497467,5697084.290406496,0.0006918399728949058,0.0005371086274252358,True,0.12748636336861122,ground_equivalent_excess_gamma_dose_rate,uSv/h,6.8474025644349635e-06,0.9849265588577134,441,441,1.0,True,True,highest_radiation_equivalent_priority,radiation_priority
401,401,RADIATION,35,54,523460.920497467,5697084.290406496,0.0,0.0005371086274252358,False,0.11354291322280877,ground_equivalent_excess_gamma_dose_rate,uSv/h,6.098487827496548e-06,1.8789780006600334,441,441,1.0,False,False,lower_radiation_equivalent_priority,radiation_priority
401,401,RADIATION,36,52,523420.920497467,5697104.290406496,0.0010356203702567989,0.0005371086274252358,True,0.11147398109055667,ground_equivalent_excess_gamma_dose_rate,uSv/h,5.9873636977175584e-06,0.7246276822104865,441,441,1.0,True,False,lower_radiation_equivalent_priority,radiation_priority
401,401,RADIATION,36,53,523440.920497467,5697104.290406496,0.0006867472015703695,0.0005371086274252358,True,0.11126046768740623,ground_equivalent_excess_gamma_dose_rate,uSv/h,5.975895708627256e-06,1.3715290218381462,441,441,1.0,True,False,lower_radiation_equivalent_priority,radiation_priority
401,401,RADIATION,36,54,523460.920497467,5697104.290406496,0.0003394082218616185,0.0005371086274252358,False,0.11053079650776683,ground_equivalent_excess_gamma_dose_rate,uSv/h,5.936704440050468e-06,1.4453408780278503,441,441,1.0,False,False,lower_radiation_equivalent_priority,radiation_priority
402,402,RADIATION,34,51,523400.920497467,5697064.290406496,0.00034856930297762445,0.0005371086274252358,False,0.1369213663603961,ground_equivalent_excess_gamma_dose_rate,uSv/h,7.35416471510202e-06,1.5174790167260255,441,441,1.0,False,False,lower_radiation_equivalent_priority,radiation_priority
402,402,RADIATION,34,52,523420.920497467,5697064.290406496,0.0,0.0005371086274252358,False,0.13307806075902173,ground_equivalent_excess_gamma_dose_rate,uSv/h,7.147737455469029e-06,1.7256349370156456,441,441,1.0,False,False,lower_radiation_equivalent_priority,radiation_priority
402,402,RADIATION,34,53,523440.920497467,5697064.290406496,0.0,0.0005371086274252358,False,0.13048665999077974,ground_equivalent_excess_gamma_dose_rate,uSv/h,7.008551084495115e-06,1.7465624844253507,441,441,1.0,False,False,lower_radiation_equivalent_priority,radiation_priority
402,402,RADIATION,35,51,523400.920497467,5697084.290406496,0.0006949678715379689,0.0005371086274252358,True,0.12482624406270125,ground_equivalent_excess_gamma_dose_rate,uSv/h,6.704525261516496e-06,0.9717100827120033,441,441,1.0,True,True,highest_radiation_equivalent_priority,radiation_priority
402,402,RADIATION,35,53,523440.920497467,5697084.290406496,0.0,0.0005371086274252358,False,0.11514415985310185,ground_equivalent_excess_gamma_dose_rate,uSv/h,6.184492165473147e-06,1.9220817188380326,441,441,1.0,False,False,lower_radiation_equivalent_priority,radiation_priority
402,402,RADIATION,36,51,523400.920497467,5697104.290406496,0.0010407655311260307,0.0005371086274252358,True,0.11263435788333781,ground_equivalent_excess_gamma_dose_rate,uSv/h,6.049688536364236e-06,0.7246276822104865,441,441,1.0,True,False,lower_radiation_equivalent_priority,radiation_priority
402,402,RADIATION,36,52,523420.920497467,5697104.290406496,0.0006908198077192766,0.0005371086274252358,True,0.11247188632149309,ground_equivalent_excess_gamma_dose_rate,uSv/h,6.0409620486064305e-06,1.3715290218381462,441,441,1.0,True,False,lower_radiation_equivalent_priority,radiation_priority
402,402,RADIATION,36,53,523440.920497467,5697104.290406496,0.00034194663903284724,0.0005371086274252358,False,0.11190848270866938,ground_equivalent_excess_gamma_dose_rate,uSv/h,6.0107011544894144e-06,1.4850279699036117,441,441,1.0,False,False,lower_radiation_equivalent_priority,radiation_priority
403,403,RADIATION,34,50,523380.920497467,5697064.290406496,0.000697808311463758,0.0005371086274252358,True,0.14358053559840722,ground_equivalent_excess_gamma_dose_rate,uSv/h,7.711834440024071e-06,0.9778945065785408,441,441,1.0,True,True,highest_radiation_equivalent_priority,radiation_priority
403,403,RADIATION,34,51,523400.920497467,5697064.290406496,0.00034856930297762445,0.0005371086274252358,False,0.13429251320021726,ground_equivalent_excess_gamma_dose_rate,uSv/h,7.212966743845406e-06,1.6309647446036022,441,441,1.0,False,False,lower_radiation_equivalent_priority,radiation_priority
403,403,RADIATION,34,52,523420.920497467,5697064.290406496,0.0,0.0005371086274252358,False,0.13170924693343608,ground_equivalent_excess_gamma_dose_rate,uSv/h,7.074217283962929e-06,1.7593108875973196,441,441,1.0,False,False,lower_radiation_equivalent_priority,radiation_priority
403,403,RADIATION,35,50,523380.920497467,5697084.290406496,0.001045738040838158,0.0005371086274252358,True,0.11649484568618536,ground_equivalent_excess_gamma_dose_rate,uSv/h,6.2570386668621676e-06,0.9380324793223674,441,441,1.0,True,False,lower_radiation_equivalent_priority,radiation_priority
403,403,RADIATION,35,52,523420.920497467,5697084.290406496,0.0,0.0005371086274252358,False,0.11597195462518016,ground_equivalent_excess_gamma_dose_rate,uSv/h,6.2289537368552245e-06,1.9220817188380326,441,441,1.0,False,False,lower_radiation_equivalent_priority,radiation_priority
403,403,RADIATION,36,50,523380.920497467,5697104.290406496,0.001044627317020322,0.0005371086274252358,True,0.11340609730415913,ground_equivalent_excess_gamma_dose_rate,uSv/h,6.091139326468964e-06,0.7246276822104865,441,441,1.0,True,False,lower_radiation_equivalent_priority,radiation_priority
403,403,RADIATION,36,51,523400.920497467,5697104.290406496,0.0006941403231277192,0.0005371086274252358,True,0.11329804127458494,ground_equivalent_excess_gamma_dose_rate,uSv/h,6.085335543896003e-06,1.3715290218381462,441,441,1.0,True,False,lower_radiation_equivalent_priority,radiation_priority
403,403,RADIATION,36,52,523420.920497467,5697104.290406496,0.000344194599720965,0.0005371086274252358,False,0.1129125203340141,ground_equivalent_excess_gamma_dose_rate,uSv/h,6.0646288815726345e-06,1.4850279699036117,441,441,1.0,False,False,lower_radiation_equivalent_priority,radiation_priority
404,404,RADIATION,33,49,523360.920497467,5697044.290406496,0.0,0.0005371086274252358,False,0.1487295512575786,ground_equivalent_excess_gamma_dose_rate,uSv/h,7.988392513352931e-06,1.5962581398111508,441,441,1.0,False,False,lower_radiation_equivalent_priority,radiation_priority
404,404,RADIATION,33,50,523380.920497467,5697044.290406496,0.0,0.0005371086274252358,False,0.14686140951999777,ground_equivalent_excess_gamma_dose_rate,uSv/h,7.888053008902145e-06,1.6659967631921466,441,441,1.0,False,False,lower_radiation_equivalent_priority,radiation_priority
404,404,RADIATION,33,51,523400.920497467,5697044.290406496,0.0,0.0005371086274252358,False,0.14149088930370166,ground_equivalent_excess_gamma_dose_rate,uSv/h,7.599597734708718e-06,1.9159279457848866,441,441,1.0,False,False,lower_radiation_equivalent_priority,radiation_priority
404,404,RADIATION,34,49,523360.920497467,5697064.290406496,0.0006984155876490687,0.0005371086274252358,True,0.14166873887170103,ground_equivalent_excess_gamma_dose_rate,uSv/h,7.609150188444349e-06,0.9836707085715171,441,441,1.0,True,True,highest_radiation_equivalent_priority,radiation_priority
404,404,RADIATION,34,51,523400.920497467,5697064.290406496,0.0,0.0005371086274252358,False,0.13126831291875055,ground_equivalent_excess_gamma_dose_rate,uSv/h,7.050534337621645e-06,1.7465980590991865,441,441,1.0,False,False,lower_radiation_equivalent_priority,radiation_priority
404,404,RADIATION,35,49,523360.920497467,5697084.290406496,0.0010474327025912066,0.0005371086274252358,True,0.12413818883617928,ground_equivalent_excess_gamma_dose_rate,uSv/h,6.667569221685498e-06,0.743367155025249,441,441,1.0,True,False,lower_radiation_equivalent_priority,radiation_priority
404,404,RADIATION,35,50,523380.920497467,5697084.290406496,0.0006971687378605335,0.0005371086274252358,True,0.12290229493752292,ground_equivalent_excess_gamma_dose_rate,uSv/h,6.601188294130444e-06,1.5053669016265125,441,441,1.0,True,False,lower_radiation_equivalent_priority,radiation_priority
404,404,RADIATION,35,51,523400.920497467,5697084.290406496,0.0,0.0005371086274252358,False,0.11971413172449881,ground_equivalent_excess_gamma_dose_rate,uSv/h,6.429949297394944e-06,1.8476718336880282,441,441,1.0,False,False,lower_radiation_equivalent_priority,radiation_priority
405,405,RADIATION,33,48,523340.920497467,5697044.290406496,0.0,0.0005371086274252358,False,0.1476997327411682,ground_equivalent_excess_gamma_dose_rate,uSv/h,7.933080072368302e-06,1.612149209138069,441,441,1.0,False,False,lower_radiation_equivalent_priority,radiation_priority
405,405,RADIATION,33,49,523360.920497467,5697044.290406496,0.0,0.0005371086274252358,False,0.14705823292937684,ground_equivalent_excess_gamma_dose_rate,uSv/h,7.898624564027821e-06,1.7097438676887275,441,441,1.0,False,False,lower_radiation_equivalent_priority,radiation_priority
405,405,RADIATION,33,50,523380.920497467,5697044.290406496,0.0,0.0005371086274252358,False,0.14534947337871548,ground_equivalent_excess_gamma_dose_rate,uSv/h,7.806845614342272e-06,1.752688372068664,441,441,1.0,False,False,lower_radiation_equivalent_priority,radiation_priority
405,405,RADIATION,34,48,523340.920497467,5697064.290406496,0.0006979300938223898,0.0005371086274252358,True,0.1408457432801719,ground_equivalent_excess_gamma_dose_rate,uSv/h,7.564946385190025e-06,0.9849265588577134,441,441,1.0,True,True,highest_radiation_equivalent_priority,radiation_priority
405,405,RADIATION,34,50,523380.920497467,5697064.290406496,0.0,0.0005371086274252358,False,0.12980035349097085,ground_equivalent_excess_gamma_dose_rate,uSv/h,6.971688970284578e-06,1.8151788074014787,441,441,1.0,False,False,lower_radiation_equivalent_priority,radiation_priority
405,405,RADIATION,35,48,523340.920497467,5697084.290406496,0.0010475283666415108,0.0005371086274252358,True,0.12409073368486355,ground_equivalent_excess_gamma_dose_rate,uSv/h,6.665020364566753e-06,0.7246276822104865,441,441,1.0,True,False,lower_radiation_equivalent_priority,radiation_priority
405,405,RADIATION,35,49,523360.920497467,5697084.290406496,0.0006982983028629719,0.0005371086274252358,True,0.12409499501860058,ground_equivalent_excess_gamma_dose_rate,uSv/h,6.665249244478202e-06,1.3902684946529087,441,441,1.0,True,False,lower_radiation_equivalent_priority,radiation_priority
405,405,RADIATION,35,50,523380.920497467,5697084.290406496,0.00034803433813229863,0.0005371086274252358,False,0.12345168843132992,ground_equivalent_excess_gamma_dose_rate,uSv/h,6.630696692667947e-06,1.618865849691978,441,441,1.0,False,False,lower_radiation_equivalent_priority,radiation_priority
406,406,RADIATION,33,47,523320.920497467,5697044.290406496,0.0,0.0005371086274252358,False,0.14627096070060572,ground_equivalent_excess_gamma_dose_rate,uSv/h,7.856339493407295e-06,1.612149209138069,441,441,1.0,False,False,lower_radiation_equivalent_priority,radiation_priority
406,406,RADIATION,33,48,523340.920497467,5697044.290406496,0.0,0.0005371086274252358,False,0.14596577583886408,ground_equivalent_excess_gamma_dose_rate,uSv/h,7.839947751187193e-06,1.7256349370156456,441,441,1.0,False,False,lower_radiation_equivalent_priority,radiation_priority
406,406,RADIATION,33,49,523360.920497467,5697044.290406496,0.0,0.0005371086274252358,False,0.14555422610690302,ground_equivalent_excess_gamma_dose_rate,uSv/h,7.81784306002211e-06,1.7583704490363865,441,441,1.0,False,False,lower_radiation_equivalent_priority,radiation_priority
406,406,RADIATION,34,47,523320.920497467,5697064.290406496,0.0006959199734114954,0.0005371086274252358,True,0.139238104908205,ground_equivalent_excess_gamma_dose_rate,uSv/h,7.4785987412536985e-06,0.9849265588577134,441,441,1.0,True,True,highest_radiation_equivalent_priority,radiation_priority
406,406,RADIATION,34,49,523360.920497467,5697064.290406496,0.0,0.0005371086274252358,False,0.1279345202129259,ground_equivalent_excess_gamma_dose_rate,uSv/h,6.871473455187071e-06,1.9130271035769821,441,441,1.0,False,False,lower_radiation_equivalent_priority,radiation_priority
406,406,RADIATION,35,47,523320.920497467,5697084.290406496,0.0010455250350417757,0.0005371086274252358,True,0.1236139381078672,ground_equivalent_excess_gamma_dose_rate,uSv/h,6.63941126277446e-06,0.7246276822104865,441,441,1.0,True,False,lower_radiation_equivalent_priority,radiation_priority
406,406,RADIATION,35,48,523340.920497467,5697084.290406496,0.0006981938576646964,0.0005371086274252358,True,0.12382982501738313,ground_equivalent_excess_gamma_dose_rate,uSv/h,6.651006734939378e-06,1.3715290218381462,441,441,1.0,True,False,lower_radiation_equivalent_priority,radiation_priority
406,406,RADIATION,35,49,523360.920497467,5697084.290406496,0.00034896379388615754,0.0005371086274252358,False,0.12391505157566031,ground_equivalent_excess_gamma_dose_rate,uSv/h,6.6555843269130214e-06,1.5037674427183743,441,441,1.0,False,False,lower_radiation_equivalent_priority,radiation_priority
407,407,RADIATION,33,46,523300.920497467,5697044.290406496,0.0003438220104119506,0.0005371086274252358,False,0.14637105318458335,ground_equivalent_excess_gamma_dose_rate,uSv/h,7.861715547075776e-06,1.5174790167260255,441,441,1.0,False,False,lower_radiation_equivalent_priority,radiation_priority
407,407,RADIATION,33,47,523320.920497467,5697044.290406496,0.0,0.0005371086274252358,False,0.14451202088221143,ground_equivalent_excess_gamma_dose_rate,uSv/h,7.76186531824916e-06,1.7256349370156456,441,441,1.0,False,False,lower_radiation_equivalent_priority,radiation_priority
407,407,RADIATION,33,48,523340.920497467,5697044.290406496,0.0,0.0005371086274252358,False,0.14524908649476537,ground_equivalent_excess_gamma_dose_rate,uSv/h,7.801453748197278e-06,1.7593108875973196,441,441,1.0,False,False,lower_radiation_equivalent_priority,radiation_priority
407,407,RADIATION,34,46,523300.920497467,5697064.290406496,0.0006921525864793719,0.0005371086274252358,True,0.1348381813452329,ground_equivalent_excess_gamma_dose_rate,uSv/h,7.242275050685308e-06,0.9717100827120033,441,441,1.0,True,True,highest_radiation_equivalent_priority,radiation_priority
407,407,RADIATION,34,48,523340.920497467,5697064.290406496,0.0,0.0005371086274252358,False,0.12727137385674084,ground_equivalent_excess_gamma_dose_rate,uSv/h,6.83585529227181e-06,1.9220817188380326,441,441,1.0,False,False,lower_radiation_equivalent_priority,radiation_priority
407,407,RADIATION,35,46,523300.920497467,5697084.290406496,0.0010411167288369287,0.0005371086274252358,True,0.12265791513336342,ground_equivalent_excess_gamma_dose_rate,uSv/h,6.588062444012188e-06,0.7246276822104865,441,441,1.0,True,False,lower_radiation_equivalent_priority,radiation_priority
407,407,RADIATION,35,47,523320.920497467,5697084.290406496,0.0006966727263001462,0.0005371086274252358,True,0.12309546507838591,ground_equivalent_excess_gamma_dose_rate,uSv/h,6.61156362905229e-06,1.3715290218381462,441,441,1.0,True,False,lower_radiation_equivalent_priority,radiation_priority
407,407,RADIATION,35,48,523340.920497467,5697084.290406496,0.0003493415489230668,0.0005371086274252358,False,0.12372931129273385,ground_equivalent_excess_gamma_dose_rate,uSv/h,6.645608056071e-06,1.4850279699036117,441,441,1.0,False,False,lower_radiation_equivalent_priority,radiation_priority
408,408,RADIATION,33,45,523280.920497467,5697044.290406496,0.0006836580817805042,0.0005371086274252358,True,0.14855562015777055,ground_equivalent_excess_gamma_dose_rate,uSv/h,7.979050523924484e-06,0.9590657509251184,441,441,1.0,True,True,highest_radiation_equivalent_priority,radiation_priority
408,408,RADIATION,33,46,523300.920497467,5697044.290406496,0.0003438220104119506,0.0005371086274252358,False,0.14348338286157644,ground_equivalent_excess_gamma_dose_rate,uSv/h,7.706616282711092e-06,1.6309647446036022,441,441,1.0,False,False,lower_radiation_equivalent_priority,radiation_priority
408,408,RADIATION,33,47,523320.920497467,5697044.290406496,0.0,0.0005371086274252358,False,0.14415677050703488,ground_equivalent_excess_gamma_dose_rate,uSv/h,7.742784514108822e-06,1.7593108875973196,441,441,1.0,False,False,lower_radiation_equivalent_priority,radiation_priority
408,408,RADIATION,34,45,523280.920497467,5697064.290406496,0.0010301876871563129,0.0005371086274252358,True,0.12463211527184317,ground_equivalent_excess_gamma_dose_rate,uSv/h,6.6940984366763455e-06,0.9380324793223674,441,441,1.0,True,False,lower_radiation_equivalent_priority,radiation_priority
408,408,RADIATION,34,47,523320.920497467,5697064.290406496,0.0,0.0005371086274252358,False,0.12643069818085842,ground_equivalent_excess_gamma_dose_rate,uSv/h,6.790701876433512e-06,1.9220817188380326,441,441,1.0,False,False,lower_radiation_equivalent_priority,radiation_priority
408,408,RADIATION,35,45,523280.920497467,5697084.290406496,0.0010339637993605762,0.0005371086274252358,True,0.12124475773548227,ground_equivalent_excess_gamma_dose_rate,uSv/h,6.512160540981012e-06,0.7246276822104865,441,441,1.0,True,False,lower_radiation_equivalent_priority,radiation_priority
408,408,RADIATION,35,46,523300.920497467,5697084.290406496,0.0006935311476437028,0.0005371086274252358,True,0.12189385687691819,ground_equivalent_excess_gamma_dose_rate,uSv/h,6.547024215872967e-06,1.3715290218381462,441,441,1.0,True,False,lower_radiation_equivalent_priority,radiation_priority
408,408,RADIATION,35,47,523320.920497467,5697084.290406496,0.0003490871451069202,0.0005371086274252358,False,0.12293821510152439,ground_equivalent_excess_gamma_dose_rate,uSv/h,6.6031175971288165e-06,1.4850279699036117,441,441,1.0,False,False,lower_radiation_equivalent_priority,radiation_priority
409,409,RADIATION,32,44,523260.920497467,5697024.290406496,0.000934040727763837,0.0005371086274252358,True,0.16070940339025497,ground_equivalent_excess_gamma_dose_rate,uSv/h,8.631840706926839e-06,0.9620034372673963,441,441,1.0,True,True,highest_radiation_equivalent_priority,radiation_priority
409,409,RADIATION,32,45,523280.920497467,5697024.290406496,0.0003389779041591987,0.0005371086274252358,False,0.15380903819775135,ground_equivalent_excess_gamma_dose_rate,uSv/h,8.26121613919899e-06,1.6219414446209903,441,441,1.0,False,False,lower_radiation_equivalent_priority,radiation_priority
409,409,RADIATION,32,46,523300.920497467,5697024.290406496,0.0,0.0005371086274252358,False,0.14968529195702704,ground_equivalent_excess_gamma_dose_rate,uSv/h,8.039726170878448e-06,1.9159279457879637,441,441,1.0,False,False,lower_radiation_equivalent_priority,radiation_priority
409,409,RADIATION,33,44,523260.920497467,5697044.290406496,0.0012771676074833727,0.0005371086274252358,True,0.13482719058220455,ground_equivalent_excess_gamma_dose_rate,uSv/h,7.241684727320856e-06,0.9164053414561989,441,441,1.0,True,False,lower_radiation_equivalent_priority,radiation_priority
409,409,RADIATION,33,46,523300.920497467,5697044.290406496,0.0,0.0005371086274252358,False,0.14202688237235656,ground_equivalent_excess_gamma_dose_rate,uSv/h,7.628386384850185e-06,1.7465980590991865,441,441,1.0,False,False,lower_radiation_equivalent_priority,radiation_priority
409,409,RADIATION,34,44,523260.920497467,5697064.290406496,0.0010192119683941014,0.0005371086274252358,True,0.13001298773231895,ground_equivalent_excess_gamma_dose_rate,uSv/h,6.983109738835986e-06,0.743367155025249,441,441,1.0,True,False,lower_radiation_equivalent_priority,radiation_priority
409,409,RADIATION,34,45,523280.920497467,5697064.290406496,0.0006863656767443621,0.0005371086274252358,True,0.1291074263944299,ground_equivalent_excess_gamma_dose_rate,uSv/h,6.934471258111691e-06,1.5053669016265125,441,441,1.0,True,False,lower_radiation_equivalent_priority,radiation_priority
409,409,RADIATION,34,46,523300.920497467,5697064.290406496,0.0,0.0005371086274252358,False,0.12694443766931737,ground_equivalent_excess_gamma_dose_rate,uSv/h,6.818295267583546e-06,1.8476718336880282,441,441,1.0,False,False,lower_radiation_equivalent_priority,radiation_priority
410,410,RADIATION,31,43,523240.920497467,5697004.290406496,0.0,0.0005371086274252358,False,0.16430912702380335,ground_equivalent_excess_gamma_dose_rate,uSv/h,8.825184968919373e-06,1.7164692766449443,441,441,1.0,False,False,lower_radiation_equivalent_priority,radiation_priority
410,410,RADIATION,31,44,523260.920497467,5697004.290406496,0.0,0.0005371086274252358,False,0.16483179255270924,ground_equivalent_excess_gamma_dose_rate,uSv/h,8.853257785402685e-06,1.7995819346928383,441,441,1.0,False,False,lower_radiation_equivalent_priority,radiation_priority
410,410,RADIATION,31,45,523280.920497467,5697004.290406496,0.0,0.0005371086274252358,False,0.165049099667668,ground_equivalent_excess_gamma_dose_rate,uSv/h,8.86492953802721e-06,1.7540998539964119,441,441,1.0,False,False,lower_radiation_equivalent_priority,radiation_priority
410,410,RADIATION,32,43,523240.920497467,5697024.290406496,0.000923013252528091,0.0005371086274252358,True,0.15390391972925688,ground_equivalent_excess_gamma_dose_rate,uSv/h,8.266312308114484e-06,0.9836707086002178,441,441,1.0,True,True,highest_radiation_equivalent_priority,radiation_priority
410,410,RADIATION,32,45,523280.920497467,5697024.290406496,0.0,0.0005371086274252358,False,0.14903940204182947,ground_equivalent_excess_gamma_dose_rate,uSv/h,8.00503486629649e-06,1.7542126790856905,441,441,1.0,False,False,lower_radiation_equivalent_priority,radiation_priority
410,410,RADIATION,33,43,523240.920497467,5697044.290406496,0.0015180427119162287,0.0005371086274252358,True,0.1391747759340604,ground_equivalent_excess_gamma_dose_rate,uSv/h,7.475197287415793e-06,0.743367155025249,441,441,1.0,True,False,lower_radiation_equivalent_priority,radiation_priority
410,410,RADIATION,33,44,523260.920497467,5697044.290406496,0.0009381897033241739,0.0005371086274252358,True,0.13829644602267127,ground_equivalent_excess_gamma_dose_rate,uSv/h,7.428021430102518e-06,1.5044264630655793,441,441,1.0,True,False,lower_radiation_equivalent_priority,radiation_priority
410,410,RADIATION,33,45,523280.920497467,5697044.290406496,0.0,0.0005371086274252358,False,0.13807408558508427,ground_equivalent_excess_gamma_dose_rate,uSv/h,7.416078259159915e-06,1.7316311249598693,441,441,1.0,False,False,lower_radiation_equivalent_priority,radiation_priority
411,411,RADIATION,31,42,523220.920497467,5697004.290406496,0.00031482366086508205,0.0005371086274252358,False,0.1588975337076421,ground_equivalent_excess_gamma_dose_rate,uSv/h,8.534523623096678e-06,1.5343105246762965,441,441,1.0,False,False,lower_radiation_equivalent_priority,radiation_priority
411,411,RADIATION,31,43,523240.920497467,5697004.290406496,0.0,0.0005371086274252358,False,0.16252169398110938,ground_equivalent_excess_gamma_dose_rate,uSv/h,8.729180398101787e-06,1.829955004522521,441,441,1.0,False,False,lower_radiation_equivalent_priority,radiation_priority
411,411,RADIATION,31,44,523260.920497467,5697004.290406496,0.0,0.0005371086274252358,False,0.16413795871087827,ground_equivalent_excess_gamma_dose_rate,uSv/h,8.815991371157986e-06,1.8613238137821768,441,441,1.0,False,False,lower_radiation_equivalent_priority,radiation_priority
411,411,RADIATION,32,42,523220.920497467,5697024.290406496,0.0009010581187336526,0.0005371086274252358,True,0.14755706363316393,ground_equivalent_excess_gamma_dose_rate,uSv/h,7.925417191490685e-06,0.9717100827250287,441,441,1.0,True,True,highest_radiation_equivalent_priority,radiation_priority
411,411,RADIATION,32,44,523260.920497467,5697024.290406496,0.0,0.0005371086274252358,False,0.14703550805389703,ground_equivalent_excess_gamma_dose_rate,uSv/h,7.897403991360085e-06,1.8266062426895449,441,441,1.0,False,False,lower_radiation_equivalent_priority,radiation_priority
411,411,RADIATION,33,42,523220.920497467,5697044.290406496,0.0014920581714586683,0.0005371086274252358,True,0.13600318187028496,ground_equivalent_excess_gamma_dose_rate,uSv/h,7.304848233981347e-06,0.7246276822104865,441,441,1.0,True,False,lower_radiation_equivalent_priority,radiation_priority
411,411,RADIATION,33,43,523240.920497467,5697044.290406496,0.0009207988658222212,0.0005371086274252358,True,0.13698910166403358,ground_equivalent_excess_gamma_dose_rate,uSv/h,7.357802836698516e-06,1.3902684946529087,441,441,1.0,True,False,lower_radiation_equivalent_priority,radiation_priority
411,411,RADIATION,33,44,523260.920497467,5697044.290406496,0.0003409458572301665,0.0005371086274252358,False,0.13714889069691674,ground_equivalent_excess_gamma_dose_rate,uSv/h,7.366385243511464e-06,1.6179254111310448,441,441,1.0,False,False,lower_radiation_equivalent_priority,radiation_priority
412,412,RADIATION,31,41,523200.920497467,5697004.290406496,0.00061731019233594,0.0005371086274252358,True,0.15885711660395072,ground_equivalent_excess_gamma_dose_rate,uSv/h,8.532352785587861e-06,0.9590657509691604,441,441,1.0,True,True,highest_radiation_equivalent_priority,radiation_priority
412,412,RADIATION,31,42,523220.920497467,5697004.290406496,0.00031482366086508205,0.0005371086274252358,False,0.15700609455623266,ground_equivalent_excess_gamma_dose_rate,uSv/h,8.43293279444949e-06,1.6477962525538732,441,441,1.0,False,False,lower_radiation_equivalent_priority,radiation_priority
412,412,RADIATION,31,43,523240.920497467,5697004.290406496,0.0,0.0005371086274252358,False,0.16218708185339106,ground_equivalent_excess_gamma_dose_rate,uSv/h,8.711208092037925e-06,1.8498660944299286,441,441,1.0,False,False,lower_radiation_equivalent_priority,radiation_priority
412,412,RADIATION,32,41,523200.920497467,5697024.290406496,0.0009379382689816034,0.0005371086274252358,True,0.13563317301449923,ground_equivalent_excess_gamma_dose_rate,uSv/h,7.284974739114722e-06,0.9380324793265533,441,441,1.0,True,False,lower_radiation_equivalent_priority,radiation_priority
412,412,RADIATION,32,43,523240.920497467,5697024.290406496,0.0,0.0005371086274252358,False,0.1415549542484004,ground_equivalent_excess_gamma_dose_rate,uSv/h,7.603038718160038e-06,1.9130271035881559,441,441,1.0,False,False,lower_radiation_equivalent_priority,radiation_priority
412,412,RADIATION,33,41,523200.920497467,5697044.290406496,0.0009478753037377996,0.0005371086274252358,True,0.1320015553370137,ground_equivalent_excess_gamma_dose_rate,uSv/h,7.089917420505973e-06,0.7246276822104865,441,441,1.0,True,False,lower_radiation_equivalent_priority,radiation_priority
412,412,RADIATION,33,42,523220.920497467,5697044.290406496,0.000907297494170398,0.0005371086274252358,True,0.1338481147527277,ground_equivalent_excess_gamma_dose_rate,uSv/h,7.189097719829303e-06,1.3715290218381462,441,441,1.0,True,False,lower_radiation_equivalent_priority,radiation_priority
412,412,RADIATION,33,43,523240.920497467,5697044.290406496,0.0003360381885339509,0.0005371086274252358,False,0.13656983109825946,ground_equivalent_excess_gamma_dose_rate,uSv/h,7.335283452888242e-06,1.5037674427183743,441,441,1.0,False,False,lower_radiation_equivalent_priority,radiation_priority
413,413,RADIATION,30,40,523180.920497467,5696984.290406497,0.0005881204220630259,0.0005371086274252358,True,0.16500719773697653,ground_equivalent_excess_gamma_dose_rate,uSv/h,8.862678949179194e-06,0.9620034372895424,441,441,1.0,True,True,highest_radiation_equivalent_priority,radiation_priority
413,413,RADIATION,30,41,523200.920497467,5696984.290406497,0.0003017959864696937,0.0005371086274252358,False,0.16209814383488988,ground_equivalent_excess_gamma_dose_rate,uSv/h,8.706431154333614e-06,1.6219414446630012,441,441,1.0,False,False,lower_radiation_equivalent_priority,radiation_priority
413,413,RADIATION,30,42,523220.920497467,5696984.290406497,0.0,0.0005371086274252358,False,0.16444644147555795,ground_equivalent_excess_gamma_dose_rate,uSv/h,8.83256024659013e-06,1.967213260470036,441,441,1.0,False,False,lower_radiation_equivalent_priority,radiation_priority
413,413,RADIATION,31,40,523180.920497467,5697004.290406496,0.0008935579969307565,0.0005371086274252358,True,0.1436458928358118,ground_equivalent_excess_gamma_dose_rate,uSv/h,7.715344833631538e-06,0.9164053414656579,441,441,1.0,True,False,lower_radiation_equivalent_priority,radiation_priority
413,413,RADIATION,31,42,523220.920497467,5697004.290406496,0.0,0.0005371086274252358,False,0.1557802484090774,ground_equivalent_excess_gamma_dose_rate,uSv/h,8.367091540296183e-06,1.7634295670494575,441,441,1.0,False,False,lower_radiation_equivalent_priority,radiation_priority
413,413,RADIATION,32,40,523180.920497467,5697024.290406496,0.0009021393301201107,0.0005371086274252358,True,0.13831171266484604,ground_equivalent_excess_gamma_dose_rate,uSv/h,7.428841414624907e-06,0.7433671550273536,441,441,1.0,True,False,lower_radiation_equivalent_priority,radiation_priority
413,413,RADIATION,32,41,523200.920497467,5697024.290406496,0.0006231146081165214,0.0005371086274252358,True,0.1377812281711321,ground_equivalent_excess_gamma_dose_rate,uSv/h,7.4003486347959985e-06,1.505366901641544,441,441,1.0,True,False,lower_radiation_equivalent_priority,radiation_priority
413,413,RADIATION,32,42,523220.920497467,5697024.290406496,0.0,0.0005371086274252358,False,0.13764044352294585,ground_equivalent_excess_gamma_dose_rate,uSv/h,7.392786969881014e-06,1.8476718336979026,441,441,1.0,False,False,lower_radiation_equivalent_priority,radiation_priority
414,414,RADIATION,29,39,523160.920497467,5696964.290406497,0.0,0.0005371086274252358,False,0.16507237040583514,ground_equivalent_excess_gamma_dose_rate,uSv/h,8.866179429450823e-06,1.5962581398519502,441,441,1.0,False,False,lower_radiation_equivalent_priority,radiation_priority
414,414,RADIATION,29,40,523180.920497467,5696964.290406497,0.0,0.0005371086274252358,False,0.16701154854418995,ground_equivalent_excess_gamma_dose_rate,uSv/h,8.970334360273302e-06,1.621069863232119,441,441,1.0,False,False,lower_radiation_equivalent_priority,radiation_priority
414,414,RADIATION,29,41,523200.920497467,5696964.290406497,0.0,0.0005371086274252358,False,0.17206819505426865,ground_equivalent_excess_gamma_dose_rate,uSv/h,9.241931206913598e-06,1.6742638582347438,441,441,1.0,False,False,lower_radiation_equivalent_priority,radiation_priority
414,414,RADIATION,30,39,523160.920497467,5696984.290406497,0.0005546660561027634,0.0005371086274252358,True,0.15501857595985655,ground_equivalent_excess_gamma_dose_rate,uSv/h,8.32618145592132e-06,0.9836707085787769,441,441,1.0,True,True,highest_radiation_equivalent_priority,radiation_priority
414,414,RADIATION,30,41,523200.920497467,5696984.290406497,0.0,0.0005371086274252358,False,0.15911790615629579,ground_equivalent_excess_gamma_dose_rate,uSv/h,8.54636001743855e-06,1.7542126791203017,441,441,1.0,False,False,lower_radiation_equivalent_priority,radiation_priority
414,414,RADIATION,31,39,523160.920497467,5697004.290406496,0.0008459539197528565,0.0005371086274252358,True,0.14459817783401746,ground_equivalent_excess_gamma_dose_rate,uSv/h,7.766492882461927e-06,0.7433671550536886,441,441,1.0,True,False,lower_radiation_equivalent_priority,radiation_priority
414,414,RADIATION,31,40,523180.920497467,5697004.290406496,0.0005917620104610628,0.0005371086274252358,True,0.1441923797398627,ground_equivalent_excess_gamma_dose_rate,uSv/h,7.744697116725603e-06,1.5044264631101316,441,441,1.0,True,False,lower_radiation_equivalent_priority,radiation_priority
414,414,RADIATION,31,41,523200.920497467,5697004.290406496,0.0,0.0005371086274252358,False,0.14814417878354308,ground_equivalent_excess_gamma_dose_rate,uSv/h,7.956951652746757e-06,1.7316311250087075,441,441,1.0,False,False,lower_radiation_equivalent_priority,radiation_priority
415,415,RADIATION,29,38,523140.920497467,5696964.290406497,0.0002462289560091299,0.0005371086274252358,False,0.1579872394521229,ground_equivalent_excess_gamma_dose_rate,uSv/h,8.48563093328318e-06,1.517479016770665,441,441,1.0,False,False,lower_radiation_equivalent_priority,radiation_priority
415,415,RADIATION,29,39,523160.920497467,5696964.290406497,0.0,0.0005371086274252358,False,0.16328437409755386,ground_equivalent_excess_gamma_dose_rate,uSv/h,8.770144605152589e-06,1.709743867715533,441,441,1.0,False,False,lower_radiation_equivalent_priority,radiation_priority
415,415,RADIATION,29,40,523180.920497467,5696964.290406497,0.0,0.0005371086274252358,False,0.16664376261576908,ground_equivalent_excess_gamma_dose_rate,uSv/h,8.950580260753256e-06,1.7419307216333166,441,441,1.0,False,False,lower_radiation_equivalent_priority,radiation_priority
415,415,RADIATION,30,38,523140.920497467,5696984.290406497,0.0005131414110549831,0.0005371086274252358,False,0.14752443514100513,ground_equivalent_excess_gamma_dose_rate,uSv/h,7.92366468702685e-06,0.9717100827111468,441,441,1.0,False,False,lower_radiation_equivalent_priority,radiation_priority
415,415,RADIATION,30,40,523180.920497467,5696984.290406497,0.0,0.0005371086274252358,False,0.15386151089909117,ground_equivalent_excess_gamma_dose_rate,uSv/h,8.264034493258382e-06,1.826606242691653,441,441,1.0,False,False,lower_radiation_equivalent_priority,radiation_priority
415,415,RADIATION,31,38,523140.920497467,5697004.290406496,0.0007873269984991066,0.0005371086274252358,True,0.13903988422588764,ground_equivalent_excess_gamma_dose_rate,uSv/h,7.4679521373930206e-06,0.7246276822411091,441,441,1.0,True,False,lower_radiation_equivalent_priority,radiation_priority
415,415,RADIATION,31,39,523160.920497467,5697004.290406496,0.000558687193657006,0.0005371086274252358,True,0.14137380454155876,ground_equivalent_excess_gamma_dose_rate,uSv/h,7.593309011120019e-06,1.390268494708686,441,441,1.0,True,True,highest_radiation_equivalent_priority,radiation_priority
415,415,RADIATION,31,40,523180.920497467,5697004.290406496,0.00030449528436521237,0.0005371086274252358,False,0.14364004909542333,ground_equivalent_excess_gamma_dose_rate,uSv/h,7.71503096129363e-06,1.6179254111803938,441,441,1.0,False,False,lower_radiation_equivalent_priority,radiation_priority
416,416,RADIATION,30,38,523140.920497467,5696984.290406497,0.00024445260364621026,0.0005371086274252358,False,0.14604536211383204,ground_equivalent_excess_gamma_dose_rate,uSv/h,7.844222398678187e-06,1.3632646526016277,441,441,1.0,False,False,lower_radiation_equivalent_priority,radiation_priority
416,416,RADIATION,30,39,523160.920497467,5696984.290406497,0.0,0.0005371086274252358,False,0.14508211889218028,ground_equivalent_excess_gamma_dose_rate,uSv/h,7.792485774212382e-06,2.1336204360268307,441,441,1.0,False,False,lower_radiation_equivalent_priority,radiation_priority
416,416,RADIATION,30,40,523180.920497467,5696984.290406497,0.0,0.0005371086274252358,False,0.15356232324463742,ground_equivalent_excess_gamma_dose_rate,uSv/h,8.24796486621576e-06,2.133022673312657,441,441,1.0,False,False,lower_radiation_equivalent_priority,radiation_priority
416,416,RADIATION,31,38,523140.920497467,5697004.290406496,0.0005186381910903337,0.0005371086274252358,False,0.13363507793511195,ground_equivalent_excess_gamma_dose_rate,uSv/h,7.177655328559239e-06,1.3595145201119363,441,441,1.0,False,False,lower_radiation_equivalent_priority,radiation_priority
416,416,RADIATION,31,40,523180.920497467,5697004.290406496,0.00030449528436521237,0.0005371086274252358,False,0.14256121425632473,ground_equivalent_excess_gamma_dose_rate,uSv/h,7.657085811328954e-06,2.049334920677971,441,441,1.0,False,False,lower_radiation_equivalent_priority,radiation_priority
416,416,RADIATION,32,38,523140.920497467,5697024.290406496,0.0008018856283041245,0.0005371086274252358,True,0.12933785803733577,ground_equivalent_excess_gamma_dose_rate,uSv/h,6.946847940455341e-06,0.7433791965449895,441,441,1.0,True,False,lower_radiation_equivalent_priority,radiation_priority
416,416,RADIATION,32,39,523160.920497467,5697024.290406496,0.0008711595964157209,0.0005371086274252358,True,0.13165414650811336,ground_equivalent_excess_gamma_dose_rate,uSv/h,7.071257792581366e-06,1.0136132308571597,441,441,1.0,True,False,lower_radiation_equivalent_priority,radiation_priority
416,416,RADIATION,32,40,523180.920497467,5697024.290406496,0.0006121409438718774,0.0005371086274252358,True,0.13734125398531652,ground_equivalent_excess_gamma_dose_rate,uSv/h,7.376717241691405e-06,0.9830116882421905,441,441,1.0,True,True,highest_radiation_equivalent_priority,radiation_priority
417,417,RADIATION,31,39,523160.920497467,5697004.290406496,0.0,0.0005371086274252358,False,0.13617465707061313,ground_equivalent_excess_gamma_dose_rate,uSv/h,7.31405831492992e-06,2.1622986758833282,441,441,1.0,False,False,lower_radiation_equivalent_priority,radiation_priority
417,417,RADIATION,31,40,523180.920497467,5697004.290406496,0.0,0.0005371086274252358,False,0.1413320538455611,ground_equivalent_excess_gamma_dose_rate,uSv/h,7.591066545217884e-06,2.158657125658599,441,441,1.0,False,False,lower_radiation_equivalent_priority,radiation_priority
417,417,RADIATION,31,41,523200.920497467,5697004.290406496,0.0,0.0005371086274252358,False,0.14785329806107636,ground_equivalent_excess_gamma_dose_rate,uSv/h,7.9413281981879e-06,1.8470444535535548,441,441,1.0,False,False,lower_radiation_equivalent_priority,radiation_priority
417,417,RADIATION,32,39,523160.920497467,5697024.290406496,0.0005666643120505086,0.0005371086274252358,True,0.1285099467239339,ground_equivalent_excess_gamma_dose_rate,uSv/h,6.902380109538231e-06,1.5939442583182715,441,441,1.0,True,False,lower_radiation_equivalent_priority,radiation_priority
417,417,RADIATION,32,41,523200.920497467,5697024.290406496,0.000318619323751309,0.0005371086274252358,False,0.13587062835764133,ground_equivalent_excess_gamma_dose_rate,uSv/h,7.297728670457705e-06,1.6420781142114755,441,441,1.0,False,False,lower_radiation_equivalent_priority,radiation_priority
417,417,RADIATION,33,39,523160.920497467,5697044.290406496,0.0008720693443062572,0.0005371086274252358,True,0.12503413235916647,ground_equivalent_excess_gamma_dose_rate,uSv/h,6.715691121273716e-06,0.7473163971376915,441,441,1.0,True,False,lower_radiation_equivalent_priority,radiation_priority
417,417,RADIATION,33,40,523180.920497467,5697044.290406496,0.000924553695863911,0.0005371086274252358,True,0.1255678234729753,ground_equivalent_excess_gamma_dose_rate,uSv/h,6.744356131434407e-06,0.9273519281129202,441,441,1.0,True,False,lower_radiation_equivalent_priority,radiation_priority
417,417,RADIATION,33,41,523200.920497467,5697044.290406496,0.0006402296442311346,0.0005371086274252358,True,0.13158388664248058,ground_equivalent_excess_gamma_dose_rate,uSv/h,7.067484074582056e-06,0.9454434597561272,441,441,1.0,True,True,highest_radiation_equivalent_priority,radiation_priority
418,418,RADIATION,32,40,523180.920497467,5697024.290406496,0.0,0.0005371086274252358,False,0.13051553451371778,ground_equivalent_excess_gamma_dose_rate,uSv/h,7.010101960033394e-06,1.7514003191921033,441,441,1.0,False,False,lower_radiation_equivalent_priority,radiation_priority
418,418,RADIATION,32,41,523200.920497467,5697024.290406496,0.0,0.0005371086274252358,False,0.1346573074920078,ground_equivalent_excess_gamma_dose_rate,uSv/h,7.232560159981023e-06,1.7607733288134104,441,441,1.0,False,False,lower_radiation_equivalent_priority,radiation_priority
418,418,RADIATION,32,42,523220.920497467,5697024.290406496,0.0,0.0005371086274252358,False,0.1374081228200265,ground_equivalent_excess_gamma_dose_rate,uSv/h,7.380308824494266e-06,1.8974844897464498,441,441,1.0,False,False,lower_radiation_equivalent_priority,radiation_priority
418,418,RADIATION,33,40,523180.920497467,5697044.290406496,0.000605934372112602,0.0005371086274252358,True,0.12282724658519475,ground_equivalent_excess_gamma_dose_rate,uSv/h,6.597157382379494e-06,1.5054561844651724,441,441,1.0,True,False,lower_radiation_equivalent_priority,radiation_priority
418,418,RADIATION,33,42,523220.920497467,5697044.290406496,0.000588678170419089,0.0005371086274252358,True,0.13261990251155442,ground_equivalent_excess_gamma_dose_rate,uSv/h,7.123129380724958e-06,1.6045098857254123,441,441,1.0,True,True,highest_radiation_equivalent_priority,radiation_priority
418,418,RADIATION,34,40,523180.920497467,5697064.290406496,0.0009276351487770374,0.0005371086274252358,True,0.11986604121557644,ground_equivalent_excess_gamma_dose_rate,uSv/h,6.4381084872194995e-06,0.7473163971376915,441,441,1.0,True,False,lower_radiation_equivalent_priority,radiation_priority
418,418,RADIATION,34,41,523200.920497467,5697064.290406496,0.0012254158586587523,0.0005371086274252358,True,0.11953070756898782,ground_equivalent_excess_gamma_dose_rate,uSv/h,6.420097427754628e-06,0.9011557306176099,441,441,1.0,True,False,lower_radiation_equivalent_priority,radiation_priority
418,418,RADIATION,34,42,523220.920497467,5697064.290406496,0.0015179290217185002,0.0005371086274252358,True,0.12828248963524969,ground_equivalent_excess_gamma_dose_rate,uSv/h,6.8901631930681e-06,0.785941232041375,441,441,1.0,True,False,lower_radiation_equivalent_priority,radiation_priority
419,419,RADIATION,32,41,523200.920497467,5697024.290406496,0.0,0.0005371086274252358,False,0.13384387143125576,ground_equivalent_excess_gamma_dose_rate,uSv/h,7.188869807372151e-06,2.2393967235962395,441,441,1.0,False,False,lower_radiation_equivalent_priority,radiation_priority
419,419,RADIATION,32,42,523220.920497467,5697024.290406496,0.0,0.0005371086274252358,False,0.1364010313106438,ground_equivalent_excess_gamma_dose_rate,uSv/h,7.3262170706646495e-06,2.3706381903661384,441,441,1.0,False,False,lower_radiation_equivalent_priority,radiation_priority
419,419,RADIATION,32,43,523240.920497467,5697024.290406496,0.0,0.0005371086274252358,False,0.14132254185427548,ground_equivalent_excess_gamma_dose_rate,uSv/h,7.590555647959534e-06,2.270730562544753,441,441,1.0,False,False,lower_radiation_equivalent_priority,radiation_priority
419,419,RADIATION,33,41,523200.920497467,5697044.290406496,0.0,0.0005371086274252358,False,0.12427073114713244,ground_equivalent_excess_gamma_dose_rate,uSv/h,6.674688183556681e-06,2.241292823685126,441,441,1.0,False,False,lower_radiation_equivalent_priority,radiation_priority
419,419,RADIATION,33,43,523240.920497467,5697044.290406496,0.0003360381885339509,0.0005371086274252358,False,0.13544363956476743,ground_equivalent_excess_gamma_dose_rate,uSv/h,7.27479473401106e-06,2.1650575179564377,441,441,1.0,False,False,lower_radiation_equivalent_priority,radiation_priority
419,419,RADIATION,34,41,523200.920497467,5697064.290406496,0.0006367376882396632,0.0005371086274252358,True,0.12009113402348916,ground_equivalent_excess_gamma_dose_rate,uSv/h,6.450198416129629e-06,1.40910929181104,441,441,1.0,True,False,lower_radiation_equivalent_priority,radiation_priority
419,419,RADIATION,34,42,523220.920497467,5697064.290406496,0.0009292508512994112,0.0005371086274252358,True,0.12338156521121306,ground_equivalent_excess_gamma_dose_rate,uSv/h,6.626930314017187e-06,1.4150564062073716,441,441,1.0,True,False,lower_radiation_equivalent_priority,radiation_priority
419,419,RADIATION,34,43,523240.920497467,5697064.290406496,0.0010148547819545937,0.0005371086274252358,True,0.13117261500644795,ground_equivalent_excess_gamma_dose_rate,uSv/h,7.0453943201892145e-06,0.9879282539335934,441,441,1.0,True,True,highest_radiation_equivalent_priority,radiation_priority
420,420,RADIATION,33,42,523220.920497467,5697044.290406496,0.0,0.0005371086274252358,False,0.12831124524564613,ground_equivalent_excess_gamma_dose_rate,uSv/h,6.891707681711181e-06,2.4161929619603386,441,441,1.0,False,False,lower_radiation_equivalent_priority,radiation_priority
420,420,RADIATION,33,43,523240.920497467,5697044.290406496,0.0,0.0005371086274252358,False,0.13405578261657558,ground_equivalent_excess_gamma_dose_rate,uSv/h,7.200251739960469e-06,2.2743797229370655,441,441,1.0,False,False,lower_radiation_equivalent_priority,radiation_priority
420,420,RADIATION,33,44,523260.920497467,5697044.290406496,0.0,0.0005371086274252358,False,0.1364558123366818,ground_equivalent_excess_gamma_dose_rate,uSv/h,7.3291594068350716e-06,1.7328864850915353,441,441,1.0,False,False,lower_radiation_equivalent_priority,radiation_priority
420,420,RADIATION,34,42,523220.920497467,5697064.290406496,0.0005932126627654603,0.0005371086274252358,True,0.12008052841392783,ground_equivalent_excess_gamma_dose_rate,uSv/h,6.449628779690181e-06,1.6456071236339174,441,441,1.0,True,False,lower_radiation_equivalent_priority,radiation_priority
420,420,RADIATION,34,44,523260.920497467,5697064.290406496,0.00034222792262998404,0.0005371086274252358,False,0.128582305046217,ground_equivalent_excess_gamma_dose_rate,uSv/h,6.90626653745466e-06,1.1035502104816113,441,441,1.0,False,False,lower_radiation_equivalent_priority,radiation_priority
420,420,RADIATION,35,42,523220.920497467,5697084.290406496,0.0015163483006901675,0.0005371086274252358,True,0.11740753835150441,ground_equivalent_excess_gamma_dose_rate,uSv/h,6.306060177335227e-06,0.7493136449032625,441,441,1.0,True,False,lower_radiation_equivalent_priority,radiation_priority
420,420,RADIATION,35,43,523240.920497467,5697084.290406496,0.0015422907128392076,0.0005371086274252358,True,0.1152613446347396,ground_equivalent_excess_gamma_dose_rate,uSv/h,6.190786261195205e-06,0.8507922998617586,441,441,1.0,True,False,lower_radiation_equivalent_priority,radiation_priority
420,420,RADIATION,35,44,523260.920497467,5697084.290406496,0.0010312429043389604,0.0005371086274252358,True,0.12153299772986904,ground_equivalent_excess_gamma_dose_rate,uSv/h,6.527642159756426e-06,0.6825616031689336,441,441,1.0,True,True,highest_radiation_equivalent_priority,radiation_priority
421,421,RADIATION,34,43,523240.920497467,5697064.290406496,0.0,0.0005371086274252358,False,0.1198559703610882,ground_equivalent_excess_gamma_dose_rate,uSv/h,6.437567572936383e-06,1.6406141260582499,441,441,1.0,False,False,lower_radiation_equivalent_priority,radiation_priority
421,421,RADIATION,34,44,523260.920497467,5697064.290406496,0.0,0.0005371086274252358,False,0.12641816135213857,ground_equivalent_excess_gamma_dose_rate,uSv/h,6.790028512546914e-06,1.3251399561485149,441,441,1.0,False,False,lower_radiation_equivalent_priority,radiation_priority
421,421,RADIATION,34,45,523280.920497467,5697064.290406496,0.0,0.0005371086274252358,False,0.12741278319651564,ground_equivalent_excess_gamma_dose_rate,uSv/h,6.843450509910966e-06,1.5441067471873424,441,441,1.0,False,False,lower_radiation_equivalent_priority,radiation_priority
421,421,RADIATION,35,43,523240.920497467,5697084.290406496,0.0012000627902092236,0.0005371086274252358,True,0.11433642674355524,ground_equivalent_excess_gamma_dose_rate,uSv/h,6.141108123293697e-06,1.3174484410397609,441,441,1.0,True,False,lower_radiation_equivalent_priority,radiation_priority
421,421,RADIATION,35,45,523280.920497467,5697084.290406496,0.0003463160572163964,0.0005371086274252358,False,0.12057658383814256,ground_equivalent_excess_gamma_dose_rate,uSv/h,6.476272344492863e-06,0.9882950314619793,441,441,1.0,False,False,lower_radiation_equivalent_priority,radiation_priority
421,421,RADIATION,36,43,523240.920497467,5697104.290406496,0.0015467451500486722,0.0005371086274252358,True,0.11097264447413846,ground_equivalent_excess_gamma_dose_rate,uSv/h,5.960436475525318e-06,0.73048488924984,441,441,1.0,True,False,lower_radiation_equivalent_priority,radiation_priority
421,421,RADIATION,36,44,523260.920497467,5697104.290406496,0.0012981262460660587,0.0005371086274252358,True,0.1086042174970021,ground_equivalent_excess_gamma_dose_rate,uSv/h,5.833226219240657e-06,0.8507922998617586,441,441,1.0,True,False,lower_radiation_equivalent_priority,radiation_priority
421,421,RADIATION,36,45,523280.920497467,5697104.290406496,0.0010416173708039712,0.0005371086274252358,True,0.11463370320826234,ground_equivalent_excess_gamma_dose_rate,uSv/h,6.157075098686164e-06,0.6825616031689336,441,441,1.0,True,True,highest_radiation_equivalent_priority,radiation_priority
422,422,RADIATION,35,44,523260.920497467,5697084.290406496,0.0,0.0005371086274252358,False,0.11121932122257819,ground_equivalent_excess_gamma_dose_rate,uSv/h,5.973685696502537e-06,1.363368025442832,441,441,1.0,False,False,lower_radiation_equivalent_priority,radiation_priority
422,422,RADIATION,35,45,523280.920497467,5697084.290406496,0.0,0.0005371086274252358,False,0.11849120135499151,ground_equivalent_excess_gamma_dose_rate,uSv/h,6.364264652174673e-06,1.3251399561485149,441,441,1.0,False,False,lower_radiation_equivalent_priority,radiation_priority
422,422,RADIATION,35,46,523300.920497467,5697084.290406496,0.0,0.0005371086274252358,False,0.12170837601005809,ground_equivalent_excess_gamma_dose_rate,uSv/h,6.53706187849168e-06,1.410268867398976,441,441,1.0,False,False,lower_radiation_equivalent_priority,radiation_priority
422,422,RADIATION,36,44,523260.920497467,5697104.290406496,0.0009518101888496625,0.0005371086274252358,True,0.10767133410442264,ground_equivalent_excess_gamma_dose_rate,uSv/h,5.783120247387043e-06,1.3174484410397609,441,441,1.0,True,False,lower_radiation_equivalent_priority,radiation_priority
422,422,RADIATION,36,46,523300.920497467,5697104.290406496,0.0006976827299524865,0.0005371086274252358,True,0.11487990346416774,ground_equivalent_excess_gamma_dose_rate,uSv/h,6.170298726838273e-06,0.9123386732159684,441,441,1.0,True,True,highest_radiation_equivalent_priority,radiation_priority
422,422,RADIATION,37,44,523260.920497467,5697124.290406496,0.0010330186383752597,0.0005371086274252358,True,0.1043859365619849,ground_equivalent_excess_gamma_dose_rate,uSv/h,5.606658710930545e-06,0.73048488924984,441,441,1.0,True,False,lower_radiation_equivalent_priority,radiation_priority
422,422,RADIATION,37,45,523280.920497467,5697124.290406496,0.0010415346667923314,0.0005371086274252358,True,0.1020414713268347,ground_equivalent_excess_gamma_dose_rate,uSv/h,5.480735460480774e-06,0.8507922998617586,441,441,1.0,True,False,lower_radiation_equivalent_priority,radiation_priority
422,422,RADIATION,37,46,523300.920497467,5697124.290406496,0.0010468494254967954,0.0005371086274252358,True,0.10126410716218062,ground_equivalent_excess_gamma_dose_rate,uSv/h,5.438982560532082e-06,0.6657300952810822,441,441,1.0,True,False,lower_radiation_equivalent_priority,radiation_priority
423,423,RADIATION,35,45,523280.920497467,5697084.290406496,0.0,0.0005371086274252358,False,0.11699202474716129,ground_equivalent_excess_gamma_dose_rate,uSv/h,6.283742583164703e-06,1.5373494865431938,441,441,1.0,False,False,lower_radiation_equivalent_priority,radiation_priority
423,423,RADIATION,35,46,523300.920497467,5697084.290406496,0.0,0.0005371086274252358,False,0.12027340566534105,ground_equivalent_excess_gamma_dose_rate,uSv/h,6.459988383266991e-06,1.5276633486658708,441,441,1.0,False,False,lower_radiation_equivalent_priority,radiation_priority
423,423,RADIATION,35,47,523320.920497467,5697084.290406496,0.0,0.0005371086274252358,False,0.12266703022640145,ground_equivalent_excess_gamma_dose_rate,uSv/h,6.58855202352324e-06,1.5326303330634352,441,441,1.0,False,False,lower_radiation_equivalent_priority,radiation_priority
423,423,RADIATION,36,45,523280.920497467,5697104.290406496,0.0,0.0005371086274252358,False,0.10457246330226294,ground_equivalent_excess_gamma_dose_rate,uSv/h,5.616677223075429e-06,1.6945933875563652,441,441,1.0,False,False,lower_radiation_equivalent_priority,radiation_priority
423,423,RADIATION,36,47,523320.920497467,5697104.290406496,0.0006986047013727435,0.0005371086274252358,True,0.11639071216216716,ground_equivalent_excess_gamma_dose_rate,uSv/h,6.25144556544673e-06,1.0159852227371686,441,441,1.0,True,True,highest_radiation_equivalent_priority,radiation_priority
423,423,RADIATION,37,45,523280.920497467,5697124.290406496,0.000692939081946765,0.0005371086274252358,True,0.10209022750226453,ground_equivalent_excess_gamma_dose_rate,uSv/h,5.483354196727136e-06,1.288898155050747,441,441,1.0,True,False,lower_radiation_equivalent_priority,radiation_priority
423,423,RADIATION,37,46,523300.920497467,5697124.290406496,0.000698253840651229,0.0005371086274252358,True,0.10223789240493986,ground_equivalent_excess_gamma_dose_rate,uSv/h,5.491285406046619e-06,1.288898155050747,441,441,1.0,True,False,lower_radiation_equivalent_priority,radiation_priority
423,423,RADIATION,37,47,523320.920497467,5697124.290406496,0.0010478820681506633,0.0005371086274252358,True,0.10244126024368694,ground_equivalent_excess_gamma_dose_rate,uSv/h,5.502208468119806e-06,0.7604002876931254,441,441,1.0,True,False,lower_radiation_equivalent_priority,radiation_priority
424,424,RADIATION,35,46,523300.920497467,5697084.290406496,0.0,0.0005371086274252358,False,0.11915035620176292,ground_equivalent_excess_gamma_dose_rate,uSv/h,6.399668427675681e-06,1.6812547382905731,441,441,1.0,False,False,lower_radiation_equivalent_priority,radiation_priority
424,424,RADIATION,35,47,523320.920497467,5697084.290406496,0.0,0.0005371086274252358,False,0.12132281149903418,ground_equivalent_excess_gamma_dose_rate,uSv/h,6.516352875961686e-06,1.6648454978445226,441,441,1.0,False,False,lower_radiation_equivalent_priority,radiation_priority
424,424,RADIATION,35,48,523340.920497467,5697084.290406496,0.0,0.0005371086274252358,False,0.1234616287071336,ground_equivalent_excess_gamma_dose_rate,uSv/h,6.631230593457262e-06,1.618424787688596,441,441,1.0,False,False,lower_radiation_equivalent_priority,radiation_priority
424,424,RADIATION,36,46,523300.920497467,5697104.290406496,0.0,0.0005371086274252358,False,0.10545801943570449,ground_equivalent_excess_gamma_dose_rate,uSv/h,5.664241207009508e-06,1.8789201388358903,441,441,1.0,False,False,lower_radiation_equivalent_priority,radiation_priority
424,424,RADIATION,36,48,523340.920497467,5697104.290406496,0.0006982385126379656,0.0005371086274252358,True,0.11726636782939405,ground_equivalent_excess_gamma_dose_rate,uSv/h,6.298477786798867e-06,1.0243338112722902,441,441,1.0,True,True,highest_radiation_equivalent_priority,radiation_priority
424,424,RADIATION,37,46,523300.920497467,5697124.290406496,0.00034899068820155226,0.0005371086274252358,False,0.10280503399732606,ground_equivalent_excess_gamma_dose_rate,uSv/h,5.5217470702708505e-06,1.4453408780278503,441,441,1.0,False,False,lower_radiation_equivalent_priority,radiation_priority
424,424,RADIATION,37,47,523320.920497467,5697124.290406496,0.0006986189157009864,0.0005371086274252358,True,0.10333947747192329,ground_equivalent_excess_gamma_dose_rate,uSv/h,5.5504524903785796e-06,1.3835683474627904,441,441,1.0,True,False,lower_radiation_equivalent_priority,radiation_priority
424,424,RADIATION,37,48,523340.920497467,5697124.290406496,0.0010470881742505591,0.0005371086274252358,True,0.10349706983461304,ground_equivalent_excess_gamma_dose_rate,uSv/h,5.558916912140279e-06,0.7604002876931254,441,441,1.0,True,False,lower_radiation_equivalent_priority,radiation_priority
425,425,RADIATION,35,47,523320.920497467,5697084.290406496,0.0,0.0005371086274252358,False,0.1202410260571892,ground_equivalent_excess_gamma_dose_rate,uSv/h,6.45824924657789e-06,1.7465356229399678,441,441,1.0,False,False,lower_radiation_equivalent_priority,radiation_priority
425,425,RADIATION,35,48,523340.920497467,5697084.290406496,0.0,0.0005371086274252358,False,0.12211281139468695,ground_equivalent_excess_gamma_dose_rate,uSv/h,6.558784451923701e-06,1.7277469926692237,441,441,1.0,False,False,lower_radiation_equivalent_priority,radiation_priority
425,425,RADIATION,35,49,523360.920497467,5697084.290406496,0.0,0.0005371086274252358,False,0.12326395781660339,ground_equivalent_excess_gamma_dose_rate,uSv/h,6.620613519387801e-06,1.618424787688596,441,441,1.0,False,False,lower_radiation_equivalent_priority,radiation_priority
425,425,RADIATION,36,47,523320.920497467,5697104.290406496,0.0,0.0005371086274252358,False,0.10659513116361181,ground_equivalent_excess_gamma_dose_rate,uSv/h,5.725316458950052e-06,1.9220817188380326,441,441,1.0,False,False,lower_radiation_equivalent_priority,radiation_priority
425,425,RADIATION,36,49,523360.920497467,5697104.290406496,0.0006967410192082121,0.0005371086274252358,True,0.116506150041215,ground_equivalent_excess_gamma_dose_rate,uSv/h,6.2576458335235576e-06,1.0243338112722902,441,441,1.0,True,True,highest_radiation_equivalent_priority,radiation_priority
425,425,RADIATION,37,47,523320.920497467,5697124.290406496,0.0003493441969491784,0.0005371086274252358,False,0.10373881240571432,ground_equivalent_excess_gamma_dose_rate,uSv/h,5.571901114195724e-06,1.485027969903612,441,441,1.0,False,False,lower_radiation_equivalent_priority,radiation_priority
425,425,RADIATION,37,48,523340.920497467,5697124.290406496,0.0006978134554987512,0.0005371086274252358,True,0.10411727295676637,ground_equivalent_excess_gamma_dose_rate,uSv/h,5.5922285569067406e-06,1.3835683474627904,441,441,1.0,True,False,lower_radiation_equivalent_priority,radiation_priority
425,425,RADIATION,37,49,523360.920497467,5697124.290406496,0.001044678529617444,0.0005371086274252358,True,0.10541163871122827,ground_equivalent_excess_gamma_dose_rate,uSv/h,5.661750058283267e-06,0.7604002876931254,441,441,1.0,True,False,lower_radiation_equivalent_priority,radiation_priority
426,426,RADIATION,35,48,523340.920497467,5697084.290406496,0.0,0.0005371086274252358,False,0.12100558795098688,ground_equivalent_excess_gamma_dose_rate,uSv/h,6.499314525513822e-06,1.7593108875973198,441,441,1.0,False,False,lower_radiation_equivalent_priority,radiation_priority
426,426,RADIATION,35,49,523360.920497467,5697084.290406496,0.0,0.0005371086274252358,False,0.12191802600335117,ground_equivalent_excess_gamma_dose_rate,uSv/h,6.548322360505415e-06,1.7277469926692237,441,441,1.0,False,False,lower_radiation_equivalent_priority,radiation_priority
426,426,RADIATION,35,50,523380.920497467,5697084.290406496,0.0,0.0005371086274252358,False,0.12197849225169158,ground_equivalent_excess_gamma_dose_rate,uSv/h,6.551570054870582e-06,1.6387769395993856,441,441,1.0,False,False,lower_radiation_equivalent_priority,radiation_priority
426,426,RADIATION,36,48,523340.920497467,5697104.290406496,0.0,0.0005371086274252358,False,0.10722544802393044,ground_equivalent_excess_gamma_dose_rate,uSv/h,5.759171321318924e-06,1.9220817188380326,441,441,1.0,False,False,lower_radiation_equivalent_priority,radiation_priority
426,426,RADIATION,36,50,523380.920497467,5697104.290406496,0.00034762918500186573,0.0005371086274252358,False,0.11367287351015888,ground_equivalent_excess_gamma_dose_rate,uSv/h,6.1054681066523885e-06,1.10568457691173,441,441,1.0,False,False,lower_radiation_equivalent_priority,radiation_priority
426,426,RADIATION,37,48,523340.920497467,5697124.290406496,0.00034910677442283767,0.0005371086274252358,False,0.10434102948875405,ground_equivalent_excess_gamma_dose_rate,uSv/h,5.604246713284074e-06,1.485027969903612,441,441,1.0,False,False,lower_radiation_equivalent_priority,radiation_priority
426,426,RADIATION,37,49,523360.920497467,5697124.290406496,0.0006959718485415303,0.0005371086274252358,True,0.10474780318871522,ground_equivalent_excess_gamma_dose_rate,uSv/h,5.626094879649957e-06,1.3835683474627904,441,441,1.0,True,False,lower_radiation_equivalent_priority,radiation_priority
426,426,RADIATION,37,50,523380.920497467,5697124.290406496,0.0010408472450554912,0.0005371086274252358,True,0.10908075375642202,ground_equivalent_excess_gamma_dose_rate,uSv/h,5.858821392862197e-06,0.7772317955809769,441,441,1.0,True,True,highest_radiation_equivalent_priority,radiation_priority
427,427,RADIATION,36,49,523360.920497467,5697104.290406496,0.0,0.0005371086274252358,False,0.10826323820632705,ground_equivalent_excess_gamma_dose_rate,uSv/h,5.814911927361167e-06,1.8433012137816844,441,441,1.0,False,False,lower_radiation_equivalent_priority,radiation_priority
427,427,RADIATION,36,50,523380.920497467,5697104.290406496,0.0,0.0005371086274252358,False,0.11187740632748024,ground_equivalent_excess_gamma_dose_rate,uSv/h,6.00903201524483e-06,1.4248747939957807,441,441,1.0,False,False,lower_radiation_equivalent_priority,radiation_priority
427,427,RADIATION,36,51,523400.920497467,5697104.290406496,0.0,0.0005371086274252358,False,0.11288714565148637,ground_equivalent_excess_gamma_dose_rate,uSv/h,6.063265985482252e-06,1.410268867398976,441,441,1.0,False,False,lower_radiation_equivalent_priority,radiation_priority
427,427,RADIATION,37,49,523360.920497467,5697124.290406496,0.00034834266353966453,0.0005371086274252358,False,0.10380204735851183,ground_equivalent_excess_gamma_dose_rate,uSv/h,5.575297518065961e-06,1.4871867133899388,441,441,1.0,False,False,lower_radiation_equivalent_priority,radiation_priority
427,427,RADIATION,37,51,523400.920497467,5697124.290406496,0.0006896652641020522,0.0005371086274252358,True,0.10741166458179909,ground_equivalent_excess_gamma_dose_rate,uSv/h,5.769173173298992e-06,0.9123386732159684,441,441,1.0,True,True,highest_radiation_equivalent_priority,radiation_priority
427,427,RADIATION,38,49,523360.920497467,5697144.290406496,0.0010453020308575432,0.0005371086274252358,True,0.10196436767653339,ground_equivalent_excess_gamma_dose_rate,uSv/h,5.476594156902492e-06,0.7493136449032625,441,441,1.0,True,False,lower_radiation_equivalent_priority,radiation_priority
427,427,RADIATION,38,50,523380.920497467,5697144.290406496,0.0010402820727682936,0.0005371086274252358,True,0.09792926326999443,ground_equivalent_excess_gamma_dose_rate,uSv/h,5.259865217971127e-06,0.8507922998617586,441,441,1.0,True,False,lower_radiation_equivalent_priority,radiation_priority
427,427,RADIATION,38,51,523400.920497467,5697144.290406496,0.0010336488163085428,0.0005371086274252358,True,0.0968148125237719,ground_equivalent_excess_gamma_dose_rate,uSv/h,5.200007106907466e-06,0.6657300952810822,441,441,1.0,True,False,lower_radiation_equivalent_priority,radiation_priority
428,428,RADIATION,36,50,523380.920497467,5697104.290406496,0.0,0.0005371086274252358,False,0.11044755818522058,ground_equivalent_excess_gamma_dose_rate,uSv/h,5.932233637933269e-06,1.5446593655178522,441,441,1.0,False,False,lower_radiation_equivalent_priority,radiation_priority
428,428,RADIATION,36,51,523400.920497467,5697104.290406496,0.0,0.0005371086274252358,False,0.11160239882020051,ground_equivalent_excess_gamma_dose_rate,uSv/h,5.994261124768165e-06,1.5276633486658708,441,441,1.0,False,False,lower_radiation_equivalent_priority,radiation_priority
428,428,RADIATION,36,52,523420.920497467,5697104.290406496,0.0,0.0005371086274252358,False,0.11191285188310097,ground_equivalent_excess_gamma_dose_rate,uSv/h,6.010935826617608e-06,1.5326303330634352,441,441,1.0,False,False,lower_radiation_equivalent_priority,radiation_priority
428,428,RADIATION,37,50,523380.920497467,5697124.290406496,0.0,0.0005371086274252358,False,0.10075470691017695,ground_equivalent_excess_gamma_dose_rate,uSv/h,5.411622233515706e-06,1.6945933875563652,441,441,1.0,False,False,lower_radiation_equivalent_priority,radiation_priority
428,428,RADIATION,37,52,523420.920497467,5697124.290406496,0.0006854159957132958,0.0005371086274252358,True,0.10700792151129312,ground_equivalent_excess_gamma_dose_rate,uSv/h,5.747487784655802e-06,1.0159852227371686,441,441,1.0,True,True,highest_radiation_equivalent_priority,radiation_priority
428,428,RADIATION,38,50,523380.920497467,5697144.290406496,0.0006948114083872064,0.0005371086274252358,True,0.09773775710121219,ground_equivalent_excess_gamma_dose_rate,uSv/h,5.249579256425317e-06,1.288898155050747,441,441,1.0,True,False,lower_radiation_equivalent_priority,radiation_priority
428,428,RADIATION,38,51,523400.920497467,5697144.290406496,0.0006881781519274557,0.0005371086274252358,True,0.09657722928438185,ground_equivalent_excess_gamma_dose_rate,uSv/h,5.187246306146663e-06,1.288898155050747,441,441,1.0,True,False,lower_radiation_equivalent_priority,radiation_priority
428,428,RADIATION,38,52,523420.920497467,5697144.290406496,0.001027241102595397,0.0005371086274252358,True,0.09636288232183805,ground_equivalent_excess_gamma_dose_rate,uSv/h,5.175733545862195e-06,0.7604002876931254,441,441,1.0,True,False,lower_radiation_equivalent_priority,radiation_priority
429,429,RADIATION,36,51,523400.920497467,5697104.290406496,0.0,0.0005371086274252358,False,0.11057525135510328,ground_equivalent_excess_gamma_dose_rate,uSv/h,5.939092148253997e-06,1.6812547382905731,441,441,1.0,False,False,lower_radiation_equivalent_priority,radiation_priority
429,429,RADIATION,36,52,523420.920497467,5697104.290406496,0.0,0.0005371086274252358,False,0.11068984812869434,ground_equivalent_excess_gamma_dose_rate,uSv/h,5.945247239831083e-06,1.6648454978445226,441,441,1.0,False,False,lower_radiation_equivalent_priority,radiation_priority
429,429,RADIATION,36,53,523440.920497467,5697104.290406496,0.0,0.0005371086274252358,False,0.11085614957847047,ground_equivalent_excess_gamma_dose_rate,uSv/h,5.95417943417389e-06,1.618424787688596,441,441,1.0,False,False,lower_radiation_equivalent_priority,radiation_priority
429,429,RADIATION,37,51,523400.920497467,5697124.290406496,0.0,0.0005371086274252358,False,0.09843153034669958,ground_equivalent_excess_gamma_dose_rate,uSv/h,5.286842415988125e-06,1.8789201388358903,441,441,1.0,False,False,lower_radiation_equivalent_priority,radiation_priority
429,429,RADIATION,37,53,523440.920497467,5697124.290406496,0.000680562618494354,0.0005371086274252358,True,0.10592380837677187,ground_equivalent_excess_gamma_dose_rate,uSv/h,5.689259132890163e-06,1.0243338112722902,441,441,1.0,True,True,highest_radiation_equivalent_priority,radiation_priority
429,429,RADIATION,38,51,523400.920497467,5697144.290406496,0.00034470879524700713,0.0005371086274252358,False,0.09651803785410526,ground_equivalent_excess_gamma_dose_rate,uSv/h,5.184067083359543e-06,1.4453408780278503,441,441,1.0,False,False,lower_radiation_equivalent_priority,radiation_priority
429,429,RADIATION,38,52,523420.920497467,5697144.290406496,0.0006837717459149483,0.0005371086274252358,True,0.09609408598421675,ground_equivalent_excess_gamma_dose_rate,uSv/h,5.1612962626665245e-06,1.3835683474627904,441,441,1.0,True,False,lower_radiation_equivalent_priority,radiation_priority
429,429,RADIATION,38,53,523440.920497467,5697144.290406496,0.001019957373096572,0.0005371086274252358,True,0.09584928333545327,ground_equivalent_excess_gamma_dose_rate,uSv/h,5.148147701199783e-06,0.7604002876931254,441,441,1.0,True,False,lower_radiation_equivalent_priority,radiation_priority
430,430,RADIATION,36,52,523420.920497467,5697104.290406496,0.0,0.0005371086274252358,False,0.11037390903650048,ground_equivalent_excess_gamma_dose_rate,uSv/h,5.928277878615259e-06,1.7465356229399678,441,441,1.0,False,False,lower_radiation_equivalent_priority,radiation_priority
430,430,RADIATION,36,53,523440.920497467,5697104.290406496,0.0,0.0005371086274252358,False,0.10969239688927584,ground_equivalent_excess_gamma_dose_rate,uSv/h,5.891673273218315e-06,1.7277469926692237,441,441,1.0,False,False,lower_radiation_equivalent_priority,radiation_priority
430,430,RADIATION,36,54,523460.920497467,5697104.290406496,0.0,0.0005371086274252358,False,0.10947057484509859,ground_equivalent_excess_gamma_dose_rate,uSv/h,5.879759019850245e-06,1.618424787688596,441,441,1.0,False,False,lower_radiation_equivalent_priority,radiation_priority
430,430,RADIATION,37,52,523420.920497467,5697124.290406496,0.0,0.0005371086274252358,False,0.09822333361073313,ground_equivalent_excess_gamma_dose_rate,uSv/h,5.27565998967919e-06,1.9220817188380326,441,441,1.0,False,False,lower_radiation_equivalent_priority,radiation_priority
430,430,RADIATION,37,54,523460.920497467,5697124.290406496,0.0006751879699088495,0.0005371086274252358,True,0.10444250617839411,ground_equivalent_excess_gamma_dose_rate,uSv/h,5.609697113832897e-06,1.0243338112722902,441,441,1.0,True,True,highest_radiation_equivalent_priority,radiation_priority
430,430,RADIATION,38,52,523420.920497467,5697144.290406496,0.00034261734928221283,0.0005371086274252358,False,0.09601427741019669,ground_equivalent_excess_gamma_dose_rate,uSv/h,5.157009675301657e-06,1.485027969903612,441,441,1.0,False,False,lower_radiation_equivalent_priority,radiation_priority
430,430,RADIATION,38,53,523440.920497467,5697144.290406496,0.0006788029764638367,0.0005371086274252358,True,0.09543341105756444,ground_equivalent_excess_gamma_dose_rate,uSv/h,5.1258108423636756e-06,1.3835683474627904,441,441,1.0,True,False,lower_radiation_equivalent_priority,radiation_priority
430,430,RADIATION,38,54,523460.920497467,5697144.290406496,0.0010119143712030408,0.0005371086274252358,True,0.09505135760618805,ground_equivalent_excess_gamma_dose_rate,uSv/h,5.105290421876491e-06,0.7604002876931254,441,441,1.0,True,False,lower_radiation_equivalent_priority,radiation_priority
431,431,RADIATION,36,53,523440.920497467,5697104.290406496,0.0,0.0005371086274252358,False,0.10953052760362339,ground_equivalent_excess_gamma_dose_rate,uSv/h,5.8829791342344055e-06,1.7593108875973198,441,441,1.0,False,False,lower_radiation_equivalent_priority,radiation_priority
431,431,RADIATION,36,54,523460.920497467,5697104.290406496,0.0,0.0005371086274252358,False,0.10841634109993914,ground_equivalent_excess_gamma_dose_rate,uSv/h,5.823135215865449e-06,1.7277469926692237,441,441,1.0,False,False,lower_radiation_equivalent_priority,radiation_priority
431,431,RADIATION,36,55,523480.920497467,5697104.290406496,0.0003343917662204991,0.0005371086274252358,False,0.10879961005496434,ground_equivalent_excess_gamma_dose_rate,uSv/h,5.843720922102278e-06,1.5337966731356258,441,441,1.0,False,False,lower_radiation_equivalent_priority,radiation_priority
431,431,RADIATION,37,53,523440.920497467,5697124.290406496,0.0,0.0005371086274252358,False,0.0976615299660621,ground_equivalent_excess_gamma_dose_rate,uSv/h,5.2454850312320155e-06,1.9220817188380326,441,441,1.0,False,False,lower_radiation_equivalent_priority,radiation_priority
431,431,RADIATION,37,55,523480.920497467,5697124.290406496,0.0006693660928142444,0.0005371086274252358,True,0.10140906323164652,ground_equivalent_excess_gamma_dose_rate,uSv/h,5.446768276082861e-06,1.0159852227371686,441,441,1.0,True,True,highest_radiation_equivalent_priority,radiation_priority
431,431,RADIATION,38,53,523440.920497467,5697144.290406496,0.0003402354394351957,0.0005371086274252358,False,0.09532303824296198,ground_equivalent_excess_gamma_dose_rate,uSv/h,5.119882623268057e-06,1.485027969903612,441,441,1.0,False,False,lower_radiation_equivalent_priority,radiation_priority
431,431,RADIATION,38,54,523460.920497467,5697144.290406496,0.0006733468341743999,0.0005371086274252358,True,0.0944958111531813,ground_equivalent_excess_gamma_dose_rate,uSv/h,5.0754515425919495e-06,1.3835683474627904,441,441,1.0,True,False,lower_radiation_equivalent_priority,radiation_priority
431,431,RADIATION,38,55,523480.920497467,5697144.290406496,0.0010032172420824277,0.0005371086274252358,True,0.09398331119850996,ground_equivalent_excess_gamma_dose_rate,uSv/h,5.047924727871048e-06,0.7604002876931254,441,441,1.0,True,False,lower_radiation_equivalent_priority,radiation_priority
432,432,RADIATION,36,54,523460.920497467,5697104.290406496,0.0,0.0005371086274252358,False,0.1082536480166166,ground_equivalent_excess_gamma_dose_rate,uSv/h,5.814396829997955e-06,1.7593108875973198,441,441,1.0,False,False,lower_radiation_equivalent_priority,radiation_priority
432,432,RADIATION,36,55,523480.920497467,5697104.290406496,0.0003343917662204991,0.0005371086274252358,False,0.10694017021857219,ground_equivalent_excess_gamma_dose_rate,uSv/h,5.743848804271839e-06,1.6431188781162536,441,441,1.0,False,False,lower_radiation_equivalent_priority,radiation_priority
432,432,RADIATION,36,56,523500.920497467,5697104.290406496,0.0006656146487988132,0.0005371086274252358,True,0.10981666094603469,ground_equivalent_excess_gamma_dose_rate,uSv/h,5.898347602914719e-06,0.9971767343505511,441,441,1.0,True,True,highest_radiation_equivalent_priority,radiation_priority
432,432,RADIATION,37,54,523460.920497467,5697124.290406496,0.0,0.0005371086274252358,False,0.09664415713003967,ground_equivalent_excess_gamma_dose_rate,uSv/h,5.190841058478442e-06,1.9220817188380326,441,441,1.0,False,False,lower_radiation_equivalent_priority,radiation_priority
432,432,RADIATION,37,56,523500.920497467,5697124.290406496,0.000997554760138555,0.0005371086274252358,True,0.0948626382945224,ground_equivalent_excess_gamma_dose_rate,uSv/h,5.095154144830754e-06,0.984049239515665,441,441,1.0,True,False,lower_radiation_equivalent_priority,radiation_priority
432,432,RADIATION,38,54,523460.920497467,5697144.290406496,0.0003376005264900407,0.0005371086274252358,False,0.0943567947784161,ground_equivalent_excess_gamma_dose_rate,uSv/h,5.067984853167973e-06,1.485027969903612,441,441,1.0,False,False,lower_radiation_equivalent_priority,radiation_priority
432,432,RADIATION,38,55,523480.920497467,5697144.290406496,0.0006674709343980684,0.0005371086274252358,True,0.09329768783414452,ground_equivalent_excess_gamma_dose_rate,uSv/h,5.011099305454548e-06,1.3835683474627904,441,441,1.0,True,False,lower_radiation_equivalent_priority,radiation_priority
432,432,RADIATION,38,56,523500.920497467,5697144.290406496,0.000993960343491207,0.0005371086274252358,True,0.092663604118235,ground_equivalent_excess_gamma_dose_rate,uSv/h,4.977042122022063e-06,0.7604002876931254,441,441,1.0,True,False,lower_radiation_equivalent_priority,radiation_priority
433,433,RADIATION,35,55,523480.920497467,5697084.290406496,0.0,0.0005371086274252358,False,0.11111056561195518,ground_equivalent_excess_gamma_dose_rate,uSv/h,5.967844338827885e-06,1.9192324649006243,441,441,1.0,False,False,lower_radiation_equivalent_priority,radiation_priority
433,433,RADIATION,35,56,523500.920497467,5697084.290406496,0.00033188473031479476,0.0005371086274252358,False,0.11281699539640047,ground_equivalent_excess_gamma_dose_rate,uSv/h,6.05949815475998e-06,1.6412240981187307,441,441,1.0,False,False,lower_radiation_equivalent_priority,radiation_priority
433,433,RADIATION,35,57,523520.920497467,5697084.290406496,0.0006604469108701566,0.0005371086274252358,True,0.11646434224956266,ground_equivalent_excess_gamma_dose_rate,uSv/h,6.2554003009645496e-06,0.9794000108732623,441,441,1.0,True,True,highest_radiation_equivalent_priority,radiation_priority
433,433,RADIATION,36,55,523480.920497467,5697104.290406496,0.0,0.0005371086274252358,False,0.10640985977775577,ground_equivalent_excess_gamma_dose_rate,uSv/h,5.7153653729742206e-06,1.746594592319572,441,441,1.0,False,False,lower_radiation_equivalent_priority,radiation_priority
433,433,RADIATION,36,57,523520.920497467,5697104.290406496,0.0009902182948875009,0.0005371086274252358,True,0.10114881786889265,ground_equivalent_excess_gamma_dose_rate,uSv/h,5.432790273124609e-06,0.9598271709165402,441,441,1.0,True,False,lower_radiation_equivalent_priority,radiation_priority
433,433,RADIATION,37,55,523480.920497467,5697124.290406496,0.0,0.0005371086274252358,False,0.09613849104430926,ground_equivalent_excess_gamma_dose_rate,uSv/h,5.163681296754227e-06,1.8554774643335648,441,441,1.0,False,False,lower_radiation_equivalent_priority,radiation_priority
433,433,RADIATION,37,56,523500.920497467,5697124.290406496,0.000663162993918056,0.0005371086274252358,True,0.09740924648587128,ground_equivalent_excess_gamma_dose_rate,uSv/h,5.231934667855279e-06,1.5240133853681317,441,441,1.0,True,False,lower_radiation_equivalent_priority,radiation_priority
433,433,RADIATION,37,57,523520.920497467,5697124.290406496,0.000987076060379587,0.0005371086274252358,True,0.09798285063202988,ground_equivalent_excess_gamma_dose_rate,uSv/h,5.262743441418147e-06,0.7813634097766664,441,441,1.0,True,False,lower_radiation_equivalent_priority,radiation_priority
434,434,RADIATION,34,56,523500.920497467,5697064.290406496,0.0,0.0005371086274252358,False,0.11875685812302131,ground_equivalent_excess_gamma_dose_rate,uSv/h,6.378533306378944e-06,1.6742917597547273,441,441,1.0,False,False,lower_radiation_equivalent_priority,radiation_priority
434,434,RADIATION,34,57,523520.920497467,5697064.290406496,0.0003291076923568232,0.0005371086274252358,False,0.12066774311586577,ground_equivalent_excess_gamma_dose_rate,uSv/h,6.481168587946361e-06,1.6142868487440896,441,441,1.0,False,False,lower_radiation_equivalent_priority,radiation_priority
434,434,RADIATION,34,58,523540.920497467,5697064.290406496,0.0006547561694827038,0.0005371086274252358,True,0.1236713888115371,ground_equivalent_excess_gamma_dose_rate,uSv/h,6.642496989633736e-06,1.0867168403534373,441,441,1.0,True,True,highest_radiation_equivalent_priority,radiation_priority
434,434,RADIATION,35,56,523500.920497467,5697084.290406496,0.0,0.0005371086274252358,False,0.11024141686598148,ground_equivalent_excess_gamma_dose_rate,uSv/h,5.921161609830055e-06,1.7602555884096438,441,441,1.0,False,False,lower_radiation_equivalent_priority,radiation_priority
434,434,RADIATION,35,58,523540.920497467,5697084.290406496,0.0009821047225088279,0.0005371086274252358,True,0.10697989945148269,ground_equivalent_excess_gamma_dose_rate,uSv/h,5.74598269564756e-06,0.9598271709165402,441,441,1.0,True,False,lower_radiation_equivalent_priority,radiation_priority
434,434,RADIATION,36,56,523500.920497467,5697104.290406496,0.0,0.0005371086274252358,False,0.10345920540113177,ground_equivalent_excess_gamma_dose_rate,uSv/h,5.556883180750742e-06,1.7335231946621998,441,441,1.0,False,False,lower_radiation_equivalent_priority,radiation_priority
434,434,RADIATION,36,57,523520.920497467,5697104.290406496,0.0006583335645727061,0.0005371086274252358,True,0.10297030264099928,ground_equivalent_excess_gamma_dose_rate,uSv/h,5.530623791706826e-06,1.5229613531919983,441,441,1.0,True,False,lower_radiation_equivalent_priority,radiation_priority
434,434,RADIATION,36,58,523540.920497467,5697104.290406496,0.0006550006696477778,0.0005371086274252358,True,0.10351566562867554,ground_equivalent_excess_gamma_dose_rate,uSv/h,5.559915708282757e-06,0.7813634097766664,441,441,1.0,True,False,lower_radiation_equivalent_priority,radiation_priority
435,435,RADIATION,33,57,523520.920497467,5697044.290406496,0.0,0.0005371086274252358,False,0.12838688897912257,ground_equivalent_excess_gamma_dose_rate,uSv/h,6.895770571897265e-06,2.231194957609098,441,441,1.0,False,False,lower_radiation_equivalent_priority,radiation_priority
435,435,RADIATION,33,58,523540.920497467,5697044.290406496,0.0003260735039223279,0.0005371086274252358,False,0.12703697768219196,ground_equivalent_excess_gamma_dose_rate,uSv/h,6.8232656715132436e-06,2.1805775047805085,441,441,1.0,False,False,lower_radiation_equivalent_priority,radiation_priority
435,435,RADIATION,33,59,523560.920497467,5697044.290406496,0.0003260735039223279,0.0005371086274252358,False,0.12699512244207184,ground_equivalent_excess_gamma_dose_rate,uSv/h,6.821017590456096e-06,1.0968361595464615,441,441,1.0,False,False,lower_radiation_equivalent_priority,radiation_priority
435,435,RADIATION,34,57,523520.920497467,5697064.290406496,0.0,0.0005371086274252358,False,0.11778960730289254,ground_equivalent_excess_gamma_dose_rate,uSv/h,6.326581430341414e-06,1.787427218929671,441,441,1.0,False,False,lower_radiation_equivalent_priority,radiation_priority
435,435,RADIATION,34,59,523560.920497467,5697064.290406496,0.0006511756381608696,0.0005371086274252358,True,0.1131064692173645,ground_equivalent_excess_gamma_dose_rate,uSv/h,6.075046043425333e-06,0.9598271709165402,441,441,1.0,True,True,highest_radiation_equivalent_priority,radiation_priority
435,435,RADIATION,35,57,523520.920497467,5697084.290406496,0.0,0.0005371086274252358,False,0.10914625142924197,ground_equivalent_excess_gamma_dose_rate,uSv/h,5.8623393293769835e-06,1.715746471184911,441,441,1.0,False,False,lower_radiation_equivalent_priority,radiation_priority
435,435,RADIATION,35,58,523540.920497467,5697084.290406496,0.0006529970301520046,0.0005371086274252358,True,0.10844678877620273,ground_equivalent_excess_gamma_dose_rate,uSv/h,5.824770586826071e-06,1.5229613531919983,441,441,1.0,True,False,lower_radiation_equivalent_priority,radiation_priority
436,436,RADIATION,33,58,523540.920497467,5697044.290406496,0.0,0.0005371086274252358,False,0.12686399258526,ground_equivalent_excess_gamma_dose_rate,uSv/h,6.813974492715428e-06,2.1983765390343377,441,441,1.0,False,False,not_selected_by_original_greedy_fallback,no_candidate_meets_sar_reference_original_greedy_step
436,436,RADIATION,33,59,523560.920497467,5697044.290406496,0.0,0.0005371086274252358,False,0.1250496387038984,ground_equivalent_excess_gamma_dose_rate,uSv/h,6.71652398042725e-06,1.553508886946583,441,441,1.0,False,False,not_selected_by_original_greedy_fallback,no_candidate_meets_sar_reference_original_greedy_step
436,436,RADIATION,34,58,523540.920497467,5697064.290406496,0.0,0.0005371086274252358,False,0.11574039564677621,ground_equivalent_excess_gamma_dose_rate,uSv/h,6.216516504349371e-06,1.8249712655919972,441,441,1.0,False,False,not_selected_by_original_greedy_fallback,no_candidate_meets_sar_reference_original_greedy_step
436,436,RADIATION,35,58,523540.920497467,5697084.290406496,0.0003278948959134628,0.0005371086274252358,False,0.1076824832177669,ground_equivalent_excess_gamma_dose_rate,uSv/h,5.7837190758835765e-06,1.6244209756328198,441,441,1.0,False,True,original_greedy_fallback,no_candidate_meets_sar_reference_original_greedy_step
437,437,RADIATION,34,57,523520.920497467,5697064.290406496,0.0,0.0005371086274252358,False,0.11754330581203512,ground_equivalent_excess_gamma_dose_rate,uSv/h,6.313352364772692e-06,2.2593078135036473,441,441,1.0,False,False,not_selected_by_original_greedy_fallback,no_candidate_meets_sar_reference_original_greedy_step
437,437,RADIATION,34,58,523540.920497467,5697064.290406496,0.0,0.0005371086274252358,False,0.11490050376832023,ground_equivalent_excess_gamma_dose_rate,uSv/h,6.171405186947061e-06,2.3505286733109436,441,441,1.0,False,False,not_selected_by_original_greedy_fallback,no_candidate_meets_sar_reference_original_greedy_step
437,437,RADIATION,34,59,523560.920497467,5697064.290406496,0.0,0.0005371086274252358,False,0.10944240527834612,ground_equivalent_excess_gamma_dose_rate,uSv/h,5.878246008116886e-06,2.1333228634538783,441,441,1.0,False,False,not_selected_by_original_greedy_fallback,no_candidate_meets_sar_reference_original_greedy_step
437,437,RADIATION,35,57,523520.920497467,5697084.290406496,0.0,0.0005371086274252358,False,0.10867652431370849,ground_equivalent_excess_gamma_dose_rate,uSv/h,5.837109880748123e-06,2.264790520082745,441,441,1.0,False,False,not_selected_by_original_greedy_fallback,no_candidate_meets_sar_reference_original_greedy_step
437,437,RADIATION,36,57,523520.920497467,5697104.290406496,0.0003304386686592433,0.0005371086274252358,False,0.10255085173407626,ground_equivalent_excess_gamma_dose_rate,uSv/h,5.508094721617856e-06,1.6412524835206712,441,441,1.0,False,True,original_greedy_fallback,no_candidate_meets_sar_reference_original_greedy_step
437,437,RADIATION,36,58,523540.920497467,5697104.290406496,0.00032710577373431496,0.0005371086274252358,False,0.10258932188419177,ground_equivalent_excess_gamma_dose_rate,uSv/h,5.510160986570395e-06,1.5247426063066243,441,441,1.0,False,False,not_selected_by_original_greedy_fallback,no_candidate_meets_sar_reference_original_greedy_step
438,438,RADIATION,35,56,523500.920497467,5697084.290406496,0.0,0.0005371086274252358,False,0.11006794176818481,ground_equivalent_excess_gamma_dose_rate,uSv/h,5.911844112663052e-06,2.2761393213914984,441,441,1.0,False,False,lower_radiation_equivalent_priority,radiation_priority
438,438,RADIATION,35,57,523520.920497467,5697084.290406496,0.0,0.0005371086274252358,False,0.1079528771493017,ground_equivalent_excess_gamma_dose_rate,uSv/h,5.798242167226653e-06,2.463990982502431,441,441,1.0,False,False,lower_radiation_equivalent_priority,radiation_priority
438,438,RADIATION,35,58,523540.920497467,5697084.290406496,0.0,0.0005371086274252358,False,0.10527865259126219,ground_equivalent_excess_gamma_dose_rate,uSv/h,5.654607259047108e-06,2.4609833656606286,441,441,1.0,False,False,lower_radiation_equivalent_priority,radiation_priority
438,438,RADIATION,36,56,523500.920497467,5697104.290406496,0.0,0.0005371086274252358,False,0.10303446890489008,ground_equivalent_excess_gamma_dose_rate,uSv/h,5.534070217099365e-06,2.2786563140590066,441,441,1.0,False,False,lower_radiation_equivalent_priority,radiation_priority
438,438,RADIATION,36,58,523540.920497467,5697104.290406496,0.00032710577373431496,0.0005371086274252358,False,0.10187876281381615,ground_equivalent_excess_gamma_dose_rate,uSv/h,5.471996245870995e-06,2.183809032275909,441,441,1.0,False,False,lower_radiation_equivalent_priority,radiation_priority
438,438,RADIATION,37,56,523500.920497467,5697124.290406496,0.0003327243252588127,0.0005371086274252358,False,0.09724942058040549,ground_equivalent_excess_gamma_dose_rate,uSv/h,5.223350280584107e-06,1.6423045156968046,441,441,1.0,False,False,lower_radiation_equivalent_priority,radiation_priority
438,438,RADIATION,37,57,523520.920497467,5697124.290406496,0.0006566373917203437,0.0005371086274252358,True,0.09752279939885793,ground_equivalent_excess_gamma_dose_rate,uSv/h,5.238033692778719e-06,1.5247426063066243,441,441,1.0,True,False,lower_radiation_equivalent_priority,radiation_priority
438,438,RADIATION,37,58,523540.920497467,5697124.290406496,0.000653300722349719,0.0005371086274252358,True,0.09873379628604378,ground_equivalent_excess_gamma_dose_rate,uSv/h,5.303077380367982e-06,0.971096746045742,441,441,1.0,True,True,highest_radiation_equivalent_priority,radiation_priority
688,688,RADIATION,9,32,523020.920497467,5696564.290406497,0.000694040438041388,0.0005371086274252358,True,0.21197204631774097,ground_equivalent_excess_gamma_dose_rate,uSv/h,1.1385201485024035e-05,1.3138643536926276,441,441,1.0,True,False,lower_radiation_equivalent_priority,radiation_priority
688,688,RADIATION,9,33,523040.920497467,5696564.290406497,0.0006933415560839377,0.0005371086274252358,True,0.22082093794720917,ground_equivalent_excess_gamma_dose_rate,uSv/h,1.1860483088757868e-05,1.3138643536926276,441,441,1.0,True,False,lower_radiation_equivalent_priority,radiation_priority
688,688,RADIATION,9,34,523060.920497467,5696564.290406497,0.0010400855685197114,0.0005371086274252358,True,0.2244890111938283,ground_equivalent_excess_gamma_dose_rate,uSv/h,1.205749846743655e-05,0.774699740433475,441,441,1.0,True,False,lower_radiation_equivalent_priority,radiation_priority
688,688,RADIATION,10,32,523020.920497467,5696584.290406497,0.0,0.0005371086274252358,False,0.21149141612028863,ground_equivalent_excess_gamma_dose_rate,uSv/h,1.1359386422458762e-05,1.7420464454092293,441,441,1.0,False,False,lower_radiation_equivalent_priority,radiation_priority
688,688,RADIATION,10,34,523060.920497467,5696584.290406497,0.0010449413288998917,0.0005371086274252358,True,0.2244890111938283,ground_equivalent_excess_gamma_dose_rate,uSv/h,1.205749846743655e-05,0.9585123796142607,441,441,1.0,True,False,lower_radiation_equivalent_priority,radiation_priority
688,688,RADIATION,11,32,523020.920497467,5696604.290406497,0.0,0.0005371086274252358,False,0.20835110975097892,ground_equivalent_excess_gamma_dose_rate,uSv/h,1.1190717858087294e-05,2.421482764892622,441,441,1.0,False,False,lower_radiation_equivalent_priority,radiation_priority
688,688,RADIATION,11,33,523040.920497467,5696604.290406497,0.00034923900848612987,0.0005371086274252358,False,0.22722789718945938,ground_equivalent_excess_gamma_dose_rate,uSv/h,1.2204606397215313e-05,1.5190995317104308,441,441,1.0,False,False,lower_radiation_equivalent_priority,radiation_priority
688,688,RADIATION,11,34,523060.920497467,5696604.290406497,0.0006983734082143585,0.0005371086274252358,True,0.26479060788256686,ground_equivalent_excess_gamma_dose_rate,uSv/h,1.4222131995489932e-05,0.7803113776302119,441,441,1.0,True,True,highest_radiation_equivalent_priority,radiation_priority
689,689,RADIATION,10,33,523040.920497467,5696584.290406497,0.0,0.0005371086274252358,False,0.23636932116270679,ground_equivalent_excess_gamma_dose_rate,uSv/h,1.2695600165513618e-05,1.7521018553380057,441,441,1.0,False,False,lower_radiation_equivalent_priority,radiation_priority
689,689,RADIATION,10,34,523060.920497467,5696584.290406497,0.0006957023204137618,0.0005371086274252358,True,0.25144671321726525,ground_equivalent_excess_gamma_dose_rate,uSv/h,1.3505419900671224e-05,1.4178400992654439,441,441,1.0,True,False,lower_radiation_equivalent_priority,radiation_priority
689,689,RADIATION,10,35,523080.920497467,5696584.290406497,0.0010434164120292936,0.0005371086274252358,True,0.2560891448472422,ground_equivalent_excess_gamma_dose_rate,uSv/h,1.3754768908740466e-05,0.7725653740128388,441,441,1.0,True,False,lower_radiation_equivalent_priority,radiation_priority
689,689,RADIATION,11,33,523040.920497467,5696604.290406497,0.0,0.0005371086274252358,False,0.24380472910462198,ground_equivalent_excess_gamma_dose_rate,uSv/h,1.3094962340916494e-05,1.6224671190739743,441,441,1.0,False,False,lower_radiation_equivalent_priority,radiation_priority
689,689,RADIATION,11,35,523080.920497467,5696604.290406497,0.0006973064574257926,0.0005371086274252358,True,0.27149711845510227,ground_equivalent_excess_gamma_dose_rate,uSv/h,1.4582344464332663e-05,0.9220561756643427,441,441,1.0,True,True,highest_radiation_equivalent_priority,radiation_priority
689,689,RADIATION,12,33,523040.920497467,5696624.290406497,0.0,0.0005371086274252358,False,0.2434961291361615,ground_equivalent_excess_gamma_dose_rate,uSv/h,1.3078387170368166e-05,1.6698593808754854,441,441,1.0,False,False,lower_radiation_equivalent_priority,radiation_priority
689,689,RADIATION,12,34,523060.920497467,5696624.290406497,0.0,0.0005371086274252358,False,0.2677734398277159,ground_equivalent_excess_gamma_dose_rate,uSv/h,1.4382342472679844e-05,1.6337674244886846,441,441,1.0,False,False,lower_radiation_equivalent_priority,radiation_priority
689,689,RADIATION,12,35,523080.920497467,5696624.290406497,0.00034934154892306567,0.0005371086274252358,False,0.2908614664463219,ground_equivalent_excess_gamma_dose_rate,uSv/h,1.5622420301387522e-05,1.5347024420238027,441,441,1.0,False,False,lower_radiation_equivalent_priority,radiation_priority
690,690,RADIATION,10,34,523060.920497467,5696584.290406497,0.00034735965687411705,0.0005371086274252358,False,0.2698688346664885,ground_equivalent_excess_gamma_dose_rate,uSv/h,1.449488793725655e-05,1.5185658028388542,441,441,1.0,False,False,lower_radiation_equivalent_priority,radiation_priority
690,690,RADIATION,10,35,523080.920497467,5696584.290406497,0.0006950737484896487,0.0005371086274252358,True,0.2868830872972907,ground_equivalent_excess_gamma_dose_rate,uSv/h,1.540873812497619e-05,1.4074522118579376,441,441,1.0,True,False,lower_radiation_equivalent_priority,radiation_priority
690,690,RADIATION,10,36,523100.920497467,5696584.290406497,0.0010422887311324165,0.0005371086274252358,True,0.2922858896425148,ground_equivalent_excess_gamma_dose_rate,uSv/h,1.5698927300165505e-05,0.774699740433475,441,441,1.0,True,False,lower_radiation_equivalent_priority,radiation_priority
690,690,RADIATION,11,34,523060.920497467,5696604.290406497,0.0,0.0005371086274252358,False,0.272670340658695,ground_equivalent_excess_gamma_dose_rate,uSv/h,1.4645359241076314e-05,1.7113258547063088,441,441,1.0,False,False,lower_radiation_equivalent_priority,radiation_priority
690,690,RADIATION,11,36,523100.920497467,5696604.290406497,0.0010460825681312472,0.0005371086274252358,True,0.2922858896425148,ground_equivalent_excess_gamma_dose_rate,uSv/h,1.5698927300165505e-05,0.9842851759782975,441,441,1.0,True,False,lower_radiation_equivalent_priority,radiation_priority
690,690,RADIATION,12,34,523060.920497467,5696624.290406497,0.0,0.0005371086274252358,False,0.2723024022524812,ground_equivalent_excess_gamma_dose_rate,uSv/h,1.4625596951842461e-05,1.6812547382553267,441,441,1.0,False,False,lower_radiation_equivalent_priority,radiation_priority
690,690,RADIATION,12,35,523080.920497467,5696624.290406497,0.00034934154892306567,0.0005371086274252358,False,0.2910101722374504,ground_equivalent_excess_gamma_dose_rate,uSv/h,1.5630407417723843e-05,1.6380820709091712,441,441,1.0,False,False,lower_radiation_equivalent_priority,radiation_priority
690,690,RADIATION,12,36,523100.920497467,5696624.290406497,0.000973046403836999,0.0005371086274252358,True,0.3289779426197063,ground_equivalent_excess_gamma_dose_rate,uSv/h,1.7669689121364844e-05,1.027966564801628,441,441,1.0,True,True,highest_radiation_equivalent_priority,radiation_priority
691,691,RADIATION,11,35,523080.920497467,5696604.290406497,0.0,0.0005371086274252358,False,0.3074856956990274,ground_equivalent_excess_gamma_dose_rate,uSv/h,1.6515321996979834e-05,1.7648587286449706,441,441,1.0,False,False,lower_radiation_equivalent_priority,radiation_priority
691,691,RADIATION,11,36,523100.920497467,5696604.290406497,0.0006967410192081816,0.0005371086274252358,True,0.3293870776979128,ground_equivalent_excess_gamma_dose_rate,uSv/h,1.7691664119393546e-05,1.5286839433388932,441,441,1.0,True,False,lower_radiation_equivalent_priority,radiation_priority
691,691,RADIATION,11,37,523120.920497467,5696604.290406497,0.0013183763366842523,0.0005371086274252358,True,0.3369684336056346,ground_equivalent_excess_gamma_dose_rate,uSv/h,1.809886528595541e-05,0.792476463917791,441,441,1.0,True,False,lower_radiation_equivalent_priority,radiation_priority
691,691,RADIATION,12,35,523080.920497467,5696624.290406497,0.0,0.0005371086274252358,False,0.31152857320437716,ground_equivalent_excess_gamma_dose_rate,uSv/h,1.673246843575451e-05,1.7448981929677734,441,441,1.0,False,False,lower_radiation_equivalent_priority,radiation_priority
691,691,RADIATION,12,37,523120.920497467,5696624.290406497,0.0009721116354023763,0.0005371086274252358,True,0.35538321098469844,ground_equivalent_excess_gamma_dose_rate,uSv/h,1.9087938866196435e-05,1.0041713426324028,441,441,1.0,True,True,highest_radiation_equivalent_priority,radiation_priority
691,691,RADIATION,13,35,523080.920497467,5696644.290406497,0.0,0.0005371086274252358,False,0.3099937216514207,ground_equivalent_excess_gamma_dose_rate,uSv/h,1.665003023466352e-05,1.919847881955532,441,441,1.0,False,False,lower_radiation_equivalent_priority,radiation_priority
691,691,RADIATION,13,36,523100.920497467,5696644.290406497,0.0,0.0005371086274252358,False,0.34750362897293774,ground_equivalent_excess_gamma_dose_rate,uSv/h,1.86647197182943e-05,1.6805122999191053,441,441,1.0,False,False,lower_radiation_equivalent_priority,radiation_priority
691,691,RADIATION,13,37,523120.920497467,5696644.290406497,0.0003493441969491794,0.0005371086274252358,False,0.3794436300811505,ground_equivalent_excess_gamma_dose_rate,uSv/h,2.0380244733813565e-05,1.5325680756031665,441,441,1.0,False,False,lower_radiation_equivalent_priority,radiation_priority
692,692,RADIATION,11,36,523100.920497467,5696604.290406497,0.00034803433813228215,0.0005371086274252358,False,0.3574400601164092,ground_equivalent_excess_gamma_dose_rate,uSv/h,1.9198414007591835e-05,1.6320515307024368,441,441,1.0,False,False,lower_radiation_equivalent_priority,radiation_priority
692,692,RADIATION,11,37,523120.920497467,5696604.290406497,0.0009696696556083529,0.0005371086274252358,True,0.38417403541044515,ground_equivalent_excess_gamma_dose_rate,uSv/h,2.063431888517181e-05,1.4273633017628897,441,441,1.0,True,False,lower_radiation_equivalent_priority,radiation_priority
692,692,RADIATION,11,38,523140.920497467,5696604.290406497,0.0015897360546768412,0.0005371086274252358,True,0.3924562661300894,ground_equivalent_excess_gamma_dose_rate,uSv/h,2.1079164642556535e-05,0.774699740433475,441,441,1.0,True,False,lower_radiation_equivalent_priority,radiation_priority
692,692,RADIATION,12,36,523100.920497467,5696624.290406497,0.0,0.0005371086274252358,False,0.3590308456093418,ground_equivalent_excess_gamma_dose_rate,uSv/h,1.928385646885553e-05,1.8172277848279457,441,441,1.0,False,False,lower_radiation_equivalent_priority,radiation_priority
692,692,RADIATION,12,38,523140.920497467,5696624.290406497,0.0013201969960204328,0.0005371086274252358,True,0.3924562661300894,ground_equivalent_excess_gamma_dose_rate,uSv/h,2.1079164642556535e-05,0.9842851759782975,441,441,1.0,True,False,lower_radiation_equivalent_priority,radiation_priority
692,692,RADIATION,13,36,523100.920497467,5696644.290406497,0.0,0.0005371086274252358,False,0.3564625121923614,ground_equivalent_excess_gamma_dose_rate,uSv/h,1.914590906521906e-05,1.753346341625869,441,441,1.0,False,False,lower_radiation_equivalent_priority,radiation_priority
692,692,RADIATION,13,37,523120.920497467,5696644.290406497,0.0003493441969491794,0.0005371086274252358,False,0.382215485212536,ground_equivalent_excess_gamma_dose_rate,uSv/h,2.0529123464317572e-05,1.635947704488535,441,441,1.0,False,False,lower_radiation_equivalent_priority,radiation_priority
692,692,RADIATION,13,38,523140.920497467,5696644.290406497,0.0006986411496915676,0.0005371086274252358,True,0.440338705888878,ground_equivalent_excess_gamma_dose_rate,uSv/h,2.3650971792217988e-05,1.027966564801628,441,441,1.0,True,True,highest_radiation_equivalent_priority,radiation_priority
693,693,RADIATION,12,37,523120.920497467,5696624.290406497,0.0,0.0005371086274252358,False,0.413084053953615,ground_equivalent_excess_gamma_dose_rate,uSv/h,2.218710092302782e-05,1.8327940505034677,441,441,1.0,False,False,lower_radiation_equivalent_priority,radiation_priority
693,693,RADIATION,12,38,523140.920497467,5696624.290406497,0.0009708527990712533,0.0005371086274252358,True,0.4454096206308659,ground_equivalent_excess_gamma_dose_rate,uSv/h,2.392333499790394e-05,1.5286839433388932,441,441,1.0,True,False,lower_radiation_equivalent_priority,radiation_priority
693,693,RADIATION,12,39,523160.920497467,5696624.290406497,0.0010450339419018242,0.0005371086274252358,True,0.4565409910751312,ground_equivalent_excess_gamma_dose_rate,uSv/h,2.4521210507972054e-05,0.792476463917791,441,441,1.0,True,False,lower_radiation_equivalent_priority,radiation_priority
693,693,RADIATION,13,37,523120.920497467,5696644.290406497,0.0,0.0005371086274252358,False,0.41737612516328004,ground_equivalent_excess_gamma_dose_rate,uSv/h,2.2417631770651275e-05,1.7437402854597162,441,441,1.0,False,False,lower_radiation_equivalent_priority,radiation_priority
693,693,RADIATION,13,39,523160.920497467,5696644.290406497,0.0006979047123363381,0.0005371086274252358,True,0.523592512067428,ground_equivalent_excess_gamma_dose_rate,uSv/h,2.8122605548666745e-05,1.0219703768840371,441,441,1.0,True,True,highest_radiation_equivalent_priority,radiation_priority
693,693,RADIATION,14,37,523120.920497467,5696664.290406497,0.0,0.0005371086274252358,False,0.4093873348364096,ground_equivalent_excess_gamma_dose_rate,uSv/h,2.198854694992594e-05,1.859682796104601,441,441,1.0,False,False,lower_radiation_equivalent_priority,radiation_priority
693,693,RADIATION,14,38,523140.920497467,5696664.290406497,0.0,0.0005371086274252358,False,0.4644574477260533,ground_equivalent_excess_gamma_dose_rate,uSv/h,2.494641022455687e-05,1.7163474122210054,441,441,1.0,False,False,lower_radiation_equivalent_priority,radiation_priority
693,693,RADIATION,14,39,523160.920497467,5696664.290406497,0.0,0.0005371086274252358,False,0.5516213253857255,ground_equivalent_excess_gamma_dose_rate,uSv/h,2.962805729364164e-05,1.6380477186200277,441,441,1.0,False,False,lower_radiation_equivalent_priority,radiation_priority
694,694,RADIATION,12,38,523140.920497467,5696624.290406497,0.0006220404706065085,0.0005371086274252358,True,0.4897151734313288,ground_equivalent_excess_gamma_dose_rate,uSv/h,2.630302446310123e-05,1.6320515307024368,441,441,1.0,True,False,lower_radiation_equivalent_priority,radiation_priority
694,694,RADIATION,12,39,523160.920497467,5696624.290406497,0.0006962216134370793,0.0005371086274252358,True,0.5318118306622858,ground_equivalent_excess_gamma_dose_rate,uSv/h,2.8564072241552224e-05,1.4273633017628897,441,441,1.0,True,False,lower_radiation_equivalent_priority,radiation_priority
694,694,RADIATION,12,40,523180.920497467,5696624.290406497,0.0010433468147963204,0.0005371086274252358,True,0.5450181120375317,ground_equivalent_excess_gamma_dose_rate,uSv/h,2.9273393007837207e-05,0.774699740433475,441,441,1.0,True,False,lower_radiation_equivalent_priority,radiation_priority
694,694,RADIATION,13,38,523140.920497467,5696644.290406497,0.0,0.0005371086274252358,False,0.49166476175106627,ground_equivalent_excess_gamma_dose_rate,uSv/h,2.640773853374708e-05,1.8172277848279457,441,441,1.0,False,False,lower_radiation_equivalent_priority,radiation_priority
694,694,RADIATION,13,40,523180.920497467,5696644.290406497,0.0006970757016179637,0.0005371086274252358,True,0.6292994577135061,ground_equivalent_excess_gamma_dose_rate,uSv/h,3.380021679719465e-05,1.0256872051665051,441,441,1.0,True,True,highest_radiation_equivalent_priority,radiation_priority
694,694,RADIATION,14,38,523140.920497467,5696664.290406497,0.0,0.0005371086274252358,False,0.4863616670783983,ground_equivalent_excess_gamma_dose_rate,uSv/h,2.6122904743672798e-05,1.7562982643454579,441,441,1.0,False,False,lower_radiation_equivalent_priority,radiation_priority
694,694,RADIATION,14,39,523160.920497467,5696664.290406497,0.0,0.0005371086274252358,False,0.5511889929906679,ground_equivalent_excess_gamma_dose_rate,uSv/h,2.9604836347711558e-05,1.7414273475053963,441,441,1.0,False,False,lower_radiation_equivalent_priority,radiation_priority
694,694,RADIATION,14,40,523180.920497467,5696664.290406497,0.0,0.0005371086274252358,False,0.6645306660322282,ground_equivalent_excess_gamma_dose_rate,uSv/h,3.5692515391454784e-05,1.6390997507914886,441,441,1.0,False,False,lower_radiation_equivalent_priority,radiation_priority
695,695,RADIATION,12,39,523160.920497467,5696624.290406497,0.00034785259289501493,0.0005371086274252358,False,0.5903221603593564,ground_equivalent_excess_gamma_dose_rate,uSv/h,3.170671252893138e-05,1.5307308891264333,441,441,1.0,False,False,lower_radiation_equivalent_priority,radiation_priority
695,695,RADIATION,12,40,523180.920497467,5696624.290406497,0.000694977794254256,0.0005371086274252358,True,0.6442986712092507,ground_equivalent_excess_gamma_dose_rate,uSv/h,3.460583749451039e-05,1.4095865782785737,441,441,1.0,True,False,lower_radiation_equivalent_priority,radiation_priority
695,695,RADIATION,12,41,523200.920497467,5696624.290406497,0.001041153386252696,0.0005371086274252358,True,0.6617174618950559,ground_equivalent_excess_gamma_dose_rate,uSv/h,3.554141577017642e-05,0.774699740433475,441,441,1.0,True,False,lower_radiation_equivalent_priority,radiation_priority
695,695,RADIATION,13,39,523160.920497467,5696644.290406497,0.0,0.0005371086274252358,False,0.5903221603593564,ground_equivalent_excess_gamma_dose_rate,uSv/h,3.170671252893138e-05,1.912222259087896,441,441,1.0,False,False,lower_radiation_equivalent_priority,radiation_priority
695,695,RADIATION,13,41,523200.920497467,5696644.290406497,0.0006958800057053943,0.0005371086274252358,True,0.7510160359234218,ground_equivalent_excess_gamma_dose_rate,uSv/h,4.0337719222917066e-05,1.0256872051665051,441,441,1.0,True,True,highest_radiation_equivalent_priority,radiation_priority
695,695,RADIATION,14,39,523160.920497467,5696664.290406497,0.0,0.0005371086274252358,False,0.5843772165957438,ground_equivalent_excess_gamma_dose_rate,uSv/h,3.138740447043197e-05,1.7583646711950998,441,441,1.0,False,False,lower_radiation_equivalent_priority,radiation_priority
695,695,RADIATION,14,40,523180.920497467,5696664.290406497,0.0,0.0005371086274252358,False,0.664346477029348,ground_equivalent_excess_gamma_dose_rate,uSv/h,3.56826224412024e-05,1.7424793796768572,441,441,1.0,False,False,lower_radiation_equivalent_priority,radiation_priority
695,695,RADIATION,14,41,523200.920497467,5696664.290406497,0.0,0.0005371086274252358,False,0.7934450979352347,ground_equivalent_excess_gamma_dose_rate,uSv/h,4.261662074892757e-05,1.6390997507914886,441,441,1.0,False,False,lower_radiation_equivalent_priority,radiation_priority
696,696,RADIATION,12,40,523180.920497467,5696624.290406497,0.0003472194827629433,0.0005371086274252358,False,0.7233980080413202,ground_equivalent_excess_gamma_dose_rate,uSv/h,3.885433111812231e-05,1.5129541656421173,441,441,1.0,False,False,lower_radiation_equivalent_priority,radiation_priority
696,696,RADIATION,12,41,523200.920497467,5696624.290406497,0.0006933950747613833,0.0005371086274252358,True,0.7963032653137536,ground_equivalent_excess_gamma_dose_rate,uSv/h,4.277013538469036e-05,1.4095865782785737,441,441,1.0,True,False,lower_radiation_equivalent_priority,radiation_priority
696,696,RADIATION,12,42,523220.920497467,5696624.290406497,0.0010384184766762915,0.0005371086274252358,True,0.8199163669984089,ground_equivalent_excess_gamma_dose_rate,uSv/h,4.403841544820013e-05,0.774699740433475,441,441,1.0,True,False,lower_radiation_equivalent_priority,radiation_priority
696,696,RADIATION,13,40,523180.920497467,5696644.290406497,0.0,0.0005371086274252358,False,0.72339800804132,ground_equivalent_excess_gamma_dose_rate,uSv/h,3.8854331118122305e-05,1.9225633895270235,441,441,1.0,False,False,lower_radiation_equivalent_priority,radiation_priority
696,696,RADIATION,13,42,523220.920497467,5696644.290406497,0.0006942908567711494,0.0005371086274252358,True,0.8474689234220931,ground_equivalent_excess_gamma_dose_rate,uSv/h,4.551828702447827e-05,1.0178162136002182,441,441,1.0,True,True,highest_radiation_equivalent_priority,radiation_priority
696,696,RADIATION,14,40,523180.920497467,5696664.290406497,0.0,0.0005371086274252358,False,0.7143057076734303,ground_equivalent_excess_gamma_dose_rate,uSv/h,3.8365975821048785e-05,1.7593108875668133,441,441,1.0,False,False,lower_radiation_equivalent_priority,radiation_priority
696,696,RADIATION,14,41,523200.920497467,5696664.290406497,0.0,0.0005371086274252358,False,0.795449151715601,ground_equivalent_excess_gamma_dose_rate,uSv/h,4.2724260206453463e-05,1.7424793796768572,441,441,1.0,False,False,lower_radiation_equivalent_priority,radiation_priority
696,696,RADIATION,14,42,523220.920497467,5696664.290406497,0.0003483426635396448,0.0005371086274252358,False,0.890313101362915,ground_equivalent_excess_gamma_dose_rate,uSv/h,4.781948478517401e-05,1.5535311976795796,441,441,1.0,False,False,lower_radiation_equivalent_priority,radiation_priority
697,697,RADIATION,12,41,523200.920497467,5696624.290406497,0.0003464291616759674,0.0005371086274252358,False,0.9067900394263978,ground_equivalent_excess_gamma_dose_rate,uSv/h,4.87044753439188e-05,1.5129541656421173,441,441,1.0,False,False,lower_radiation_equivalent_priority,radiation_priority
697,697,RADIATION,12,42,523220.920497467,5696624.290406497,0.0006914525635908755,0.0005371086274252358,True,1.008517741639195,ground_equivalent_excess_gamma_dose_rate,uSv/h,5.416835799458267e-05,1.4095865782785737,441,441,1.0,True,False,lower_radiation_equivalent_priority,radiation_priority
697,697,RADIATION,12,43,523240.920497467,5696624.290406497,0.0006903182840616924,0.0005371086274252358,True,2.734050435440645,ground_equivalent_excess_gamma_dose_rate,uSv/h,0.00014684820766908932,0.774699740433475,441,441,1.0,True,True,highest_radiation_equivalent_priority,radiation_priority
697,697,RADIATION,13,41,523200.920497467,5696644.290406497,0.0,0.0005371086274252358,False,0.9067900394263977,ground_equivalent_excess_gamma_dose_rate,uSv/h,4.870447534391879e-05,1.9225633895270235,441,441,1.0,False,False,lower_radiation_equivalent_priority,radiation_priority
697,697,RADIATION,13,43,523240.920497467,5696644.290406497,0.0006943245627494654,0.0005371086274252358,True,2.1984521569446693,ground_equivalent_excess_gamma_dose_rate,uSv/h,0.00011808076204766005,0.9842851759782975,441,441,1.0,True,False,lower_radiation_equivalent_priority,radiation_priority
697,697,RADIATION,14,41,523200.920497467,5696664.290406497,0.0,0.0005371086274252358,False,0.8897733545602409,ground_equivalent_excess_gamma_dose_rate,uSv/h,4.779049451873986e-05,1.7593108875668133,441,441,1.0,False,False,lower_radiation_equivalent_priority,radiation_priority
697,697,RADIATION,14,42,523220.920497467,5696664.290406497,0.0003483426635396448,0.0005371086274252358,False,0.9879804031627307,ground_equivalent_excess_gamma_dose_rate,uSv/h,5.306527982657654e-05,1.6569108265649481,441,441,1.0,False,False,lower_radiation_equivalent_priority,radiation_priority
697,697,RADIATION,14,43,523240.920497467,5696664.290406497,0.000695872505555123,0.0005371086274252358,True,1.81511216801803,ground_equivalent_excess_gamma_dose_rate,uSv/h,9.74912405187008e-05,1.027966564801628,441,441,1.0,True,False,lower_radiation_equivalent_priority,radiation_priority
698,698,RADIATION,11,42,523220.920497467,5696604.290406497,0.0010355651456141633,0.0005371086274252358,True,1.4233656717285639,ground_equivalent_excess_gamma_dose_rate,uSv/h,7.645019822663277e-05,0.7682836556136338,441,441,1.0,True,False,lower_radiation_equivalent_priority,radiation_priority
698,698,RADIATION,11,43,523240.920497467,5696604.290406497,0.0006878833152422527,0.0005371086274252358,True,2.184341560246172,ground_equivalent_excess_gamma_dose_rate,uSv/h,0.00011732286972517194,0.9133643182446993,441,441,1.0,True,True,highest_radiation_equivalent_priority,radiation_priority
698,698,RADIATION,11,44,523260.920497467,5696604.290406497,0.0003409937769975944,0.0005371086274252358,False,2.999838442779243,ground_equivalent_excess_gamma_dose_rate,uSv/h,0.0001611239108498616,1.4998419249891002,441,441,1.0,False,False,lower_radiation_equivalent_priority,radiation_priority
698,698,RADIATION,12,42,523220.920497467,5696624.290406497,0.00034547066438105496,0.0005371086274252358,False,1.3513357732302214,ground_equivalent_excess_gamma_dose_rate,uSv/h,7.258141023503038e-05,1.511046200723683,441,441,1.0,False,False,lower_radiation_equivalent_priority,radiation_priority
698,698,RADIATION,12,44,523260.920497467,5696624.290406497,0.0,0.0005371086274252358,False,2.785570018922251,ground_equivalent_excess_gamma_dose_rate,uSv/h,0.00014961536894602184,1.5745867047458875,441,441,1.0,False,False,lower_radiation_equivalent_priority,radiation_priority
698,698,RADIATION,13,42,523220.920497467,5696644.290406497,0.0,0.0005371086274252358,False,1.1934565317463424,ground_equivalent_excess_gamma_dose_rate,uSv/h,6.410157996579603e-05,1.8431152989706114,441,441,1.0,False,False,lower_radiation_equivalent_priority,radiation_priority
698,698,RADIATION,13,43,523240.920497467,5696644.290406497,0.0003483426635396448,0.0005371086274252358,False,1.7247074002219924,ground_equivalent_excess_gamma_dose_rate,uSv/h,9.263552244433813e-05,1.401728487571992,441,441,1.0,False,False,lower_radiation_equivalent_priority,radiation_priority
698,698,RADIATION,13,44,523260.920497467,5696644.290406497,0.0003475298420154782,0.0005371086274252358,False,2.754189767772564,ground_equivalent_excess_gamma_dose_rate,uSv/h,0.00014792990858369508,1.4927325088483638,441,441,1.0,False,False,lower_radiation_equivalent_priority,radiation_priority
699,699,RADIATION,10,42,523220.920497467,5696584.290406497,0.0010299993108990196,0.0005371086274252358,True,1.419766888598558,ground_equivalent_excess_gamma_dose_rate,uSv/h,7.62569044798969e-05,0.744209042812246,441,441,1.0,True,False,lower_radiation_equivalent_priority,radiation_priority
699,699,RADIATION,10,43,523240.920497467,5696584.290406497,0.0010248945359898852,0.0005371086274252358,True,1.6200545377494266,ground_equivalent_excess_gamma_dose_rate,uSv/h,8.701452691246194e-05,0.9724723910172348,441,441,1.0,True,False,lower_radiation_equivalent_priority,radiation_priority
699,699,RADIATION,10,44,523260.920497467,5696584.290406497,0.0006797304480408569,0.0005371086274252358,True,3.2465696261056682,ground_equivalent_excess_gamma_dose_rate,uSv/h,0.00017437605557180764,0.9980445775431617,441,441,1.0,True,True,highest_radiation_equivalent_priority,radiation_priority
699,699,RADIATION,11,42,523220.920497467,5696604.290406497,0.0006900944812331083,0.0005371086274252358,True,1.420040261004069,ground_equivalent_excess_gamma_dose_rate,uSv/h,7.62715875476469e-05,1.3914517154096337,441,441,1.0,True,False,lower_radiation_equivalent_priority,radiation_priority
699,699,RADIATION,11,44,523260.920497467,5696604.290406497,0.0003409937769975944,0.0005371086274252358,False,2.816699762654263,ground_equivalent_excess_gamma_dose_rate,uSv/h,0.00015128737433882188,1.6133408730593624,441,441,1.0,False,False,lower_radiation_equivalent_priority,radiation_priority
699,699,RADIATION,12,42,523220.920497467,5696624.290406497,0.0,0.0005371086274252358,False,1.3817054367373747,ground_equivalent_excess_gamma_dose_rate,uSv/h,7.421259106319973e-05,1.543692387359317,441,441,1.0,False,False,lower_radiation_equivalent_priority,radiation_priority
699,699,RADIATION,12,43,523240.920497467,5696624.290406497,0.0,0.0005371086274252358,False,1.6624635594749921,ground_equivalent_excess_gamma_dose_rate,uSv/h,8.929235205740849e-05,1.711151049113559,441,441,1.0,False,False,lower_radiation_equivalent_priority,radiation_priority
699,699,RADIATION,12,44,523260.920497467,5696624.290406497,0.0,0.0005371086274252358,False,2.6894418204602557,ground_equivalent_excess_gamma_dose_rate,uSv/h,0.00014445224047274354,1.6413355282146749,441,441,1.0,False,False,lower_radiation_equivalent_priority,radiation_priority
700,700,RADIATION,9,43,523240.920497467,5696564.290406497,0.0012850813095252778,0.0005371086274252358,True,1.8410967531711828,ground_equivalent_excess_gamma_dose_rate,uSv/h,9.888689500528321e-05,0.766171599960316,441,441,1.0,True,False,lower_radiation_equivalent_priority,radiation_priority
700,700,RADIATION,9,44,523260.920497467,5696564.290406497,0.0009407207208090619,0.0005371086274252358,True,2.5988480458219456,ground_equivalent_excess_gamma_dose_rate,uSv/h,0.00013958637067781817,0.993126930623329,441,441,1.0,True,False,lower_radiation_equivalent_priority,radiation_priority
700,700,RADIATION,9,45,523280.920497467,5696564.290406497,0.0005974451955825113,0.0005371086274252358,True,3.68679959531537,ground_equivalent_excess_gamma_dose_rate,uSv/h,0.00019802118702317534,1.625172069500714,441,441,1.0,True,True,highest_radiation_equivalent_priority,radiation_priority
700,700,RADIATION,10,43,523240.920497467,5696584.290406497,0.0006839007589922909,0.0005371086274252358,True,1.8030689470991983,ground_equivalent_excess_gamma_dose_rate,uSv/h,9.684438873295155e-05,1.5168868352173375,441,441,1.0,True,False,lower_radiation_equivalent_priority,radiation_priority
700,700,RADIATION,10,45,523280.920497467,5696584.290406497,0.0,0.0005371086274252358,False,3.8405809019002173,ground_equivalent_excess_gamma_dose_rate,uSv/h,0.00020628091367352002,1.8362064939909328,441,441,1.0,False,False,lower_radiation_equivalent_priority,radiation_priority
700,700,RADIATION,11,43,523240.920497467,5696604.290406497,0.0,0.0005371086274252358,False,1.7108631896009336,ground_equivalent_excess_gamma_dose_rate,uSv/h,9.189193794789183e-05,1.7654508817337295,441,441,1.0,False,False,lower_radiation_equivalent_priority,radiation_priority
700,700,RADIATION,11,44,523260.920497467,5696604.290406497,0.0,0.0005371086274252358,False,2.636530830201755,ground_equivalent_excess_gamma_dose_rate,uSv/h,0.0001416103455373982,1.7286299111929693,441,441,1.0,False,False,lower_radiation_equivalent_priority,radiation_priority
700,700,RADIATION,11,45,523280.920497467,5696604.290406497,0.0,0.0005371086274252358,False,3.8336401241936677,ground_equivalent_excess_gamma_dose_rate,uSv/h,0.00020590811851479716,1.9398017192833843,441,441,1.0,False,False,lower_radiation_equivalent_priority,radiation_priority
701,701,RADIATION,8,44,523260.920497467,5696544.290406497,0.001513541707802281,0.0005371086274252358,True,2.375484413968254,ground_equivalent_excess_gamma_dose_rate,uSv/h,0.00012758931730565295,0.8695391873238597,441,441,1.0,True,False,lower_radiation_equivalent_priority,radiation_priority
701,701,RADIATION,8,45,523280.920497467,5696544.290406497,0.0009086639595233383,0.0005371086274252358,True,2.8670660655431193,ground_equivalent_excess_gamma_dose_rate,uSv/h,0.00015399259192013358,1.5424452153565185,441,441,1.0,True,True,highest_radiation_equivalent_priority,radiation_priority
701,701,RADIATION,8,46,523300.920497467,5696544.290406497,0.0003064430892972417,0.0005371086274252358,False,3.5519024779372588,ground_equivalent_excess_gamma_dose_rate,uSv/h,0.0001907757464673175,1.7399343897569488,441,441,1.0,False,False,lower_radiation_equivalent_priority,radiation_priority
701,701,RADIATION,9,44,523260.920497467,5696564.290406497,0.0009407207208090619,0.0005371086274252358,True,2.3396569122976114,ground_equivalent_excess_gamma_dose_rate,uSv/h,0.00012566499128101354,1.616294990419329,441,441,1.0,True,False,lower_radiation_equivalent_priority,radiation_priority
701,701,RADIATION,9,46,523300.920497467,5696564.290406497,0.0,0.0005371086274252358,False,5.0817628407988815,ground_equivalent_excess_gamma_dose_rate,uSv/h,0.0002729458664322054,2.479123694737434,441,441,1.0,False,False,lower_radiation_equivalent_priority,radiation_priority
701,701,RADIATION,10,44,523260.920497467,5696584.290406497,0.0,0.0005371086274252358,False,2.4218426412921525,ground_equivalent_excess_gamma_dose_rate,uSv/h,0.00013007925769043357,1.7484660250297555,441,441,1.0,False,False,lower_radiation_equivalent_priority,radiation_priority
701,701,RADIATION,10,45,523280.920497467,5696584.290406497,0.0,0.0005371086274252358,False,3.745811851504942,ground_equivalent_excess_gamma_dose_rate,uSv/h,0.00020119078621550006,2.2720734091557113,441,441,1.0,False,False,lower_radiation_equivalent_priority,radiation_priority
701,701,RADIATION,10,46,523300.920497467,5696584.290406497,0.0,0.0005371086274252358,False,7.086028569680091,ground_equivalent_excess_gamma_dose_rate,uSv/h,0.00038059670789568806,2.604080462175314,441,441,1.0,False,False,lower_radiation_equivalent_priority,radiation_priority
702,702,RADIATION,7,44,523260.920497467,5696524.290406497,0.0009282360297173691,0.0005371086274252358,True,1.9285687151231143,ground_equivalent_excess_gamma_dose_rate,uSv/h,0.00010358508954750264,0.7620080770638804,441,441,1.0,True,False,lower_radiation_equivalent_priority,radiation_priority
702,702,RADIATION,7,45,523280.920497467,5696524.290406497,0.0009217766291577726,0.0005371086274252358,True,2.1776230418554077,ground_equivalent_excess_gamma_dose_rate,uSv/h,0.00011696201230605248,1.0402824781450966,441,441,1.0,True,True,highest_radiation_equivalent_priority,radiation_priority
702,702,RADIATION,7,46,523300.920497467,5696524.290406497,0.0004700263335103425,0.0005371086274252358,False,3.12666730276084,ground_equivalent_excess_gamma_dose_rate,uSv/h,0.00016793599834012386,0.9872845574680758,441,441,1.0,False,False,lower_radiation_equivalent_priority,radiation_priority
702,702,RADIATION,8,44,523260.920497467,5696544.290406497,0.0009130564264283689,0.0005371086274252358,True,2.130680326766881,ground_equivalent_excess_gamma_dose_rate,uSv/h,0.00011444067857917124,1.4927072471198595,441,441,1.0,True,False,lower_radiation_equivalent_priority,radiation_priority
702,702,RADIATION,8,46,523300.920497467,5696544.290406497,0.0003064430892972417,0.0005371086274252358,False,3.447014399427247,ground_equivalent_excess_gamma_dose_rate,uSv/h,0.0001851421172791392,2.189346555011516,441,441,1.0,False,False,lower_radiation_equivalent_priority,radiation_priority
702,702,RADIATION,9,44,523260.920497467,5696564.290406497,0.00034023543943514993,0.0005371086274252358,False,2.2599518648533437,ground_equivalent_excess_gamma_dose_rate,uSv/h,0.00012138396441784814,1.7196746193046974,441,441,1.0,False,False,lower_radiation_equivalent_priority,radiation_priority
702,702,RADIATION,9,45,523280.920497467,5696564.290406497,0.0,0.0005371086274252358,False,3.2111608839672856,ground_equivalent_excess_gamma_dose_rate,uSv/h,0.00017247422148292758,2.4561761422643476,441,441,1.0,False,False,lower_radiation_equivalent_priority,radiation_priority
702,702,RADIATION,9,46,523300.920497467,5696564.290406497,0.0,0.0005371086274252358,False,5.056778894567271,ground_equivalent_excess_gamma_dose_rate,uSv/h,0.0002716039571253928,2.5283687064762677,441,441,1.0,False,False,lower_radiation_equivalent_priority,radiation_priority
703,703,RADIATION,6,44,523260.920497467,5696504.290406497,0.0007797695588710605,0.0005371086274252358,True,1.5361931931012307,ground_equivalent_excess_gamma_dose_rate,uSv/h,8.251026174065922e-05,0.744209042812246,441,441,1.0,True,False,lower_radiation_equivalent_priority,radiation_priority
703,703,RADIATION,6,45,523280.920497467,5696504.290406497,0.0007735380115590928,0.0005371086274252358,True,1.5736434317275463,ground_equivalent_excess_gamma_dose_rate,uSv/h,8.452174636719202e-05,0.9469373790783804,441,441,1.0,True,False,lower_radiation_equivalent_priority,radiation_priority
703,703,RADIATION,6,46,523300.920497467,5696504.290406497,0.0006272001601946722,0.0005371086274252358,True,2.400801324652543,ground_equivalent_excess_gamma_dose_rate,uSv/h,0.00012894911042048154,0.790351188057794,441,441,1.0,True,True,highest_radiation_equivalent_priority,radiation_priority
703,703,RADIATION,7,44,523260.920497467,5696524.290406497,0.0006184462292396545,0.0005371086274252358,True,1.728581570904937,ground_equivalent_excess_gamma_dose_rate,uSv/h,9.284360749413087e-05,1.3851761368598803,441,441,1.0,True,False,lower_radiation_equivalent_priority,radiation_priority
703,703,RADIATION,7,46,523300.920497467,5696524.290406497,0.00016358324421310085,0.0005371086274252358,False,2.943449711818415,ground_equivalent_excess_gamma_dose_rate,uSv/h,0.00015809522346099946,1.632143285791848,441,441,1.0,False,False,lower_radiation_equivalent_priority,radiation_priority
703,703,RADIATION,8,44,523260.920497467,5696544.290406497,0.0006032666259506545,0.0005371086274252358,True,2.0887968569677264,ground_equivalent_excess_gamma_dose_rate,uSv/h,0.0001121910812816082,1.596086876005228,441,441,1.0,True,False,lower_radiation_equivalent_priority,radiation_priority
703,703,RADIATION,8,45,523280.920497467,5696544.290406497,0.0,0.0005371086274252358,False,2.512889224847076,ground_equivalent_excess_gamma_dose_rate,uSv/h,0.00013496944824292778,2.315755308102156,441,441,1.0,False,False,lower_radiation_equivalent_priority,radiation_priority
703,703,RADIATION,8,46,523300.920497467,5696544.290406497,0.0,0.0005371086274252358,False,3.4272733570670124,ground_equivalent_excess_gamma_dose_rate,uSv/h,0.0001840818088625343,2.29666338450511,441,441,1.0,False,False,lower_radiation_equivalent_priority,radiation_priority
704,704,RADIATION,5,45,523280.920497467,5696484.290406497,0.0007666098502000051,0.0005371086274252358,True,1.4527998740076535,ground_equivalent_excess_gamma_dose_rate,uSv/h,7.803113462518063e-05,0.7483725657086816,441,441,1.0,True,False,lower_radiation_equivalent_priority,radiation_priority
704,704,RADIATION,5,46,523300.920497467,5696484.290406497,0.0003027825393564314,0.0005371086274252358,False,1.4295093212227046,ground_equivalent_excess_gamma_dose_rate,uSv/h,7.678017894135073e-05,0.8691550289145615,441,441,1.0,False,False,lower_radiation_equivalent_priority,radiation_priority
704,704,RADIATION,6,45,523280.920497467,5696504.290406497,0.000609954767345992,0.0005371086274252358,True,1.5222243325677443,ground_equivalent_excess_gamma_dose_rate,uSv/h,8.175998218987567e-05,1.4135229397935336,441,441,1.0,True,True,highest_radiation_equivalent_priority,radiation_priority
704,704,RADIATION,6,47,523320.920497467,5696504.290406497,0.00016152038068640678,0.0005371086274252358,False,2.9804661541148523,ground_equivalent_excess_gamma_dose_rate,uSv/h,0.00016008340851239995,0.9229108534786821,441,441,1.0,False,False,lower_radiation_equivalent_priority,radiation_priority
704,704,RADIATION,7,45,523280.920497467,5696524.290406497,0.0,0.0005371086274252358,False,1.8739517258008282,ground_equivalent_excess_gamma_dose_rate,uSv/h,0.00010065156393060346,1.8889177012116587,441,441,1.0,False,False,lower_radiation_equivalent_priority,radiation_priority
704,704,RADIATION,7,46,523300.920497467,5696524.290406497,0.0,0.0005371086274252358,False,2.8080989547427846,ground_equivalent_excess_gamma_dose_rate,uSv/h,0.00015082541752561363,1.7355229146772166,441,441,1.0,False,False,lower_radiation_equivalent_priority,radiation_priority
704,704,RADIATION,7,47,523320.920497467,5696524.290406497,0.0,0.0005371086274252358,False,3.6791777102941037,ground_equivalent_excess_gamma_dose_rate,uSv/h,0.00019761180900295877,1.436060696711948,441,441,1.0,False,False,lower_radiation_equivalent_priority,radiation_priority
705,705,RADIATION,5,44,523260.920497467,5696484.290406497,0.0006301950912781591,0.0005371086274252358,True,1.2606497682325917,ground_equivalent_excess_gamma_dose_rate,uSv/h,6.77105866679349e-05,0.8475766301757897,441,441,1.0,True,True,highest_radiation_equivalent_priority,radiation_priority
705,705,RADIATION,5,45,523280.920497467,5696484.290406497,0.00046382731084357374,0.0005371086274252358,False,1.3202935784166976,ground_equivalent_excess_gamma_dose_rate,uSv/h,7.091410717017454e-05,1.4091728808816562,441,441,1.0,False,False,lower_radiation_equivalent_priority,radiation_priority
705,705,RADIATION,5,46,523300.920497467,5696484.290406497,0.0,0.0005371086274252358,False,1.388851177915044,ground_equivalent_excess_gamma_dose_rate,uSv/h,7.459639498678714e-05,1.4074389916512584,441,441,1.0,False,False,lower_radiation_equivalent_priority,radiation_priority
705,705,RADIATION,6,44,523260.920497467,5696504.290406497,0.0004725973308814999,0.0005371086274252358,False,1.3839387588835785,ground_equivalent_excess_gamma_dose_rate,uSv/h,7.433254472245432e-05,1.4688367250533552,441,441,1.0,False,False,lower_radiation_equivalent_priority,radiation_priority
705,705,RADIATION,6,46,523300.920497467,5696504.290406497,0.0,0.0005371086274252358,False,1.6468445687695124,ground_equivalent_excess_gamma_dose_rate,uSv/h,8.845344259144971e-05,2.0799249758275957,441,441,1.0,False,False,lower_radiation_equivalent_priority,radiation_priority
705,705,RADIATION,7,44,523260.920497467,5696524.290406497,0.000311274001250094,0.0005371086274252358,False,1.6885738129196957,ground_equivalent_excess_gamma_dose_rate,uSv/h,9.069475629634946e-05,1.5069564918021825,441,441,1.0,False,False,lower_radiation_equivalent_priority,radiation_priority
705,705,RADIATION,7,45,523280.920497467,5696524.290406497,0.0,0.0005371086274252358,False,1.8344877818882792,ground_equivalent_excess_gamma_dose_rate,uSv/h,9.85319214558379e-05,2.128927478199494,441,441,1.0,False,False,lower_radiation_equivalent_priority,radiation_priority
705,705,RADIATION,7,46,523300.920497467,5696524.290406497,0.0,0.0005371086274252358,False,2.7833635640634258,ground_equivalent_excess_gamma_dose_rate,uSv/h,0.0001494968583519519,2.0604205875087915,441,441,1.0,False,False,lower_radiation_equivalent_priority,radiation_priority
706,706,RADIATION,4,43,523240.920497467,5696464.290406497,0.0007670907850898156,0.0005371086274252358,True,0.8475798767086006,ground_equivalent_excess_gamma_dose_rate,uSv/h,4.55242464212207e-05,0.6526858720967332,441,441,1.0,True,False,lower_radiation_equivalent_priority,radiation_priority
706,706,RADIATION,4,44,523260.920497467,5696464.290406497,0.0007637393435298537,0.0005371086274252358,True,0.900826629970606,ground_equivalent_excess_gamma_dose_rate,uSv/h,4.83841754771613e-05,0.8691529940628875,441,441,1.0,True,False,lower_radiation_equivalent_priority,radiation_priority
706,706,RADIATION,4,45,523280.920497467,5696464.290406497,0.00029991020566258827,0.0005371086274252358,False,1.1459896731430772,ground_equivalent_excess_gamma_dose_rate,uSv/h,6.155209403853728e-05,0.7861876651613584,441,441,1.0,False,False,lower_radiation_equivalent_priority,radiation_priority
706,706,RADIATION,5,43,523240.920497467,5696484.290406497,0.0009190849376783238,0.0005371086274252358,True,0.9030395369191769,ground_equivalent_excess_gamma_dose_rate,uSv/h,4.850303261853796e-05,0.8414152810650468,441,441,1.0,True,False,lower_radiation_equivalent_priority,radiation_priority
706,706,RADIATION,5,45,523280.920497467,5696484.290406497,0.00029991020566258827,0.0005371086274252358,False,1.284288134021678,ground_equivalent_excess_gamma_dose_rate,uSv/h,6.898022368829008e-05,1.6056507654929895,441,441,1.0,False,False,lower_radiation_equivalent_priority,radiation_priority
706,706,RADIATION,6,43,523240.920497467,5696504.290406497,0.0009300201848846869,0.0005371086274252358,True,1.2089389559461257,ground_equivalent_excess_gamma_dose_rate,uSv/h,6.493315432691211e-05,0.744334681411178,441,441,1.0,True,True,highest_radiation_equivalent_priority,radiation_priority
706,706,RADIATION,6,44,523260.920497467,5696504.290406497,0.00030868022570051446,0.0005371086274252358,False,1.3467536520387164,ground_equivalent_excess_gamma_dose_rate,uSv/h,7.233530055264387e-05,1.5978698043094193,441,441,1.0,False,False,lower_radiation_equivalent_priority,radiation_priority
706,706,RADIATION,6,45,523280.920497467,5696504.290406497,0.0,0.0005371086274252358,False,1.4034538980193998,ground_equivalent_excess_gamma_dose_rate,uSv/h,7.538071968197967e-05,2.177032810777736,441,441,1.0,False,False,lower_radiation_equivalent_priority,radiation_priority
707,707,RADIATION,5,42,523220.920497467,5696484.290406497,0.0007799122529287292,0.0005371086274252358,True,0.837265769785013,ground_equivalent_excess_gamma_dose_rate,uSv/h,4.497026683993618e-05,0.7363464602902079,441,441,1.0,True,False,lower_radiation_equivalent_priority,radiation_priority
707,707,RADIATION,5,43,523240.920497467,5696484.290406497,0.0006104047119778094,0.0005371086274252358,True,0.8719117562112516,ground_equivalent_excess_gamma_dose_rate,uSv/h,4.683113266145521e-05,1.4034011073537547,441,441,1.0,True,False,lower_radiation_equivalent_priority,radiation_priority
707,707,RADIATION,5,44,523260.920497467,5696484.290406497,0.0,0.0005371086274252358,False,1.0603185383197309,ground_equivalent_excess_gamma_dose_rate,uSv/h,5.695062347504429e-05,1.6101112843216854,441,441,1.0,False,False,lower_radiation_equivalent_priority,radiation_priority
707,707,RADIATION,6,42,523220.920497467,5696504.290406497,0.0006908142286297177,0.0005371086274252358,True,0.8369010611843114,ground_equivalent_excess_gamma_dose_rate,uSv/h,4.4950678026342883e-05,0.8412438677871604,441,441,1.0,True,False,lower_radiation_equivalent_priority,radiation_priority
707,707,RADIATION,6,44,523260.920497467,5696504.290406497,0.0,0.0005371086274252358,False,1.3124956538818247,ground_equivalent_excess_gamma_dose_rate,uSv/h,7.049527391580542e-05,1.7394781584138423,441,441,1.0,False,False,lower_radiation_equivalent_priority,radiation_priority
707,707,RADIATION,7,42,523220.920497467,5696524.290406497,0.0012815052237775168,0.0005371086274252358,True,0.8367842913414251,ground_equivalent_excess_gamma_dose_rate,uSv/h,4.4944406217339146e-05,0.639999567685956,441,441,1.0,True,False,lower_radiation_equivalent_priority,radiation_priority
707,707,RADIATION,7,43,523240.920497467,5696524.290406497,0.0006754120000426543,0.0005371086274252358,True,1.414588792789282,ground_equivalent_excess_gamma_dose_rate,uSv/h,7.597878448661725e-05,0.9729072126006534,441,441,1.0,True,True,highest_radiation_equivalent_priority,radiation_priority
707,707,RADIATION,7,44,523260.920497467,5696524.290406497,0.0,0.0005371086274252358,False,1.6780512524016393,ground_equivalent_excess_gamma_dose_rate,uSv/h,9.012958049266425e-05,1.6896525026172118,441,441,1.0,False,False,lower_radiation_equivalent_priority,radiation_priority
708,708,RADIATION,6,42,523220.920497467,5696504.290406497,0.0006186688545377179,0.0005371086274252358,True,0.9030160173825921,ground_equivalent_excess_gamma_dose_rate,uSv/h,4.850176936393669e-05,1.2763603627695184,441,441,1.0,True,False,lower_radiation_equivalent_priority,radiation_priority
708,708,RADIATION,6,43,523240.920497467,5696504.290406497,0.0,0.0005371086274252358,False,0.9641277120111466,ground_equivalent_excess_gamma_dose_rate,uSv/h,5.1784131206093995e-05,1.7317698299368334,441,441,1.0,False,False,lower_radiation_equivalent_priority,radiation_priority
708,708,RADIATION,6,44,523260.920497467,5696504.290406497,0.0,0.0005371086274252358,False,1.2904331474134887,ground_equivalent_excess_gamma_dose_rate,uSv/h,6.931027765912858e-05,1.81789340869229,441,441,1.0,False,False,lower_radiation_equivalent_priority,radiation_priority
708,708,RADIATION,7,42,523220.920497467,5696524.290406497,0.001209359849685517,0.0005371086274252358,True,0.949370382901549,ground_equivalent_excess_gamma_dose_rate,uSv/h,5.099150232784215e-05,1.2748864055310547,441,441,1.0,True,False,lower_radiation_equivalent_priority,radiation_priority
708,708,RADIATION,7,44,523260.920497467,5696524.290406497,0.0,0.0005371086274252358,False,1.6288460252198356,ground_equivalent_excess_gamma_dose_rate,uSv/h,8.748672528928769e-05,1.80528581710811,441,441,1.0,False,False,lower_radiation_equivalent_priority,radiation_priority
708,708,RADIATION,8,42,523220.920497467,5696544.290406497,0.0015554167239271116,0.0005371086274252358,True,1.096287293891307,ground_equivalent_excess_gamma_dose_rate,uSv/h,5.88825363685686e-05,0.7265476886813684,441,441,1.0,True,False,lower_radiation_equivalent_priority,radiation_priority
708,708,RADIATION,8,43,523240.920497467,5696544.290406497,0.0009460231321533829,0.0005371086274252358,True,1.7081422514722735,ground_equivalent_excess_gamma_dose_rate,uSv/h,9.174579401353248e-05,0.9950928292603196,441,441,1.0,True,True,highest_radiation_equivalent_priority,radiation_priority
708,708,RADIATION,8,44,523260.920497467,5696544.290406497,0.0,0.0005371086274252358,False,2.0757297805533215,ground_equivalent_excess_gamma_dose_rate,uSv/h,0.00011148923733386804,1.637714977361244,441,441,1.0,False,False,lower_radiation_equivalent_priority,radiation_priority
709,709,RADIATION,7,42,523220.920497467,5696524.290406497,0.000603572156967284,0.0005371086274252358,True,1.0231239481464036,ground_equivalent_excess_gamma_dose_rate,uSv/h,5.495286994748029e-05,1.431517128688797,441,441,1.0,True,False,lower_radiation_equivalent_priority,radiation_priority
709,709,RADIATION,7,43,523240.920497467,5696524.290406497,0.0,0.0005371086274252358,False,1.117361501358242,ground_equivalent_excess_gamma_dose_rate,uSv/h,6.001445023323262e-05,1.8963847941546104,441,441,1.0,False,False,lower_radiation_equivalent_priority,radiation_priority
709,709,RADIATION,7,44,523260.920497467,5696524.290406497,0.0,0.0005371086274252358,False,1.5944649431598796,ground_equivalent_excess_gamma_dose_rate,uSv/h,8.564008770982596e-05,1.8251969070130623,441,441,1.0,False,False,lower_radiation_equivalent_priority,radiation_priority
709,709,RADIATION,8,42,523220.920497467,5696544.290406497,0.0009496290312088788,0.0005371086274252358,True,1.105695998181641,ground_equivalent_excess_gamma_dose_rate,uSv/h,5.9387885993291725e-05,1.3614345265264671,441,441,1.0,True,False,lower_radiation_equivalent_priority,radiation_priority
709,709,RADIATION,8,44,523260.920497467,5696544.290406497,0.0,0.0005371086274252358,False,2.0121511923670834,ground_equivalent_excess_gamma_dose_rate,uSv/h,0.00010807437651043357,1.7533482918521424,441,441,1.0,False,False,lower_radiation_equivalent_priority,radiation_priority
709,709,RADIATION,9,42,523220.920497467,5696564.290406497,0.0010280144186835458,0.0005371086274252358,True,1.4552170617197633,ground_equivalent_excess_gamma_dose_rate,uSv/h,7.816096386260867e-05,0.7443467229330029,441,441,1.0,True,True,highest_radiation_equivalent_priority,radiation_priority
709,709,RADIATION,9,43,523240.920497467,5696564.290406497,0.0003415792441394735,0.0005371086274252358,False,1.7735112089424172,ground_equivalent_excess_gamma_dose_rate,uSv/h,9.525681711583323e-05,1.0851990918143481,441,441,1.0,False,False,lower_radiation_equivalent_priority,radiation_priority
709,709,RADIATION,9,44,523260.920497467,5696564.290406497,0.0,0.0005371086274252358,False,2.247470581627645,ground_equivalent_excess_gamma_dose_rate,uSv/h,0.00012071358392766209,1.7385033749604744,441,441,1.0,False,False,lower_radiation_equivalent_priority,radiation_priority
710,710,RADIATION,8,41,523200.920497467,5696544.290406497,0.001553253927507147,0.0005371086274252358,True,1.0128210038915537,ground_equivalent_excess_gamma_dose_rate,uSv/h,5.439948992276418e-05,0.753177968180164,441,441,1.0,True,False,lower_radiation_equivalent_priority,radiation_priority
710,710,RADIATION,8,42,523220.920497467,5696544.290406497,0.0006080497870694052,0.0005371086274252358,True,1.043687748364792,ground_equivalent_excess_gamma_dose_rate,uSv/h,5.605736939847483e-05,1.475470481265457,441,441,1.0,True,False,lower_radiation_equivalent_priority,radiation_priority
710,710,RADIATION,8,43,523240.920497467,5696544.290406497,0.0,0.0005371086274252358,False,1.313370804710041,ground_equivalent_excess_gamma_dose_rate,uSv/h,7.054227902181874e-05,1.8366548958649132,441,441,1.0,False,False,lower_radiation_equivalent_priority,radiation_priority
710,710,RADIATION,9,41,523200.920497467,5696564.290406497,0.001296615627142058,0.0005371086274252358,True,0.9873103173574278,ground_equivalent_excess_gamma_dose_rate,uSv/h,5.3029288939862206e-05,0.8412438677871604,441,441,1.0,True,False,lower_radiation_equivalent_priority,radiation_priority
710,710,RADIATION,9,43,523240.920497467,5696564.290406497,0.0,0.0005371086274252358,False,1.690857391222214,ground_equivalent_excess_gamma_dose_rate,uSv/h,9.081740925711784e-05,1.4130406785493383,441,441,1.0,False,False,lower_radiation_equivalent_priority,radiation_priority
710,710,RADIATION,10,41,523200.920497467,5696584.290406497,0.0010368704101666004,0.0005371086274252358,True,1.2120570063377456,ground_equivalent_excess_gamma_dose_rate,uSv/h,6.510062750352069e-05,0.6577986019375904,441,441,1.0,True,True,highest_radiation_equivalent_priority,radiation_priority
710,710,RADIATION,10,42,523220.920497467,5696584.290406497,0.00034475474720240527,0.0005371086274252358,False,1.4138184212453104,ground_equivalent_excess_gamma_dose_rate,uSv/h,7.593740716635826e-05,0.9694644493121873,441,441,1.0,False,False,lower_radiation_equivalent_priority,radiation_priority
710,710,RADIATION,10,43,523240.920497467,5696584.290406497,0.0,0.0005371086274252358,False,1.7339979213381354,ground_equivalent_excess_gamma_dose_rate,uSv/h,9.313452434881378e-05,1.5525470987630705,441,441,1.0,False,False,lower_radiation_equivalent_priority,radiation_priority
711,711,RADIATION,9,40,523180.920497467,5696564.290406497,0.0010301518715876735,0.0005371086274252358,True,0.8900277021518996,ground_equivalent_excess_gamma_dose_rate,uSv/h,4.7804155747324344e-05,0.7363464602902079,441,441,1.0,True,False,lower_radiation_equivalent_priority,radiation_priority
711,711,RADIATION,9,41,523200.920497467,5696564.290406497,0.0009518608799396527,0.0005371086274252358,True,0.9648421280691507,ground_equivalent_excess_gamma_dose_rate,uSv/h,5.1822503108926515e-05,1.316865027880167,441,441,1.0,True,True,highest_radiation_equivalent_priority,radiation_priority
711,711,RADIATION,9,42,523220.920497467,5696564.290406497,0.0,0.0005371086274252358,False,1.0948128084844995,ground_equivalent_excess_gamma_dose_rate,uSv/h,5.8803340485267706e-05,1.4233242387805316,441,441,1.0,False,False,lower_radiation_equivalent_priority,radiation_priority
711,711,RADIATION,10,40,523180.920497467,5696584.290406497,0.0010374993204806994,0.0005371086274252358,True,0.8367915596954926,ground_equivalent_excess_gamma_dose_rate,uSv/h,4.494479660690683e-05,0.8412438677871604,441,441,1.0,True,False,lower_radiation_equivalent_priority,radiation_priority
711,711,RADIATION,10,42,523220.920497467,5696584.290406497,0.0,0.0005371086274252358,False,1.3501673722844507,ground_equivalent_excess_gamma_dose_rate,uSv/h,7.251865441220387e-05,1.322492175319066,441,441,1.0,False,False,lower_radiation_equivalent_priority,radiation_priority
711,711,RADIATION,11,40,523180.920497467,5696604.290406497,0.0006950720756579582,0.0005371086274252358,True,0.8197467848298937,ground_equivalent_excess_gamma_dose_rate,uSv/h,4.402930704362343e-05,0.639999567685956,441,441,1.0,True,False,lower_radiation_equivalent_priority,radiation_priority
711,711,RADIATION,11,41,523200.920497467,5696604.290406497,0.0003472194827629433,0.0005371086274252358,False,1.0816060234821605,ground_equivalent_excess_gamma_dose_rate,uSv/h,5.809399266873705e-05,0.8878368219896515,441,441,1.0,False,False,lower_radiation_equivalent_priority,radiation_priority
711,711,RADIATION,11,42,523220.920497467,5696604.290406497,0.0,0.0005371086274252358,False,1.400492877946076,ground_equivalent_excess_gamma_dose_rate,uSv/h,7.522168073924352e-05,1.4271119789553668,441,441,1.0,False,False,lower_radiation_equivalent_priority,radiation_priority
712,712,RADIATION,8,40,523180.920497467,5696544.290406497,0.001559136689387205,0.0005371086274252358,True,0.8031156364867847,ground_equivalent_excess_gamma_dose_rate,uSv/h,4.3136033717716155e-05,0.8475766301757897,441,441,1.0,True,False,lower_radiation_equivalent_priority,radiation_priority
712,712,RADIATION,8,41,523200.920497467,5696544.290406497,0.0009452041404377417,0.0005371086274252358,True,0.9461065277210132,ground_equivalent_excess_gamma_dose_rate,uSv/h,5.081619785022892e-05,1.5257301219863235,441,441,1.0,True,True,highest_radiation_equivalent_priority,radiation_priority
712,712,RADIATION,8,42,523220.920497467,5696544.290406497,0.0,0.0005371086274252358,False,1.0308043197365309,ground_equivalent_excess_gamma_dose_rate,uSv/h,5.5365389331769206e-05,1.5780743358878535,441,441,1.0,False,False,lower_radiation_equivalent_priority,radiation_priority
712,712,RADIATION,9,40,523180.920497467,5696564.290406497,0.0006863407787174262,0.0005371086274252358,True,0.8080093249797098,ground_equivalent_excess_gamma_dose_rate,uSv/h,4.3398877948664323e-05,1.363264652573477,441,441,1.0,True,False,lower_radiation_equivalent_priority,radiation_priority
712,712,RADIATION,9,42,523220.920497467,5696564.290406497,0.0,0.0005371086274252358,False,1.0642685125413405,ground_equivalent_excess_gamma_dose_rate,uSv/h,5.716277999829767e-05,2.042671140401927,441,441,1.0,False,False,lower_radiation_equivalent_priority,radiation_priority
712,712,RADIATION,10,40,523180.920497467,5696584.290406497,0.000693688227610452,0.0005371086274252358,True,0.8133848713867172,ground_equivalent_excess_gamma_dose_rate,uSv/h,4.368760318389716e-05,1.3595145200862078,441,441,1.0,True,False,lower_radiation_equivalent_priority,radiation_priority
712,712,RADIATION,10,41,523200.920497467,5696584.290406497,0.0,0.0005371086274252358,False,0.9020764527199733,ground_equivalent_excess_gamma_dose_rate,uSv/h,4.845130453530505e-05,1.9986634889230082,441,441,1.0,False,False,lower_radiation_equivalent_priority,radiation_priority
712,712,RADIATION,10,42,523220.920497467,5696584.290406497,0.0,0.0005371086274252358,False,1.34017162186945,ground_equivalent_excess_gamma_dose_rate,uSv/h,7.198177403365523e-05,1.9637663675351646,441,441,1.0,False,False,lower_radiation_equivalent_priority,radiation_priority
713,713,RADIATION,7,40,523180.920497467,5696524.290406497,0.0015257196282072079,0.0005371086274252358,True,0.7330407813854937,ground_equivalent_excess_gamma_dose_rate,uSv/h,3.937225279366849e-05,0.7620080770638804,441,441,1.0,True,False,lower_radiation_equivalent_priority,radiation_priority
713,713,RADIATION,7,41,523200.920497467,5696524.290406497,0.0009170166209304131,0.0005371086274252358,True,0.851843904152457,ground_equivalent_excess_gamma_dose_rate,uSv/h,4.575327101398803e-05,1.1035330764719158,441,441,1.0,True,True,highest_radiation_equivalent_priority,radiation_priority
713,713,RADIATION,7,42,523220.920497467,5696524.290406497,0.0,0.0005371086274252358,False,0.9943934732987846,ground_equivalent_excess_gamma_dose_rate,uSv/h,5.34097313564123e-05,1.6104646587859004,441,441,1.0,False,False,lower_radiation_equivalent_priority,radiation_priority
713,713,RADIATION,8,40,523180.920497467,5696544.290406497,0.0012175047059167473,0.0005371086274252358,True,0.7676376992587345,ground_equivalent_excess_gamma_dose_rate,uSv/h,4.123048310087248e-05,1.4707446899717895,441,441,1.0,True,False,lower_radiation_equivalent_priority,radiation_priority
713,713,RADIATION,8,42,523220.920497467,5696544.290406497,0.0,0.0005371086274252358,False,1.0041044922640994,ground_equivalent_excess_gamma_dose_rate,uSv/h,5.393131856314838e-05,2.172631461641321,441,441,1.0,False,False,lower_radiation_equivalent_priority,radiation_priority
713,713,RADIATION,9,40,523180.920497467,5696564.290406497,0.00034470879524696853,0.0005371086274252358,False,0.801746349047237,ground_equivalent_excess_gamma_dose_rate,uSv/h,4.3062488107995546e-05,1.559410694373196,441,441,1.0,False,False,lower_radiation_equivalent_priority,radiation_priority
713,713,RADIATION,9,41,523200.920497467,5696564.290406497,0.0,0.0005371086274252358,False,0.8512591098450355,ground_equivalent_excess_gamma_dose_rate,uSv/h,4.572186120720951e-05,2.3606909087920123,441,441,1.0,False,False,lower_radiation_equivalent_priority,radiation_priority
713,713,RADIATION,9,42,523220.920497467,5696564.290406497,0.0,0.0005371086274252358,False,1.0589059070327964,ground_equivalent_excess_gamma_dose_rate,uSv/h,5.6874749829885965e-05,2.3265023772299624,441,441,1.0,False,False,lower_radiation_equivalent_priority,radiation_priority
714,714,RADIATION,6,40,523180.920497467,5696504.290406497,0.0009357443363785616,0.0005371086274252358,True,0.6668656936255838,ground_equivalent_excess_gamma_dose_rate,uSv/h,3.5817931738021514e-05,0.744209042812246,441,441,1.0,True,False,lower_radiation_equivalent_priority,radiation_priority
714,714,RADIATION,6,41,523200.920497467,5696504.290406497,0.0006210928933262632,0.0005371086274252358,True,0.7601772934602565,ground_equivalent_excess_gamma_dose_rate,uSv/h,4.082977826902691e-05,1.005882844624439,441,441,1.0,True,False,lower_radiation_equivalent_priority,radiation_priority
714,714,RADIATION,6,42,523220.920497467,5696504.290406497,0.0003073402443773198,0.0005371086274252358,False,0.8959431353651008,ground_equivalent_excess_gamma_dose_rate,uSv/h,4.8121878768701154e-05,1.5197530148940523,441,441,1.0,False,False,lower_radiation_equivalent_priority,radiation_priority
714,714,RADIATION,7,40,523180.920497467,5696524.290406497,0.0009200316174371929,0.0005371086274252358,True,0.6992013127909322,ground_equivalent_excess_gamma_dose_rate,uSv/h,3.7554705740706055e-05,1.3851761368598803,441,441,1.0,True,False,lower_radiation_equivalent_priority,radiation_priority
714,714,RADIATION,7,42,523220.920497467,5696524.290406497,0.0,0.0005371086274252358,False,0.9722349717160886,ground_equivalent_excess_gamma_dose_rate,uSv/h,5.2219579119324126e-05,1.7504344161269132,441,441,1.0,False,False,lower_radiation_equivalent_priority,radiation_priority
714,714,RADIATION,8,40,523180.920497467,5696544.290406497,0.0006118166951467323,0.0005371086274252358,True,0.7604256554583262,ground_equivalent_excess_gamma_dose_rate,uSv/h,4.084311800621569e-05,1.574124318857158,441,441,1.0,True,True,highest_radiation_equivalent_priority,radiation_priority
714,714,RADIATION,8,41,523200.920497467,5696544.290406497,0.0,0.0005371086274252358,False,0.8255786648293736,ground_equivalent_excess_gamma_dose_rate,uSv/h,4.4342542349806365e-05,2.3131129008576163,441,441,1.0,False,False,lower_radiation_equivalent_priority,radiation_priority
714,714,RADIATION,8,42,523220.920497467,5696544.290406497,0.0,0.0005371086274252358,False,0.9955025578189576,ground_equivalent_excess_gamma_dose_rate,uSv/h,5.3469301242845175e-05,2.2799482911349154,441,441,1.0,False,False,lower_radiation_equivalent_priority,radiation_priority
715,715,RADIATION,7,39,523160.920497467,5696524.290406497,0.001530253767576146,0.0005371086274252358,True,0.6326134601809053,ground_equivalent_excess_gamma_dose_rate,uSv/h,3.397821472884951e-05,0.857513081905386,441,441,1.0,True,False,lower_radiation_equivalent_priority,radiation_priority
715,715,RADIATION,7,40,523180.920497467,5696524.290406497,0.0009200316174371929,0.0005371086274252358,True,0.6654938995497717,ground_equivalent_excess_gamma_dose_rate,uSv/h,3.574425149470456e-05,2.0442425628024568,441,441,1.0,True,False,lower_radiation_equivalent_priority,radiation_priority
715,715,RADIATION,7,41,523200.920497467,5696524.290406497,0.0,0.0005371086274252358,False,0.7443149796986185,ground_equivalent_excess_gamma_dose_rate,uSv/h,3.997779971179672e-05,2.2000056012229643,441,441,1.0,False,False,lower_radiation_equivalent_priority,radiation_priority
715,715,RADIATION,8,39,523160.920497467,5696544.290406497,0.0015656102168819003,0.0005371086274252358,True,0.6366064869976126,ground_equivalent_excess_gamma_dose_rate,uSv/h,3.419268364412889e-05,1.018595185625108,441,441,1.0,True,False,lower_radiation_equivalent_priority,radiation_priority
715,715,RADIATION,8,41,523200.920497467,5696544.290406497,0.0,0.0005371086274252358,False,0.8146278748931677,ground_equivalent_excess_gamma_dose_rate,uSv/h,4.37543659746206e-05,2.5548884295950307,441,441,1.0,False,False,lower_radiation_equivalent_priority,radiation_priority
715,715,RADIATION,9,39,523160.920497467,5696564.290406497,0.0013080894407749325,0.0005371086274252358,True,0.7273984405933923,ground_equivalent_excess_gamma_dose_rate,uSv/h,3.906919780183739e-05,0.8626258117462433,441,441,1.0,True,True,highest_radiation_equivalent_priority,radiation_priority
715,715,RADIATION,9,40,523180.920497467,5696564.290406497,0.00034470879524696853,0.0005371086274252358,False,0.7875922624196254,ground_equivalent_excess_gamma_dose_rate,uSv/h,4.230225990389411e-05,2.2210256585121555,441,441,1.0,False,False,lower_radiation_equivalent_priority,radiation_priority
715,715,RADIATION,9,41,523200.920497467,5696564.290406497,0.0,0.0005371086274252358,False,0.8489472294457995,ground_equivalent_excess_gamma_dose_rate,uSv/h,4.5597688116409004e-05,2.5549553609096836,441,441,1.0,False,False,lower_radiation_equivalent_priority,radiation_priority
716,716,RADIATION,8,38,523140.920497467,5696544.290406497,0.0015667370163514834,0.0005371086274252358,True,0.558511512257335,ground_equivalent_excess_gamma_dose_rate,uSv/h,2.9998135174972994e-05,0.7363464602902079,441,441,1.0,True,False,lower_radiation_equivalent_priority,radiation_priority
716,716,RADIATION,8,39,523160.920497467,5696544.290406497,0.0012209014216349318,0.0005371086274252358,True,0.6095997939690215,ground_equivalent_excess_gamma_dose_rate,uSv/h,3.274213086174077e-05,1.52169223768882,441,441,1.0,True,False,lower_radiation_equivalent_priority,radiation_priority
716,716,RADIATION,8,40,523180.920497467,5696544.290406497,0.0,0.0005371086274252358,False,0.7028478962989921,ground_equivalent_excess_gamma_dose_rate,uSv/h,3.775056688698661e-05,2.40572114341305,441,441,1.0,False,False,lower_radiation_equivalent_priority,radiation_priority
716,716,RADIATION,9,38,523140.920497467,5696564.290406497,0.0015792871131000187,0.0005371086274252358,True,0.5340289679051249,ground_equivalent_excess_gamma_dose_rate,uSv/h,2.8683156595683692e-05,0.8412438677871604,441,441,1.0,True,False,lower_radiation_equivalent_priority,radiation_priority
716,716,RADIATION,9,40,523180.920497467,5696564.290406497,0.0,0.0005371086274252358,False,0.7698465017101728,ground_equivalent_excess_gamma_dose_rate,uSv/h,4.1349119786167036e-05,2.336658973003054,441,441,1.0,False,False,lower_radiation_equivalent_priority,radiation_priority
716,716,RADIATION,10,38,523140.920497467,5696584.290406497,0.0015895126467836706,0.0005371086274252358,True,0.5261903184958036,ground_equivalent_excess_gamma_dose_rate,uSv/h,2.826213597317287e-05,0.639999567685956,441,441,1.0,True,False,lower_radiation_equivalent_priority,radiation_priority
716,716,RADIATION,10,39,523160.920497467,5696584.290406497,0.0009676955840703327,0.0005371086274252358,True,0.674007606183814,ground_equivalent_excess_gamma_dose_rate,uSv/h,3.620153002315572e-05,0.971939686238975,441,441,1.0,True,True,highest_radiation_equivalent_priority,radiation_priority
716,716,RADIATION,10,40,523180.920497467,5696584.290406497,0.0003472194827629433,0.0005371086274252358,False,0.8062446522596242,ground_equivalent_excess_gamma_dose_rate,uSv/h,4.330409585441033e-05,1.683709926535433,441,441,1.0,False,False,lower_radiation_equivalent_priority,radiation_priority
717,717,RADIATION,9,38,523140.920497467,5696564.290406497,0.000959444121924701,0.0005371086274252358,True,0.5352098060990625,ground_equivalent_excess_gamma_dose_rate,uSv/h,2.8746580433839405e-05,1.2763603627695184,441,441,1.0,True,False,lower_radiation_equivalent_priority,radiation_priority
717,717,RADIATION,9,39,523160.920497467,5696564.290406497,0.0,0.0005371086274252358,False,0.5848722365919578,ground_equivalent_excess_gamma_dose_rate,uSv/h,3.141399242150342e-05,1.7423315333947271,441,441,1.0,False,False,lower_radiation_equivalent_priority,radiation_priority
717,717,RADIATION,9,40,523180.920497467,5696564.290406497,0.0,0.0005371086274252358,False,0.7552788994328022,ground_equivalent_excess_gamma_dose_rate,uSv/h,4.056668129975951e-05,2.3565700629080064,441,441,1.0,False,False,lower_radiation_equivalent_priority,radiation_priority
717,717,RADIATION,10,38,523140.920497467,5696584.290406497,0.0009696696556083529,0.0005371086274252358,True,0.5392945274682609,ground_equivalent_excess_gamma_dose_rate,uSv/h,2.8965974342641872e-05,1.2748864055310547,441,441,1.0,True,False,lower_radiation_equivalent_priority,radiation_priority
717,717,RADIATION,10,40,523180.920497467,5696584.290406497,0.0003472194827629433,0.0005371086274252358,False,0.772147120636285,ground_equivalent_excess_gamma_dose_rate,uSv/h,4.14726880135303e-05,1.7993432410263313,441,441,1.0,False,False,lower_radiation_equivalent_priority,radiation_priority
717,717,RADIATION,11,38,523140.920497467,5696604.290406497,0.0006220404706065085,0.0005371086274252358,True,0.5365366958656272,ground_equivalent_excess_gamma_dose_rate,uSv/h,2.8817848827965824e-05,0.9186524875422128,441,441,1.0,True,False,lower_radiation_equivalent_priority,radiation_priority
717,717,RADIATION,11,39,523160.920497467,5696604.290406497,0.0009692599533694518,0.0005371086274252358,True,0.5976519289226271,ground_equivalent_excess_gamma_dose_rate,uSv/h,3.210040072216768e-05,0.9495542775043644,441,441,1.0,True,True,highest_radiation_equivalent_priority,radiation_priority
717,717,RADIATION,11,40,523180.920497467,5696604.290406497,0.0003472194827629433,0.0005371086274252358,False,0.7737560544522744,ground_equivalent_excess_gamma_dose_rate,uSv/h,4.155910523688271e-05,0.8757069002973634,441,441,1.0,False,False,lower_radiation_equivalent_priority,radiation_priority
718,718,RADIATION,10,38,523140.920497467,5696584.290406497,0.00034762918500184437,0.0005371086274252358,False,0.5442919681804558,ground_equivalent_excess_gamma_dose_rate,uSv/h,2.923439119479847e-05,1.431517128688797,441,441,1.0,False,True,original_greedy_fallback,no_candidate_meets_sar_reference_original_greedy_step
718,718,RADIATION,10,39,523160.920497467,5696584.290406497,0.0,0.0005371086274252358,False,0.5711774271365364,ground_equivalent_excess_gamma_dose_rate,uSv/h,3.067843239055827e-05,1.8840539691435592,441,441,1.0,False,False,not_selected_by_original_greedy_fallback,no_candidate_meets_sar_reference_original_greedy_step
718,718,RADIATION,10,40,523180.920497467,5696584.290406497,0.0,0.0005371086274252358,False,0.758549028117587,ground_equivalent_excess_gamma_dose_rate,uSv/h,4.074232273269837e-05,1.8192543309312834,441,441,1.0,False,False,not_selected_by_original_greedy_fallback,no_candidate_meets_sar_reference_original_greedy_step
718,718,RADIATION,11,38,523140.920497467,5696604.290406497,0.0,0.0005371086274252358,False,0.5444064968917841,ground_equivalent_excess_gamma_dose_rate,uSv/h,2.9240542630692707e-05,1.3813456164314193,441,441,1.0,False,False,not_selected_by_original_greedy_fallback,no_candidate_meets_sar_reference_original_greedy_step
718,718,RADIATION,11,40,523180.920497467,5696604.290406497,0.0,0.0005371086274252358,False,0.7466328878419867,ground_equivalent_excess_gamma_dose_rate,uSv/h,4.010229655793495e-05,1.5315757254262339,441,441,1.0,False,False,not_selected_by_original_greedy_fallback,no_candidate_meets_sar_reference_original_greedy_step
718,718,RADIATION,12,38,523140.920497467,5696624.290406497,0.0,0.0005371086274252358,False,0.5260235376257518,ground_equivalent_excess_gamma_dose_rate,uSv/h,2.8253178028753444e-05,1.648883038592393,441,441,1.0,False,False,not_selected_by_original_greedy_fallback,no_candidate_meets_sar_reference_original_greedy_step
718,718,RADIATION,12,39,523160.920497467,5696624.290406497,0.0,0.0005371086274252358,False,0.6025246348486377,ground_equivalent_excess_gamma_dose_rate,uSv/h,3.236211796134432e-05,1.6499094051972123,441,441,1.0,False,False,not_selected_by_original_greedy_fallback,no_candidate_meets_sar_reference_original_greedy_step
718,718,RADIATION,12,40,523180.920497467,5696624.290406497,0.0,0.0005371086274252358,False,0.7427819078494227,ground_equivalent_excess_gamma_dose_rate,uSv/h,3.9895457100130137e-05,1.6202709951357117,441,441,1.0,False,False,not_selected_by_original_greedy_fallback,no_candidate_meets_sar_reference_original_greedy_step
719,719,RADIATION,9,37,523120.920497467,5696564.290406497,0.0010369257927146179,0.0005371086274252358,True,0.4930190877711502,ground_equivalent_excess_gamma_dose_rate,uSv/h,2.6480480552720433e-05,0.857513081905386,441,441,1.0,True,False,lower_radiation_equivalent_priority,radiation_priority
719,719,RADIATION,9,38,523140.920497467,5696564.290406497,0.000959444121924701,0.0005371086274252358,True,0.5257477635546697,ground_equivalent_excess_gamma_dose_rate,uSv/h,2.8238365965473603e-05,2.043275036440779,441,441,1.0,True,True,highest_radiation_equivalent_priority,radiation_priority
719,719,RADIATION,9,39,523160.920497467,5696564.290406497,0.0,0.0005371086274252358,False,0.5833127183470943,ground_equivalent_excess_gamma_dose_rate,uSv/h,3.1330229351109095e-05,2.1977699915378506,441,441,1.0,False,False,lower_radiation_equivalent_priority,radiation_priority
719,719,RADIATION,10,37,523120.920497467,5696584.290406497,0.000694140323127676,0.0005371086274252358,True,0.47605138463837,ground_equivalent_excess_gamma_dose_rate,uSv/h,2.556913057869979e-05,1.0447671026958296,441,441,1.0,True,False,lower_radiation_equivalent_priority,radiation_priority
719,719,RADIATION,10,39,523160.920497467,5696584.290406497,0.0,0.0005371086274252358,False,0.5639701919752824,ground_equivalent_excess_gamma_dose_rate,uSv/h,3.0291325572059067e-05,2.3402725165291667,441,441,1.0,False,False,lower_radiation_equivalent_priority,radiation_priority
719,719,RADIATION,11,37,523120.920497467,5696604.290406497,0.0,0.0005371086274252358,False,0.46623000887255833,ground_equivalent_excess_gamma_dose_rate,uSv/h,2.504161601299953e-05,1.4619938439044804,441,441,1.0,False,False,lower_radiation_equivalent_priority,radiation_priority
719,719,RADIATION,11,38,523140.920497467,5696604.290406497,0.0,0.0005371086274252358,False,0.5227890041825377,ground_equivalent_excess_gamma_dose_rate,uSv/h,2.8079448446948866e-05,2.028246956086417,441,441,1.0,False,False,lower_radiation_equivalent_priority,radiation_priority
719,719,RADIATION,11,39,523160.920497467,5696604.290406497,0.0,0.0005371086274252358,False,0.5678521819102174,ground_equivalent_excess_gamma_dose_rate,uSv/h,3.0499830600622218e-05,2.13116498494961,441,441,1.0,False,False,lower_radiation_equivalent_priority,radiation_priority
720,720,RADIATION,8,37,523120.920497467,5696544.290406497,0.0012996141605313115,0.0005371086274252358,True,0.45554657770793033,ground_equivalent_excess_gamma_dose_rate,uSv/h,2.4467799708097e-05,0.8653756644274241,441,441,1.0,True,False,lower_radiation_equivalent_priority,radiation_priority
720,720,RADIATION,8,38,523140.920497467,5696544.290406497,0.0009533988794221763,0.0005371086274252358,True,0.517953872117743,ground_equivalent_excess_gamma_dose_rate,uSv/h,2.7819749332274706e-05,1.6182208190635148,441,441,1.0,True,False,lower_radiation_equivalent_priority,radiation_priority
720,720,RADIATION,8,39,523160.920497467,5696544.290406497,0.0006075632847056247,0.0005371086274252358,True,0.6062309329560128,ground_equivalent_excess_gamma_dose_rate,uSv/h,3.256118643027242e-05,1.7707223699482533,441,441,1.0,True,True,highest_radiation_equivalent_priority,radiation_priority
720,720,RADIATION,9,37,523120.920497467,5696564.290406497,0.000690819807719224,0.0005371086274252358,True,0.46169615792931296,ground_equivalent_excess_gamma_dose_rate,uSv/h,2.479809896729182e-05,1.4806811417013859,441,441,1.0,True,False,lower_radiation_equivalent_priority,radiation_priority
720,720,RADIATION,9,39,523160.920497467,5696564.290406497,0.0,0.0005371086274252358,False,0.5740808380833258,ground_equivalent_excess_gamma_dose_rate,uSv/h,3.083437709740641e-05,2.6974236509226293,441,441,1.0,False,False,lower_radiation_equivalent_priority,radiation_priority
720,720,RADIATION,10,37,523120.920497467,5696584.290406497,0.00034803433813228215,0.0005371086274252358,False,0.4671099243987205,ground_equivalent_excess_gamma_dose_rate,uSv/h,2.508887703505024e-05,1.4806811417013859,441,441,1.0,False,False,lower_radiation_equivalent_priority,radiation_priority
720,720,RADIATION,10,38,523140.920497467,5696584.290406497,0.0,0.0005371086274252358,False,0.5121728721043978,ground_equivalent_excess_gamma_dose_rate,uSv/h,2.7509246834043392e-05,2.702692007815156,441,441,1.0,False,False,lower_radiation_equivalent_priority,radiation_priority
720,720,RADIATION,10,39,523160.920497467,5696584.290406497,0.0,0.0005371086274252358,False,0.5578567238156091,ground_equivalent_excess_gamma_dose_rate,uSv/h,2.9962965922854067e-05,2.712093304624598,441,441,1.0,False,False,lower_radiation_equivalent_priority,radiation_priority
721,721,RADIATION,7,38,523140.920497467,5696524.290406497,0.0012923734644802512,0.0005371086274252358,True,0.5121282153647901,ground_equivalent_excess_gamma_dose_rate,uSv/h,2.7506848282031797e-05,0.9610623580393725,441,441,1.0,True,False,lower_radiation_equivalent_priority,radiation_priority
721,721,RADIATION,7,39,523160.920497467,5696524.290406497,0.0009226904828705212,0.0005371086274252358,True,0.5884296488051303,ground_equivalent_excess_gamma_dose_rate,uSv/h,3.1605064100603704e-05,1.6499763256164979,441,441,1.0,True,True,highest_radiation_equivalent_priority,radiation_priority
721,721,RADIATION,7,40,523180.920497467,5696524.290406497,0.00031246833273156815,0.0005371086274252358,False,0.6553560781996215,ground_equivalent_excess_gamma_dose_rate,uSv/h,3.519974036365842e-05,2.1797869671983072,441,441,1.0,False,False,lower_radiation_equivalent_priority,radiation_priority
721,721,RADIATION,8,38,523140.920497467,5696544.290406497,0.0009533988794221763,0.0005371086274252358,True,0.5052296913661283,ground_equivalent_excess_gamma_dose_rate,uSv/h,2.7136322606413665e-05,2.2413888788595147,441,441,1.0,True,False,lower_radiation_equivalent_priority,radiation_priority
721,721,RADIATION,8,40,523180.920497467,5696544.290406497,0.0,0.0005371086274252358,False,0.6921798121829851,ground_equivalent_excess_gamma_dose_rate,uSv/h,3.717757488530607e-05,2.545566396719348,441,441,1.0,False,False,lower_radiation_equivalent_priority,radiation_priority
721,721,RADIATION,9,38,523140.920497467,5696564.290406497,0.0,0.0005371086274252358,False,0.4938470729281623,ground_equivalent_excess_gamma_dose_rate,uSv/h,2.6524952349841558e-05,2.7949167038094287,441,441,1.0,False,False,lower_radiation_equivalent_priority,radiation_priority
721,721,RADIATION,9,39,523160.920497467,5696564.290406497,0.0,0.0005371086274252358,False,0.5539480960876565,ground_equivalent_excess_gamma_dose_rate,uSv/h,2.9753030155446382e-05,2.8119808258228964,441,441,1.0,False,False,lower_radiation_equivalent_priority,radiation_priority
721,721,RADIATION,9,40,523180.920497467,5696564.290406497,0.0,0.0005371086274252358,False,0.7504637589117991,ground_equivalent_excess_gamma_dose_rate,uSv/h,4.030805594814995e-05,2.4700690109782686,441,441,1.0,False,False,lower_radiation_equivalent_priority,radiation_priority
722,722,RADIATION,6,38,523140.920497467,5696504.290406497,0.0009904007255372466,0.0005371086274252358,True,0.47562102478516116,ground_equivalent_excess_gamma_dose_rate,uSv/h,2.5546015579694197e-05,0.7620080770638804,441,441,1.0,True,False,lower_radiation_equivalent_priority,radiation_priority
722,722,RADIATION,6,39,523160.920497467,5696504.290406497,0.0006958546562955308,0.0005371086274252358,True,0.5095036993131942,ground_equivalent_excess_gamma_dose_rate,uSv/h,2.7365883260618975e-05,1.0402824781450966,441,441,1.0,True,False,lower_radiation_equivalent_priority,radiation_priority
722,722,RADIATION,6,40,523180.920497467,5696504.290406497,0.0006222581332092827,0.0005371086274252358,True,0.6329782467322472,ground_equivalent_excess_gamma_dose_rate,uSv/h,3.3997807729238956e-05,1.003040980388485,441,441,1.0,True,True,highest_radiation_equivalent_priority,radiation_priority
722,722,RADIATION,7,38,523140.920497467,5696524.290406497,0.0006831691847790091,0.0005371086274252358,True,0.4907075906203126,ground_equivalent_excess_gamma_dose_rate,uSv/h,2.6356328046522062e-05,1.5842304178353723,441,441,1.0,True,False,lower_radiation_equivalent_priority,radiation_priority
722,722,RADIATION,7,40,523180.920497467,5696524.290406497,0.00031246833273156815,0.0005371086274252358,False,0.6460988879545865,ground_equivalent_excess_gamma_dose_rate,uSv/h,3.4702528689025915e-05,2.2968776652714955,441,441,1.0,False,False,lower_radiation_equivalent_priority,radiation_priority
722,722,RADIATION,8,38,523140.920497467,5696544.290406497,0.00034419459972093397,0.0005371086274252358,False,0.4944242471424499,ground_equivalent_excess_gamma_dose_rate,uSv/h,2.6555952874843685e-05,2.344768507744883,441,441,1.0,False,False,lower_radiation_equivalent_priority,radiation_priority
722,722,RADIATION,8,39,523160.920497467,5696544.290406497,0.0,0.0005371086274252358,False,0.5502705327112087,ground_equivalent_excess_gamma_dose_rate,uSv/h,2.9555505053707065e-05,2.6341245028913756,441,441,1.0,False,False,lower_radiation_equivalent_priority,radiation_priority
722,722,RADIATION,8,40,523180.920497467,5696544.290406497,0.0,0.0005371086274252358,False,0.6904862250409174,ground_equivalent_excess_gamma_dose_rate,uSv/h,3.708661085877596e-05,2.5975102018655756,441,441,1.0,False,False,lower_radiation_equivalent_priority,radiation_priority
723,723,RADIATION,5,39,523160.920497467,5696484.290406497,0.0007884527657449991,0.0005371086274252358,True,0.5066272707352508,ground_equivalent_excess_gamma_dose_rate,uSv/h,2.721138780008039e-05,0.766171599960316,441,441,1.0,True,False,lower_radiation_equivalent_priority,radiation_priority
723,723,RADIATION,5,40,523180.920497467,5696484.290406497,0.0007847404194568482,0.0005371086274252358,True,0.5266273849458862,ground_equivalent_excess_gamma_dose_rate,uSv/h,2.8285611189282623e-05,0.9222882910695389,441,441,1.0,True,False,lower_radiation_equivalent_priority,radiation_priority
723,723,RADIATION,5,41,523200.920497467,5696484.290406497,0.0007806095137425798,0.0005371086274252358,True,0.6764775234363412,ground_equivalent_excess_gamma_dose_rate,uSv/h,3.63341914096916e-05,0.7882997208146761,441,441,1.0,True,True,highest_radiation_equivalent_priority,radiation_priority
723,723,RADIATION,6,39,523160.920497467,5696504.290406497,0.00038338632356396267,0.0005371086274252358,False,0.5084014434704549,ground_equivalent_excess_gamma_dose_rate,uSv/h,2.7306680148342465e-05,1.6262090401844849,441,441,1.0,False,False,lower_radiation_equivalent_priority,radiation_priority
723,723,RADIATION,6,41,523200.920497467,5696504.290406497,0.000308624560594695,0.0005371086274252358,False,0.6992854397779895,ground_equivalent_excess_gamma_dose_rate,uSv/h,3.7559224273760835e-05,1.640140514726677,441,441,1.0,False,False,lower_radiation_equivalent_priority,radiation_priority
723,723,RADIATION,7,39,523160.920497467,5696524.290406497,0.0,0.0005371086274252358,False,0.5352417584458182,ground_equivalent_excess_gamma_dose_rate,uSv/h,2.8748296621950306e-05,2.400257294156864,441,441,1.0,False,False,lower_radiation_equivalent_priority,radiation_priority
723,723,RADIATION,7,40,523180.920497467,5696524.290406497,0.0,0.0005371086274252358,False,0.6398639322556559,ground_equivalent_excess_gamma_dose_rate,uSv/h,3.4367643839274936e-05,2.4006027447621636,441,441,1.0,False,False,lower_radiation_equivalent_priority,radiation_priority
723,723,RADIATION,7,41,523200.920497467,5696524.290406497,0.0,0.0005371086274252358,False,0.7419406510142351,ground_equivalent_excess_gamma_dose_rate,uSv/h,3.985027246972417e-05,2.4006027447621636,441,441,1.0,False,False,lower_radiation_equivalent_priority,radiation_priority
724,724,RADIATION,4,40,523180.920497467,5696464.290406497,0.0004948062329664166,0.0005371086274252358,False,0.532951410469088,ground_equivalent_excess_gamma_dose_rate,uSv/h,2.862528005613953e-05,0.7483725657086816,441,441,1.0,False,False,lower_radiation_equivalent_priority,radiation_priority
724,724,RADIATION,4,41,523200.920497467,5696464.290406497,0.0006320097091174647,0.0005371086274252358,True,0.5399598255265056,ground_equivalent_excess_gamma_dose_rate,uSv/h,2.900170807533112e-05,0.8691550289145615,441,441,1.0,True,False,lower_radiation_equivalent_priority,radiation_priority
724,724,RADIATION,4,42,523220.920497467,5696464.290406497,0.0007684980211735146,0.0005371086274252358,True,0.7300881837919679,ground_equivalent_excess_gamma_dose_rate,uSv/h,3.921366622958872e-05,0.6967765500991634,441,441,1.0,True,True,highest_radiation_equivalent_priority,radiation_priority
724,724,RADIATION,5,40,523180.920497467,5696484.290406497,0.0004761158588621532,0.0005371086274252358,False,0.5294194647719584,ground_equivalent_excess_gamma_dose_rate,uSv/h,2.8435576205586962e-05,1.4114677806106761,441,441,1.0,False,False,lower_radiation_equivalent_priority,radiation_priority
724,724,RADIATION,5,42,523220.920497467,5696484.290406497,0.00016394744795671445,0.0005371086274252358,False,0.8126682030491698,ground_equivalent_excess_gamma_dose_rate,uSv/h,4.364911030918724e-05,1.001456396356203,441,441,1.0,False,False,lower_radiation_equivalent_priority,radiation_priority
724,724,RADIATION,6,40,523180.920497467,5696504.290406497,0.0,0.0005371086274252358,False,0.5796823601991844,ground_equivalent_excess_gamma_dose_rate,uSv/h,3.11352396829205e-05,1.774178415079012,441,441,1.0,False,False,lower_radiation_equivalent_priority,radiation_priority
724,724,RADIATION,6,41,523200.920497467,5696504.290406497,0.0,0.0005371086274252358,False,0.6848422286654583,ground_equivalent_excess_gamma_dose_rate,uSv/h,3.6783466944134376e-05,1.7435201436120455,441,441,1.0,False,False,lower_radiation_equivalent_priority,radiation_priority
724,724,RADIATION,6,42,523220.920497467,5696504.290406497,0.0,0.0005371086274252358,False,0.8915009389060243,ground_equivalent_excess_gamma_dose_rate,uSv/h,4.7883284564412374e-05,1.5385817705498293,441,441,1.0,False,False,lower_radiation_equivalent_priority,radiation_priority
725,725,RADIATION,3,41,523200.920497467,5696444.290406497,0.0007661422523881203,0.0005371086274252358,True,0.5426378702226409,ground_equivalent_excess_gamma_dose_rate,uSv/h,2.914554816642359e-05,0.7483725657086816,441,441,1.0,True,False,lower_radiation_equivalent_priority,radiation_priority
725,725,RADIATION,3,42,523220.920497467,5696444.290406497,0.000602861408889043,0.0005371086274252358,True,0.5499010396709965,ground_equivalent_excess_gamma_dose_rate,uSv/h,2.9535659263739904e-05,0.8691550289145615,441,441,1.0,True,True,highest_radiation_equivalent_priority,radiation_priority
725,725,RADIATION,3,43,523240.920497467,5696444.290406497,0.00046084353979938727,0.0005371086274252358,False,0.6860805602243576,ground_equivalent_excess_gamma_dose_rate,uSv/h,3.684997880052415e-05,0.6967765500991634,441,441,1.0,False,False,lower_radiation_equivalent_priority,radiation_priority
725,725,RADIATION,4,41,523200.920497467,5696464.290406497,0.00046806226116075024,0.0005371086274252358,False,0.5412241754884863,ground_equivalent_excess_gamma_dose_rate,uSv/h,2.9069617402597582e-05,1.3199446098951633,441,441,1.0,False,False,lower_radiation_equivalent_priority,radiation_priority
725,725,RADIATION,4,43,523240.920497467,5696464.290406497,0.0003000788695326115,0.0005371086274252358,False,0.806838637990281,ground_equivalent_excess_gamma_dose_rate,uSv/h,4.3335999340460655e-05,0.988265774878335,441,441,1.0,False,False,lower_radiation_equivalent_priority,radiation_priority
725,725,RADIATION,5,41,523200.920497467,5696484.290406497,0.0,0.0005371086274252358,False,0.5795424308376679,ground_equivalent_excess_gamma_dose_rate,uSv/h,3.112772395619044e-05,1.433415985354225,441,441,1.0,False,False,lower_radiation_equivalent_priority,radiation_priority
725,725,RADIATION,5,42,523220.920497467,5696484.290406497,0.0,0.0005371086274252358,False,0.7859939409474795,ground_equivalent_excess_gamma_dose_rate,uSv/h,4.221641267868526e-05,1.3254055717568076,441,441,1.0,False,False,lower_radiation_equivalent_priority,radiation_priority
725,725,RADIATION,5,43,523240.920497467,5696484.290406497,0.0,0.0005371086274252358,False,0.8749792244213879,ground_equivalent_excess_gamma_dose_rate,uSv/h,4.6995889025456896e-05,1.5357155908731144,441,441,1.0,False,False,lower_radiation_equivalent_priority,radiation_priority
726,726,RADIATION,2,41,523200.920497467,5696424.290406497,0.0006005519890942938,0.0005371086274252358,True,0.48577003467218477,ground_equivalent_excess_gamma_dose_rate,uSv/h,2.6091127656708634e-05,0.744209042812246,441,441,1.0,True,True,highest_radiation_equivalent_priority,radiation_priority
726,726,RADIATION,3,41,523200.920497467,5696444.290406497,0.0004633597130316889,0.0005371086274252358,False,0.5177381144412643,ground_equivalent_excess_gamma_dose_rate,uSv/h,2.780816080132771e-05,1.3715406255046814,441,441,1.0,False,False,lower_radiation_equivalent_priority,radiation_priority
726,726,RADIATION,3,43,523240.920497467,5696444.290406497,0.00016076467026677576,0.0005371086274252358,False,0.6156237137592532,ground_equivalent_excess_gamma_dose_rate,uSv/h,3.306568079076587e-05,1.343677889754161,441,441,1.0,False,False,lower_radiation_equivalent_priority,radiation_priority
726,726,RADIATION,4,41,523200.920497467,5696464.290406497,0.00016527972180431882,0.0005371086274252358,False,0.5364851716976972,ground_equivalent_excess_gamma_dose_rate,uSv/h,2.8815081420454208e-05,1.4442750910345827,441,441,1.0,False,False,lower_radiation_equivalent_priority,radiation_priority
726,726,RADIATION,4,42,523220.920497467,5696464.290406497,0.0,0.0005371086274252358,False,0.592881247112929,ground_equivalent_excess_gamma_dose_rate,uSv/h,3.184416328629873e-05,1.668334522477628,441,441,1.0,False,False,lower_radiation_equivalent_priority,radiation_priority
726,726,RADIATION,4,43,523240.920497467,5696464.290406497,0.0,0.0005371086274252358,False,0.7999051917960991,ground_equivalent_excess_gamma_dose_rate,uSv/h,4.296359796359228e-05,1.3468880458762944,441,441,1.0,False,False,lower_radiation_equivalent_priority,radiation_priority
727,727,RADIATION,2,40,523180.920497467,5696424.290406497,0.0007632784174057535,0.0005371086274252358,True,0.39493371319496895,ground_equivalent_excess_gamma_dose_rate,uSv/h,2.121223046181015e-05,0.8414152810650468,441,441,1.0,True,True,highest_radiation_equivalent_priority,radiation_priority
727,727,RADIATION,3,40,523180.920497467,5696444.290406497,0.000493204803128264,0.0005371086274252358,False,0.48295884813176265,ground_equivalent_excess_gamma_dose_rate,uSv/h,2.5940136402292394e-05,0.744334681411178,441,441,1.0,False,False,lower_radiation_equivalent_priority,radiation_priority
727,727,RADIATION,3,41,523200.920497467,5696444.290406497,0.00016367431103894028,0.0005371086274252358,False,0.5018048480301088,ground_equivalent_excess_gamma_dose_rate,uSv/h,2.695237131607808e-05,1.4788574549982758,441,441,1.0,False,False,lower_radiation_equivalent_priority,radiation_priority
727,727,RADIATION,3,42,523220.920497467,5696444.290406497,0.0,0.0005371086274252358,False,0.512417632263024,ground_equivalent_excess_gamma_dose_rate,uSv/h,2.7522393113328204e-05,1.7199473288173328,441,441,1.0,False,False,lower_radiation_equivalent_priority,radiation_priority
728,728,RADIATION,2,39,523160.920497467,5696424.290406497,0.0004671460797135523,0.0005371086274252358,False,0.3451178125660455,ground_equivalent_excess_gamma_dose_rate,uSv/h,1.853657546073485e-05,0.9134197017692938,441,441,1.0,False,False,not_selected_by_original_greedy_fallback,no_candidate_meets_sar_reference_original_greedy_step
728,728,RADIATION,2,41,523200.920497467,5696424.290406497,0.0,0.0005371086274252358,False,0.428116731406437,ground_equivalent_excess_gamma_dose_rate,uSv/h,2.2994518998348974e-05,1.6690170405472473,441,441,1.0,False,False,not_selected_by_original_greedy_fallback,no_candidate_meets_sar_reference_original_greedy_step
728,728,RADIATION,3,39,523160.920497467,5696444.290406497,0.0004948687794011542,0.0005371086274252358,False,0.36934252454057753,ground_equivalent_excess_gamma_dose_rate,uSv/h,1.983770564057611e-05,0.7246276822411091,441,441,1.0,False,True,original_greedy_fallback,no_candidate_meets_sar_reference_original_greedy_step
728,728,RADIATION,3,40,523180.920497467,5696444.290406497,0.0003295304920893237,0.0005371086274252358,False,0.4537036408236036,ground_equivalent_excess_gamma_dose_rate,uSv/h,2.4368813978059788e-05,1.3912360210661756,441,441,1.0,False,False,not_selected_by_original_greedy_fallback,no_candidate_meets_sar_reference_original_greedy_step
728,728,RADIATION,3,41,523200.920497467,5696444.290406497,0.0,0.0005371086274252358,False,0.499769180026065,ground_equivalent_excess_gamma_dose_rate,uSv/h,2.6843033831323533e-05,1.5303997000320002,441,441,1.0,False,False,not_selected_by_original_greedy_fallback,no_candidate_meets_sar_reference_original_greedy_step
729,729,RADIATION,2,38,523140.920497467,5696424.290406497,0.0007661335982884338,0.0005371086274252358,True,0.3379163380920933,ground_equivalent_excess_gamma_dose_rate,uSv/h,1.8149778053720615e-05,0.7363464602902079,441,441,1.0,True,False,lower_radiation_equivalent_priority,radiation_priority
729,729,RADIATION,2,39,523160.920497467,5696424.290406497,0.0003028953094285474,0.0005371086274252358,False,0.3439105576494702,ground_equivalent_excess_gamma_dose_rate,uSv/h,1.8471732757615435e-05,1.3861854391300117,441,441,1.0,False,False,lower_radiation_equivalent_priority,radiation_priority
729,729,RADIATION,2,40,523180.920497467,5696424.290406497,0.0,0.0005371086274252358,False,0.3667821977121516,ground_equivalent_excess_gamma_dose_rate,uSv/h,1.970018827771852e-05,1.719578407019301,441,441,1.0,False,False,lower_radiation_equivalent_priority,radiation_priority
729,729,RADIATION,3,38,523140.920497467,5696444.290406497,0.000777072945784148,0.0005371086274252358,True,0.33658418114835975,ground_equivalent_excess_gamma_dose_rate,uSv/h,1.8078226754964244e-05,0.8412438677871604,441,441,1.0,True,False,lower_radiation_equivalent_priority,radiation_priority
729,729,RADIATION,3,40,523180.920497467,5696444.290406497,0.00016527972180431882,0.0005371086274252358,False,0.4327858482588103,ground_equivalent_excess_gamma_dose_rate,uSv/h,2.3245301292735598e-05,1.506869335557074,441,441,1.0,False,False,lower_radiation_equivalent_priority,radiation_priority
729,729,RADIATION,4,38,523140.920497467,5696464.290406497,0.0009305125310677205,0.0005371086274252358,True,0.36111084158710843,ground_equivalent_excess_gamma_dose_rate,uSv/h,1.9395574847322358e-05,0.639999567685956,441,441,1.0,True,False,lower_radiation_equivalent_priority,radiation_priority
729,729,RADIATION,4,39,523160.920497467,5696464.290406497,0.000785074160888152,0.0005371086274252358,True,0.45792830122117417,ground_equivalent_excess_gamma_dose_rate,uSv/h,2.459572413280748e-05,0.850759774806334,441,441,1.0,True,True,highest_radiation_equivalent_priority,radiation_priority
729,729,RADIATION,4,40,523180.920497467,5696464.290406497,0.00016527972180431882,0.0005371086274252358,False,0.5254179119556044,ground_equivalent_excess_gamma_dose_rate,uSv/h,2.822064935151081e-05,0.8854924516995236,441,441,1.0,False,False,lower_radiation_equivalent_priority,radiation_priority
730,730,RADIATION,3,38,523140.920497467,5696444.290406497,0.0004681146437581493,0.0005371086274252358,False,0.35216325060711223,ground_equivalent_excess_gamma_dose_rate,uSv/h,1.891499201631954e-05,1.2763603627695184,441,441,1.0,False,False,lower_radiation_equivalent_priority,radiation_priority
730,730,RADIATION,3,39,523160.920497467,5696444.290406497,0.0,0.0005371086274252358,False,0.35380518326656735,ground_equivalent_excess_gamma_dose_rate,uSv/h,1.9003181636024e-05,1.668400787096278,441,441,1.0,False,False,lower_radiation_equivalent_priority,radiation_priority
730,730,RADIATION,3,40,523180.920497467,5696444.290406497,0.0,0.0005371086274252358,False,0.42284574422219107,ground_equivalent_excess_gamma_dose_rate,uSv/h,2.2711409729178337e-05,1.5340640131542485,441,441,1.0,False,False,lower_radiation_equivalent_priority,radiation_priority
730,730,RADIATION,4,38,523140.920497467,5696464.290406497,0.0006215542290417219,0.0005371086274252358,True,0.3668551499556667,ground_equivalent_excess_gamma_dose_rate,uSv/h,1.970410660565672e-05,1.2748864055310547,441,441,1.0,True,False,lower_radiation_equivalent_priority,radiation_priority
730,730,RADIATION,4,40,523180.920497467,5696464.290406497,0.0,0.0005371086274252358,False,0.5075299433997056,ground_equivalent_excess_gamma_dose_rate,uSv/h,2.7259871127662346e-05,1.4439779366245333,441,441,1.0,False,False,lower_radiation_equivalent_priority,radiation_priority
730,730,RADIATION,5,38,523140.920497467,5696484.290406497,0.0006968907313160083,0.0005371086274252358,True,0.4480233783250033,ground_equivalent_excess_gamma_dose_rate,uSv/h,2.4063722178655964e-05,0.7443467229330029,441,441,1.0,True,True,highest_radiation_equivalent_priority,radiation_priority
730,730,RADIATION,5,39,523160.920497467,5696484.290406497,0.00031176442856400727,0.0005371086274252358,False,0.4924045907216897,ground_equivalent_excess_gamma_dose_rate,uSv/h,2.6447475386041177e-05,1.0181311711452667,441,441,1.0,False,False,lower_radiation_equivalent_priority,radiation_priority
730,730,RADIATION,5,40,523180.920497467,5696484.290406497,0.0,0.0005371086274252358,False,0.5274725976034221,ground_equivalent_excess_gamma_dose_rate,uSv/h,2.8331008290319776e-05,1.4471280441564092,441,441,1.0,False,False,lower_radiation_equivalent_priority,radiation_priority
731,731,RADIATION,4,37,523120.920497467,5696464.290406497,0.0007855157748691777,0.0005371086274252358,True,0.3545748513424051,ground_equivalent_excess_gamma_dose_rate,uSv/h,1.904452117240262e-05,0.753177968180164,441,441,1.0,True,False,lower_radiation_equivalent_priority,radiation_priority
731,731,RADIATION,4,38,523140.920497467,5696464.290406497,0.00030978980047771453,0.0005371086274252358,False,0.3595199996669098,ground_equivalent_excess_gamma_dose_rate,uSv/h,1.9310129355301515e-05,1.4442750910345827,441,441,1.0,False,False,lower_radiation_equivalent_priority,radiation_priority
731,731,RADIATION,4,39,523160.920497467,5696464.290406497,0.0,0.0005371086274252358,False,0.3927760851434032,ground_equivalent_excess_gamma_dose_rate,uSv/h,2.109634239768308e-05,1.712217651194383,441,441,1.0,False,False,lower_radiation_equivalent_priority,radiation_priority
731,731,RADIATION,5,37,523120.920497467,5696484.290406497,0.001229149000101167,0.0005371086274252358,True,0.35483184782081467,ground_equivalent_excess_gamma_dose_rate,uSv/h,1.9058324674979792e-05,0.8412438677871604,441,441,1.0,True,False,lower_radiation_equivalent_priority,radiation_priority
731,731,RADIATION,5,39,523160.920497467,5696484.290406497,0.0,0.0005371086274252358,False,0.4776840585317618,ground_equivalent_excess_gamma_dose_rate,uSv/h,2.5656822902091056e-05,1.4130406785493383,441,441,1.0,False,False,lower_radiation_equivalent_priority,radiation_priority
731,731,RADIATION,6,37,523120.920497467,5696504.290406497,0.0018240729383589022,0.0005371086274252358,True,0.4168186941291994,ground_equivalent_excess_gamma_dose_rate,uSv/h,2.238769166889135e-05,0.6577986019375904,441,441,1.0,True,False,lower_radiation_equivalent_priority,radiation_priority
731,731,RADIATION,6,38,523140.920497467,5696504.290406497,0.0006060861104671111,0.0005371086274252358,True,0.46511122063852406,ground_equivalent_excess_gamma_dose_rate,uSv/h,2.4981524931723364e-05,0.970784529002584,441,441,1.0,True,True,highest_radiation_equivalent_priority,radiation_priority
731,731,RADIATION,6,39,523160.920497467,5696504.290406497,0.0,0.0005371086274252358,False,0.5068694203661367,ground_equivalent_excess_gamma_dose_rate,uSv/h,2.7224393865668052e-05,1.661869303730218,441,441,1.0,False,False,lower_radiation_equivalent_priority,radiation_priority
732,732,RADIATION,5,37,523120.920497467,5696484.290406497,0.0006230628896340558,0.0005371086274252358,True,0.365685785242173,ground_equivalent_excess_gamma_dose_rate,uSv/h,1.964129901803431e-05,1.292685439782689,441,441,1.0,True,False,lower_radiation_equivalent_priority,radiation_priority
732,732,RADIATION,5,38,523140.920497467,5696484.290406497,0.0,0.0005371086274252358,False,0.38053639672690587,ground_equivalent_excess_gamma_dose_rate,uSv/h,2.043893817313334e-05,1.7518030889242677,441,441,1.0,False,False,lower_radiation_equivalent_priority,radiation_priority
732,732,RADIATION,5,39,523160.920497467,5696484.290406497,0.0,0.0005371086274252358,False,0.4680083238553442,ground_equivalent_excess_gamma_dose_rate,uSv/h,2.5137130844952918e-05,1.6220371868136336,441,441,1.0,False,False,lower_radiation_equivalent_priority,radiation_priority
732,732,RADIATION,6,37,523120.920497467,5696504.290406497,0.001217986827891791,0.0005371086274252358,True,0.3874969337840228,ground_equivalent_excess_gamma_dose_rate,uSv/h,2.0812794623622395e-05,1.292685439782689,441,441,1.0,True,False,lower_radiation_equivalent_priority,radiation_priority
732,732,RADIATION,6,39,523160.920497467,5696504.290406497,0.0,0.0005371086274252358,False,0.49856250913601874,ground_equivalent_excess_gamma_dose_rate,uSv/h,2.6778222496772864e-05,1.77536825180048,441,441,1.0,False,False,lower_radiation_equivalent_priority,radiation_priority
732,732,RADIATION,7,37,523120.920497467,5696524.290406497,0.0012974309472759849,0.0005371086274252358,True,0.4494938081536468,ground_equivalent_excess_gamma_dose_rate,uSv/h,2.414270023335475e-05,0.8477143102965465,441,441,1.0,True,False,lower_radiation_equivalent_priority,radiation_priority
732,732,RADIATION,7,38,523140.920497467,5696524.290406497,0.0006106189982728808,0.0005371086274252358,True,0.48371725211874367,ground_equivalent_excess_gamma_dose_rate,uSv/h,2.5980870934740514e-05,1.708378755218923,441,441,1.0,True,True,highest_radiation_equivalent_priority,radiation_priority
732,732,RADIATION,7,39,523160.920497467,5696524.290406497,0.0,0.0005371086274252358,False,0.53400956304736,ground_equivalent_excess_gamma_dose_rate,uSv/h,2.8682114344031745e-05,2.4193202749159184,441,441,1.0,False,False,lower_radiation_equivalent_priority,radiation_priority
733,733,RADIATION,6,37,523120.920497467,5696504.290406497,0.0006073678296189102,0.0005371086274252358,True,0.39347585756203374,ground_equivalent_excess_gamma_dose_rate,uSv/h,2.113392777801115e-05,1.4983049229604686,441,441,1.0,True,False,lower_radiation_equivalent_priority,radiation_priority
733,733,RADIATION,6,38,523140.920497467,5696504.290406497,0.0,0.0005371086274252358,False,0.42163058140704535,ground_equivalent_excess_gamma_dose_rate,uSv/h,2.2646142286004227e-05,2.2878470217331257,441,441,1.0,False,False,lower_radiation_equivalent_priority,radiation_priority
733,733,RADIATION,6,39,523160.920497467,5696504.290406497,0.0,0.0005371086274252358,False,0.49262470566806343,ground_equivalent_excess_gamma_dose_rate,uSv/h,2.6459297949713437e-05,2.2767522946001586,441,441,1.0,False,False,lower_radiation_equivalent_priority,radiation_priority
733,733,RADIATION,7,37,523120.920497467,5696524.290406497,0.000686811949003104,0.0005371086274252358,True,0.421214317613291,ground_equivalent_excess_gamma_dose_rate,uSv/h,2.2623784398513204e-05,1.4826011481416452,441,441,1.0,True,False,lower_radiation_equivalent_priority,radiation_priority
733,733,RADIATION,7,39,523160.920497467,5696524.290406497,0.0,0.0005371086274252358,False,0.528069251222046,ground_equivalent_excess_gamma_dose_rate,uSv/h,2.8363055070934513e-05,2.611523070586395,441,441,1.0,False,False,lower_radiation_equivalent_priority,radiation_priority
733,733,RADIATION,8,37,523120.920497467,5696544.290406497,0.0006889951622584307,0.0005371086274252358,True,0.45462746252092573,ground_equivalent_excess_gamma_dose_rate,uSv/h,2.4418433238443224e-05,1.0870464236478579,441,441,1.0,True,True,highest_radiation_equivalent_priority,radiation_priority
733,733,RADIATION,8,38,523140.920497467,5696544.290406497,0.00034419459972093397,0.0005371086274252358,False,0.4884859586384972,ground_equivalent_excess_gamma_dose_rate,uSv/h,2.623700227608237e-05,2.4520853372384774,441,441,1.0,False,False,lower_radiation_equivalent_priority,radiation_priority
733,733,RADIATION,8,39,523160.920497467,5696544.290406497,0.0,0.0005371086274252358,False,0.5491690432059924,ground_equivalent_excess_gamma_dose_rate,uSv/h,2.9496343102080055e-05,2.7065581208632112,441,441,1.0,False,False,lower_radiation_equivalent_priority,radiation_priority
734,734,RADIATION,7,36,523100.920497467,5696524.290406497,0.0012931572787876257,0.0005371086274252358,True,0.3789937320173829,ground_equivalent_excess_gamma_dose_rate,uSv/h,2.0356080320662417e-05,0.7709770024317986,441,441,1.0,True,False,lower_radiation_equivalent_priority,radiation_priority
734,734,RADIATION,7,37,523120.920497467,5696524.290406497,0.0003426173492821701,0.0005371086274252358,False,0.3992012112024909,ground_equivalent_excess_gamma_dose_rate,uSv/h,2.1441441461546156e-05,1.7175625636513796,441,441,1.0,False,False,lower_radiation_equivalent_priority,radiation_priority
734,734,RADIATION,7,38,523140.920497467,5696524.290406497,0.0,0.0005371086274252358,False,0.4565718480584926,ground_equivalent_excess_gamma_dose_rate,uSv/h,2.4522867863170028e-05,2.5065498108376802,441,441,1.0,False,False,lower_radiation_equivalent_priority,radiation_priority
734,734,RADIATION,8,36,523100.920497467,5696544.290406497,0.0010345377652930387,0.0005371086274252358,True,0.37742129332457136,ground_equivalent_excess_gamma_dose_rate,uSv/h,2.027162328186178e-05,0.8907016199407094,441,441,1.0,True,False,lower_radiation_equivalent_priority,radiation_priority
734,734,RADIATION,8,38,523140.920497467,5696544.290406497,0.0,0.0005371086274252358,False,0.4829720516227138,ground_equivalent_excess_gamma_dose_rate,uSv/h,2.594084557318259e-05,2.5655842853087396,441,441,1.0,False,False,lower_radiation_equivalent_priority,radiation_priority
734,734,RADIATION,9,36,523100.920497467,5696564.290406497,0.0010416989564879387,0.0005371086274252358,True,0.4124442958901141,ground_equivalent_excess_gamma_dose_rate,uSv/h,2.21527389654907e-05,0.7611661893011341,441,441,1.0,True,True,highest_radiation_equivalent_priority,radiation_priority
734,734,RADIATION,9,37,523120.920497467,5696564.290406497,0.00034662520799829007,0.0005371086274252358,False,0.45554088843816876,ground_equivalent_excess_gamma_dose_rate,uSv/h,2.4467494132509732e-05,1.7339477633028553,441,441,1.0,False,False,lower_radiation_equivalent_priority,radiation_priority
734,734,RADIATION,9,38,523140.920497467,5696564.290406497,0.0,0.0005371086274252358,False,0.49297672970316053,ground_equivalent_excess_gamma_dose_rate,uSv/h,2.6478205464344604e-05,2.8174326581495834,441,441,1.0,False,False,lower_radiation_equivalent_priority,radiation_priority
735,735,RADIATION,8,35,523080.920497467,5696544.290406497,0.0010341538091873516,0.0005371086274252358,True,0.34426173885744843,ground_equivalent_excess_gamma_dose_rate,uSv/h,1.849059500327491e-05,0.7363464602902079,441,441,1.0,True,False,lower_radiation_equivalent_priority,radiation_priority
735,735,RADIATION,8,36,523100.920497467,5696544.290406497,0.0006879125572947486,0.0005371086274252358,True,0.3650930871639123,ground_equivalent_excess_gamma_dose_rate,uSv/h,1.960946469290509e-05,1.4202326152437108,441,441,1.0,True,True,highest_radiation_equivalent_priority,radiation_priority
735,735,RADIATION,8,37,523120.920497467,5696544.290406497,0.0,0.0005371086274252358,False,0.41481881432760465,ground_equivalent_excess_gamma_dose_rate,uSv/h,2.2280276399366346e-05,1.8495810777937536,441,441,1.0,False,False,lower_radiation_equivalent_priority,radiation_priority
735,735,RADIATION,9,35,523080.920497467,5696564.290406497,0.0006926548648866955,0.0005371086274252358,True,0.3309935067214048,ground_equivalent_excess_gamma_dose_rate,uSv/h,1.777794680817993e-05,0.8613121005112477,441,441,1.0,True,False,lower_radiation_equivalent_priority,radiation_priority
735,735,RADIATION,9,37,523120.920497467,5696564.290406497,0.0,0.0005371086274252358,False,0.4469675028402581,ground_equivalent_excess_gamma_dose_rate,uSv/h,2.4007010195421624e-05,1.8559557286141126,441,441,1.0,False,False,lower_radiation_equivalent_priority,radiation_priority
735,735,RADIATION,10,35,523080.920497467,5696584.290406497,0.0,0.0005371086274252358,False,0.3198698567851046,ground_equivalent_excess_gamma_dose_rate,uSv/h,1.7180485973255427e-05,1.4420827539995282,441,441,1.0,False,False,lower_radiation_equivalent_priority,radiation_priority
735,735,RADIATION,10,36,523100.920497467,5696584.290406497,0.0,0.0005371086274252358,False,0.3632241919763945,ground_equivalent_excess_gamma_dose_rate,uSv/h,1.9509084720008162e-05,1.0052006085376253,441,441,1.0,False,False,lower_radiation_equivalent_priority,radiation_priority
735,735,RADIATION,10,37,523120.920497467,5696584.290406497,0.0,0.0005371086274252358,False,0.4631728036054222,ground_equivalent_excess_gamma_dose_rate,uSv/h,2.487741088052066e-05,1.7183284271551986,441,441,1.0,False,False,lower_radiation_equivalent_priority,radiation_priority
736,736,RADIATION,7,35,523080.920497467,5696524.290406497,0.0012952253236058308,0.0005371086274252358,True,0.32283541557121287,ground_equivalent_excess_gamma_dose_rate,uSv/h,1.7339768694170977e-05,0.8475766301757897,441,441,1.0,True,False,lower_radiation_equivalent_priority,radiation_priority
736,736,RADIATION,7,36,523100.920497467,5696524.290406497,0.0009505399295054555,0.0005371086274252358,True,0.36279926597181755,ground_equivalent_excess_gamma_dose_rate,uSv/h,1.9486261577700597e-05,1.543529156237958,441,441,1.0,True,True,highest_radiation_equivalent_priority,radiation_priority
736,736,RADIATION,7,37,523120.920497467,5696524.290406497,0.0,0.0005371086274252358,False,0.3944391939363931,ground_equivalent_excess_gamma_dose_rate,uSv/h,2.118566940578925e-05,1.85310696804723,441,441,1.0,False,False,lower_radiation_equivalent_priority,radiation_priority
736,736,RADIATION,8,35,523080.920497467,5696544.290406497,0.0006888586011747732,0.0005371086274252358,True,0.323963860759815,ground_equivalent_excess_gamma_dose_rate,uSv/h,1.7400378458808444e-05,1.363264652573477,441,441,1.0,True,False,lower_radiation_equivalent_priority,radiation_priority
736,736,RADIATION,8,37,523120.920497467,5696544.290406497,0.0,0.0005371086274252358,False,0.4090856276895297,ground_equivalent_excess_gamma_dose_rate,uSv/h,2.1972341998771434e-05,2.1194213407946205,441,441,1.0,False,False,lower_radiation_equivalent_priority,radiation_priority
736,736,RADIATION,9,35,523080.920497467,5696564.290406497,0.00034735965687411705,0.0005371086274252358,False,0.32433254420647667,ground_equivalent_excess_gamma_dose_rate,uSv/h,1.7420180764807527e-05,1.3595145200862078,441,441,1.0,False,False,lower_radiation_equivalent_priority,radiation_priority
736,736,RADIATION,9,36,523100.920497467,5696564.290406497,0.0,0.0005371086274252358,False,0.35102727778060483,ground_equivalent_excess_gamma_dose_rate,uSv/h,1.8853977935755762e-05,2.0768422594202627,441,441,1.0,False,False,lower_radiation_equivalent_priority,radiation_priority
736,736,RADIATION,9,37,523120.920497467,5696564.290406497,0.0,0.0005371086274252358,False,0.4455442557856131,ground_equivalent_excess_gamma_dose_rate,uSv/h,2.393056636822088e-05,2.067133954898708,441,441,1.0,False,False,lower_radiation_equivalent_priority,radiation_priority
737,737,RADIATION,6,35,523080.920497467,5696504.290406497,0.0015315938571330498,0.0005371086274252358,True,0.30640949876165663,ground_equivalent_excess_gamma_dose_rate,uSv/h,1.645751853099279e-05,0.7620080770638804,441,441,1.0,True,False,lower_radiation_equivalent_priority,radiation_priority
737,737,RADIATION,6,36,523100.920497467,5696504.290406497,0.0009217098145375911,0.0005371086274252358,True,0.3455811540389341,ground_equivalent_excess_gamma_dose_rate,uSv/h,1.8561461930988087e-05,1.1035330764719158,441,441,1.0,True,True,highest_radiation_equivalent_priority,radiation_priority
737,737,RADIATION,6,37,523120.920497467,5696504.290406497,0.0,0.0005371086274252358,False,0.3846113767909785,ground_equivalent_excess_gamma_dose_rate,uSv/h,2.0657808868033265e-05,1.7316312804010785,441,441,1.0,False,False,lower_radiation_equivalent_priority,radiation_priority
737,737,RADIATION,7,35,523080.920497467,5696524.290406497,0.0009520532237192855,0.0005371086274252358,True,0.3145185952418973,ground_equivalent_excess_gamma_dose_rate,uSv/h,1.6893065099008875e-05,1.4707446899717895,441,441,1.0,True,False,lower_radiation_equivalent_priority,radiation_priority
737,737,RADIATION,7,37,523120.920497467,5696524.290406497,0.0,0.0005371086274252358,False,0.3880051061387026,ground_equivalent_excess_gamma_dose_rate,uSv/h,2.0840088999214147e-05,2.1904304958929557,441,441,1.0,False,False,lower_radiation_equivalent_priority,radiation_priority
737,737,RADIATION,8,35,523080.920497467,5696544.290406497,0.00034568650128822783,0.0005371086274252358,False,0.3224970040583619,ground_equivalent_excess_gamma_dose_rate,uSv/h,1.7321592319853744e-05,1.559410694373196,441,441,1.0,False,False,lower_radiation_equivalent_priority,radiation_priority
737,737,RADIATION,8,36,523100.920497467,5696544.290406497,0.0,0.0005371086274252358,False,0.3397203783398833,ground_equivalent_excess_gamma_dose_rate,uSv/h,1.8246674611851652e-05,2.3938729972353894,441,441,1.0,False,False,lower_radiation_equivalent_priority,radiation_priority
737,737,RADIATION,8,37,523120.920497467,5696544.290406497,0.0,0.0005371086274252358,False,0.4080797456911104,ground_equivalent_excess_gamma_dose_rate,uSv/h,2.191831520881916e-05,2.3767379045843895,441,441,1.0,False,False,lower_radiation_equivalent_priority,radiation_priority
738,738,RADIATION,5,35,523080.920497467,5696484.290406497,0.0009392992200889402,0.0005371086274252358,True,0.29108981066966644,ground_equivalent_excess_gamma_dose_rate,uSv/h,1.563468486662563e-05,0.744209042812246,441,441,1.0,True,False,lower_radiation_equivalent_priority,radiation_priority
738,738,RADIATION,5,36,523100.920497467,5696484.290406497,0.000624364161684849,0.0005371086274252358,True,0.3230871578733579,ground_equivalent_excess_gamma_dose_rate,uSv/h,1.7353289990407973e-05,1.005882844624439,441,441,1.0,True,True,highest_radiation_equivalent_priority,radiation_priority
738,738,RADIATION,5,37,523120.920497467,5696484.290406497,0.00030978980047771453,0.0005371086274252358,False,0.3616532352224717,ground_equivalent_excess_gamma_dose_rate,uSv/h,1.9424707277423775e-05,1.5375520491456867,441,441,1.0,False,False,lower_radiation_equivalent_priority,radiation_priority
738,738,RADIATION,6,35,523080.920497467,5696504.290406497,0.0009231571317518001,0.0005371086274252358,True,0.29857876400791006,ground_equivalent_excess_gamma_dose_rate,uSv/h,1.6036923011461194e-05,1.3851761368598803,441,441,1.0,True,False,lower_radiation_equivalent_priority,radiation_priority
738,738,RADIATION,6,37,523120.920497467,5696504.290406497,0.0,0.0005371086274252358,False,0.37873026950954447,ground_equivalent_excess_gamma_dose_rate,uSv/h,2.0341929522066106e-05,1.8451302284713407,441,441,1.0,False,False,lower_radiation_equivalent_priority,radiation_priority
738,738,RADIATION,7,35,523080.920497467,5696524.290406497,0.0003436164983380357,0.0005371086274252358,False,0.3128428984413409,ground_equivalent_excess_gamma_dose_rate,uSv/h,1.6803061978156102e-05,1.574124318857158,441,441,1.0,False,False,lower_radiation_equivalent_priority,radiation_priority
738,738,RADIATION,7,36,523100.920497467,5696524.290406497,0.0,0.0005371086274252358,False,0.3299363258031432,ground_equivalent_excess_gamma_dose_rate,uSv/h,1.7721164708985165e-05,2.3242869425393136,441,441,1.0,False,False,lower_radiation_equivalent_priority,radiation_priority
738,738,RADIATION,7,37,523120.920497467,5696524.290406497,0.0,0.0005371086274252358,False,0.38706622880908303,ground_equivalent_excess_gamma_dose_rate,uSv/h,2.0789661087830884e-05,2.29774732538655,441,441,1.0,False,False,lower_radiation_equivalent_priority,radiation_priority
739,739,RADIATION,4,35,523080.920497467,5696464.290406497,0.0007886535918269228,0.0005371086274252358,True,0.27590838300988946,ground_equivalent_excess_gamma_dose_rate,uSv/h,1.4819277289355797e-05,0.744209042812246,441,441,1.0,True,False,lower_radiation_equivalent_priority,radiation_priority
739,739,RADIATION,4,36,523100.920497467,5696464.290406497,0.0007865112479166375,0.0005371086274252358,True,0.28663269263032964,ground_equivalent_excess_gamma_dose_rate,uSv/h,1.5395289211387587e-05,0.9724723910172348,441,441,1.0,True,False,lower_radiation_equivalent_priority,radiation_priority
739,739,RADIATION,4,37,523120.920497467,5696464.290406497,0.00047500913480731644,0.0005371086274252358,False,0.34718356242776444,ground_equivalent_excess_gamma_dose_rate,uSv/h,1.864752866801802e-05,0.9980445775431619,441,441,1.0,False,False,lower_radiation_equivalent_priority,radiation_priority
739,739,RADIATION,5,35,523080.920497467,5696484.290406497,0.0006254416984659525,0.0005371086274252358,True,0.28314340802322197,ground_equivalent_excess_gamma_dose_rate,uSv/h,1.5207876724785625e-05,1.3673771026082457,441,441,1.0,True,False,lower_radiation_equivalent_priority,radiation_priority
739,739,RADIATION,5,37,523120.920497467,5696484.290406497,0.00030978980047771453,0.0005371086274252358,False,0.35560383200540774,ground_equivalent_excess_gamma_dose_rate,uSv/h,1.909978861155787e-05,1.6510509972159488,441,441,1.0,False,False,lower_radiation_equivalent_priority,radiation_priority
739,739,RADIATION,6,35,523080.920497467,5696504.290406497,0.0006092996101288124,0.0005371086274252358,True,0.29684771649900876,ground_equivalent_excess_gamma_dose_rate,uSv/h,1.594394695630981e-05,1.4885557657452488,441,441,1.0,True,True,highest_radiation_equivalent_priority,radiation_priority
739,739,RADIATION,6,36,523100.920497467,5696504.290406497,0.0,0.0005371086274252358,False,0.3108112019106,ground_equivalent_excess_gamma_dose_rate,uSv/h,1.669393780465902e-05,1.9874952746421333,441,441,1.0,False,False,lower_radiation_equivalent_priority,radiation_priority
739,739,RADIATION,6,37,523120.920497467,5696504.290406497,0.0,0.0005371086274252358,False,0.3776688383599103,ground_equivalent_excess_gamma_dose_rate,uSv/h,2.0284919139277466e-05,1.8639589841271176,441,441,1.0,False,False,lower_radiation_equivalent_priority,radiation_priority
740,740,RADIATION,5,34,523060.920497467,5696484.290406497,0.0006985554812777437,0.0005371086274252358,True,0.2662950057715891,ground_equivalent_excess_gamma_dose_rate,uSv/h,1.4302934504017346e-05,0.857513081905386,441,441,1.0,True,False,lower_radiation_equivalent_priority,radiation_priority
740,740,RADIATION,5,35,523080.920497467,5696484.290406497,0.0006254416984659525,0.0005371086274252358,True,0.27419841516323196,ground_equivalent_excess_gamma_dose_rate,uSv/h,1.4727433441049848e-05,2.026443528550822,441,441,1.0,True,False,lower_radiation_equivalent_priority,radiation_priority
740,740,RADIATION,5,36,523100.920497467,5696484.290406497,0.0,0.0005371086274252358,False,0.29197810521261247,ground_equivalent_excess_gamma_dose_rate,uSv/h,1.5682395932896735e-05,2.1588783565972007,441,441,1.0,False,False,lower_radiation_equivalent_priority,radiation_priority
740,740,RADIATION,6,34,523060.920497467,5696504.290406497,0.0012679111266175511,0.0005371086274252358,True,0.26685389666950576,ground_equivalent_excess_gamma_dose_rate,uSv/h,1.4332953016323393e-05,1.018595185625108,441,441,1.0,True,False,lower_radiation_equivalent_priority,radiation_priority
740,740,RADIATION,6,36,523100.920497467,5696504.290406497,0.0,0.0005371086274252358,False,0.3076346062650485,ground_equivalent_excess_gamma_dose_rate,uSv/h,1.6523320111952307e-05,2.381375942730418,441,441,1.0,False,False,lower_radiation_equivalent_priority,radiation_priority
740,740,RADIATION,7,34,523060.920497467,5696524.290406497,0.0010332588114399133,0.0005371086274252358,True,0.29309014529445926,ground_equivalent_excess_gamma_dose_rate,uSv/h,1.5742124565096996e-05,0.8626258117462433,441,441,1.0,True,True,highest_radiation_equivalent_priority,radiation_priority
740,740,RADIATION,7,35,523080.920497467,5696524.290406497,0.0003436164983380357,0.0005371086274252358,False,0.30919196746828054,ground_equivalent_excess_gamma_dose_rate,uSv/h,1.6606967325779634e-05,2.1354571054002465,441,441,1.0,False,False,lower_radiation_equivalent_priority,radiation_priority
740,740,RADIATION,7,36,523100.920497467,5696524.290406497,0.0,0.0005371086274252358,False,0.32933245790103166,ground_equivalent_excess_gamma_dose_rate,uSv/h,1.7688730442980235e-05,2.3485614149462006,441,441,1.0,False,False,lower_radiation_equivalent_priority,radiation_priority
741,741,RADIATION,6,33,523040.920497467,5696504.290406497,0.001293017821354955,0.0005371086274252358,True,0.2456610003733087,ground_equivalent_excess_gamma_dose_rate,uSv/h,1.3194664272241818e-05,0.7363464602902079,441,441,1.0,True,False,lower_radiation_equivalent_priority,radiation_priority
741,741,RADIATION,6,34,523060.920497467,5696504.290406497,0.0009242946282795154,0.0005371086274252358,True,0.259676829355806,ground_equivalent_excess_gamma_dose_rate,uSv/h,1.3947466538943414e-05,1.52169223768882,441,441,1.0,True,False,lower_radiation_equivalent_priority,radiation_priority
741,741,RADIATION,6,35,523080.920497467,5696504.290406497,0.0,0.0005371086274252358,False,0.2818917516241394,ground_equivalent_excess_gamma_dose_rate,uSv/h,1.51406491797337e-05,2.3388804002958112,441,441,1.0,False,False,lower_radiation_equivalent_priority,radiation_priority
741,741,RADIATION,7,33,523040.920497467,5696524.290406497,0.0013001394348941002,0.0005371086274252358,True,0.23890056779580898,ground_equivalent_excess_gamma_dose_rate,uSv/h,1.2831555605991644e-05,0.8412438677871604,441,441,1.0,True,False,lower_radiation_equivalent_priority,radiation_priority
741,741,RADIATION,7,35,523080.920497467,5696524.290406497,0.0,0.0005371086274252358,False,0.3045780972428564,ground_equivalent_excess_gamma_dose_rate,uSv/h,1.635915237539006e-05,2.2510904198911446,441,441,1.0,False,False,lower_radiation_equivalent_priority,radiation_priority
741,741,RADIATION,8,33,523040.920497467,5696544.290406497,0.0006921697443561937,0.0005371086274252358,True,0.23673605988895038,ground_equivalent_excess_gamma_dose_rate,uSv/h,1.2715298018901257e-05,0.639999567685956,441,441,1.0,True,False,lower_radiation_equivalent_priority,radiation_priority
741,741,RADIATION,8,34,523060.920497467,5696544.290406497,0.0006933415560839377,0.0005371086274252358,True,0.2884088833791513,ground_equivalent_excess_gamma_dose_rate,uSv/h,1.5490689948902087e-05,0.9897387204906094,441,441,1.0,True,True,highest_radiation_equivalent_priority,radiation_priority
741,741,RADIATION,8,35,523080.920497467,5696544.290406497,0.0,0.0005371086274252358,False,0.32140072241003814,ground_equivalent_excess_gamma_dose_rate,uSv/h,1.726271008671348e-05,1.7949400964210147,441,441,1.0,False,False,lower_radiation_equivalent_priority,radiation_priority
742,742,RADIATION,7,33,523040.920497467,5696524.290406497,0.0009541575356842796,0.0005371086274252358,True,0.24021147357022665,ground_equivalent_excess_gamma_dose_rate,uSv/h,1.2901965486109774e-05,1.2763603627695184,441,441,1.0,True,True,highest_radiation_equivalent_priority,radiation_priority
742,742,RADIATION,7,34,523060.920497467,5696524.290406497,0.0,0.0005371086274252358,False,0.2529030505233848,ground_equivalent_excess_gamma_dose_rate,uSv/h,1.3583641033827027e-05,1.7423315333947271,441,441,1.0,False,False,lower_radiation_equivalent_priority,radiation_priority
742,742,RADIATION,7,35,523080.920497467,5696524.290406497,0.0,0.0005371086274252358,False,0.3008944826195629,ground_equivalent_excess_gamma_dose_rate,uSv/h,1.616130225596199e-05,2.271001509796097,441,441,1.0,False,False,lower_radiation_equivalent_priority,radiation_priority
742,742,RADIATION,8,33,523040.920497467,5696544.290406497,0.00034618784514637316,0.0005371086274252358,False,0.24127390939218227,ground_equivalent_excess_gamma_dose_rate,uSv/h,1.2959029830715574e-05,1.2748864055310547,441,441,1.0,False,False,lower_radiation_equivalent_priority,radiation_priority
742,742,RADIATION,8,35,523080.920497467,5696544.290406497,0.0,0.0005371086274252358,False,0.3158734272678796,ground_equivalent_excess_gamma_dose_rate,uSv/h,1.6965834295995588e-05,1.910573410911913,441,441,1.0,False,False,lower_radiation_equivalent_priority,radiation_priority
742,742,RADIATION,9,33,523040.920497467,5696564.290406497,0.0,0.0005371086274252358,False,0.2392631570207709,ground_equivalent_excess_gamma_dose_rate,uSv/h,1.2851030586085493e-05,1.3506746917058428,441,441,1.0,False,False,lower_radiation_equivalent_priority,radiation_priority
742,742,RADIATION,9,34,523060.920497467,5696564.290406497,0.0,0.0005371086274252358,False,0.26885778274006206,ground_equivalent_excess_gamma_dose_rate,uSv/h,1.4440583466010699e-05,1.029395066421268,441,441,1.0,False,False,lower_radiation_equivalent_priority,radiation_priority
742,742,RADIATION,9,35,523080.920497467,5696564.290406497,0.0,0.0005371086274252358,False,0.3206015914339788,ground_equivalent_excess_gamma_dose_rate,uSv/h,1.721978807254506e-05,1.5952218526976154,441,441,1.0,False,False,lower_radiation_equivalent_priority,radiation_priority
743,743,RADIATION,6,32,523020.920497467,5696504.290406497,0.001293826982761249,0.0005371086274252358,True,0.21486492734866366,ground_equivalent_excess_gamma_dose_rate,uSv/h,1.1540580621006376e-05,0.7560534594602768,441,441,1.0,True,False,lower_radiation_equivalent_priority,radiation_priority
743,743,RADIATION,6,33,523040.920497467,5696504.290406497,0.0006830548853916094,0.0005371086274252358,True,0.2334547512465942,ground_equivalent_excess_gamma_dose_rate,uSv/h,1.2539056100795807e-05,1.5047350911999318,441,441,1.0,True,True,highest_radiation_equivalent_priority,radiation_priority
743,743,RADIATION,6,34,523060.920497467,5696504.290406497,0.00031433169231616983,0.0005371086274252358,False,0.2586902571586421,ground_equivalent_excess_gamma_dose_rate,uSv/h,1.3894476895075951e-05,1.750811280043301,441,441,1.0,False,False,lower_radiation_equivalent_priority,radiation_priority
743,743,RADIATION,7,32,523020.920497467,5696524.290406497,0.0013009565469480375,0.0005371086274252358,True,0.21785785083091322,ground_equivalent_excess_gamma_dose_rate,uSv/h,1.1701333123360357e-05,0.9689061379122373,441,441,1.0,True,False,lower_radiation_equivalent_priority,radiation_priority
743,743,RADIATION,7,34,523060.920497467,5696524.290406497,0.0,0.0005371086274252358,False,0.2501076921663375,ground_equivalent_excess_gamma_dose_rate,uSv/h,1.3433499924795491e-05,2.118350522554414,441,441,1.0,False,False,lower_radiation_equivalent_priority,radiation_priority
743,743,RADIATION,8,32,523020.920497467,5696544.290406497,0.000692497158268519,0.0005371086274252358,True,0.22155526404189196,ground_equivalent_excess_gamma_dose_rate,uSv/h,1.189992437683763e-05,0.8279952696046528,441,441,1.0,True,False,lower_radiation_equivalent_priority,radiation_priority
743,743,RADIATION,8,33,523040.920497467,5696544.290406497,0.00034618784514637316,0.0005371086274252358,False,0.2361627219832408,ground_equivalent_excess_gamma_dose_rate,uSv/h,1.2684503545342602e-05,1.921787745186052,441,441,1.0,False,False,lower_radiation_equivalent_priority,radiation_priority
743,743,RADIATION,8,34,523060.920497467,5696544.290406497,0.0,0.0005371086274252358,False,0.25846844858185863,ground_equivalent_excess_gamma_dose_rate,uSv/h,1.3882563365053221e-05,2.0540860095534814,441,441,1.0,False,False,lower_radiation_equivalent_priority,radiation_priority
744,744,RADIATION,5,32,523020.920497467,5696484.290406497,0.0009909216510643987,0.0005371086274252358,True,0.20538660203347278,ground_equivalent_excess_gamma_dose_rate,uSv/h,1.1031491590973171e-05,0.7620080770638804,441,441,1.0,True,False,lower_radiation_equivalent_priority,radiation_priority
744,744,RADIATION,5,33,523040.920497467,5696484.290406497,0.0006989958578549459,0.0005371086274252358,True,0.21350252371977382,ground_equivalent_excess_gamma_dose_rate,uSv/h,1.1467404746695158e-05,1.0402824781450966,441,441,1.0,True,False,lower_radiation_equivalent_priority,radiation_priority
744,744,RADIATION,5,34,523060.920497467,5696484.290406497,0.0006259329128359266,0.0005371086274252358,True,0.26131190821550404,ground_equivalent_excess_gamma_dose_rate,uSv/h,1.4035288035149856e-05,1.1065432141648195,441,441,1.0,True,True,highest_radiation_equivalent_priority,radiation_priority
744,744,RADIATION,6,32,523020.920497467,5696504.290406497,0.0006833946658114567,0.0005371086274252358,True,0.20978781872636276,ground_equivalent_excess_gamma_dose_rate,uSv/h,1.1267884736665088e-05,1.3792215192562767,441,441,1.0,True,False,lower_radiation_equivalent_priority,radiation_priority
744,744,RADIATION,6,34,523060.920497467,5696504.290406497,0.00031433169231616983,0.0005371086274252358,False,0.2529362799090139,ground_equivalent_excess_gamma_dose_rate,uSv/h,1.358542581279757e-05,2.1516364308549294,441,441,1.0,False,False,lower_radiation_equivalent_priority,radiation_priority
744,744,RADIATION,7,32,523020.920497467,5696524.290406497,0.0006905242299982449,0.0005371086274252358,True,0.21627838953731934,ground_equivalent_excess_gamma_dose_rate,uSv/h,1.1616498894613008e-05,1.3853112256395506,441,441,1.0,True,False,lower_radiation_equivalent_priority,radiation_priority
744,744,RADIATION,7,33,523040.920497467,5696524.290406497,0.0,0.0005371086274252358,False,0.22882925054408262,ground_equivalent_excess_gamma_dose_rate,uSv/h,1.229061646744776e-05,2.3150525135312083,441,441,1.0,False,False,lower_radiation_equivalent_priority,radiation_priority
744,744,RADIATION,7,34,523060.920497467,5696524.290406497,0.0,0.0005371086274252358,False,0.2479633155890602,ground_equivalent_excess_gamma_dose_rate,uSv/h,1.331832360878507e-05,2.3213397014136374,441,441,1.0,False,False,lower_radiation_equivalent_priority,radiation_priority
745,745,RADIATION,4,33,523040.920497467,5696464.290406497,0.0007906559416949346,0.0005371086274252358,True,0.2178924315902812,ground_equivalent_excess_gamma_dose_rate,uSv/h,1.1703190485780303e-05,0.766171599960316,441,441,1.0,True,False,lower_radiation_equivalent_priority,radiation_priority
745,745,RADIATION,4,34,523060.920497467,5696464.290406497,0.0007893040396195108,0.0005371086274252358,True,0.22984695130546862,ground_equivalent_excess_gamma_dose_rate,uSv/h,1.2345278053355527e-05,0.9489937829797912,441,441,1.0,True,True,highest_radiation_equivalent_priority,radiation_priority
745,745,RADIATION,4,35,523080.920497467,5696464.290406497,0.00047705237130716606,0.0005371086274252358,False,0.2666527779433909,ground_equivalent_excess_gamma_dose_rate,uSv/h,1.4322150756030085e-05,0.9733280851667272,441,441,1.0,False,False,lower_radiation_equivalent_priority,radiation_priority
745,745,RADIATION,5,33,523040.920497467,5696484.290406497,0.00038466416553877605,0.0005371086274252358,False,0.21665650598543462,ground_equivalent_excess_gamma_dose_rate,uSv/h,1.1636807855258417e-05,1.6084100059328503,441,441,1.0,False,False,lower_radiation_equivalent_priority,radiation_priority
745,745,RADIATION,5,35,523080.920497467,5696484.290406497,0.0003111100061497827,0.0005371086274252358,False,0.270889509071409,ground_equivalent_excess_gamma_dose_rate,uSv/h,1.4549709240124046e-05,2.1598535665260368,441,441,1.0,False,False,lower_radiation_equivalent_priority,radiation_priority
745,745,RADIATION,6,33,523040.920497467,5696504.290406497,0.0,0.0005371086274252358,False,0.21977451504493056,ground_equivalent_excess_gamma_dose_rate,uSv/h,1.180427881188295e-05,2.2556107921436612,441,441,1.0,False,False,lower_radiation_equivalent_priority,radiation_priority
745,745,RADIATION,6,34,523060.920497467,5696504.290406497,0.0,0.0005371086274252358,False,0.24567854362760327,ground_equivalent_excess_gamma_dose_rate,uSv/h,1.3195606535565291e-05,2.255016059740298,441,441,1.0,False,False,lower_radiation_equivalent_priority,radiation_priority
745,745,RADIATION,6,35,523080.920497467,5696504.290406497,0.0,0.0005371086274252358,False,0.28103353483061166,ground_equivalent_excess_gamma_dose_rate,uSv/h,1.5094553615333203e-05,2.389176208959447,441,441,1.0,False,False,lower_radiation_equivalent_priority,radiation_priority
746,746,RADIATION,3,33,523040.920497467,5696444.290406497,0.0006405346704132036,0.0005371086274252358,True,0.20916513803424094,ground_equivalent_excess_gamma_dose_rate,uSv/h,1.1234440019478114e-05,0.744209042812246,441,441,1.0,True,True,highest_radiation_equivalent_priority,radiation_priority
746,746,RADIATION,3,34,523060.920497467,5696444.290406497,0.0004969182024699098,0.0005371086274252358,False,0.21061744333070367,ground_equivalent_excess_gamma_dose_rate,uSv/h,1.1312444589916664e-05,0.9469373790783804,441,441,1.0,False,False,lower_radiation_equivalent_priority,radiation_priority
746,746,RADIATION,3,35,523080.920497467,5696444.290406497,0.0004958348967241905,0.0005371086274252358,False,0.23795638055617904,ground_equivalent_excess_gamma_dose_rate,uSv/h,1.2780842494760638e-05,0.790351188057794,441,441,1.0,False,False,lower_radiation_equivalent_priority,radiation_priority
746,746,RADIATION,4,33,523040.920497467,5696464.290406497,0.00047867433744856026,0.0005371086274252358,False,0.21262231781966331,ground_equivalent_excess_gamma_dose_rate,uSv/h,1.142012812840916e-05,1.389339659756316,441,441,1.0,False,False,lower_radiation_equivalent_priority,radiation_priority
746,746,RADIATION,4,35,523080.920497467,5696464.290406497,0.0001659423651573834,0.0005371086274252358,False,0.26049232285420004,ground_equivalent_excess_gamma_dose_rate,uSv/h,1.3991267398303077e-05,1.556367682084852,441,441,1.0,False,False,lower_radiation_equivalent_priority,radiation_priority
746,746,RADIATION,5,33,523040.920497467,5696484.290406497,7.268256129240178e-05,0.0005371086274252358,False,0.21474794401672587,ground_equivalent_excess_gamma_dose_rate,uSv/h,1.15342973453215e-05,1.7117896348182189,441,441,1.0,False,False,lower_radiation_equivalent_priority,radiation_priority
746,746,RADIATION,5,34,523060.920497467,5696484.290406497,0.0,0.0005371086274252358,False,0.23814203222748628,ground_equivalent_excess_gamma_dose_rate,uSv/h,1.2790814006196142e-05,1.8607613833134116,441,441,1.0,False,False,lower_radiation_equivalent_priority,radiation_priority
746,746,RADIATION,5,35,523080.920497467,5696484.290406497,0.0,0.0005371086274252358,False,0.2703430832247453,ground_equivalent_excess_gamma_dose_rate,uSv/h,1.4520360236474926e-05,2.1786823221818135,441,441,1.0,False,False,lower_radiation_equivalent_priority,radiation_priority
800,800,RADIATION,2,37,523120.920497467,5696424.290406497,0.0,0.0005371086274252358,False,0.26569288698277327,ground_equivalent_excess_gamma_dose_rate,uSv/h,1.4270594184396566e-05,3.9095334825956702,441,441,1.0,False,False,not_selected_by_original_greedy_fallback,no_candidate_meets_sar_reference_original_greedy_step
800,800,RADIATION,2,38,523140.920497467,5696424.290406497,0.0,0.0005371086274252358,False,0.3097086870718284,ground_equivalent_excess_gamma_dose_rate,uSv/h,1.6634720781482162e-05,3.0790167711168763,441,441,1.0,False,False,not_selected_by_original_greedy_fallback,no_candidate_meets_sar_reference_original_greedy_step
800,800,RADIATION,2,39,523160.920497467,5696424.290406497,0.0,0.0005371086274252358,False,0.34291176014837,ground_equivalent_excess_gamma_dose_rate,uSv/h,1.841808648212627e-05,1.866195057487131,441,441,1.0,False,False,not_selected_by_original_greedy_fallback,no_candidate_meets_sar_reference_original_greedy_step
800,800,RADIATION,3,37,523120.920497467,5696444.290406497,0.0,0.0005371086274252358,False,0.2881534153132347,ground_equivalent_excess_gamma_dose_rate,uSv/h,1.547696853867854e-05,3.653294774180443,441,441,1.0,False,False,not_selected_by_original_greedy_fallback,no_candidate_meets_sar_reference_original_greedy_step
800,800,RADIATION,3,39,523160.920497467,5696444.290406497,0.0,0.0005371086274252358,False,0.34991465093751273,ground_equivalent_excess_gamma_dose_rate,uSv/h,1.8794217788102795e-05,2.289979138246695,441,441,1.0,False,False,not_selected_by_original_greedy_fallback,no_candidate_meets_sar_reference_original_greedy_step
800,800,RADIATION,4,37,523120.920497467,5696464.290406497,0.0,0.0005371086274252358,False,0.3332036930543566,ground_equivalent_excess_gamma_dose_rate,uSv/h,1.7896657822944506e-05,1.9510912668449776,441,441,1.0,False,False,not_selected_by_original_greedy_fallback,no_candidate_meets_sar_reference_original_greedy_step
800,800,RADIATION,4,38,523140.920497467,5696464.290406497,0.0,0.0005371086274252358,False,0.355808692901688,ground_equivalent_excess_gamma_dose_rate,uSv/h,1.9110791867039285e-05,2.186429932431451,441,441,1.0,False,False,not_selected_by_original_greedy_fallback,no_candidate_meets_sar_reference_original_greedy_step
800,800,RADIATION,4,39,523160.920497467,5696464.290406497,0.0,0.0005371086274252358,False,0.39093993528355636,ground_equivalent_excess_gamma_dose_rate,uSv/h,2.0997721204586146e-05,2.1975369437807104,441,441,1.0,False,True,original_greedy_fallback,no_candidate_meets_sar_reference_original_greedy_step
801,801,RADIATION,3,38,523140.920497467,5696444.290406497,0.0,0.0005371086274252358,False,0.3389716494398988,ground_equivalent_excess_gamma_dose_rate,uSv/h,1.8206459736673225e-05,3.081999446675015,441,441,1.0,False,False,not_selected_by_original_greedy_fallback,no_candidate_meets_sar_reference_original_greedy_step
801,801,RADIATION,3,39,523160.920497467,5696444.290406497,0.0,0.0005371086274252358,False,0.35523606537561325,ground_equivalent_excess_gamma_dose_rate,uSv/h,1.9080035548583696e-05,2.9334124480011257,441,441,1.0,False,False,not_selected_by_original_greedy_fallback,no_candidate_meets_sar_reference_original_greedy_step
801,801,RADIATION,3,40,523180.920497467,5696444.290406497,0.0,0.0005371086274252358,False,0.41554913614199074,ground_equivalent_excess_gamma_dose_rate,uSv/h,2.231950261409671e-05,2.2364544005423244,441,441,1.0,False,True,original_greedy_fallback,no_candidate_meets_sar_reference_original_greedy_step
801,801,RADIATION,4,38,523140.920497467,5696464.290406497,0.0,0.0005371086274252358,False,0.35915343076107553,ground_equivalent_excess_gamma_dose_rate,uSv/h,1.9290440623114574e-05,2.8213167702765496,441,441,1.0,False,False,not_selected_by_original_greedy_fallback,no_candidate_meets_sar_reference_original_greedy_step
801,801,RADIATION,4,40,523180.920497467,5696464.290406497,0.0,0.0005371086274252358,False,0.4932919222220475,ground_equivalent_excess_gamma_dose_rate,uSv/h,2.649513472646401e-05,2.253340720148652,441,441,1.0,False,False,not_selected_by_original_greedy_fallback,no_candidate_meets_sar_reference_original_greedy_step
801,801,RADIATION,5,38,523140.920497467,5696484.290406497,0.0,0.0005371086274252358,False,0.3811212760238514,ground_equivalent_excess_gamma_dose_rate,uSv/h,2.0470352544772525e-05,2.2662125216845332,441,441,1.0,False,False,not_selected_by_original_greedy_fallback,no_candidate_meets_sar_reference_original_greedy_step
801,801,RADIATION,5,39,523160.920497467,5696484.290406497,0.0,0.0005371086274252358,False,0.45894909031474707,ground_equivalent_excess_gamma_dose_rate,uSv/h,2.4650551595701436e-05,2.317836274669069,441,441,1.0,False,False,not_selected_by_original_greedy_fallback,no_candidate_meets_sar_reference_original_greedy_step
801,801,RADIATION,5,40,523180.920497467,5696484.290406497,0.0,0.0005371086274252358,False,0.5254239733276957,ground_equivalent_excess_gamma_dose_rate,uSv/h,2.8220974913035237e-05,1.7681824611859076,441,441,1.0,False,False,not_selected_by_original_greedy_fallback,no_candidate_meets_sar_reference_original_greedy_step
802,802,RADIATION,2,39,523160.920497467,5696424.290406497,0.0,0.0005371086274252358,False,0.35117377355670937,ground_equivalent_excess_gamma_dose_rate,uSv/h,1.8861846350278473e-05,2.3611857162468484,441,441,1.0,False,False,not_selected_by_original_greedy_fallback,no_candidate_meets_sar_reference_original_greedy_step
802,802,RADIATION,2,40,523180.920497467,5696424.290406497,0.0,0.0005371086274252358,False,0.36987440928503756,ground_equivalent_excess_gamma_dose_rate,uSv/h,1.986627362908064e-05,2.438123000377973,441,441,1.0,False,False,not_selected_by_original_greedy_fallback,no_candidate_meets_sar_reference_original_greedy_step
802,802,RADIATION,2,41,523200.920497467,5696424.290406497,0.0,0.0005371086274252358,False,0.4244728686935663,ground_equivalent_excess_gamma_dose_rate,uSv/h,2.2798803988325376e-05,2.2200007550210166,441,441,1.0,False,True,original_greedy_fallback,no_candidate_meets_sar_reference_original_greedy_step
802,802,RADIATION,3,39,523160.920497467,5696444.290406497,0.0,0.0005371086274252358,False,0.35999177477656236,ground_equivalent_excess_gamma_dose_rate,uSv/h,1.9335468803461404e-05,3.196877980370649,441,441,1.0,False,False,not_selected_by_original_greedy_fallback,no_candidate_meets_sar_reference_original_greedy_step
802,802,RADIATION,3,41,523200.920497467,5696444.290406497,0.0,0.0005371086274252358,False,0.49112495690222846,ground_equivalent_excess_gamma_dose_rate,uSv/h,2.63787451496034e-05,2.205757941309555,441,441,1.0,False,False,not_selected_by_original_greedy_fallback,no_candidate_meets_sar_reference_original_greedy_step
802,802,RADIATION,4,39,523160.920497467,5696464.290406497,0.0,0.0005371086274252358,False,0.3822344488682739,ground_equivalent_excess_gamma_dose_rate,uSv/h,2.0530142018628006e-05,3.1982753193427094,441,441,1.0,False,False,not_selected_by_original_greedy_fallback,no_candidate_meets_sar_reference_original_greedy_step
802,802,RADIATION,4,40,523180.920497467,5696464.290406497,0.0,0.0005371086274252358,False,0.4830659468838531,ground_equivalent_excess_gamma_dose_rate,uSv/h,2.5945888768665824e-05,2.8596224603383242,441,441,1.0,False,False,not_selected_by_original_greedy_fallback,no_candidate_meets_sar_reference_original_greedy_step
802,802,RADIATION,4,41,523200.920497467,5696464.290406497,0.0,0.0005371086274252358,False,0.5344037066396616,ground_equivalent_excess_gamma_dose_rate,uSv/h,2.8703284136418705e-05,1.611185158724315,441,441,1.0,False,False,not_selected_by_original_greedy_fallback,no_candidate_meets_sar_reference_original_greedy_step
803,803,RADIATION,2,40,523180.920497467,5696424.290406497,0.0,0.0005371086274252358,False,0.37150394204844117,ground_equivalent_excess_gamma_dose_rate,uSv/h,1.995379723967026e-05,2.925390779610369,441,441,1.0,False,True,original_greedy_fallback,no_candidate_meets_sar_reference_original_greedy_step
803,803,RADIATION,3,40,523180.920497467,5696444.290406497,0.0,0.0005371086274252358,False,0.3977354646313534,ground_equivalent_excess_gamma_dose_rate,uSv/h,2.1362714948648464e-05,2.913659501586234,441,441,1.0,False,False,not_selected_by_original_greedy_fallback,no_candidate_meets_sar_reference_original_greedy_step
803,803,RADIATION,3,41,523200.920497467,5696444.290406497,0.0,0.0005371086274252358,False,0.4840150680624833,ground_equivalent_excess_gamma_dose_rate,uSv/h,2.599686688601725e-05,2.828926001105555,441,441,1.0,False,False,not_selected_by_original_greedy_fallback,no_candidate_meets_sar_reference_original_greedy_step
803,803,RADIATION,3,42,523220.920497467,5696444.290406497,0.0,0.0005371086274252358,False,0.510575481870055,ground_equivalent_excess_gamma_dose_rate,uSv/h,2.742344962642036e-05,2.2671439846834014,441,441,1.0,False,False,not_selected_by_original_greedy_fallback,no_candidate_meets_sar_reference_original_greedy_step
804,804,RADIATION,2,39,523160.920497467,5696424.290406497,0.0,0.0005371086274252358,False,0.3497516794733284,ground_equivalent_excess_gamma_dose_rate,uSv/h,1.8785464450159044e-05,3.0858133984879577,441,441,1.0,False,False,not_selected_by_original_greedy_fallback,no_candidate_meets_sar_reference_original_greedy_step
804,804,RADIATION,2,41,523200.920497467,5696424.290406497,0.0,0.0005371086274252358,False,0.4076138450949942,ground_equivalent_excess_gamma_dose_rate,uSv/h,2.1893291285849504e-05,3.7104822433344786,441,441,1.0,False,False,not_selected_by_original_greedy_fallback,no_candidate_meets_sar_reference_original_greedy_step
804,804,RADIATION,3,39,523160.920497467,5696444.290406497,0.0,0.0005371086274252358,False,0.3593917359329801,ground_equivalent_excess_gamma_dose_rate,uSv/h,1.9303240199493577e-05,3.250554190387836,441,441,1.0,False,True,original_greedy_fallback,no_candidate_meets_sar_reference_original_greedy_step
804,804,RADIATION,3,40,523180.920497467,5696444.290406497,0.0,0.0005371086274252358,False,0.39414089639110267,ground_equivalent_excess_gamma_dose_rate,uSv/h,2.1169647587277724e-05,3.568870506106718,441,441,1.0,False,False,not_selected_by_original_greedy_fallback,no_candidate_meets_sar_reference_original_greedy_step
804,804,RADIATION,3,41,523200.920497467,5696444.290406497,0.0,0.0005371086274252358,False,0.4824529979221169,ground_equivalent_excess_gamma_dose_rate,uSv/h,2.5912966751113836e-05,3.4758273407605524,441,441,1.0,False,False,not_selected_by_original_greedy_fallback,no_candidate_meets_sar_reference_original_greedy_step
805,805,RADIATION,2,38,523140.920497467,5696424.290406497,0.0,0.0005371086274252358,False,0.3214736299439209,ground_equivalent_excess_gamma_dose_rate,uSv/h,1.7266626013258755e-05,3.188491607888636,441,441,1.0,False,False,not_selected_by_original_greedy_fallback,no_candidate_meets_sar_reference_original_greedy_step
805,805,RADIATION,2,39,523160.920497467,5696424.290406497,0.0,0.0005371086274252358,False,0.34734154286229957,ground_equivalent_excess_gamma_dose_rate,uSv/h,1.865601393345334e-05,3.7448798244305346,441,441,1.0,False,False,not_selected_by_original_greedy_fallback,no_candidate_meets_sar_reference_original_greedy_step
805,805,RADIATION,2,40,523180.920497467,5696424.290406497,0.0,0.0005371086274252358,False,0.36466699035952915,ground_equivalent_excess_gamma_dose_rate,uSv/h,1.958657866592984e-05,3.9037098577161897,441,441,1.0,False,False,not_selected_by_original_greedy_fallback,no_candidate_meets_sar_reference_original_greedy_step
805,805,RADIATION,3,38,523140.920497467,5696444.290406497,0.0,0.0005371086274252358,False,0.3395508060933136,ground_equivalent_excess_gamma_dose_rate,uSv/h,1.8237566740191206e-05,3.6558599546182724,441,441,1.0,False,True,original_greedy_fallback,no_candidate_meets_sar_reference_original_greedy_step
805,805,RADIATION,3,40,523180.920497467,5696444.290406497,0.0,0.0005371086274252358,False,0.39055941849518166,ground_equivalent_excess_gamma_dose_rate,uSv/h,2.097728331959453e-05,3.9850223047533078,441,441,1.0,False,False,not_selected_by_original_greedy_fallback,no_candidate_meets_sar_reference_original_greedy_step
805,805,RADIATION,4,38,523140.920497467,5696464.290406497,0.0,0.0005371086274252358,False,0.3582791882652403,ground_equivalent_excess_gamma_dose_rate,uSv/h,1.9243484304417084e-05,3.562775960407615,441,441,1.0,False,False,not_selected_by_original_greedy_fallback,no_candidate_meets_sar_reference_original_greedy_step
805,805,RADIATION,4,39,523160.920497467,5696464.290406497,0.0,0.0005371086274252358,False,0.37973019647025685,ground_equivalent_excess_gamma_dose_rate,uSv/h,2.0395636461805477e-05,4.041896011533415,441,441,1.0,False,False,not_selected_by_original_greedy_fallback,no_candidate_meets_sar_reference_original_greedy_step
805,805,RADIATION,4,40,523180.920497467,5696464.290406497,0.0,0.0005371086274252358,False,0.48083123483744394,ground_equivalent_excess_gamma_dose_rate,uSv/h,2.582586045667207e-05,3.6267349367686466,441,441,1.0,False,False,not_selected_by_original_greedy_fallback,no_candidate_meets_sar_reference_original_greedy_step
806,806,RADIATION,2,37,523120.920497467,5696424.290406497,0.0,0.0005371086274252358,False,0.27380572105382195,ground_equivalent_excess_gamma_dose_rate,uSv/h,1.4706341501639529e-05,4.036942293711104,441,441,1.0,False,False,not_selected_by_original_greedy_fallback,no_candidate_meets_sar_reference_original_greedy_step
806,806,RADIATION,2,38,523140.920497467,5696424.290406497,0.0,0.0005371086274252358,False,0.3174354195774292,ground_equivalent_excess_gamma_dose_rate,uSv/h,1.704973025053868e-05,3.820253871883657,441,441,1.0,False,False,not_selected_by_original_greedy_fallback,no_candidate_meets_sar_reference_original_greedy_step
806,806,RADIATION,2,39,523160.920497467,5696424.290406497,0.0,0.0005371086274252358,False,0.3459291014250725,ground_equivalent_excess_gamma_dose_rate,uSv/h,1.8580150485286587e-05,3.8605131389214327,441,441,1.0,False,False,not_selected_by_original_greedy_fallback,no_candidate_meets_sar_reference_original_greedy_step
806,806,RADIATION,3,37,523120.920497467,5696444.290406497,0.0,0.0005371086274252358,False,0.295569267345217,ground_equivalent_excess_gamma_dose_rate,uSv/h,1.5875280349287208e-05,3.9507353306803723,441,441,1.0,False,False,not_selected_by_original_greedy_fallback,no_candidate_meets_sar_reference_original_greedy_step
806,806,RADIATION,3,39,523160.920497467,5696444.290406497,0.0,0.0005371086274252358,False,0.35355920579872563,ground_equivalent_excess_gamma_dose_rate,uSv/h,1.8989969974011e-05,4.590279460350774,441,441,1.0,False,False,not_selected_by_original_greedy_fallback,no_candidate_meets_sar_reference_original_greedy_step
806,806,RADIATION,4,37,523120.920497467,5696464.290406497,0.0,0.0005371086274252358,False,0.33331566069088087,ground_equivalent_excess_gamma_dose_rate,uSv/h,1.7902671701301465e-05,2.7790865364496304,441,441,1.0,False,True,original_greedy_fallback,no_candidate_meets_sar_reference_original_greedy_step
806,806,RADIATION,4,38,523140.920497467,5696464.290406497,0.0,0.0005371086274252358,False,0.355779179128905,ground_equivalent_excess_gamma_dose_rate,uSv/h,1.9109206656840325e-05,4.209677300062612,441,441,1.0,False,False,not_selected_by_original_greedy_fallback,no_candidate_meets_sar_reference_original_greedy_step
806,806,RADIATION,4,39,523160.920497467,5696464.290406497,0.0,0.0005371086274252358,False,0.3789804782954435,ground_equivalent_excess_gamma_dose_rate,uSv/h,2.0355368451822503e-05,4.410183804444189,441,441,1.0,False,False,not_selected_by_original_greedy_fallback,no_candidate_meets_sar_reference_original_greedy_step
807,807,RADIATION,3,36,523100.920497467,5696444.290406497,0.0,0.0005371086274252358,False,0.26686412763433504,ground_equivalent_excess_gamma_dose_rate,uSv/h,1.4333502530271063e-05,3.732773316763647,441,441,1.0,False,False,not_selected_by_original_greedy_fallback,no_candidate_meets_sar_reference_original_greedy_step
807,807,RADIATION,3,37,523120.920497467,5696444.290406497,0.0,0.0005371086274252358,False,0.2943011218517536,ground_equivalent_excess_gamma_dose_rate,uSv/h,1.5807167160750245e-05,4.089788612849766,441,441,1.0,False,True,original_greedy_fallback,no_candidate_meets_sar_reference_original_greedy_step
807,807,RADIATION,3,38,523140.920497467,5696444.290406497,0.0,0.0005371086274252358,False,0.3323106702048155,ground_equivalent_excess_gamma_dose_rate,uSv/h,1.7848692795246863e-05,4.5188342786842695,441,441,1.0,False,False,not_selected_by_original_greedy_fallback,no_candidate_meets_sar_reference_original_greedy_step
807,807,RADIATION,4,36,523100.920497467,5696464.290406497,0.0,0.0005371086274252358,False,0.2836142209206996,ground_equivalent_excess_gamma_dose_rate,uSv/h,1.5233164491699455e-05,2.5532363315658633,441,441,1.0,False,False,not_selected_by_original_greedy_fallback,no_candidate_meets_sar_reference_original_greedy_step
807,807,RADIATION,4,38,523140.920497467,5696464.290406497,0.0,0.0005371086274252358,False,0.35287011829921566,ground_equivalent_excess_gamma_dose_rate,uSv/h,1.8952958489907233e-05,4.32531061455351,441,441,1.0,False,False,not_selected_by_original_greedy_fallback,no_candidate_meets_sar_reference_original_greedy_step
807,807,RADIATION,5,36,523100.920497467,5696484.290406497,0.0,0.0005371086274252358,False,0.2918101078138452,ground_equivalent_excess_gamma_dose_rate,uSv/h,1.5673372647670446e-05,2.2383247649353066,441,441,1.0,False,False,not_selected_by_original_greedy_fallback,no_candidate_meets_sar_reference_original_greedy_step
807,807,RADIATION,5,37,523120.920497467,5696484.290406497,0.0,0.0005371086274252358,False,0.35169187701754523,ground_equivalent_excess_gamma_dose_rate,uSv/h,1.8889674134149855e-05,2.096141890453333,441,441,1.0,False,False,not_selected_by_original_greedy_fallback,no_candidate_meets_sar_reference_original_greedy_step
807,807,RADIATION,5,38,523140.920497467,5696484.290406497,0.0,0.0005371086274252358,False,0.3801871257548257,ground_equivalent_excess_gamma_dose_rate,uSv/h,2.0420178527891995e-05,2.6072394360237143,441,441,1.0,False,False,not_selected_by_original_greedy_fallback,no_candidate_meets_sar_reference_original_greedy_step
3546,3546,RADIATION,22,53,523440.920497467,5696824.290406497,0.0,0.0005371086274252358,False,0.6355455977558673,ground_equivalent_excess_gamma_dose_rate,uSv/h,3.413570236768049e-05,1.5263507703677917,441,441,1.0,False,False,lower_radiation_equivalent_priority,radiation_priority
3546,3546,RADIATION,22,54,523460.920497467,5696824.290406497,0.0003357463076843155,0.0005371086274252358,False,0.5914853089593881,ground_equivalent_excess_gamma_dose_rate,uSv/h,3.176918624373685e-05,1.509722060378363,441,441,1.0,False,False,lower_radiation_equivalent_priority,radiation_priority
3546,3546,RADIATION,22,55,523480.920497467,5696824.290406497,0.0006684706329430835,0.0005371086274252358,True,0.5847533745751857,ground_equivalent_excess_gamma_dose_rate,uSv/h,3.1407608240035276e-05,0.9772656444742109,441,441,1.0,True,True,highest_radiation_equivalent_priority,radiation_priority
3546,3546,RADIATION,23,53,523440.920497467,5696844.290406497,0.0,0.0005371086274252358,False,0.4923465399168133,ground_equivalent_excess_gamma_dose_rate,uSv/h,2.6444357427228365e-05,1.6444562386988972,441,441,1.0,False,False,lower_radiation_equivalent_priority,radiation_priority
3546,3546,RADIATION,23,55,523480.920497467,5696844.290406497,0.000669366092814162,0.0005371086274252358,True,0.44184602243100934,ground_equivalent_excess_gamma_dose_rate,uSv/h,2.3731931064121936e-05,0.8978081019009122,441,441,1.0,True,False,lower_radiation_equivalent_priority,radiation_priority
3546,3546,RADIATION,24,53,523440.920497467,5696864.290406497,0.0,0.0005371086274252358,False,0.3953853601847581,ground_equivalent_excess_gamma_dose_rate,uSv/h,2.123648881128679e-05,1.9888768812516697,441,441,1.0,False,False,lower_radiation_equivalent_priority,radiation_priority
3546,3546,RADIATION,24,54,523460.920497467,5696864.290406497,0.0,0.0005371086274252358,False,0.41051386237856474,ground_equivalent_excess_gamma_dose_rate,uSv/h,2.2049053716118303e-05,1.401728487571992,441,441,1.0,False,False,lower_radiation_equivalent_priority,radiation_priority
3546,3546,RADIATION,24,55,523480.920497467,5696864.290406497,0.0,0.0005371086274252358,False,0.4166351746983758,ground_equivalent_excess_gamma_dose_rate,uSv/h,2.2377834681931793e-05,0.7625346541458958,441,441,1.0,False,False,lower_radiation_equivalent_priority,radiation_priority
3547,3547,RADIATION,21,54,523460.920497467,5696804.290406497,0.0,0.0005371086274252358,False,0.6429208991235024,ground_equivalent_excess_gamma_dose_rate,uSv/h,3.453183616712229e-05,1.9191062833878214,441,441,1.0,False,False,lower_radiation_equivalent_priority,radiation_priority
3547,3547,RADIATION,21,55,523480.920497467,5696804.290406497,0.000331704400246315,0.0005371086274252358,False,0.6116051692614884,ground_equivalent_excess_gamma_dose_rate,uSv/h,3.284984129882171e-05,1.6512727693619924,441,441,1.0,False,False,lower_radiation_equivalent_priority,radiation_priority
3547,3547,RADIATION,21,56,523500.920497467,5696804.290406497,0.0006602059408163248,0.0005371086274252358,True,0.6216116045451049,ground_equivalent_excess_gamma_dose_rate,uSv/h,3.3387295570881976e-05,0.9982287665506241,441,441,1.0,True,True,highest_radiation_equivalent_priority,radiation_priority
3547,3547,RADIATION,22,54,523460.920497467,5696824.290406497,0.0,0.0005371086274252358,False,0.5826218638639258,ground_equivalent_excess_gamma_dose_rate,uSv/h,3.129312296078858e-05,1.6681976336654794,441,441,1.0,False,False,lower_radiation_equivalent_priority,radiation_priority
3547,3547,RADIATION,22,56,523500.920497467,5696824.290406497,0.000994855803362145,0.0005371086274252358,True,0.48837175548536593,ground_equivalent_excess_gamma_dose_rate,uSv/h,2.6230868326199776e-05,0.9598271709162375,441,441,1.0,True,False,lower_radiation_equivalent_priority,radiation_priority
3547,3547,RADIATION,23,54,523460.920497467,5696844.290406497,0.0,0.0005371086274252358,False,0.4546648796956376,ground_equivalent_excess_gamma_dose_rate,uSv/h,2.442044294717839e-05,1.4414781880005112,441,441,1.0,False,False,lower_radiation_equivalent_priority,radiation_priority
3547,3547,RADIATION,23,55,523480.920497467,5696844.290406497,0.00033361978512984645,0.0005371086274252358,False,0.4507514878181885,ground_equivalent_excess_gamma_dose_rate,uSv/h,2.4210251293191016e-05,1.4282911607929,441,441,1.0,False,False,lower_radiation_equivalent_priority,radiation_priority
3547,3547,RADIATION,23,56,523500.920497467,5696844.290406497,0.00033361978512984645,0.0005371086274252358,False,0.45316795154120065,ground_equivalent_excess_gamma_dose_rate,uSv/h,2.4340041644540007e-05,0.7813634098016726,441,441,1.0,False,False,lower_radiation_equivalent_priority,radiation_priority
3548,3548,RADIATION,20,55,523480.920497467,5696784.290406497,0.0,0.0005371086274252358,False,0.7409385905466204,ground_equivalent_excess_gamma_dose_rate,uSv/h,3.979645093748841e-05,1.7881837642293295,441,441,1.0,False,False,lower_radiation_equivalent_priority,radiation_priority
3548,3548,RADIATION,20,56,523500.920497467,5696784.290406497,0.00032734862207788056,0.0005371086274252358,False,0.6623597720522435,ground_equivalent_excess_gamma_dose_rate,uSv/h,3.557591480286726e-05,1.7356631870599009,441,441,1.0,False,False,lower_radiation_equivalent_priority,radiation_priority
3548,3548,RADIATION,20,57,523520.920497467,5696784.290406497,0.00032734862207788056,0.0005371086274252358,False,0.6444520447450854,ground_equivalent_excess_gamma_dose_rate,uSv/h,3.4614075319441945e-05,1.0021659671588499,441,441,1.0,False,False,lower_radiation_equivalent_priority,radiation_priority
3548,3548,RADIATION,21,55,523480.920497467,5696804.290406497,0.0,0.0005371086274252358,False,0.6039309284176495,ground_equivalent_excess_gamma_dose_rate,uSv/h,3.2437651202205205e-05,1.779016346174042,441,441,1.0,False,False,lower_radiation_equivalent_priority,radiation_priority
3548,3548,RADIATION,21,57,523520.920497467,5696804.290406497,0.000982043070027643,0.0005371086274252358,True,0.5189254101955311,ground_equivalent_excess_gamma_dose_rate,uSv/h,2.7871931480619916e-05,0.9598271709162375,441,441,1.0,True,True,highest_radiation_equivalent_priority,radiation_priority
3548,3548,RADIATION,22,55,523480.920497467,5696824.290406497,0.0,0.0005371086274252358,False,0.5207379333887601,ground_equivalent_excess_gamma_dose_rate,uSv/h,2.7969283665069078e-05,1.713806938477056,441,441,1.0,False,False,lower_radiation_equivalent_priority,radiation_priority
3548,3548,RADIATION,22,56,523500.920497467,5696824.290406497,0.0006631514031158301,0.0005371086274252358,True,0.4855267461119391,ground_equivalent_excess_gamma_dose_rate,uSv/h,2.6078060418242454e-05,1.5229613532073853,441,441,1.0,True,False,lower_radiation_equivalent_priority,radiation_priority
3548,3548,RADIATION,22,57,523520.920497467,5696824.290406497,0.0006557265666013424,0.0005371086274252358,True,0.48141883282328307,ground_equivalent_excess_gamma_dose_rate,uSv/h,2.5857420851437263e-05,0.7813634098016726,441,441,1.0,True,False,lower_radiation_equivalent_priority,radiation_priority
3549,3549,RADIATION,20,56,523500.920497467,5696784.290406497,0.0,0.0005371086274252358,False,0.6600542721322435,ground_equivalent_excess_gamma_dose_rate,uSv/h,3.545208441311124e-05,1.7534622213115354,441,441,1.0,False,False,lower_radiation_equivalent_priority,radiation_priority
3549,3549,RADIATION,20,57,523520.920497467,5696784.290406497,0.0,0.0005371086274252358,False,0.6238741362494487,ground_equivalent_excess_gamma_dose_rate,uSv/h,3.350881810070459e-05,1.5346801312564842,441,441,1.0,False,False,lower_radiation_equivalent_priority,radiation_priority
3549,3549,RADIATION,21,56,523500.920497467,5696804.290406497,0.0,0.0005371086274252358,False,0.5502137919010769,ground_equivalent_excess_gamma_dose_rate,uSv/h,2.9552457455842176e-05,1.8094698160842693,441,441,1.0,False,False,lower_radiation_equivalent_priority,radiation_priority
3549,3549,RADIATION,21,58,523540.920497467,5696804.290406497,0.00032619494861535876,0.0005371086274252358,False,0.44707154462494464,ground_equivalent_excess_gamma_dose_rate,uSv/h,2.401259836943841e-05,0.9585123796142607,441,441,1.0,False,False,lower_radiation_equivalent_priority,radiation_priority
3549,3549,RADIATION,22,56,523500.920497467,5696824.290406497,0.00033361978512984645,0.0005371086274252358,False,0.48238555764580504,ground_equivalent_excess_gamma_dose_rate,uSv/h,2.5909344475689532e-05,1.6244209756524945,441,441,1.0,False,False,lower_radiation_equivalent_priority,radiation_priority
3549,3549,RADIATION,22,57,523520.920497467,5696824.290406497,0.00032619494861535876,0.0005371086274252358,False,0.4605116505187562,ground_equivalent_excess_gamma_dose_rate,uSv/h,2.47344780523459e-05,1.4045314695976725,441,441,1.0,False,False,lower_radiation_equivalent_priority,radiation_priority
3549,3549,RADIATION,22,58,523540.920497467,5696824.290406497,0.0006489330738383188,0.0005371086274252358,True,0.4421282373706105,ground_equivalent_excess_gamma_dose_rate,uSv/h,2.3747089072006747e-05,0.7604002877252596,441,441,1.0,True,True,highest_radiation_equivalent_priority,radiation_priority
3555,3555,RADIATION,20,54,523460.920497467,5696784.290406497,0.0,0.0005371086274252358,False,0.8632946689332954,ground_equivalent_excess_gamma_dose_rate,uSv/h,4.6368301469428564e-05,2.4062205576962263,441,441,1.0,False,True,original_greedy_fallback,no_candidate_meets_sar_reference_original_greedy_step
3555,3555,RADIATION,20,55,523480.920497467,5696784.290406497,0.0,0.0005371086274252358,False,0.7287458703286414,ground_equivalent_excess_gamma_dose_rate,uSv/h,3.914156941540254e-05,2.6201236900388296,441,441,1.0,False,False,not_selected_by_original_greedy_fallback,no_candidate_meets_sar_reference_original_greedy_step
3555,3555,RADIATION,20,56,523500.920497467,5696784.290406497,0.0,0.0005371086274252358,False,0.652114864047474,ground_equivalent_excess_gamma_dose_rate,uSv/h,3.50256519552133e-05,2.5048718226689903,441,441,1.0,False,False,not_selected_by_original_greedy_fallback,no_candidate_meets_sar_reference_original_greedy_step
3555,3555,RADIATION,21,54,523460.920497467,5696804.290406497,0.0,0.0005371086274252358,False,0.6366203952064836,ground_equivalent_excess_gamma_dose_rate,uSv/h,3.419343066602655e-05,2.619488944288264,441,441,1.0,False,False,not_selected_by_original_greedy_fallback,no_candidate_meets_sar_reference_original_greedy_step
3555,3555,RADIATION,21,56,523500.920497467,5696804.290406497,0.0,0.0005371086274252358,False,0.538957491020519,ground_equivalent_excess_gamma_dose_rate,uSv/h,2.8947871824257985e-05,2.97495074053104,441,441,1.0,False,False,not_selected_by_original_greedy_fallback,no_candidate_meets_sar_reference_original_greedy_step
3555,3555,RADIATION,22,54,523460.920497467,5696824.290406497,0.0,0.0005371086274252358,False,0.5794749962967218,ground_equivalent_excess_gamma_dose_rate,uSv/h,3.112410198881759e-05,2.4401477519239623,441,441,1.0,False,False,not_selected_by_original_greedy_fallback,no_candidate_meets_sar_reference_original_greedy_step
3555,3555,RADIATION,22,55,523480.920497467,5696824.290406497,0.0,0.0005371086274252358,False,0.51858865487193,ground_equivalent_excess_gamma_dose_rate,uSv/h,2.7853844061656163e-05,2.94180722165586,441,441,1.0,False,False,not_selected_by_original_greedy_fallback,no_candidate_meets_sar_reference_original_greedy_step
3555,3555,RADIATION,22,56,523500.920497467,5696824.290406497,0.0,0.0005371086274252358,False,0.4769775761503953,ground_equivalent_excess_gamma_dose_rate,uSv/h,2.5618877123875475e-05,2.94180722165586,441,441,1.0,False,False,not_selected_by_original_greedy_fallback,no_candidate_meets_sar_reference_original_greedy_step
3556,3556,RADIATION,19,53,523440.920497467,5696764.290406497,0.0,0.0005371086274252358,False,1.1173339102698472,ground_equivalent_excess_gamma_dose_rate,uSv/h,6.0012968292070915e-05,2.9311530553049674,441,441,1.0,False,False,not_selected_by_original_greedy_fallback,no_candidate_meets_sar_reference_original_greedy_step
3556,3556,RADIATION,19,54,523460.920497467,5696764.290406497,0.0,0.0005371086274252358,False,0.9960648856124343,ground_equivalent_excess_gamma_dose_rate,uSv/h,5.349950435377691e-05,2.6665658823469833,441,441,1.0,False,False,not_selected_by_original_greedy_fallback,no_candidate_meets_sar_reference_original_greedy_step
3556,3556,RADIATION,19,55,523480.920497467,5696764.290406497,0.0,0.0005371086274252358,False,0.8681239063472522,ground_equivalent_excess_gamma_dose_rate,uSv/h,4.662768397732066e-05,2.5553711233764624,441,441,1.0,False,False,not_selected_by_original_greedy_fallback,no_candidate_meets_sar_reference_original_greedy_step
3556,3556,RADIATION,20,53,523440.920497467,5696784.290406497,0.0,0.0005371086274252358,False,0.9552885306391641,ground_equivalent_excess_gamma_dose_rate,uSv/h,5.130937114866717e-05,2.5253179227565457,441,441,1.0,False,False,not_selected_by_original_greedy_fallback,no_candidate_meets_sar_reference_original_greedy_step
3556,3556,RADIATION,20,55,523480.920497467,5696784.290406497,0.0,0.0005371086274252358,False,0.7191007976169957,ground_equivalent_excess_gamma_dose_rate,uSv/h,3.8623524238845686e-05,3.055646121715048,441,441,1.0,False,False,not_selected_by_original_greedy_fallback,no_candidate_meets_sar_reference_original_greedy_step
3556,3556,RADIATION,21,53,523440.920497467,5696804.290406497,0.0,0.0005371086274252358,False,0.688136427954202,ground_equivalent_excess_gamma_dose_rate,uSv/h,3.6960401229978616e-05,2.488728618692729,441,441,1.0,False,True,original_greedy_fallback,no_candidate_meets_sar_reference_original_greedy_step
3556,3556,RADIATION,21,54,523460.920497467,5696804.290406497,0.0,0.0005371086274252358,False,0.6503454146627681,ground_equivalent_excess_gamma_dose_rate,uSv/h,3.4930613302181514e-05,3.0580664691210298,441,441,1.0,False,False,not_selected_by_original_greedy_fallback,no_candidate_meets_sar_reference_original_greedy_step
3556,3556,RADIATION,21,55,523480.920497467,5696804.290406497,0.0,0.0005371086274252358,False,0.605877156856227,ground_equivalent_excess_gamma_dose_rate,uSv/h,3.254218481073524e-05,3.0778618695548836,441,441,1.0,False,False,not_selected_by_original_greedy_fallback,no_candidate_meets_sar_reference_original_greedy_step
3557,3557,RADIATION,20,52,523420.920497467,5696784.290406497,0.0,0.0005371086274252358,False,1.0423355793642255,ground_equivalent_excess_gamma_dose_rate,uSv/h,5.598474323488071e-05,2.495657347857021,441,441,1.0,False,True,original_greedy_fallback,no_candidate_meets_sar_reference_original_greedy_step
3557,3557,RADIATION,20,53,523440.920497467,5696784.290406497,0.0,0.0005371086274252358,False,0.9386298142595103,ground_equivalent_excess_gamma_dose_rate,uSv/h,5.0414617119732955e-05,3.1439725221121773,441,441,1.0,False,False,not_selected_by_original_greedy_fallback,no_candidate_meets_sar_reference_original_greedy_step
3557,3557,RADIATION,20,54,523460.920497467,5696784.290406497,0.0,0.0005371086274252358,False,0.8115442912148805,ground_equivalent_excess_gamma_dose_rate,uSv/h,4.358874403492103e-05,3.213274068890331,441,441,1.0,False,False,not_selected_by_original_greedy_fallback,no_candidate_meets_sar_reference_original_greedy_step
3557,3557,RADIATION,21,52,523420.920497467,5696804.290406497,0.0,0.0005371086274252358,False,0.7202913207848299,ground_equivalent_excess_gamma_dose_rate,uSv/h,3.868746826530502e-05,2.762927445808266,441,441,1.0,False,False,not_selected_by_original_greedy_fallback,no_candidate_meets_sar_reference_original_greedy_step
3557,3557,RADIATION,21,54,523460.920497467,5696804.290406497,0.0,0.0005371086274252358,False,0.6443852788963785,ground_equivalent_excess_gamma_dose_rate,uSv/h,3.461048926810616e-05,3.2479386888957817,441,441,1.0,False,False,not_selected_by_original_greedy_fallback,no_candidate_meets_sar_reference_original_greedy_step
3557,3557,RADIATION,22,52,523420.920497467,5696824.290406497,0.0,0.0005371086274252358,False,0.65381108093997,ground_equivalent_excess_gamma_dose_rate,uSv/h,3.5116757227907704e-05,2.1627376618089116,441,441,1.0,False,False,not_selected_by_original_greedy_fallback,no_candidate_meets_sar_reference_original_greedy_step
3557,3557,RADIATION,22,53,523440.920497467,5696824.290406497,0.0,0.0005371086274252358,False,0.6320519660074233,ground_equivalent_excess_gamma_dose_rate,uSv/h,3.394805639236689e-05,2.4657046532345612,441,441,1.0,False,False,not_selected_by_original_greedy_fallback,no_candidate_meets_sar_reference_original_greedy_step
3557,3557,RADIATION,22,54,523460.920497467,5696824.290406497,0.0,0.0005371086274252358,False,0.59530532748516,ground_equivalent_excess_gamma_dose_rate,uSv/h,3.197436273444848e-05,2.6609635294878187,441,441,1.0,False,False,not_selected_by_original_greedy_fallback,no_candidate_meets_sar_reference_original_greedy_step
3558,3558,RADIATION,19,51,523400.920497467,5696764.290406497,0.0,0.0005371086274252358,False,1.285959987599396,ground_equivalent_excess_gamma_dose_rate,uSv/h,6.907002038632848e-05,3.121309841210521,441,441,1.0,False,False,not_selected_by_original_greedy_fallback,no_candidate_meets_sar_reference_original_greedy_step
3558,3558,RADIATION,19,52,523420.920497467,5696764.290406497,0.0,0.0005371086274252358,False,1.2026882392197416,ground_equivalent_excess_gamma_dose_rate,uSv/h,6.459742293877891e-05,3.1621808989165334,441,441,1.0,False,False,not_selected_by_original_greedy_fallback,no_candidate_meets_sar_reference_original_greedy_step
3558,3558,RADIATION,19,53,523440.920497467,5696764.290406497,0.0,0.0005371086274252358,False,1.1060000625419275,ground_equivalent_excess_gamma_dose_rate,uSv/h,5.940421755241197e-05,3.0814273694731598,441,441,1.0,False,False,not_selected_by_original_greedy_fallback,no_candidate_meets_sar_reference_original_greedy_step
3558,3558,RADIATION,20,51,523400.920497467,5696784.290406497,0.0,0.0005371086274252358,False,1.0820127715405856,ground_equivalent_excess_gamma_dose_rate,uSv/h,5.8115839457873916e-05,2.6445886209751146,441,441,1.0,False,False,not_selected_by_original_greedy_fallback,no_candidate_meets_sar_reference_original_greedy_step
3558,3558,RADIATION,20,53,523440.920497467,5696784.290406497,0.0,0.0005371086274252358,False,0.9096067394334424,ground_equivalent_excess_gamma_dose_rate,uSv/h,4.885576273138403e-05,3.2574714701824394,441,441,1.0,False,False,not_selected_by_original_greedy_fallback,no_candidate_meets_sar_reference_original_greedy_step
3558,3558,RADIATION,21,51,523400.920497467,5696804.290406497,0.0,0.0005371086274252358,False,0.7535536075634256,ground_equivalent_excess_gamma_dose_rate,uSv/h,4.047401438497263e-05,2.4984233925512678,441,441,1.0,False,False,not_selected_by_original_greedy_fallback,no_candidate_meets_sar_reference_original_greedy_step
3558,3558,RADIATION,21,52,523420.920497467,5696804.290406497,0.0,0.0005371086274252358,False,0.7435985834254916,ground_equivalent_excess_gamma_dose_rate,uSv/h,3.9939321449901546e-05,3.1916607333264424,441,441,1.0,False,False,not_selected_by_original_greedy_fallback,no_candidate_meets_sar_reference_original_greedy_step
3558,3558,RADIATION,21,53,523440.920497467,5696804.290406497,0.0,0.0005371086274252358,False,0.7005154632607483,ground_equivalent_excess_gamma_dose_rate,uSv/h,3.762528989621337e-05,3.3743747026114588,441,441,1.0,False,True,original_greedy_fallback,no_candidate_meets_sar_reference_original_greedy_step
3559,3559,RADIATION,20,52,523420.920497467,5696784.290406497,0.0,0.0005371086274252358,False,0.9848995593828347,ground_equivalent_excess_gamma_dose_rate,uSv/h,5.2899805049183386e-05,3.777445525357117,441,441,1.0,False,False,not_selected_by_original_greedy_fallback,no_candidate_meets_sar_reference_original_greedy_step
3559,3559,RADIATION,20,53,523440.920497467,5696784.290406497,0.0,0.0005371086274252358,False,0.8989674755288972,ground_equivalent_excess_gamma_dose_rate,uSv/h,4.8284318688125525e-05,4.051349541772721,441,441,1.0,False,False,not_selected_by_original_greedy_fallback,no_candidate_meets_sar_reference_original_greedy_step
3559,3559,RADIATION,20,54,523460.920497467,5696784.290406497,0.0,0.0005371086274252358,False,0.8041098492905756,ground_equivalent_excess_gamma_dose_rate,uSv/h,4.318943374515743e-05,3.916537896125016,441,441,1.0,False,False,not_selected_by_original_greedy_fallback,no_candidate_meets_sar_reference_original_greedy_step
3559,3559,RADIATION,21,52,523420.920497467,5696804.290406497,0.0,0.0005371086274252358,False,0.7387406264605223,ground_equivalent_excess_gamma_dose_rate,uSv/h,3.9678396390147e-05,3.9482007291087786,441,441,1.0,False,True,original_greedy_fallback,no_candidate_meets_sar_reference_original_greedy_step
3559,3559,RADIATION,21,54,523460.920497467,5696804.290406497,0.0,0.0005371086274252358,False,0.6454978181747186,ground_equivalent_excess_gamma_dose_rate,uSv/h,3.467024471258076e-05,4.1177576636493685,441,441,1.0,False,False,not_selected_by_original_greedy_fallback,no_candidate_meets_sar_reference_original_greedy_step
3559,3559,RADIATION,22,52,523420.920497467,5696824.290406497,0.0,0.0005371086274252358,False,0.6606941373549271,ground_equivalent_excess_gamma_dose_rate,uSv/h,3.548645212626051e-05,2.8932225510985057,441,441,1.0,False,False,not_selected_by_original_greedy_fallback,no_candidate_meets_sar_reference_original_greedy_step
3559,3559,RADIATION,22,53,523440.920497467,5696824.290406497,0.0,0.0005371086274252358,False,0.6365899042242319,ground_equivalent_excess_gamma_dose_rate,uSv/h,3.419179296906395e-05,3.2729529048154933,441,441,1.0,False,False,not_selected_by_original_greedy_fallback,no_candidate_meets_sar_reference_original_greedy_step
3559,3559,RADIATION,22,54,523460.920497467,5696824.290406497,0.0,0.0005371086274252358,False,0.6021145846482643,ground_equivalent_excess_gamma_dose_rate,uSv/h,3.2340093811314516e-05,3.1305603340381563,441,441,1.0,False,False,not_selected_by_original_greedy_fallback,no_candidate_meets_sar_reference_original_greedy_step
3560,3560,RADIATION,20,51,523400.920497467,5696784.290406497,0.0,0.0005371086274252358,False,1.0784566652577012,ground_equivalent_excess_gamma_dose_rate,uSv/h,5.7924837921416094e-05,3.224100959934999,441,441,1.0,False,False,not_selected_by_original_greedy_fallback,no_candidate_meets_sar_reference_original_greedy_step
3560,3560,RADIATION,20,52,523420.920497467,5696784.290406497,0.0,0.0005371086274252358,False,0.9720784403165633,ground_equivalent_excess_gamma_dose_rate,uSv/h,5.221117168280933e-05,4.436511951299694,441,441,1.0,False,False,not_selected_by_original_greedy_fallback,no_candidate_meets_sar_reference_original_greedy_step
3560,3560,RADIATION,20,53,523440.920497467,5696784.290406497,0.0,0.0005371086274252358,False,0.8901267651820317,ground_equivalent_excess_gamma_dose_rate,uSv/h,4.780947650813863e-05,4.464203856001563,441,441,1.0,False,False,not_selected_by_original_greedy_fallback,no_candidate_meets_sar_reference_original_greedy_step
3560,3560,RADIATION,21,51,523400.920497467,5696804.290406497,0.0,0.0005371086274252358,False,0.7486216054293197,ground_equivalent_excess_gamma_dose_rate,uSv/h,4.0209112295301835e-05,3.358536064422049,441,441,1.0,False,False,not_selected_by_original_greedy_fallback,no_candidate_meets_sar_reference_original_greedy_step
3560,3560,RADIATION,21,53,523440.920497467,5696804.290406497,0.0,0.0005371086274252358,False,0.6832243255410594,ground_equivalent_excess_gamma_dose_rate,uSv/h,3.669656797148909e-05,4.82469622860006,441,441,1.0,False,False,not_selected_by_original_greedy_fallback,no_candidate_meets_sar_reference_original_greedy_step
3560,3560,RADIATION,22,51,523400.920497467,5696824.290406497,0.0,0.0005371086274252358,False,0.6636073761148649,ground_equivalent_excess_gamma_dose_rate,uSv/h,3.564292469343173e-05,2.5478917213064904,441,441,1.0,False,False,not_selected_by_original_greedy_fallback,no_candidate_meets_sar_reference_original_greedy_step
3560,3560,RADIATION,22,52,523420.920497467,5696824.290406497,0.0,0.0005371086274252358,False,0.6604847960369514,ground_equivalent_excess_gamma_dose_rate,uSv/h,3.547520822346438e-05,3.5401238907535033,441,441,1.0,False,True,original_greedy_fallback,no_candidate_meets_sar_reference_original_greedy_step
3560,3560,RADIATION,22,53,523440.920497467,5696824.290406497,0.0,0.0005371086274252358,False,0.6408381645907814,ground_equivalent_excess_gamma_dose_rate,uSv/h,3.441997069850619e-05,3.6306307976027306,441,441,1.0,False,False,not_selected_by_original_greedy_fallback,no_candidate_meets_sar_reference_original_greedy_step
3561,3561,RADIATION,21,51,523400.920497467,5696804.290406497,0.0,0.0005371086274252358,False,0.746796767644801,ground_equivalent_excess_gamma_dose_rate,uSv/h,4.0111098683530175e-05,3.6289041982891805,441,441,1.0,False,False,not_selected_by_original_greedy_fallback,no_candidate_meets_sar_reference_original_greedy_step
3561,3561,RADIATION,21,52,523420.920497467,5696804.290406497,0.0,0.0005371086274252358,False,0.7173728465515493,ground_equivalent_excess_gamma_dose_rate,uSv/h,3.8530714496343694e-05,5.033097011093094,441,441,1.0,False,True,original_greedy_fallback,no_candidate_meets_sar_reference_original_greedy_step
3561,3561,RADIATION,21,53,523440.920497467,5696804.290406497,0.0,0.0005371086274252358,False,0.6797873296727512,ground_equivalent_excess_gamma_dose_rate,uSv/h,3.651196395815977e-05,5.053083576644037,441,441,1.0,False,False,not_selected_by_original_greedy_fallback,no_candidate_meets_sar_reference_original_greedy_step
3561,3561,RADIATION,22,51,523400.920497467,5696824.290406497,0.0,0.0005371086274252358,False,0.6567011108104931,ground_equivalent_excess_gamma_dose_rate,uSv/h,3.527198322560516e-05,3.182778559151589,441,441,1.0,False,False,not_selected_by_original_greedy_fallback,no_candidate_meets_sar_reference_original_greedy_step
3561,3561,RADIATION,22,53,523440.920497467,5696824.290406497,0.0,0.0005371086274252358,False,0.6258628968291364,ground_equivalent_excess_gamma_dose_rate,uSv/h,3.361563614722794e-05,4.19919031669608,441,441,1.0,False,False,not_selected_by_original_greedy_fallback,no_candidate_meets_sar_reference_original_greedy_step
3561,3561,RADIATION,23,51,523400.920497467,5696844.290406497,0.0,0.0005371086274252358,False,0.5206185390612195,ground_equivalent_excess_gamma_dose_rate,uSv/h,2.796287089273031e-05,3.1539254571617006,441,441,1.0,False,False,not_selected_by_original_greedy_fallback,no_candidate_meets_sar_reference_original_greedy_step
3561,3561,RADIATION,23,52,523420.920497467,5696844.290406497,0.0,0.0005371086274252358,False,0.5402584526393316,ground_equivalent_excess_gamma_dose_rate,uSv/h,2.901774759519932e-05,2.5300419899262323,441,441,1.0,False,False,not_selected_by_original_greedy_fallback,no_candidate_meets_sar_reference_original_greedy_step
3561,3561,RADIATION,23,53,523440.920497467,5696844.290406497,0.0,0.0005371086274252358,False,0.5397386523413187,ground_equivalent_excess_gamma_dose_rate,uSv/h,2.8989828672739223e-05,1.7517730681924917,441,441,1.0,False,False,not_selected_by_original_greedy_fallback,no_candidate_meets_sar_reference_original_greedy_step
3562,3562,RADIATION,20,51,523400.920497467,5696784.290406497,0.0,0.0005371086274252358,False,1.0749599669207892,ground_equivalent_excess_gamma_dose_rate,uSv/h,5.773702723699019e-05,3.968310002747245,441,441,1.0,False,False,not_selected_by_original_greedy_fallback,no_candidate_meets_sar_reference_original_greedy_step
3562,3562,RADIATION,20,52,523420.920497467,5696784.290406497,0.0,0.0005371086274252358,False,0.9602303288217248,ground_equivalent_excess_gamma_dose_rate,uSv/h,5.157479939255195e-05,5.225543558983627,441,441,1.0,False,True,original_greedy_fallback,no_candidate_meets_sar_reference_original_greedy_step
3562,3562,RADIATION,20,53,523440.920497467,5696784.290406497,0.0,0.0005371086274252358,False,0.8819164389209335,ground_equivalent_excess_gamma_dose_rate,uSv/h,4.736849280125744e-05,5.209064105105853,441,441,1.0,False,False,not_selected_by_original_greedy_fallback,no_candidate_meets_sar_reference_original_greedy_step
3562,3562,RADIATION,21,51,523400.920497467,5696804.290406497,0.0,0.0005371086274252358,False,0.7424862728928898,ground_equivalent_excess_gamma_dose_rate,uSv/h,3.987957829155791e-05,4.413417113311865,441,441,1.0,False,False,not_selected_by_original_greedy_fallback,no_candidate_meets_sar_reference_original_greedy_step
3562,3562,RADIATION,21,53,523440.920497467,5696804.290406497,0.0,0.0005371086274252358,False,0.6772633087116944,ground_equivalent_excess_gamma_dose_rate,uSv/h,3.6376396614761194e-05,5.847488005186978,441,441,1.0,False,False,not_selected_by_original_greedy_fallback,no_candidate_meets_sar_reference_original_greedy_step
3562,3562,RADIATION,22,51,523400.920497467,5696824.290406497,0.0,0.0005371086274252358,False,0.656856308778908,ground_equivalent_excess_gamma_dose_rate,uSv/h,3.5280319042384614e-05,3.805946618947589,441,441,1.0,False,False,not_selected_by_original_greedy_fallback,no_candidate_meets_sar_reference_original_greedy_step
3562,3562,RADIATION,22,52,523420.920497467,5696824.290406497,0.0,0.0005371086274252358,False,0.6411851963710364,ground_equivalent_excess_gamma_dose_rate,uSv/h,3.4438610074822764e-05,4.885570324371002,441,441,1.0,False,False,not_selected_by_original_greedy_fallback,no_candidate_meets_sar_reference_original_greedy_step
3562,3562,RADIATION,22,53,523440.920497467,5696824.290406497,0.0,0.0005371086274252358,False,0.6303982389214254,ground_equivalent_excess_gamma_dose_rate,uSv/h,3.3859233283837264e-05,4.846091656351077,441,441,1.0,False,False,not_selected_by_original_greedy_fallback,no_candidate_meets_sar_reference_original_greedy_step
3563,3563,RADIATION,19,51,523400.920497467,5696764.290406497,0.0,0.0005371086274252358,False,1.2832036358341683,ground_equivalent_excess_gamma_dose_rate,uSv/h,6.892197435499624e-05,3.515918903006143,441,441,1.0,False,False,not_selected_by_original_greedy_fallback,no_candidate_meets_sar_reference_original_greedy_step
3563,3563,RADIATION,19,52,523420.920497467,5696764.290406497,0.0,0.0005371086274252358,False,1.1894530694958858,ground_equivalent_excess_gamma_dose_rate,uSv/h,6.388655055436688e-05,4.029027936985908,441,441,1.0,False,False,not_selected_by_original_greedy_fallback,no_candidate_meets_sar_reference_original_greedy_step
3563,3563,RADIATION,19,53,523440.920497467,5696764.290406497,0.0,0.0005371086274252358,False,1.0954807678529428,ground_equivalent_excess_gamma_dose_rate,uSv/h,5.8839217159223746e-05,3.8421875458985832,441,441,1.0,False,False,not_selected_by_original_greedy_fallback,no_candidate_meets_sar_reference_original_greedy_step
3563,3563,RADIATION,20,51,523400.920497467,5696784.290406497,0.0,0.0005371086274252358,False,1.0628525758358174,ground_equivalent_excess_gamma_dose_rate,uSv/h,5.708672881625522e-05,4.591478062543245,441,441,1.0,False,False,not_selected_by_original_greedy_fallback,no_candidate_meets_sar_reference_original_greedy_step
3563,3563,RADIATION,20,53,523440.920497467,5696784.290406497,0.0,0.0005371086274252358,False,0.870140385763971,ground_equivalent_excess_gamma_dose_rate,uSv/h,4.673599082649517e-05,5.85596544476085,441,441,1.0,False,False,not_selected_by_original_greedy_fallback,no_candidate_meets_sar_reference_original_greedy_step
3563,3563,RADIATION,21,51,523400.920497467,5696804.290406497,0.0,0.0005371086274252358,False,0.7457702075451467,ground_equivalent_excess_gamma_dose_rate,uSv/h,4.0055961254920695e-05,4.784722172757892,441,441,1.0,False,False,not_selected_by_original_greedy_fallback,no_candidate_meets_sar_reference_original_greedy_step
3563,3563,RADIATION,21,52,523420.920497467,5696804.290406497,0.0,0.0005371086274252358,False,0.7224320022160595,ground_equivalent_excess_gamma_dose_rate,uSv/h,3.8802446111833264e-05,6.286085039901917,441,441,1.0,False,False,not_selected_by_original_greedy_fallback,no_candidate_meets_sar_reference_original_greedy_step
3563,3563,RADIATION,21,53,523440.920497467,5696804.290406497,0.0,0.0005371086274252358,False,0.6922872581926582,ground_equivalent_excess_gamma_dose_rate,uSv/h,3.718334590318385e-05,6.229071143804639,441,441,1.0,False,True,original_greedy_fallback,no_candidate_meets_sar_reference_original_greedy_step
3564,3564,RADIATION,20,52,523420.920497467,5696784.290406497,0.0,0.0005371086274252358,False,0.9321216865154179,ground_equivalent_excess_gamma_dose_rate,uSv/h,5.00650599637592e-05,6.4995174579342265,441,441,1.0,False,False,not_selected_by_original_greedy_fallback,no_candidate_meets_sar_reference_original_greedy_step
3564,3564,RADIATION,20,53,523440.920497467,5696784.290406497,0.0,0.0005371086274252358,False,0.8632729580401857,ground_equivalent_excess_gamma_dose_rate,uSv/h,4.636713535862873e-05,6.490852282605949,441,441,1.0,False,False,not_selected_by_original_greedy_fallback,no_candidate_meets_sar_reference_original_greedy_step
3564,3564,RADIATION,20,54,523460.920497467,5696784.290406497,0.0,0.0005371086274252358,False,0.7960243078538528,ground_equivalent_excess_gamma_dose_rate,uSv/h,4.275515233885062e-05,4.940280989024603,441,441,1.0,False,False,not_selected_by_original_greedy_fallback,no_candidate_meets_sar_reference_original_greedy_step
3564,3564,RADIATION,21,52,523420.920497467,5696804.290406497,0.0,0.0005371086274252358,False,0.7202188618658424,ground_equivalent_excess_gamma_dose_rate,uSv/h,3.868357643425281e-05,7.006573539179199,441,441,1.0,False,False,not_selected_by_original_greedy_fallback,no_candidate_meets_sar_reference_original_greedy_step
3564,3564,RADIATION,21,54,523460.920497467,5696804.290406497,0.0,0.0005371086274252358,False,0.6464738110946465,ground_equivalent_excess_gamma_dose_rate,uSv/h,3.472266613434068e-05,5.3197523478750455,441,441,1.0,False,False,not_selected_by_original_greedy_fallback,no_candidate_meets_sar_reference_original_greedy_step
3564,3564,RADIATION,22,52,523420.920497467,5696824.290406497,0.0,0.0005371086274252358,False,0.6451331155070852,ground_equivalent_excess_gamma_dose_rate,uSv/h,3.465065621765766e-05,5.5765765456406715,441,441,1.0,False,False,not_selected_by_original_greedy_fallback,no_candidate_meets_sar_reference_original_greedy_step
3564,3564,RADIATION,22,53,523440.920497467,5696824.290406497,0.0,0.0005371086274252358,False,0.6329692226987216,ground_equivalent_excess_gamma_dose_rate,uSv/h,3.3997323040612875e-05,5.5765765456406715,441,441,1.0,False,True,original_greedy_fallback,no_candidate_meets_sar_reference_original_greedy_step
3564,3564,RADIATION,22,54,523460.920497467,5696824.290406497,0.0,0.0005371086274252358,False,0.6077516894227678,ground_equivalent_excess_gamma_dose_rate,uSv/h,3.26428675721231e-05,4.138921639980353,441,441,1.0,False,False,not_selected_by_original_greedy_fallback,no_candidate_meets_sar_reference_original_greedy_step
3565,3565,RADIATION,21,52,523420.920497467,5696804.290406497,0.0,0.0005371086274252358,False,0.7194598315551672,ground_equivalent_excess_gamma_dose_rate,uSv/h,3.864280826141872e-05,7.291816712679167,441,441,1.0,False,False,not_selected_by_original_greedy_fallback,no_candidate_meets_sar_reference_original_greedy_step
3565,3565,RADIATION,21,53,523440.920497467,5696804.290406497,0.0,0.0005371086274252358,False,0.6826517401847484,ground_equivalent_excess_gamma_dose_rate,uSv/h,3.666581391800789e-05,7.302936540460193,441,441,1.0,False,False,not_selected_by_original_greedy_fallback,no_candidate_meets_sar_reference_original_greedy_step
3565,3565,RADIATION,21,54,523460.920497467,5696804.290406497,0.0,0.0005371086274252358,False,0.6436169294245431,ground_equivalent_excess_gamma_dose_rate,uSv/h,3.456922055508612e-05,5.614657314172872,441,441,1.0,False,False,not_selected_by_original_greedy_fallback,no_candidate_meets_sar_reference_original_greedy_step
3565,3565,RADIATION,22,52,523420.920497467,5696824.290406497,0.0,0.0005371086274252358,False,0.6419703343166706,ground_equivalent_excess_gamma_dose_rate,uSv/h,3.448078051125467e-05,6.21146338348577,441,441,1.0,False,False,not_selected_by_original_greedy_fallback,no_candidate_meets_sar_reference_original_greedy_step
3565,3565,RADIATION,22,54,523460.920497467,5696824.290406497,0.0,0.0005371086274252358,False,0.5955949133704623,ground_equivalent_excess_gamma_dose_rate,uSv/h,3.198991664218612e-05,4.7979880659229295,441,441,1.0,False,False,not_selected_by_original_greedy_fallback,no_candidate_meets_sar_reference_original_greedy_step
3565,3565,RADIATION,23,52,523420.920497467,5696844.290406497,0.0,0.0005371086274252358,False,0.544415254489391,ground_equivalent_excess_gamma_dose_rate,uSv/h,2.9241013008815725e-05,2.5468734978161884,441,441,1.0,False,False,not_selected_by_original_greedy_fallback,no_candidate_meets_sar_reference_original_greedy_step
3565,3565,RADIATION,23,53,523440.920497467,5696844.290406497,0.0,0.0005371086274252358,False,0.5431812101045183,ground_equivalent_excess_gamma_dose_rate,uSv/h,2.9174731420241643e-05,2.505056762536108,441,441,1.0,False,False,not_selected_by_original_greedy_fallback,no_candidate_meets_sar_reference_original_greedy_step
3565,3565,RADIATION,23,54,523460.920497467,5696844.290406497,0.0,0.0005371086274252358,False,0.5060543711869999,ground_equivalent_excess_gamma_dose_rate,uSv/h,2.7180616871079033e-05,2.2361082875010356,441,441,1.0,False,True,original_greedy_fallback,no_candidate_meets_sar_reference_original_greedy_step
3572,3572,RADIATION,20,52,523420.920497467,5696784.290406497,0.0,0.0005371086274252358,False,0.93056702530615,ground_equivalent_excess_gamma_dose_rate,uSv/h,4.9981557768937084e-05,7.374026981285008,441,441,1.0,False,False,not_selected_by_original_greedy_fallback,no_candidate_meets_sar_reference_original_greedy_step
3572,3572,RADIATION,20,53,523440.920497467,5696784.290406497,0.0,0.0005371086274252358,False,0.8555554380254684,ground_equivalent_excess_gamma_dose_rate,uSv/h,4.595262070040557e-05,7.446348037000954,441,441,1.0,False,False,not_selected_by_original_greedy_fallback,no_candidate_meets_sar_reference_original_greedy_step
3572,3572,RADIATION,20,54,523460.920497467,5696784.290406497,0.0,0.0005371086274252358,False,0.783024164519472,ground_equivalent_excess_gamma_dose_rate,uSv/h,4.2056903424584564e-05,6.601962459113424,441,441,1.0,False,False,not_selected_by_original_greedy_fallback,no_candidate_meets_sar_reference_original_greedy_step
3572,3572,RADIATION,21,52,523420.920497467,5696804.290406497,0.0,0.0005371086274252358,False,0.7173661644989131,ground_equivalent_excess_gamma_dose_rate,uSv/h,3.853035559753171e-05,8.30427500939701,441,441,1.0,False,False,not_selected_by_original_greedy_fallback,no_candidate_meets_sar_reference_original_greedy_step
3572,3572,RADIATION,21,54,523460.920497467,5696804.290406497,0.0,0.0005371086274252358,False,0.6288785942419638,ground_equivalent_excess_gamma_dose_rate,uSv/h,3.3777611857041295e-05,8.087978960232306,441,441,1.0,False,False,not_selected_by_original_greedy_fallback,no_candidate_meets_sar_reference_original_greedy_step
3572,3572,RADIATION,22,52,523420.920497467,5696824.290406497,0.0,0.0005371086274252358,False,0.6414876154012907,ground_equivalent_excess_gamma_dose_rate,uSv/h,3.445485326184748e-05,7.160625274705602,441,441,1.0,False,False,not_selected_by_original_greedy_fallback,no_candidate_meets_sar_reference_original_greedy_step
3572,3572,RADIATION,22,53,523440.920497467,5696824.290406497,0.0,0.0005371086274252358,False,0.6164042112965857,ground_equivalent_excess_gamma_dose_rate,uSv/h,3.3107601986864416e-05,7.813681162663068,441,441,1.0,False,False,not_selected_by_original_greedy_fallback,no_candidate_meets_sar_reference_original_greedy_step
3572,3572,RADIATION,22,54,523460.920497467,5696824.290406497,0.0,0.0005371086274252358,False,0.5720294850925879,ground_equivalent_excess_gamma_dose_rate,uSv/h,3.072419715848442e-05,7.653888520758359,441,441,1.0,False,True,original_greedy_fallback,no_candidate_meets_sar_reference_original_greedy_step
3598,3598,RADIATION,20,49,523360.920497467,5696784.290406497,0.0,0.0005371086274252358,False,1.0767625480145293,ground_equivalent_excess_gamma_dose_rate,uSv/h,5.783384542269833e-05,2.4867203311990815,441,441,1.0,False,False,not_selected_by_original_greedy_fallback,no_candidate_meets_sar_reference_original_greedy_step
3598,3598,RADIATION,20,50,523380.920497467,5696784.290406497,0.0,0.0005371086274252358,False,1.0794954369321526,ground_equivalent_excess_gamma_dose_rate,uSv/h,5.798063124424337e-05,2.8657418572832825,441,441,1.0,False,False,not_selected_by_original_greedy_fallback,no_candidate_meets_sar_reference_original_greedy_step
3598,3598,RADIATION,20,51,523400.920497467,5696784.290406497,0.0,0.0005371086274252358,False,1.0453574416216347,ground_equivalent_excess_gamma_dose_rate,uSv/h,5.6147050063815225e-05,5.088410276131313,441,441,1.0,False,False,not_selected_by_original_greedy_fallback,no_candidate_meets_sar_reference_original_greedy_step
3598,3598,RADIATION,21,49,523360.920497467,5696804.290406497,0.0,0.0005371086274252358,False,0.7758140296016397,ground_equivalent_excess_gamma_dose_rate,uSv/h,4.166964085765779e-05,3.1758293430134588,441,441,1.0,False,True,original_greedy_fallback,no_candidate_meets_sar_reference_original_greedy_step
3598,3598,RADIATION,21,51,523400.920497467,5696804.290406497,0.0,0.0005371086274252358,False,0.734249279760077,ground_equivalent_excess_gamma_dose_rate,uSv/h,3.943716228399029e-05,5.500750419480378,441,441,1.0,False,False,not_selected_by_original_greedy_fallback,no_candidate_meets_sar_reference_original_greedy_step
3598,3598,RADIATION,22,49,523360.920497467,5696824.290406497,0.0,0.0005371086274252358,False,0.6386307399836458,ground_equivalent_excess_gamma_dose_rate,uSv/h,3.430140801841787e-05,4.401192511346559,441,441,1.0,False,False,not_selected_by_original_greedy_fallback,no_candidate_meets_sar_reference_original_greedy_step
3598,3598,RADIATION,22,50,523380.920497467,5696824.290406497,0.0,0.0005371086274252358,False,0.6548604853894345,ground_equivalent_excess_gamma_dose_rate,uSv/h,3.5173121646254285e-05,4.307900064841026,441,441,1.0,False,False,not_selected_by_original_greedy_fallback,no_candidate_meets_sar_reference_original_greedy_step
3598,3598,RADIATION,22,51,523400.920497467,5696824.290406497,0.0,0.0005371086274252358,False,0.6547906394846824,ground_equivalent_excess_gamma_dose_rate,uSv/h,3.516937016245101e-05,4.887706741816457,441,441,1.0,False,False,not_selected_by_original_greedy_fallback,no_candidate_meets_sar_reference_original_greedy_step
3599,3599,RADIATION,20,48,523340.920497467,5696784.290406497,0.0,0.0005371086274252358,False,0.9762483827114513,ground_equivalent_excess_gamma_dose_rate,uSv/h,5.24351428864254e-05,2.4863535697899684,441,441,1.0,False,False,not_selected_by_original_greedy_fallback,no_candidate_meets_sar_reference_original_greedy_step
3599,3599,RADIATION,20,49,523360.920497467,5696784.290406497,0.0,0.0005371086274252358,False,1.0570887844772157,ground_equivalent_excess_gamma_dose_rate,uSv/h,5.677715060971682e-05,3.145786757141658,441,441,1.0,False,False,not_selected_by_original_greedy_fallback,no_candidate_meets_sar_reference_original_greedy_step
3599,3599,RADIATION,20,50,523380.920497467,5696784.290406497,0.0,0.0005371086274252358,False,1.0653701835694307,ground_equivalent_excess_gamma_dose_rate,uSv/h,5.722195169967484e-05,3.145786757141658,441,441,1.0,False,False,not_selected_by_original_greedy_fallback,no_candidate_meets_sar_reference_original_greedy_step
3599,3599,RADIATION,21,48,523340.920497467,5696804.290406497,0.0,0.0005371086274252358,False,0.781823039060755,ground_equivalent_excess_gamma_dose_rate,uSv/h,4.199238993993486e-05,2.807135036132316,441,441,1.0,False,False,not_selected_by_original_greedy_fallback,no_candidate_meets_sar_reference_original_greedy_step
3599,3599,RADIATION,21,50,523380.920497467,5696804.290406497,0.0,0.0005371086274252358,False,0.7328886666940212,ground_equivalent_excess_gamma_dose_rate,uSv/h,3.9364082582353687e-05,3.917328832917529,441,441,1.0,False,False,not_selected_by_original_greedy_fallback,no_candidate_meets_sar_reference_original_greedy_step
3599,3599,RADIATION,22,48,523340.920497467,5696824.290406497,0.0,0.0005371086274252358,False,0.63156401273506,ground_equivalent_excess_gamma_dose_rate,uSv/h,3.392184800113022e-05,4.183444892726835,441,441,1.0,False,False,not_selected_by_original_greedy_fallback,no_candidate_meets_sar_reference_original_greedy_step
3599,3599,RADIATION,22,49,523360.920497467,5696824.290406497,0.0,0.0005371086274252358,False,0.6488752512182182,ground_equivalent_excess_gamma_dose_rate,uSv/h,3.4851649555202224e-05,4.532057712534926,441,441,1.0,False,True,original_greedy_fallback,no_candidate_meets_sar_reference_original_greedy_step
3599,3599,RADIATION,22,50,523380.920497467,5696824.290406497,0.0,0.0005371086274252358,False,0.6568875655342892,ground_equivalent_excess_gamma_dose_rate,uSv/h,3.5281997869682666e-05,4.415216894334621,441,441,1.0,False,False,not_selected_by_original_greedy_fallback,no_candidate_meets_sar_reference_original_greedy_step
