step_index,x_m,y_m,platform_altitude_m,value_reference_height_m,value,quantity,unit,sampling_contract
0,522960.9204974669,5696984.290406497,50.0,1.0,0.0817319123745831,ground_equivalent_excess_gamma_dose_rate,uSv/h,one_noise_free_measurement_per_executed_route_node
1,522940.9204974669,5696964.290406497,50.0,1.0,0.0810583379729557,ground_equivalent_excess_gamma_dose_rate,uSv/h,one_noise_free_measurement_per_executed_route_node
2,522920.9204974669,5696944.290406497,50.0,1.0,0.07998422980874809,ground_equivalent_excess_gamma_dose_rate,uSv/h,one_noise_free_measurement_per_executed_route_node
3,522900.9204974669,5696924.290406497,50.0,1.0,0.07854142064182429,ground_equivalent_excess_gamma_dose_rate,uSv/h,one_noise_free_measurement_per_executed_route_node
4,522880.9204974669,5696904.290406497,50.0,1.0,0.07677068022648659,ground_equivalent_excess_gamma_dose_rate,uSv/h,one_noise_free_measurement_per_executed_route_node
5,522860.9204974669,5696884.290406497,50.0,1.0,0.07471899886671757,ground_equivalent_excess_gamma_dose_rate,uSv/h,one_noise_free_measurement_per_executed_route_node
6,522840.9204974669,5696864.290406497,50.0,1.0,0.07243674733333022,ground_equivalent_excess_gamma_dose_rate,uSv/h,one_noise_free_measurement_per_executed_route_node
7,522820.9204974669,5696844.290406497,50.0,1.0,0.06997499802758961,ground_equivalent_excess_gamma_dose_rate,uSv/h,one_noise_free_measurement_per_executed_route_node
8,522800.9204974669,5696824.290406497,50.0,1.0,0.06738322279148318,ground_equivalent_excess_gamma_dose_rate,uSv/h,one_noise_free_measurement_per_executed_route_node
9,522820.9204974669,5696804.290406497,50.0,1.0,0.0734052957148022,ground_equivalent_excess_gamma_dose_rate,uSv/h,one_noise_free_measurement_per_executed_route_node
10,522840.9204974669,5696784.290406497,50.0,1.0,0.08019566913445852,ground_equivalent_excess_gamma_dose_rate,uSv/h,one_noise_free_measurement_per_executed_route_node
11,522820.9204974669,5696764.290406497,50.0,1.0,0.07643406302819877,ground_equivalent_excess_gamma_dose_rate,uSv/h,one_noise_free_measurement_per_executed_route_node
12,522840.9204974669,5696744.290406497,50.0,1.0,0.08337725882544872,ground_equivalent_excess_gamma_dose_rate,uSv/h,one_noise_free_measurement_per_executed_route_node
13,522860.9204974669,5696724.290406497,50.0,1.0,0.09117279549972718,ground_equivalent_excess_gamma_dose_rate,uSv/h,one_noise_free_measurement_per_executed_route_node
14,522840.9204974669,5696704.290406497,50.0,1.0,0.08586746225507308,ground_equivalent_excess_gamma_dose_rate,uSv/h,one_noise_free_measurement_per_executed_route_node
15,522820.9204974669,5696684.290406497,50.0,1.0,0.08072637186230741,ground_equivalent_excess_gamma_dose_rate,uSv/h,one_noise_free_measurement_per_executed_route_node
16,522800.9204974669,5696664.290406497,50.0,1.0,0.07579664307538259,ground_equivalent_excess_gamma_dose_rate,uSv/h,one_noise_free_measurement_per_executed_route_node
17,522820.9204974669,5696644.290406497,50.0,1.0,0.08175476870889503,ground_equivalent_excess_gamma_dose_rate,uSv/h,one_noise_free_measurement_per_executed_route_node
18,522820.9204974669,5696624.290406497,50.0,1.0,0.0819551833276439,ground_equivalent_excess_gamma_dose_rate,uSv/h,one_noise_free_measurement_per_executed_route_node
19,522820.9204974669,5696604.290406497,50.0,1.0,0.08194115877916802,ground_equivalent_excess_gamma_dose_rate,uSv/h,one_noise_free_measurement_per_executed_route_node
20,522800.9204974669,5696584.290406497,50.0,1.0,0.07611769343711744,ground_equivalent_excess_gamma_dose_rate,uSv/h,one_noise_free_measurement_per_executed_route_node
21,522800.9204974669,5696564.290406497,50.0,1.0,0.07573670031801966,ground_equivalent_excess_gamma_dose_rate,uSv/h,one_noise_free_measurement_per_executed_route_node
22,522780.9204974669,5696544.290406497,50.0,1.0,0.07025773069281022,ground_equivalent_excess_gamma_dose_rate,uSv/h,one_noise_free_measurement_per_executed_route_node
23,522760.9204974669,5696544.290406497,50.0,1.0,0.06580293062286352,ground_equivalent_excess_gamma_dose_rate,uSv/h,one_noise_free_measurement_per_executed_route_node
24,522740.9204974669,5696544.290406497,50.0,1.0,0.06175708559106147,ground_equivalent_excess_gamma_dose_rate,uSv/h,one_noise_free_measurement_per_executed_route_node
25,522720.9204974669,5696544.290406497,50.0,1.0,0.05807181920492599,ground_equivalent_excess_gamma_dose_rate,uSv/h,one_noise_free_measurement_per_executed_route_node
26,522700.9204974669,5696544.290406497,50.0,1.0,0.0547056762005903,ground_equivalent_excess_gamma_dose_rate,uSv/h,one_noise_free_measurement_per_executed_route_node
27,522680.9204974669,5696544.290406497,50.0,1.0,0.05162297153623158,ground_equivalent_excess_gamma_dose_rate,uSv/h,one_noise_free_measurement_per_executed_route_node
28,522660.9204974669,5696544.290406497,50.0,1.0,0.04879285596420735,ground_equivalent_excess_gamma_dose_rate,uSv/h,one_noise_free_measurement_per_executed_route_node
29,522640.9204974669,5696544.290406497,50.0,1.0,0.04618855292317897,ground_equivalent_excess_gamma_dose_rate,uSv/h,one_noise_free_measurement_per_executed_route_node
30,522620.9204974669,5696564.290406497,50.0,1.0,0.043975605782102245,ground_equivalent_excess_gamma_dose_rate,uSv/h,one_noise_free_measurement_per_executed_route_node
31,522600.9204974669,5696564.290406497,50.0,1.0,0.041737163436668945,ground_equivalent_excess_gamma_dose_rate,uSv/h,one_noise_free_measurement_per_executed_route_node
32,522580.9204974669,5696584.290406497,50.0,1.0,0.03976940668195711,ground_equivalent_excess_gamma_dose_rate,uSv/h,one_noise_free_measurement_per_executed_route_node
33,522600.9204974669,5696604.290406497,50.0,1.0,0.04191240313982589,ground_equivalent_excess_gamma_dose_rate,uSv/h,one_noise_free_measurement_per_executed_route_node
34,522620.9204974669,5696624.290406497,50.0,1.0,0.044174265050524464,ground_equivalent_excess_gamma_dose_rate,uSv/h,one_noise_free_measurement_per_executed_route_node
35,522620.9204974669,5696644.290406497,50.0,1.0,0.04411597357118857,ground_equivalent_excess_gamma_dose_rate,uSv/h,one_noise_free_measurement_per_executed_route_node
36,522640.9204974669,5696664.290406497,50.0,1.0,0.04642125607387576,ground_equivalent_excess_gamma_dose_rate,uSv/h,one_noise_free_measurement_per_executed_route_node
37,522640.9204974669,5696684.290406497,50.0,1.0,0.04621976124777674,ground_equivalent_excess_gamma_dose_rate,uSv/h,one_noise_free_measurement_per_executed_route_node
38,522640.9204974669,5696704.290406497,50.0,1.0,0.04595233680658828,ground_equivalent_excess_gamma_dose_rate,uSv/h,one_noise_free_measurement_per_executed_route_node
39,522660.9204974669,5696724.290406497,50.0,1.0,0.04816025851754696,ground_equivalent_excess_gamma_dose_rate,uSv/h,one_noise_free_measurement_per_executed_route_node
40,522660.9204974669,5696744.290406497,50.0,1.0,0.04772376774986575,ground_equivalent_excess_gamma_dose_rate,uSv/h,one_noise_free_measurement_per_executed_route_node
41,522660.9204974669,5696764.290406497,50.0,1.0,0.047223647672642866,ground_equivalent_excess_gamma_dose_rate,uSv/h,one_noise_free_measurement_per_executed_route_node
42,522660.9204974669,5696784.290406497,50.0,1.0,0.046664115404868756,ground_equivalent_excess_gamma_dose_rate,uSv/h,one_noise_free_measurement_per_executed_route_node
43,522660.9204974669,5696804.290406497,50.0,1.0,0.046049728554197256,ground_equivalent_excess_gamma_dose_rate,uSv/h,one_noise_free_measurement_per_executed_route_node
44,522660.9204974669,5696824.290406497,50.0,1.0,0.04538529940675207,ground_equivalent_excess_gamma_dose_rate,uSv/h,one_noise_free_measurement_per_executed_route_node
45,522640.9204974669,5696844.290406497,50.0,1.0,0.042482579568478146,ground_equivalent_excess_gamma_dose_rate,uSv/h,one_noise_free_measurement_per_executed_route_node
46,522640.9204974669,5696864.290406497,50.0,1.0,0.04180432156517988,ground_equivalent_excess_gamma_dose_rate,uSv/h,one_noise_free_measurement_per_executed_route_node
47,522620.9204974669,5696884.290406497,50.0,1.0,0.03918116706424207,ground_equivalent_excess_gamma_dose_rate,uSv/h,one_noise_free_measurement_per_executed_route_node
48,522600.9204974669,5696884.290406497,50.0,1.0,0.03739429338709027,ground_equivalent_excess_gamma_dose_rate,uSv/h,one_noise_free_measurement_per_executed_route_node
49,522580.9204974669,5696884.290406497,50.0,1.0,0.03572241165278758,ground_equivalent_excess_gamma_dose_rate,uSv/h,one_noise_free_measurement_per_executed_route_node
50,522560.9204974669,5696884.290406497,50.0,1.0,0.034156256463309054,ground_equivalent_excess_gamma_dose_rate,uSv/h,one_noise_free_measurement_per_executed_route_node
51,522540.9204974669,5696864.290406497,50.0,1.0,0.03313575156342724,ground_equivalent_excess_gamma_dose_rate,uSv/h,one_noise_free_measurement_per_executed_route_node
52,522520.9204974669,5696864.290406497,50.0,1.0,0.031719381092103954,ground_equivalent_excess_gamma_dose_rate,uSv/h,one_noise_free_measurement_per_executed_route_node
53,522500.9204974669,5696844.290406497,50.0,1.0,0.030746396012647587,ground_equivalent_excess_gamma_dose_rate,uSv/h,one_noise_free_measurement_per_executed_route_node
54,522500.9204974669,5696824.290406497,50.0,1.0,0.031080779232272288,ground_equivalent_excess_gamma_dose_rate,uSv/h,one_noise_free_measurement_per_executed_route_node
55,522500.9204974669,5696804.290406497,50.0,1.0,0.03139095136283038,ground_equivalent_excess_gamma_dose_rate,uSv/h,one_noise_free_measurement_per_executed_route_node
56,522500.9204974669,5696784.290406497,50.0,1.0,0.03167523781419718,ground_equivalent_excess_gamma_dose_rate,uSv/h,one_noise_free_measurement_per_executed_route_node
57,522480.9204974669,5696764.290406497,50.0,1.0,0.030554808339002593,ground_equivalent_excess_gamma_dose_rate,uSv/h,one_noise_free_measurement_per_executed_route_node
58,522500.9204974669,5696744.290406497,50.0,1.0,0.03215994654778381,ground_equivalent_excess_gamma_dose_rate,uSv/h,one_noise_free_measurement_per_executed_route_node
59,522520.9204974669,5696724.290406497,50.0,1.0,0.03386950450424883,ground_equivalent_excess_gamma_dose_rate,uSv/h,one_noise_free_measurement_per_executed_route_node
60,522520.9204974669,5696704.290406497,50.0,1.0,0.03405162581758267,ground_equivalent_excess_gamma_dose_rate,uSv/h,one_noise_free_measurement_per_executed_route_node
61,522540.9204974669,5696684.290406497,50.0,1.0,0.03585041566415792,ground_equivalent_excess_gamma_dose_rate,uSv/h,one_noise_free_measurement_per_executed_route_node
62,522540.9204974669,5696664.290406497,50.0,1.0,0.03597152352728461,ground_equivalent_excess_gamma_dose_rate,uSv/h,one_noise_free_measurement_per_executed_route_node
63,522560.9204974669,5696644.290406497,50.0,1.0,0.0378468564109751,ground_equivalent_excess_gamma_dose_rate,uSv/h,one_noise_free_measurement_per_executed_route_node
64,522560.9204974669,5696624.290406497,50.0,1.0,0.03788974990531943,ground_equivalent_excess_gamma_dose_rate,uSv/h,one_noise_free_measurement_per_executed_route_node
65,522540.9204974669,5696604.290406497,50.0,1.0,0.03608801199211922,ground_equivalent_excess_gamma_dose_rate,uSv/h,one_noise_free_measurement_per_executed_route_node
66,522520.9204974669,5696624.290406497,50.0,1.0,0.03441685990196239,ground_equivalent_excess_gamma_dose_rate,uSv/h,one_noise_free_measurement_per_executed_route_node
67,522500.9204974669,5696644.290406497,50.0,1.0,0.032824530177069766,ground_equivalent_excess_gamma_dose_rate,uSv/h,one_noise_free_measurement_per_executed_route_node
68,522480.9204974669,5696664.290406497,50.0,1.0,0.03131015954462257,ground_equivalent_excess_gamma_dose_rate,uSv/h,one_noise_free_measurement_per_executed_route_node
69,522480.9204974669,5696684.290406497,50.0,1.0,0.03121836544748488,ground_equivalent_excess_gamma_dose_rate,uSv/h,one_noise_free_measurement_per_executed_route_node
70,522460.9204974669,5696704.290406497,50.0,1.0,0.02976020361714299,ground_equivalent_excess_gamma_dose_rate,uSv/h,one_noise_free_measurement_per_executed_route_node
71,522460.9204974669,5696724.290406497,50.0,1.0,0.029621000264164865,ground_equivalent_excess_gamma_dose_rate,uSv/h,one_noise_free_measurement_per_executed_route_node
72,522440.9204974669,5696744.290406497,50.0,1.0,0.028228392088282817,ground_equivalent_excess_gamma_dose_rate,uSv/h,one_noise_free_measurement_per_executed_route_node
73,522420.9204974669,5696764.290406497,50.0,1.0,0.026914408193256356,ground_equivalent_excess_gamma_dose_rate,uSv/h,one_noise_free_measurement_per_executed_route_node
74,522440.9204974669,5696784.290406497,50.0,1.0,0.027854261316971662,ground_equivalent_excess_gamma_dose_rate,uSv/h,one_noise_free_measurement_per_executed_route_node
75,522440.9204974669,5696804.290406497,50.0,1.0,0.027634186610222183,ground_equivalent_excess_gamma_dose_rate,uSv/h,one_noise_free_measurement_per_executed_route_node
76,522440.9204974669,5696824.290406497,50.0,1.0,0.027393528194065292,ground_equivalent_excess_gamma_dose_rate,uSv/h,one_noise_free_measurement_per_executed_route_node
77,522440.9204974669,5696844.290406497,50.0,1.0,0.027133445605687395,ground_equivalent_excess_gamma_dose_rate,uSv/h,one_noise_free_measurement_per_executed_route_node
78,522460.9204974669,5696864.290406497,50.0,1.0,0.027963256847115953,ground_equivalent_excess_gamma_dose_rate,uSv/h,one_noise_free_measurement_per_executed_route_node
79,522480.9204974669,5696884.290406497,50.0,1.0,0.028792271241771028,ground_equivalent_excess_gamma_dose_rate,uSv/h,one_noise_free_measurement_per_executed_route_node
80,522480.9204974669,5696904.290406497,50.0,1.0,0.02842729860738427,ground_equivalent_excess_gamma_dose_rate,uSv/h,one_noise_free_measurement_per_executed_route_node
81,522480.9204974669,5696924.290406497,50.0,1.0,0.0280462693896274,ground_equivalent_excess_gamma_dose_rate,uSv/h,one_noise_free_measurement_per_executed_route_node
82,522480.9204974669,5696944.290406497,50.0,1.0,0.02765083156943554,ground_equivalent_excess_gamma_dose_rate,uSv/h,one_noise_free_measurement_per_executed_route_node
83,522480.9204974669,5696964.290406497,50.0,1.0,0.027242619795858375,ground_equivalent_excess_gamma_dose_rate,uSv/h,one_noise_free_measurement_per_executed_route_node
84,522500.9204974669,5696984.290406497,50.0,1.0,0.027878824238272787,ground_equivalent_excess_gamma_dose_rate,uSv/h,one_noise_free_measurement_per_executed_route_node
85,522520.9204974669,5696984.290406497,50.0,1.0,0.028993965058584786,ground_equivalent_excess_gamma_dose_rate,uSv/h,one_noise_free_measurement_per_executed_route_node
86,522540.9204974669,5696984.290406497,50.0,1.0,0.03017287219914394,ground_equivalent_excess_gamma_dose_rate,uSv/h,one_noise_free_measurement_per_executed_route_node
87,522560.9204974669,5696984.290406497,50.0,1.0,0.031420089508532006,ground_equivalent_excess_gamma_dose_rate,uSv/h,one_noise_free_measurement_per_executed_route_node
88,522580.9204974669,5696984.290406497,50.0,1.0,0.032740523812590905,ground_equivalent_excess_gamma_dose_rate,uSv/h,one_noise_free_measurement_per_executed_route_node
89,522600.9204974669,5696964.290406497,50.0,1.0,0.03482173649830961,ground_equivalent_excess_gamma_dose_rate,uSv/h,one_noise_free_measurement_per_executed_route_node
90,522600.9204974669,5696944.290406497,50.0,1.0,0.035491471333942315,ground_equivalent_excess_gamma_dose_rate,uSv/h,one_noise_free_measurement_per_executed_route_node
91,522600.9204974669,5696924.290406497,50.0,1.0,0.03614561712793685,ground_equivalent_excess_gamma_dose_rate,uSv/h,one_noise_free_measurement_per_executed_route_node
92,522620.9204974669,5696904.290406497,50.0,1.0,0.03850837426012907,ground_equivalent_excess_gamma_dose_rate,uSv/h,one_noise_free_measurement_per_executed_route_node
93,522640.9204974669,5696924.290406497,50.0,1.0,0.039590308853125006,ground_equivalent_excess_gamma_dose_rate,uSv/h,one_noise_free_measurement_per_executed_route_node
94,522660.9204974669,5696904.290406497,50.0,1.0,0.042327661269281225,ground_equivalent_excess_gamma_dose_rate,uSv/h,one_noise_free_measurement_per_executed_route_node
95,522680.9204974669,5696904.290406497,50.0,1.0,0.044441224380440986,ground_equivalent_excess_gamma_dose_rate,uSv/h,one_noise_free_measurement_per_executed_route_node
96,522700.9204974669,5696904.290406497,50.0,1.0,0.04670704177390664,ground_equivalent_excess_gamma_dose_rate,uSv/h,one_noise_free_measurement_per_executed_route_node
97,522720.9204974669,5696904.290406497,50.0,1.0,0.04913892521336738,ground_equivalent_excess_gamma_dose_rate,uSv/h,one_noise_free_measurement_per_executed_route_node
98,522740.9204974669,5696904.290406497,50.0,1.0,0.051752111616277185,ground_equivalent_excess_gamma_dose_rate,uSv/h,one_noise_free_measurement_per_executed_route_node
99,522760.9204974669,5696884.290406497,50.0,1.0,0.05592406714491577,ground_equivalent_excess_gamma_dose_rate,uSv/h,one_noise_free_measurement_per_executed_route_node
100,522780.9204974669,5696864.290406497,50.0,1.0,0.060591757316973804,ground_equivalent_excess_gamma_dose_rate,uSv/h,one_noise_free_measurement_per_executed_route_node
101,522760.9204974669,5696844.290406497,50.0,1.0,0.058528936800477105,ground_equivalent_excess_gamma_dose_rate,uSv/h,one_noise_free_measurement_per_executed_route_node
102,522740.9204974669,5696824.290406497,50.0,1.0,0.05639764578909551,ground_equivalent_excess_gamma_dose_rate,uSv/h,one_noise_free_measurement_per_executed_route_node
103,522720.9204974669,5696804.290406497,50.0,1.0,0.05422726657187538,ground_equivalent_excess_gamma_dose_rate,uSv/h,one_noise_free_measurement_per_executed_route_node
104,522720.9204974669,5696784.290406497,50.0,1.0,0.05508125770591776,ground_equivalent_excess_gamma_dose_rate,uSv/h,one_noise_free_measurement_per_executed_route_node
105,522720.9204974669,5696764.290406497,50.0,1.0,0.05586253838386673,ground_equivalent_excess_gamma_dose_rate,uSv/h,one_noise_free_measurement_per_executed_route_node
106,522720.9204974669,5696744.290406497,50.0,1.0,0.05656373331521536,ground_equivalent_excess_gamma_dose_rate,uSv/h,one_noise_free_measurement_per_executed_route_node
107,522720.9204974669,5696724.290406497,50.0,1.0,0.05717794509095575,ground_equivalent_excess_gamma_dose_rate,uSv/h,one_noise_free_measurement_per_executed_route_node
108,522740.9204974669,5696704.290406497,50.0,1.0,0.06133551878864624,ground_equivalent_excess_gamma_dose_rate,uSv/h,one_noise_free_measurement_per_executed_route_node
109,522760.9204974669,5696684.290406497,50.0,1.0,0.06586629086731782,ground_equivalent_excess_gamma_dose_rate,uSv/h,one_noise_free_measurement_per_executed_route_node
110,522740.9204974669,5696664.290406497,50.0,1.0,0.062173806478954374,ground_equivalent_excess_gamma_dose_rate,uSv/h,one_noise_free_measurement_per_executed_route_node
111,522760.9204974669,5696644.290406497,50.0,1.0,0.06654931969828543,ground_equivalent_excess_gamma_dose_rate,uSv/h,one_noise_free_measurement_per_executed_route_node
112,522760.9204974669,5696624.290406497,50.0,1.0,0.06668205684693085,ground_equivalent_excess_gamma_dose_rate,uSv/h,one_noise_free_measurement_per_executed_route_node
113,522760.9204974669,5696604.290406497,50.0,1.0,0.06667277214725115,ground_equivalent_excess_gamma_dose_rate,uSv/h,one_noise_free_measurement_per_executed_route_node
114,522740.9204974669,5696604.290406497,50.0,1.0,0.06252263005251019,ground_equivalent_excess_gamma_dose_rate,uSv/h,one_noise_free_measurement_per_executed_route_node
115,522720.9204974669,5696624.290406497,50.0,1.0,0.058755432452432366,ground_equivalent_excess_gamma_dose_rate,uSv/h,one_noise_free_measurement_per_executed_route_node
116,522700.9204974669,5696644.290406497,50.0,1.0,0.05522056046434415,ground_equivalent_excess_gamma_dose_rate,uSv/h,one_noise_free_measurement_per_executed_route_node
117,522680.9204974669,5696644.290406497,50.0,1.0,0.05208121952013628,ground_equivalent_excess_gamma_dose_rate,uSv/h,one_noise_free_measurement_per_executed_route_node
118,522680.9204974669,5696624.290406497,50.0,1.0,0.05216247997566553,ground_equivalent_excess_gamma_dose_rate,uSv/h,one_noise_free_measurement_per_executed_route_node
119,522680.9204974669,5696604.290406497,50.0,1.0,0.0521567982597525,ground_equivalent_excess_gamma_dose_rate,uSv/h,one_noise_free_measurement_per_executed_route_node
120,522700.9204974669,5696584.290406497,50.0,1.0,0.05520146267885628,ground_equivalent_excess_gamma_dose_rate,uSv/h,one_noise_free_measurement_per_executed_route_node
121,522680.9204974669,5696584.290406497,50.0,1.0,0.05206423113025255,ground_equivalent_excess_gamma_dose_rate,uSv/h,one_noise_free_measurement_per_executed_route_node
122,522660.9204974669,5696604.290406497,50.0,1.0,0.04926948517031879,ground_equivalent_excess_gamma_dose_rate,uSv/h,one_noise_free_measurement_per_executed_route_node
123,522640.9204974669,5696584.290406497,50.0,1.0,0.046541481038782,ground_equivalent_excess_gamma_dose_rate,uSv/h,one_noise_free_measurement_per_executed_route_node
124,522620.9204974669,5696564.290406497,50.0,1.0,0.043975605782102245,ground_equivalent_excess_gamma_dose_rate,uSv/h,one_noise_free_measurement_per_executed_route_node
125,522600.9204974669,5696544.290406497,50.0,1.0,0.04156699104698197,ground_equivalent_excess_gamma_dose_rate,uSv/h,one_noise_free_measurement_per_executed_route_node
126,522600.9204974669,5696524.290406497,50.0,1.0,0.04134343129211468,ground_equivalent_excess_gamma_dose_rate,uSv/h,one_noise_free_measurement_per_executed_route_node
127,522620.9204974669,5696504.290406497,50.0,1.0,0.04323362399438185,ground_equivalent_excess_gamma_dose_rate,uSv/h,one_noise_free_measurement_per_executed_route_node
128,522640.9204974669,5696484.290406497,50.0,1.0,0.04517395123178963,ground_equivalent_excess_gamma_dose_rate,uSv/h,one_noise_free_measurement_per_executed_route_node
129,522660.9204974669,5696484.290406497,50.0,1.0,0.047662014356171206,ground_equivalent_excess_gamma_dose_rate,uSv/h,one_noise_free_measurement_per_executed_route_node
130,522680.9204974669,5696484.290406497,50.0,1.0,0.05035884113857708,ground_equivalent_excess_gamma_dose_rate,uSv/h,one_noise_free_measurement_per_executed_route_node
131,522700.9204974669,5696484.290406497,50.0,1.0,0.05328813382927261,ground_equivalent_excess_gamma_dose_rate,uSv/h,one_noise_free_measurement_per_executed_route_node
132,522720.9204974669,5696484.290406497,50.0,1.0,0.056477004496169714,ground_equivalent_excess_gamma_dose_rate,uSv/h,one_noise_free_measurement_per_executed_route_node
133,522740.9204974669,5696484.290406497,50.0,1.0,0.0599565706707586,ground_equivalent_excess_gamma_dose_rate,uSv/h,one_noise_free_measurement_per_executed_route_node
134,522760.9204974669,5696484.290406497,50.0,1.0,0.06376267350606063,ground_equivalent_excess_gamma_dose_rate,uSv/h,one_noise_free_measurement_per_executed_route_node
135,522780.9204974669,5696484.290406497,50.0,1.0,0.06793674739301636,ground_equivalent_excess_gamma_dose_rate,uSv/h,one_noise_free_measurement_per_executed_route_node
136,522800.9204974669,5696484.290406497,50.0,1.0,0.07252687766645866,ground_equivalent_excess_gamma_dose_rate,uSv/h,one_noise_free_measurement_per_executed_route_node
137,522820.9204974669,5696504.290406497,50.0,1.0,0.07877538260330508,ground_equivalent_excess_gamma_dose_rate,uSv/h,one_noise_free_measurement_per_executed_route_node
138,522840.9204974669,5696524.290406497,50.0,1.0,0.08572910250305471,ground_equivalent_excess_gamma_dose_rate,uSv/h,one_noise_free_measurement_per_executed_route_node
139,522860.9204974669,5696544.290406497,50.0,1.0,0.0934668582975558,ground_equivalent_excess_gamma_dose_rate,uSv/h,one_noise_free_measurement_per_executed_route_node
140,522880.9204974669,5696564.290406497,50.0,1.0,0.10206884676417971,ground_equivalent_excess_gamma_dose_rate,uSv/h,one_noise_free_measurement_per_executed_route_node
141,522900.9204974669,5696584.290406497,50.0,1.0,0.11161165339700935,ground_equivalent_excess_gamma_dose_rate,uSv/h,one_noise_free_measurement_per_executed_route_node
142,522920.9204974669,5696584.290406497,50.0,1.0,0.12165367997274112,ground_equivalent_excess_gamma_dose_rate,uSv/h,one_noise_free_measurement_per_executed_route_node
143,522940.9204974669,5696604.290406497,50.0,1.0,0.13371871609825126,ground_equivalent_excess_gamma_dose_rate,uSv/h,one_noise_free_measurement_per_executed_route_node
144,522960.9204974669,5696604.290406497,50.0,1.0,0.1469982454455851,ground_equivalent_excess_gamma_dose_rate,uSv/h,one_noise_free_measurement_per_executed_route_node
145,522980.9204974669,5696604.290406497,50.0,1.0,0.16235822400064182,ground_equivalent_excess_gamma_dose_rate,uSv/h,one_noise_free_measurement_per_executed_route_node
146,523000.920497467,5696624.290406497,50.0,1.0,0.18032479483734637,ground_equivalent_excess_gamma_dose_rate,uSv/h,one_noise_free_measurement_per_executed_route_node
147,523020.920497467,5696624.290406497,50.0,1.0,0.20137066290054823,ground_equivalent_excess_gamma_dose_rate,uSv/h,one_noise_free_measurement_per_executed_route_node
148,523040.920497467,5696644.290406497,50.0,1.0,0.22480519020440531,ground_equivalent_excess_gamma_dose_rate,uSv/h,one_noise_free_measurement_per_executed_route_node
149,523060.920497467,5696644.290406497,50.0,1.0,0.254277360757557,ground_equivalent_excess_gamma_dose_rate,uSv/h,one_noise_free_measurement_per_executed_route_node
150,523080.920497467,5696644.290406497,50.0,1.0,0.289928096335934,ground_equivalent_excess_gamma_dose_rate,uSv/h,one_noise_free_measurement_per_executed_route_node
151,523100.920497467,5696664.290406497,50.0,1.0,0.32685503841796576,ground_equivalent_excess_gamma_dose_rate,uSv/h,one_noise_free_measurement_per_executed_route_node
152,523120.920497467,5696664.290406497,50.0,1.0,0.3788054061832629,ground_equivalent_excess_gamma_dose_rate,uSv/h,one_noise_free_measurement_per_executed_route_node
153,523140.920497467,5696684.290406497,50.0,1.0,0.42621984243787553,ground_equivalent_excess_gamma_dose_rate,uSv/h,one_noise_free_measurement_per_executed_route_node
154,523160.920497467,5696684.290406497,50.0,1.0,0.5023548786267535,ground_equivalent_excess_gamma_dose_rate,uSv/h,one_noise_free_measurement_per_executed_route_node
155,523180.920497467,5696684.290406497,50.0,1.0,0.5998648275208718,ground_equivalent_excess_gamma_dose_rate,uSv/h,one_noise_free_measurement_per_executed_route_node
156,523200.920497467,5696684.290406497,50.0,1.0,0.7270295982047326,ground_equivalent_excess_gamma_dose_rate,uSv/h,one_noise_free_measurement_per_executed_route_node
157,523220.920497467,5696684.290406497,50.0,1.0,0.8961557892266732,ground_equivalent_excess_gamma_dose_rate,uSv/h,one_noise_free_measurement_per_executed_route_node
158,523240.920497467,5696704.290406497,50.0,1.0,0.9859923867030498,ground_equivalent_excess_gamma_dose_rate,uSv/h,one_noise_free_measurement_per_executed_route_node
159,523260.920497467,5696704.290406497,50.0,1.0,1.221561732468209,ground_equivalent_excess_gamma_dose_rate,uSv/h,one_noise_free_measurement_per_executed_route_node
160,523280.920497467,5696724.290406497,50.0,1.0,1.2300827938640255,ground_equivalent_excess_gamma_dose_rate,uSv/h,one_noise_free_measurement_per_executed_route_node
161,523300.920497467,5696724.290406497,50.0,1.0,1.4676292406711753,ground_equivalent_excess_gamma_dose_rate,uSv/h,one_noise_free_measurement_per_executed_route_node
162,523320.920497467,5696744.290406497,50.0,1.0,1.29584001170385,ground_equivalent_excess_gamma_dose_rate,uSv/h,one_noise_free_measurement_per_executed_route_node
163,523320.920497467,5696724.290406497,50.0,1.0,1.7188374306982583,ground_equivalent_excess_gamma_dose_rate,uSv/h,one_noise_free_measurement_per_executed_route_node
164,523340.920497467,5696704.290406497,50.0,1.0,2.806666482532692,ground_equivalent_excess_gamma_dose_rate,uSv/h,one_noise_free_measurement_per_executed_route_node
165,523360.920497467,5696724.290406497,50.0,1.0,2.0893237492200822,ground_equivalent_excess_gamma_dose_rate,uSv/h,one_noise_free_measurement_per_executed_route_node
166,523360.920497467,5696704.290406497,50.0,1.0,3.11806085865003,ground_equivalent_excess_gamma_dose_rate,uSv/h,one_noise_free_measurement_per_executed_route_node
167,523380.920497467,5696684.290406497,50.0,1.0,5.2296298387924836,ground_equivalent_excess_gamma_dose_rate,uSv/h,one_noise_free_measurement_per_executed_route_node
168,523360.920497467,5696664.290406497,50.0,1.0,9.911891466955742,ground_equivalent_excess_gamma_dose_rate,uSv/h,one_noise_free_measurement_per_executed_route_node
169,523360.920497467,5696644.290406497,50.0,1.0,25.6559577586993,ground_equivalent_excess_gamma_dose_rate,uSv/h,one_noise_free_measurement_per_executed_route_node
170,523360.920497467,5696624.290406497,50.0,1.0,110.3060548293065,ground_equivalent_excess_gamma_dose_rate,uSv/h,one_noise_free_measurement_per_executed_route_node
171,523360.920497467,5696604.290406497,50.0,1.0,89.6533771879587,ground_equivalent_excess_gamma_dose_rate,uSv/h,one_noise_free_measurement_per_executed_route_node
172,523340.920497467,5696604.290406497,50.0,1.0,21.396562047299245,ground_equivalent_excess_gamma_dose_rate,uSv/h,one_noise_free_measurement_per_executed_route_node
173,523360.920497467,5696584.290406497,50.0,1.0,22.10313372296032,ground_equivalent_excess_gamma_dose_rate,uSv/h,one_noise_free_measurement_per_executed_route_node
174,523340.920497467,5696584.290406497,50.0,1.0,12.372430301219731,ground_equivalent_excess_gamma_dose_rate,uSv/h,one_noise_free_measurement_per_executed_route_node
175,523320.920497467,5696604.290406497,50.0,1.0,8.747460641643585,ground_equivalent_excess_gamma_dose_rate,uSv/h,one_noise_free_measurement_per_executed_route_node
176,523320.920497467,5696624.290406497,50.0,1.0,8.910233291141155,ground_equivalent_excess_gamma_dose_rate,uSv/h,one_noise_free_measurement_per_executed_route_node
177,523320.920497467,5696644.290406497,50.0,1.0,7.035212214443869,ground_equivalent_excess_gamma_dose_rate,uSv/h,one_noise_free_measurement_per_executed_route_node
178,523320.920497467,5696664.290406497,50.0,1.0,4.900669818256101,ground_equivalent_excess_gamma_dose_rate,uSv/h,one_noise_free_measurement_per_executed_route_node
179,523300.920497467,5696664.290406497,50.0,1.0,3.293415493391018,ground_equivalent_excess_gamma_dose_rate,uSv/h,one_noise_free_measurement_per_executed_route_node
180,523280.920497467,5696644.290406497,50.0,1.0,2.6787607746996964,ground_equivalent_excess_gamma_dose_rate,uSv/h,one_noise_free_measurement_per_executed_route_node
181,523280.920497467,5696624.290406497,50.0,1.0,2.9120955260470733,ground_equivalent_excess_gamma_dose_rate,uSv/h,one_noise_free_measurement_per_executed_route_node
182,523280.920497467,5696604.290406497,50.0,1.0,2.894492456704978,ground_equivalent_excess_gamma_dose_rate,uSv/h,one_noise_free_measurement_per_executed_route_node
183,523300.920497467,5696584.290406497,50.0,1.0,4.032425770639331,ground_equivalent_excess_gamma_dose_rate,uSv/h,one_noise_free_measurement_per_executed_route_node
184,523320.920497467,5696584.290406497,50.0,1.0,6.7382141448223285,ground_equivalent_excess_gamma_dose_rate,uSv/h,one_noise_free_measurement_per_executed_route_node
185,523300.920497467,5696564.290406497,50.0,1.0,3.1839217570515395,ground_equivalent_excess_gamma_dose_rate,uSv/h,one_noise_free_measurement_per_executed_route_node
186,523320.920497467,5696544.290406497,50.0,1.0,3.1991396301327026,ground_equivalent_excess_gamma_dose_rate,uSv/h,one_noise_free_measurement_per_executed_route_node
187,523340.920497467,5696544.290406497,50.0,1.0,4.081605459256512,ground_equivalent_excess_gamma_dose_rate,uSv/h,one_noise_free_measurement_per_executed_route_node
188,523360.920497467,5696544.290406497,50.0,1.0,4.775110864292112,ground_equivalent_excess_gamma_dose_rate,uSv/h,one_noise_free_measurement_per_executed_route_node
189,523380.920497467,5696564.290406497,50.0,1.0,9.280877968065683,ground_equivalent_excess_gamma_dose_rate,uSv/h,one_noise_free_measurement_per_executed_route_node
190,523400.920497467,5696564.290406497,50.0,1.0,7.343976342067591,ground_equivalent_excess_gamma_dose_rate,uSv/h,one_noise_free_measurement_per_executed_route_node
191,523420.920497467,5696584.290406497,50.0,1.0,7.663115865961715,ground_equivalent_excess_gamma_dose_rate,uSv/h,one_noise_free_measurement_per_executed_route_node
192,523400.920497467,5696604.290406497,50.0,1.0,27.786076587388905,ground_equivalent_excess_gamma_dose_rate,uSv/h,one_noise_free_measurement_per_executed_route_node
193,523400.920497467,5696624.290406497,50.0,1.0,29.497773325050066,ground_equivalent_excess_gamma_dose_rate,uSv/h,one_noise_free_measurement_per_executed_route_node
194,523400.920497467,5696644.290406497,50.0,1.0,15.670915802086133,ground_equivalent_excess_gamma_dose_rate,uSv/h,one_noise_free_measurement_per_executed_route_node
195,523420.920497467,5696644.290406497,50.0,1.0,8.049580965647227,ground_equivalent_excess_gamma_dose_rate,uSv/h,one_noise_free_measurement_per_executed_route_node
196,523440.920497467,5696624.290406497,50.0,1.0,5.355152584231901,ground_equivalent_excess_gamma_dose_rate,uSv/h,one_noise_free_measurement_per_executed_route_node
197,523440.920497467,5696644.290406497,50.0,1.0,4.615789561180808,ground_equivalent_excess_gamma_dose_rate,uSv/h,one_noise_free_measurement_per_executed_route_node
198,523440.920497467,5696664.290406497,50.0,1.0,3.589900218853956,ground_equivalent_excess_gamma_dose_rate,uSv/h,one_noise_free_measurement_per_executed_route_node
199,523420.920497467,5696684.290406497,50.0,1.0,3.5707488396060456,ground_equivalent_excess_gamma_dose_rate,uSv/h,one_noise_free_measurement_per_executed_route_node
200,523400.920497467,5696704.290406497,50.0,1.0,2.89395958043614,ground_equivalent_excess_gamma_dose_rate,uSv/h,one_noise_free_measurement_per_executed_route_node
201,523420.920497467,5696704.290406497,50.0,1.0,2.4632670407450687,ground_equivalent_excess_gamma_dose_rate,uSv/h,one_noise_free_measurement_per_executed_route_node
202,523440.920497467,5696704.290406497,50.0,1.0,2.0064909728894484,ground_equivalent_excess_gamma_dose_rate,uSv/h,one_noise_free_measurement_per_executed_route_node
203,523460.920497467,5696684.290406497,50.0,1.0,2.012524019182467,ground_equivalent_excess_gamma_dose_rate,uSv/h,one_noise_free_measurement_per_executed_route_node
204,523480.920497467,5696684.290406497,50.0,1.0,1.5306761221922314,ground_equivalent_excess_gamma_dose_rate,uSv/h,one_noise_free_measurement_per_executed_route_node
205,523480.920497467,5696704.290406497,50.0,1.0,1.283338429713889,ground_equivalent_excess_gamma_dose_rate,uSv/h,one_noise_free_measurement_per_executed_route_node
206,523460.920497467,5696724.290406497,50.0,1.0,1.2808825398853978,ground_equivalent_excess_gamma_dose_rate,uSv/h,one_noise_free_measurement_per_executed_route_node
207,523440.920497467,5696744.290406497,50.0,1.0,1.1817457088028325,ground_equivalent_excess_gamma_dose_rate,uSv/h,one_noise_free_measurement_per_executed_route_node
208,523420.920497467,5696744.290406497,50.0,1.0,1.326632690141553,ground_equivalent_excess_gamma_dose_rate,uSv/h,one_noise_free_measurement_per_executed_route_node
209,523400.920497467,5696744.290406497,50.0,1.0,1.442230255961555,ground_equivalent_excess_gamma_dose_rate,uSv/h,one_noise_free_measurement_per_executed_route_node
210,523380.920497467,5696744.290406497,50.0,1.0,1.503865753202697,ground_equivalent_excess_gamma_dose_rate,uSv/h,one_noise_free_measurement_per_executed_route_node
211,523360.920497467,5696744.290406497,50.0,1.0,1.4958071447518693,ground_equivalent_excess_gamma_dose_rate,uSv/h,one_noise_free_measurement_per_executed_route_node
212,523360.920497467,5696764.290406497,50.0,1.0,1.123031469532557,ground_equivalent_excess_gamma_dose_rate,uSv/h,one_noise_free_measurement_per_executed_route_node
213,523380.920497467,5696764.290406497,50.0,1.0,1.1275678554641833,ground_equivalent_excess_gamma_dose_rate,uSv/h,one_noise_free_measurement_per_executed_route_node
214,523400.920497467,5696764.290406497,50.0,1.0,1.0925592417389973,ground_equivalent_excess_gamma_dose_rate,uSv/h,one_noise_free_measurement_per_executed_route_node
215,523420.920497467,5696764.290406497,50.0,1.0,1.0249054430618025,ground_equivalent_excess_gamma_dose_rate,uSv/h,one_noise_free_measurement_per_executed_route_node
216,523440.920497467,5696764.290406497,50.0,1.0,0.9362267132814155,ground_equivalent_excess_gamma_dose_rate,uSv/h,one_noise_free_measurement_per_executed_route_node
217,523460.920497467,5696764.290406497,50.0,1.0,0.8385498516758505,ground_equivalent_excess_gamma_dose_rate,uSv/h,one_noise_free_measurement_per_executed_route_node
218,523480.920497467,5696744.290406497,50.0,1.0,0.8872792328417494,ground_equivalent_excess_gamma_dose_rate,uSv/h,one_noise_free_measurement_per_executed_route_node
219,523500.920497467,5696744.290406497,50.0,1.0,0.7601912150414294,ground_equivalent_excess_gamma_dose_rate,uSv/h,one_noise_free_measurement_per_executed_route_node
220,523500.920497467,5696764.290406497,50.0,1.0,0.6504614508315532,ground_equivalent_excess_gamma_dose_rate,uSv/h,one_noise_free_measurement_per_executed_route_node
221,523480.920497467,5696784.290406497,50.0,1.0,0.6238831910965552,ground_equivalent_excess_gamma_dose_rate,uSv/h,one_noise_free_measurement_per_executed_route_node
222,523460.920497467,5696804.290406497,50.0,1.0,0.5772478313977616,ground_equivalent_excess_gamma_dose_rate,uSv/h,one_noise_free_measurement_per_executed_route_node
223,523440.920497467,5696804.290406497,50.0,1.0,0.6219135262521458,ground_equivalent_excess_gamma_dose_rate,uSv/h,one_noise_free_measurement_per_executed_route_node
224,523420.920497467,5696804.290406497,50.0,1.0,0.6598382221606018,ground_equivalent_excess_gamma_dose_rate,uSv/h,one_noise_free_measurement_per_executed_route_node
225,523400.920497467,5696804.290406497,50.0,1.0,0.6872354364446924,ground_equivalent_excess_gamma_dose_rate,uSv/h,one_noise_free_measurement_per_executed_route_node
226,523380.920497467,5696804.290406497,50.0,1.0,0.7009241874675376,ground_equivalent_excess_gamma_dose_rate,uSv/h,one_noise_free_measurement_per_executed_route_node
227,523360.920497467,5696804.290406497,50.0,1.0,0.6991685763192879,ground_equivalent_excess_gamma_dose_rate,uSv/h,one_noise_free_measurement_per_executed_route_node
228,523340.920497467,5696784.290406497,50.0,1.0,0.8474999847881572,ground_equivalent_excess_gamma_dose_rate,uSv/h,one_noise_free_measurement_per_executed_route_node
229,523320.920497467,5696784.290406497,50.0,1.0,0.8015881481853506,ground_equivalent_excess_gamma_dose_rate,uSv/h,one_noise_free_measurement_per_executed_route_node
230,523300.920497467,5696764.290406497,50.0,1.0,0.9147505290844995,ground_equivalent_excess_gamma_dose_rate,uSv/h,one_noise_free_measurement_per_executed_route_node
231,523280.920497467,5696764.290406497,50.0,1.0,0.8164754020974851,ground_equivalent_excess_gamma_dose_rate,uSv/h,one_noise_free_measurement_per_executed_route_node
232,523260.920497467,5696744.290406497,50.0,1.0,0.8573039553955819,ground_equivalent_excess_gamma_dose_rate,uSv/h,one_noise_free_measurement_per_executed_route_node
233,523240.920497467,5696744.290406497,50.0,1.0,0.734198301836974,ground_equivalent_excess_gamma_dose_rate,uSv/h,one_noise_free_measurement_per_executed_route_node
234,523220.920497467,5696724.290406497,50.0,1.0,0.7144384812326108,ground_equivalent_excess_gamma_dose_rate,uSv/h,one_noise_free_measurement_per_executed_route_node
235,523200.920497467,5696724.290406497,50.0,1.0,0.6026699296705298,ground_equivalent_excess_gamma_dose_rate,uSv/h,one_noise_free_measurement_per_executed_route_node
236,523200.920497467,5696744.290406497,50.0,1.0,0.5407759483302828,ground_equivalent_excess_gamma_dose_rate,uSv/h,one_noise_free_measurement_per_executed_route_node
237,523220.920497467,5696764.290406497,50.0,1.0,0.552021430701213,ground_equivalent_excess_gamma_dose_rate,uSv/h,one_noise_free_measurement_per_executed_route_node
238,523240.920497467,5696784.290406497,50.0,1.0,0.5441131350357875,ground_equivalent_excess_gamma_dose_rate,uSv/h,one_noise_free_measurement_per_executed_route_node
239,523260.920497467,5696804.290406497,50.0,1.0,0.51862316582417,ground_equivalent_excess_gamma_dose_rate,uSv/h,one_noise_free_measurement_per_executed_route_node
240,523280.920497467,5696804.290406497,50.0,1.0,0.5667007096760834,ground_equivalent_excess_gamma_dose_rate,uSv/h,one_noise_free_measurement_per_executed_route_node
241,523300.920497467,5696804.290406497,50.0,1.0,0.6123633234057586,ground_equivalent_excess_gamma_dose_rate,uSv/h,one_noise_free_measurement_per_executed_route_node
242,523320.920497467,5696824.290406497,50.0,1.0,0.540147352138608,ground_equivalent_excess_gamma_dose_rate,uSv/h,one_noise_free_measurement_per_executed_route_node
243,523340.920497467,5696844.290406497,50.0,1.0,0.46867474722138874,ground_equivalent_excess_gamma_dose_rate,uSv/h,one_noise_free_measurement_per_executed_route_node
244,523360.920497467,5696844.290406497,50.0,1.0,0.4766231907400859,ground_equivalent_excess_gamma_dose_rate,uSv/h,one_noise_free_measurement_per_executed_route_node
245,523380.920497467,5696844.290406497,50.0,1.0,0.4774383977318674,ground_equivalent_excess_gamma_dose_rate,uSv/h,one_noise_free_measurement_per_executed_route_node
246,523400.920497467,5696844.290406497,50.0,1.0,0.47104739239414056,ground_equivalent_excess_gamma_dose_rate,uSv/h,one_noise_free_measurement_per_executed_route_node
247,523380.920497467,5696864.290406497,50.0,1.0,0.40380828907726646,ground_equivalent_excess_gamma_dose_rate,uSv/h,one_noise_free_measurement_per_executed_route_node
248,523360.920497467,5696884.290406497,50.0,1.0,0.3455524488051284,ground_equivalent_excess_gamma_dose_rate,uSv/h,one_noise_free_measurement_per_executed_route_node
249,523380.920497467,5696884.290406497,50.0,1.0,0.3459807421075444,ground_equivalent_excess_gamma_dose_rate,uSv/h,one_noise_free_measurement_per_executed_route_node
250,523400.920497467,5696904.290406497,50.0,1.0,0.29720654194707785,ground_equivalent_excess_gamma_dose_rate,uSv/h,one_noise_free_measurement_per_executed_route_node
251,523380.920497467,5696904.290406497,50.0,1.0,0.29973809797797707,ground_equivalent_excess_gamma_dose_rate,uSv/h,one_noise_free_measurement_per_executed_route_node
252,523360.920497467,5696904.290406497,50.0,1.0,0.29941658893871276,ground_equivalent_excess_gamma_dose_rate,uSv/h,one_noise_free_measurement_per_executed_route_node
253,523340.920497467,5696884.290406497,50.0,1.0,0.3413552844640611,ground_equivalent_excess_gamma_dose_rate,uSv/h,one_noise_free_measurement_per_executed_route_node
254,523320.920497467,5696864.290406497,50.0,1.0,0.38712126540730457,ground_equivalent_excess_gamma_dose_rate,uSv/h,one_noise_free_measurement_per_executed_route_node
255,523300.920497467,5696844.290406497,50.0,1.0,0.43462374547292376,ground_equivalent_excess_gamma_dose_rate,uSv/h,one_noise_free_measurement_per_executed_route_node
256,523280.920497467,5696844.290406497,50.0,1.0,0.41111268767021064,ground_equivalent_excess_gamma_dose_rate,uSv/h,one_noise_free_measurement_per_executed_route_node
257,523260.920497467,5696844.290406497,50.0,1.0,0.3852071939587642,ground_equivalent_excess_gamma_dose_rate,uSv/h,one_noise_free_measurement_per_executed_route_node
258,523240.920497467,5696824.290406497,50.0,1.0,0.4095546964688858,ground_equivalent_excess_gamma_dose_rate,uSv/h,one_noise_free_measurement_per_executed_route_node
259,523220.920497467,5696804.290406497,50.0,1.0,0.4252881244039655,ground_equivalent_excess_gamma_dose_rate,uSv/h,one_noise_free_measurement_per_executed_route_node
260,523200.920497467,5696784.290406497,50.0,1.0,0.43010421562799567,ground_equivalent_excess_gamma_dose_rate,uSv/h,one_noise_free_measurement_per_executed_route_node
261,523180.920497467,5696764.290406497,50.0,1.0,0.42324661831383553,ground_equivalent_excess_gamma_dose_rate,uSv/h,one_noise_free_measurement_per_executed_route_node
262,523160.920497467,5696744.290406497,50.0,1.0,0.4057849532177062,ground_equivalent_excess_gamma_dose_rate,uSv/h,one_noise_free_measurement_per_executed_route_node
263,523140.920497467,5696724.290406497,50.0,1.0,0.3802237586853911,ground_equivalent_excess_gamma_dose_rate,uSv/h,one_noise_free_measurement_per_executed_route_node
264,523120.920497467,5696704.290406497,50.0,1.0,0.3496868982053127,ground_equivalent_excess_gamma_dose_rate,uSv/h,one_noise_free_measurement_per_executed_route_node
265,523120.920497467,5696724.290406497,50.0,1.0,0.3313877893496204,ground_equivalent_excess_gamma_dose_rate,uSv/h,one_noise_free_measurement_per_executed_route_node
266,523120.920497467,5696744.290406497,50.0,1.0,0.31176692774499964,ground_equivalent_excess_gamma_dose_rate,uSv/h,one_noise_free_measurement_per_executed_route_node
267,523140.920497467,5696764.290406497,50.0,1.0,0.3287469284053613,ground_equivalent_excess_gamma_dose_rate,uSv/h,one_noise_free_measurement_per_executed_route_node
268,523160.920497467,5696784.290406497,50.0,1.0,0.34011491627069806,ground_equivalent_excess_gamma_dose_rate,uSv/h,one_noise_free_measurement_per_executed_route_node
269,523180.920497467,5696784.290406497,50.0,1.0,0.38217529672428524,ground_equivalent_excess_gamma_dose_rate,uSv/h,one_noise_free_measurement_per_executed_route_node
270,523200.920497467,5696804.290406497,50.0,1.0,0.3830053603732219,ground_equivalent_excess_gamma_dose_rate,uSv/h,one_noise_free_measurement_per_executed_route_node
271,523220.920497467,5696824.290406497,50.0,1.0,0.37463584636208264,ground_equivalent_excess_gamma_dose_rate,uSv/h,one_noise_free_measurement_per_executed_route_node
272,523200.920497467,5696824.290406497,50.0,1.0,0.34143197090624317,ground_equivalent_excess_gamma_dose_rate,uSv/h,one_noise_free_measurement_per_executed_route_node
273,523180.920497467,5696824.290406497,50.0,1.0,0.31051816224577594,ground_equivalent_excess_gamma_dose_rate,uSv/h,one_noise_free_measurement_per_executed_route_node
274,523160.920497467,5696804.290406497,50.0,1.0,0.3099723366771265,ground_equivalent_excess_gamma_dose_rate,uSv/h,one_noise_free_measurement_per_executed_route_node
275,523140.920497467,5696784.290406497,50.0,1.0,0.3034196794959801,ground_equivalent_excess_gamma_dose_rate,uSv/h,one_noise_free_measurement_per_executed_route_node
276,523140.920497467,5696804.290406497,50.0,1.0,0.27919884188450633,ground_equivalent_excess_gamma_dose_rate,uSv/h,one_noise_free_measurement_per_executed_route_node
277,523120.920497467,5696784.290406497,50.0,1.0,0.2714921653274311,ground_equivalent_excess_gamma_dose_rate,uSv/h,one_noise_free_measurement_per_executed_route_node
278,523100.920497467,5696764.290406497,50.0,1.0,0.25980650450026715,ground_equivalent_excess_gamma_dose_rate,uSv/h,one_noise_free_measurement_per_executed_route_node
279,523100.920497467,5696744.290406497,50.0,1.0,0.27570184083439525,ground_equivalent_excess_gamma_dose_rate,uSv/h,one_noise_free_measurement_per_executed_route_node
280,523100.920497467,5696724.290406497,50.0,1.0,0.2909348958447914,ground_equivalent_excess_gamma_dose_rate,uSv/h,one_noise_free_measurement_per_executed_route_node
281,523080.920497467,5696704.290406497,50.0,1.0,0.2680342919691503,ground_equivalent_excess_gamma_dose_rate,uSv/h,one_noise_free_measurement_per_executed_route_node
282,523060.920497467,5696684.290406497,50.0,1.0,0.24458628467699045,ground_equivalent_excess_gamma_dose_rate,uSv/h,one_noise_free_measurement_per_executed_route_node
283,523060.920497467,5696704.290406497,50.0,1.0,0.23727898083111315,ground_equivalent_excess_gamma_dose_rate,uSv/h,one_noise_free_measurement_per_executed_route_node
284,523060.920497467,5696724.290406497,50.0,1.0,0.22870944220030393,ground_equivalent_excess_gamma_dose_rate,uSv/h,one_noise_free_measurement_per_executed_route_node
285,523060.920497467,5696744.290406497,50.0,1.0,0.21918905759583746,ground_equivalent_excess_gamma_dose_rate,uSv/h,one_noise_free_measurement_per_executed_route_node
286,523080.920497467,5696764.290406497,50.0,1.0,0.232525653636327,ground_equivalent_excess_gamma_dose_rate,uSv/h,one_noise_free_measurement_per_executed_route_node
287,523080.920497467,5696784.290406497,50.0,1.0,0.21956247344231022,ground_equivalent_excess_gamma_dose_rate,uSv/h,one_noise_free_measurement_per_executed_route_node
288,523100.920497467,5696804.290406497,50.0,1.0,0.2278505578731998,ground_equivalent_excess_gamma_dose_rate,uSv/h,one_noise_free_measurement_per_executed_route_node
289,523120.920497467,5696824.290406497,50.0,1.0,0.2332540625455954,ground_equivalent_excess_gamma_dose_rate,uSv/h,one_noise_free_measurement_per_executed_route_node
290,523140.920497467,5696844.290406497,50.0,1.0,0.23532180368346717,ground_equivalent_excess_gamma_dose_rate,uSv/h,one_noise_free_measurement_per_executed_route_node
291,523160.920497467,5696864.290406497,50.0,1.0,0.23387276636416693,ground_equivalent_excess_gamma_dose_rate,uSv/h,one_noise_free_measurement_per_executed_route_node
292,523180.920497467,5696864.290406497,50.0,1.0,0.2530206379108705,ground_equivalent_excess_gamma_dose_rate,uSv/h,one_noise_free_measurement_per_executed_route_node
293,523200.920497467,5696864.290406497,50.0,1.0,0.2731744570682264,ground_equivalent_excess_gamma_dose_rate,uSv/h,one_noise_free_measurement_per_executed_route_node
294,523220.920497467,5696864.290406497,50.0,1.0,0.29402408230906685,ground_equivalent_excess_gamma_dose_rate,uSv/h,one_noise_free_measurement_per_executed_route_node
295,523240.920497467,5696884.290406497,50.0,1.0,0.27875254772373353,ground_equivalent_excess_gamma_dose_rate,uSv/h,one_noise_free_measurement_per_executed_route_node
296,523260.920497467,5696884.290406497,50.0,1.0,0.2948262057286337,ground_equivalent_excess_gamma_dose_rate,uSv/h,one_noise_free_measurement_per_executed_route_node
297,523280.920497467,5696884.290406497,50.0,1.0,0.3097657042881478,ground_equivalent_excess_gamma_dose_rate,uSv/h,one_noise_free_measurement_per_executed_route_node
298,523300.920497467,5696884.290406497,50.0,1.0,0.32292816528622054,ground_equivalent_excess_gamma_dose_rate,uSv/h,one_noise_free_measurement_per_executed_route_node
299,523320.920497467,5696904.290406497,50.0,1.0,0.29044495937347053,ground_equivalent_excess_gamma_dose_rate,uSv/h,one_noise_free_measurement_per_executed_route_node
300,523300.920497467,5696904.290406497,50.0,1.0,0.2822805013650055,ground_equivalent_excess_gamma_dose_rate,uSv/h,one_noise_free_measurement_per_executed_route_node
301,523280.920497467,5696904.290406497,50.0,1.0,0.27217120574808173,ground_equivalent_excess_gamma_dose_rate,uSv/h,one_noise_free_measurement_per_executed_route_node
302,523260.920497467,5696924.290406497,50.0,1.0,0.23171469915585935,ground_equivalent_excess_gamma_dose_rate,uSv/h,one_noise_free_measurement_per_executed_route_node
303,523280.920497467,5696924.290406497,50.0,1.0,0.24084374877206444,ground_equivalent_excess_gamma_dose_rate,uSv/h,one_noise_free_measurement_per_executed_route_node
304,523300.920497467,5696944.290406497,50.0,1.0,0.2207311210304913,ground_equivalent_excess_gamma_dose_rate,uSv/h,one_noise_free_measurement_per_executed_route_node
305,523320.920497467,5696944.290406497,50.0,1.0,0.2256920436607609,ground_equivalent_excess_gamma_dose_rate,uSv/h,one_noise_free_measurement_per_executed_route_node
306,523340.920497467,5696944.290406497,50.0,1.0,0.22918780221289825,ground_equivalent_excess_gamma_dose_rate,uSv/h,one_noise_free_measurement_per_executed_route_node
307,523360.920497467,5696944.290406497,50.0,1.0,0.23107220867321765,ground_equivalent_excess_gamma_dose_rate,uSv/h,one_noise_free_measurement_per_executed_route_node
308,523380.920497467,5696944.290406497,50.0,1.0,0.2312636476961656,ground_equivalent_excess_gamma_dose_rate,uSv/h,one_noise_free_measurement_per_executed_route_node
309,523400.920497467,5696924.290406497,50.0,1.0,0.26024214830226094,ground_equivalent_excess_gamma_dose_rate,uSv/h,one_noise_free_measurement_per_executed_route_node
310,523420.920497467,5696904.290406497,50.0,1.0,0.2919638915210604,ground_equivalent_excess_gamma_dose_rate,uSv/h,one_noise_free_measurement_per_executed_route_node
311,523440.920497467,5696904.290406497,50.0,1.0,0.28429292940941947,ground_equivalent_excess_gamma_dose_rate,uSv/h,one_noise_free_measurement_per_executed_route_node
312,523440.920497467,5696924.290406497,50.0,1.0,0.2502871868918896,ground_equivalent_excess_gamma_dose_rate,uSv/h,one_noise_free_measurement_per_executed_route_node
313,523420.920497467,5696924.290406497,50.0,1.0,0.2562136490318458,ground_equivalent_excess_gamma_dose_rate,uSv/h,one_noise_free_measurement_per_executed_route_node
314,523440.920497467,5696944.290406497,50.0,1.0,0.22195972288075522,ground_equivalent_excess_gamma_dose_rate,uSv/h,one_noise_free_measurement_per_executed_route_node
315,523420.920497467,5696964.290406497,50.0,1.0,0.20182384475175164,ground_equivalent_excess_gamma_dose_rate,uSv/h,one_noise_free_measurement_per_executed_route_node
316,523440.920497467,5696964.290406497,50.0,1.0,0.1981283404465805,ground_equivalent_excess_gamma_dose_rate,uSv/h,one_noise_free_measurement_per_executed_route_node
317,523460.920497467,5696964.290406497,50.0,1.0,0.19336184518550292,ground_equivalent_excess_gamma_dose_rate,uSv/h,one_noise_free_measurement_per_executed_route_node
318,523480.920497467,5696944.290406497,50.0,1.0,0.20893589240724314,ground_equivalent_excess_gamma_dose_rate,uSv/h,one_noise_free_measurement_per_executed_route_node
319,523480.920497467,5696924.290406497,50.0,1.0,0.233849999774504,ground_equivalent_excess_gamma_dose_rate,uSv/h,one_noise_free_measurement_per_executed_route_node
320,523480.920497467,5696904.290406497,50.0,1.0,0.2632733300718581,ground_equivalent_excess_gamma_dose_rate,uSv/h,one_noise_free_measurement_per_executed_route_node
321,523500.920497467,5696904.290406497,50.0,1.0,0.2508307870683317,ground_equivalent_excess_gamma_dose_rate,uSv/h,one_noise_free_measurement_per_executed_route_node
322,523520.920497467,5696904.290406497,50.0,1.0,0.2376895234094744,ground_equivalent_excess_gamma_dose_rate,uSv/h,one_noise_free_measurement_per_executed_route_node
323,523520.920497467,5696924.290406497,50.0,1.0,0.21344349799683388,ground_equivalent_excess_gamma_dose_rate,uSv/h,one_noise_free_measurement_per_executed_route_node
324,523540.920497467,5696904.290406497,50.0,1.0,0.22423603058614933,ground_equivalent_excess_gamma_dose_rate,uSv/h,one_noise_free_measurement_per_executed_route_node
325,523540.920497467,5696924.290406497,50.0,1.0,0.20253171824328198,ground_equivalent_excess_gamma_dose_rate,uSv/h,one_noise_free_measurement_per_executed_route_node
326,523540.920497467,5696944.290406497,50.0,1.0,0.18357348328581674,ground_equivalent_excess_gamma_dose_rate,uSv/h,one_noise_free_measurement_per_executed_route_node
327,523520.920497467,5696964.290406497,50.0,1.0,0.17431004989443838,ground_equivalent_excess_gamma_dose_rate,uSv/h,one_noise_free_measurement_per_executed_route_node
328,523500.920497467,5696964.290406497,50.0,1.0,0.18127480952823216,ground_equivalent_excess_gamma_dose_rate,uSv/h,one_noise_free_measurement_per_executed_route_node
329,523480.920497467,5696984.290406497,50.0,1.0,0.16943465544078035,ground_equivalent_excess_gamma_dose_rate,uSv/h,one_noise_free_measurement_per_executed_route_node
330,523460.920497467,5697004.290406496,50.0,1.0,0.15744375985956932,ground_equivalent_excess_gamma_dose_rate,uSv/h,one_noise_free_measurement_per_executed_route_node
331,523440.920497467,5697004.290406496,50.0,1.0,0.16058951135012328,ground_equivalent_excess_gamma_dose_rate,uSv/h,one_noise_free_measurement_per_executed_route_node
332,523420.920497467,5697004.290406496,50.0,1.0,0.16300877271413,ground_equivalent_excess_gamma_dose_rate,uSv/h,one_noise_free_measurement_per_executed_route_node
333,523400.920497467,5696984.290406497,50.0,1.0,0.18287185782100496,ground_equivalent_excess_gamma_dose_rate,uSv/h,one_noise_free_measurement_per_executed_route_node
334,523380.920497467,5696984.290406497,50.0,1.0,0.18382716667468507,ground_equivalent_excess_gamma_dose_rate,uSv/h,one_noise_free_measurement_per_executed_route_node
335,523360.920497467,5696984.290406497,50.0,1.0,0.1837061879892779,ground_equivalent_excess_gamma_dose_rate,uSv/h,one_noise_free_measurement_per_executed_route_node
336,523340.920497467,5696984.290406497,50.0,1.0,0.18251315261422407,ground_equivalent_excess_gamma_dose_rate,uSv/h,one_noise_free_measurement_per_executed_route_node
337,523320.920497467,5696984.290406497,50.0,1.0,0.18028934148667475,ground_equivalent_excess_gamma_dose_rate,uSv/h,one_noise_free_measurement_per_executed_route_node
338,523300.920497467,5696964.290406497,50.0,1.0,0.19714881842879622,ground_equivalent_excess_gamma_dose_rate,uSv/h,one_noise_free_measurement_per_executed_route_node
339,523280.920497467,5696964.290406497,50.0,1.0,0.1921638354929,ground_equivalent_excess_gamma_dose_rate,uSv/h,one_noise_free_measurement_per_executed_route_node
340,523260.920497467,5696964.290406497,50.0,1.0,0.18630733458008863,ground_equivalent_excess_gamma_dose_rate,uSv/h,one_noise_free_measurement_per_executed_route_node
341,523240.920497467,5696944.290406497,50.0,1.0,0.1991577219289033,ground_equivalent_excess_gamma_dose_rate,uSv/h,one_noise_free_measurement_per_executed_route_node
342,523220.920497467,5696924.290406497,50.0,1.0,0.21102313975562748,ground_equivalent_excess_gamma_dose_rate,uSv/h,one_noise_free_measurement_per_executed_route_node
343,523200.920497467,5696904.290406497,50.0,1.0,0.22121507445547622,ground_equivalent_excess_gamma_dose_rate,uSv/h,one_noise_free_measurement_per_executed_route_node
344,523180.920497467,5696904.290406497,50.0,1.0,0.2078107755517577,ground_equivalent_excess_gamma_dose_rate,uSv/h,one_noise_free_measurement_per_executed_route_node
345,523160.920497467,5696904.290406497,50.0,1.0,0.19471722749248854,ground_equivalent_excess_gamma_dose_rate,uSv/h,one_noise_free_measurement_per_executed_route_node
346,523140.920497467,5696884.290406497,50.0,1.0,0.19820335745130774,ground_equivalent_excess_gamma_dose_rate,uSv/h,one_noise_free_measurement_per_executed_route_node
347,523120.920497467,5696864.290406497,50.0,1.0,0.19924311499340136,ground_equivalent_excess_gamma_dose_rate,uSv/h,one_noise_free_measurement_per_executed_route_node
348,523100.920497467,5696844.290406497,50.0,1.0,0.19775880729401824,ground_equivalent_excess_gamma_dose_rate,uSv/h,one_noise_free_measurement_per_executed_route_node
349,523080.920497467,5696824.290406497,50.0,1.0,0.19386098119503853,ground_equivalent_excess_gamma_dose_rate,uSv/h,one_noise_free_measurement_per_executed_route_node
350,523060.920497467,5696804.290406497,50.0,1.0,0.18782847475633063,ground_equivalent_excess_gamma_dose_rate,uSv/h,one_noise_free_measurement_per_executed_route_node
351,523040.920497467,5696784.290406497,50.0,1.0,0.18006087976681684,ground_equivalent_excess_gamma_dose_rate,uSv/h,one_noise_free_measurement_per_executed_route_node
352,523020.920497467,5696764.290406497,50.0,1.0,0.1710176995340515,ground_equivalent_excess_gamma_dose_rate,uSv/h,one_noise_free_measurement_per_executed_route_node
353,523020.920497467,5696744.290406497,50.0,1.0,0.17776398757401324,ground_equivalent_excess_gamma_dose_rate,uSv/h,one_noise_free_measurement_per_executed_route_node
354,523020.920497467,5696724.290406497,50.0,1.0,0.18397487754431313,ground_equivalent_excess_gamma_dose_rate,uSv/h,one_noise_free_measurement_per_executed_route_node
355,523020.920497467,5696704.290406497,50.0,1.0,0.18947959520433794,ground_equivalent_excess_gamma_dose_rate,uSv/h,one_noise_free_measurement_per_executed_route_node
356,523020.920497467,5696684.290406497,50.0,1.0,0.19411062476835644,ground_equivalent_excess_gamma_dose_rate,uSv/h,one_noise_free_measurement_per_executed_route_node
357,523000.920497467,5696664.290406497,50.0,1.0,0.17738760982427831,ground_equivalent_excess_gamma_dose_rate,uSv/h,one_noise_free_measurement_per_executed_route_node
358,522980.9204974669,5696684.290406497,50.0,1.0,0.15765742910140218,ground_equivalent_excess_gamma_dose_rate,uSv/h,one_noise_free_measurement_per_executed_route_node
359,522980.9204974669,5696704.290406497,50.0,1.0,0.15458870394018315,ground_equivalent_excess_gamma_dose_rate,uSv/h,one_noise_free_measurement_per_executed_route_node
360,522980.9204974669,5696724.290406497,50.0,1.0,0.15090491103062548,ground_equivalent_excess_gamma_dose_rate,uSv/h,one_noise_free_measurement_per_executed_route_node
361,522980.9204974669,5696744.290406497,50.0,1.0,0.14670067570402712,ground_equivalent_excess_gamma_dose_rate,uSv/h,one_noise_free_measurement_per_executed_route_node
362,522980.9204974669,5696764.290406497,50.0,1.0,0.14207546794678788,ground_equivalent_excess_gamma_dose_rate,uSv/h,one_noise_free_measurement_per_executed_route_node
363,523000.920497467,5696784.290406497,50.0,1.0,0.14968173157126513,ground_equivalent_excess_gamma_dose_rate,uSv/h,one_noise_free_measurement_per_executed_route_node
364,523020.920497467,5696804.290406497,50.0,1.0,0.15656383189605017,ground_equivalent_excess_gamma_dose_rate,uSv/h,one_noise_free_measurement_per_executed_route_node
365,523040.920497467,5696824.290406497,50.0,1.0,0.16240356186234944,ground_equivalent_excess_gamma_dose_rate,uSv/h,one_noise_free_measurement_per_executed_route_node
366,523040.920497467,5696844.290406497,50.0,1.0,0.15367092091709106,ground_equivalent_excess_gamma_dose_rate,uSv/h,one_noise_free_measurement_per_executed_route_node
367,523060.920497467,5696864.290406497,50.0,1.0,0.15689372419148578,ground_equivalent_excess_gamma_dose_rate,uSv/h,one_noise_free_measurement_per_executed_route_node
368,523080.920497467,5696884.290406497,50.0,1.0,0.15862766903848896,ground_equivalent_excess_gamma_dose_rate,uSv/h,one_noise_free_measurement_per_executed_route_node
369,523100.920497467,5696904.290406497,50.0,1.0,0.15877049023258655,ground_equivalent_excess_gamma_dose_rate,uSv/h,one_noise_free_measurement_per_executed_route_node
370,523120.920497467,5696924.290406497,50.0,1.0,0.1573136156799126,ground_equivalent_excess_gamma_dose_rate,uSv/h,one_noise_free_measurement_per_executed_route_node
371,523140.920497467,5696944.290406497,50.0,1.0,0.1543434231923998,ground_equivalent_excess_gamma_dose_rate,uSv/h,one_noise_free_measurement_per_executed_route_node
372,523160.920497467,5696944.290406497,50.0,1.0,0.16330594866843057,ground_equivalent_excess_gamma_dose_rate,uSv/h,one_noise_free_measurement_per_executed_route_node
373,523180.920497467,5696944.290406497,50.0,1.0,0.17241696681885332,ground_equivalent_excess_gamma_dose_rate,uSv/h,one_noise_free_measurement_per_executed_route_node
374,523200.920497467,5696964.290406497,50.0,1.0,0.16528317914862078,ground_equivalent_excess_gamma_dose_rate,uSv/h,one_noise_free_measurement_per_executed_route_node
375,523220.920497467,5696984.290406497,50.0,1.0,0.15712025845834693,ground_equivalent_excess_gamma_dose_rate,uSv/h,one_noise_free_measurement_per_executed_route_node
376,523240.920497467,5696984.290406497,50.0,1.0,0.16294688163590282,ground_equivalent_excess_gamma_dose_rate,uSv/h,one_noise_free_measurement_per_executed_route_node
377,523260.920497467,5696984.290406497,50.0,1.0,0.16831087237843634,ground_equivalent_excess_gamma_dose_rate,uSv/h,one_noise_free_measurement_per_executed_route_node
378,523280.920497467,5697004.290406496,50.0,1.0,0.15664857192102183,ground_equivalent_excess_gamma_dose_rate,uSv/h,one_noise_free_measurement_per_executed_route_node
379,523300.920497467,5697024.290406496,50.0,1.0,0.1451369280660591,ground_equivalent_excess_gamma_dose_rate,uSv/h,one_noise_free_measurement_per_executed_route_node
380,523320.920497467,5697024.290406496,50.0,1.0,0.14726536696010545,ground_equivalent_excess_gamma_dose_rate,uSv/h,one_noise_free_measurement_per_executed_route_node
381,523340.920497467,5697024.290406496,50.0,1.0,0.14874576641788223,ground_equivalent_excess_gamma_dose_rate,uSv/h,one_noise_free_measurement_per_executed_route_node
382,523360.920497467,5697024.290406496,50.0,1.0,0.14953722702831623,ground_equivalent_excess_gamma_dose_rate,uSv/h,one_noise_free_measurement_per_executed_route_node
383,523380.920497467,5697024.290406496,50.0,1.0,0.14961737762200616,ground_equivalent_excess_gamma_dose_rate,uSv/h,one_noise_free_measurement_per_executed_route_node
384,523400.920497467,5697044.290406496,50.0,1.0,0.13546382163078768,ground_equivalent_excess_gamma_dose_rate,uSv/h,one_noise_free_measurement_per_executed_route_node
385,523420.920497467,5697044.290406496,50.0,1.0,0.13436413215935167,ground_equivalent_excess_gamma_dose_rate,uSv/h,one_noise_free_measurement_per_executed_route_node
386,523440.920497467,5697044.290406496,50.0,1.0,0.1327161153085103,ground_equivalent_excess_gamma_dose_rate,uSv/h,one_noise_free_measurement_per_executed_route_node
387,523460.920497467,5697044.290406496,50.0,1.0,0.13056027543241538,ground_equivalent_excess_gamma_dose_rate,uSv/h,one_noise_free_measurement_per_executed_route_node
388,523480.920497467,5697024.290406496,50.0,1.0,0.13994227441769508,ground_equivalent_excess_gamma_dose_rate,uSv/h,one_noise_free_measurement_per_executed_route_node
389,523500.920497467,5697004.290406496,50.0,1.0,0.14933598841972684,ground_equivalent_excess_gamma_dose_rate,uSv/h,one_noise_free_measurement_per_executed_route_node
390,523520.920497467,5696984.290406497,50.0,1.0,0.15845812669640819,ground_equivalent_excess_gamma_dose_rate,uSv/h,one_noise_free_measurement_per_executed_route_node
391,523540.920497467,5696984.290406497,50.0,1.0,0.15236393228496564,ground_equivalent_excess_gamma_dose_rate,uSv/h,one_noise_free_measurement_per_executed_route_node
392,523560.920497467,5696984.290406497,50.0,1.0,0.14603548703815333,ground_equivalent_excess_gamma_dose_rate,uSv/h,one_noise_free_measurement_per_executed_route_node
393,523540.920497467,5697004.290406496,50.0,1.0,0.13948665328061488,ground_equivalent_excess_gamma_dose_rate,uSv/h,one_noise_free_measurement_per_executed_route_node
394,523520.920497467,5697024.290406496,50.0,1.0,0.13236900362825582,ground_equivalent_excess_gamma_dose_rate,uSv/h,one_noise_free_measurement_per_executed_route_node
395,523540.920497467,5697024.290406496,50.0,1.0,0.12808925163654783,ground_equivalent_excess_gamma_dose_rate,uSv/h,one_noise_free_measurement_per_executed_route_node
396,523520.920497467,5697044.290406496,50.0,1.0,0.12158719434807086,ground_equivalent_excess_gamma_dose_rate,uSv/h,one_noise_free_measurement_per_executed_route_node
397,523500.920497467,5697064.290406496,50.0,1.0,0.11486272737130654,ground_equivalent_excess_gamma_dose_rate,uSv/h,one_noise_free_measurement_per_executed_route_node
398,523480.920497467,5697084.290406496,50.0,1.0,0.10809013139353602,ground_equivalent_excess_gamma_dose_rate,uSv/h,one_noise_free_measurement_per_executed_route_node
399,523460.920497467,5697084.290406496,50.0,1.0,0.10994906192839415,ground_equivalent_excess_gamma_dose_rate,uSv/h,one_noise_free_measurement_per_executed_route_node
400,523440.920497467,5697084.290406496,50.0,1.0,0.11147398109055667,ground_equivalent_excess_gamma_dose_rate,uSv/h,one_noise_free_measurement_per_executed_route_node
401,523420.920497467,5697084.290406496,50.0,1.0,0.11263435788333781,ground_equivalent_excess_gamma_dose_rate,uSv/h,one_noise_free_measurement_per_executed_route_node
402,523400.920497467,5697084.290406496,50.0,1.0,0.11340609730415913,ground_equivalent_excess_gamma_dose_rate,uSv/h,one_noise_free_measurement_per_executed_route_node
403,523380.920497467,5697064.290406496,50.0,1.0,0.12413818883617928,ground_equivalent_excess_gamma_dose_rate,uSv/h,one_noise_free_measurement_per_executed_route_node
404,523360.920497467,5697064.290406496,50.0,1.0,0.124083007387503,ground_equivalent_excess_gamma_dose_rate,uSv/h,one_noise_free_measurement_per_executed_route_node
405,523340.920497467,5697064.290406496,50.0,1.0,0.12353756771104674,ground_equivalent_excess_gamma_dose_rate,uSv/h,one_noise_free_measurement_per_executed_route_node
406,523320.920497467,5697064.290406496,50.0,1.0,0.12251469659542386,ground_equivalent_excess_gamma_dose_rate,uSv/h,one_noise_free_measurement_per_executed_route_node
407,523300.920497467,5697064.290406496,50.0,1.0,0.12103799566667495,ground_equivalent_excess_gamma_dose_rate,uSv/h,one_noise_free_measurement_per_executed_route_node
408,523280.920497467,5697044.290406496,50.0,1.0,0.13001298773231895,ground_equivalent_excess_gamma_dose_rate,uSv/h,one_noise_free_measurement_per_executed_route_node
409,523260.920497467,5697024.290406496,50.0,1.0,0.1391747759340604,ground_equivalent_excess_gamma_dose_rate,uSv/h,one_noise_free_measurement_per_executed_route_node
410,523240.920497467,5697024.290406496,50.0,1.0,0.13548680634172344,ground_equivalent_excess_gamma_dose_rate,uSv/h,one_noise_free_measurement_per_executed_route_node
411,523220.920497467,5697024.290406496,50.0,1.0,0.13143411250115966,ground_equivalent_excess_gamma_dose_rate,uSv/h,one_noise_free_measurement_per_executed_route_node
412,523200.920497467,5697004.290406496,50.0,1.0,0.13831171266484604,ground_equivalent_excess_gamma_dose_rate,uSv/h,one_noise_free_measurement_per_executed_route_node
413,523180.920497467,5696984.290406497,50.0,1.0,0.14459817783401746,ground_equivalent_excess_gamma_dose_rate,uSv/h,one_noise_free_measurement_per_executed_route_node
414,523160.920497467,5696984.290406497,50.0,1.0,0.13813492389928722,ground_equivalent_excess_gamma_dose_rate,uSv/h,one_noise_free_measurement_per_executed_route_node
415,523160.920497467,5697004.290406496,50.0,1.0,0.1274663057668602,ground_equivalent_excess_gamma_dose_rate,uSv/h,one_noise_free_measurement_per_executed_route_node
416,523180.920497467,5697024.290406496,50.0,1.0,0.12255593287259287,ground_equivalent_excess_gamma_dose_rate,uSv/h,one_noise_free_measurement_per_executed_route_node
417,523200.920497467,5697044.290406496,50.0,1.0,0.11712524645880873,ground_equivalent_excess_gamma_dose_rate,uSv/h,one_noise_free_measurement_per_executed_route_node
418,523220.920497467,5697044.290406496,50.0,1.0,0.12079794537431832,ground_equivalent_excess_gamma_dose_rate,uSv/h,one_noise_free_measurement_per_executed_route_node
419,523240.920497467,5697064.290406496,50.0,1.0,0.11425156022809152,ground_equivalent_excess_gamma_dose_rate,uSv/h,one_noise_free_measurement_per_executed_route_node
420,523260.920497467,5697084.290406496,50.0,1.0,0.10763167901819681,ground_equivalent_excess_gamma_dose_rate,uSv/h,one_noise_free_measurement_per_executed_route_node
421,523280.920497467,5697104.290406496,50.0,1.0,0.10107877217021488,ground_equivalent_excess_gamma_dose_rate,uSv/h,one_noise_free_measurement_per_executed_route_node
422,523300.920497467,5697104.290406496,50.0,1.0,0.10244126024368694,ground_equivalent_excess_gamma_dose_rate,uSv/h,one_noise_free_measurement_per_executed_route_node
423,523320.920497467,5697104.290406496,50.0,1.0,0.10349706983461304,ground_equivalent_excess_gamma_dose_rate,uSv/h,one_noise_free_measurement_per_executed_route_node
424,523340.920497467,5697104.290406496,50.0,1.0,0.10422608769811753,ground_equivalent_excess_gamma_dose_rate,uSv/h,one_noise_free_measurement_per_executed_route_node
425,523360.920497467,5697104.290406496,50.0,1.0,0.10461406102275073,ground_equivalent_excess_gamma_dose_rate,uSv/h,one_noise_free_measurement_per_executed_route_node
426,523380.920497467,5697124.290406496,50.0,1.0,0.0965878070512649,ground_equivalent_excess_gamma_dose_rate,uSv/h,one_noise_free_measurement_per_executed_route_node
427,523400.920497467,5697124.290406496,50.0,1.0,0.09632341924049931,ground_equivalent_excess_gamma_dose_rate,uSv/h,one_noise_free_measurement_per_executed_route_node
428,523420.920497467,5697124.290406496,50.0,1.0,0.0957660961117357,ground_equivalent_excess_gamma_dose_rate,uSv/h,one_noise_free_measurement_per_executed_route_node
429,523440.920497467,5697124.290406496,50.0,1.0,0.09492595661603359,ground_equivalent_excess_gamma_dose_rate,uSv/h,one_noise_free_measurement_per_executed_route_node
430,523460.920497467,5697124.290406496,50.0,1.0,0.09381792390259053,ground_equivalent_excess_gamma_dose_rate,uSv/h,one_noise_free_measurement_per_executed_route_node
431,523480.920497467,5697124.290406496,50.0,1.0,0.09246107851930685,ground_equivalent_excess_gamma_dose_rate,uSv/h,one_noise_free_measurement_per_executed_route_node
432,523500.920497467,5697104.290406496,50.0,1.0,0.09798285063202988,ground_equivalent_excess_gamma_dose_rate,uSv/h,one_noise_free_measurement_per_executed_route_node
433,523520.920497467,5697084.290406496,50.0,1.0,0.10351566562867554,ground_equivalent_excess_gamma_dose_rate,uSv/h,one_noise_free_measurement_per_executed_route_node
434,523540.920497467,5697064.290406496,50.0,1.0,0.10894575918832256,ground_equivalent_excess_gamma_dose_rate,uSv/h,one_noise_free_measurement_per_executed_route_node
435,523560.920497467,5697064.290406496,50.0,1.0,0.10567141518735673,ground_equivalent_excess_gamma_dose_rate,uSv/h,one_noise_free_measurement_per_executed_route_node
436,523540.920497467,5697084.290406496,50.0,1.0,0.10087976073027188,ground_equivalent_excess_gamma_dose_rate,uSv/h,one_noise_free_measurement_per_executed_route_node
437,523520.920497467,5697104.290406496,50.0,1.0,0.09591143753108877,ground_equivalent_excess_gamma_dose_rate,uSv/h,one_noise_free_measurement_per_executed_route_node
438,523540.920497467,5697124.290406496,50.0,1.0,0.08713371088227129,ground_equivalent_excess_gamma_dose_rate,uSv/h,one_noise_free_measurement_per_executed_route_node
439,523520.920497467,5697144.290406496,50.0,1.0,0.0829592671298423,ground_equivalent_excess_gamma_dose_rate,uSv/h,one_noise_free_measurement_per_executed_route_node
440,523500.920497467,5697164.290406496,50.0,1.0,0.07876743184100798,ground_equivalent_excess_gamma_dose_rate,uSv/h,one_noise_free_measurement_per_executed_route_node
441,523480.920497467,5697184.290406496,50.0,1.0,0.07462075975355381,ground_equivalent_excess_gamma_dose_rate,uSv/h,one_noise_free_measurement_per_executed_route_node
442,523460.920497467,5697184.290406496,50.0,1.0,0.07550201927320799,ground_equivalent_excess_gamma_dose_rate,uSv/h,one_noise_free_measurement_per_executed_route_node
443,523440.920497467,5697184.290406496,50.0,1.0,0.07621799428408932,ground_equivalent_excess_gamma_dose_rate,uSv/h,one_noise_free_measurement_per_executed_route_node
444,523420.920497467,5697184.290406496,50.0,1.0,0.07675867342097131,ground_equivalent_excess_gamma_dose_rate,uSv/h,one_noise_free_measurement_per_executed_route_node
445,523400.920497467,5697184.290406496,50.0,1.0,0.07711630599667019,ground_equivalent_excess_gamma_dose_rate,uSv/h,one_noise_free_measurement_per_executed_route_node
446,523380.920497467,5697204.290406496,50.0,1.0,0.07212446880557949,ground_equivalent_excess_gamma_dose_rate,uSv/h,one_noise_free_measurement_per_executed_route_node
447,523360.920497467,5697224.290406496,50.0,1.0,0.06744719180738878,ground_equivalent_excess_gamma_dose_rate,uSv/h,one_noise_free_measurement_per_executed_route_node
448,523380.920497467,5697244.290406496,50.0,1.0,0.06324013339053319,ground_equivalent_excess_gamma_dose_rate,uSv/h,one_noise_free_measurement_per_executed_route_node
449,523400.920497467,5697244.290406496,50.0,1.0,0.0631266863939392,ground_equivalent_excess_gamma_dose_rate,uSv/h,one_noise_free_measurement_per_executed_route_node
450,523420.920497467,5697244.290406496,50.0,1.0,0.06288683836902759,ground_equivalent_excess_gamma_dose_rate,uSv/h,one_noise_free_measurement_per_executed_route_node
451,523440.920497467,5697244.290406496,50.0,1.0,0.06252346139018294,ground_equivalent_excess_gamma_dose_rate,uSv/h,one_noise_free_measurement_per_executed_route_node
452,523460.920497467,5697264.290406496,50.0,1.0,0.0583419497579426,ground_equivalent_excess_gamma_dose_rate,uSv/h,one_noise_free_measurement_per_executed_route_node
453,523480.920497467,5697264.290406496,50.0,1.0,0.05781435290530329,ground_equivalent_excess_gamma_dose_rate,uSv/h,one_noise_free_measurement_per_executed_route_node
454,523480.920497467,5697244.290406496,50.0,1.0,0.06144456925938824,ground_equivalent_excess_gamma_dose_rate,uSv/h,one_noise_free_measurement_per_executed_route_node
455,523500.920497467,5697224.290406496,50.0,1.0,0.06462729928823324,ground_equivalent_excess_gamma_dose_rate,uSv/h,one_noise_free_measurement_per_executed_route_node
456,523520.920497467,5697204.290406496,50.0,1.0,0.06786174243073595,ground_equivalent_excess_gamma_dose_rate,uSv/h,one_noise_free_measurement_per_executed_route_node
457,523500.920497467,5697204.290406496,50.0,1.0,0.06889222696517266,ground_equivalent_excess_gamma_dose_rate,uSv/h,one_noise_free_measurement_per_executed_route_node
458,523480.920497467,5697224.290406496,50.0,1.0,0.06542396163052433,ground_equivalent_excess_gamma_dose_rate,uSv/h,one_noise_free_measurement_per_executed_route_node
459,523500.920497467,5697204.290406496,50.0,1.0,0.06889222696517266,ground_equivalent_excess_gamma_dose_rate,uSv/h,one_noise_free_measurement_per_executed_route_node
460,523520.920497467,5697204.290406496,50.0,1.0,0.06786174243073595,ground_equivalent_excess_gamma_dose_rate,uSv/h,one_noise_free_measurement_per_executed_route_node
461,523520.920497467,5697184.290406496,50.0,1.0,0.07241165456675369,ground_equivalent_excess_gamma_dose_rate,uSv/h,one_noise_free_measurement_per_executed_route_node
462,523500.920497467,5697184.290406496,50.0,1.0,0.07358614853791134,ground_equivalent_excess_gamma_dose_rate,uSv/h,one_noise_free_measurement_per_executed_route_node
463,523480.920497467,5697184.290406496,50.0,1.0,0.07462075975355381,ground_equivalent_excess_gamma_dose_rate,uSv/h,one_noise_free_measurement_per_executed_route_node
464,523480.920497467,5697204.290406496,50.0,1.0,0.06979824357693815,ground_equivalent_excess_gamma_dose_rate,uSv/h,one_noise_free_measurement_per_executed_route_node
465,523460.920497467,5697224.290406496,50.0,1.0,0.06610039729354167,ground_equivalent_excess_gamma_dose_rate,uSv/h,one_noise_free_measurement_per_executed_route_node
466,523440.920497467,5697224.290406496,50.0,1.0,0.06664851817797662,ground_equivalent_excess_gamma_dose_rate,uSv/h,one_noise_free_measurement_per_executed_route_node
467,523460.920497467,5697244.290406496,50.0,1.0,0.062040844523035765,ground_equivalent_excess_gamma_dose_rate,uSv/h,one_noise_free_measurement_per_executed_route_node
468,523440.920497467,5697264.290406496,50.0,1.0,0.05876853674023852,ground_equivalent_excess_gamma_dose_rate,uSv/h,one_noise_free_measurement_per_executed_route_node
469,523420.920497467,5697284.290406496,50.0,1.0,0.05562539082146312,ground_equivalent_excess_gamma_dose_rate,uSv/h,one_noise_free_measurement_per_executed_route_node
470,523400.920497467,5697304.290406496,50.0,1.0,0.05262355854276107,ground_equivalent_excess_gamma_dose_rate,uSv/h,one_noise_free_measurement_per_executed_route_node
471,523380.920497467,5697304.290406496,50.0,1.0,0.05270237149630769,ground_equivalent_excess_gamma_dose_rate,uSv/h,one_noise_free_measurement_per_executed_route_node
472,523360.920497467,5697284.290406496,50.0,1.0,0.055890435479742484,ground_equivalent_excess_gamma_dose_rate,uSv/h,one_noise_free_measurement_per_executed_route_node
473,523340.920497467,5697284.290406496,50.0,1.0,0.055779505859788026,ground_equivalent_excess_gamma_dose_rate,uSv/h,one_noise_free_measurement_per_executed_route_node
474,523320.920497467,5697284.290406496,50.0,1.0,0.05557002279589912,ground_equivalent_excess_gamma_dose_rate,uSv/h,one_noise_free_measurement_per_executed_route_node
475,523300.920497467,5697284.290406496,50.0,1.0,0.05526420193007692,ground_equivalent_excess_gamma_dose_rate,uSv/h,one_noise_free_measurement_per_executed_route_node
476,523280.920497467,5697264.290406496,50.0,1.0,0.05823241205987195,ground_equivalent_excess_gamma_dose_rate,uSv/h,one_noise_free_measurement_per_executed_route_node
477,523280.920497467,5697244.290406496,50.0,1.0,0.061916991833775026,ground_equivalent_excess_gamma_dose_rate,uSv/h,one_noise_free_measurement_per_executed_route_node
478,523300.920497467,5697224.290406496,50.0,1.0,0.06653731193418838,ground_equivalent_excess_gamma_dose_rate,uSv/h,one_noise_free_measurement_per_executed_route_node
479,523280.920497467,5697204.290406496,50.0,1.0,0.07040849222723777,ground_equivalent_excess_gamma_dose_rate,uSv/h,one_noise_free_measurement_per_executed_route_node
480,523260.920497467,5697204.290406496,50.0,1.0,0.06960678969979667,ground_equivalent_excess_gamma_dose_rate,uSv/h,one_noise_free_measurement_per_executed_route_node
481,523240.920497467,5697204.290406496,50.0,1.0,0.06867189981327426,ground_equivalent_excess_gamma_dose_rate,uSv/h,one_noise_free_measurement_per_executed_route_node
482,523220.920497467,5697184.290406496,50.0,1.0,0.07213098393730644,ground_equivalent_excess_gamma_dose_rate,uSv/h,one_noise_free_measurement_per_executed_route_node
483,523200.920497467,5697184.290406496,50.0,1.0,0.07080523140787859,ground_equivalent_excess_gamma_dose_rate,uSv/h,one_noise_free_measurement_per_executed_route_node
484,523180.920497467,5697184.290406496,50.0,1.0,0.06937298723278507,ground_equivalent_excess_gamma_dose_rate,uSv/h,one_noise_free_measurement_per_executed_route_node
485,523160.920497467,5697164.290406496,50.0,1.0,0.07223083192809293,ground_equivalent_excess_gamma_dose_rate,uSv/h,one_noise_free_measurement_per_executed_route_node
486,523140.920497467,5697164.290406496,50.0,1.0,0.07042210952693356,ground_equivalent_excess_gamma_dose_rate,uSv/h,one_noise_free_measurement_per_executed_route_node
487,523120.920497467,5697164.290406496,50.0,1.0,0.06855105169086928,ground_equivalent_excess_gamma_dose_rate,uSv/h,one_noise_free_measurement_per_executed_route_node
488,523100.920497467,5697164.290406496,50.0,1.0,0.0666344570935834,ground_equivalent_excess_gamma_dose_rate,uSv/h,one_noise_free_measurement_per_executed_route_node
489,523080.920497467,5697144.290406496,50.0,1.0,0.06850759615986196,ground_equivalent_excess_gamma_dose_rate,uSv/h,one_noise_free_measurement_per_executed_route_node
490,523060.920497467,5697124.290406496,50.0,1.0,0.0701725221445722,ground_equivalent_excess_gamma_dose_rate,uSv/h,one_noise_free_measurement_per_executed_route_node
491,523040.920497467,5697144.290406496,50.0,1.0,0.0641186501838254,ground_equivalent_excess_gamma_dose_rate,uSv/h,one_noise_free_measurement_per_executed_route_node
492,523020.920497467,5697144.290406496,50.0,1.0,0.06194378858761529,ground_equivalent_excess_gamma_dose_rate,uSv/h,one_noise_free_measurement_per_executed_route_node
493,523000.920497467,5697144.290406496,50.0,1.0,0.05979698530647254,ground_equivalent_excess_gamma_dose_rate,uSv/h,one_noise_free_measurement_per_executed_route_node
494,522980.9204974669,5697124.290406496,50.0,1.0,0.060587987430752055,ground_equivalent_excess_gamma_dose_rate,uSv/h,one_noise_free_measurement_per_executed_route_node
495,522960.9204974669,5697124.290406496,50.0,1.0,0.058314123638829485,ground_equivalent_excess_gamma_dose_rate,uSv/h,one_noise_free_measurement_per_executed_route_node
496,522940.9204974669,5697124.290406496,50.0,1.0,0.056103856326502666,ground_equivalent_excess_gamma_dose_rate,uSv/h,one_noise_free_measurement_per_executed_route_node
497,522920.9204974669,5697124.290406496,50.0,1.0,0.05396168005237978,ground_equivalent_excess_gamma_dose_rate,uSv/h,one_noise_free_measurement_per_executed_route_node
498,522900.9204974669,5697124.290406496,50.0,1.0,0.051890765801973604,ground_equivalent_excess_gamma_dose_rate,uSv/h,one_noise_free_measurement_per_executed_route_node
499,522880.9204974669,5697104.290406496,50.0,1.0,0.051961758170665395,ground_equivalent_excess_gamma_dose_rate,uSv/h,one_noise_free_measurement_per_executed_route_node
500,522860.9204974669,5697084.290406496,50.0,1.0,0.051860244815250534,ground_equivalent_excess_gamma_dose_rate,uSv/h,one_noise_free_measurement_per_executed_route_node
501,522840.9204974669,5697064.290406496,50.0,1.0,0.05158823694686426,ground_equivalent_excess_gamma_dose_rate,uSv/h,one_noise_free_measurement_per_executed_route_node
502,522820.9204974669,5697044.290406496,50.0,1.0,0.051151065961758724,ground_equivalent_excess_gamma_dose_rate,uSv/h,one_noise_free_measurement_per_executed_route_node
503,522800.9204974669,5697024.290406496,50.0,1.0,0.05055712560386039,ground_equivalent_excess_gamma_dose_rate,uSv/h,one_noise_free_measurement_per_executed_route_node
504,522780.9204974669,5697024.290406496,50.0,1.0,0.0482830827464783,ground_equivalent_excess_gamma_dose_rate,uSv/h,one_noise_free_measurement_per_executed_route_node
505,522760.9204974669,5697044.290406496,50.0,1.0,0.04475337811893698,ground_equivalent_excess_gamma_dose_rate,uSv/h,one_noise_free_measurement_per_executed_route_node
506,522740.9204974669,5697044.290406496,50.0,1.0,0.04284441618945492,ground_equivalent_excess_gamma_dose_rate,uSv/h,one_noise_free_measurement_per_executed_route_node
507,522720.9204974669,5697044.290406496,50.0,1.0,0.04103768419137682,ground_equivalent_excess_gamma_dose_rate,uSv/h,one_noise_free_measurement_per_executed_route_node
508,522700.9204974669,5697044.290406496,50.0,1.0,0.0393276092936746,ground_equivalent_excess_gamma_dose_rate,uSv/h,one_noise_free_measurement_per_executed_route_node
509,522680.9204974669,5697064.290406496,50.0,1.0,0.03673644690627781,ground_equivalent_excess_gamma_dose_rate,uSv/h,one_noise_free_measurement_per_executed_route_node
510,522660.9204974669,5697084.290406496,50.0,1.0,0.034389767231362584,ground_equivalent_excess_gamma_dose_rate,uSv/h,one_noise_free_measurement_per_executed_route_node
511,522680.9204974669,5697104.290406496,50.0,1.0,0.034818036580349376,ground_equivalent_excess_gamma_dose_rate,uSv/h,one_noise_free_measurement_per_executed_route_node
512,522700.9204974669,5697104.290406496,50.0,1.0,0.03619363941346304,ground_equivalent_excess_gamma_dose_rate,uSv/h,one_noise_free_measurement_per_executed_route_node
513,522720.9204974669,5697104.290406496,50.0,1.0,0.0376370247200819,ground_equivalent_excess_gamma_dose_rate,uSv/h,one_noise_free_measurement_per_executed_route_node
514,522740.9204974669,5697104.290406496,50.0,1.0,0.039151203163545534,ground_equivalent_excess_gamma_dose_rate,uSv/h,one_noise_free_measurement_per_executed_route_node
515,522760.9204974669,5697124.290406496,50.0,1.0,0.03945655942793949,ground_equivalent_excess_gamma_dose_rate,uSv/h,one_noise_free_measurement_per_executed_route_node
516,522780.9204974669,5697124.290406496,50.0,1.0,0.04101597219809583,ground_equivalent_excess_gamma_dose_rate,uSv/h,one_noise_free_measurement_per_executed_route_node
517,522800.9204974669,5697124.290406496,50.0,1.0,0.042645444316333214,ground_equivalent_excess_gamma_dose_rate,uSv/h,one_noise_free_measurement_per_executed_route_node
518,522820.9204974669,5697124.290406496,50.0,1.0,0.04434672166189835,ground_equivalent_excess_gamma_dose_rate,uSv/h,one_noise_free_measurement_per_executed_route_node
519,522840.9204974669,5697124.290406496,50.0,1.0,0.04612120915754181,ground_equivalent_excess_gamma_dose_rate,uSv/h,one_noise_free_measurement_per_executed_route_node
520,522860.9204974669,5697144.290406496,50.0,1.0,0.04613327503479453,ground_equivalent_excess_gamma_dose_rate,uSv/h,one_noise_free_measurement_per_executed_route_node
521,522840.9204974669,5697164.290406496,50.0,1.0,0.042782904743793565,ground_equivalent_excess_gamma_dose_rate,uSv/h,one_noise_free_measurement_per_executed_route_node
522,522820.9204974669,5697184.290406496,50.0,1.0,0.03978465992037797,ground_equivalent_excess_gamma_dose_rate,uSv/h,one_noise_free_measurement_per_executed_route_node
523,522800.9204974669,5697204.290406496,50.0,1.0,0.0370908736838067,ground_equivalent_excess_gamma_dose_rate,uSv/h,one_noise_free_measurement_per_executed_route_node
524,522780.9204974669,5697224.290406496,50.0,1.0,0.03466167972852788,ground_equivalent_excess_gamma_dose_rate,uSv/h,one_noise_free_measurement_per_executed_route_node
525,522800.9204974669,5697244.290406496,50.0,1.0,0.03459174255059003,ground_equivalent_excess_gamma_dose_rate,uSv/h,one_noise_free_measurement_per_executed_route_node
526,522780.9204974669,5697264.290406496,50.0,1.0,0.03240217338154547,ground_equivalent_excess_gamma_dose_rate,uSv/h,one_noise_free_measurement_per_executed_route_node
527,522760.9204974669,5697284.290406496,50.0,1.0,0.030413975567983198,ground_equivalent_excess_gamma_dose_rate,uSv/h,one_noise_free_measurement_per_executed_route_node
528,522780.9204974669,5697304.290406496,50.0,1.0,0.03030123927823375,ground_equivalent_excess_gamma_dose_rate,uSv/h,one_noise_free_measurement_per_executed_route_node
529,522800.9204974669,5697304.290406496,50.0,1.0,0.031181431904065915,ground_equivalent_excess_gamma_dose_rate,uSv/h,one_noise_free_measurement_per_executed_route_node
530,522820.9204974669,5697324.290406496,50.0,1.0,0.030970589788815756,ground_equivalent_excess_gamma_dose_rate,uSv/h,one_noise_free_measurement_per_executed_route_node
531,522840.9204974669,5697324.290406496,50.0,1.0,0.031825732549223634,ground_equivalent_excess_gamma_dose_rate,uSv/h,one_noise_free_measurement_per_executed_route_node
532,522860.9204974669,5697344.290406496,50.0,1.0,0.031510509066722314,ground_equivalent_excess_gamma_dose_rate,uSv/h,one_noise_free_measurement_per_executed_route_node
533,522880.9204974669,5697364.290406496,50.0,1.0,0.031139286858528653,ground_equivalent_excess_gamma_dose_rate,uSv/h,one_noise_free_measurement_per_executed_route_node
534,522900.9204974669,5697344.290406496,50.0,1.0,0.03315619161770167,ground_equivalent_excess_gamma_dose_rate,uSv/h,one_noise_free_measurement_per_executed_route_node
535,522900.9204974669,5697324.290406496,50.0,1.0,0.03447043521112633,ground_equivalent_excess_gamma_dose_rate,uSv/h,one_noise_free_measurement_per_executed_route_node
536,522880.9204974669,5697304.290406496,50.0,1.0,0.034886919386416665,ground_equivalent_excess_gamma_dose_rate,uSv/h,one_noise_free_measurement_per_executed_route_node
537,522860.9204974669,5697284.290406496,50.0,1.0,0.03523395966241505,ground_equivalent_excess_gamma_dose_rate,uSv/h,one_noise_free_measurement_per_executed_route_node
538,522840.9204974669,5697264.290406496,50.0,1.0,0.03550710167834062,ground_equivalent_excess_gamma_dose_rate,uSv/h,one_noise_free_measurement_per_executed_route_node
539,522860.9204974669,5697244.290406496,50.0,1.0,0.03801430592718846,ground_equivalent_excess_gamma_dose_rate,uSv/h,one_noise_free_measurement_per_executed_route_node
540,522880.9204974669,5697244.290406496,50.0,1.0,0.03921214389636368,ground_equivalent_excess_gamma_dose_rate,uSv/h,one_noise_free_measurement_per_executed_route_node
541,522900.9204974669,5697264.290406496,50.0,1.0,0.03883098112844896,ground_equivalent_excess_gamma_dose_rate,uSv/h,one_noise_free_measurement_per_executed_route_node
542,522920.9204974669,5697284.290406496,50.0,1.0,0.03836273663519807,ground_equivalent_excess_gamma_dose_rate,uSv/h,one_noise_free_measurement_per_executed_route_node
543,522940.9204974669,5697304.290406496,50.0,1.0,0.037813915163697476,ground_equivalent_excess_gamma_dose_rate,uSv/h,one_noise_free_measurement_per_executed_route_node
544,522960.9204974669,5697324.290406496,50.0,1.0,0.03719183709379403,ground_equivalent_excess_gamma_dose_rate,uSv/h,one_noise_free_measurement_per_executed_route_node
545,522960.9204974669,5697344.290406496,50.0,1.0,0.03566647725193997,ground_equivalent_excess_gamma_dose_rate,uSv/h,one_noise_free_measurement_per_executed_route_node
546,522980.9204974669,5697364.290406496,50.0,1.0,0.03499457077246271,ground_equivalent_excess_gamma_dose_rate,uSv/h,one_noise_free_measurement_per_executed_route_node
547,523000.920497467,5697364.290406496,50.0,1.0,0.0357599065801891,ground_equivalent_excess_gamma_dose_rate,uSv/h,one_noise_free_measurement_per_executed_route_node
548,523020.920497467,5697364.290406496,50.0,1.0,0.036516745820493635,ground_equivalent_excess_gamma_dose_rate,uSv/h,one_noise_free_measurement_per_executed_route_node
549,523040.920497467,5697364.290406496,50.0,1.0,0.03726183069337846,ground_equivalent_excess_gamma_dose_rate,uSv/h,one_noise_free_measurement_per_executed_route_node
550,523060.920497467,5697344.290406496,50.0,1.0,0.03977784863523667,ground_equivalent_excess_gamma_dose_rate,uSv/h,one_noise_free_measurement_per_executed_route_node
551,523080.920497467,5697344.290406496,50.0,1.0,0.04055801729985836,ground_equivalent_excess_gamma_dose_rate,uSv/h,one_noise_free_measurement_per_executed_route_node
552,523100.920497467,5697344.290406496,50.0,1.0,0.04131470804445031,ground_equivalent_excess_gamma_dose_rate,uSv/h,one_noise_free_measurement_per_executed_route_node
553,523120.920497467,5697324.290406496,50.0,1.0,0.04417944401611881,ground_equivalent_excess_gamma_dose_rate,uSv/h,one_noise_free_measurement_per_executed_route_node
554,523140.920497467,5697324.290406496,50.0,1.0,0.04494911560756645,ground_equivalent_excess_gamma_dose_rate,uSv/h,one_noise_free_measurement_per_executed_route_node
555,523160.920497467,5697304.290406496,50.0,1.0,0.04813736153245715,ground_equivalent_excess_gamma_dose_rate,uSv/h,one_noise_free_measurement_per_executed_route_node
556,523180.920497467,5697304.290406496,50.0,1.0,0.04889903259456169,ground_equivalent_excess_gamma_dose_rate,uSv/h,one_noise_free_measurement_per_executed_route_node
557,523200.920497467,5697284.290406496,50.0,1.0,0.052430663818282375,ground_equivalent_excess_gamma_dose_rate,uSv/h,one_noise_free_measurement_per_executed_route_node
558,523220.920497467,5697264.290406496,50.0,1.0,0.05630848042133624,ground_equivalent_excess_gamma_dose_rate,uSv/h,one_noise_free_measurement_per_executed_route_node
559,523240.920497467,5697284.290406496,50.0,1.0,0.053804970552044085,ground_equivalent_excess_gamma_dose_rate,uSv/h,one_noise_free_measurement_per_executed_route_node
560,523240.920497467,5697304.290406496,50.0,1.0,0.05083482191649985,ground_equivalent_excess_gamma_dose_rate,uSv/h,one_noise_free_measurement_per_executed_route_node
561,523220.920497467,5697324.290406496,50.0,1.0,0.047580418843625405,ground_equivalent_excess_gamma_dose_rate,uSv/h,one_noise_free_measurement_per_executed_route_node
562,523200.920497467,5697344.290406496,50.0,1.0,0.044590019667484604,ground_equivalent_excess_gamma_dose_rate,uSv/h,one_noise_free_measurement_per_executed_route_node
563,523180.920497467,5697364.290406496,50.0,1.0,0.041840939105176084,ground_equivalent_excess_gamma_dose_rate,uSv/h,one_noise_free_measurement_per_executed_route_node
564,523160.920497467,5697364.290406496,50.0,1.0,0.04128202213996532,ground_equivalent_excess_gamma_dose_rate,uSv/h,one_noise_free_measurement_per_executed_route_node
565,523140.920497467,5697384.290406496,50.0,1.0,0.03877003819970126,ground_equivalent_excess_gamma_dose_rate,uSv/h,one_noise_free_measurement_per_executed_route_node
566,523120.920497467,5697384.290406496,50.0,1.0,0.03819608153871373,ground_equivalent_excess_gamma_dose_rate,uSv/h,one_noise_free_measurement_per_executed_route_node
567,523100.920497467,5697404.290406496,50.0,1.0,0.03591155552145314,ground_equivalent_excess_gamma_dose_rate,uSv/h,one_noise_free_measurement_per_executed_route_node
568,523080.920497467,5697404.290406496,50.0,1.0,0.035338470596125576,ground_equivalent_excess_gamma_dose_rate,uSv/h,one_noise_free_measurement_per_executed_route_node
569,523060.920497467,5697404.290406496,50.0,1.0,0.03474471596293224,ground_equivalent_excess_gamma_dose_rate,uSv/h,one_noise_free_measurement_per_executed_route_node
570,523040.920497467,5697424.290406496,50.0,1.0,0.03270662116316911,ground_equivalent_excess_gamma_dose_rate,uSv/h,one_noise_free_measurement_per_executed_route_node
571,523020.920497467,5697424.290406496,50.0,1.0,0.032131165785420884,ground_equivalent_excess_gamma_dose_rate,uSv/h,one_noise_free_measurement_per_executed_route_node
572,523000.920497467,5697444.290406496,50.0,1.0,0.03029208353836213,ground_equivalent_excess_gamma_dose_rate,uSv/h,one_noise_free_measurement_per_executed_route_node
573,522980.9204974669,5697464.290406496,50.0,1.0,0.028599685582584022,ground_equivalent_excess_gamma_dose_rate,uSv/h,one_noise_free_measurement_per_executed_route_node
574,522960.9204974669,5697444.290406496,50.0,1.0,0.029182518721059036,ground_equivalent_excess_gamma_dose_rate,uSv/h,one_noise_free_measurement_per_executed_route_node
575,522940.9204974669,5697444.290406496,50.0,1.0,0.02861830325321857,ground_equivalent_excess_gamma_dose_rate,uSv/h,one_noise_free_measurement_per_executed_route_node
576,522920.9204974669,5697424.290406496,50.0,1.0,0.029120267944467648,ground_equivalent_excess_gamma_dose_rate,uSv/h,one_noise_free_measurement_per_executed_route_node
577,522900.9204974669,5697424.290406496,50.0,1.0,0.028506331697614018,ground_equivalent_excess_gamma_dose_rate,uSv/h,one_noise_free_measurement_per_executed_route_node
578,522880.9204974669,5697424.290406496,50.0,1.0,0.02789282935843629,ground_equivalent_excess_gamma_dose_rate,uSv/h,one_noise_free_measurement_per_executed_route_node
579,522860.9204974669,5697404.290406496,50.0,1.0,0.02826681009864293,ground_equivalent_excess_gamma_dose_rate,uSv/h,one_noise_free_measurement_per_executed_route_node
580,522840.9204974669,5697384.290406496,50.0,1.0,0.02859851563680091,ground_equivalent_excess_gamma_dose_rate,uSv/h,one_noise_free_measurement_per_executed_route_node
581,522820.9204974669,5697384.290406496,50.0,1.0,0.027906120986496197,ground_equivalent_excess_gamma_dose_rate,uSv/h,one_noise_free_measurement_per_executed_route_node
582,522800.9204974669,5697364.290406496,50.0,1.0,0.02815307153265617,ground_equivalent_excess_gamma_dose_rate,uSv/h,one_noise_free_measurement_per_executed_route_node
583,522780.9204974669,5697364.290406496,50.0,1.0,0.02743357376543415,ground_equivalent_excess_gamma_dose_rate,uSv/h,one_noise_free_measurement_per_executed_route_node
584,522760.9204974669,5697344.290406496,50.0,1.0,0.027598878638818464,ground_equivalent_excess_gamma_dose_rate,uSv/h,one_noise_free_measurement_per_executed_route_node
585,522740.9204974669,5697324.290406496,50.0,1.0,0.027716933735136007,ground_equivalent_excess_gamma_dose_rate,uSv/h,one_noise_free_measurement_per_executed_route_node
586,522720.9204974669,5697304.290406496,50.0,1.0,0.027786501370256178,ground_equivalent_excess_gamma_dose_rate,uSv/h,one_noise_free_measurement_per_executed_route_node
587,522700.9204974669,5697284.290406496,50.0,1.0,0.02780684476046602,ground_equivalent_excess_gamma_dose_rate,uSv/h,one_noise_free_measurement_per_executed_route_node
588,522720.9204974669,5697264.290406496,50.0,1.0,0.0295430797490725,ground_equivalent_excess_gamma_dose_rate,uSv/h,one_noise_free_measurement_per_executed_route_node
589,522700.9204974669,5697244.290406496,50.0,1.0,0.029510237472480716,ground_equivalent_excess_gamma_dose_rate,uSv/h,one_noise_free_measurement_per_executed_route_node
590,522680.9204974669,5697224.290406496,50.0,1.0,0.029421961898185384,ground_equivalent_excess_gamma_dose_rate,uSv/h,one_noise_free_measurement_per_executed_route_node
591,522660.9204974669,5697224.290406496,50.0,1.0,0.028480455047157016,ground_equivalent_excess_gamma_dose_rate,uSv/h,one_noise_free_measurement_per_executed_route_node
592,522640.9204974669,5697224.290406496,50.0,1.0,0.027572986351081324,ground_equivalent_excess_gamma_dose_rate,uSv/h,one_noise_free_measurement_per_executed_route_node
593,522620.9204974669,5697204.290406496,50.0,1.0,0.02739947344012683,ground_equivalent_excess_gamma_dose_rate,uSv/h,one_noise_free_measurement_per_executed_route_node
594,522600.9204974669,5697204.290406496,50.0,1.0,0.02651350053671958,ground_equivalent_excess_gamma_dose_rate,uSv/h,one_noise_free_measurement_per_executed_route_node
595,522580.9204974669,5697184.290406496,50.0,1.0,0.026286524994541205,ground_equivalent_excess_gamma_dose_rate,uSv/h,one_noise_free_measurement_per_executed_route_node
596,522560.9204974669,5697184.290406496,50.0,1.0,0.02542854254620866,ground_equivalent_excess_gamma_dose_rate,uSv/h,one_noise_free_measurement_per_executed_route_node
597,522540.9204974669,5697164.290406496,50.0,1.0,0.025158778207403365,ground_equivalent_excess_gamma_dose_rate,uSv/h,one_noise_free_measurement_per_executed_route_node
598,522520.9204974669,5697164.290406496,50.0,1.0,0.02433377733092451,ground_equivalent_excess_gamma_dose_rate,uSv/h,one_noise_free_measurement_per_executed_route_node
599,522500.9204974669,5697164.290406496,50.0,1.0,0.023543414290557535,ground_equivalent_excess_gamma_dose_rate,uSv/h,one_noise_free_measurement_per_executed_route_node
600,522480.9204974669,5697144.290406496,50.0,1.0,0.023242628477913085,ground_equivalent_excess_gamma_dose_rate,uSv/h,one_noise_free_measurement_per_executed_route_node
601,522460.9204974669,5697144.290406496,50.0,1.0,0.022488093360086947,ground_equivalent_excess_gamma_dose_rate,uSv/h,one_noise_free_measurement_per_executed_route_node
602,522440.9204974669,5697164.290406496,50.0,1.0,0.02136502411917099,ground_equivalent_excess_gamma_dose_rate,uSv/h,one_noise_free_measurement_per_executed_route_node
603,522420.9204974669,5697144.290406496,50.0,1.0,0.021074308831595612,ground_equivalent_excess_gamma_dose_rate,uSv/h,one_noise_free_measurement_per_executed_route_node
604,522420.9204974669,5697124.290406496,50.0,1.0,0.02144945581777516,ground_equivalent_excess_gamma_dose_rate,uSv/h,one_noise_free_measurement_per_executed_route_node
605,522440.9204974669,5697104.290406496,50.0,1.0,0.022565348217126774,ground_equivalent_excess_gamma_dose_rate,uSv/h,one_noise_free_measurement_per_executed_route_node
606,522460.9204974669,5697084.290406496,50.0,1.0,0.02376751114703446,ground_equivalent_excess_gamma_dose_rate,uSv/h,one_noise_free_measurement_per_executed_route_node
607,522480.9204974669,5697084.290406496,50.0,1.0,0.024611956251931327,ground_equivalent_excess_gamma_dose_rate,uSv/h,one_noise_free_measurement_per_executed_route_node
608,522500.9204974669,5697084.290406496,50.0,1.0,0.025497795685847924,ground_equivalent_excess_gamma_dose_rate,uSv/h,one_noise_free_measurement_per_executed_route_node
609,522520.9204974669,5697084.290406496,50.0,1.0,0.026427414626935458,ground_equivalent_excess_gamma_dose_rate,uSv/h,one_noise_free_measurement_per_executed_route_node
610,522540.9204974669,5697084.290406496,50.0,1.0,0.027403332781384238,ground_equivalent_excess_gamma_dose_rate,uSv/h,one_noise_free_measurement_per_executed_route_node
611,522560.9204974669,5697084.290406496,50.0,1.0,0.028428207841902642,ground_equivalent_excess_gamma_dose_rate,uSv/h,one_noise_free_measurement_per_executed_route_node
612,522580.9204974669,5697084.290406496,50.0,1.0,0.02950483782684185,ground_equivalent_excess_gamma_dose_rate,uSv/h,one_noise_free_measurement_per_executed_route_node
613,522600.9204974669,5697084.290406496,50.0,1.0,0.03063616192832322,ground_equivalent_excess_gamma_dose_rate,uSv/h,one_noise_free_measurement_per_executed_route_node
614,522620.9204974669,5697064.290406496,50.0,1.0,0.03258637706293646,ground_equivalent_excess_gamma_dose_rate,uSv/h,one_noise_free_measurement_per_executed_route_node
615,522600.9204974669,5697044.290406496,50.0,1.0,0.0320457960262191,ground_equivalent_excess_gamma_dose_rate,uSv/h,one_noise_free_measurement_per_executed_route_node
616,522600.9204974669,5697024.290406496,50.0,1.0,0.0327488433149723,ground_equivalent_excess_gamma_dose_rate,uSv/h,one_noise_free_measurement_per_executed_route_node
617,522620.9204974669,5697004.290406496,50.0,1.0,0.034870013461777705,ground_equivalent_excess_gamma_dose_rate,uSv/h,one_noise_free_measurement_per_executed_route_node
618,522640.9204974669,5697024.290406496,50.0,1.0,0.035551428691439235,ground_equivalent_excess_gamma_dose_rate,uSv/h,one_noise_free_measurement_per_executed_route_node
619,522660.9204974669,5697024.290406496,50.0,1.0,0.03707454771577537,ground_equivalent_excess_gamma_dose_rate,uSv/h,one_noise_free_measurement_per_executed_route_node
620,522680.9204974669,5697004.290406496,50.0,1.0,0.039664929153783446,ground_equivalent_excess_gamma_dose_rate,uSv/h,one_noise_free_measurement_per_executed_route_node
621,522660.9204974669,5696984.290406497,50.0,1.0,0.03886686130003561,ground_equivalent_excess_gamma_dose_rate,uSv/h,one_noise_free_measurement_per_executed_route_node
622,522660.9204974669,5696964.290406497,50.0,1.0,0.03975361103968705,ground_equivalent_excess_gamma_dose_rate,uSv/h,one_noise_free_measurement_per_executed_route_node
623,522680.9204974669,5696944.290406497,50.0,1.0,0.04257229737938817,ground_equivalent_excess_gamma_dose_rate,uSv/h,one_noise_free_measurement_per_executed_route_node
624,522700.9204974669,5696964.290406497,50.0,1.0,0.04359239198226908,ground_equivalent_excess_gamma_dose_rate,uSv/h,one_noise_free_measurement_per_executed_route_node
625,522720.9204974669,5696964.290406497,50.0,1.0,0.04570342072746006,ground_equivalent_excess_gamma_dose_rate,uSv/h,one_noise_free_measurement_per_executed_route_node
626,522740.9204974669,5696964.290406497,50.0,1.0,0.04795560946926719,ground_equivalent_excess_gamma_dose_rate,uSv/h,one_noise_free_measurement_per_executed_route_node
627,522760.9204974669,5696964.290406497,50.0,1.0,0.05035998454996021,ground_equivalent_excess_gamma_dose_rate,uSv/h,one_noise_free_measurement_per_executed_route_node
628,522780.9204974669,5696964.290406497,50.0,1.0,0.05292838722046833,ground_equivalent_excess_gamma_dose_rate,uSv/h,one_noise_free_measurement_per_executed_route_node
629,522800.9204974669,5696964.290406497,50.0,1.0,0.055673488524316805,ground_equivalent_excess_gamma_dose_rate,uSv/h,one_noise_free_measurement_per_executed_route_node
630,522820.9204974669,5696964.290406497,50.0,1.0,0.05860878596476932,ground_equivalent_excess_gamma_dose_rate,uSv/h,one_noise_free_measurement_per_executed_route_node
631,522840.9204974669,5696944.290406497,50.0,1.0,0.06388635702108147,ground_equivalent_excess_gamma_dose_rate,uSv/h,one_noise_free_measurement_per_executed_route_node
632,522820.9204974669,5696924.290406497,50.0,1.0,0.06245914775084016,ground_equivalent_excess_gamma_dose_rate,uSv/h,one_noise_free_measurement_per_executed_route_node
633,522800.9204974669,5696904.290406497,50.0,1.0,0.060856361675007076,ground_equivalent_excess_gamma_dose_rate,uSv/h,one_noise_free_measurement_per_executed_route_node
634,522780.9204974669,5696924.290406497,50.0,1.0,0.05604869112855926,ground_equivalent_excess_gamma_dose_rate,uSv/h,one_noise_free_measurement_per_executed_route_node
635,522780.9204974669,5696944.290406497,50.0,1.0,0.054491335375126626,ground_equivalent_excess_gamma_dose_rate,uSv/h,one_noise_free_measurement_per_executed_route_node
636,522800.9204974669,5696964.290406497,50.0,1.0,0.055673488524316805,ground_equivalent_excess_gamma_dose_rate,uSv/h,one_noise_free_measurement_per_executed_route_node
637,522820.9204974669,5696984.290406497,50.0,1.0,0.056701557461849184,ground_equivalent_excess_gamma_dose_rate,uSv/h,one_noise_free_measurement_per_executed_route_node
638,522840.9204974669,5697004.290406496,50.0,1.0,0.05755551681518106,ground_equivalent_excess_gamma_dose_rate,uSv/h,one_noise_free_measurement_per_executed_route_node
639,522860.9204974669,5697024.290406496,50.0,1.0,0.05821786406003843,ground_equivalent_excess_gamma_dose_rate,uSv/h,one_noise_free_measurement_per_executed_route_node
640,522880.9204974669,5697024.290406496,50.0,1.0,0.061075132937745524,ground_equivalent_excess_gamma_dose_rate,uSv/h,one_noise_free_measurement_per_executed_route_node
641,522900.9204974669,5697004.290406496,50.0,1.0,0.06682802588935532,ground_equivalent_excess_gamma_dose_rate,uSv/h,one_noise_free_measurement_per_executed_route_node
642,522880.9204974669,5696984.290406497,50.0,1.0,0.06609624448029605,ground_equivalent_excess_gamma_dose_rate,uSv/h,one_noise_free_measurement_per_executed_route_node
643,522880.9204974669,5696964.290406497,50.0,1.0,0.06870235870436575,ground_equivalent_excess_gamma_dose_rate,uSv/h,one_noise_free_measurement_per_executed_route_node
644,522860.9204974669,5696944.290406497,50.0,1.0,0.06748908045499863,ground_equivalent_excess_gamma_dose_rate,uSv/h,one_noise_free_measurement_per_executed_route_node
645,522840.9204974669,5696924.290406497,50.0,1.0,0.0660376248078704,ground_equivalent_excess_gamma_dose_rate,uSv/h,one_noise_free_measurement_per_executed_route_node
646,522820.9204974669,5696904.290406497,50.0,1.0,0.06438091498805315,ground_equivalent_excess_gamma_dose_rate,uSv/h,one_noise_free_measurement_per_executed_route_node
647,522800.9204974669,5696924.290406497,50.0,1.0,0.0591364397009973,ground_equivalent_excess_gamma_dose_rate,uSv/h,one_noise_free_measurement_per_executed_route_node
648,522780.9204974669,5696924.290406497,50.0,1.0,0.05604869112855926,ground_equivalent_excess_gamma_dose_rate,uSv/h,one_noise_free_measurement_per_executed_route_node
649,522780.9204974669,5696944.290406497,50.0,1.0,0.054491335375126626,ground_equivalent_excess_gamma_dose_rate,uSv/h,one_noise_free_measurement_per_executed_route_node
650,522800.9204974669,5696924.290406497,50.0,1.0,0.0591364397009973,ground_equivalent_excess_gamma_dose_rate,uSv/h,one_noise_free_measurement_per_executed_route_node
651,522820.9204974669,5696904.290406497,50.0,1.0,0.06438091498805315,ground_equivalent_excess_gamma_dose_rate,uSv/h,one_noise_free_measurement_per_executed_route_node
652,522800.9204974669,5696904.290406497,50.0,1.0,0.060856361675007076,ground_equivalent_excess_gamma_dose_rate,uSv/h,one_noise_free_measurement_per_executed_route_node
653,522820.9204974669,5696924.290406497,50.0,1.0,0.06245914775084016,ground_equivalent_excess_gamma_dose_rate,uSv/h,one_noise_free_measurement_per_executed_route_node
654,522840.9204974669,5696924.290406497,50.0,1.0,0.0660376248078704,ground_equivalent_excess_gamma_dose_rate,uSv/h,one_noise_free_measurement_per_executed_route_node
655,522820.9204974669,5696924.290406497,50.0,1.0,0.06245914775084016,ground_equivalent_excess_gamma_dose_rate,uSv/h,one_noise_free_measurement_per_executed_route_node
656,522800.9204974669,5696924.290406497,50.0,1.0,0.0591364397009973,ground_equivalent_excess_gamma_dose_rate,uSv/h,one_noise_free_measurement_per_executed_route_node
657,522820.9204974669,5696904.290406497,50.0,1.0,0.06438091498805315,ground_equivalent_excess_gamma_dose_rate,uSv/h,one_noise_free_measurement_per_executed_route_node
658,522800.9204974669,5696924.290406497,50.0,1.0,0.0591364397009973,ground_equivalent_excess_gamma_dose_rate,uSv/h,one_noise_free_measurement_per_executed_route_node
659,522820.9204974669,5696904.290406497,50.0,1.0,0.06438091498805315,ground_equivalent_excess_gamma_dose_rate,uSv/h,one_noise_free_measurement_per_executed_route_node
660,522840.9204974669,5696904.290406497,50.0,1.0,0.06818970189077944,ground_equivalent_excess_gamma_dose_rate,uSv/h,one_noise_free_measurement_per_executed_route_node
661,522860.9204974669,5696884.290406497,50.0,1.0,0.07471899886671757,ground_equivalent_excess_gamma_dose_rate,uSv/h,one_noise_free_measurement_per_executed_route_node
662,522880.9204974669,5696864.290406497,50.0,1.0,0.08219640001755701,ground_equivalent_excess_gamma_dose_rate,uSv/h,one_noise_free_measurement_per_executed_route_node
663,522880.9204974669,5696844.290406497,50.0,1.0,0.08486031464491711,ground_equivalent_excess_gamma_dose_rate,uSv/h,one_noise_free_measurement_per_executed_route_node
664,522860.9204974669,5696824.290406497,50.0,1.0,0.08171442008117241,ground_equivalent_excess_gamma_dose_rate,uSv/h,one_noise_free_measurement_per_executed_route_node
665,522880.9204974669,5696804.290406497,50.0,1.0,0.08995840971656555,ground_equivalent_excess_gamma_dose_rate,uSv/h,one_noise_free_measurement_per_executed_route_node
666,522900.9204974669,5696784.290406497,50.0,1.0,0.09941589126485156,ground_equivalent_excess_gamma_dose_rate,uSv/h,one_noise_free_measurement_per_executed_route_node
667,522900.9204974669,5696764.290406497,50.0,1.0,0.10199042010066062,ground_equivalent_excess_gamma_dose_rate,uSv/h,one_noise_free_measurement_per_executed_route_node
668,522900.9204974669,5696744.290406497,50.0,1.0,0.10435220892528552,ground_equivalent_excess_gamma_dose_rate,uSv/h,one_noise_free_measurement_per_executed_route_node
669,522920.9204974669,5696724.290406497,50.0,1.0,0.11556102191945439,ground_equivalent_excess_gamma_dose_rate,uSv/h,one_noise_free_measurement_per_executed_route_node
670,522920.9204974669,5696704.290406497,50.0,1.0,0.1177090265825767,ground_equivalent_excess_gamma_dose_rate,uSv/h,one_noise_free_measurement_per_executed_route_node
671,522920.9204974669,5696684.290406497,50.0,1.0,0.1194798292162017,ground_equivalent_excess_gamma_dose_rate,uSv/h,one_noise_free_measurement_per_executed_route_node
672,522900.9204974669,5696664.290406497,50.0,1.0,0.11092273515615797,ground_equivalent_excess_gamma_dose_rate,uSv/h,one_noise_free_measurement_per_executed_route_node
673,522900.9204974669,5696644.290406497,50.0,1.0,0.11168975401879722,ground_equivalent_excess_gamma_dose_rate,uSv/h,one_noise_free_measurement_per_executed_route_node
674,522880.9204974669,5696624.290406497,50.0,1.0,0.10314548825488251,ground_equivalent_excess_gamma_dose_rate,uSv/h,one_noise_free_measurement_per_executed_route_node
675,522860.9204974669,5696644.290406497,50.0,1.0,0.09497995265514603,ground_equivalent_excess_gamma_dose_rate,uSv/h,one_noise_free_measurement_per_executed_route_node
676,522860.9204974669,5696664.290406497,50.0,1.0,0.0944247011968481,ground_equivalent_excess_gamma_dose_rate,uSv/h,one_noise_free_measurement_per_executed_route_node
677,522880.9204974669,5696684.290406497,50.0,1.0,0.10120660137593285,ground_equivalent_excess_gamma_dose_rate,uSv/h,one_noise_free_measurement_per_executed_route_node
678,522900.9204974669,5696664.290406497,50.0,1.0,0.11092273515615797,ground_equivalent_excess_gamma_dose_rate,uSv/h,one_noise_free_measurement_per_executed_route_node
679,522920.9204974669,5696644.290406497,50.0,1.0,0.12174647255336102,ground_equivalent_excess_gamma_dose_rate,uSv/h,one_noise_free_measurement_per_executed_route_node
680,522940.9204974669,5696644.290406497,50.0,1.0,0.13322306144914664,ground_equivalent_excess_gamma_dose_rate,uSv/h,one_noise_free_measurement_per_executed_route_node
681,522960.9204974669,5696644.290406497,50.0,1.0,0.14639947652290936,ground_equivalent_excess_gamma_dose_rate,uSv/h,one_noise_free_measurement_per_executed_route_node
682,522980.9204974669,5696664.290406497,50.0,1.0,0.16002676358968032,ground_equivalent_excess_gamma_dose_rate,uSv/h,one_noise_free_measurement_per_executed_route_node
683,523000.920497467,5696644.290406497,50.0,1.0,0.17935737594403828,ground_equivalent_excess_gamma_dose_rate,uSv/h,one_noise_free_measurement_per_executed_route_node
684,522980.9204974669,5696624.290406497,50.0,1.0,0.1624132928781521,ground_equivalent_excess_gamma_dose_rate,uSv/h,one_noise_free_measurement_per_executed_route_node
685,523000.920497467,5696604.290406497,50.0,1.0,0.1802569123519306,ground_equivalent_excess_gamma_dose_rate,uSv/h,one_noise_free_measurement_per_executed_route_node
686,523020.920497467,5696584.290406497,50.0,1.0,0.19991429927315146,ground_equivalent_excess_gamma_dose_rate,uSv/h,one_noise_free_measurement_per_executed_route_node
687,523040.920497467,5696584.290406497,50.0,1.0,0.2244890111938283,ground_equivalent_excess_gamma_dose_rate,uSv/h,one_noise_free_measurement_per_executed_route_node
688,523060.920497467,5696604.290406497,50.0,1.0,0.2560891448472422,ground_equivalent_excess_gamma_dose_rate,uSv/h,one_noise_free_measurement_per_executed_route_node
689,523080.920497467,5696604.290406497,50.0,1.0,0.2922858896425148,ground_equivalent_excess_gamma_dose_rate,uSv/h,one_noise_free_measurement_per_executed_route_node
690,523100.920497467,5696624.290406497,50.0,1.0,0.3369684336056346,ground_equivalent_excess_gamma_dose_rate,uSv/h,one_noise_free_measurement_per_executed_route_node
691,523120.920497467,5696624.290406497,50.0,1.0,0.3924562661300894,ground_equivalent_excess_gamma_dose_rate,uSv/h,one_noise_free_measurement_per_executed_route_node
692,523140.920497467,5696644.290406497,50.0,1.0,0.4565409910751312,ground_equivalent_excess_gamma_dose_rate,uSv/h,one_noise_free_measurement_per_executed_route_node
693,523160.920497467,5696644.290406497,50.0,1.0,0.5450181120375317,ground_equivalent_excess_gamma_dose_rate,uSv/h,one_noise_free_measurement_per_executed_route_node
694,523180.920497467,5696644.290406497,50.0,1.0,0.6617174618950559,ground_equivalent_excess_gamma_dose_rate,uSv/h,one_noise_free_measurement_per_executed_route_node
695,523200.920497467,5696644.290406497,50.0,1.0,0.8199163669984089,ground_equivalent_excess_gamma_dose_rate,uSv/h,one_noise_free_measurement_per_executed_route_node
696,523220.920497467,5696644.290406497,50.0,1.0,1.041607884314971,ground_equivalent_excess_gamma_dose_rate,uSv/h,one_noise_free_measurement_per_executed_route_node
697,523240.920497467,5696624.290406497,50.0,1.0,1.4233656717285639,ground_equivalent_excess_gamma_dose_rate,uSv/h,one_noise_free_measurement_per_executed_route_node
698,523240.920497467,5696604.290406497,50.0,1.0,1.4191472082342487,ground_equivalent_excess_gamma_dose_rate,uSv/h,one_noise_free_measurement_per_executed_route_node
699,523260.920497467,5696584.290406497,50.0,1.0,1.8410967531711828,ground_equivalent_excess_gamma_dose_rate,uSv/h,one_noise_free_measurement_per_executed_route_node
700,523280.920497467,5696564.290406497,50.0,1.0,2.243860614721212,ground_equivalent_excess_gamma_dose_rate,uSv/h,one_noise_free_measurement_per_executed_route_node
701,523280.920497467,5696544.290406497,50.0,1.0,1.8390842998273869,ground_equivalent_excess_gamma_dose_rate,uSv/h,one_noise_free_measurement_per_executed_route_node
702,523280.920497467,5696524.290406497,50.0,1.0,1.4840378771009295,ground_equivalent_excess_gamma_dose_rate,uSv/h,one_noise_free_measurement_per_executed_route_node
703,523300.920497467,5696504.290406497,50.0,1.0,1.4197623671447244,ground_equivalent_excess_gamma_dose_rate,uSv/h,one_noise_free_measurement_per_executed_route_node
704,523280.920497467,5696504.290406497,50.0,1.0,1.1962786651359651,ground_equivalent_excess_gamma_dose_rate,uSv/h,one_noise_free_measurement_per_executed_route_node
705,523260.920497467,5696484.290406497,50.0,1.0,0.83780411619703,ground_equivalent_excess_gamma_dose_rate,uSv/h,one_noise_free_measurement_per_executed_route_node
706,523240.920497467,5696504.290406497,50.0,1.0,0.8367567462998691,ground_equivalent_excess_gamma_dose_rate,uSv/h,one_noise_free_measurement_per_executed_route_node
707,523240.920497467,5696524.290406497,50.0,1.0,0.9680522709994794,ground_equivalent_excess_gamma_dose_rate,uSv/h,one_noise_free_measurement_per_executed_route_node
708,523240.920497467,5696544.290406497,50.0,1.0,1.1075255755963231,ground_equivalent_excess_gamma_dose_rate,uSv/h,one_noise_free_measurement_per_executed_route_node
709,523220.920497467,5696564.290406497,50.0,1.0,0.9686095788224489,ground_equivalent_excess_gamma_dose_rate,uSv/h,one_noise_free_measurement_per_executed_route_node
710,523200.920497467,5696584.290406497,50.0,1.0,0.8157260632087844,ground_equivalent_excess_gamma_dose_rate,uSv/h,one_noise_free_measurement_per_executed_route_node
711,523200.920497467,5696564.290406497,50.0,1.0,0.7739997246495092,ground_equivalent_excess_gamma_dose_rate,uSv/h,one_noise_free_measurement_per_executed_route_node
712,523200.920497467,5696544.290406497,50.0,1.0,0.7193838293617716,ground_equivalent_excess_gamma_dose_rate,uSv/h,one_noise_free_measurement_per_executed_route_node
713,523200.920497467,5696524.290406497,50.0,1.0,0.6578225097742203,ground_equivalent_excess_gamma_dose_rate,uSv/h,one_noise_free_measurement_per_executed_route_node
714,523180.920497467,5696544.290406497,50.0,1.0,0.5946501990985542,ground_equivalent_excess_gamma_dose_rate,uSv/h,one_noise_free_measurement_per_executed_route_node
715,523160.920497467,5696564.290406497,50.0,1.0,0.5243412458381198,ground_equivalent_excess_gamma_dose_rate,uSv/h,one_noise_free_measurement_per_executed_route_node
716,523160.920497467,5696584.290406497,50.0,1.0,0.5431634146504347,ground_equivalent_excess_gamma_dose_rate,uSv/h,one_noise_free_measurement_per_executed_route_node
717,523160.920497467,5696604.290406497,50.0,1.0,0.5534101145250547,ground_equivalent_excess_gamma_dose_rate,uSv/h,one_noise_free_measurement_per_executed_route_node
718,523140.920497467,5696584.290406497,50.0,1.0,0.45523887191021956,ground_equivalent_excess_gamma_dose_rate,uSv/h,one_noise_free_measurement_per_executed_route_node
719,523140.920497467,5696564.290406497,50.0,1.0,0.4419425866362597,ground_equivalent_excess_gamma_dose_rate,uSv/h,one_noise_free_measurement_per_executed_route_node
720,523160.920497467,5696544.290406497,50.0,1.0,0.4986925952596935,ground_equivalent_excess_gamma_dose_rate,uSv/h,one_noise_free_measurement_per_executed_route_node
721,523160.920497467,5696524.290406497,50.0,1.0,0.46831131377803054,ground_equivalent_excess_gamma_dose_rate,uSv/h,one_noise_free_measurement_per_executed_route_node
722,523180.920497467,5696504.290406497,50.0,1.0,0.5066272707352508,ground_equivalent_excess_gamma_dose_rate,uSv/h,one_noise_free_measurement_per_executed_route_node
723,523200.920497467,5696484.290406497,50.0,1.0,0.532951410469088,ground_equivalent_excess_gamma_dose_rate,uSv/h,one_noise_free_measurement_per_executed_route_node
724,523220.920497467,5696464.290406497,50.0,1.0,0.5426378702226409,ground_equivalent_excess_gamma_dose_rate,uSv/h,one_noise_free_measurement_per_executed_route_node
725,523220.920497467,5696444.290406497,50.0,1.0,0.47597786888215804,ground_equivalent_excess_gamma_dose_rate,uSv/h,one_noise_free_measurement_per_executed_route_node
726,523200.920497467,5696424.290406497,50.0,1.0,0.37727181602240284,ground_equivalent_excess_gamma_dose_rate,uSv/h,one_noise_free_measurement_per_executed_route_node
727,523180.920497467,5696424.290406497,50.0,1.0,0.3398827351266646,ground_equivalent_excess_gamma_dose_rate,uSv/h,one_noise_free_measurement_per_executed_route_node
728,523160.920497467,5696444.290406497,50.0,1.0,0.3360570477738681,ground_equivalent_excess_gamma_dose_rate,uSv/h,one_noise_free_measurement_per_executed_route_node
729,523160.920497467,5696464.290406497,50.0,1.0,0.3679721642149926,ground_equivalent_excess_gamma_dose_rate,uSv/h,one_noise_free_measurement_per_executed_route_node
730,523140.920497467,5696484.290406497,50.0,1.0,0.351235713190249,ground_equivalent_excess_gamma_dose_rate,uSv/h,one_noise_free_measurement_per_executed_route_node
731,523140.920497467,5696504.290406497,50.0,1.0,0.37693141900821675,ground_equivalent_excess_gamma_dose_rate,uSv/h,one_noise_free_measurement_per_executed_route_node
732,523140.920497467,5696524.290406497,50.0,1.0,0.401459042823828,ground_equivalent_excess_gamma_dose_rate,uSv/h,one_noise_free_measurement_per_executed_route_node
733,523120.920497467,5696544.290406497,50.0,1.0,0.3638469780059194,ground_equivalent_excess_gamma_dose_rate,uSv/h,one_noise_free_measurement_per_executed_route_node
734,523100.920497467,5696564.290406497,50.0,1.0,0.32574327850144075,ground_equivalent_excess_gamma_dose_rate,uSv/h,one_noise_free_measurement_per_executed_route_node
735,523100.920497467,5696544.290406497,50.0,1.0,0.3156575060942621,ground_equivalent_excess_gamma_dose_rate,uSv/h,one_noise_free_measurement_per_executed_route_node
736,523100.920497467,5696524.290406497,50.0,1.0,0.3032068111449934,ground_equivalent_excess_gamma_dose_rate,uSv/h,one_noise_free_measurement_per_executed_route_node
737,523100.920497467,5696504.290406497,50.0,1.0,0.28900336450227254,ground_equivalent_excess_gamma_dose_rate,uSv/h,one_noise_free_measurement_per_executed_route_node
738,523100.920497467,5696484.290406497,50.0,1.0,0.2736535366885981,ground_equivalent_excess_gamma_dose_rate,uSv/h,one_noise_free_measurement_per_executed_route_node
739,523080.920497467,5696504.290406497,50.0,1.0,0.2556400757632971,ground_equivalent_excess_gamma_dose_rate,uSv/h,one_noise_free_measurement_per_executed_route_node
740,523060.920497467,5696524.290406497,50.0,1.0,0.2362254703499983,ground_equivalent_excess_gamma_dose_rate,uSv/h,one_noise_free_measurement_per_executed_route_node
741,523060.920497467,5696544.290406497,50.0,1.0,0.2437148746819841,ground_equivalent_excess_gamma_dose_rate,uSv/h,one_noise_free_measurement_per_executed_route_node
742,523040.920497467,5696524.290406497,50.0,1.0,0.21057835400465802,ground_equivalent_excess_gamma_dose_rate,uSv/h,one_noise_free_measurement_per_executed_route_node
743,523040.920497467,5696504.290406497,50.0,1.0,0.20362805896716907,ground_equivalent_excess_gamma_dose_rate,uSv/h,one_noise_free_measurement_per_executed_route_node
744,523060.920497467,5696484.290406497,50.0,1.0,0.2178924315902812,ground_equivalent_excess_gamma_dose_rate,uSv/h,one_noise_free_measurement_per_executed_route_node
745,523060.920497467,5696464.290406497,50.0,1.0,0.20766237105582913,ground_equivalent_excess_gamma_dose_rate,uSv/h,one_noise_free_measurement_per_executed_route_node
746,523040.920497467,5696444.290406497,50.0,1.0,0.17891713116661018,ground_equivalent_excess_gamma_dose_rate,uSv/h,one_noise_free_measurement_per_executed_route_node
747,523020.920497467,5696444.290406497,50.0,1.0,0.162952381022967,ground_equivalent_excess_gamma_dose_rate,uSv/h,one_noise_free_measurement_per_executed_route_node
748,523000.920497467,5696464.290406497,50.0,1.0,0.1548405601357824,ground_equivalent_excess_gamma_dose_rate,uSv/h,one_noise_free_measurement_per_executed_route_node
749,522980.9204974669,5696484.290406497,50.0,1.0,0.1461187176550653,ground_equivalent_excess_gamma_dose_rate,uSv/h,one_noise_free_measurement_per_executed_route_node
750,522980.9204974669,5696504.290406497,50.0,1.0,0.15038358805925023,ground_equivalent_excess_gamma_dose_rate,uSv/h,one_noise_free_measurement_per_executed_route_node
751,522980.9204974669,5696524.290406497,50.0,1.0,0.15414083768552406,ground_equivalent_excess_gamma_dose_rate,uSv/h,one_noise_free_measurement_per_executed_route_node
752,522980.9204974669,5696544.290406497,50.0,1.0,0.15729490449066202,ground_equivalent_excess_gamma_dose_rate,uSv/h,one_noise_free_measurement_per_executed_route_node
753,522980.9204974669,5696564.290406497,50.0,1.0,0.15975980708069604,ground_equivalent_excess_gamma_dose_rate,uSv/h,one_noise_free_measurement_per_executed_route_node
754,522960.9204974669,5696564.290406497,50.0,1.0,0.1448649912343148,ground_equivalent_excess_gamma_dose_rate,uSv/h,one_noise_free_measurement_per_executed_route_node
755,522940.9204974669,5696544.290406497,50.0,1.0,0.13026515730573335,ground_equivalent_excess_gamma_dose_rate,uSv/h,one_noise_free_measurement_per_executed_route_node
756,522920.9204974669,5696524.290406497,50.0,1.0,0.1174491826162033,ground_equivalent_excess_gamma_dose_rate,uSv/h,one_noise_free_measurement_per_executed_route_node
757,522920.9204974669,5696504.290406497,50.0,1.0,0.11525505505076111,ground_equivalent_excess_gamma_dose_rate,uSv/h,one_noise_free_measurement_per_executed_route_node
758,522920.9204974669,5696484.290406497,50.0,1.0,0.11273324975066928,ground_equivalent_excess_gamma_dose_rate,uSv/h,one_noise_free_measurement_per_executed_route_node
759,522940.9204974669,5696464.290406497,50.0,1.0,0.11920367107347218,ground_equivalent_excess_gamma_dose_rate,uSv/h,one_noise_free_measurement_per_executed_route_node
760,522960.9204974669,5696444.290406497,50.0,1.0,0.12544675734626975,ground_equivalent_excess_gamma_dose_rate,uSv/h,one_noise_free_measurement_per_executed_route_node
761,522980.9204974669,5696424.290406497,50.0,1.0,0.13126778519605647,ground_equivalent_excess_gamma_dose_rate,uSv/h,one_noise_free_measurement_per_executed_route_node
762,523000.920497467,5696404.290406497,50.0,1.0,0.13645317501017673,ground_equivalent_excess_gamma_dose_rate,uSv/h,one_noise_free_measurement_per_executed_route_node
763,522980.9204974669,5696384.290406497,50.0,1.0,0.12056629363568516,ground_equivalent_excess_gamma_dose_rate,uSv/h,one_noise_free_measurement_per_executed_route_node
764,522960.9204974669,5696384.290406497,50.0,1.0,0.11188467542784564,ground_equivalent_excess_gamma_dose_rate,uSv/h,one_noise_free_measurement_per_executed_route_node
765,522940.9204974669,5696404.290406497,50.0,1.0,0.10799989179766334,ground_equivalent_excess_gamma_dose_rate,uSv/h,one_noise_free_measurement_per_executed_route_node
766,522920.9204974669,5696424.290406497,50.0,1.0,0.10368321599481434,ground_equivalent_excess_gamma_dose_rate,uSv/h,one_noise_free_measurement_per_executed_route_node
767,522900.9204974669,5696444.290406497,50.0,1.0,0.09906623545227916,ground_equivalent_excess_gamma_dose_rate,uSv/h,one_noise_free_measurement_per_executed_route_node
768,522880.9204974669,5696464.290406497,50.0,1.0,0.09427069283454764,ground_equivalent_excess_gamma_dose_rate,uSv/h,one_noise_free_measurement_per_executed_route_node
769,522860.9204974669,5696484.290406497,50.0,1.0,0.08940349826275151,ground_equivalent_excess_gamma_dose_rate,uSv/h,one_noise_free_measurement_per_executed_route_node
770,522840.9204974669,5696464.290406497,50.0,1.0,0.0816532134224272,ground_equivalent_excess_gamma_dose_rate,uSv/h,one_noise_free_measurement_per_executed_route_node
771,522820.9204974669,5696444.290406497,50.0,1.0,0.07477985055511566,ground_equivalent_excess_gamma_dose_rate,uSv/h,one_noise_free_measurement_per_executed_route_node
772,522800.9204974669,5696424.290406497,50.0,1.0,0.06867067365503249,ground_equivalent_excess_gamma_dose_rate,uSv/h,one_noise_free_measurement_per_executed_route_node
773,522820.9204974669,5696404.290406497,50.0,1.0,0.0715063959227375,ground_equivalent_excess_gamma_dose_rate,uSv/h,one_noise_free_measurement_per_executed_route_node
774,522840.9204974669,5696404.290406497,50.0,1.0,0.07623589483722415,ground_equivalent_excess_gamma_dose_rate,uSv/h,one_noise_free_measurement_per_executed_route_node
775,522860.9204974669,5696424.290406497,50.0,1.0,0.08361546728465613,ground_equivalent_excess_gamma_dose_rate,uSv/h,one_noise_free_measurement_per_executed_route_node
776,522880.9204974669,5696404.290406497,50.0,1.0,0.08712307250624646,ground_equivalent_excess_gamma_dose_rate,uSv/h,one_noise_free_measurement_per_executed_route_node
777,522900.9204974669,5696384.290406497,50.0,1.0,0.09041164814619645,ground_equivalent_excess_gamma_dose_rate,uSv/h,one_noise_free_measurement_per_executed_route_node
778,522880.9204974669,5696384.290406497,50.0,1.0,0.08451582128893215,ground_equivalent_excess_gamma_dose_rate,uSv/h,one_noise_free_measurement_per_executed_route_node
779,522900.9204974669,5696404.290406497,50.0,1.0,0.09340178625471157,ground_equivalent_excess_gamma_dose_rate,uSv/h,one_noise_free_measurement_per_executed_route_node
780,522920.9204974669,5696424.290406497,50.0,1.0,0.10368321599481434,ground_equivalent_excess_gamma_dose_rate,uSv/h,one_noise_free_measurement_per_executed_route_node
781,522940.9204974669,5696404.290406497,50.0,1.0,0.10799989179766334,ground_equivalent_excess_gamma_dose_rate,uSv/h,one_noise_free_measurement_per_executed_route_node
782,522960.9204974669,5696424.290406497,50.0,1.0,0.1210419620198609,ground_equivalent_excess_gamma_dose_rate,uSv/h,one_noise_free_measurement_per_executed_route_node
783,522980.9204974669,5696444.290406497,50.0,1.0,0.13646424252429146,ground_equivalent_excess_gamma_dose_rate,uSv/h,one_noise_free_measurement_per_executed_route_node
784,523000.920497467,5696464.290406497,50.0,1.0,0.1548405601357824,ground_equivalent_excess_gamma_dose_rate,uSv/h,one_noise_free_measurement_per_executed_route_node
785,523020.920497467,5696464.290406497,50.0,1.0,0.17010639543923284,ground_equivalent_excess_gamma_dose_rate,uSv/h,one_noise_free_measurement_per_executed_route_node
786,523040.920497467,5696444.290406497,50.0,1.0,0.17891713116661018,ground_equivalent_excess_gamma_dose_rate,uSv/h,one_noise_free_measurement_per_executed_route_node
787,523060.920497467,5696424.290406497,50.0,1.0,0.18643896348772088,ground_equivalent_excess_gamma_dose_rate,uSv/h,one_noise_free_measurement_per_executed_route_node
788,523060.920497467,5696404.290406497,50.0,1.0,0.17587754762508623,ground_equivalent_excess_gamma_dose_rate,uSv/h,one_noise_free_measurement_per_executed_route_node
789,523040.920497467,5696384.290406497,50.0,1.0,0.15254494857889062,ground_equivalent_excess_gamma_dose_rate,uSv/h,one_noise_free_measurement_per_executed_route_node
790,523060.920497467,5696384.290406497,50.0,1.0,0.16556668424291665,ground_equivalent_excess_gamma_dose_rate,uSv/h,one_noise_free_measurement_per_executed_route_node
791,523080.920497467,5696404.290406497,50.0,1.0,0.19222667392267095,ground_equivalent_excess_gamma_dose_rate,uSv/h,one_noise_free_measurement_per_executed_route_node
792,523100.920497467,5696404.290406497,50.0,1.0,0.21049931649588838,ground_equivalent_excess_gamma_dose_rate,uSv/h,one_noise_free_measurement_per_executed_route_node
793,523120.920497467,5696404.290406497,50.0,1.0,0.23089212724632563,ground_equivalent_excess_gamma_dose_rate,uSv/h,one_noise_free_measurement_per_executed_route_node
794,523120.920497467,5696424.290406497,50.0,1.0,0.2494425921594779,ground_equivalent_excess_gamma_dose_rate,uSv/h,one_noise_free_measurement_per_executed_route_node
795,523120.920497467,5696444.290406497,50.0,1.0,0.26890032696590305,ground_equivalent_excess_gamma_dose_rate,uSv/h,one_noise_free_measurement_per_executed_route_node
796,523100.920497467,5696444.290406497,50.0,1.0,0.24163738430689768,ground_equivalent_excess_gamma_dose_rate,uSv/h,one_noise_free_measurement_per_executed_route_node
797,523100.920497467,5696424.290406497,50.0,1.0,0.22580902977104406,ground_equivalent_excess_gamma_dose_rate,uSv/h,one_noise_free_measurement_per_executed_route_node
798,523120.920497467,5696424.290406497,50.0,1.0,0.2494425921594779,ground_equivalent_excess_gamma_dose_rate,uSv/h,one_noise_free_measurement_per_executed_route_node
799,523140.920497467,5696444.290406497,50.0,1.0,0.3001860258698201,ground_equivalent_excess_gamma_dose_rate,uSv/h,one_noise_free_measurement_per_executed_route_node
800,523160.920497467,5696464.290406497,50.0,1.0,0.3679721642149926,ground_equivalent_excess_gamma_dose_rate,uSv/h,one_noise_free_measurement_per_executed_route_node
801,523180.920497467,5696444.290406497,50.0,1.0,0.37705928497747804,ground_equivalent_excess_gamma_dose_rate,uSv/h,one_noise_free_measurement_per_executed_route_node
802,523200.920497467,5696424.290406497,50.0,1.0,0.37727181602240284,ground_equivalent_excess_gamma_dose_rate,uSv/h,one_noise_free_measurement_per_executed_route_node
803,523180.920497467,5696424.290406497,50.0,1.0,0.3398827351266646,ground_equivalent_excess_gamma_dose_rate,uSv/h,one_noise_free_measurement_per_executed_route_node
804,523160.920497467,5696444.290406497,50.0,1.0,0.3360570477738681,ground_equivalent_excess_gamma_dose_rate,uSv/h,one_noise_free_measurement_per_executed_route_node
805,523140.920497467,5696444.290406497,50.0,1.0,0.3001860258698201,ground_equivalent_excess_gamma_dose_rate,uSv/h,one_noise_free_measurement_per_executed_route_node
806,523120.920497467,5696464.290406497,50.0,1.0,0.2889537305594374,ground_equivalent_excess_gamma_dose_rate,uSv/h,one_noise_free_measurement_per_executed_route_node
807,523120.920497467,5696444.290406497,50.0,1.0,0.26890032696590305,ground_equivalent_excess_gamma_dose_rate,uSv/h,one_noise_free_measurement_per_executed_route_node
808,523120.920497467,5696424.290406497,50.0,1.0,0.2494425921594779,ground_equivalent_excess_gamma_dose_rate,uSv/h,one_noise_free_measurement_per_executed_route_node
809,523100.920497467,5696424.290406497,50.0,1.0,0.22580902977104406,ground_equivalent_excess_gamma_dose_rate,uSv/h,one_noise_free_measurement_per_executed_route_node
810,523080.920497467,5696404.290406497,50.0,1.0,0.19222667392267095,ground_equivalent_excess_gamma_dose_rate,uSv/h,one_noise_free_measurement_per_executed_route_node
811,523060.920497467,5696384.290406497,50.0,1.0,0.16556668424291665,ground_equivalent_excess_gamma_dose_rate,uSv/h,one_noise_free_measurement_per_executed_route_node
812,523060.920497467,5696404.290406497,50.0,1.0,0.17587754762508623,ground_equivalent_excess_gamma_dose_rate,uSv/h,one_noise_free_measurement_per_executed_route_node
813,523080.920497467,5696424.290406497,50.0,1.0,0.20491369615583765,ground_equivalent_excess_gamma_dose_rate,uSv/h,one_noise_free_measurement_per_executed_route_node
814,523100.920497467,5696424.290406497,50.0,1.0,0.22580902977104406,ground_equivalent_excess_gamma_dose_rate,uSv/h,one_noise_free_measurement_per_executed_route_node
815,523100.920497467,5696404.290406497,50.0,1.0,0.21049931649588838,ground_equivalent_excess_gamma_dose_rate,uSv/h,one_noise_free_measurement_per_executed_route_node
816,523120.920497467,5696424.290406497,50.0,1.0,0.2494425921594779,ground_equivalent_excess_gamma_dose_rate,uSv/h,one_noise_free_measurement_per_executed_route_node
817,523140.920497467,5696424.290406497,50.0,1.0,0.2761396526086943,ground_equivalent_excess_gamma_dose_rate,uSv/h,one_noise_free_measurement_per_executed_route_node
818,523140.920497467,5696444.290406497,50.0,1.0,0.3001860258698201,ground_equivalent_excess_gamma_dose_rate,uSv/h,one_noise_free_measurement_per_executed_route_node
819,523140.920497467,5696424.290406497,50.0,1.0,0.2761396526086943,ground_equivalent_excess_gamma_dose_rate,uSv/h,one_noise_free_measurement_per_executed_route_node
820,523120.920497467,5696444.290406497,50.0,1.0,0.26890032696590305,ground_equivalent_excess_gamma_dose_rate,uSv/h,one_noise_free_measurement_per_executed_route_node
821,523100.920497467,5696424.290406497,50.0,1.0,0.22580902977104406,ground_equivalent_excess_gamma_dose_rate,uSv/h,one_noise_free_measurement_per_executed_route_node
822,523080.920497467,5696444.290406497,50.0,1.0,0.2178642168782255,ground_equivalent_excess_gamma_dose_rate,uSv/h,one_noise_free_measurement_per_executed_route_node
823,523080.920497467,5696424.290406497,50.0,1.0,0.20491369615583765,ground_equivalent_excess_gamma_dose_rate,uSv/h,one_noise_free_measurement_per_executed_route_node
824,523100.920497467,5696444.290406497,50.0,1.0,0.24163738430689768,ground_equivalent_excess_gamma_dose_rate,uSv/h,one_noise_free_measurement_per_executed_route_node
825,523080.920497467,5696424.290406497,50.0,1.0,0.20491369615583765,ground_equivalent_excess_gamma_dose_rate,uSv/h,one_noise_free_measurement_per_executed_route_node
826,523060.920497467,5696444.290406497,50.0,1.0,0.19709881179723188,ground_equivalent_excess_gamma_dose_rate,uSv/h,one_noise_free_measurement_per_executed_route_node
827,523060.920497467,5696424.290406497,50.0,1.0,0.18643896348772088,ground_equivalent_excess_gamma_dose_rate,uSv/h,one_noise_free_measurement_per_executed_route_node
828,523040.920497467,5696444.290406497,50.0,1.0,0.17891713116661018,ground_equivalent_excess_gamma_dose_rate,uSv/h,one_noise_free_measurement_per_executed_route_node
829,523020.920497467,5696444.290406497,50.0,1.0,0.162952381022967,ground_equivalent_excess_gamma_dose_rate,uSv/h,one_noise_free_measurement_per_executed_route_node
830,523040.920497467,5696464.290406497,50.0,1.0,0.18757885357905485,ground_equivalent_excess_gamma_dose_rate,uSv/h,one_noise_free_measurement_per_executed_route_node
831,523020.920497467,5696484.290406497,50.0,1.0,0.17691019894303855,ground_equivalent_excess_gamma_dose_rate,uSv/h,one_noise_free_measurement_per_executed_route_node
832,523040.920497467,5696464.290406497,50.0,1.0,0.18757885357905485,ground_equivalent_excess_gamma_dose_rate,uSv/h,one_noise_free_measurement_per_executed_route_node
833,523020.920497467,5696444.290406497,50.0,1.0,0.162952381022967,ground_equivalent_excess_gamma_dose_rate,uSv/h,one_noise_free_measurement_per_executed_route_node
834,523040.920497467,5696444.290406497,50.0,1.0,0.17891713116661018,ground_equivalent_excess_gamma_dose_rate,uSv/h,one_noise_free_measurement_per_executed_route_node
835,523020.920497467,5696444.290406497,50.0,1.0,0.162952381022967,ground_equivalent_excess_gamma_dose_rate,uSv/h,one_noise_free_measurement_per_executed_route_node
836,523000.920497467,5696424.290406497,50.0,1.0,0.142725979322666,ground_equivalent_excess_gamma_dose_rate,uSv/h,one_noise_free_measurement_per_executed_route_node
837,523020.920497467,5696424.290406497,50.0,1.0,0.15559720871609672,ground_equivalent_excess_gamma_dose_rate,uSv/h,one_noise_free_measurement_per_executed_route_node
838,523020.920497467,5696404.290406497,50.0,1.0,0.14817144085704442,ground_equivalent_excess_gamma_dose_rate,uSv/h,one_noise_free_measurement_per_executed_route_node
839,523020.920497467,5696384.290406497,50.0,1.0,0.14078504291630517,ground_equivalent_excess_gamma_dose_rate,uSv/h,one_noise_free_measurement_per_executed_route_node
840,523000.920497467,5696384.290406497,50.0,1.0,0.13016410317156113,ground_equivalent_excess_gamma_dose_rate,uSv/h,one_noise_free_measurement_per_executed_route_node
841,523020.920497467,5696384.290406497,50.0,1.0,0.14078504291630517,ground_equivalent_excess_gamma_dose_rate,uSv/h,one_noise_free_measurement_per_executed_route_node
842,523040.920497467,5696384.290406497,50.0,1.0,0.15254494857889062,ground_equivalent_excess_gamma_dose_rate,uSv/h,one_noise_free_measurement_per_executed_route_node
843,523020.920497467,5696384.290406497,50.0,1.0,0.14078504291630517,ground_equivalent_excess_gamma_dose_rate,uSv/h,one_noise_free_measurement_per_executed_route_node
844,523000.920497467,5696404.290406497,50.0,1.0,0.13645317501017673,ground_equivalent_excess_gamma_dose_rate,uSv/h,one_noise_free_measurement_per_executed_route_node
845,523000.920497467,5696384.290406497,50.0,1.0,0.13016410317156113,ground_equivalent_excess_gamma_dose_rate,uSv/h,one_noise_free_measurement_per_executed_route_node
846,522980.9204974669,5696384.290406497,50.0,1.0,0.12056629363568516,ground_equivalent_excess_gamma_dose_rate,uSv/h,one_noise_free_measurement_per_executed_route_node
847,522960.9204974669,5696404.290406497,50.0,1.0,0.11650006598861251,ground_equivalent_excess_gamma_dose_rate,uSv/h,one_noise_free_measurement_per_executed_route_node
848,522940.9204974669,5696384.290406497,50.0,1.0,0.10402193618037031,ground_equivalent_excess_gamma_dose_rate,uSv/h,one_noise_free_measurement_per_executed_route_node
849,522960.9204974669,5696404.290406497,50.0,1.0,0.11650006598861251,ground_equivalent_excess_gamma_dose_rate,uSv/h,one_noise_free_measurement_per_executed_route_node
850,522940.9204974669,5696404.290406497,50.0,1.0,0.10799989179766334,ground_equivalent_excess_gamma_dose_rate,uSv/h,one_noise_free_measurement_per_executed_route_node
851,522960.9204974669,5696424.290406497,50.0,1.0,0.1210419620198609,ground_equivalent_excess_gamma_dose_rate,uSv/h,one_noise_free_measurement_per_executed_route_node
852,522980.9204974669,5696444.290406497,50.0,1.0,0.13646424252429146,ground_equivalent_excess_gamma_dose_rate,uSv/h,one_noise_free_measurement_per_executed_route_node
853,523000.920497467,5696464.290406497,50.0,1.0,0.1548405601357824,ground_equivalent_excess_gamma_dose_rate,uSv/h,one_noise_free_measurement_per_executed_route_node
854,523020.920497467,5696464.290406497,50.0,1.0,0.17010639543923284,ground_equivalent_excess_gamma_dose_rate,uSv/h,one_noise_free_measurement_per_executed_route_node
855,523000.920497467,5696464.290406497,50.0,1.0,0.1548405601357824,ground_equivalent_excess_gamma_dose_rate,uSv/h,one_noise_free_measurement_per_executed_route_node
856,522980.9204974669,5696484.290406497,50.0,1.0,0.1461187176550653,ground_equivalent_excess_gamma_dose_rate,uSv/h,one_noise_free_measurement_per_executed_route_node
857,522960.9204974669,5696464.290406497,50.0,1.0,0.12964416223271724,ground_equivalent_excess_gamma_dose_rate,uSv/h,one_noise_free_measurement_per_executed_route_node
858,522960.9204974669,5696484.290406497,50.0,1.0,0.13355891275137238,ground_equivalent_excess_gamma_dose_rate,uSv/h,one_noise_free_measurement_per_executed_route_node
859,522980.9204974669,5696464.290406497,50.0,1.0,0.1414459455036124,ground_equivalent_excess_gamma_dose_rate,uSv/h,one_noise_free_measurement_per_executed_route_node
860,522960.9204974669,5696444.290406497,50.0,1.0,0.12544675734626975,ground_equivalent_excess_gamma_dose_rate,uSv/h,one_noise_free_measurement_per_executed_route_node
861,522960.9204974669,5696424.290406497,50.0,1.0,0.1210419620198609,ground_equivalent_excess_gamma_dose_rate,uSv/h,one_noise_free_measurement_per_executed_route_node
862,522960.9204974669,5696404.290406497,50.0,1.0,0.11650006598861251,ground_equivalent_excess_gamma_dose_rate,uSv/h,one_noise_free_measurement_per_executed_route_node
863,522940.9204974669,5696384.290406497,50.0,1.0,0.10402193618037031,ground_equivalent_excess_gamma_dose_rate,uSv/h,one_noise_free_measurement_per_executed_route_node
864,522940.9204974669,5696404.290406497,50.0,1.0,0.10799989179766334,ground_equivalent_excess_gamma_dose_rate,uSv/h,one_noise_free_measurement_per_executed_route_node
865,522920.9204974669,5696384.290406497,50.0,1.0,0.09689040580144176,ground_equivalent_excess_gamma_dose_rate,uSv/h,one_noise_free_measurement_per_executed_route_node
866,522940.9204974669,5696404.290406497,50.0,1.0,0.10799989179766334,ground_equivalent_excess_gamma_dose_rate,uSv/h,one_noise_free_measurement_per_executed_route_node
867,522920.9204974669,5696404.290406497,50.0,1.0,0.10033259304799774,ground_equivalent_excess_gamma_dose_rate,uSv/h,one_noise_free_measurement_per_executed_route_node
868,522900.9204974669,5696424.290406497,50.0,1.0,0.0962988038784543,ground_equivalent_excess_gamma_dose_rate,uSv/h,one_noise_free_measurement_per_executed_route_node
869,522920.9204974669,5696404.290406497,50.0,1.0,0.10033259304799774,ground_equivalent_excess_gamma_dose_rate,uSv/h,one_noise_free_measurement_per_executed_route_node
870,522920.9204974669,5696384.290406497,50.0,1.0,0.09689040580144176,ground_equivalent_excess_gamma_dose_rate,uSv/h,one_noise_free_measurement_per_executed_route_node
871,522900.9204974669,5696384.290406497,50.0,1.0,0.09041164814619645,ground_equivalent_excess_gamma_dose_rate,uSv/h,one_noise_free_measurement_per_executed_route_node
872,522900.9204974669,5696404.290406497,50.0,1.0,0.09340178625471157,ground_equivalent_excess_gamma_dose_rate,uSv/h,one_noise_free_measurement_per_executed_route_node
873,522880.9204974669,5696424.290406497,50.0,1.0,0.08963844650140507,ground_equivalent_excess_gamma_dose_rate,uSv/h,one_noise_free_measurement_per_executed_route_node
874,522900.9204974669,5696404.290406497,50.0,1.0,0.09340178625471157,ground_equivalent_excess_gamma_dose_rate,uSv/h,one_noise_free_measurement_per_executed_route_node
875,522920.9204974669,5696384.290406497,50.0,1.0,0.09689040580144176,ground_equivalent_excess_gamma_dose_rate,uSv/h,one_noise_free_measurement_per_executed_route_node
876,522940.9204974669,5696404.290406497,50.0,1.0,0.10799989179766334,ground_equivalent_excess_gamma_dose_rate,uSv/h,one_noise_free_measurement_per_executed_route_node
877,522940.9204974669,5696424.290406497,50.0,1.0,0.11189211619416511,ground_equivalent_excess_gamma_dose_rate,uSv/h,one_noise_free_measurement_per_executed_route_node
878,522920.9204974669,5696424.290406497,50.0,1.0,0.10368321599481434,ground_equivalent_excess_gamma_dose_rate,uSv/h,one_noise_free_measurement_per_executed_route_node
879,522920.9204974669,5696404.290406497,50.0,1.0,0.10033259304799774,ground_equivalent_excess_gamma_dose_rate,uSv/h,one_noise_free_measurement_per_executed_route_node
880,522940.9204974669,5696384.290406497,50.0,1.0,0.10402193618037031,ground_equivalent_excess_gamma_dose_rate,uSv/h,one_noise_free_measurement_per_executed_route_node
881,522920.9204974669,5696404.290406497,50.0,1.0,0.10033259304799774,ground_equivalent_excess_gamma_dose_rate,uSv/h,one_noise_free_measurement_per_executed_route_node
882,522940.9204974669,5696404.290406497,50.0,1.0,0.10799989179766334,ground_equivalent_excess_gamma_dose_rate,uSv/h,one_noise_free_measurement_per_executed_route_node
883,522940.9204974669,5696384.290406497,50.0,1.0,0.10402193618037031,ground_equivalent_excess_gamma_dose_rate,uSv/h,one_noise_free_measurement_per_executed_route_node
884,522920.9204974669,5696384.290406497,50.0,1.0,0.09689040580144176,ground_equivalent_excess_gamma_dose_rate,uSv/h,one_noise_free_measurement_per_executed_route_node
885,522900.9204974669,5696404.290406497,50.0,1.0,0.09340178625471157,ground_equivalent_excess_gamma_dose_rate,uSv/h,one_noise_free_measurement_per_executed_route_node
886,522900.9204974669,5696424.290406497,50.0,1.0,0.0962988038784543,ground_equivalent_excess_gamma_dose_rate,uSv/h,one_noise_free_measurement_per_executed_route_node
887,522900.9204974669,5696404.290406497,50.0,1.0,0.09340178625471157,ground_equivalent_excess_gamma_dose_rate,uSv/h,one_noise_free_measurement_per_executed_route_node
888,522880.9204974669,5696404.290406497,50.0,1.0,0.08712307250624646,ground_equivalent_excess_gamma_dose_rate,uSv/h,one_noise_free_measurement_per_executed_route_node
889,522900.9204974669,5696384.290406497,50.0,1.0,0.09041164814619645,ground_equivalent_excess_gamma_dose_rate,uSv/h,one_noise_free_measurement_per_executed_route_node
890,522920.9204974669,5696384.290406497,50.0,1.0,0.09689040580144176,ground_equivalent_excess_gamma_dose_rate,uSv/h,one_noise_free_measurement_per_executed_route_node
891,522920.9204974669,5696404.290406497,50.0,1.0,0.10033259304799774,ground_equivalent_excess_gamma_dose_rate,uSv/h,one_noise_free_measurement_per_executed_route_node
892,522940.9204974669,5696384.290406497,50.0,1.0,0.10402193618037031,ground_equivalent_excess_gamma_dose_rate,uSv/h,one_noise_free_measurement_per_executed_route_node
893,522960.9204974669,5696384.290406497,50.0,1.0,0.11188467542784564,ground_equivalent_excess_gamma_dose_rate,uSv/h,one_noise_free_measurement_per_executed_route_node
894,522980.9204974669,5696404.290406497,50.0,1.0,0.12594293928367484,ground_equivalent_excess_gamma_dose_rate,uSv/h,one_noise_free_measurement_per_executed_route_node
895,522980.9204974669,5696384.290406497,50.0,1.0,0.12056629363568516,ground_equivalent_excess_gamma_dose_rate,uSv/h,one_noise_free_measurement_per_executed_route_node
896,522960.9204974669,5696384.290406497,50.0,1.0,0.11188467542784564,ground_equivalent_excess_gamma_dose_rate,uSv/h,one_noise_free_measurement_per_executed_route_node
897,522980.9204974669,5696404.290406497,50.0,1.0,0.12594293928367484,ground_equivalent_excess_gamma_dose_rate,uSv/h,one_noise_free_measurement_per_executed_route_node
898,523000.920497467,5696404.290406497,50.0,1.0,0.13645317501017673,ground_equivalent_excess_gamma_dose_rate,uSv/h,one_noise_free_measurement_per_executed_route_node
899,522980.9204974669,5696384.290406497,50.0,1.0,0.12056629363568516,ground_equivalent_excess_gamma_dose_rate,uSv/h,one_noise_free_measurement_per_executed_route_node
900,522960.9204974669,5696404.290406497,50.0,1.0,0.11650006598861251,ground_equivalent_excess_gamma_dose_rate,uSv/h,one_noise_free_measurement_per_executed_route_node
901,522980.9204974669,5696404.290406497,50.0,1.0,0.12594293928367484,ground_equivalent_excess_gamma_dose_rate,uSv/h,one_noise_free_measurement_per_executed_route_node
902,523000.920497467,5696384.290406497,50.0,1.0,0.13016410317156113,ground_equivalent_excess_gamma_dose_rate,uSv/h,one_noise_free_measurement_per_executed_route_node
903,522980.9204974669,5696404.290406497,50.0,1.0,0.12594293928367484,ground_equivalent_excess_gamma_dose_rate,uSv/h,one_noise_free_measurement_per_executed_route_node
904,522960.9204974669,5696424.290406497,50.0,1.0,0.1210419620198609,ground_equivalent_excess_gamma_dose_rate,uSv/h,one_noise_free_measurement_per_executed_route_node
905,522980.9204974669,5696404.290406497,50.0,1.0,0.12594293928367484,ground_equivalent_excess_gamma_dose_rate,uSv/h,one_noise_free_measurement_per_executed_route_node
906,522980.9204974669,5696424.290406497,50.0,1.0,0.13126778519605647,ground_equivalent_excess_gamma_dose_rate,uSv/h,one_noise_free_measurement_per_executed_route_node
907,522960.9204974669,5696424.290406497,50.0,1.0,0.1210419620198609,ground_equivalent_excess_gamma_dose_rate,uSv/h,one_noise_free_measurement_per_executed_route_node
908,522980.9204974669,5696444.290406497,50.0,1.0,0.13646424252429146,ground_equivalent_excess_gamma_dose_rate,uSv/h,one_noise_free_measurement_per_executed_route_node
909,522960.9204974669,5696424.290406497,50.0,1.0,0.1210419620198609,ground_equivalent_excess_gamma_dose_rate,uSv/h,one_noise_free_measurement_per_executed_route_node
910,522980.9204974669,5696404.290406497,50.0,1.0,0.12594293928367484,ground_equivalent_excess_gamma_dose_rate,uSv/h,one_noise_free_measurement_per_executed_route_node
911,522960.9204974669,5696424.290406497,50.0,1.0,0.1210419620198609,ground_equivalent_excess_gamma_dose_rate,uSv/h,one_noise_free_measurement_per_executed_route_node
912,522980.9204974669,5696444.290406497,50.0,1.0,0.13646424252429146,ground_equivalent_excess_gamma_dose_rate,uSv/h,one_noise_free_measurement_per_executed_route_node
913,522980.9204974669,5696424.290406497,50.0,1.0,0.13126778519605647,ground_equivalent_excess_gamma_dose_rate,uSv/h,one_noise_free_measurement_per_executed_route_node
914,523000.920497467,5696444.290406497,50.0,1.0,0.14889051547470517,ground_equivalent_excess_gamma_dose_rate,uSv/h,one_noise_free_measurement_per_executed_route_node
915,523000.920497467,5696424.290406497,50.0,1.0,0.142725979322666,ground_equivalent_excess_gamma_dose_rate,uSv/h,one_noise_free_measurement_per_executed_route_node
916,522980.9204974669,5696424.290406497,50.0,1.0,0.13126778519605647,ground_equivalent_excess_gamma_dose_rate,uSv/h,one_noise_free_measurement_per_executed_route_node
917,523000.920497467,5696404.290406497,50.0,1.0,0.13645317501017673,ground_equivalent_excess_gamma_dose_rate,uSv/h,one_noise_free_measurement_per_executed_route_node
918,522980.9204974669,5696404.290406497,50.0,1.0,0.12594293928367484,ground_equivalent_excess_gamma_dose_rate,uSv/h,one_noise_free_measurement_per_executed_route_node
919,523000.920497467,5696424.290406497,50.0,1.0,0.142725979322666,ground_equivalent_excess_gamma_dose_rate,uSv/h,one_noise_free_measurement_per_executed_route_node
920,522980.9204974669,5696444.290406497,50.0,1.0,0.13646424252429146,ground_equivalent_excess_gamma_dose_rate,uSv/h,one_noise_free_measurement_per_executed_route_node
921,522980.9204974669,5696464.290406497,50.0,1.0,0.1414459455036124,ground_equivalent_excess_gamma_dose_rate,uSv/h,one_noise_free_measurement_per_executed_route_node
922,523000.920497467,5696444.290406497,50.0,1.0,0.14889051547470517,ground_equivalent_excess_gamma_dose_rate,uSv/h,one_noise_free_measurement_per_executed_route_node
923,523020.920497467,5696464.290406497,50.0,1.0,0.17010639543923284,ground_equivalent_excess_gamma_dose_rate,uSv/h,one_noise_free_measurement_per_executed_route_node
924,523000.920497467,5696464.290406497,50.0,1.0,0.1548405601357824,ground_equivalent_excess_gamma_dose_rate,uSv/h,one_noise_free_measurement_per_executed_route_node
925,522980.9204974669,5696484.290406497,50.0,1.0,0.1461187176550653,ground_equivalent_excess_gamma_dose_rate,uSv/h,one_noise_free_measurement_per_executed_route_node
926,522960.9204974669,5696504.290406497,50.0,1.0,0.13711319296167634,ground_equivalent_excess_gamma_dose_rate,uSv/h,one_noise_free_measurement_per_executed_route_node
927,522940.9204974669,5696524.290406497,50.0,1.0,0.12809447048309974,ground_equivalent_excess_gamma_dose_rate,uSv/h,one_noise_free_measurement_per_executed_route_node
928,522920.9204974669,5696544.290406497,50.0,1.0,0.11927150503039569,ground_equivalent_excess_gamma_dose_rate,uSv/h,one_noise_free_measurement_per_executed_route_node
929,522900.9204974669,5696524.290406497,50.0,1.0,0.1080625109467484,ground_equivalent_excess_gamma_dose_rate,uSv/h,one_noise_free_measurement_per_executed_route_node
930,522880.9204974669,5696504.290406497,50.0,1.0,0.09815879765968916,ground_equivalent_excess_gamma_dose_rate,uSv/h,one_noise_free_measurement_per_executed_route_node
931,522900.9204974669,5696504.290406497,50.0,1.0,0.10620230558349858,ground_equivalent_excess_gamma_dose_rate,uSv/h,one_noise_free_measurement_per_executed_route_node
932,522880.9204974669,5696504.290406497,50.0,1.0,0.09815879765968916,ground_equivalent_excess_gamma_dose_rate,uSv/h,one_noise_free_measurement_per_executed_route_node
933,522860.9204974669,5696524.290406497,50.0,1.0,0.09234405135835594,ground_equivalent_excess_gamma_dose_rate,uSv/h,one_noise_free_measurement_per_executed_route_node
934,522840.9204974669,5696544.290406497,50.0,1.0,0.0866959671748877,ground_equivalent_excess_gamma_dose_rate,uSv/h,one_noise_free_measurement_per_executed_route_node
935,522820.9204974669,5696524.290406497,50.0,1.0,0.07979424131553242,ground_equivalent_excess_gamma_dose_rate,uSv/h,one_noise_free_measurement_per_executed_route_node
936,522840.9204974669,5696544.290406497,50.0,1.0,0.0866959671748877,ground_equivalent_excess_gamma_dose_rate,uSv/h,one_noise_free_measurement_per_executed_route_node
937,522860.9204974669,5696564.290406497,50.0,1.0,0.094331692489045,ground_equivalent_excess_gamma_dose_rate,uSv/h,one_noise_free_measurement_per_executed_route_node
938,522860.9204974669,5696584.290406497,50.0,1.0,0.09492346713182748,ground_equivalent_excess_gamma_dose_rate,uSv/h,one_noise_free_measurement_per_executed_route_node
939,522840.9204974669,5696584.290406497,50.0,1.0,0.08794776854528319,ground_equivalent_excess_gamma_dose_rate,uSv/h,one_noise_free_measurement_per_executed_route_node
940,522860.9204974669,5696584.290406497,50.0,1.0,0.09492346713182748,ground_equivalent_excess_gamma_dose_rate,uSv/h,one_noise_free_measurement_per_executed_route_node
941,522860.9204974669,5696564.290406497,50.0,1.0,0.094331692489045,ground_equivalent_excess_gamma_dose_rate,uSv/h,one_noise_free_measurement_per_executed_route_node
942,522880.9204974669,5696544.290406497,50.0,1.0,0.10105708663404667,ground_equivalent_excess_gamma_dose_rate,uSv/h,one_noise_free_measurement_per_executed_route_node
943,522880.9204974669,5696564.290406497,50.0,1.0,0.10206884676417971,ground_equivalent_excess_gamma_dose_rate,uSv/h,one_noise_free_measurement_per_executed_route_node
944,522860.9204974669,5696584.290406497,50.0,1.0,0.09492346713182748,ground_equivalent_excess_gamma_dose_rate,uSv/h,one_noise_free_measurement_per_executed_route_node
945,522860.9204974669,5696564.290406497,50.0,1.0,0.094331692489045,ground_equivalent_excess_gamma_dose_rate,uSv/h,one_noise_free_measurement_per_executed_route_node
946,522880.9204974669,5696564.290406497,50.0,1.0,0.10206884676417971,ground_equivalent_excess_gamma_dose_rate,uSv/h,one_noise_free_measurement_per_executed_route_node
947,522880.9204974669,5696584.290406497,50.0,1.0,0.10276203476370066,ground_equivalent_excess_gamma_dose_rate,uSv/h,one_noise_free_measurement_per_executed_route_node
948,522860.9204974669,5696564.290406497,50.0,1.0,0.094331692489045,ground_equivalent_excess_gamma_dose_rate,uSv/h,one_noise_free_measurement_per_executed_route_node
949,522840.9204974669,5696544.290406497,50.0,1.0,0.0866959671748877,ground_equivalent_excess_gamma_dose_rate,uSv/h,one_noise_free_measurement_per_executed_route_node
950,522820.9204974669,5696544.290406497,50.0,1.0,0.08063121786128447,ground_equivalent_excess_gamma_dose_rate,uSv/h,one_noise_free_measurement_per_executed_route_node
951,522800.9204974669,5696564.290406497,50.0,1.0,0.07573670031801966,ground_equivalent_excess_gamma_dose_rate,uSv/h,one_noise_free_measurement_per_executed_route_node
952,522820.9204974669,5696544.290406497,50.0,1.0,0.08063121786128447,ground_equivalent_excess_gamma_dose_rate,uSv/h,one_noise_free_measurement_per_executed_route_node
953,522820.9204974669,5696564.290406497,50.0,1.0,0.08127401288003927,ground_equivalent_excess_gamma_dose_rate,uSv/h,one_noise_free_measurement_per_executed_route_node
954,522820.9204974669,5696584.290406497,50.0,1.0,0.08171291485900378,ground_equivalent_excess_gamma_dose_rate,uSv/h,one_noise_free_measurement_per_executed_route_node
955,522840.9204974669,5696584.290406497,50.0,1.0,0.08794776854528319,ground_equivalent_excess_gamma_dose_rate,uSv/h,one_noise_free_measurement_per_executed_route_node
956,522820.9204974669,5696584.290406497,50.0,1.0,0.08171291485900378,ground_equivalent_excess_gamma_dose_rate,uSv/h,one_noise_free_measurement_per_executed_route_node
957,522800.9204974669,5696564.290406497,50.0,1.0,0.07573670031801966,ground_equivalent_excess_gamma_dose_rate,uSv/h,one_noise_free_measurement_per_executed_route_node
958,522800.9204974669,5696584.290406497,50.0,1.0,0.07611769343711744,ground_equivalent_excess_gamma_dose_rate,uSv/h,one_noise_free_measurement_per_executed_route_node
959,522820.9204974669,5696604.290406497,50.0,1.0,0.08194115877916802,ground_equivalent_excess_gamma_dose_rate,uSv/h,one_noise_free_measurement_per_executed_route_node
960,522800.9204974669,5696604.290406497,50.0,1.0,0.07631571204084309,ground_equivalent_excess_gamma_dose_rate,uSv/h,one_noise_free_measurement_per_executed_route_node
961,522820.9204974669,5696604.290406497,50.0,1.0,0.08194115877916802,ground_equivalent_excess_gamma_dose_rate,uSv/h,one_noise_free_measurement_per_executed_route_node
962,522820.9204974669,5696624.290406497,50.0,1.0,0.0819551833276439,ground_equivalent_excess_gamma_dose_rate,uSv/h,one_noise_free_measurement_per_executed_route_node
963,522800.9204974669,5696644.290406497,50.0,1.0,0.07615401044113079,ground_equivalent_excess_gamma_dose_rate,uSv/h,one_noise_free_measurement_per_executed_route_node
964,522800.9204974669,5696624.290406497,50.0,1.0,0.0763278769117241,ground_equivalent_excess_gamma_dose_rate,uSv/h,one_noise_free_measurement_per_executed_route_node
965,522780.9204974669,5696644.290406497,50.0,1.0,0.07110925423616649,ground_equivalent_excess_gamma_dose_rate,uSv/h,one_noise_free_measurement_per_executed_route_node
966,522800.9204974669,5696664.290406497,50.0,1.0,0.07579664307538259,ground_equivalent_excess_gamma_dose_rate,uSv/h,one_noise_free_measurement_per_executed_route_node
967,522780.9204974669,5696684.290406497,50.0,1.0,0.07032996490145965,ground_equivalent_excess_gamma_dose_rate,uSv/h,one_noise_free_measurement_per_executed_route_node
968,522780.9204974669,5696704.290406497,50.0,1.0,0.06971263445933995,ground_equivalent_excess_gamma_dose_rate,uSv/h,one_noise_free_measurement_per_executed_route_node
969,522780.9204974669,5696724.290406497,50.0,1.0,0.06895356365226751,ground_equivalent_excess_gamma_dose_rate,uSv/h,one_noise_free_measurement_per_executed_route_node
970,522780.9204974669,5696744.290406497,50.0,1.0,0.06806228243495832,ground_equivalent_excess_gamma_dose_rate,uSv/h,one_noise_free_measurement_per_executed_route_node
971,522760.9204974669,5696764.290406497,50.0,1.0,0.06298054422700106,ground_equivalent_excess_gamma_dose_rate,uSv/h,one_noise_free_measurement_per_executed_route_node
972,522780.9204974669,5696784.290406497,50.0,1.0,0.06592718983357077,ground_equivalent_excess_gamma_dose_rate,uSv/h,one_noise_free_measurement_per_executed_route_node
973,522760.9204974669,5696784.290406497,50.0,1.0,0.06198924374640696,ground_equivalent_excess_gamma_dose_rate,uSv/h,one_noise_free_measurement_per_executed_route_node
974,522760.9204974669,5696804.290406497,50.0,1.0,0.06090971379297483,ground_equivalent_excess_gamma_dose_rate,uSv/h,one_noise_free_measurement_per_executed_route_node
975,522740.9204974669,5696804.290406497,50.0,1.0,0.05742728640904149,ground_equivalent_excess_gamma_dose_rate,uSv/h,one_noise_free_measurement_per_executed_route_node
976,522720.9204974669,5696824.290406497,50.0,1.0,0.05330825999926414,ground_equivalent_excess_gamma_dose_rate,uSv/h,one_noise_free_measurement_per_executed_route_node
977,522700.9204974669,5696844.290406497,50.0,1.0,0.04958272906451633,ground_equivalent_excess_gamma_dose_rate,uSv/h,one_noise_free_measurement_per_executed_route_node
978,522700.9204974669,5696864.290406497,50.0,1.0,0.0486612685685697,ground_equivalent_excess_gamma_dose_rate,uSv/h,one_noise_free_measurement_per_executed_route_node
979,522720.9204974669,5696864.290406497,50.0,1.0,0.05130667263857558,ground_equivalent_excess_gamma_dose_rate,uSv/h,one_noise_free_measurement_per_executed_route_node
980,522740.9204974669,5696864.290406497,50.0,1.0,0.054162203352210336,ground_equivalent_excess_gamma_dose_rate,uSv/h,one_noise_free_measurement_per_executed_route_node
981,522760.9204974669,5696844.290406497,50.0,1.0,0.058528936800477105,ground_equivalent_excess_gamma_dose_rate,uSv/h,one_noise_free_measurement_per_executed_route_node
982,522740.9204974669,5696864.290406497,50.0,1.0,0.054162203352210336,ground_equivalent_excess_gamma_dose_rate,uSv/h,one_noise_free_measurement_per_executed_route_node
983,522740.9204974669,5696844.290406497,50.0,1.0,0.055306222215621925,ground_equivalent_excess_gamma_dose_rate,uSv/h,one_noise_free_measurement_per_executed_route_node
984,522760.9204974669,5696824.290406497,50.0,1.0,0.05975266875929386,ground_equivalent_excess_gamma_dose_rate,uSv/h,one_noise_free_measurement_per_executed_route_node
985,522780.9204974669,5696804.290406497,50.0,1.0,0.06470749564056799,ground_equivalent_excess_gamma_dose_rate,uSv/h,one_noise_free_measurement_per_executed_route_node
986,522800.9204974669,5696784.290406497,50.0,1.0,0.07024116404246061,ground_equivalent_excess_gamma_dose_rate,uSv/h,one_noise_free_measurement_per_executed_route_node
987,522820.9204974669,5696764.290406497,50.0,1.0,0.07643406302819877,ground_equivalent_excess_gamma_dose_rate,uSv/h,one_noise_free_measurement_per_executed_route_node
988,522820.9204974669,5696744.290406497,50.0,1.0,0.07775287672297099,ground_equivalent_excess_gamma_dose_rate,uSv/h,one_noise_free_measurement_per_executed_route_node
989,522800.9204974669,5696724.290406497,50.0,1.0,0.07368691067131766,ground_equivalent_excess_gamma_dose_rate,uSv/h,one_noise_free_measurement_per_executed_route_node
990,522780.9204974669,5696744.290406497,50.0,1.0,0.06806228243495832,ground_equivalent_excess_gamma_dose_rate,uSv/h,one_noise_free_measurement_per_executed_route_node
991,522760.9204974669,5696744.290406497,50.0,1.0,0.0638732439885698,ground_equivalent_excess_gamma_dose_rate,uSv/h,one_noise_free_measurement_per_executed_route_node
992,522780.9204974669,5696764.290406497,50.0,1.0,0.06704957827156915,ground_equivalent_excess_gamma_dose_rate,uSv/h,one_noise_free_measurement_per_executed_route_node
993,522780.9204974669,5696744.290406497,50.0,1.0,0.06806228243495832,ground_equivalent_excess_gamma_dose_rate,uSv/h,one_noise_free_measurement_per_executed_route_node
994,522760.9204974669,5696764.290406497,50.0,1.0,0.06298054422700106,ground_equivalent_excess_gamma_dose_rate,uSv/h,one_noise_free_measurement_per_executed_route_node
995,522760.9204974669,5696744.290406497,50.0,1.0,0.0638732439885698,ground_equivalent_excess_gamma_dose_rate,uSv/h,one_noise_free_measurement_per_executed_route_node
996,522780.9204974669,5696744.290406497,50.0,1.0,0.06806228243495832,ground_equivalent_excess_gamma_dose_rate,uSv/h,one_noise_free_measurement_per_executed_route_node
997,522760.9204974669,5696744.290406497,50.0,1.0,0.0638732439885698,ground_equivalent_excess_gamma_dose_rate,uSv/h,one_noise_free_measurement_per_executed_route_node
998,522740.9204974669,5696744.290406497,50.0,1.0,0.060054324726592,ground_equivalent_excess_gamma_dose_rate,uSv/h,one_noise_free_measurement_per_executed_route_node
999,522720.9204974669,5696764.290406497,50.0,1.0,0.05586253838386673,ground_equivalent_excess_gamma_dose_rate,uSv/h,one_noise_free_measurement_per_executed_route_node
1000,522720.9204974669,5696784.290406497,50.0,1.0,0.05508125770591776,ground_equivalent_excess_gamma_dose_rate,uSv/h,one_noise_free_measurement_per_executed_route_node
1001,522740.9204974669,5696764.290406497,50.0,1.0,0.059264521136375536,ground_equivalent_excess_gamma_dose_rate,uSv/h,one_noise_free_measurement_per_executed_route_node
1002,522740.9204974669,5696784.290406497,50.0,1.0,0.05838593252365665,ground_equivalent_excess_gamma_dose_rate,uSv/h,one_noise_free_measurement_per_executed_route_node
1003,522740.9204974669,5696764.290406497,50.0,1.0,0.059264521136375536,ground_equivalent_excess_gamma_dose_rate,uSv/h,one_noise_free_measurement_per_executed_route_node
1004,522760.9204974669,5696744.290406497,50.0,1.0,0.0638732439885698,ground_equivalent_excess_gamma_dose_rate,uSv/h,one_noise_free_measurement_per_executed_route_node
1005,522780.9204974669,5696724.290406497,50.0,1.0,0.06895356365226751,ground_equivalent_excess_gamma_dose_rate,uSv/h,one_noise_free_measurement_per_executed_route_node
1006,522800.9204974669,5696744.290406497,50.0,1.0,0.07266996713076279,ground_equivalent_excess_gamma_dose_rate,uSv/h,one_noise_free_measurement_per_executed_route_node
1007,522780.9204974669,5696724.290406497,50.0,1.0,0.06895356365226751,ground_equivalent_excess_gamma_dose_rate,uSv/h,one_noise_free_measurement_per_executed_route_node
1008,522760.9204974669,5696724.290406497,50.0,1.0,0.06465755768444698,ground_equivalent_excess_gamma_dose_rate,uSv/h,one_noise_free_measurement_per_executed_route_node
1009,522740.9204974669,5696724.290406497,50.0,1.0,0.06074714677727888,ground_equivalent_excess_gamma_dose_rate,uSv/h,one_noise_free_measurement_per_executed_route_node
1010,522720.9204974669,5696704.290406497,50.0,1.0,0.05769891212905143,ground_equivalent_excess_gamma_dose_rate,uSv/h,one_noise_free_measurement_per_executed_route_node
1011,522700.9204974669,5696704.290406497,50.0,1.0,0.05437462419227801,ground_equivalent_excess_gamma_dose_rate,uSv/h,one_noise_free_measurement_per_executed_route_node
1012,522680.9204974669,5696684.290406497,50.0,1.0,0.05166195875623897,ground_equivalent_excess_gamma_dose_rate,uSv/h,one_noise_free_measurement_per_executed_route_node
1013,522680.9204974669,5696704.290406497,50.0,1.0,0.051328077786191584,ground_equivalent_excess_gamma_dose_rate,uSv/h,one_noise_free_measurement_per_executed_route_node
1014,522660.9204974669,5696704.290406497,50.0,1.0,0.048529327168611386,ground_equivalent_excess_gamma_dose_rate,uSv/h,one_noise_free_measurement_per_executed_route_node
1015,522640.9204974669,5696724.290406497,50.0,1.0,0.04562129012276622,ground_equivalent_excess_gamma_dose_rate,uSv/h,one_noise_free_measurement_per_executed_route_node
1016,522620.9204974669,5696744.290406497,50.0,1.0,0.042923825793212966,ground_equivalent_excess_gamma_dose_rate,uSv/h,one_noise_free_measurement_per_executed_route_node
1017,522600.9204974669,5696764.290406497,50.0,1.0,0.040422694282381266,ground_equivalent_excess_gamma_dose_rate,uSv/h,one_noise_free_measurement_per_executed_route_node
1018,522600.9204974669,5696784.290406497,50.0,1.0,0.04001201925415421,ground_equivalent_excess_gamma_dose_rate,uSv/h,one_noise_free_measurement_per_executed_route_node
1019,522600.9204974669,5696804.290406497,50.0,1.0,0.039559462911520404,ground_equivalent_excess_gamma_dose_rate,uSv/h,one_noise_free_measurement_per_executed_route_node
1020,522600.9204974669,5696824.290406497,50.0,1.0,0.0390681260319366,ground_equivalent_excess_gamma_dose_rate,uSv/h,one_noise_free_measurement_per_executed_route_node
1021,522580.9204974669,5696844.290406497,50.0,1.0,0.03676766962494718,ground_equivalent_excess_gamma_dose_rate,uSv/h,one_noise_free_measurement_per_executed_route_node
1022,522560.9204974669,5696824.290406497,50.0,1.0,0.035547367620759385,ground_equivalent_excess_gamma_dose_rate,uSv/h,one_noise_free_measurement_per_executed_route_node
1023,522560.9204974669,5696804.290406497,50.0,1.0,0.035953677290509745,ground_equivalent_excess_gamma_dose_rate,uSv/h,one_noise_free_measurement_per_executed_route_node
1024,522560.9204974669,5696784.290406497,50.0,1.0,0.036327104447969355,ground_equivalent_excess_gamma_dose_rate,uSv/h,one_noise_free_measurement_per_executed_route_node
1025,522540.9204974669,5696764.290406497,50.0,1.0,0.03497808957197085,ground_equivalent_excess_gamma_dose_rate,uSv/h,one_noise_free_measurement_per_executed_route_node
1026,522560.9204974669,5696744.290406497,50.0,1.0,0.03696607338605942,ground_equivalent_excess_gamma_dose_rate,uSv/h,one_noise_free_measurement_per_executed_route_node
1027,522580.9204974669,5696724.290406497,50.0,1.0,0.03909558190939391,ground_equivalent_excess_gamma_dose_rate,uSv/h,one_noise_free_measurement_per_executed_route_node
1028,522580.9204974669,5696704.290406497,50.0,1.0,0.039338443554433944,ground_equivalent_excess_gamma_dose_rate,uSv/h,one_noise_free_measurement_per_executed_route_node
1029,522600.9204974669,5696684.290406497,50.0,1.0,0.04159226478956132,ground_equivalent_excess_gamma_dose_rate,uSv/h,one_noise_free_measurement_per_executed_route_node
1030,522580.9204974669,5696664.290406497,50.0,1.0,0.039681590257080734,ground_equivalent_excess_gamma_dose_rate,uSv/h,one_noise_free_measurement_per_executed_route_node
1031,522600.9204974669,5696684.290406497,50.0,1.0,0.04159226478956132,ground_equivalent_excess_gamma_dose_rate,uSv/h,one_noise_free_measurement_per_executed_route_node
1032,522580.9204974669,5696704.290406497,50.0,1.0,0.039338443554433944,ground_equivalent_excess_gamma_dose_rate,uSv/h,one_noise_free_measurement_per_executed_route_node
1033,522560.9204974669,5696724.290406497,50.0,1.0,0.03722742055268169,ground_equivalent_excess_gamma_dose_rate,uSv/h,one_noise_free_measurement_per_executed_route_node
1034,522560.9204974669,5696744.290406497,50.0,1.0,0.03696607338605942,ground_equivalent_excess_gamma_dose_rate,uSv/h,one_noise_free_measurement_per_executed_route_node
1035,522560.9204974669,5696724.290406497,50.0,1.0,0.03722742055268169,ground_equivalent_excess_gamma_dose_rate,uSv/h,one_noise_free_measurement_per_executed_route_node
1036,522540.9204974669,5696724.290406497,50.0,1.0,0.03548930556213431,ground_equivalent_excess_gamma_dose_rate,uSv/h,one_noise_free_measurement_per_executed_route_node
1037,522560.9204974669,5696724.290406497,50.0,1.0,0.03722742055268169,ground_equivalent_excess_gamma_dose_rate,uSv/h,one_noise_free_measurement_per_executed_route_node
1038,522560.9204974669,5696704.290406497,50.0,1.0,0.037447561364901544,ground_equivalent_excess_gamma_dose_rate,uSv/h,one_noise_free_measurement_per_executed_route_node
1039,522540.9204974669,5696684.290406497,50.0,1.0,0.03585041566415792,ground_equivalent_excess_gamma_dose_rate,uSv/h,one_noise_free_measurement_per_executed_route_node
1040,522540.9204974669,5696664.290406497,50.0,1.0,0.03597152352728461,ground_equivalent_excess_gamma_dose_rate,uSv/h,one_noise_free_measurement_per_executed_route_node
1041,522540.9204974669,5696684.290406497,50.0,1.0,0.03585041566415792,ground_equivalent_excess_gamma_dose_rate,uSv/h,one_noise_free_measurement_per_executed_route_node
1042,522520.9204974669,5696704.290406497,50.0,1.0,0.03405162581758267,ground_equivalent_excess_gamma_dose_rate,uSv/h,one_noise_free_measurement_per_executed_route_node
1043,522540.9204974669,5696684.290406497,50.0,1.0,0.03585041566415792,ground_equivalent_excess_gamma_dose_rate,uSv/h,one_noise_free_measurement_per_executed_route_node
1044,522520.9204974669,5696704.290406497,50.0,1.0,0.03405162581758267,ground_equivalent_excess_gamma_dose_rate,uSv/h,one_noise_free_measurement_per_executed_route_node
1045,522500.9204974669,5696724.290406497,50.0,1.0,0.03235757195284478,ground_equivalent_excess_gamma_dose_rate,uSv/h,one_noise_free_measurement_per_executed_route_node
1046,522500.9204974669,5696744.290406497,50.0,1.0,0.03215994654778381,ground_equivalent_excess_gamma_dose_rate,uSv/h,one_noise_free_measurement_per_executed_route_node
1047,522520.9204974669,5696764.290406497,50.0,1.0,0.033403583017176275,ground_equivalent_excess_gamma_dose_rate,uSv/h,one_noise_free_measurement_per_executed_route_node
1048,522540.9204974669,5696784.290406497,50.0,1.0,0.034670171875106626,ground_equivalent_excess_gamma_dose_rate,uSv/h,one_noise_free_measurement_per_executed_route_node
1049,522540.9204974669,5696764.290406497,50.0,1.0,0.03497808957197085,ground_equivalent_excess_gamma_dose_rate,uSv/h,one_noise_free_measurement_per_executed_route_node
1050,522540.9204974669,5696784.290406497,50.0,1.0,0.034670171875106626,ground_equivalent_excess_gamma_dose_rate,uSv/h,one_noise_free_measurement_per_executed_route_node
1051,522520.9204974669,5696784.290406497,50.0,1.0,0.03312265133723996,ground_equivalent_excess_gamma_dose_rate,uSv/h,one_noise_free_measurement_per_executed_route_node
1052,522500.9204974669,5696784.290406497,50.0,1.0,0.03167523781419718,ground_equivalent_excess_gamma_dose_rate,uSv/h,one_noise_free_measurement_per_executed_route_node
1053,522480.9204974669,5696804.290406497,50.0,1.0,0.030059009168554696,ground_equivalent_excess_gamma_dose_rate,uSv/h,one_noise_free_measurement_per_executed_route_node
1054,522500.9204974669,5696804.290406497,50.0,1.0,0.03139095136283038,ground_equivalent_excess_gamma_dose_rate,uSv/h,one_noise_free_measurement_per_executed_route_node
1055,522480.9204974669,5696804.290406497,50.0,1.0,0.030059009168554696,ground_equivalent_excess_gamma_dose_rate,uSv/h,one_noise_free_measurement_per_executed_route_node
1056,522500.9204974669,5696824.290406497,50.0,1.0,0.031080779232272288,ground_equivalent_excess_gamma_dose_rate,uSv/h,one_noise_free_measurement_per_executed_route_node
1057,522500.9204974669,5696804.290406497,50.0,1.0,0.03139095136283038,ground_equivalent_excess_gamma_dose_rate,uSv/h,one_noise_free_measurement_per_executed_route_node
1058,522480.9204974669,5696784.290406497,50.0,1.0,0.030319582325923355,ground_equivalent_excess_gamma_dose_rate,uSv/h,one_noise_free_measurement_per_executed_route_node
1059,522460.9204974669,5696764.290406497,50.0,1.0,0.02926401972310494,ground_equivalent_excess_gamma_dose_rate,uSv/h,one_noise_free_measurement_per_executed_route_node
1060,522460.9204974669,5696784.290406497,50.0,1.0,0.02904817797627446,ground_equivalent_excess_gamma_dose_rate,uSv/h,one_noise_free_measurement_per_executed_route_node
1061,522440.9204974669,5696784.290406497,50.0,1.0,0.027854261316971662,ground_equivalent_excess_gamma_dose_rate,uSv/h,one_noise_free_measurement_per_executed_route_node
1062,522420.9204974669,5696804.290406497,50.0,1.0,0.026528968208828274,ground_equivalent_excess_gamma_dose_rate,uSv/h,one_noise_free_measurement_per_executed_route_node
1063,522400.9204974669,5696824.290406497,50.0,1.0,0.025283083586128047,ground_equivalent_excess_gamma_dose_rate,uSv/h,one_noise_free_measurement_per_executed_route_node
1064,522420.9204974669,5696844.290406497,50.0,1.0,0.02606714542257918,ground_equivalent_excess_gamma_dose_rate,uSv/h,one_noise_free_measurement_per_executed_route_node
1065,522400.9204974669,5696864.290406497,50.0,1.0,0.02482377552457532,ground_equivalent_excess_gamma_dose_rate,uSv/h,one_noise_free_measurement_per_executed_route_node
1066,522420.9204974669,5696884.290406497,50.0,1.0,0.025537376632404463,ground_equivalent_excess_gamma_dose_rate,uSv/h,one_noise_free_measurement_per_executed_route_node
1067,522420.9204974669,5696904.290406497,50.0,1.0,0.025249846208418386,ground_equivalent_excess_gamma_dose_rate,uSv/h,one_noise_free_measurement_per_executed_route_node
1068,522420.9204974669,5696924.290406497,50.0,1.0,0.024948784367314625,ground_equivalent_excess_gamma_dose_rate,uSv/h,one_noise_free_measurement_per_executed_route_node
1069,522420.9204974669,5696944.290406497,50.0,1.0,0.024635381057148076,ground_equivalent_excess_gamma_dose_rate,uSv/h,one_noise_free_measurement_per_executed_route_node
1070,522400.9204974669,5696964.290406497,50.0,1.0,0.023433736574339198,ground_equivalent_excess_gamma_dose_rate,uSv/h,one_noise_free_measurement_per_executed_route_node
1071,522420.9204974669,5696984.290406497,50.0,1.0,0.02397630292730632,ground_equivalent_excess_gamma_dose_rate,uSv/h,one_noise_free_measurement_per_executed_route_node
1072,522440.9204974669,5696984.290406497,50.0,1.0,0.02487545749674186,ground_equivalent_excess_gamma_dose_rate,uSv/h,one_noise_free_measurement_per_executed_route_node
1073,522460.9204974669,5697004.290406496,50.0,1.0,0.0254254989838332,ground_equivalent_excess_gamma_dose_rate,uSv/h,one_noise_free_measurement_per_executed_route_node
1074,522480.9204974669,5697024.290406496,50.0,1.0,0.02595722182207061,ground_equivalent_excess_gamma_dose_rate,uSv/h,one_noise_free_measurement_per_executed_route_node
1075,522500.9204974669,5697024.290406496,50.0,1.0,0.02694448829039303,ground_equivalent_excess_gamma_dose_rate,uSv/h,one_noise_free_measurement_per_executed_route_node
1076,522520.9204974669,5697024.290406496,50.0,1.0,0.02798474106214166,ground_equivalent_excess_gamma_dose_rate,uSv/h,one_noise_free_measurement_per_executed_route_node
1077,522540.9204974669,5697024.290406496,50.0,1.0,0.02908145341237986,ground_equivalent_excess_gamma_dose_rate,uSv/h,one_noise_free_measurement_per_executed_route_node
1078,522560.9204974669,5697024.290406496,50.0,1.0,0.030238343672185475,ground_equivalent_excess_gamma_dose_rate,uSv/h,one_noise_free_measurement_per_executed_route_node
1079,522540.9204974669,5697024.290406496,50.0,1.0,0.02908145341237986,ground_equivalent_excess_gamma_dose_rate,uSv/h,one_noise_free_measurement_per_executed_route_node
1080,522520.9204974669,5697044.290406496,50.0,1.0,0.027469757197659594,ground_equivalent_excess_gamma_dose_rate,uSv/h,one_noise_free_measurement_per_executed_route_node
1081,522500.9204974669,5697044.290406496,50.0,1.0,0.026466752147435463,ground_equivalent_excess_gamma_dose_rate,uSv/h,one_noise_free_measurement_per_executed_route_node
1082,522480.9204974669,5697044.290406496,50.0,1.0,0.025513565301795438,ground_equivalent_excess_gamma_dose_rate,uSv/h,one_noise_free_measurement_per_executed_route_node
1083,522460.9204974669,5697064.290406496,50.0,1.0,0.02418945389957583,ground_equivalent_excess_gamma_dose_rate,uSv/h,one_noise_free_measurement_per_executed_route_node
1084,522440.9204974669,5697064.290406496,50.0,1.0,0.023355802788983138,ground_equivalent_excess_gamma_dose_rate,uSv/h,one_noise_free_measurement_per_executed_route_node
1085,522420.9204974669,5697064.290406496,50.0,1.0,0.022561397974180886,ground_equivalent_excess_gamma_dose_rate,uSv/h,one_noise_free_measurement_per_executed_route_node
1086,522400.9204974669,5697084.290406496,50.0,1.0,0.021460614316191506,ground_equivalent_excess_gamma_dose_rate,uSv/h,one_noise_free_measurement_per_executed_route_node
1087,522400.9204974669,5697064.290406496,50.0,1.0,0.02180403205391801,ground_equivalent_excess_gamma_dose_rate,uSv/h,one_noise_free_measurement_per_executed_route_node
1088,522400.9204974669,5697044.290406496,50.0,1.0,0.022142918423640662,ground_equivalent_excess_gamma_dose_rate,uSv/h,one_noise_free_measurement_per_executed_route_node
1089,522400.9204974669,5697024.290406496,50.0,1.0,0.02247632773497124,ground_equivalent_excess_gamma_dose_rate,uSv/h,one_noise_free_measurement_per_executed_route_node
1090,522380.9204974669,5697004.290406496,50.0,1.0,0.02201434588242218,ground_equivalent_excess_gamma_dose_rate,uSv/h,one_noise_free_measurement_per_executed_route_node
1091,522400.9204974669,5697004.290406496,50.0,1.0,0.022803279111038355,ground_equivalent_excess_gamma_dose_rate,uSv/h,one_noise_free_measurement_per_executed_route_node
1092,522420.9204974669,5697024.290406496,50.0,1.0,0.02328198110730706,ground_equivalent_excess_gamma_dose_rate,uSv/h,one_noise_free_measurement_per_executed_route_node
1093,522400.9204974669,5697004.290406496,50.0,1.0,0.022803279111038355,ground_equivalent_excess_gamma_dose_rate,uSv/h,one_noise_free_measurement_per_executed_route_node
1094,522400.9204974669,5696984.290406497,50.0,1.0,0.02312276102102967,ground_equivalent_excess_gamma_dose_rate,uSv/h,one_noise_free_measurement_per_executed_route_node
1095,522380.9204974669,5696964.290406497,50.0,1.0,0.02260137215095065,ground_equivalent_excess_gamma_dose_rate,uSv/h,one_noise_free_measurement_per_executed_route_node
1096,522380.9204974669,5696944.290406497,50.0,1.0,0.02288162506151678,ground_equivalent_excess_gamma_dose_rate,uSv/h,one_noise_free_measurement_per_executed_route_node
1097,522380.9204974669,5696924.290406497,50.0,1.0,0.02315175057496177,ground_equivalent_excess_gamma_dose_rate,uSv/h,one_noise_free_measurement_per_executed_route_node
1098,522380.9204974669,5696904.290406497,50.0,1.0,0.023410778916587577,ground_equivalent_excess_gamma_dose_rate,uSv/h,one_noise_free_measurement_per_executed_route_node
1099,522400.9204974669,5696924.290406497,50.0,1.0,0.024025931297796288,ground_equivalent_excess_gamma_dose_rate,uSv/h,one_noise_free_measurement_per_executed_route_node
1100,522380.9204974669,5696924.290406497,50.0,1.0,0.02315175057496177,ground_equivalent_excess_gamma_dose_rate,uSv/h,one_noise_free_measurement_per_executed_route_node
1101,522380.9204974669,5696904.290406497,50.0,1.0,0.023410778916587577,ground_equivalent_excess_gamma_dose_rate,uSv/h,one_noise_free_measurement_per_executed_route_node
1102,522400.9204974669,5696884.290406497,50.0,1.0,0.024571309033486866,ground_equivalent_excess_gamma_dose_rate,uSv/h,one_noise_free_measurement_per_executed_route_node
1103,522380.9204974669,5696884.290406497,50.0,1.0,0.023657745391606505,ground_equivalent_excess_gamma_dose_rate,uSv/h,one_noise_free_measurement_per_executed_route_node
1104,522400.9204974669,5696884.290406497,50.0,1.0,0.024571309033486866,ground_equivalent_excess_gamma_dose_rate,uSv/h,one_noise_free_measurement_per_executed_route_node
1105,522380.9204974669,5696884.290406497,50.0,1.0,0.023657745391606505,ground_equivalent_excess_gamma_dose_rate,uSv/h,one_noise_free_measurement_per_executed_route_node
1106,522380.9204974669,5696904.290406497,50.0,1.0,0.023410778916587577,ground_equivalent_excess_gamma_dose_rate,uSv/h,one_noise_free_measurement_per_executed_route_node
1107,522380.9204974669,5696884.290406497,50.0,1.0,0.023657745391606505,ground_equivalent_excess_gamma_dose_rate,uSv/h,one_noise_free_measurement_per_executed_route_node
1108,522400.9204974669,5696884.290406497,50.0,1.0,0.024571309033486866,ground_equivalent_excess_gamma_dose_rate,uSv/h,one_noise_free_measurement_per_executed_route_node
1109,522420.9204974669,5696884.290406497,50.0,1.0,0.025537376632404463,ground_equivalent_excess_gamma_dose_rate,uSv/h,one_noise_free_measurement_per_executed_route_node
1110,522440.9204974669,5696884.290406497,50.0,1.0,0.026559925803292583,ground_equivalent_excess_gamma_dose_rate,uSv/h,one_noise_free_measurement_per_executed_route_node
1111,522460.9204974669,5696904.290406497,50.0,1.0,0.0273067091361954,ground_equivalent_excess_gamma_dose_rate,uSv/h,one_noise_free_measurement_per_executed_route_node
1112,522480.9204974669,5696924.290406497,50.0,1.0,0.0280462693896274,ground_equivalent_excess_gamma_dose_rate,uSv/h,one_noise_free_measurement_per_executed_route_node
1113,522500.9204974669,5696944.290406497,50.0,1.0,0.028773918690302602,ground_equivalent_excess_gamma_dose_rate,uSv/h,one_noise_free_measurement_per_executed_route_node
1114,522520.9204974669,5696924.290406497,50.0,1.0,0.030428246060006797,ground_equivalent_excess_gamma_dose_rate,uSv/h,one_noise_free_measurement_per_executed_route_node
1115,522540.9204974669,5696924.290406497,50.0,1.0,0.031729292009268634,ground_equivalent_excess_gamma_dose_rate,uSv/h,one_noise_free_measurement_per_executed_route_node
1116,522560.9204974669,5696924.290406497,50.0,1.0,0.033111446514876214,ground_equivalent_excess_gamma_dose_rate,uSv/h,one_noise_free_measurement_per_executed_route_node
1117,522580.9204974669,5696904.290406497,50.0,1.0,0.03516230987187777,ground_equivalent_excess_gamma_dose_rate,uSv/h,one_noise_free_measurement_per_executed_route_node
1118,522600.9204974669,5696904.290406497,50.0,1.0,0.03678098698812757,ground_equivalent_excess_gamma_dose_rate,uSv/h,one_noise_free_measurement_per_executed_route_node
1119,522580.9204974669,5696884.290406497,50.0,1.0,0.03572241165278758,ground_equivalent_excess_gamma_dose_rate,uSv/h,one_noise_free_measurement_per_executed_route_node
1120,522600.9204974669,5696884.290406497,50.0,1.0,0.03739429338709027,ground_equivalent_excess_gamma_dose_rate,uSv/h,one_noise_free_measurement_per_executed_route_node
1121,522600.9204974669,5696864.290406497,50.0,1.0,0.03798217898600889,ground_equivalent_excess_gamma_dose_rate,uSv/h,one_noise_free_measurement_per_executed_route_node
1122,522580.9204974669,5696844.290406497,50.0,1.0,0.03676766962494718,ground_equivalent_excess_gamma_dose_rate,uSv/h,one_noise_free_measurement_per_executed_route_node
1123,522560.9204974669,5696864.290406497,50.0,1.0,0.03464607123050362,ground_equivalent_excess_gamma_dose_rate,uSv/h,one_noise_free_measurement_per_executed_route_node
1124,522560.9204974669,5696844.290406497,50.0,1.0,0.03511064606695735,ground_equivalent_excess_gamma_dose_rate,uSv/h,one_noise_free_measurement_per_executed_route_node
1125,522540.9204974669,5696844.290406497,50.0,1.0,0.03356045674144881,ground_equivalent_excess_gamma_dose_rate,uSv/h,one_noise_free_measurement_per_executed_route_node
1126,522520.9204974669,5696824.290406497,50.0,1.0,0.03247318037833585,ground_equivalent_excess_gamma_dose_rate,uSv/h,one_noise_free_measurement_per_executed_route_node
1127,522500.9204974669,5696844.290406497,50.0,1.0,0.030746396012647587,ground_equivalent_excess_gamma_dose_rate,uSv/h,one_noise_free_measurement_per_executed_route_node
1128,522500.9204974669,5696864.290406497,50.0,1.0,0.03038954958968504,ground_equivalent_excess_gamma_dose_rate,uSv/h,one_noise_free_measurement_per_executed_route_node
1129,522520.9204974669,5696864.290406497,50.0,1.0,0.031719381092103954,ground_equivalent_excess_gamma_dose_rate,uSv/h,one_noise_free_measurement_per_executed_route_node
1130,522520.9204974669,5696884.290406497,50.0,1.0,0.031308333348455925,ground_equivalent_excess_gamma_dose_rate,uSv/h,one_noise_free_measurement_per_executed_route_node
1131,522500.9204974669,5696884.290406497,50.0,1.0,0.03001204050968853,ground_equivalent_excess_gamma_dose_rate,uSv/h,one_noise_free_measurement_per_executed_route_node
1132,522500.9204974669,5696864.290406497,50.0,1.0,0.03038954958968504,ground_equivalent_excess_gamma_dose_rate,uSv/h,one_noise_free_measurement_per_executed_route_node
1133,522500.9204974669,5696844.290406497,50.0,1.0,0.030746396012647587,ground_equivalent_excess_gamma_dose_rate,uSv/h,one_noise_free_measurement_per_executed_route_node
1134,522500.9204974669,5696824.290406497,50.0,1.0,0.031080779232272288,ground_equivalent_excess_gamma_dose_rate,uSv/h,one_noise_free_measurement_per_executed_route_node
1135,522500.9204974669,5696804.290406497,50.0,1.0,0.03139095136283038,ground_equivalent_excess_gamma_dose_rate,uSv/h,one_noise_free_measurement_per_executed_route_node
1136,522520.9204974669,5696784.290406497,50.0,1.0,0.03312265133723996,ground_equivalent_excess_gamma_dose_rate,uSv/h,one_noise_free_measurement_per_executed_route_node
1137,522520.9204974669,5696764.290406497,50.0,1.0,0.033403583017176275,ground_equivalent_excess_gamma_dose_rate,uSv/h,one_noise_free_measurement_per_executed_route_node
1138,522540.9204974669,5696764.290406497,50.0,1.0,0.03497808957197085,ground_equivalent_excess_gamma_dose_rate,uSv/h,one_noise_free_measurement_per_executed_route_node
1139,522540.9204974669,5696744.290406497,50.0,1.0,0.03525171494790119,ground_equivalent_excess_gamma_dose_rate,uSv/h,one_noise_free_measurement_per_executed_route_node
1140,522560.9204974669,5696744.290406497,50.0,1.0,0.03696607338605942,ground_equivalent_excess_gamma_dose_rate,uSv/h,one_noise_free_measurement_per_executed_route_node
1141,522580.9204974669,5696724.290406497,50.0,1.0,0.03909558190939391,ground_equivalent_excess_gamma_dose_rate,uSv/h,one_noise_free_measurement_per_executed_route_node
1142,522560.9204974669,5696744.290406497,50.0,1.0,0.03696607338605942,ground_equivalent_excess_gamma_dose_rate,uSv/h,one_noise_free_measurement_per_executed_route_node
1143,522580.9204974669,5696744.290406497,50.0,1.0,0.03880744805045122,ground_equivalent_excess_gamma_dose_rate,uSv/h,one_noise_free_measurement_per_executed_route_node
1144,522600.9204974669,5696764.290406497,50.0,1.0,0.040422694282381266,ground_equivalent_excess_gamma_dose_rate,uSv/h,one_noise_free_measurement_per_executed_route_node
1145,522580.9204974669,5696764.290406497,50.0,1.0,0.03847609867930646,ground_equivalent_excess_gamma_dose_rate,uSv/h,one_noise_free_measurement_per_executed_route_node
1146,522600.9204974669,5696744.290406497,50.0,1.0,0.04078857865867219,ground_equivalent_excess_gamma_dose_rate,uSv/h,one_noise_free_measurement_per_executed_route_node
1147,522620.9204974669,5696744.290406497,50.0,1.0,0.042923825793212966,ground_equivalent_excess_gamma_dose_rate,uSv/h,one_noise_free_measurement_per_executed_route_node
1148,522600.9204974669,5696764.290406497,50.0,1.0,0.040422694282381266,ground_equivalent_excess_gamma_dose_rate,uSv/h,one_noise_free_measurement_per_executed_route_node
1149,522580.9204974669,5696764.290406497,50.0,1.0,0.03847609867930646,ground_equivalent_excess_gamma_dose_rate,uSv/h,one_noise_free_measurement_per_executed_route_node
1150,522600.9204974669,5696764.290406497,50.0,1.0,0.040422694282381266,ground_equivalent_excess_gamma_dose_rate,uSv/h,one_noise_free_measurement_per_executed_route_node
1151,522580.9204974669,5696764.290406497,50.0,1.0,0.03847609867930646,ground_equivalent_excess_gamma_dose_rate,uSv/h,one_noise_free_measurement_per_executed_route_node
1152,522600.9204974669,5696744.290406497,50.0,1.0,0.04078857865867219,ground_equivalent_excess_gamma_dose_rate,uSv/h,one_noise_free_measurement_per_executed_route_node
1153,522620.9204974669,5696724.290406497,50.0,1.0,0.043276605128587275,ground_equivalent_excess_gamma_dose_rate,uSv/h,one_noise_free_measurement_per_executed_route_node
1154,522640.9204974669,5696744.290406497,50.0,1.0,0.04522942182721637,ground_equivalent_excess_gamma_dose_rate,uSv/h,one_noise_free_measurement_per_executed_route_node
1155,522620.9204974669,5696764.290406497,50.0,1.0,0.042518821452609545,ground_equivalent_excess_gamma_dose_rate,uSv/h,one_noise_free_measurement_per_executed_route_node
1156,522600.9204974669,5696744.290406497,50.0,1.0,0.04078857865867219,ground_equivalent_excess_gamma_dose_rate,uSv/h,one_noise_free_measurement_per_executed_route_node
1157,522620.9204974669,5696764.290406497,50.0,1.0,0.042518821452609545,ground_equivalent_excess_gamma_dose_rate,uSv/h,one_noise_free_measurement_per_executed_route_node
1158,522600.9204974669,5696784.290406497,50.0,1.0,0.04001201925415421,ground_equivalent_excess_gamma_dose_rate,uSv/h,one_noise_free_measurement_per_executed_route_node
1159,522580.9204974669,5696764.290406497,50.0,1.0,0.03847609867930646,ground_equivalent_excess_gamma_dose_rate,uSv/h,one_noise_free_measurement_per_executed_route_node
1160,522560.9204974669,5696784.290406497,50.0,1.0,0.036327104447969355,ground_equivalent_excess_gamma_dose_rate,uSv/h,one_noise_free_measurement_per_executed_route_node
1161,522580.9204974669,5696784.290406497,50.0,1.0,0.03810384211193335,ground_equivalent_excess_gamma_dose_rate,uSv/h,one_noise_free_measurement_per_executed_route_node
1162,522600.9204974669,5696804.290406497,50.0,1.0,0.039559462911520404,ground_equivalent_excess_gamma_dose_rate,uSv/h,one_noise_free_measurement_per_executed_route_node
1163,522580.9204974669,5696804.290406497,50.0,1.0,0.03769319991286568,ground_equivalent_excess_gamma_dose_rate,uSv/h,one_noise_free_measurement_per_executed_route_node
1164,522600.9204974669,5696804.290406497,50.0,1.0,0.039559462911520404,ground_equivalent_excess_gamma_dose_rate,uSv/h,one_noise_free_measurement_per_executed_route_node
1165,522620.9204974669,5696784.290406497,50.0,1.0,0.042064690104850894,ground_equivalent_excess_gamma_dose_rate,uSv/h,one_noise_free_measurement_per_executed_route_node
1166,522640.9204974669,5696764.290406497,50.0,1.0,0.04477996823756636,ground_equivalent_excess_gamma_dose_rate,uSv/h,one_noise_free_measurement_per_executed_route_node
1167,522660.9204974669,5696764.290406497,50.0,1.0,0.047223647672642866,ground_equivalent_excess_gamma_dose_rate,uSv/h,one_noise_free_measurement_per_executed_route_node
1168,522660.9204974669,5696784.290406497,50.0,1.0,0.046664115404868756,ground_equivalent_excess_gamma_dose_rate,uSv/h,one_noise_free_measurement_per_executed_route_node
1169,522680.9204974669,5696804.290406497,50.0,1.0,0.04856237830274446,ground_equivalent_excess_gamma_dose_rate,uSv/h,one_noise_free_measurement_per_executed_route_node
1170,522680.9204974669,5696824.290406497,50.0,1.0,0.047824044676981065,ground_equivalent_excess_gamma_dose_rate,uSv/h,one_noise_free_measurement_per_executed_route_node
1171,522700.9204974669,5696824.290406497,50.0,1.0,0.050458156527155185,ground_equivalent_excess_gamma_dose_rate,uSv/h,one_noise_free_measurement_per_executed_route_node
1172,522720.9204974669,5696824.290406497,50.0,1.0,0.05330825999926414,ground_equivalent_excess_gamma_dose_rate,uSv/h,one_noise_free_measurement_per_executed_route_node
1173,522740.9204974669,5696804.290406497,50.0,1.0,0.05742728640904149,ground_equivalent_excess_gamma_dose_rate,uSv/h,one_noise_free_measurement_per_executed_route_node
1174,522740.9204974669,5696824.290406497,50.0,1.0,0.05639764578909551,ground_equivalent_excess_gamma_dose_rate,uSv/h,one_noise_free_measurement_per_executed_route_node
1175,522760.9204974669,5696804.290406497,50.0,1.0,0.06090971379297483,ground_equivalent_excess_gamma_dose_rate,uSv/h,one_noise_free_measurement_per_executed_route_node
1176,522780.9204974669,5696784.290406497,50.0,1.0,0.06592718983357077,ground_equivalent_excess_gamma_dose_rate,uSv/h,one_noise_free_measurement_per_executed_route_node
1177,522780.9204974669,5696804.290406497,50.0,1.0,0.06470749564056799,ground_equivalent_excess_gamma_dose_rate,uSv/h,one_noise_free_measurement_per_executed_route_node
1178,522800.9204974669,5696804.290406497,50.0,1.0,0.06885829902414026,ground_equivalent_excess_gamma_dose_rate,uSv/h,one_noise_free_measurement_per_executed_route_node
1179,522820.9204974669,5696784.290406497,50.0,1.0,0.07497891009595753,ground_equivalent_excess_gamma_dose_rate,uSv/h,one_noise_free_measurement_per_executed_route_node
1180,522820.9204974669,5696804.290406497,50.0,1.0,0.0734052957148022,ground_equivalent_excess_gamma_dose_rate,uSv/h,one_noise_free_measurement_per_executed_route_node
1181,522840.9204974669,5696824.290406497,50.0,1.0,0.0764916374604544,ground_equivalent_excess_gamma_dose_rate,uSv/h,one_noise_free_measurement_per_executed_route_node
1182,522860.9204974669,5696804.290406497,50.0,1.0,0.08389381041228167,ground_equivalent_excess_gamma_dose_rate,uSv/h,one_noise_free_measurement_per_executed_route_node
1183,522880.9204974669,5696824.290406497,50.0,1.0,0.08745723567797786,ground_equivalent_excess_gamma_dose_rate,uSv/h,one_noise_free_measurement_per_executed_route_node
1184,522900.9204974669,5696804.290406497,50.0,1.0,0.09666817964098012,ground_equivalent_excess_gamma_dose_rate,uSv/h,one_noise_free_measurement_per_executed_route_node
1185,522920.9204974669,5696824.290406497,50.0,1.0,0.10077602698176447,ground_equivalent_excess_gamma_dose_rate,uSv/h,one_noise_free_measurement_per_executed_route_node
1186,522940.9204974669,5696804.290406497,50.0,1.0,0.11239111029423027,ground_equivalent_excess_gamma_dose_rate,uSv/h,one_noise_free_measurement_per_executed_route_node
1187,522960.9204974669,5696804.290406497,50.0,1.0,0.12162611520845446,ground_equivalent_excess_gamma_dose_rate,uSv/h,one_noise_free_measurement_per_executed_route_node
1188,522980.9204974669,5696824.290406497,50.0,1.0,0.1266424312312857,ground_equivalent_excess_gamma_dose_rate,uSv/h,one_noise_free_measurement_per_executed_route_node
1189,522960.9204974669,5696844.290406497,50.0,1.0,0.11248920793896028,ground_equivalent_excess_gamma_dose_rate,uSv/h,one_noise_free_measurement_per_executed_route_node
1190,522940.9204974669,5696864.290406497,50.0,1.0,0.10053044180375859,ground_equivalent_excess_gamma_dose_rate,uSv/h,one_noise_free_measurement_per_executed_route_node
1191,522920.9204974669,5696884.290406497,50.0,1.0,0.09034460361477431,ground_equivalent_excess_gamma_dose_rate,uSv/h,one_noise_free_measurement_per_executed_route_node
1192,522940.9204974669,5696904.290406497,50.0,1.0,0.09253211312812432,ground_equivalent_excess_gamma_dose_rate,uSv/h,one_noise_free_measurement_per_executed_route_node
1193,522960.9204974669,5696904.290406497,50.0,1.0,0.09870229650746748,ground_equivalent_excess_gamma_dose_rate,uSv/h,one_noise_free_measurement_per_executed_route_node
1194,522980.9204974669,5696884.290406497,50.0,1.0,0.11059521517839005,ground_equivalent_excess_gamma_dose_rate,uSv/h,one_noise_free_measurement_per_executed_route_node
1195,523000.920497467,5696864.290406497,50.0,1.0,0.12474289754094031,ground_equivalent_excess_gamma_dose_rate,uSv/h,one_noise_free_measurement_per_executed_route_node
1196,523020.920497467,5696884.290406497,50.0,1.0,0.12737526729293197,ground_equivalent_excess_gamma_dose_rate,uSv/h,one_noise_free_measurement_per_executed_route_node
1197,523040.920497467,5696904.290406497,50.0,1.0,0.1290464634723114,ground_equivalent_excess_gamma_dose_rate,uSv/h,one_noise_free_measurement_per_executed_route_node
1198,523060.920497467,5696924.290406497,50.0,1.0,0.12967685936394707,ground_equivalent_excess_gamma_dose_rate,uSv/h,one_noise_free_measurement_per_executed_route_node
1199,523080.920497467,5696944.290406497,50.0,1.0,0.12923561168290848,ground_equivalent_excess_gamma_dose_rate,uSv/h,one_noise_free_measurement_per_executed_route_node
1200,523100.920497467,5696964.290406497,50.0,1.0,0.1277443559958094,ground_equivalent_excess_gamma_dose_rate,uSv/h,one_noise_free_measurement_per_executed_route_node
1201,523100.920497467,5696984.290406497,50.0,1.0,0.11901862790596757,ground_equivalent_excess_gamma_dose_rate,uSv/h,one_noise_free_measurement_per_executed_route_node
1202,523100.920497467,5697004.290406496,50.0,1.0,0.11101295433030467,ground_equivalent_excess_gamma_dose_rate,uSv/h,one_noise_free_measurement_per_executed_route_node
1203,523120.920497467,5697024.290406496,50.0,1.0,0.10838596361786179,ground_equivalent_excess_gamma_dose_rate,uSv/h,one_noise_free_measurement_per_executed_route_node
1204,523140.920497467,5697044.290406496,50.0,1.0,0.10516777471267225,ground_equivalent_excess_gamma_dose_rate,uSv/h,one_noise_free_measurement_per_executed_route_node
1205,523160.920497467,5697064.290406496,50.0,1.0,0.10147189710446891,ground_equivalent_excess_gamma_dose_rate,uSv/h,one_noise_free_measurement_per_executed_route_node
1206,523180.920497467,5697084.290406496,50.0,1.0,0.09741580657448451,ground_equivalent_excess_gamma_dose_rate,uSv/h,one_noise_free_measurement_per_executed_route_node
1207,523200.920497467,5697104.290406496,50.0,1.0,0.09311330499616927,ground_equivalent_excess_gamma_dose_rate,uSv/h,one_noise_free_measurement_per_executed_route_node
1208,523220.920497467,5697104.290406496,50.0,1.0,0.09541965298835331,ground_equivalent_excess_gamma_dose_rate,uSv/h,one_noise_free_measurement_per_executed_route_node
1209,523240.920497467,5697124.290406496,50.0,1.0,0.09049486670165258,ground_equivalent_excess_gamma_dose_rate,uSv/h,one_noise_free_measurement_per_executed_route_node
1210,523240.920497467,5697144.290406496,50.0,1.0,0.08417322665573174,ground_equivalent_excess_gamma_dose_rate,uSv/h,one_noise_free_measurement_per_executed_route_node
1211,523260.920497467,5697164.290406496,50.0,1.0,0.07970292252614042,ground_equivalent_excess_gamma_dose_rate,uSv/h,one_noise_free_measurement_per_executed_route_node
1212,523280.920497467,5697164.290406496,50.0,1.0,0.08075581655653474,ground_equivalent_excess_gamma_dose_rate,uSv/h,one_noise_free_measurement_per_executed_route_node
1213,523300.920497467,5697164.290406496,50.0,1.0,0.08162314780025526,ground_equivalent_excess_gamma_dose_rate,uSv/h,one_noise_free_measurement_per_executed_route_node
1214,523320.920497467,5697164.290406496,50.0,1.0,0.08229203638540172,ground_equivalent_excess_gamma_dose_rate,uSv/h,one_noise_free_measurement_per_executed_route_node
1215,523340.920497467,5697164.290406496,50.0,1.0,0.08275226261448831,ground_equivalent_excess_gamma_dose_rate,uSv/h,one_noise_free_measurement_per_executed_route_node
1216,523360.920497467,5697164.290406496,50.0,1.0,0.0829966483204399,ground_equivalent_excess_gamma_dose_rate,uSv/h,one_noise_free_measurement_per_executed_route_node
1217,523340.920497467,5697184.290406496,50.0,1.0,0.07705244594225585,ground_equivalent_excess_gamma_dose_rate,uSv/h,one_noise_free_measurement_per_executed_route_node
1218,523320.920497467,5697184.290406496,50.0,1.0,0.0766532824019715,ground_equivalent_excess_gamma_dose_rate,uSv/h,one_noise_free_measurement_per_executed_route_node
1219,523340.920497467,5697184.290406496,50.0,1.0,0.07705244594225585,ground_equivalent_excess_gamma_dose_rate,uSv/h,one_noise_free_measurement_per_executed_route_node
1220,523320.920497467,5697184.290406496,50.0,1.0,0.0766532824019715,ground_equivalent_excess_gamma_dose_rate,uSv/h,one_noise_free_measurement_per_executed_route_node
1221,523300.920497467,5697204.290406496,50.0,1.0,0.07106689281638845,ground_equivalent_excess_gamma_dose_rate,uSv/h,one_noise_free_measurement_per_executed_route_node
1222,523320.920497467,5697224.290406496,50.0,1.0,0.06698112524832761,ground_equivalent_excess_gamma_dose_rate,uSv/h,one_noise_free_measurement_per_executed_route_node
1223,523340.920497467,5697224.290406496,50.0,1.0,0.06728571056413263,ground_equivalent_excess_gamma_dose_rate,uSv/h,one_noise_free_measurement_per_executed_route_node
1224,523360.920497467,5697244.290406496,50.0,1.0,0.06322580944840989,ground_equivalent_excess_gamma_dose_rate,uSv/h,one_noise_free_measurement_per_executed_route_node
1225,523380.920497467,5697244.290406496,50.0,1.0,0.06324013339053319,ground_equivalent_excess_gamma_dose_rate,uSv/h,one_noise_free_measurement_per_executed_route_node
1226,523380.920497467,5697264.290406496,50.0,1.0,0.059401276760490895,ground_equivalent_excess_gamma_dose_rate,uSv/h,one_noise_free_measurement_per_executed_route_node
1227,523400.920497467,5697264.290406496,50.0,1.0,0.05930117394262996,ground_equivalent_excess_gamma_dose_rate,uSv/h,one_noise_free_measurement_per_executed_route_node
1228,523420.920497467,5697284.290406496,50.0,1.0,0.05562539082146312,ground_equivalent_excess_gamma_dose_rate,uSv/h,one_noise_free_measurement_per_executed_route_node
1229,523440.920497467,5697304.290406496,50.0,1.0,0.05220369824263377,ground_equivalent_excess_gamma_dose_rate,uSv/h,one_noise_free_measurement_per_executed_route_node
1230,523440.920497467,5697324.290406496,50.0,1.0,0.04932512719307064,ground_equivalent_excess_gamma_dose_rate,uSv/h,one_noise_free_measurement_per_executed_route_node
1231,523420.920497467,5697344.290406496,50.0,1.0,0.046879827240990296,ground_equivalent_excess_gamma_dose_rate,uSv/h,one_noise_free_measurement_per_executed_route_node
1232,523400.920497467,5697364.290406496,50.0,1.0,0.04453821092737295,ground_equivalent_excess_gamma_dose_rate,uSv/h,one_noise_free_measurement_per_executed_route_node
1233,523380.920497467,5697364.290406496,50.0,1.0,0.04459465297862125,ground_equivalent_excess_gamma_dose_rate,uSv/h,one_noise_free_measurement_per_executed_route_node
1234,523360.920497467,5697344.290406496,50.0,1.0,0.0470679406208335,ground_equivalent_excess_gamma_dose_rate,uSv/h,one_noise_free_measurement_per_executed_route_node
1235,523340.920497467,5697344.290406496,50.0,1.0,0.04698924346829744,ground_equivalent_excess_gamma_dose_rate,uSv/h,one_noise_free_measurement_per_executed_route_node
1236,523320.920497467,5697344.290406496,50.0,1.0,0.046840494622332945,ground_equivalent_excess_gamma_dose_rate,uSv/h,one_noise_free_measurement_per_executed_route_node
1237,523300.920497467,5697344.290406496,50.0,1.0,0.04662302203137886,ground_equivalent_excess_gamma_dose_rate,uSv/h,one_noise_free_measurement_per_executed_route_node
1238,523280.920497467,5697324.290406496,50.0,1.0,0.04894690276647928,ground_equivalent_excess_gamma_dose_rate,uSv/h,one_noise_free_measurement_per_executed_route_node
1239,523260.920497467,5697344.290406496,50.0,1.0,0.045990129962683896,ground_equivalent_excess_gamma_dose_rate,uSv/h,one_noise_free_measurement_per_executed_route_node
1240,523240.920497467,5697364.290406496,50.0,1.0,0.04325018208461856,ground_equivalent_excess_gamma_dose_rate,uSv/h,one_noise_free_measurement_per_executed_route_node
1241,523220.920497467,5697384.290406496,50.0,1.0,0.04071199752004817,ground_equivalent_excess_gamma_dose_rate,uSv/h,one_noise_free_measurement_per_executed_route_node
1242,523200.920497467,5697404.290406496,50.0,1.0,0.03836080005715922,ground_equivalent_excess_gamma_dose_rate,uSv/h,one_noise_free_measurement_per_executed_route_node
1243,523180.920497467,5697424.290406496,50.0,1.0,0.03618236662540897,ground_equivalent_excess_gamma_dose_rate,uSv/h,one_noise_free_measurement_per_executed_route_node
1244,523160.920497467,5697424.290406496,50.0,1.0,0.0357636466578784,ground_equivalent_excess_gamma_dose_rate,uSv/h,one_noise_free_measurement_per_executed_route_node
1245,523140.920497467,5697444.290406496,50.0,1.0,0.033753168224252145,ground_equivalent_excess_gamma_dose_rate,uSv/h,one_noise_free_measurement_per_executed_route_node
1246,523120.920497467,5697444.290406496,50.0,1.0,0.033317306742546904,ground_equivalent_excess_gamma_dose_rate,uSv/h,one_noise_free_measurement_per_executed_route_node
1247,523100.920497467,5697464.290406496,50.0,1.0,0.03147036642514711,ground_equivalent_excess_gamma_dose_rate,uSv/h,one_noise_free_measurement_per_executed_route_node
1248,523080.920497467,5697464.290406496,50.0,1.0,0.031029393320943816,ground_equivalent_excess_gamma_dose_rate,uSv/h,one_noise_free_measurement_per_executed_route_node
1249,523060.920497467,5697464.290406496,50.0,1.0,0.03057067216685988,ground_equivalent_excess_gamma_dose_rate,uSv/h,one_noise_free_measurement_per_executed_route_node
1250,523040.920497467,5697484.290406496,50.0,1.0,0.02890124650402387,ground_equivalent_excess_gamma_dose_rate,uSv/h,one_noise_free_measurement_per_executed_route_node
1251,523020.920497467,5697484.290406496,50.0,1.0,0.028450986477232876,ground_equivalent_excess_gamma_dose_rate,uSv/h,one_noise_free_measurement_per_executed_route_node
1252,523000.920497467,5697504.290406496,50.0,1.0,0.02692974500984127,ground_equivalent_excess_gamma_dose_rate,uSv/h,one_noise_free_measurement_per_executed_route_node
1253,522980.9204974669,5697524.290406496,50.0,1.0,0.025521171538577858,ground_equivalent_excess_gamma_dose_rate,uSv/h,one_noise_free_measurement_per_executed_route_node
1254,522960.9204974669,5697504.290406496,50.0,1.0,0.026049247401855213,ground_equivalent_excess_gamma_dose_rate,uSv/h,one_noise_free_measurement_per_executed_route_node
1255,522940.9204974669,5697484.290406496,50.0,1.0,0.026554432905091768,ground_equivalent_excess_gamma_dose_rate,uSv/h,one_noise_free_measurement_per_executed_route_node
1256,522920.9204974669,5697484.290406496,50.0,1.0,0.026064691692842673,ground_equivalent_excess_gamma_dose_rate,uSv/h,one_noise_free_measurement_per_executed_route_node
1257,522900.9204974669,5697484.290406496,50.0,1.0,0.025571745474511215,ground_equivalent_excess_gamma_dose_rate,uSv/h,one_noise_free_measurement_per_executed_route_node
1258,522880.9204974669,5697484.290406496,50.0,1.0,0.02507695928767767,ground_equivalent_excess_gamma_dose_rate,uSv/h,one_noise_free_measurement_per_executed_route_node
1259,522860.9204974669,5697464.290406496,50.0,1.0,0.025440816962256863,ground_equivalent_excess_gamma_dose_rate,uSv/h,one_noise_free_measurement_per_executed_route_node
1260,522840.9204974669,5697444.290406496,50.0,1.0,0.025772807543282317,ground_equivalent_excess_gamma_dose_rate,uSv/h,one_noise_free_measurement_per_executed_route_node
1261,522820.9204974669,5697444.290406496,50.0,1.0,0.025209130515227413,ground_equivalent_excess_gamma_dose_rate,uSv/h,one_noise_free_measurement_per_executed_route_node
1262,522800.9204974669,5697424.290406496,50.0,1.0,0.025472620382756495,ground_equivalent_excess_gamma_dose_rate,uSv/h,one_noise_free_measurement_per_executed_route_node
1263,522780.9204974669,5697424.290406496,50.0,1.0,0.024882170334838194,ground_equivalent_excess_gamma_dose_rate,uSv/h,one_noise_free_measurement_per_executed_route_node
1264,522760.9204974669,5697404.290406496,50.0,1.0,0.025078312653835977,ground_equivalent_excess_gamma_dose_rate,uSv/h,one_noise_free_measurement_per_executed_route_node
1265,522740.9204974669,5697384.290406496,50.0,1.0,0.0252367447499606,ground_equivalent_excess_gamma_dose_rate,uSv/h,one_noise_free_measurement_per_executed_route_node
1266,522720.9204974669,5697364.290406496,50.0,1.0,0.025355977241689726,ground_equivalent_excess_gamma_dose_rate,uSv/h,one_noise_free_measurement_per_executed_route_node
1267,522700.9204974669,5697344.290406496,50.0,1.0,0.025434870526470837,ground_equivalent_excess_gamma_dose_rate,uSv/h,one_noise_free_measurement_per_executed_route_node
1268,522680.9204974669,5697324.290406496,50.0,1.0,0.02547266165987691,ground_equivalent_excess_gamma_dose_rate,uSv/h,one_noise_free_measurement_per_executed_route_node
1269,522660.9204974669,5697344.290406496,50.0,1.0,0.024078243752926304,ground_equivalent_excess_gamma_dose_rate,uSv/h,one_noise_free_measurement_per_executed_route_node
1270,522640.9204974669,5697364.290406496,50.0,1.0,0.022795263608474448,ground_equivalent_excess_gamma_dose_rate,uSv/h,one_noise_free_measurement_per_executed_route_node
1271,522620.9204974669,5697364.290406496,50.0,1.0,0.02219443248678976,ground_equivalent_excess_gamma_dose_rate,uSv/h,one_noise_free_measurement_per_executed_route_node
1272,522600.9204974669,5697384.290406496,50.0,1.0,0.021057136164885193,ground_equivalent_excess_gamma_dose_rate,uSv/h,one_noise_free_measurement_per_executed_route_node
1273,522580.9204974669,5697384.290406496,50.0,1.0,0.020516430936284274,ground_equivalent_excess_gamma_dose_rate,uSv/h,one_noise_free_measurement_per_executed_route_node
1274,522560.9204974669,5697384.290406496,50.0,1.0,0.019990003589424543,ground_equivalent_excess_gamma_dose_rate,uSv/h,one_noise_free_measurement_per_executed_route_node
1275,522540.9204974669,5697384.290406496,50.0,1.0,0.019477767575073635,ground_equivalent_excess_gamma_dose_rate,uSv/h,one_noise_free_measurement_per_executed_route_node
1276,522520.9204974669,5697364.290406496,50.0,1.0,0.019427186783083167,ground_equivalent_excess_gamma_dose_rate,uSv/h,one_noise_free_measurement_per_executed_route_node
1277,522540.9204974669,5697344.290406496,50.0,1.0,0.020431195183800793,ground_equivalent_excess_gamma_dose_rate,uSv/h,one_noise_free_measurement_per_executed_route_node
1278,522560.9204974669,5697324.290406496,50.0,1.0,0.02151496846854245,ground_equivalent_excess_gamma_dose_rate,uSv/h,one_noise_free_measurement_per_executed_route_node
1279,522580.9204974669,5697304.290406496,50.0,1.0,0.02268717075585064,ground_equivalent_excess_gamma_dose_rate,uSv/h,one_noise_free_measurement_per_executed_route_node
1280,522600.9204974669,5697284.290406496,50.0,1.0,0.02395767314191971,ground_equivalent_excess_gamma_dose_rate,uSv/h,one_noise_free_measurement_per_executed_route_node
1281,522620.9204974669,5697264.290406496,50.0,1.0,0.025337760843037765,ground_equivalent_excess_gamma_dose_rate,uSv/h,one_noise_free_measurement_per_executed_route_node
1282,522640.9204974669,5697264.290406496,50.0,1.0,0.02612384508241572,ground_equivalent_excess_gamma_dose_rate,uSv/h,one_noise_free_measurement_per_executed_route_node
1283,522620.9204974669,5697244.290406496,50.0,1.0,0.0260112693963179,ground_equivalent_excess_gamma_dose_rate,uSv/h,one_noise_free_measurement_per_executed_route_node
1284,522600.9204974669,5697224.290406496,50.0,1.0,0.025856800124704427,ground_equivalent_excess_gamma_dose_rate,uSv/h,one_noise_free_measurement_per_executed_route_node
1285,522580.9204974669,5697244.290406496,50.0,1.0,0.02444029297219613,ground_equivalent_excess_gamma_dose_rate,uSv/h,one_noise_free_measurement_per_executed_route_node
1286,522560.9204974669,5697244.290406496,50.0,1.0,0.023696894606785313,ground_equivalent_excess_gamma_dose_rate,uSv/h,one_noise_free_measurement_per_executed_route_node
1287,522540.9204974669,5697224.290406496,50.0,1.0,0.023515417044727482,ground_equivalent_excess_gamma_dose_rate,uSv/h,one_noise_free_measurement_per_executed_route_node
1288,522520.9204974669,5697224.290406496,50.0,1.0,0.022793126515785245,ground_equivalent_excess_gamma_dose_rate,uSv/h,one_noise_free_measurement_per_executed_route_node
1289,522500.9204974669,5697224.290406496,50.0,1.0,0.022098247211171873,ground_equivalent_excess_gamma_dose_rate,uSv/h,one_noise_free_measurement_per_executed_route_node
1290,522480.9204974669,5697204.290406496,50.0,1.0,0.021878903992268994,ground_equivalent_excess_gamma_dose_rate,uSv/h,one_noise_free_measurement_per_executed_route_node
1291,522460.9204974669,5697204.290406496,50.0,1.0,0.021209037724210233,ground_equivalent_excess_gamma_dose_rate,uSv/h,one_noise_free_measurement_per_executed_route_node
1292,522440.9204974669,5697204.290406496,50.0,1.0,0.02056542858998528,ground_equivalent_excess_gamma_dose_rate,uSv/h,one_noise_free_measurement_per_executed_route_node
1293,522420.9204974669,5697184.290406496,50.0,1.0,0.020322326635250743,ground_equivalent_excess_gamma_dose_rate,uSv/h,one_noise_free_measurement_per_executed_route_node
1294,522440.9204974669,5697184.290406496,50.0,1.0,0.020964632279617673,ground_equivalent_excess_gamma_dose_rate,uSv/h,one_noise_free_measurement_per_executed_route_node
1295,522420.9204974669,5697184.290406496,50.0,1.0,0.020322326635250743,ground_equivalent_excess_gamma_dose_rate,uSv/h,one_noise_free_measurement_per_executed_route_node
1296,522440.9204974669,5697184.290406496,50.0,1.0,0.020964632279617673,ground_equivalent_excess_gamma_dose_rate,uSv/h,one_noise_free_measurement_per_executed_route_node
1297,522460.9204974669,5697204.290406496,50.0,1.0,0.021209037724210233,ground_equivalent_excess_gamma_dose_rate,uSv/h,one_noise_free_measurement_per_executed_route_node
1298,522480.9204974669,5697224.290406496,50.0,1.0,0.021429777509181597,ground_equivalent_excess_gamma_dose_rate,uSv/h,one_noise_free_measurement_per_executed_route_node
1299,522460.9204974669,5697244.290406496,50.0,1.0,0.020367621611879938,ground_equivalent_excess_gamma_dose_rate,uSv/h,one_noise_free_measurement_per_executed_route_node
1300,522480.9204974669,5697264.290406496,50.0,1.0,0.020544062882370956,ground_equivalent_excess_gamma_dose_rate,uSv/h,one_noise_free_measurement_per_executed_route_node
1301,522500.9204974669,5697284.290406496,50.0,1.0,0.020696138340751624,ground_equivalent_excess_gamma_dose_rate,uSv/h,one_noise_free_measurement_per_executed_route_node
1302,522520.9204974669,5697284.290406496,50.0,1.0,0.02130442282690076,ground_equivalent_excess_gamma_dose_rate,uSv/h,one_noise_free_measurement_per_executed_route_node
1303,522540.9204974669,5697284.290406496,50.0,1.0,0.021934140269656482,ground_equivalent_excess_gamma_dose_rate,uSv/h,one_noise_free_measurement_per_executed_route_node
1304,522520.9204974669,5697304.290406496,50.0,1.0,0.020822695590204776,ground_equivalent_excess_gamma_dose_rate,uSv/h,one_noise_free_measurement_per_executed_route_node
1305,522500.9204974669,5697304.290406496,50.0,1.0,0.02024123328069166,ground_equivalent_excess_gamma_dose_rate,uSv/h,one_noise_free_measurement_per_executed_route_node
1306,522500.9204974669,5697324.290406496,50.0,1.0,0.01979335111685504,ground_equivalent_excess_gamma_dose_rate,uSv/h,one_noise_free_measurement_per_executed_route_node
1307,522520.9204974669,5697324.290406496,50.0,1.0,0.020349012631919128,ground_equivalent_excess_gamma_dose_rate,uSv/h,one_noise_free_measurement_per_executed_route_node
1308,522520.9204974669,5697304.290406496,50.0,1.0,0.020822695590204776,ground_equivalent_excess_gamma_dose_rate,uSv/h,one_noise_free_measurement_per_executed_route_node
1309,522500.9204974669,5697284.290406496,50.0,1.0,0.020696138340751624,ground_equivalent_excess_gamma_dose_rate,uSv/h,one_noise_free_measurement_per_executed_route_node
1310,522480.9204974669,5697284.290406496,50.0,1.0,0.020108677311586082,ground_equivalent_excess_gamma_dose_rate,uSv/h,one_noise_free_measurement_per_executed_route_node
1311,522460.9204974669,5697264.290406496,50.0,1.0,0.01995233551386008,ground_equivalent_excess_gamma_dose_rate,uSv/h,one_noise_free_measurement_per_executed_route_node
1312,522480.9204974669,5697264.290406496,50.0,1.0,0.020544062882370956,ground_equivalent_excess_gamma_dose_rate,uSv/h,one_noise_free_measurement_per_executed_route_node
1313,522480.9204974669,5697284.290406496,50.0,1.0,0.020108677311586082,ground_equivalent_excess_gamma_dose_rate,uSv/h,one_noise_free_measurement_per_executed_route_node
1314,522460.9204974669,5697284.290406496,50.0,1.0,0.01954141859942854,ground_equivalent_excess_gamma_dose_rate,uSv/h,one_noise_free_measurement_per_executed_route_node
1315,522480.9204974669,5697284.290406496,50.0,1.0,0.020108677311586082,ground_equivalent_excess_gamma_dose_rate,uSv/h,one_noise_free_measurement_per_executed_route_node
1316,522480.9204974669,5697304.290406496,50.0,1.0,0.019678962637013686,ground_equivalent_excess_gamma_dose_rate,uSv/h,one_noise_free_measurement_per_executed_route_node
1317,522500.9204974669,5697284.290406496,50.0,1.0,0.020696138340751624,ground_equivalent_excess_gamma_dose_rate,uSv/h,one_noise_free_measurement_per_executed_route_node
1318,522520.9204974669,5697304.290406496,50.0,1.0,0.020822695590204776,ground_equivalent_excess_gamma_dose_rate,uSv/h,one_noise_free_measurement_per_executed_route_node
1319,522500.9204974669,5697324.290406496,50.0,1.0,0.01979335111685504,ground_equivalent_excess_gamma_dose_rate,uSv/h,one_noise_free_measurement_per_executed_route_node
1320,522500.9204974669,5697344.290406496,50.0,1.0,0.019352868141686463,ground_equivalent_excess_gamma_dose_rate,uSv/h,one_noise_free_measurement_per_executed_route_node
1321,522520.9204974669,5697364.290406496,50.0,1.0,0.019427186783083167,ground_equivalent_excess_gamma_dose_rate,uSv/h,one_noise_free_measurement_per_executed_route_node
1322,522540.9204974669,5697364.290406496,50.0,1.0,0.019949458319258206,ground_equivalent_excess_gamma_dose_rate,uSv/h,one_noise_free_measurement_per_executed_route_node
1323,522560.9204974669,5697344.290406496,50.0,1.0,0.02099553244197358,ground_equivalent_excess_gamma_dose_rate,uSv/h,one_noise_free_measurement_per_executed_route_node
1324,522580.9204974669,5697324.290406496,50.0,1.0,0.022126005436376495,ground_equivalent_excess_gamma_dose_rate,uSv/h,one_noise_free_measurement_per_executed_route_node
1325,522600.9204974669,5697324.290406496,50.0,1.0,0.022756181428056438,ground_equivalent_excess_gamma_dose_rate,uSv/h,one_noise_free_measurement_per_executed_route_node
1326,522620.9204974669,5697304.290406496,50.0,1.0,0.024034642672084994,ground_equivalent_excess_gamma_dose_rate,uSv/h,one_noise_free_measurement_per_executed_route_node
1327,522640.9204974669,5697304.290406496,50.0,1.0,0.024740822922101974,ground_equivalent_excess_gamma_dose_rate,uSv/h,one_noise_free_measurement_per_executed_route_node
1328,522620.9204974669,5697284.290406496,50.0,1.0,0.024678745533476765,ground_equivalent_excess_gamma_dose_rate,uSv/h,one_noise_free_measurement_per_executed_route_node
1329,522600.9204974669,5697284.290406496,50.0,1.0,0.02395767314191971,ground_equivalent_excess_gamma_dose_rate,uSv/h,one_noise_free_measurement_per_executed_route_node
1330,522600.9204974669,5697264.290406496,50.0,1.0,0.024578256168443724,ground_equivalent_excess_gamma_dose_rate,uSv/h,one_noise_free_measurement_per_executed_route_node
1331,522620.9204974669,5697264.290406496,50.0,1.0,0.025337760843037765,ground_equivalent_excess_gamma_dose_rate,uSv/h,one_noise_free_measurement_per_executed_route_node
1332,522620.9204974669,5697244.290406496,50.0,1.0,0.0260112693963179,ground_equivalent_excess_gamma_dose_rate,uSv/h,one_noise_free_measurement_per_executed_route_node
1333,522640.9204974669,5697244.290406496,50.0,1.0,0.0268403829439523,ground_equivalent_excess_gamma_dose_rate,uSv/h,one_noise_free_measurement_per_executed_route_node
1334,522660.9204974669,5697224.290406496,50.0,1.0,0.028480455047157016,ground_equivalent_excess_gamma_dose_rate,uSv/h,one_noise_free_measurement_per_executed_route_node
1335,522680.9204974669,5697204.290406496,50.0,1.0,0.030275227996724385,ground_equivalent_excess_gamma_dose_rate,uSv/h,one_noise_free_measurement_per_executed_route_node
1336,522700.9204974669,5697184.290406496,50.0,1.0,0.03224473964948871,ground_equivalent_excess_gamma_dose_rate,uSv/h,one_noise_free_measurement_per_executed_route_node
1337,522720.9204974669,5697204.290406496,50.0,1.0,0.03238432190532503,ground_equivalent_excess_gamma_dose_rate,uSv/h,one_noise_free_measurement_per_executed_route_node
1338,522740.9204974669,5697204.290406496,50.0,1.0,0.03349908986397149,ground_equivalent_excess_gamma_dose_rate,uSv/h,one_noise_free_measurement_per_executed_route_node
1339,522760.9204974669,5697184.290406496,50.0,1.0,0.03580371411365485,ground_equivalent_excess_gamma_dose_rate,uSv/h,one_noise_free_measurement_per_executed_route_node
1340,522740.9204974669,5697164.290406496,50.0,1.0,0.035673854431633845,ground_equivalent_excess_gamma_dose_rate,uSv/h,one_noise_free_measurement_per_executed_route_node
1341,522760.9204974669,5697164.290406496,50.0,1.0,0.03698751262046421,ground_equivalent_excess_gamma_dose_rate,uSv/h,one_noise_free_measurement_per_executed_route_node
1342,522780.9204974669,5697164.290406496,50.0,1.0,0.03835448632626584,ground_equivalent_excess_gamma_dose_rate,uSv/h,one_noise_free_measurement_per_executed_route_node
1343,522760.9204974669,5697144.290406496,50.0,1.0,0.03820550277965923,ground_equivalent_excess_gamma_dose_rate,uSv/h,one_noise_free_measurement_per_executed_route_node
1344,522740.9204974669,5697144.290406496,50.0,1.0,0.03680554049970042,ground_equivalent_excess_gamma_dose_rate,uSv/h,one_noise_free_measurement_per_executed_route_node
1345,522720.9204974669,5697144.290406496,50.0,1.0,0.0354642565679571,ground_equivalent_excess_gamma_dose_rate,uSv/h,one_noise_free_measurement_per_executed_route_node
1346,522700.9204974669,5697144.290406496,50.0,1.0,0.034179869281561,ground_equivalent_excess_gamma_dose_rate,uSv/h,one_noise_free_measurement_per_executed_route_node
1347,522680.9204974669,5697164.290406496,50.0,1.0,0.0320405184054634,ground_equivalent_excess_gamma_dose_rate,uSv/h,one_noise_free_measurement_per_executed_route_node
1348,522660.9204974669,5697164.290406496,50.0,1.0,0.030927136454680787,ground_equivalent_excess_gamma_dose_rate,uSv/h,one_noise_free_measurement_per_executed_route_node
1349,522640.9204974669,5697144.290406496,50.0,1.0,0.03064877214635528,ground_equivalent_excess_gamma_dose_rate,uSv/h,one_noise_free_measurement_per_executed_route_node
1350,522620.9204974669,5697124.290406496,50.0,1.0,0.030316438176265947,ground_equivalent_excess_gamma_dose_rate,uSv/h,one_noise_free_measurement_per_executed_route_node
1351,522600.9204974669,5697124.290406496,50.0,1.0,0.0292355024049282,ground_equivalent_excess_gamma_dose_rate,uSv/h,one_noise_free_measurement_per_executed_route_node
1352,522580.9204974669,5697124.290406496,50.0,1.0,0.02820351762829673,ground_equivalent_excess_gamma_dose_rate,uSv/h,one_noise_free_measurement_per_executed_route_node
1353,522560.9204974669,5697124.290406496,50.0,1.0,0.027218177702615115,ground_equivalent_excess_gamma_dose_rate,uSv/h,one_noise_free_measurement_per_executed_route_node
1354,522540.9204974669,5697124.290406496,50.0,1.0,0.026277248407522186,ground_equivalent_excess_gamma_dose_rate,uSv/h,one_noise_free_measurement_per_executed_route_node
1355,522520.9204974669,5697124.290406496,50.0,1.0,0.025378573875776994,ground_equivalent_excess_gamma_dose_rate,uSv/h,one_noise_free_measurement_per_executed_route_node
1356,522500.9204974669,5697104.290406496,50.0,1.0,0.025009385939841755,ground_equivalent_excess_gamma_dose_rate,uSv/h,one_noise_free_measurement_per_executed_route_node
1357,522520.9204974669,5697104.290406496,50.0,1.0,0.025903108160914123,ground_equivalent_excess_gamma_dose_rate,uSv/h,one_noise_free_measurement_per_executed_route_node
1358,522500.9204974669,5697084.290406496,50.0,1.0,0.025497795685847924,ground_equivalent_excess_gamma_dose_rate,uSv/h,one_noise_free_measurement_per_executed_route_node
1359,522500.9204974669,5697104.290406496,50.0,1.0,0.025009385939841755,ground_equivalent_excess_gamma_dose_rate,uSv/h,one_noise_free_measurement_per_executed_route_node
1360,522500.9204974669,5697124.290406496,50.0,1.0,0.024520080871463262,ground_equivalent_excess_gamma_dose_rate,uSv/h,one_noise_free_measurement_per_executed_route_node
1361,522480.9204974669,5697144.290406496,50.0,1.0,0.023242628477913085,ground_equivalent_excess_gamma_dose_rate,uSv/h,one_noise_free_measurement_per_executed_route_node
1362,522480.9204974669,5697124.290406496,50.0,1.0,0.023699781318113594,ground_equivalent_excess_gamma_dose_rate,uSv/h,one_noise_free_measurement_per_executed_route_node
1363,522480.9204974669,5697144.290406496,50.0,1.0,0.023242628477913085,ground_equivalent_excess_gamma_dose_rate,uSv/h,one_noise_free_measurement_per_executed_route_node
1364,522460.9204974669,5697164.290406496,50.0,1.0,0.02206050022389555,ground_equivalent_excess_gamma_dose_rate,uSv/h,one_noise_free_measurement_per_executed_route_node
1365,522440.9204974669,5697164.290406496,50.0,1.0,0.02136502411917099,ground_equivalent_excess_gamma_dose_rate,uSv/h,one_noise_free_measurement_per_executed_route_node
1366,522420.9204974669,5697144.290406496,50.0,1.0,0.021074308831595612,ground_equivalent_excess_gamma_dose_rate,uSv/h,one_noise_free_measurement_per_executed_route_node
1367,522400.9204974669,5697124.290406496,50.0,1.0,0.020763769599831616,ground_equivalent_excess_gamma_dose_rate,uSv/h,one_noise_free_measurement_per_executed_route_node
1368,522400.9204974669,5697104.290406496,50.0,1.0,0.0211135719322518,ground_equivalent_excess_gamma_dose_rate,uSv/h,one_noise_free_measurement_per_executed_route_node
1369,522420.9204974669,5697104.290406496,50.0,1.0,0.02182295059694872,ground_equivalent_excess_gamma_dose_rate,uSv/h,one_noise_free_measurement_per_executed_route_node
1370,522420.9204974669,5697124.290406496,50.0,1.0,0.02144945581777516,ground_equivalent_excess_gamma_dose_rate,uSv/h,one_noise_free_measurement_per_executed_route_node
1371,522400.9204974669,5697104.290406496,50.0,1.0,0.0211135719322518,ground_equivalent_excess_gamma_dose_rate,uSv/h,one_noise_free_measurement_per_executed_route_node
1372,522400.9204974669,5697084.290406496,50.0,1.0,0.021460614316191506,ground_equivalent_excess_gamma_dose_rate,uSv/h,one_noise_free_measurement_per_executed_route_node
1373,522420.9204974669,5697064.290406496,50.0,1.0,0.022561397974180886,ground_equivalent_excess_gamma_dose_rate,uSv/h,one_noise_free_measurement_per_executed_route_node
1374,522440.9204974669,5697064.290406496,50.0,1.0,0.023355802788983138,ground_equivalent_excess_gamma_dose_rate,uSv/h,one_noise_free_measurement_per_executed_route_node
1375,522420.9204974669,5697064.290406496,50.0,1.0,0.022561397974180886,ground_equivalent_excess_gamma_dose_rate,uSv/h,one_noise_free_measurement_per_executed_route_node
1376,522400.9204974669,5697064.290406496,50.0,1.0,0.02180403205391801,ground_equivalent_excess_gamma_dose_rate,uSv/h,one_noise_free_measurement_per_executed_route_node
1377,522400.9204974669,5697044.290406496,50.0,1.0,0.022142918423640662,ground_equivalent_excess_gamma_dose_rate,uSv/h,one_noise_free_measurement_per_executed_route_node
1378,522380.9204974669,5697024.290406496,50.0,1.0,0.021709475228862823,ground_equivalent_excess_gamma_dose_rate,uSv/h,one_noise_free_measurement_per_executed_route_node
1379,522380.9204974669,5697004.290406496,50.0,1.0,0.02201434588242218,ground_equivalent_excess_gamma_dose_rate,uSv/h,one_noise_free_measurement_per_executed_route_node
1380,522380.9204974669,5696984.290406497,50.0,1.0,0.02231195948487405,ground_equivalent_excess_gamma_dose_rate,uSv/h,one_noise_free_measurement_per_executed_route_node
1381,522380.9204974669,5697004.290406496,50.0,1.0,0.02201434588242218,ground_equivalent_excess_gamma_dose_rate,uSv/h,one_noise_free_measurement_per_executed_route_node
1382,522380.9204974669,5697024.290406496,50.0,1.0,0.021709475228862823,ground_equivalent_excess_gamma_dose_rate,uSv/h,one_noise_free_measurement_per_executed_route_node
1383,522400.9204974669,5697024.290406496,50.0,1.0,0.02247632773497124,ground_equivalent_excess_gamma_dose_rate,uSv/h,one_noise_free_measurement_per_executed_route_node
1384,522380.9204974669,5697004.290406496,50.0,1.0,0.02201434588242218,ground_equivalent_excess_gamma_dose_rate,uSv/h,one_noise_free_measurement_per_executed_route_node
1385,522400.9204974669,5697004.290406496,50.0,1.0,0.022803279111038355,ground_equivalent_excess_gamma_dose_rate,uSv/h,one_noise_free_measurement_per_executed_route_node
1386,522420.9204974669,5697024.290406496,50.0,1.0,0.02328198110730706,ground_equivalent_excess_gamma_dose_rate,uSv/h,one_noise_free_measurement_per_executed_route_node
1387,522420.9204974669,5697004.290406496,50.0,1.0,0.02363297440826484,ground_equivalent_excess_gamma_dose_rate,uSv/h,one_noise_free_measurement_per_executed_route_node
1388,522400.9204974669,5697004.290406496,50.0,1.0,0.022803279111038355,ground_equivalent_excess_gamma_dose_rate,uSv/h,one_noise_free_measurement_per_executed_route_node
1389,522420.9204974669,5697004.290406496,50.0,1.0,0.02363297440826484,ground_equivalent_excess_gamma_dose_rate,uSv/h,one_noise_free_measurement_per_executed_route_node
1390,522440.9204974669,5696984.290406497,50.0,1.0,0.02487545749674186,ground_equivalent_excess_gamma_dose_rate,uSv/h,one_noise_free_measurement_per_executed_route_node
1391,522420.9204974669,5696984.290406497,50.0,1.0,0.02397630292730632,ground_equivalent_excess_gamma_dose_rate,uSv/h,one_noise_free_measurement_per_executed_route_node
1392,522400.9204974669,5696984.290406497,50.0,1.0,0.02312276102102967,ground_equivalent_excess_gamma_dose_rate,uSv/h,one_noise_free_measurement_per_executed_route_node
1393,522380.9204974669,5696984.290406497,50.0,1.0,0.02231195948487405,ground_equivalent_excess_gamma_dose_rate,uSv/h,one_noise_free_measurement_per_executed_route_node
1394,522380.9204974669,5697004.290406496,50.0,1.0,0.02201434588242218,ground_equivalent_excess_gamma_dose_rate,uSv/h,one_noise_free_measurement_per_executed_route_node
1395,522400.9204974669,5697004.290406496,50.0,1.0,0.022803279111038355,ground_equivalent_excess_gamma_dose_rate,uSv/h,one_noise_free_measurement_per_executed_route_node
1396,522380.9204974669,5696984.290406497,50.0,1.0,0.02231195948487405,ground_equivalent_excess_gamma_dose_rate,uSv/h,one_noise_free_measurement_per_executed_route_node
1397,522380.9204974669,5696964.290406497,50.0,1.0,0.02260137215095065,ground_equivalent_excess_gamma_dose_rate,uSv/h,one_noise_free_measurement_per_executed_route_node
1398,522400.9204974669,5696964.290406497,50.0,1.0,0.023433736574339198,ground_equivalent_excess_gamma_dose_rate,uSv/h,one_noise_free_measurement_per_executed_route_node
1399,522420.9204974669,5696984.290406497,50.0,1.0,0.02397630292730632,ground_equivalent_excess_gamma_dose_rate,uSv/h,one_noise_free_measurement_per_executed_route_node
1400,522400.9204974669,5696964.290406497,50.0,1.0,0.023433736574339198,ground_equivalent_excess_gamma_dose_rate,uSv/h,one_noise_free_measurement_per_executed_route_node
1401,522380.9204974669,5696944.290406497,50.0,1.0,0.02288162506151678,ground_equivalent_excess_gamma_dose_rate,uSv/h,one_noise_free_measurement_per_executed_route_node
1402,522380.9204974669,5696964.290406497,50.0,1.0,0.02260137215095065,ground_equivalent_excess_gamma_dose_rate,uSv/h,one_noise_free_measurement_per_executed_route_node
1403,522400.9204974669,5696964.290406497,50.0,1.0,0.023433736574339198,ground_equivalent_excess_gamma_dose_rate,uSv/h,one_noise_free_measurement_per_executed_route_node
1404,522400.9204974669,5696944.290406497,50.0,1.0,0.02373514957236922,ground_equivalent_excess_gamma_dose_rate,uSv/h,one_noise_free_measurement_per_executed_route_node
1405,522400.9204974669,5696924.290406497,50.0,1.0,0.024025931297796288,ground_equivalent_excess_gamma_dose_rate,uSv/h,one_noise_free_measurement_per_executed_route_node
1406,522380.9204974669,5696944.290406497,50.0,1.0,0.02288162506151678,ground_equivalent_excess_gamma_dose_rate,uSv/h,one_noise_free_measurement_per_executed_route_node
1407,522400.9204974669,5696944.290406497,50.0,1.0,0.02373514957236922,ground_equivalent_excess_gamma_dose_rate,uSv/h,one_noise_free_measurement_per_executed_route_node
1408,522380.9204974669,5696964.290406497,50.0,1.0,0.02260137215095065,ground_equivalent_excess_gamma_dose_rate,uSv/h,one_noise_free_measurement_per_executed_route_node
1409,522400.9204974669,5696944.290406497,50.0,1.0,0.02373514957236922,ground_equivalent_excess_gamma_dose_rate,uSv/h,one_noise_free_measurement_per_executed_route_node
1410,522420.9204974669,5696944.290406497,50.0,1.0,0.024635381057148076,ground_equivalent_excess_gamma_dose_rate,uSv/h,one_noise_free_measurement_per_executed_route_node
1411,522420.9204974669,5696964.290406497,50.0,1.0,0.02431082667925849,ground_equivalent_excess_gamma_dose_rate,uSv/h,one_noise_free_measurement_per_executed_route_node
1412,522440.9204974669,5696944.290406497,50.0,1.0,0.025585627877849904,ground_equivalent_excess_gamma_dose_rate,uSv/h,one_noise_free_measurement_per_executed_route_node
1413,522420.9204974669,5696944.290406497,50.0,1.0,0.024635381057148076,ground_equivalent_excess_gamma_dose_rate,uSv/h,one_noise_free_measurement_per_executed_route_node
1414,522420.9204974669,5696924.290406497,50.0,1.0,0.024948784367314625,ground_equivalent_excess_gamma_dose_rate,uSv/h,one_noise_free_measurement_per_executed_route_node
1415,522400.9204974669,5696944.290406497,50.0,1.0,0.02373514957236922,ground_equivalent_excess_gamma_dose_rate,uSv/h,one_noise_free_measurement_per_executed_route_node
1416,522380.9204974669,5696924.290406497,50.0,1.0,0.02315175057496177,ground_equivalent_excess_gamma_dose_rate,uSv/h,one_noise_free_measurement_per_executed_route_node
1417,522400.9204974669,5696904.290406497,50.0,1.0,0.024305008002182688,ground_equivalent_excess_gamma_dose_rate,uSv/h,one_noise_free_measurement_per_executed_route_node
1418,522380.9204974669,5696924.290406497,50.0,1.0,0.02315175057496177,ground_equivalent_excess_gamma_dose_rate,uSv/h,one_noise_free_measurement_per_executed_route_node
1419,522380.9204974669,5696904.290406497,50.0,1.0,0.023410778916587577,ground_equivalent_excess_gamma_dose_rate,uSv/h,one_noise_free_measurement_per_executed_route_node
1420,522400.9204974669,5696924.290406497,50.0,1.0,0.024025931297796288,ground_equivalent_excess_gamma_dose_rate,uSv/h,one_noise_free_measurement_per_executed_route_node
1421,522380.9204974669,5696924.290406497,50.0,1.0,0.02315175057496177,ground_equivalent_excess_gamma_dose_rate,uSv/h,one_noise_free_measurement_per_executed_route_node
1422,522400.9204974669,5696904.290406497,50.0,1.0,0.024305008002182688,ground_equivalent_excess_gamma_dose_rate,uSv/h,one_noise_free_measurement_per_executed_route_node
1423,522420.9204974669,5696904.290406497,50.0,1.0,0.025249846208418386,ground_equivalent_excess_gamma_dose_rate,uSv/h,one_noise_free_measurement_per_executed_route_node
1424,522400.9204974669,5696924.290406497,50.0,1.0,0.024025931297796288,ground_equivalent_excess_gamma_dose_rate,uSv/h,one_noise_free_measurement_per_executed_route_node
1425,522380.9204974669,5696924.290406497,50.0,1.0,0.02315175057496177,ground_equivalent_excess_gamma_dose_rate,uSv/h,one_noise_free_measurement_per_executed_route_node
1426,522400.9204974669,5696944.290406497,50.0,1.0,0.02373514957236922,ground_equivalent_excess_gamma_dose_rate,uSv/h,one_noise_free_measurement_per_executed_route_node
1427,522420.9204974669,5696964.290406497,50.0,1.0,0.02431082667925849,ground_equivalent_excess_gamma_dose_rate,uSv/h,one_noise_free_measurement_per_executed_route_node
1428,522420.9204974669,5696944.290406497,50.0,1.0,0.024635381057148076,ground_equivalent_excess_gamma_dose_rate,uSv/h,one_noise_free_measurement_per_executed_route_node
1429,522400.9204974669,5696964.290406497,50.0,1.0,0.023433736574339198,ground_equivalent_excess_gamma_dose_rate,uSv/h,one_noise_free_measurement_per_executed_route_node
1430,522420.9204974669,5696944.290406497,50.0,1.0,0.024635381057148076,ground_equivalent_excess_gamma_dose_rate,uSv/h,one_noise_free_measurement_per_executed_route_node
1431,522440.9204974669,5696964.290406497,50.0,1.0,0.025235730712675403,ground_equivalent_excess_gamma_dose_rate,uSv/h,one_noise_free_measurement_per_executed_route_node
1432,522460.9204974669,5696944.290406497,50.0,1.0,0.026589479162867302,ground_equivalent_excess_gamma_dose_rate,uSv/h,one_noise_free_measurement_per_executed_route_node
1433,522480.9204974669,5696924.290406497,50.0,1.0,0.0280462693896274,ground_equivalent_excess_gamma_dose_rate,uSv/h,one_noise_free_measurement_per_executed_route_node
1434,522460.9204974669,5696944.290406497,50.0,1.0,0.026589479162867302,ground_equivalent_excess_gamma_dose_rate,uSv/h,one_noise_free_measurement_per_executed_route_node
1435,522460.9204974669,5696964.290406497,50.0,1.0,0.026211789616858827,ground_equivalent_excess_gamma_dose_rate,uSv/h,one_noise_free_measurement_per_executed_route_node
1436,522460.9204974669,5696944.290406497,50.0,1.0,0.026589479162867302,ground_equivalent_excess_gamma_dose_rate,uSv/h,one_noise_free_measurement_per_executed_route_node
1437,522480.9204974669,5696944.290406497,50.0,1.0,0.02765083156943554,ground_equivalent_excess_gamma_dose_rate,uSv/h,one_noise_free_measurement_per_executed_route_node
1438,522500.9204974669,5696924.290406497,50.0,1.0,0.02920238055520341,ground_equivalent_excess_gamma_dose_rate,uSv/h,one_noise_free_measurement_per_executed_route_node
1439,522520.9204974669,5696924.290406497,50.0,1.0,0.030428246060006797,ground_equivalent_excess_gamma_dose_rate,uSv/h,one_noise_free_measurement_per_executed_route_node
1440,522540.9204974669,5696924.290406497,50.0,1.0,0.031729292009268634,ground_equivalent_excess_gamma_dose_rate,uSv/h,one_noise_free_measurement_per_executed_route_node
1441,522560.9204974669,5696944.290406497,50.0,1.0,0.03256167803442092,ground_equivalent_excess_gamma_dose_rate,uSv/h,one_noise_free_measurement_per_executed_route_node
1442,522580.9204974669,5696964.290406497,50.0,1.0,0.0333675047977601,ground_equivalent_excess_gamma_dose_rate,uSv/h,one_noise_free_measurement_per_executed_route_node
1443,522560.9204974669,5696984.290406497,50.0,1.0,0.031420089508532006,ground_equivalent_excess_gamma_dose_rate,uSv/h,one_noise_free_measurement_per_executed_route_node
1444,522540.9204974669,5697004.290406496,50.0,1.0,0.029631152687721457,ground_equivalent_excess_gamma_dose_rate,uSv/h,one_noise_free_measurement_per_executed_route_node
1445,522560.9204974669,5697024.290406496,50.0,1.0,0.030238343672185475,ground_equivalent_excess_gamma_dose_rate,uSv/h,one_noise_free_measurement_per_executed_route_node
1446,522560.9204974669,5697004.290406496,50.0,1.0,0.030833095293060997,ground_equivalent_excess_gamma_dose_rate,uSv/h,one_noise_free_measurement_per_executed_route_node
1447,522540.9204974669,5697024.290406496,50.0,1.0,0.02908145341237986,ground_equivalent_excess_gamma_dose_rate,uSv/h,one_noise_free_measurement_per_executed_route_node
1448,522540.9204974669,5697044.290406496,50.0,1.0,0.028525715327929968,ground_equivalent_excess_gamma_dose_rate,uSv/h,one_noise_free_measurement_per_executed_route_node
1449,522540.9204974669,5697024.290406496,50.0,1.0,0.02908145341237986,ground_equivalent_excess_gamma_dose_rate,uSv/h,one_noise_free_measurement_per_executed_route_node
1450,522560.9204974669,5697044.290406496,50.0,1.0,0.029637966853804376,ground_equivalent_excess_gamma_dose_rate,uSv/h,one_noise_free_measurement_per_executed_route_node
1451,522540.9204974669,5697064.290406496,50.0,1.0,0.02796576983604604,ground_equivalent_excess_gamma_dose_rate,uSv/h,one_noise_free_measurement_per_executed_route_node
1452,522560.9204974669,5697044.290406496,50.0,1.0,0.029637966853804376,ground_equivalent_excess_gamma_dose_rate,uSv/h,one_noise_free_measurement_per_executed_route_node
1453,522540.9204974669,5697044.290406496,50.0,1.0,0.028525715327929968,ground_equivalent_excess_gamma_dose_rate,uSv/h,one_noise_free_measurement_per_executed_route_node
1454,522520.9204974669,5697044.290406496,50.0,1.0,0.027469757197659594,ground_equivalent_excess_gamma_dose_rate,uSv/h,one_noise_free_measurement_per_executed_route_node
1455,522540.9204974669,5697064.290406496,50.0,1.0,0.02796576983604604,ground_equivalent_excess_gamma_dose_rate,uSv/h,one_noise_free_measurement_per_executed_route_node
1456,522560.9204974669,5697084.290406496,50.0,1.0,0.028428207841902642,ground_equivalent_excess_gamma_dose_rate,uSv/h,one_noise_free_measurement_per_executed_route_node
1457,522560.9204974669,5697104.290406496,50.0,1.0,0.027822416604002698,ground_equivalent_excess_gamma_dose_rate,uSv/h,one_noise_free_measurement_per_executed_route_node
1458,522540.9204974669,5697124.290406496,50.0,1.0,0.026277248407522186,ground_equivalent_excess_gamma_dose_rate,uSv/h,one_noise_free_measurement_per_executed_route_node
1459,522520.9204974669,5697104.290406496,50.0,1.0,0.025903108160914123,ground_equivalent_excess_gamma_dose_rate,uSv/h,one_noise_free_measurement_per_executed_route_node
1460,522540.9204974669,5697124.290406496,50.0,1.0,0.026277248407522186,ground_equivalent_excess_gamma_dose_rate,uSv/h,one_noise_free_measurement_per_executed_route_node
1461,522540.9204974669,5697104.290406496,50.0,1.0,0.02684000059960706,ground_equivalent_excess_gamma_dose_rate,uSv/h,one_noise_free_measurement_per_executed_route_node
1462,522540.9204974669,5697084.290406496,50.0,1.0,0.027403332781384238,ground_equivalent_excess_gamma_dose_rate,uSv/h,one_noise_free_measurement_per_executed_route_node
1463,522520.9204974669,5697064.290406496,50.0,1.0,0.026950122674452792,ground_equivalent_excess_gamma_dose_rate,uSv/h,one_noise_free_measurement_per_executed_route_node
1464,522540.9204974669,5697084.290406496,50.0,1.0,0.027403332781384238,ground_equivalent_excess_gamma_dose_rate,uSv/h,one_noise_free_measurement_per_executed_route_node
1465,522520.9204974669,5697084.290406496,50.0,1.0,0.026427414626935458,ground_equivalent_excess_gamma_dose_rate,uSv/h,one_noise_free_measurement_per_executed_route_node
1466,522520.9204974669,5697064.290406496,50.0,1.0,0.026950122674452792,ground_equivalent_excess_gamma_dose_rate,uSv/h,one_noise_free_measurement_per_executed_route_node
1467,522500.9204974669,5697044.290406496,50.0,1.0,0.026466752147435463,ground_equivalent_excess_gamma_dose_rate,uSv/h,one_noise_free_measurement_per_executed_route_node
1468,522480.9204974669,5697044.290406496,50.0,1.0,0.025513565301795438,ground_equivalent_excess_gamma_dose_rate,uSv/h,one_noise_free_measurement_per_executed_route_node
1469,522460.9204974669,5697064.290406496,50.0,1.0,0.02418945389957583,ground_equivalent_excess_gamma_dose_rate,uSv/h,one_noise_free_measurement_per_executed_route_node
1470,522480.9204974669,5697084.290406496,50.0,1.0,0.024611956251931327,ground_equivalent_excess_gamma_dose_rate,uSv/h,one_noise_free_measurement_per_executed_route_node
1471,522500.9204974669,5697084.290406496,50.0,1.0,0.025497795685847924,ground_equivalent_excess_gamma_dose_rate,uSv/h,one_noise_free_measurement_per_executed_route_node
1472,522520.9204974669,5697084.290406496,50.0,1.0,0.026427414626935458,ground_equivalent_excess_gamma_dose_rate,uSv/h,one_noise_free_measurement_per_executed_route_node
1473,522520.9204974669,5697104.290406496,50.0,1.0,0.025903108160914123,ground_equivalent_excess_gamma_dose_rate,uSv/h,one_noise_free_measurement_per_executed_route_node
1474,522540.9204974669,5697124.290406496,50.0,1.0,0.026277248407522186,ground_equivalent_excess_gamma_dose_rate,uSv/h,one_noise_free_measurement_per_executed_route_node
1475,522560.9204974669,5697104.290406496,50.0,1.0,0.027822416604002698,ground_equivalent_excess_gamma_dose_rate,uSv/h,one_noise_free_measurement_per_executed_route_node
1476,522580.9204974669,5697124.290406496,50.0,1.0,0.02820351762829673,ground_equivalent_excess_gamma_dose_rate,uSv/h,one_noise_free_measurement_per_executed_route_node
1477,522600.9204974669,5697144.290406496,50.0,1.0,0.028542967717444384,ground_equivalent_excess_gamma_dose_rate,uSv/h,one_noise_free_measurement_per_executed_route_node
1478,522620.9204974669,5697144.290406496,50.0,1.0,0.029572397708675424,ground_equivalent_excess_gamma_dose_rate,uSv/h,one_noise_free_measurement_per_executed_route_node
1479,522640.9204974669,5697124.290406496,50.0,1.0,0.031448693956146356,ground_equivalent_excess_gamma_dose_rate,uSv/h,one_noise_free_measurement_per_executed_route_node
1480,522660.9204974669,5697124.290406496,50.0,1.0,0.03263468939999967,ground_equivalent_excess_gamma_dose_rate,uSv/h,one_noise_free_measurement_per_executed_route_node
1481,522680.9204974669,5697144.290406496,50.0,1.0,0.0329504820478535,ground_equivalent_excess_gamma_dose_rate,uSv/h,one_noise_free_measurement_per_executed_route_node
1482,522660.9204974669,5697124.290406496,50.0,1.0,0.03263468939999967,ground_equivalent_excess_gamma_dose_rate,uSv/h,one_noise_free_measurement_per_executed_route_node
1483,522640.9204974669,5697104.290406496,50.0,1.0,0.032258156860964615,ground_equivalent_excess_gamma_dose_rate,uSv/h,one_noise_free_measurement_per_executed_route_node
1484,522660.9204974669,5697124.290406496,50.0,1.0,0.03263468939999967,ground_equivalent_excess_gamma_dose_rate,uSv/h,one_noise_free_measurement_per_executed_route_node
1485,522640.9204974669,5697144.290406496,50.0,1.0,0.03064877214635528,ground_equivalent_excess_gamma_dose_rate,uSv/h,one_noise_free_measurement_per_executed_route_node
1486,522640.9204974669,5697164.290406496,50.0,1.0,0.029859975135903993,ground_equivalent_excess_gamma_dose_rate,uSv/h,one_noise_free_measurement_per_executed_route_node
1487,522640.9204974669,5697144.290406496,50.0,1.0,0.03064877214635528,ground_equivalent_excess_gamma_dose_rate,uSv/h,one_noise_free_measurement_per_executed_route_node
1488,522660.9204974669,5697164.290406496,50.0,1.0,0.030927136454680787,ground_equivalent_excess_gamma_dose_rate,uSv/h,one_noise_free_measurement_per_executed_route_node
1489,522640.9204974669,5697144.290406496,50.0,1.0,0.03064877214635528,ground_equivalent_excess_gamma_dose_rate,uSv/h,one_noise_free_measurement_per_executed_route_node
1490,522620.9204974669,5697164.290406496,50.0,1.0,0.02883736800218925,ground_equivalent_excess_gamma_dose_rate,uSv/h,one_noise_free_measurement_per_executed_route_node
1491,522620.9204974669,5697144.290406496,50.0,1.0,0.029572397708675424,ground_equivalent_excess_gamma_dose_rate,uSv/h,one_noise_free_measurement_per_executed_route_node
1492,522600.9204974669,5697124.290406496,50.0,1.0,0.0292355024049282,ground_equivalent_excess_gamma_dose_rate,uSv/h,one_noise_free_measurement_per_executed_route_node
1493,522600.9204974669,5697144.290406496,50.0,1.0,0.028542967717444384,ground_equivalent_excess_gamma_dose_rate,uSv/h,one_noise_free_measurement_per_executed_route_node
1494,522600.9204974669,5697164.290406496,50.0,1.0,0.02785762785589646,ground_equivalent_excess_gamma_dose_rate,uSv/h,one_noise_free_measurement_per_executed_route_node
1495,522580.9204974669,5697144.290406496,50.0,1.0,0.02755847226205907,ground_equivalent_excess_gamma_dose_rate,uSv/h,one_noise_free_measurement_per_executed_route_node
1496,522560.9204974669,5697124.290406496,50.0,1.0,0.027218177702615115,ground_equivalent_excess_gamma_dose_rate,uSv/h,one_noise_free_measurement_per_executed_route_node
1497,522580.9204974669,5697124.290406496,50.0,1.0,0.02820351762829673,ground_equivalent_excess_gamma_dose_rate,uSv/h,one_noise_free_measurement_per_executed_route_node
1498,522560.9204974669,5697104.290406496,50.0,1.0,0.027822416604002698,ground_equivalent_excess_gamma_dose_rate,uSv/h,one_noise_free_measurement_per_executed_route_node
1499,522540.9204974669,5697124.290406496,50.0,1.0,0.026277248407522186,ground_equivalent_excess_gamma_dose_rate,uSv/h,one_noise_free_measurement_per_executed_route_node
1500,522560.9204974669,5697144.290406496,50.0,1.0,0.02661693619922126,ground_equivalent_excess_gamma_dose_rate,uSv/h,one_noise_free_measurement_per_executed_route_node
1501,522560.9204974669,5697164.290406496,50.0,1.0,0.026019999766848823,ground_equivalent_excess_gamma_dose_rate,uSv/h,one_noise_free_measurement_per_executed_route_node
1502,522560.9204974669,5697144.290406496,50.0,1.0,0.02661693619922126,ground_equivalent_excess_gamma_dose_rate,uSv/h,one_noise_free_measurement_per_executed_route_node
1503,522560.9204974669,5697124.290406496,50.0,1.0,0.027218177702615115,ground_equivalent_excess_gamma_dose_rate,uSv/h,one_noise_free_measurement_per_executed_route_node
1504,522540.9204974669,5697144.290406496,50.0,1.0,0.025716429811757785,ground_equivalent_excess_gamma_dose_rate,uSv/h,one_noise_free_measurement_per_executed_route_node
1505,522520.9204974669,5697124.290406496,50.0,1.0,0.025378573875776994,ground_equivalent_excess_gamma_dose_rate,uSv/h,one_noise_free_measurement_per_executed_route_node
1506,522540.9204974669,5697124.290406496,50.0,1.0,0.026277248407522186,ground_equivalent_excess_gamma_dose_rate,uSv/h,one_noise_free_measurement_per_executed_route_node
1507,522520.9204974669,5697124.290406496,50.0,1.0,0.025378573875776994,ground_equivalent_excess_gamma_dose_rate,uSv/h,one_noise_free_measurement_per_executed_route_node
1508,522500.9204974669,5697144.290406496,50.0,1.0,0.024031060801131043,ground_equivalent_excess_gamma_dose_rate,uSv/h,one_noise_free_measurement_per_executed_route_node
1509,522500.9204974669,5697124.290406496,50.0,1.0,0.024520080871463262,ground_equivalent_excess_gamma_dose_rate,uSv/h,one_noise_free_measurement_per_executed_route_node
1510,522500.9204974669,5697144.290406496,50.0,1.0,0.024031060801131043,ground_equivalent_excess_gamma_dose_rate,uSv/h,one_noise_free_measurement_per_executed_route_node
1511,522480.9204974669,5697164.290406496,50.0,1.0,0.022786151422198253,ground_equivalent_excess_gamma_dose_rate,uSv/h,one_noise_free_measurement_per_executed_route_node
1512,522480.9204974669,5697144.290406496,50.0,1.0,0.023242628477913085,ground_equivalent_excess_gamma_dose_rate,uSv/h,one_noise_free_measurement_per_executed_route_node
1513,522500.9204974669,5697124.290406496,50.0,1.0,0.024520080871463262,ground_equivalent_excess_gamma_dose_rate,uSv/h,one_noise_free_measurement_per_executed_route_node
1514,522480.9204974669,5697104.290406496,50.0,1.0,0.024156590434470437,ground_equivalent_excess_gamma_dose_rate,uSv/h,one_noise_free_measurement_per_executed_route_node
1515,522460.9204974669,5697104.290406496,50.0,1.0,0.023342587060275588,ground_equivalent_excess_gamma_dose_rate,uSv/h,one_noise_free_measurement_per_executed_route_node
1516,522480.9204974669,5697084.290406496,50.0,1.0,0.024611956251931327,ground_equivalent_excess_gamma_dose_rate,uSv/h,one_noise_free_measurement_per_executed_route_node
1517,522460.9204974669,5697064.290406496,50.0,1.0,0.02418945389957583,ground_equivalent_excess_gamma_dose_rate,uSv/h,one_noise_free_measurement_per_executed_route_node
1518,522480.9204974669,5697064.290406496,50.0,1.0,0.02506469994164892,ground_equivalent_excess_gamma_dose_rate,uSv/h,one_noise_free_measurement_per_executed_route_node
1519,522500.9204974669,5697064.290406496,50.0,1.0,0.025984038332443588,ground_equivalent_excess_gamma_dose_rate,uSv/h,one_noise_free_measurement_per_executed_route_node
1520,522480.9204974669,5697044.290406496,50.0,1.0,0.025513565301795438,ground_equivalent_excess_gamma_dose_rate,uSv/h,one_noise_free_measurement_per_executed_route_node
1521,522480.9204974669,5697024.290406496,50.0,1.0,0.02595722182207061,ground_equivalent_excess_gamma_dose_rate,uSv/h,one_noise_free_measurement_per_executed_route_node
1522,522460.9204974669,5697004.290406496,50.0,1.0,0.0254254989838332,ground_equivalent_excess_gamma_dose_rate,uSv/h,one_noise_free_measurement_per_executed_route_node
1523,522440.9204974669,5697024.290406496,50.0,1.0,0.02412889332413587,ground_equivalent_excess_gamma_dose_rate,uSv/h,one_noise_free_measurement_per_executed_route_node
1524,522460.9204974669,5697004.290406496,50.0,1.0,0.0254254989838332,ground_equivalent_excess_gamma_dose_rate,uSv/h,one_noise_free_measurement_per_executed_route_node
1525,522440.9204974669,5696984.290406497,50.0,1.0,0.02487545749674186,ground_equivalent_excess_gamma_dose_rate,uSv/h,one_noise_free_measurement_per_executed_route_node
1526,522440.9204974669,5696964.290406497,50.0,1.0,0.025235730712675403,ground_equivalent_excess_gamma_dose_rate,uSv/h,one_noise_free_measurement_per_executed_route_node
1527,522460.9204974669,5696984.290406497,50.0,1.0,0.025823322900768664,ground_equivalent_excess_gamma_dose_rate,uSv/h,one_noise_free_measurement_per_executed_route_node
1528,522480.9204974669,5696964.290406497,50.0,1.0,0.027242619795858375,ground_equivalent_excess_gamma_dose_rate,uSv/h,one_noise_free_measurement_per_executed_route_node
1529,522460.9204974669,5696984.290406497,50.0,1.0,0.025823322900768664,ground_equivalent_excess_gamma_dose_rate,uSv/h,one_noise_free_measurement_per_executed_route_node
1530,522440.9204974669,5696984.290406497,50.0,1.0,0.02487545749674186,ground_equivalent_excess_gamma_dose_rate,uSv/h,one_noise_free_measurement_per_executed_route_node
1531,522440.9204974669,5696964.290406497,50.0,1.0,0.025235730712675403,ground_equivalent_excess_gamma_dose_rate,uSv/h,one_noise_free_measurement_per_executed_route_node
1532,522460.9204974669,5696944.290406497,50.0,1.0,0.026589479162867302,ground_equivalent_excess_gamma_dose_rate,uSv/h,one_noise_free_measurement_per_executed_route_node
1533,522440.9204974669,5696924.290406497,50.0,1.0,0.025923840905450468,ground_equivalent_excess_gamma_dose_rate,uSv/h,one_noise_free_measurement_per_executed_route_node
1534,522420.9204974669,5696944.290406497,50.0,1.0,0.024635381057148076,ground_equivalent_excess_gamma_dose_rate,uSv/h,one_noise_free_measurement_per_executed_route_node
1535,522440.9204974669,5696924.290406497,50.0,1.0,0.025923840905450468,ground_equivalent_excess_gamma_dose_rate,uSv/h,one_noise_free_measurement_per_executed_route_node
1536,522420.9204974669,5696924.290406497,50.0,1.0,0.024948784367314625,ground_equivalent_excess_gamma_dose_rate,uSv/h,one_noise_free_measurement_per_executed_route_node
1537,522420.9204974669,5696904.290406497,50.0,1.0,0.025249846208418386,ground_equivalent_excess_gamma_dose_rate,uSv/h,one_noise_free_measurement_per_executed_route_node
1538,522420.9204974669,5696924.290406497,50.0,1.0,0.024948784367314625,ground_equivalent_excess_gamma_dose_rate,uSv/h,one_noise_free_measurement_per_executed_route_node
1539,522420.9204974669,5696904.290406497,50.0,1.0,0.025249846208418386,ground_equivalent_excess_gamma_dose_rate,uSv/h,one_noise_free_measurement_per_executed_route_node
1540,522440.9204974669,5696904.290406497,50.0,1.0,0.02624904836370398,ground_equivalent_excess_gamma_dose_rate,uSv/h,one_noise_free_measurement_per_executed_route_node
1541,522440.9204974669,5696924.290406497,50.0,1.0,0.025923840905450468,ground_equivalent_excess_gamma_dose_rate,uSv/h,one_noise_free_measurement_per_executed_route_node
1542,522420.9204974669,5696944.290406497,50.0,1.0,0.024635381057148076,ground_equivalent_excess_gamma_dose_rate,uSv/h,one_noise_free_measurement_per_executed_route_node
1543,522440.9204974669,5696944.290406497,50.0,1.0,0.025585627877849904,ground_equivalent_excess_gamma_dose_rate,uSv/h,one_noise_free_measurement_per_executed_route_node
1544,522460.9204974669,5696964.290406497,50.0,1.0,0.026211789616858827,ground_equivalent_excess_gamma_dose_rate,uSv/h,one_noise_free_measurement_per_executed_route_node
1545,522460.9204974669,5696944.290406497,50.0,1.0,0.026589479162867302,ground_equivalent_excess_gamma_dose_rate,uSv/h,one_noise_free_measurement_per_executed_route_node
1546,522480.9204974669,5696964.290406497,50.0,1.0,0.027242619795858375,ground_equivalent_excess_gamma_dose_rate,uSv/h,one_noise_free_measurement_per_executed_route_node
1547,522500.9204974669,5696964.290406497,50.0,1.0,0.028332137908490485,ground_equivalent_excess_gamma_dose_rate,uSv/h,one_noise_free_measurement_per_executed_route_node
1548,522480.9204974669,5696964.290406497,50.0,1.0,0.027242619795858375,ground_equivalent_excess_gamma_dose_rate,uSv/h,one_noise_free_measurement_per_executed_route_node
1549,522500.9204974669,5696944.290406497,50.0,1.0,0.028773918690302602,ground_equivalent_excess_gamma_dose_rate,uSv/h,one_noise_free_measurement_per_executed_route_node
1550,522480.9204974669,5696964.290406497,50.0,1.0,0.027242619795858375,ground_equivalent_excess_gamma_dose_rate,uSv/h,one_noise_free_measurement_per_executed_route_node
1551,522500.9204974669,5696984.290406497,50.0,1.0,0.027878824238272787,ground_equivalent_excess_gamma_dose_rate,uSv/h,one_noise_free_measurement_per_executed_route_node
1552,522480.9204974669,5697004.290406496,50.0,1.0,0.02639426903805392,ground_equivalent_excess_gamma_dose_rate,uSv/h,one_noise_free_measurement_per_executed_route_node
1553,522460.9204974669,5696984.290406497,50.0,1.0,0.025823322900768664,ground_equivalent_excess_gamma_dose_rate,uSv/h,one_noise_free_measurement_per_executed_route_node
1554,522440.9204974669,5696984.290406497,50.0,1.0,0.02487545749674186,ground_equivalent_excess_gamma_dose_rate,uSv/h,one_noise_free_measurement_per_executed_route_node
1555,522420.9204974669,5697004.290406496,50.0,1.0,0.02363297440826484,ground_equivalent_excess_gamma_dose_rate,uSv/h,one_noise_free_measurement_per_executed_route_node
1556,522400.9204974669,5697004.290406496,50.0,1.0,0.022803279111038355,ground_equivalent_excess_gamma_dose_rate,uSv/h,one_noise_free_measurement_per_executed_route_node
1557,522400.9204974669,5697024.290406496,50.0,1.0,0.02247632773497124,ground_equivalent_excess_gamma_dose_rate,uSv/h,one_noise_free_measurement_per_executed_route_node
1558,522380.9204974669,5697044.290406496,50.0,1.0,0.021398270980595047,ground_equivalent_excess_gamma_dose_rate,uSv/h,one_noise_free_measurement_per_executed_route_node
1559,522380.9204974669,5697024.290406496,50.0,1.0,0.021709475228862823,ground_equivalent_excess_gamma_dose_rate,uSv/h,one_noise_free_measurement_per_executed_route_node
1560,522400.9204974669,5697024.290406496,50.0,1.0,0.02247632773497124,ground_equivalent_excess_gamma_dose_rate,uSv/h,one_noise_free_measurement_per_executed_route_node
1561,522400.9204974669,5697004.290406496,50.0,1.0,0.022803279111038355,ground_equivalent_excess_gamma_dose_rate,uSv/h,one_noise_free_measurement_per_executed_route_node
1562,522380.9204974669,5697004.290406496,50.0,1.0,0.02201434588242218,ground_equivalent_excess_gamma_dose_rate,uSv/h,one_noise_free_measurement_per_executed_route_node
1563,522400.9204974669,5696984.290406497,50.0,1.0,0.02312276102102967,ground_equivalent_excess_gamma_dose_rate,uSv/h,one_noise_free_measurement_per_executed_route_node
1564,522400.9204974669,5697004.290406496,50.0,1.0,0.022803279111038355,ground_equivalent_excess_gamma_dose_rate,uSv/h,one_noise_free_measurement_per_executed_route_node
1565,522400.9204974669,5697024.290406496,50.0,1.0,0.02247632773497124,ground_equivalent_excess_gamma_dose_rate,uSv/h,one_noise_free_measurement_per_executed_route_node
1566,522380.9204974669,5697024.290406496,50.0,1.0,0.021709475228862823,ground_equivalent_excess_gamma_dose_rate,uSv/h,one_noise_free_measurement_per_executed_route_node
1567,522400.9204974669,5697024.290406496,50.0,1.0,0.02247632773497124,ground_equivalent_excess_gamma_dose_rate,uSv/h,one_noise_free_measurement_per_executed_route_node
1568,522380.9204974669,5697044.290406496,50.0,1.0,0.021398270980595047,ground_equivalent_excess_gamma_dose_rate,uSv/h,one_noise_free_measurement_per_executed_route_node
1569,522380.9204974669,5697064.290406496,50.0,1.0,0.021081631309006615,ground_equivalent_excess_gamma_dose_rate,uSv/h,one_noise_free_measurement_per_executed_route_node
1570,522400.9204974669,5697064.290406496,50.0,1.0,0.02180403205391801,ground_equivalent_excess_gamma_dose_rate,uSv/h,one_noise_free_measurement_per_executed_route_node
1571,522400.9204974669,5697084.290406496,50.0,1.0,0.021460614316191506,ground_equivalent_excess_gamma_dose_rate,uSv/h,one_noise_free_measurement_per_executed_route_node
1572,522420.9204974669,5697104.290406496,50.0,1.0,0.02182295059694872,ground_equivalent_excess_gamma_dose_rate,uSv/h,one_noise_free_measurement_per_executed_route_node
1573,522420.9204974669,5697124.290406496,50.0,1.0,0.02144945581777516,ground_equivalent_excess_gamma_dose_rate,uSv/h,one_noise_free_measurement_per_executed_route_node
1574,522420.9204974669,5697104.290406496,50.0,1.0,0.02182295059694872,ground_equivalent_excess_gamma_dose_rate,uSv/h,one_noise_free_measurement_per_executed_route_node
1575,522400.9204974669,5697104.290406496,50.0,1.0,0.0211135719322518,ground_equivalent_excess_gamma_dose_rate,uSv/h,one_noise_free_measurement_per_executed_route_node
1576,522420.9204974669,5697104.290406496,50.0,1.0,0.02182295059694872,ground_equivalent_excess_gamma_dose_rate,uSv/h,one_noise_free_measurement_per_executed_route_node
1577,522440.9204974669,5697104.290406496,50.0,1.0,0.022565348217126774,ground_equivalent_excess_gamma_dose_rate,uSv/h,one_noise_free_measurement_per_executed_route_node
1578,522460.9204974669,5697104.290406496,50.0,1.0,0.023342587060275588,ground_equivalent_excess_gamma_dose_rate,uSv/h,one_noise_free_measurement_per_executed_route_node
1579,522440.9204974669,5697124.290406496,50.0,1.0,0.022166241634834882,ground_equivalent_excess_gamma_dose_rate,uSv/h,one_noise_free_measurement_per_executed_route_node
1580,522420.9204974669,5697124.290406496,50.0,1.0,0.02144945581777516,ground_equivalent_excess_gamma_dose_rate,uSv/h,one_noise_free_measurement_per_executed_route_node
1581,522440.9204974669,5697104.290406496,50.0,1.0,0.022565348217126774,ground_equivalent_excess_gamma_dose_rate,uSv/h,one_noise_free_measurement_per_executed_route_node
1582,522420.9204974669,5697104.290406496,50.0,1.0,0.02182295059694872,ground_equivalent_excess_gamma_dose_rate,uSv/h,one_noise_free_measurement_per_executed_route_node
1583,522420.9204974669,5697124.290406496,50.0,1.0,0.02144945581777516,ground_equivalent_excess_gamma_dose_rate,uSv/h,one_noise_free_measurement_per_executed_route_node
1584,522440.9204974669,5697104.290406496,50.0,1.0,0.022565348217126774,ground_equivalent_excess_gamma_dose_rate,uSv/h,one_noise_free_measurement_per_executed_route_node
1585,522420.9204974669,5697084.290406496,50.0,1.0,0.02219390961971396,ground_equivalent_excess_gamma_dose_rate,uSv/h,one_noise_free_measurement_per_executed_route_node
1586,522440.9204974669,5697104.290406496,50.0,1.0,0.022565348217126774,ground_equivalent_excess_gamma_dose_rate,uSv/h,one_noise_free_measurement_per_executed_route_node
1587,522440.9204974669,5697084.290406496,50.0,1.0,0.022962205444792216,ground_equivalent_excess_gamma_dose_rate,uSv/h,one_noise_free_measurement_per_executed_route_node
1588,522460.9204974669,5697084.290406496,50.0,1.0,0.02376751114703446,ground_equivalent_excess_gamma_dose_rate,uSv/h,one_noise_free_measurement_per_executed_route_node
1589,522460.9204974669,5697104.290406496,50.0,1.0,0.023342587060275588,ground_equivalent_excess_gamma_dose_rate,uSv/h,one_noise_free_measurement_per_executed_route_node
1590,522480.9204974669,5697084.290406496,50.0,1.0,0.024611956251931327,ground_equivalent_excess_gamma_dose_rate,uSv/h,one_noise_free_measurement_per_executed_route_node
1591,522500.9204974669,5697064.290406496,50.0,1.0,0.025984038332443588,ground_equivalent_excess_gamma_dose_rate,uSv/h,one_noise_free_measurement_per_executed_route_node
1592,522520.9204974669,5697044.290406496,50.0,1.0,0.027469757197659594,ground_equivalent_excess_gamma_dose_rate,uSv/h,one_noise_free_measurement_per_executed_route_node
1593,522520.9204974669,5697024.290406496,50.0,1.0,0.02798474106214166,ground_equivalent_excess_gamma_dose_rate,uSv/h,one_noise_free_measurement_per_executed_route_node
1594,522520.9204974669,5697004.290406496,50.0,1.0,0.028493399282228438,ground_equivalent_excess_gamma_dose_rate,uSv/h,one_noise_free_measurement_per_executed_route_node
1595,522520.9204974669,5696984.290406497,50.0,1.0,0.028993965058584786,ground_equivalent_excess_gamma_dose_rate,uSv/h,one_noise_free_measurement_per_executed_route_node
1596,522500.9204974669,5696984.290406497,50.0,1.0,0.027878824238272787,ground_equivalent_excess_gamma_dose_rate,uSv/h,one_noise_free_measurement_per_executed_route_node
1597,522520.9204974669,5696984.290406497,50.0,1.0,0.028993965058584786,ground_equivalent_excess_gamma_dose_rate,uSv/h,one_noise_free_measurement_per_executed_route_node
1598,522500.9204974669,5696964.290406497,50.0,1.0,0.028332137908490485,ground_equivalent_excess_gamma_dose_rate,uSv/h,one_noise_free_measurement_per_executed_route_node
1599,522500.9204974669,5696984.290406497,50.0,1.0,0.027878824238272787,ground_equivalent_excess_gamma_dose_rate,uSv/h,one_noise_free_measurement_per_executed_route_node
1600,522480.9204974669,5697004.290406496,50.0,1.0,0.02639426903805392,ground_equivalent_excess_gamma_dose_rate,uSv/h,one_noise_free_measurement_per_executed_route_node
1601,522460.9204974669,5696984.290406497,50.0,1.0,0.025823322900768664,ground_equivalent_excess_gamma_dose_rate,uSv/h,one_noise_free_measurement_per_executed_route_node
1602,522460.9204974669,5697004.290406496,50.0,1.0,0.0254254989838332,ground_equivalent_excess_gamma_dose_rate,uSv/h,one_noise_free_measurement_per_executed_route_node
1603,522440.9204974669,5696984.290406497,50.0,1.0,0.02487545749674186,ground_equivalent_excess_gamma_dose_rate,uSv/h,one_noise_free_measurement_per_executed_route_node
1604,522460.9204974669,5696984.290406497,50.0,1.0,0.025823322900768664,ground_equivalent_excess_gamma_dose_rate,uSv/h,one_noise_free_measurement_per_executed_route_node
1605,522440.9204974669,5696984.290406497,50.0,1.0,0.02487545749674186,ground_equivalent_excess_gamma_dose_rate,uSv/h,one_noise_free_measurement_per_executed_route_node
1606,522460.9204974669,5696984.290406497,50.0,1.0,0.025823322900768664,ground_equivalent_excess_gamma_dose_rate,uSv/h,one_noise_free_measurement_per_executed_route_node
1607,522480.9204974669,5697004.290406496,50.0,1.0,0.02639426903805392,ground_equivalent_excess_gamma_dose_rate,uSv/h,one_noise_free_measurement_per_executed_route_node
1608,522500.9204974669,5697024.290406496,50.0,1.0,0.02694448829039303,ground_equivalent_excess_gamma_dose_rate,uSv/h,one_noise_free_measurement_per_executed_route_node
1609,522520.9204974669,5697004.290406496,50.0,1.0,0.028493399282228438,ground_equivalent_excess_gamma_dose_rate,uSv/h,one_noise_free_measurement_per_executed_route_node
1610,522540.9204974669,5697004.290406496,50.0,1.0,0.029631152687721457,ground_equivalent_excess_gamma_dose_rate,uSv/h,one_noise_free_measurement_per_executed_route_node
1611,522560.9204974669,5697024.290406496,50.0,1.0,0.030238343672185475,ground_equivalent_excess_gamma_dose_rate,uSv/h,one_noise_free_measurement_per_executed_route_node
1612,522540.9204974669,5697044.290406496,50.0,1.0,0.028525715327929968,ground_equivalent_excess_gamma_dose_rate,uSv/h,one_noise_free_measurement_per_executed_route_node
1613,522560.9204974669,5697064.290406496,50.0,1.0,0.029033966478182432,ground_equivalent_excess_gamma_dose_rate,uSv/h,one_noise_free_measurement_per_executed_route_node
1614,522540.9204974669,5697064.290406496,50.0,1.0,0.02796576983604604,ground_equivalent_excess_gamma_dose_rate,uSv/h,one_noise_free_measurement_per_executed_route_node
1615,522560.9204974669,5697044.290406496,50.0,1.0,0.029637966853804376,ground_equivalent_excess_gamma_dose_rate,uSv/h,one_noise_free_measurement_per_executed_route_node
1616,522580.9204974669,5697044.290406496,50.0,1.0,0.03081006724646948,ground_equivalent_excess_gamma_dose_rate,uSv/h,one_noise_free_measurement_per_executed_route_node
1617,522580.9204974669,5697064.290406496,50.0,1.0,0.030157874733621914,ground_equivalent_excess_gamma_dose_rate,uSv/h,one_noise_free_measurement_per_executed_route_node
1618,522600.9204974669,5697084.290406496,50.0,1.0,0.03063616192832322,ground_equivalent_excess_gamma_dose_rate,uSv/h,one_noise_free_measurement_per_executed_route_node
1619,522580.9204974669,5697104.290406496,50.0,1.0,0.028852818995059454,ground_equivalent_excess_gamma_dose_rate,uSv/h,one_noise_free_measurement_per_executed_route_node
1620,522560.9204974669,5697124.290406496,50.0,1.0,0.027218177702615115,ground_equivalent_excess_gamma_dose_rate,uSv/h,one_noise_free_measurement_per_executed_route_node
1621,522580.9204974669,5697124.290406496,50.0,1.0,0.02820351762829673,ground_equivalent_excess_gamma_dose_rate,uSv/h,one_noise_free_measurement_per_executed_route_node
1622,522600.9204974669,5697104.290406496,50.0,1.0,0.02993377803112271,ground_equivalent_excess_gamma_dose_rate,uSv/h,one_noise_free_measurement_per_executed_route_node
1623,522580.9204974669,5697104.290406496,50.0,1.0,0.028852818995059454,ground_equivalent_excess_gamma_dose_rate,uSv/h,one_noise_free_measurement_per_executed_route_node
1624,522560.9204974669,5697104.290406496,50.0,1.0,0.027822416604002698,ground_equivalent_excess_gamma_dose_rate,uSv/h,one_noise_free_measurement_per_executed_route_node
1625,522560.9204974669,5697124.290406496,50.0,1.0,0.027218177702615115,ground_equivalent_excess_gamma_dose_rate,uSv/h,one_noise_free_measurement_per_executed_route_node
1626,522580.9204974669,5697124.290406496,50.0,1.0,0.02820351762829673,ground_equivalent_excess_gamma_dose_rate,uSv/h,one_noise_free_measurement_per_executed_route_node
1627,522580.9204974669,5697144.290406496,50.0,1.0,0.02755847226205907,ground_equivalent_excess_gamma_dose_rate,uSv/h,one_noise_free_measurement_per_executed_route_node
1628,522560.9204974669,5697124.290406496,50.0,1.0,0.027218177702615115,ground_equivalent_excess_gamma_dose_rate,uSv/h,one_noise_free_measurement_per_executed_route_node
1629,522560.9204974669,5697144.290406496,50.0,1.0,0.02661693619922126,ground_equivalent_excess_gamma_dose_rate,uSv/h,one_noise_free_measurement_per_executed_route_node
1630,522580.9204974669,5697144.290406496,50.0,1.0,0.02755847226205907,ground_equivalent_excess_gamma_dose_rate,uSv/h,one_noise_free_measurement_per_executed_route_node
1631,522600.9204974669,5697164.290406496,50.0,1.0,0.02785762785589646,ground_equivalent_excess_gamma_dose_rate,uSv/h,one_noise_free_measurement_per_executed_route_node
1632,522580.9204974669,5697164.290406496,50.0,1.0,0.026919064599233933,ground_equivalent_excess_gamma_dose_rate,uSv/h,one_noise_free_measurement_per_executed_route_node
1633,522560.9204974669,5697164.290406496,50.0,1.0,0.026019999766848823,ground_equivalent_excess_gamma_dose_rate,uSv/h,one_noise_free_measurement_per_executed_route_node
1634,522560.9204974669,5697144.290406496,50.0,1.0,0.02661693619922126,ground_equivalent_excess_gamma_dose_rate,uSv/h,one_noise_free_measurement_per_executed_route_node
1635,522560.9204974669,5697164.290406496,50.0,1.0,0.026019999766848823,ground_equivalent_excess_gamma_dose_rate,uSv/h,one_noise_free_measurement_per_executed_route_node
1636,522540.9204974669,5697184.290406496,50.0,1.0,0.024605409340376028,ground_equivalent_excess_gamma_dose_rate,uSv/h,one_noise_free_measurement_per_executed_route_node
1637,522540.9204974669,5697204.290406496,50.0,1.0,0.024057324915471856,ground_equivalent_excess_gamma_dose_rate,uSv/h,one_noise_free_measurement_per_executed_route_node
1638,522520.9204974669,5697184.290406496,50.0,1.0,0.023815731671765844,ground_equivalent_excess_gamma_dose_rate,uSv/h,one_noise_free_measurement_per_executed_route_node
1639,522520.9204974669,5697164.290406496,50.0,1.0,0.02433377733092451,ground_equivalent_excess_gamma_dose_rate,uSv/h,one_noise_free_measurement_per_executed_route_node
1640,522540.9204974669,5697184.290406496,50.0,1.0,0.024605409340376028,ground_equivalent_excess_gamma_dose_rate,uSv/h,one_noise_free_measurement_per_executed_route_node
1641,522520.9204974669,5697164.290406496,50.0,1.0,0.02433377733092451,ground_equivalent_excess_gamma_dose_rate,uSv/h,one_noise_free_measurement_per_executed_route_node
1642,522540.9204974669,5697164.290406496,50.0,1.0,0.025158778207403365,ground_equivalent_excess_gamma_dose_rate,uSv/h,one_noise_free_measurement_per_executed_route_node
1643,522520.9204974669,5697164.290406496,50.0,1.0,0.02433377733092451,ground_equivalent_excess_gamma_dose_rate,uSv/h,one_noise_free_measurement_per_executed_route_node
1644,522540.9204974669,5697184.290406496,50.0,1.0,0.024605409340376028,ground_equivalent_excess_gamma_dose_rate,uSv/h,one_noise_free_measurement_per_executed_route_node
1645,522540.9204974669,5697204.290406496,50.0,1.0,0.024057324915471856,ground_equivalent_excess_gamma_dose_rate,uSv/h,one_noise_free_measurement_per_executed_route_node
1646,522560.9204974669,5697224.290406496,50.0,1.0,0.024266125278265327,ground_equivalent_excess_gamma_dose_rate,uSv/h,one_noise_free_measurement_per_executed_route_node
1647,522580.9204974669,5697204.290406496,50.0,1.0,0.025661939088919727,ground_equivalent_excess_gamma_dose_rate,uSv/h,one_noise_free_measurement_per_executed_route_node
1648,522600.9204974669,5697204.290406496,50.0,1.0,0.02651350053671958,ground_equivalent_excess_gamma_dose_rate,uSv/h,one_noise_free_measurement_per_executed_route_node
1649,522580.9204974669,5697224.290406496,50.0,1.0,0.025046255308414755,ground_equivalent_excess_gamma_dose_rate,uSv/h,one_noise_free_measurement_per_executed_route_node
1650,522600.9204974669,5697244.290406496,50.0,1.0,0.0252114882137478,ground_equivalent_excess_gamma_dose_rate,uSv/h,one_noise_free_measurement_per_executed_route_node
1651,522580.9204974669,5697224.290406496,50.0,1.0,0.025046255308414755,ground_equivalent_excess_gamma_dose_rate,uSv/h,one_noise_free_measurement_per_executed_route_node
1652,522600.9204974669,5697244.290406496,50.0,1.0,0.0252114882137478,ground_equivalent_excess_gamma_dose_rate,uSv/h,one_noise_free_measurement_per_executed_route_node
1653,522620.9204974669,5697224.290406496,50.0,1.0,0.026698731228063738,ground_equivalent_excess_gamma_dose_rate,uSv/h,one_noise_free_measurement_per_executed_route_node
1654,522620.9204974669,5697204.290406496,50.0,1.0,0.02739947344012683,ground_equivalent_excess_gamma_dose_rate,uSv/h,one_noise_free_measurement_per_executed_route_node
1655,522640.9204974669,5697204.290406496,50.0,1.0,0.02832101469614398,ground_equivalent_excess_gamma_dose_rate,uSv/h,one_noise_free_measurement_per_executed_route_node
1656,522640.9204974669,5697224.290406496,50.0,1.0,0.027572986351081324,ground_equivalent_excess_gamma_dose_rate,uSv/h,one_noise_free_measurement_per_executed_route_node
1657,522640.9204974669,5697204.290406496,50.0,1.0,0.02832101469614398,ground_equivalent_excess_gamma_dose_rate,uSv/h,one_noise_free_measurement_per_executed_route_node
1658,522620.9204974669,5697184.290406496,50.0,1.0,0.028112677757901994,ground_equivalent_excess_gamma_dose_rate,uSv/h,one_noise_free_measurement_per_executed_route_node
1659,522640.9204974669,5697204.290406496,50.0,1.0,0.02832101469614398,ground_equivalent_excess_gamma_dose_rate,uSv/h,one_noise_free_measurement_per_executed_route_node
1660,522660.9204974669,5697224.290406496,50.0,1.0,0.028480455047157016,ground_equivalent_excess_gamma_dose_rate,uSv/h,one_noise_free_measurement_per_executed_route_node
1661,522660.9204974669,5697204.290406496,50.0,1.0,0.029279244326317178,ground_equivalent_excess_gamma_dose_rate,uSv/h,one_noise_free_measurement_per_executed_route_node
1662,522680.9204974669,5697224.290406496,50.0,1.0,0.029421961898185384,ground_equivalent_excess_gamma_dose_rate,uSv/h,one_noise_free_measurement_per_executed_route_node
1663,522700.9204974669,5697244.290406496,50.0,1.0,0.029510237472480716,ground_equivalent_excess_gamma_dose_rate,uSv/h,one_noise_free_measurement_per_executed_route_node
1664,522720.9204974669,5697244.290406496,50.0,1.0,0.03046276325545874,ground_equivalent_excess_gamma_dose_rate,uSv/h,one_noise_free_measurement_per_executed_route_node
1665,522740.9204974669,5697244.290406496,50.0,1.0,0.03144715349193447,ground_equivalent_excess_gamma_dose_rate,uSv/h,one_noise_free_measurement_per_executed_route_node
1666,522760.9204974669,5697264.290406496,50.0,1.0,0.031421137463859855,ground_equivalent_excess_gamma_dose_rate,uSv/h,one_noise_free_measurement_per_executed_route_node
1667,522760.9204974669,5697244.290406496,50.0,1.0,0.032463529225199794,ground_equivalent_excess_gamma_dose_rate,uSv/h,one_noise_free_measurement_per_executed_route_node
1668,522780.9204974669,5697244.290406496,50.0,1.0,0.03351182210868506,ground_equivalent_excess_gamma_dose_rate,uSv/h,one_noise_free_measurement_per_executed_route_node
1669,522800.9204974669,5697224.290406496,50.0,1.0,0.035818258870959185,ground_equivalent_excess_gamma_dose_rate,uSv/h,one_noise_free_measurement_per_executed_route_node
1670,522820.9204974669,5697224.290406496,50.0,1.0,0.037010801511186686,ground_equivalent_excess_gamma_dose_rate,uSv/h,one_noise_free_measurement_per_executed_route_node
1671,522840.9204974669,5697204.290406496,50.0,1.0,0.039692549089586165,ground_equivalent_excess_gamma_dose_rate,uSv/h,one_noise_free_measurement_per_executed_route_node
1672,522860.9204974669,5697204.290406496,50.0,1.0,0.04105416787287766,ground_equivalent_excess_gamma_dose_rate,uSv/h,one_noise_free_measurement_per_executed_route_node
1673,522880.9204974669,5697184.290406496,50.0,1.0,0.04419192434186428,ground_equivalent_excess_gamma_dose_rate,uSv/h,one_noise_free_measurement_per_executed_route_node
1674,522900.9204974669,5697204.290406496,50.0,1.0,0.04389257240861266,ground_equivalent_excess_gamma_dose_rate,uSv/h,one_noise_free_measurement_per_executed_route_node
1675,522920.9204974669,5697224.290406496,50.0,1.0,0.04347594114087755,ground_equivalent_excess_gamma_dose_rate,uSv/h,one_noise_free_measurement_per_executed_route_node
1676,522940.9204974669,5697244.290406496,50.0,1.0,0.042948765322311316,ground_equivalent_excess_gamma_dose_rate,uSv/h,one_noise_free_measurement_per_executed_route_node
1677,522960.9204974669,5697264.290406496,50.0,1.0,0.04231929076611385,ground_equivalent_excess_gamma_dose_rate,uSv/h,one_noise_free_measurement_per_executed_route_node
1678,522980.9204974669,5697284.290406496,50.0,1.0,0.041596966066568014,ground_equivalent_excess_gamma_dose_rate,uSv/h,one_noise_free_measurement_per_executed_route_node
1679,523000.920497467,5697304.290406496,50.0,1.0,0.04079211096360938,ground_equivalent_excess_gamma_dose_rate,uSv/h,one_noise_free_measurement_per_executed_route_node
1680,523020.920497467,5697304.290406496,50.0,1.0,0.04177988735514959,ground_equivalent_excess_gamma_dose_rate,uSv/h,one_noise_free_measurement_per_executed_route_node
1681,523040.920497467,5697304.290406496,50.0,1.0,0.04275810433460922,ground_equivalent_excess_gamma_dose_rate,uSv/h,one_noise_free_measurement_per_executed_route_node
1682,523060.920497467,5697284.290406496,50.0,1.0,0.04590127929118201,ground_equivalent_excess_gamma_dose_rate,uSv/h,one_noise_free_measurement_per_executed_route_node
1683,523080.920497467,5697284.290406496,50.0,1.0,0.046943281723658886,ground_equivalent_excess_gamma_dose_rate,uSv/h,one_noise_free_measurement_per_executed_route_node
1684,523100.920497467,5697284.290406496,50.0,1.0,0.04795997371182459,ground_equivalent_excess_gamma_dose_rate,uSv/h,one_noise_free_measurement_per_executed_route_node
1685,523120.920497467,5697264.290406496,50.0,1.0,0.05160697321516233,ground_equivalent_excess_gamma_dose_rate,uSv/h,one_noise_free_measurement_per_executed_route_node
1686,523140.920497467,5697244.290406496,50.0,1.0,0.055655326077584444,ground_equivalent_excess_gamma_dose_rate,uSv/h,one_noise_free_measurement_per_executed_route_node
1687,523140.920497467,5697224.290406496,50.0,1.0,0.058900374709131675,ground_equivalent_excess_gamma_dose_rate,uSv/h,one_noise_free_measurement_per_executed_route_node
1688,523120.920497467,5697224.290406496,50.0,1.0,0.057585763749554486,ground_equivalent_excess_gamma_dose_rate,uSv/h,one_noise_free_measurement_per_executed_route_node
1689,523100.920497467,5697224.290406496,50.0,1.0,0.056227203543058935,ground_equivalent_excess_gamma_dose_rate,uSv/h,one_noise_free_measurement_per_executed_route_node
1690,523080.920497467,5697224.290406496,50.0,1.0,0.05483487927216418,ground_equivalent_excess_gamma_dose_rate,uSv/h,one_noise_free_measurement_per_executed_route_node
1691,523060.920497467,5697224.290406496,50.0,1.0,0.05341837445514719,ground_equivalent_excess_gamma_dose_rate,uSv/h,one_noise_free_measurement_per_executed_route_node
1692,523040.920497467,5697244.290406496,50.0,1.0,0.049442182534811335,ground_equivalent_excess_gamma_dose_rate,uSv/h,one_noise_free_measurement_per_executed_route_node
1693,523020.920497467,5697244.290406496,50.0,1.0,0.04813888623839416,ground_equivalent_excess_gamma_dose_rate,uSv/h,one_noise_free_measurement_per_executed_route_node
1694,523000.920497467,5697244.290406496,50.0,1.0,0.046832245434859754,ground_equivalent_excess_gamma_dose_rate,uSv/h,one_noise_free_measurement_per_executed_route_node
1695,522980.9204974669,5697224.290406496,50.0,1.0,0.04767698657834263,ground_equivalent_excess_gamma_dose_rate,uSv/h,one_noise_free_measurement_per_executed_route_node
1696,522960.9204974669,5697204.290406496,50.0,1.0,0.04840235734009929,ground_equivalent_excess_gamma_dose_rate,uSv/h,one_noise_free_measurement_per_executed_route_node
1697,522940.9204974669,5697184.290406496,50.0,1.0,0.04899601875982826,ground_equivalent_excess_gamma_dose_rate,uSv/h,one_noise_free_measurement_per_executed_route_node
1698,522920.9204974669,5697164.290406496,50.0,1.0,0.049447443720175704,ground_equivalent_excess_gamma_dose_rate,uSv/h,one_noise_free_measurement_per_executed_route_node
1699,522940.9204974669,5697164.290406496,50.0,1.0,0.05124024464700011,ground_equivalent_excess_gamma_dose_rate,uSv/h,one_noise_free_measurement_per_executed_route_node
1700,522960.9204974669,5697184.290406496,50.0,1.0,0.050673349627414266,ground_equivalent_excess_gamma_dose_rate,uSv/h,one_noise_free_measurement_per_executed_route_node
1701,522980.9204974669,5697184.290406496,50.0,1.0,0.052381644787882264,ground_equivalent_excess_gamma_dose_rate,uSv/h,one_noise_free_measurement_per_executed_route_node
1702,523000.920497467,5697204.290406496,50.0,1.0,0.05153314735417286,ground_equivalent_excess_gamma_dose_rate,uSv/h,one_noise_free_measurement_per_executed_route_node
1703,523020.920497467,5697204.290406496,50.0,1.0,0.053119711261144065,ground_equivalent_excess_gamma_dose_rate,uSv/h,one_noise_free_measurement_per_executed_route_node
1704,523040.920497467,5697184.290406496,50.0,1.0,0.057630544908708725,ground_equivalent_excess_gamma_dose_rate,uSv/h,one_noise_free_measurement_per_executed_route_node
1705,523060.920497467,5697184.290406496,50.0,1.0,0.05939537729235317,ground_equivalent_excess_gamma_dose_rate,uSv/h,one_noise_free_measurement_per_executed_route_node
1706,523080.920497467,5697204.290406496,50.0,1.0,0.05787487074513836,ground_equivalent_excess_gamma_dose_rate,uSv/h,one_noise_free_measurement_per_executed_route_node
1707,523100.920497467,5697224.290406496,50.0,1.0,0.056227203543058935,ground_equivalent_excess_gamma_dose_rate,uSv/h,one_noise_free_measurement_per_executed_route_node
1708,523120.920497467,5697224.290406496,50.0,1.0,0.057585763749554486,ground_equivalent_excess_gamma_dose_rate,uSv/h,one_noise_free_measurement_per_executed_route_node
1709,523140.920497467,5697204.290406496,50.0,1.0,0.062422326855175125,ground_equivalent_excess_gamma_dose_rate,uSv/h,one_noise_free_measurement_per_executed_route_node
1710,523160.920497467,5697224.290406496,50.0,1.0,0.060160369716475204,ground_equivalent_excess_gamma_dose_rate,uSv/h,one_noise_free_measurement_per_executed_route_node
1711,523180.920497467,5697244.290406496,50.0,1.0,0.05784169227893704,ground_equivalent_excess_gamma_dose_rate,uSv/h,one_noise_free_measurement_per_executed_route_node
1712,523200.920497467,5697224.290406496,50.0,1.0,0.062472381541349986,ground_equivalent_excess_gamma_dose_rate,uSv/h,one_noise_free_measurement_per_executed_route_node
1713,523220.920497467,5697244.290406496,50.0,1.0,0.05974642664288238,ground_equivalent_excess_gamma_dose_rate,uSv/h,one_noise_free_measurement_per_executed_route_node
1714,523220.920497467,5697224.290406496,50.0,1.0,0.06350217932727098,ground_equivalent_excess_gamma_dose_rate,uSv/h,one_noise_free_measurement_per_executed_route_node
1715,523200.920497467,5697204.290406496,50.0,1.0,0.06644888339654026,ground_equivalent_excess_gamma_dose_rate,uSv/h,one_noise_free_measurement_per_executed_route_node
1716,523220.920497467,5697184.290406496,50.0,1.0,0.07213098393730644,ground_equivalent_excess_gamma_dose_rate,uSv/h,one_noise_free_measurement_per_executed_route_node
1717,523200.920497467,5697164.290406496,50.0,1.0,0.07558956876035766,ground_equivalent_excess_gamma_dose_rate,uSv/h,one_noise_free_measurement_per_executed_route_node
1718,523180.920497467,5697144.290406496,50.0,1.0,0.07899512264834002,ground_equivalent_excess_gamma_dose_rate,uSv/h,one_noise_free_measurement_per_executed_route_node
1719,523160.920497467,5697124.290406496,50.0,1.0,0.08228637503312958,ground_equivalent_excess_gamma_dose_rate,uSv/h,one_noise_free_measurement_per_executed_route_node
1720,523140.920497467,5697104.290406496,50.0,1.0,0.08539453694106242,ground_equivalent_excess_gamma_dose_rate,uSv/h,one_noise_free_measurement_per_executed_route_node
1721,523120.920497467,5697104.290406496,50.0,1.0,0.08265874567782477,ground_equivalent_excess_gamma_dose_rate,uSv/h,one_noise_free_measurement_per_executed_route_node
1722,523100.920497467,5697104.290406496,50.0,1.0,0.07988805568535212,ground_equivalent_excess_gamma_dose_rate,uSv/h,one_noise_free_measurement_per_executed_route_node
1723,523080.920497467,5697084.290406496,50.0,1.0,0.08194580911193472,ground_equivalent_excess_gamma_dose_rate,uSv/h,one_noise_free_measurement_per_executed_route_node
1724,523100.920497467,5697064.290406496,50.0,1.0,0.09076310606768384,ground_equivalent_excess_gamma_dose_rate,uSv/h,one_noise_free_measurement_per_executed_route_node
1725,523080.920497467,5697044.290406496,50.0,1.0,0.09287324718761625,ground_equivalent_excess_gamma_dose_rate,uSv/h,one_noise_free_measurement_per_executed_route_node
1726,523060.920497467,5697044.290406496,50.0,1.0,0.0888814166661075,ground_equivalent_excess_gamma_dose_rate,uSv/h,one_noise_free_measurement_per_executed_route_node
1727,523040.920497467,5697064.290406496,50.0,1.0,0.0802024964856991,ground_equivalent_excess_gamma_dose_rate,uSv/h,one_noise_free_measurement_per_executed_route_node
1728,523020.920497467,5697084.290406496,50.0,1.0,0.07272762268619187,ground_equivalent_excess_gamma_dose_rate,uSv/h,one_noise_free_measurement_per_executed_route_node
1729,523000.920497467,5697084.290406496,50.0,1.0,0.06978602646202997,ground_equivalent_excess_gamma_dose_rate,uSv/h,one_noise_free_measurement_per_executed_route_node
1730,522980.9204974669,5697064.290406496,50.0,1.0,0.07038691030530381,ground_equivalent_excess_gamma_dose_rate,uSv/h,one_noise_free_measurement_per_executed_route_node
1731,522960.9204974669,5697064.290406496,50.0,1.0,0.06733657829618828,ground_equivalent_excess_gamma_dose_rate,uSv/h,one_noise_free_measurement_per_executed_route_node
1732,522940.9204974669,5697064.290406496,50.0,1.0,0.06440663001864289,ground_equivalent_excess_gamma_dose_rate,uSv/h,one_noise_free_measurement_per_executed_route_node
1733,522920.9204974669,5697084.290406496,50.0,1.0,0.05893500014548364,ground_equivalent_excess_gamma_dose_rate,uSv/h,one_noise_free_measurement_per_executed_route_node
1734,522900.9204974669,5697064.290406496,50.0,1.0,0.05891531016031709,ground_equivalent_excess_gamma_dose_rate,uSv/h,one_noise_free_measurement_per_executed_route_node
1735,522920.9204974669,5697044.290406496,50.0,1.0,0.06438311493693305,ground_equivalent_excess_gamma_dose_rate,uSv/h,one_noise_free_measurement_per_executed_route_node
1736,522940.9204974669,5697024.290406496,50.0,1.0,0.07064876733407843,ground_equivalent_excess_gamma_dose_rate,uSv/h,one_noise_free_measurement_per_executed_route_node
1737,522920.9204974669,5697004.290406496,50.0,1.0,0.07030272636378498,ground_equivalent_excess_gamma_dose_rate,uSv/h,one_noise_free_measurement_per_executed_route_node
1738,522900.9204974669,5696984.290406497,50.0,1.0,0.06964821276488542,ground_equivalent_excess_gamma_dose_rate,uSv/h,one_noise_free_measurement_per_executed_route_node
1739,522900.9204974669,5696964.290406497,50.0,1.0,0.07254809947260338,ground_equivalent_excess_gamma_dose_rate,uSv/h,one_noise_free_measurement_per_executed_route_node
1740,522880.9204974669,5696944.290406497,50.0,1.0,0.0713591013058244,ground_equivalent_excess_gamma_dose_rate,uSv/h,one_noise_free_measurement_per_executed_route_node
1741,522880.9204974669,5696964.290406497,50.0,1.0,0.06870235870436575,ground_equivalent_excess_gamma_dose_rate,uSv/h,one_noise_free_measurement_per_executed_route_node
1742,522900.9204974669,5696964.290406497,50.0,1.0,0.07254809947260338,ground_equivalent_excess_gamma_dose_rate,uSv/h,one_noise_free_measurement_per_executed_route_node
1743,522920.9204974669,5696964.290406497,50.0,1.0,0.0766613891773833,ground_equivalent_excess_gamma_dose_rate,uSv/h,one_noise_free_measurement_per_executed_route_node
1744,522940.9204974669,5696944.290406497,50.0,1.0,0.08478253413670778,ground_equivalent_excess_gamma_dose_rate,uSv/h,one_noise_free_measurement_per_executed_route_node
1745,522960.9204974669,5696924.290406497,50.0,1.0,0.09425614245977887,ground_equivalent_excess_gamma_dose_rate,uSv/h,one_noise_free_measurement_per_executed_route_node
1746,522980.9204974669,5696924.290406497,50.0,1.0,0.10034311596080198,ground_equivalent_excess_gamma_dose_rate,uSv/h,one_noise_free_measurement_per_executed_route_node
1747,523000.920497467,5696924.290406497,50.0,1.0,0.10690358417608231,ground_equivalent_excess_gamma_dose_rate,uSv/h,one_noise_free_measurement_per_executed_route_node
1748,523020.920497467,5696944.290406497,50.0,1.0,0.10770578306027145,ground_equivalent_excess_gamma_dose_rate,uSv/h,one_noise_free_measurement_per_executed_route_node
1749,523040.920497467,5696964.290406497,50.0,1.0,0.10777160752177634,ground_equivalent_excess_gamma_dose_rate,uSv/h,one_noise_free_measurement_per_executed_route_node
1750,523040.920497467,5696984.290406497,50.0,1.0,0.10149406010341377,ground_equivalent_excess_gamma_dose_rate,uSv/h,one_noise_free_measurement_per_executed_route_node
1751,523040.920497467,5697004.290406496,50.0,1.0,0.09561413231183297,ground_equivalent_excess_gamma_dose_rate,uSv/h,one_noise_free_measurement_per_executed_route_node
1752,523020.920497467,5697024.290406496,50.0,1.0,0.0858796728747106,ground_equivalent_excess_gamma_dose_rate,uSv/h,one_noise_free_measurement_per_executed_route_node
1753,523000.920497467,5697024.290406496,50.0,1.0,0.08180774568489846,ground_equivalent_excess_gamma_dose_rate,uSv/h,one_noise_free_measurement_per_executed_route_node
1754,523000.920497467,5697004.290406496,50.0,1.0,0.08631203515361757,ground_equivalent_excess_gamma_dose_rate,uSv/h,one_noise_free_measurement_per_executed_route_node
1755,523000.920497467,5696984.290406497,50.0,1.0,0.09107502822703634,ground_equivalent_excess_gamma_dose_rate,uSv/h,one_noise_free_measurement_per_executed_route_node
1756,522980.9204974669,5696964.290406497,50.0,1.0,0.09076363012943417,ground_equivalent_excess_gamma_dose_rate,uSv/h,one_noise_free_measurement_per_executed_route_node
1757,522980.9204974669,5696984.290406497,50.0,1.0,0.0862698097187446,ground_equivalent_excess_gamma_dose_rate,uSv/h,one_noise_free_measurement_per_executed_route_node
1758,522960.9204974669,5696984.290406497,50.0,1.0,0.0817319123745831,ground_equivalent_excess_gamma_dose_rate,uSv/h,one_noise_free_measurement_per_executed_route_node
1759,522940.9204974669,5696984.290406497,50.0,1.0,0.07745510172087955,ground_equivalent_excess_gamma_dose_rate,uSv/h,one_noise_free_measurement_per_executed_route_node
1760,522940.9204974669,5696964.290406497,50.0,1.0,0.0810583379729557,ground_equivalent_excess_gamma_dose_rate,uSv/h,one_noise_free_measurement_per_executed_route_node
1761,522920.9204974669,5696964.290406497,50.0,1.0,0.0766613891773833,ground_equivalent_excess_gamma_dose_rate,uSv/h,one_noise_free_measurement_per_executed_route_node
1762,522920.9204974669,5696944.290406497,50.0,1.0,0.07998422980874809,ground_equivalent_excess_gamma_dose_rate,uSv/h,one_noise_free_measurement_per_executed_route_node
1763,522940.9204974669,5696944.290406497,50.0,1.0,0.08478253413670778,ground_equivalent_excess_gamma_dose_rate,uSv/h,one_noise_free_measurement_per_executed_route_node
1764,522960.9204974669,5696964.290406497,50.0,1.0,0.0857543841752702,ground_equivalent_excess_gamma_dose_rate,uSv/h,one_noise_free_measurement_per_executed_route_node
1765,522980.9204974669,5696964.290406497,50.0,1.0,0.09076363012943417,ground_equivalent_excess_gamma_dose_rate,uSv/h,one_noise_free_measurement_per_executed_route_node
1766,523000.920497467,5696944.290406497,50.0,1.0,0.10137736421658078,ground_equivalent_excess_gamma_dose_rate,uSv/h,one_noise_free_measurement_per_executed_route_node
1767,522980.9204974669,5696964.290406497,50.0,1.0,0.09076363012943417,ground_equivalent_excess_gamma_dose_rate,uSv/h,one_noise_free_measurement_per_executed_route_node
1768,522980.9204974669,5696984.290406497,50.0,1.0,0.0862698097187446,ground_equivalent_excess_gamma_dose_rate,uSv/h,one_noise_free_measurement_per_executed_route_node
1769,522960.9204974669,5696984.290406497,50.0,1.0,0.0817319123745831,ground_equivalent_excess_gamma_dose_rate,uSv/h,one_noise_free_measurement_per_executed_route_node
1770,522980.9204974669,5696964.290406497,50.0,1.0,0.09076363012943417,ground_equivalent_excess_gamma_dose_rate,uSv/h,one_noise_free_measurement_per_executed_route_node
1771,522960.9204974669,5696984.290406497,50.0,1.0,0.0817319123745831,ground_equivalent_excess_gamma_dose_rate,uSv/h,one_noise_free_measurement_per_executed_route_node
1772,522960.9204974669,5696964.290406497,50.0,1.0,0.0857543841752702,ground_equivalent_excess_gamma_dose_rate,uSv/h,one_noise_free_measurement_per_executed_route_node
1773,522980.9204974669,5696984.290406497,50.0,1.0,0.0862698097187446,ground_equivalent_excess_gamma_dose_rate,uSv/h,one_noise_free_measurement_per_executed_route_node
1774,523000.920497467,5696964.290406497,50.0,1.0,0.09609797487337746,ground_equivalent_excess_gamma_dose_rate,uSv/h,one_noise_free_measurement_per_executed_route_node
1775,523020.920497467,5696944.290406497,50.0,1.0,0.10770578306027145,ground_equivalent_excess_gamma_dose_rate,uSv/h,one_noise_free_measurement_per_executed_route_node
1776,523000.920497467,5696964.290406497,50.0,1.0,0.09609797487337746,ground_equivalent_excess_gamma_dose_rate,uSv/h,one_noise_free_measurement_per_executed_route_node
1777,522980.9204974669,5696944.290406497,50.0,1.0,0.09545885660910508,ground_equivalent_excess_gamma_dose_rate,uSv/h,one_noise_free_measurement_per_executed_route_node
1778,522980.9204974669,5696924.290406497,50.0,1.0,0.10034311596080198,ground_equivalent_excess_gamma_dose_rate,uSv/h,one_noise_free_measurement_per_executed_route_node
1779,522980.9204974669,5696904.290406497,50.0,1.0,0.10539746628615859,ground_equivalent_excess_gamma_dose_rate,uSv/h,one_noise_free_measurement_per_executed_route_node
1780,522960.9204974669,5696904.290406497,50.0,1.0,0.09870229650746748,ground_equivalent_excess_gamma_dose_rate,uSv/h,one_noise_free_measurement_per_executed_route_node
1781,522980.9204974669,5696904.290406497,50.0,1.0,0.10539746628615859,ground_equivalent_excess_gamma_dose_rate,uSv/h,one_noise_free_measurement_per_executed_route_node
1782,522980.9204974669,5696884.290406497,50.0,1.0,0.11059521517839005,ground_equivalent_excess_gamma_dose_rate,uSv/h,one_noise_free_measurement_per_executed_route_node
1783,523000.920497467,5696864.290406497,50.0,1.0,0.12474289754094031,ground_equivalent_excess_gamma_dose_rate,uSv/h,one_noise_free_measurement_per_executed_route_node
1784,523000.920497467,5696884.290406497,50.0,1.0,0.11861833242305736,ground_equivalent_excess_gamma_dose_rate,uSv/h,one_noise_free_measurement_per_executed_route_node
1785,523020.920497467,5696904.290406497,50.0,1.0,0.12052942367512043,ground_equivalent_excess_gamma_dose_rate,uSv/h,one_noise_free_measurement_per_executed_route_node
1786,523000.920497467,5696884.290406497,50.0,1.0,0.11861833242305736,ground_equivalent_excess_gamma_dose_rate,uSv/h,one_noise_free_measurement_per_executed_route_node
1787,522980.9204974669,5696904.290406497,50.0,1.0,0.10539746628615859,ground_equivalent_excess_gamma_dose_rate,uSv/h,one_noise_free_measurement_per_executed_route_node
1788,522960.9204974669,5696884.290406497,50.0,1.0,0.10324643006619838,ground_equivalent_excess_gamma_dose_rate,uSv/h,one_noise_free_measurement_per_executed_route_node
1789,522980.9204974669,5696884.290406497,50.0,1.0,0.11059521517839005,ground_equivalent_excess_gamma_dose_rate,uSv/h,one_noise_free_measurement_per_executed_route_node
1790,523000.920497467,5696904.290406497,50.0,1.0,0.11265940555512421,ground_equivalent_excess_gamma_dose_rate,uSv/h,one_noise_free_measurement_per_executed_route_node
1791,523000.920497467,5696924.290406497,50.0,1.0,0.10690358417608231,ground_equivalent_excess_gamma_dose_rate,uSv/h,one_noise_free_measurement_per_executed_route_node
1792,523000.920497467,5696904.290406497,50.0,1.0,0.11265940555512421,ground_equivalent_excess_gamma_dose_rate,uSv/h,one_noise_free_measurement_per_executed_route_node
1793,523020.920497467,5696884.290406497,50.0,1.0,0.12737526729293197,ground_equivalent_excess_gamma_dose_rate,uSv/h,one_noise_free_measurement_per_executed_route_node
1794,523020.920497467,5696904.290406497,50.0,1.0,0.12052942367512043,ground_equivalent_excess_gamma_dose_rate,uSv/h,one_noise_free_measurement_per_executed_route_node
1795,523020.920497467,5696924.290406497,50.0,1.0,0.11396477764074486,ground_equivalent_excess_gamma_dose_rate,uSv/h,one_noise_free_measurement_per_executed_route_node
1796,523040.920497467,5696904.290406497,50.0,1.0,0.1290464634723114,ground_equivalent_excess_gamma_dose_rate,uSv/h,one_noise_free_measurement_per_executed_route_node
1797,523020.920497467,5696884.290406497,50.0,1.0,0.12737526729293197,ground_equivalent_excess_gamma_dose_rate,uSv/h,one_noise_free_measurement_per_executed_route_node
1798,523000.920497467,5696884.290406497,50.0,1.0,0.11861833242305736,ground_equivalent_excess_gamma_dose_rate,uSv/h,one_noise_free_measurement_per_executed_route_node
1799,523020.920497467,5696884.290406497,50.0,1.0,0.12737526729293197,ground_equivalent_excess_gamma_dose_rate,uSv/h,one_noise_free_measurement_per_executed_route_node
1800,523000.920497467,5696884.290406497,50.0,1.0,0.11861833242305736,ground_equivalent_excess_gamma_dose_rate,uSv/h,one_noise_free_measurement_per_executed_route_node
1801,523020.920497467,5696904.290406497,50.0,1.0,0.12052942367512043,ground_equivalent_excess_gamma_dose_rate,uSv/h,one_noise_free_measurement_per_executed_route_node
1802,523020.920497467,5696924.290406497,50.0,1.0,0.11396477764074486,ground_equivalent_excess_gamma_dose_rate,uSv/h,one_noise_free_measurement_per_executed_route_node
1803,523020.920497467,5696944.290406497,50.0,1.0,0.10770578306027145,ground_equivalent_excess_gamma_dose_rate,uSv/h,one_noise_free_measurement_per_executed_route_node
1804,523000.920497467,5696924.290406497,50.0,1.0,0.10690358417608231,ground_equivalent_excess_gamma_dose_rate,uSv/h,one_noise_free_measurement_per_executed_route_node
1805,523000.920497467,5696944.290406497,50.0,1.0,0.10137736421658078,ground_equivalent_excess_gamma_dose_rate,uSv/h,one_noise_free_measurement_per_executed_route_node
1806,523000.920497467,5696964.290406497,50.0,1.0,0.09609797487337746,ground_equivalent_excess_gamma_dose_rate,uSv/h,one_noise_free_measurement_per_executed_route_node
1807,522980.9204974669,5696964.290406497,50.0,1.0,0.09076363012943417,ground_equivalent_excess_gamma_dose_rate,uSv/h,one_noise_free_measurement_per_executed_route_node
1808,523000.920497467,5696964.290406497,50.0,1.0,0.09609797487337746,ground_equivalent_excess_gamma_dose_rate,uSv/h,one_noise_free_measurement_per_executed_route_node
1809,523000.920497467,5696984.290406497,50.0,1.0,0.09107502822703634,ground_equivalent_excess_gamma_dose_rate,uSv/h,one_noise_free_measurement_per_executed_route_node
1810,523020.920497467,5697004.290406496,50.0,1.0,0.0908571588380106,ground_equivalent_excess_gamma_dose_rate,uSv/h,one_noise_free_measurement_per_executed_route_node
1811,523040.920497467,5697004.290406496,50.0,1.0,0.09561413231183297,ground_equivalent_excess_gamma_dose_rate,uSv/h,one_noise_free_measurement_per_executed_route_node
1812,523020.920497467,5696984.290406497,50.0,1.0,0.0961503722009181,ground_equivalent_excess_gamma_dose_rate,uSv/h,one_noise_free_measurement_per_executed_route_node
1813,523040.920497467,5696984.290406497,50.0,1.0,0.10149406010341377,ground_equivalent_excess_gamma_dose_rate,uSv/h,one_noise_free_measurement_per_executed_route_node
1814,523020.920497467,5697004.290406496,50.0,1.0,0.0908571588380106,ground_equivalent_excess_gamma_dose_rate,uSv/h,one_noise_free_measurement_per_executed_route_node
1815,523000.920497467,5696984.290406497,50.0,1.0,0.09107502822703634,ground_equivalent_excess_gamma_dose_rate,uSv/h,one_noise_free_measurement_per_executed_route_node
1816,523000.920497467,5697004.290406496,50.0,1.0,0.08631203515361757,ground_equivalent_excess_gamma_dose_rate,uSv/h,one_noise_free_measurement_per_executed_route_node
1817,523000.920497467,5696984.290406497,50.0,1.0,0.09107502822703634,ground_equivalent_excess_gamma_dose_rate,uSv/h,one_noise_free_measurement_per_executed_route_node
1818,523020.920497467,5697004.290406496,50.0,1.0,0.0908571588380106,ground_equivalent_excess_gamma_dose_rate,uSv/h,one_noise_free_measurement_per_executed_route_node
1819,523040.920497467,5697004.290406496,50.0,1.0,0.09561413231183297,ground_equivalent_excess_gamma_dose_rate,uSv/h,one_noise_free_measurement_per_executed_route_node
1820,523060.920497467,5696984.290406497,50.0,1.0,0.10709836234663,ground_equivalent_excess_gamma_dose_rate,uSv/h,one_noise_free_measurement_per_executed_route_node
1821,523040.920497467,5696964.290406497,50.0,1.0,0.10777160752177634,ground_equivalent_excess_gamma_dose_rate,uSv/h,one_noise_free_measurement_per_executed_route_node
1822,523020.920497467,5696944.290406497,50.0,1.0,0.10770578306027145,ground_equivalent_excess_gamma_dose_rate,uSv/h,one_noise_free_measurement_per_executed_route_node
1823,523000.920497467,5696964.290406497,50.0,1.0,0.09609797487337746,ground_equivalent_excess_gamma_dose_rate,uSv/h,one_noise_free_measurement_per_executed_route_node
1824,522980.9204974669,5696964.290406497,50.0,1.0,0.09076363012943417,ground_equivalent_excess_gamma_dose_rate,uSv/h,one_noise_free_measurement_per_executed_route_node
1825,522980.9204974669,5696984.290406497,50.0,1.0,0.0862698097187446,ground_equivalent_excess_gamma_dose_rate,uSv/h,one_noise_free_measurement_per_executed_route_node
1826,522980.9204974669,5696964.290406497,50.0,1.0,0.09076363012943417,ground_equivalent_excess_gamma_dose_rate,uSv/h,one_noise_free_measurement_per_executed_route_node
1827,523000.920497467,5696984.290406497,50.0,1.0,0.09107502822703634,ground_equivalent_excess_gamma_dose_rate,uSv/h,one_noise_free_measurement_per_executed_route_node
1828,523020.920497467,5697004.290406496,50.0,1.0,0.0908571588380106,ground_equivalent_excess_gamma_dose_rate,uSv/h,one_noise_free_measurement_per_executed_route_node
1829,523000.920497467,5696984.290406497,50.0,1.0,0.09107502822703634,ground_equivalent_excess_gamma_dose_rate,uSv/h,one_noise_free_measurement_per_executed_route_node
1830,522980.9204974669,5697004.290406496,50.0,1.0,0.08198433444208886,ground_equivalent_excess_gamma_dose_rate,uSv/h,one_noise_free_measurement_per_executed_route_node
1831,523000.920497467,5697024.290406496,50.0,1.0,0.08180774568489846,ground_equivalent_excess_gamma_dose_rate,uSv/h,one_noise_free_measurement_per_executed_route_node
1832,523020.920497467,5697004.290406496,50.0,1.0,0.0908571588380106,ground_equivalent_excess_gamma_dose_rate,uSv/h,one_noise_free_measurement_per_executed_route_node
1833,523000.920497467,5696984.290406497,50.0,1.0,0.09107502822703634,ground_equivalent_excess_gamma_dose_rate,uSv/h,one_noise_free_measurement_per_executed_route_node
1834,523020.920497467,5697004.290406496,50.0,1.0,0.0908571588380106,ground_equivalent_excess_gamma_dose_rate,uSv/h,one_noise_free_measurement_per_executed_route_node
1835,523000.920497467,5697004.290406496,50.0,1.0,0.08631203515361757,ground_equivalent_excess_gamma_dose_rate,uSv/h,one_noise_free_measurement_per_executed_route_node
1836,522980.9204974669,5696984.290406497,50.0,1.0,0.0862698097187446,ground_equivalent_excess_gamma_dose_rate,uSv/h,one_noise_free_measurement_per_executed_route_node
1837,522980.9204974669,5697004.290406496,50.0,1.0,0.08198433444208886,ground_equivalent_excess_gamma_dose_rate,uSv/h,one_noise_free_measurement_per_executed_route_node
1838,522960.9204974669,5697024.290406496,50.0,1.0,0.07418977593909587,ground_equivalent_excess_gamma_dose_rate,uSv/h,one_noise_free_measurement_per_executed_route_node
1839,522940.9204974669,5697004.290406496,50.0,1.0,0.07398300912594219,ground_equivalent_excess_gamma_dose_rate,uSv/h,one_noise_free_measurement_per_executed_route_node
1840,522960.9204974669,5696984.290406497,50.0,1.0,0.0817319123745831,ground_equivalent_excess_gamma_dose_rate,uSv/h,one_noise_free_measurement_per_executed_route_node
1841,522940.9204974669,5696964.290406497,50.0,1.0,0.0810583379729557,ground_equivalent_excess_gamma_dose_rate,uSv/h,one_noise_free_measurement_per_executed_route_node
1842,522960.9204974669,5696984.290406497,50.0,1.0,0.0817319123745831,ground_equivalent_excess_gamma_dose_rate,uSv/h,one_noise_free_measurement_per_executed_route_node
1843,522940.9204974669,5696964.290406497,50.0,1.0,0.0810583379729557,ground_equivalent_excess_gamma_dose_rate,uSv/h,one_noise_free_measurement_per_executed_route_node
1844,522940.9204974669,5696984.290406497,50.0,1.0,0.07745510172087955,ground_equivalent_excess_gamma_dose_rate,uSv/h,one_noise_free_measurement_per_executed_route_node
1845,522960.9204974669,5696984.290406497,50.0,1.0,0.0817319123745831,ground_equivalent_excess_gamma_dose_rate,uSv/h,one_noise_free_measurement_per_executed_route_node
1846,522980.9204974669,5696984.290406497,50.0,1.0,0.0862698097187446,ground_equivalent_excess_gamma_dose_rate,uSv/h,one_noise_free_measurement_per_executed_route_node
1847,522980.9204974669,5697004.290406496,50.0,1.0,0.08198433444208886,ground_equivalent_excess_gamma_dose_rate,uSv/h,one_noise_free_measurement_per_executed_route_node
1848,523000.920497467,5697024.290406496,50.0,1.0,0.08180774568489846,ground_equivalent_excess_gamma_dose_rate,uSv/h,one_noise_free_measurement_per_executed_route_node
1849,523000.920497467,5697004.290406496,50.0,1.0,0.08631203515361757,ground_equivalent_excess_gamma_dose_rate,uSv/h,one_noise_free_measurement_per_executed_route_node
1850,522980.9204974669,5696984.290406497,50.0,1.0,0.0862698097187446,ground_equivalent_excess_gamma_dose_rate,uSv/h,one_noise_free_measurement_per_executed_route_node
1851,522960.9204974669,5696964.290406497,50.0,1.0,0.0857543841752702,ground_equivalent_excess_gamma_dose_rate,uSv/h,one_noise_free_measurement_per_executed_route_node
1852,522940.9204974669,5696984.290406497,50.0,1.0,0.07745510172087955,ground_equivalent_excess_gamma_dose_rate,uSv/h,one_noise_free_measurement_per_executed_route_node
1853,522960.9204974669,5696984.290406497,50.0,1.0,0.0817319123745831,ground_equivalent_excess_gamma_dose_rate,uSv/h,one_noise_free_measurement_per_executed_route_node
1854,522940.9204974669,5696964.290406497,50.0,1.0,0.0810583379729557,ground_equivalent_excess_gamma_dose_rate,uSv/h,one_noise_free_measurement_per_executed_route_node
1855,522940.9204974669,5696944.290406497,50.0,1.0,0.08478253413670778,ground_equivalent_excess_gamma_dose_rate,uSv/h,one_noise_free_measurement_per_executed_route_node
1856,522960.9204974669,5696944.290406497,50.0,1.0,0.08993372081724266,ground_equivalent_excess_gamma_dose_rate,uSv/h,one_noise_free_measurement_per_executed_route_node
1857,522940.9204974669,5696964.290406497,50.0,1.0,0.0810583379729557,ground_equivalent_excess_gamma_dose_rate,uSv/h,one_noise_free_measurement_per_executed_route_node
1858,522960.9204974669,5696944.290406497,50.0,1.0,0.08993372081724266,ground_equivalent_excess_gamma_dose_rate,uSv/h,one_noise_free_measurement_per_executed_route_node
1859,522980.9204974669,5696964.290406497,50.0,1.0,0.09076363012943417,ground_equivalent_excess_gamma_dose_rate,uSv/h,one_noise_free_measurement_per_executed_route_node
1860,523000.920497467,5696984.290406497,50.0,1.0,0.09107502822703634,ground_equivalent_excess_gamma_dose_rate,uSv/h,one_noise_free_measurement_per_executed_route_node
1861,523000.920497467,5697004.290406496,50.0,1.0,0.08631203515361757,ground_equivalent_excess_gamma_dose_rate,uSv/h,one_noise_free_measurement_per_executed_route_node
1862,522980.9204974669,5697004.290406496,50.0,1.0,0.08198433444208886,ground_equivalent_excess_gamma_dose_rate,uSv/h,one_noise_free_measurement_per_executed_route_node
1863,523000.920497467,5697024.290406496,50.0,1.0,0.08180774568489846,ground_equivalent_excess_gamma_dose_rate,uSv/h,one_noise_free_measurement_per_executed_route_node
1864,522980.9204974669,5697044.290406496,50.0,1.0,0.07404513928611178,ground_equivalent_excess_gamma_dose_rate,uSv/h,one_noise_free_measurement_per_executed_route_node
1865,523000.920497467,5697044.290406496,50.0,1.0,0.07755729866030753,ground_equivalent_excess_gamma_dose_rate,uSv/h,one_noise_free_measurement_per_executed_route_node
1866,522980.9204974669,5697044.290406496,50.0,1.0,0.07404513928611178,ground_equivalent_excess_gamma_dose_rate,uSv/h,one_noise_free_measurement_per_executed_route_node
1867,522980.9204974669,5697064.290406496,50.0,1.0,0.07038691030530381,ground_equivalent_excess_gamma_dose_rate,uSv/h,one_noise_free_measurement_per_executed_route_node
1868,523000.920497467,5697064.290406496,50.0,1.0,0.07355318333690519,ground_equivalent_excess_gamma_dose_rate,uSv/h,one_noise_free_measurement_per_executed_route_node
1869,523000.920497467,5697044.290406496,50.0,1.0,0.07755729866030753,ground_equivalent_excess_gamma_dose_rate,uSv/h,one_noise_free_measurement_per_executed_route_node
1870,523020.920497467,5697064.290406496,50.0,1.0,0.07682838758879407,ground_equivalent_excess_gamma_dose_rate,uSv/h,one_noise_free_measurement_per_executed_route_node
1871,523040.920497467,5697084.290406496,50.0,1.0,0.07574408283612383,ground_equivalent_excess_gamma_dose_rate,uSv/h,one_noise_free_measurement_per_executed_route_node
1872,523020.920497467,5697064.290406496,50.0,1.0,0.07682838758879407,ground_equivalent_excess_gamma_dose_rate,uSv/h,one_noise_free_measurement_per_executed_route_node
1873,523000.920497467,5697084.290406496,50.0,1.0,0.06978602646202997,ground_equivalent_excess_gamma_dose_rate,uSv/h,one_noise_free_measurement_per_executed_route_node
1874,522980.9204974669,5697104.290406496,50.0,1.0,0.06366583981115292,ground_equivalent_excess_gamma_dose_rate,uSv/h,one_noise_free_measurement_per_executed_route_node
1875,523000.920497467,5697104.290406496,50.0,1.0,0.06624522398953597,ground_equivalent_excess_gamma_dose_rate,uSv/h,one_noise_free_measurement_per_executed_route_node
1876,522980.9204974669,5697084.290406496,50.0,1.0,0.06692948242336061,ground_equivalent_excess_gamma_dose_rate,uSv/h,one_noise_free_measurement_per_executed_route_node
1877,522960.9204974669,5697084.290406496,50.0,1.0,0.06416557359132496,ground_equivalent_excess_gamma_dose_rate,uSv/h,one_noise_free_measurement_per_executed_route_node
1878,522980.9204974669,5697104.290406496,50.0,1.0,0.06366583981115292,ground_equivalent_excess_gamma_dose_rate,uSv/h,one_noise_free_measurement_per_executed_route_node
1879,522980.9204974669,5697084.290406496,50.0,1.0,0.06692948242336061,ground_equivalent_excess_gamma_dose_rate,uSv/h,one_noise_free_measurement_per_executed_route_node
1880,522960.9204974669,5697104.290406496,50.0,1.0,0.061159862476868554,ground_equivalent_excess_gamma_dose_rate,uSv/h,one_noise_free_measurement_per_executed_route_node
1881,522960.9204974669,5697124.290406496,50.0,1.0,0.058314123638829485,ground_equivalent_excess_gamma_dose_rate,uSv/h,one_noise_free_measurement_per_executed_route_node
1882,522980.9204974669,5697144.290406496,50.0,1.0,0.05768731494715157,ground_equivalent_excess_gamma_dose_rate,uSv/h,one_noise_free_measurement_per_executed_route_node
1883,523000.920497467,5697144.290406496,50.0,1.0,0.05979698530647254,ground_equivalent_excess_gamma_dose_rate,uSv/h,one_noise_free_measurement_per_executed_route_node
1884,523020.920497467,5697124.290406496,50.0,1.0,0.06530076163204662,ground_equivalent_excess_gamma_dose_rate,uSv/h,one_noise_free_measurement_per_executed_route_node
1885,523000.920497467,5697144.290406496,50.0,1.0,0.05979698530647254,ground_equivalent_excess_gamma_dose_rate,uSv/h,one_noise_free_measurement_per_executed_route_node
1886,522980.9204974669,5697144.290406496,50.0,1.0,0.05768731494715157,ground_equivalent_excess_gamma_dose_rate,uSv/h,one_noise_free_measurement_per_executed_route_node
1887,522960.9204974669,5697164.290406496,50.0,1.0,0.053077633511261546,ground_equivalent_excess_gamma_dose_rate,uSv/h,one_noise_free_measurement_per_executed_route_node
1888,522940.9204974669,5697184.290406496,50.0,1.0,0.04899601875982826,ground_equivalent_excess_gamma_dose_rate,uSv/h,one_noise_free_measurement_per_executed_route_node
1889,522920.9204974669,5697204.290406496,50.0,1.0,0.04536522630182371,ground_equivalent_excess_gamma_dose_rate,uSv/h,one_noise_free_measurement_per_executed_route_node
1890,522920.9204974669,5697184.290406496,50.0,1.0,0.04735430554917058,ground_equivalent_excess_gamma_dose_rate,uSv/h,one_noise_free_measurement_per_executed_route_node
1891,522920.9204974669,5697204.290406496,50.0,1.0,0.04536522630182371,ground_equivalent_excess_gamma_dose_rate,uSv/h,one_noise_free_measurement_per_executed_route_node
1892,522940.9204974669,5697204.290406496,50.0,1.0,0.046869727503084935,ground_equivalent_excess_gamma_dose_rate,uSv/h,one_noise_free_measurement_per_executed_route_node
1893,522960.9204974669,5697224.290406496,50.0,1.0,0.046257614692902294,ground_equivalent_excess_gamma_dose_rate,uSv/h,one_noise_free_measurement_per_executed_route_node
1894,522940.9204974669,5697244.290406496,50.0,1.0,0.042948765322311316,ground_equivalent_excess_gamma_dose_rate,uSv/h,one_noise_free_measurement_per_executed_route_node
1895,522960.9204974669,5697264.290406496,50.0,1.0,0.04231929076611385,ground_equivalent_excess_gamma_dose_rate,uSv/h,one_noise_free_measurement_per_executed_route_node
1896,522980.9204974669,5697284.290406496,50.0,1.0,0.041596966066568014,ground_equivalent_excess_gamma_dose_rate,uSv/h,one_noise_free_measurement_per_executed_route_node
1897,523000.920497467,5697304.290406496,50.0,1.0,0.04079211096360938,ground_equivalent_excess_gamma_dose_rate,uSv/h,one_noise_free_measurement_per_executed_route_node
1898,522980.9204974669,5697324.290406496,50.0,1.0,0.03810389232449754,ground_equivalent_excess_gamma_dose_rate,uSv/h,one_noise_free_measurement_per_executed_route_node
1899,523000.920497467,5697324.290406496,50.0,1.0,0.03901303933156136,ground_equivalent_excess_gamma_dose_rate,uSv/h,one_noise_free_measurement_per_executed_route_node
1900,522980.9204974669,5697304.290406496,50.0,1.0,0.039799210699828336,ground_equivalent_excess_gamma_dose_rate,uSv/h,one_noise_free_measurement_per_executed_route_node
1901,522960.9204974669,5697304.290406496,50.0,1.0,0.038805250227719384,ground_equivalent_excess_gamma_dose_rate,uSv/h,one_noise_free_measurement_per_executed_route_node
1902,522940.9204974669,5697304.290406496,50.0,1.0,0.037813915163697476,ground_equivalent_excess_gamma_dose_rate,uSv/h,one_noise_free_measurement_per_executed_route_node
1903,522940.9204974669,5697324.290406496,50.0,1.0,0.03628025395585527,ground_equivalent_excess_gamma_dose_rate,uSv/h,one_noise_free_measurement_per_executed_route_node
1904,522940.9204974669,5697344.290406496,50.0,1.0,0.034827291217402856,ground_equivalent_excess_gamma_dose_rate,uSv/h,one_noise_free_measurement_per_executed_route_node
1905,522940.9204974669,5697364.290406496,50.0,1.0,0.033450380560052784,ground_equivalent_excess_gamma_dose_rate,uSv/h,one_noise_free_measurement_per_executed_route_node
1906,522940.9204974669,5697384.290406496,50.0,1.0,0.032145102768582734,ground_equivalent_excess_gamma_dose_rate,uSv/h,one_noise_free_measurement_per_executed_route_node
1907,522960.9204974669,5697404.290406496,50.0,1.0,0.031566387012399055,ground_equivalent_excess_gamma_dose_rate,uSv/h,one_noise_free_measurement_per_executed_route_node
1908,522980.9204974669,5697404.290406496,50.0,1.0,0.03222097452259193,ground_equivalent_excess_gamma_dose_rate,uSv/h,one_noise_free_measurement_per_executed_route_node
1909,523000.920497467,5697404.290406496,50.0,1.0,0.03286867749208272,ground_equivalent_excess_gamma_dose_rate,uSv/h,one_noise_free_measurement_per_executed_route_node
1910,522980.9204974669,5697404.290406496,50.0,1.0,0.03222097452259193,ground_equivalent_excess_gamma_dose_rate,uSv/h,one_noise_free_measurement_per_executed_route_node
1911,522980.9204974669,5697384.290406496,50.0,1.0,0.03356856742214545,ground_equivalent_excess_gamma_dose_rate,uSv/h,one_noise_free_measurement_per_executed_route_node
1912,522960.9204974669,5697404.290406496,50.0,1.0,0.031566387012399055,ground_equivalent_excess_gamma_dose_rate,uSv/h,one_noise_free_measurement_per_executed_route_node
1913,522940.9204974669,5697404.290406496,50.0,1.0,0.03090726801554064,ground_equivalent_excess_gamma_dose_rate,uSv/h,one_noise_free_measurement_per_executed_route_node
1914,522920.9204974669,5697384.290406496,50.0,1.0,0.03143021285545858,ground_equivalent_excess_gamma_dose_rate,uSv/h,one_noise_free_measurement_per_executed_route_node
1915,522900.9204974669,5697364.290406496,50.0,1.0,0.03190587417470672,ground_equivalent_excess_gamma_dose_rate,uSv/h,one_noise_free_measurement_per_executed_route_node
1916,522920.9204974669,5697344.290406496,50.0,1.0,0.03398967752096865,ground_equivalent_excess_gamma_dose_rate,uSv/h,one_noise_free_measurement_per_executed_route_node
1917,522940.9204974669,5697364.290406496,50.0,1.0,0.033450380560052784,ground_equivalent_excess_gamma_dose_rate,uSv/h,one_noise_free_measurement_per_executed_route_node
1918,522920.9204974669,5697344.290406496,50.0,1.0,0.03398967752096865,ground_equivalent_excess_gamma_dose_rate,uSv/h,one_noise_free_measurement_per_executed_route_node
1919,522900.9204974669,5697344.290406496,50.0,1.0,0.03315619161770167,ground_equivalent_excess_gamma_dose_rate,uSv/h,one_noise_free_measurement_per_executed_route_node
1920,522920.9204974669,5697344.290406496,50.0,1.0,0.03398967752096865,ground_equivalent_excess_gamma_dose_rate,uSv/h,one_noise_free_measurement_per_executed_route_node
1921,522900.9204974669,5697324.290406496,50.0,1.0,0.03447043521112633,ground_equivalent_excess_gamma_dose_rate,uSv/h,one_noise_free_measurement_per_executed_route_node
1922,522900.9204974669,5697304.290406496,50.0,1.0,0.03585198798025477,ground_equivalent_excess_gamma_dose_rate,uSv/h,one_noise_free_measurement_per_executed_route_node
1923,522920.9204974669,5697324.290406496,50.0,1.0,0.03537220455780826,ground_equivalent_excess_gamma_dose_rate,uSv/h,one_noise_free_measurement_per_executed_route_node
1924,522940.9204974669,5697324.290406496,50.0,1.0,0.03628025395585527,ground_equivalent_excess_gamma_dose_rate,uSv/h,one_noise_free_measurement_per_executed_route_node
1925,522940.9204974669,5697304.290406496,50.0,1.0,0.037813915163697476,ground_equivalent_excess_gamma_dose_rate,uSv/h,one_noise_free_measurement_per_executed_route_node
1926,522940.9204974669,5697284.290406496,50.0,1.0,0.03943314127673242,ground_equivalent_excess_gamma_dose_rate,uSv/h,one_noise_free_measurement_per_executed_route_node
1927,522920.9204974669,5697284.290406496,50.0,1.0,0.03836273663519807,ground_equivalent_excess_gamma_dose_rate,uSv/h,one_noise_free_measurement_per_executed_route_node
1928,522900.9204974669,5697304.290406496,50.0,1.0,0.03585198798025477,ground_equivalent_excess_gamma_dose_rate,uSv/h,one_noise_free_measurement_per_executed_route_node
1929,522880.9204974669,5697324.290406496,50.0,1.0,0.03357738484309403,ground_equivalent_excess_gamma_dose_rate,uSv/h,one_noise_free_measurement_per_executed_route_node
1930,522880.9204974669,5697304.290406496,50.0,1.0,0.034886919386416665,ground_equivalent_excess_gamma_dose_rate,uSv/h,one_noise_free_measurement_per_executed_route_node
1931,522860.9204974669,5697324.290406496,50.0,1.0,0.032695196643587277,ground_equivalent_excess_gamma_dose_rate,uSv/h,one_noise_free_measurement_per_executed_route_node
1932,522880.9204974669,5697344.290406496,50.0,1.0,0.03232912422381201,ground_equivalent_excess_gamma_dose_rate,uSv/h,one_noise_free_measurement_per_executed_route_node
1933,522880.9204974669,5697324.290406496,50.0,1.0,0.03357738484309403,ground_equivalent_excess_gamma_dose_rate,uSv/h,one_noise_free_measurement_per_executed_route_node
1934,522860.9204974669,5697304.290406496,50.0,1.0,0.03393555263435333,ground_equivalent_excess_gamma_dose_rate,uSv/h,one_noise_free_measurement_per_executed_route_node
1935,522840.9204974669,5697284.290406496,50.0,1.0,0.034226307164533565,ground_equivalent_excess_gamma_dose_rate,uSv/h,one_noise_free_measurement_per_executed_route_node
1936,522860.9204974669,5697304.290406496,50.0,1.0,0.03393555263435333,ground_equivalent_excess_gamma_dose_rate,uSv/h,one_noise_free_measurement_per_executed_route_node
1937,522880.9204974669,5697304.290406496,50.0,1.0,0.034886919386416665,ground_equivalent_excess_gamma_dose_rate,uSv/h,one_noise_free_measurement_per_executed_route_node
1938,522880.9204974669,5697324.290406496,50.0,1.0,0.03357738484309403,ground_equivalent_excess_gamma_dose_rate,uSv/h,one_noise_free_measurement_per_executed_route_node
1939,522900.9204974669,5697304.290406496,50.0,1.0,0.03585198798025477,ground_equivalent_excess_gamma_dose_rate,uSv/h,one_noise_free_measurement_per_executed_route_node
1940,522920.9204974669,5697284.290406496,50.0,1.0,0.03836273663519807,ground_equivalent_excess_gamma_dose_rate,uSv/h,one_noise_free_measurement_per_executed_route_node
1941,522920.9204974669,5697264.290406496,50.0,1.0,0.03997913020013069,ground_equivalent_excess_gamma_dose_rate,uSv/h,one_noise_free_measurement_per_executed_route_node
1942,522920.9204974669,5697244.290406496,50.0,1.0,0.041682056345422935,ground_equivalent_excess_gamma_dose_rate,uSv/h,one_noise_free_measurement_per_executed_route_node
1943,522900.9204974669,5697244.290406496,50.0,1.0,0.040435537271724886,ground_equivalent_excess_gamma_dose_rate,uSv/h,one_noise_free_measurement_per_executed_route_node
1944,522880.9204974669,5697224.290406496,50.0,1.0,0.04079569219688803,ground_equivalent_excess_gamma_dose_rate,uSv/h,one_noise_free_measurement_per_executed_route_node
1945,522880.9204974669,5697244.290406496,50.0,1.0,0.03921214389636368,ground_equivalent_excess_gamma_dose_rate,uSv/h,one_noise_free_measurement_per_executed_route_node
1946,522900.9204974669,5697244.290406496,50.0,1.0,0.040435537271724886,ground_equivalent_excess_gamma_dose_rate,uSv/h,one_noise_free_measurement_per_executed_route_node
1947,522920.9204974669,5697264.290406496,50.0,1.0,0.03997913020013069,ground_equivalent_excess_gamma_dose_rate,uSv/h,one_noise_free_measurement_per_executed_route_node
1948,522940.9204974669,5697264.290406496,50.0,1.0,0.04114300531253945,ground_equivalent_excess_gamma_dose_rate,uSv/h,one_noise_free_measurement_per_executed_route_node
1949,522960.9204974669,5697244.290406496,50.0,1.0,0.044232181095028106,ground_equivalent_excess_gamma_dose_rate,uSv/h,one_noise_free_measurement_per_executed_route_node
1950,522980.9204974669,5697244.290406496,50.0,1.0,0.04552823583125368,ground_equivalent_excess_gamma_dose_rate,uSv/h,one_noise_free_measurement_per_executed_route_node
1951,522980.9204974669,5697224.290406496,50.0,1.0,0.04767698657834263,ground_equivalent_excess_gamma_dose_rate,uSv/h,one_noise_free_measurement_per_executed_route_node
1952,522980.9204974669,5697244.290406496,50.0,1.0,0.04552823583125368,ground_equivalent_excess_gamma_dose_rate,uSv/h,one_noise_free_measurement_per_executed_route_node
1953,522960.9204974669,5697264.290406496,50.0,1.0,0.04231929076611385,ground_equivalent_excess_gamma_dose_rate,uSv/h,one_noise_free_measurement_per_executed_route_node
1954,522960.9204974669,5697244.290406496,50.0,1.0,0.044232181095028106,ground_equivalent_excess_gamma_dose_rate,uSv/h,one_noise_free_measurement_per_executed_route_node
1955,522980.9204974669,5697244.290406496,50.0,1.0,0.04552823583125368,ground_equivalent_excess_gamma_dose_rate,uSv/h,one_noise_free_measurement_per_executed_route_node
1956,523000.920497467,5697244.290406496,50.0,1.0,0.046832245434859754,ground_equivalent_excess_gamma_dose_rate,uSv/h,one_noise_free_measurement_per_executed_route_node
1957,523000.920497467,5697224.290406496,50.0,1.0,0.04910892455798113,ground_equivalent_excess_gamma_dose_rate,uSv/h,one_noise_free_measurement_per_executed_route_node
1958,522980.9204974669,5697204.290406496,50.0,1.0,0.049958613401259566,ground_equivalent_excess_gamma_dose_rate,uSv/h,one_noise_free_measurement_per_executed_route_node
1959,522980.9204974669,5697224.290406496,50.0,1.0,0.04767698657834263,ground_equivalent_excess_gamma_dose_rate,uSv/h,one_noise_free_measurement_per_executed_route_node
1960,523000.920497467,5697204.290406496,50.0,1.0,0.05153314735417286,ground_equivalent_excess_gamma_dose_rate,uSv/h,one_noise_free_measurement_per_executed_route_node
1961,523020.920497467,5697204.290406496,50.0,1.0,0.053119711261144065,ground_equivalent_excess_gamma_dose_rate,uSv/h,one_noise_free_measurement_per_executed_route_node
1962,523020.920497467,5697184.290406496,50.0,1.0,0.05586750756311809,ground_equivalent_excess_gamma_dose_rate,uSv/h,one_noise_free_measurement_per_executed_route_node
1963,523000.920497467,5697204.290406496,50.0,1.0,0.05153314735417286,ground_equivalent_excess_gamma_dose_rate,uSv/h,one_noise_free_measurement_per_executed_route_node
1964,522980.9204974669,5697184.290406496,50.0,1.0,0.052381644787882264,ground_equivalent_excess_gamma_dose_rate,uSv/h,one_noise_free_measurement_per_executed_route_node
1965,523000.920497467,5697164.290406496,50.0,1.0,0.056866121538893755,ground_equivalent_excess_gamma_dose_rate,uSv/h,one_noise_free_measurement_per_executed_route_node
1966,523020.920497467,5697164.290406496,50.0,1.0,0.058804226750892974,ground_equivalent_excess_gamma_dose_rate,uSv/h,one_noise_free_measurement_per_executed_route_node
1967,523000.920497467,5697164.290406496,50.0,1.0,0.056866121538893755,ground_equivalent_excess_gamma_dose_rate,uSv/h,one_noise_free_measurement_per_executed_route_node
1968,523020.920497467,5697164.290406496,50.0,1.0,0.058804226750892974,ground_equivalent_excess_gamma_dose_rate,uSv/h,one_noise_free_measurement_per_executed_route_node
1969,523020.920497467,5697144.290406496,50.0,1.0,0.06194378858761529,ground_equivalent_excess_gamma_dose_rate,uSv/h,one_noise_free_measurement_per_executed_route_node
1970,523000.920497467,5697144.290406496,50.0,1.0,0.05979698530647254,ground_equivalent_excess_gamma_dose_rate,uSv/h,one_noise_free_measurement_per_executed_route_node
1971,523000.920497467,5697164.290406496,50.0,1.0,0.056866121538893755,ground_equivalent_excess_gamma_dose_rate,uSv/h,one_noise_free_measurement_per_executed_route_node
1972,523020.920497467,5697144.290406496,50.0,1.0,0.06194378858761529,ground_equivalent_excess_gamma_dose_rate,uSv/h,one_noise_free_measurement_per_executed_route_node
1973,523020.920497467,5697124.290406496,50.0,1.0,0.06530076163204662,ground_equivalent_excess_gamma_dose_rate,uSv/h,one_noise_free_measurement_per_executed_route_node
1974,523020.920497467,5697144.290406496,50.0,1.0,0.06194378858761529,ground_equivalent_excess_gamma_dose_rate,uSv/h,one_noise_free_measurement_per_executed_route_node
1975,523020.920497467,5697164.290406496,50.0,1.0,0.058804226750892974,ground_equivalent_excess_gamma_dose_rate,uSv/h,one_noise_free_measurement_per_executed_route_node
1976,523000.920497467,5697184.290406496,50.0,1.0,0.054115264775169813,ground_equivalent_excess_gamma_dose_rate,uSv/h,one_noise_free_measurement_per_executed_route_node
1977,523000.920497467,5697204.290406496,50.0,1.0,0.05153314735417286,ground_equivalent_excess_gamma_dose_rate,uSv/h,one_noise_free_measurement_per_executed_route_node
1978,523000.920497467,5697224.290406496,50.0,1.0,0.04910892455798113,ground_equivalent_excess_gamma_dose_rate,uSv/h,one_noise_free_measurement_per_executed_route_node
1979,522980.9204974669,5697244.290406496,50.0,1.0,0.04552823583125368,ground_equivalent_excess_gamma_dose_rate,uSv/h,one_noise_free_measurement_per_executed_route_node
1980,523000.920497467,5697244.290406496,50.0,1.0,0.046832245434859754,ground_equivalent_excess_gamma_dose_rate,uSv/h,one_noise_free_measurement_per_executed_route_node
1981,522980.9204974669,5697224.290406496,50.0,1.0,0.04767698657834263,ground_equivalent_excess_gamma_dose_rate,uSv/h,one_noise_free_measurement_per_executed_route_node
1982,523000.920497467,5697224.290406496,50.0,1.0,0.04910892455798113,ground_equivalent_excess_gamma_dose_rate,uSv/h,one_noise_free_measurement_per_executed_route_node
1983,523020.920497467,5697204.290406496,50.0,1.0,0.053119711261144065,ground_equivalent_excess_gamma_dose_rate,uSv/h,one_noise_free_measurement_per_executed_route_node
1984,523020.920497467,5697224.290406496,50.0,1.0,0.05054764545347734,ground_equivalent_excess_gamma_dose_rate,uSv/h,one_noise_free_measurement_per_executed_route_node
1985,523000.920497467,5697224.290406496,50.0,1.0,0.04910892455798113,ground_equivalent_excess_gamma_dose_rate,uSv/h,one_noise_free_measurement_per_executed_route_node
1986,523020.920497467,5697244.290406496,50.0,1.0,0.04813888623839416,ground_equivalent_excess_gamma_dose_rate,uSv/h,one_noise_free_measurement_per_executed_route_node
1987,523040.920497467,5697244.290406496,50.0,1.0,0.049442182534811335,ground_equivalent_excess_gamma_dose_rate,uSv/h,one_noise_free_measurement_per_executed_route_node
1988,523060.920497467,5697244.290406496,50.0,1.0,0.050735507727774465,ground_equivalent_excess_gamma_dose_rate,uSv/h,one_noise_free_measurement_per_executed_route_node
1989,523080.920497467,5697264.290406496,50.0,1.0,0.04938663979294619,ground_equivalent_excess_gamma_dose_rate,uSv/h,one_noise_free_measurement_per_executed_route_node
1990,523060.920497467,5697264.290406496,50.0,1.0,0.04823467467666784,ground_equivalent_excess_gamma_dose_rate,uSv/h,one_noise_free_measurement_per_executed_route_node
1991,523040.920497467,5697264.290406496,50.0,1.0,0.04706423653834452,ground_equivalent_excess_gamma_dose_rate,uSv/h,one_noise_free_measurement_per_executed_route_node
1992,523060.920497467,5697244.290406496,50.0,1.0,0.050735507727774465,ground_equivalent_excess_gamma_dose_rate,uSv/h,one_noise_free_measurement_per_executed_route_node
1993,523080.920497467,5697264.290406496,50.0,1.0,0.04938663979294619,ground_equivalent_excess_gamma_dose_rate,uSv/h,one_noise_free_measurement_per_executed_route_node
1994,523080.920497467,5697284.290406496,50.0,1.0,0.046943281723658886,ground_equivalent_excess_gamma_dose_rate,uSv/h,one_noise_free_measurement_per_executed_route_node
1995,523080.920497467,5697264.290406496,50.0,1.0,0.04938663979294619,ground_equivalent_excess_gamma_dose_rate,uSv/h,one_noise_free_measurement_per_executed_route_node
1996,523060.920497467,5697264.290406496,50.0,1.0,0.04823467467666784,ground_equivalent_excess_gamma_dose_rate,uSv/h,one_noise_free_measurement_per_executed_route_node
1997,523080.920497467,5697244.290406496,50.0,1.0,0.05201160193411236,ground_equivalent_excess_gamma_dose_rate,uSv/h,one_noise_free_measurement_per_executed_route_node
1998,523060.920497467,5697264.290406496,50.0,1.0,0.04823467467666784,ground_equivalent_excess_gamma_dose_rate,uSv/h,one_noise_free_measurement_per_executed_route_node
1999,523040.920497467,5697244.290406496,50.0,1.0,0.049442182534811335,ground_equivalent_excess_gamma_dose_rate,uSv/h,one_noise_free_measurement_per_executed_route_node
2000,523020.920497467,5697264.290406496,50.0,1.0,0.045881791735497945,ground_equivalent_excess_gamma_dose_rate,uSv/h,one_noise_free_measurement_per_executed_route_node
2001,523000.920497467,5697284.290406496,50.0,1.0,0.04268281573743832,ground_equivalent_excess_gamma_dose_rate,uSv/h,one_noise_free_measurement_per_executed_route_node
2002,523000.920497467,5697264.290406496,50.0,1.0,0.044693295140916606,ground_equivalent_excess_gamma_dose_rate,uSv/h,one_noise_free_measurement_per_executed_route_node
2003,523000.920497467,5697244.290406496,50.0,1.0,0.046832245434859754,ground_equivalent_excess_gamma_dose_rate,uSv/h,one_noise_free_measurement_per_executed_route_node
2004,522980.9204974669,5697264.290406496,50.0,1.0,0.04350416816612704,ground_equivalent_excess_gamma_dose_rate,uSv/h,one_noise_free_measurement_per_executed_route_node
2005,523000.920497467,5697244.290406496,50.0,1.0,0.046832245434859754,ground_equivalent_excess_gamma_dose_rate,uSv/h,one_noise_free_measurement_per_executed_route_node
2006,523020.920497467,5697264.290406496,50.0,1.0,0.045881791735497945,ground_equivalent_excess_gamma_dose_rate,uSv/h,one_noise_free_measurement_per_executed_route_node
2007,523020.920497467,5697284.290406496,50.0,1.0,0.04376549572841995,ground_equivalent_excess_gamma_dose_rate,uSv/h,one_noise_free_measurement_per_executed_route_node
2008,523040.920497467,5697304.290406496,50.0,1.0,0.04275810433460922,ground_equivalent_excess_gamma_dose_rate,uSv/h,one_noise_free_measurement_per_executed_route_node
2009,523060.920497467,5697304.290406496,50.0,1.0,0.04372196942640061,ground_equivalent_excess_gamma_dose_rate,uSv/h,one_noise_free_measurement_per_executed_route_node
2010,523080.920497467,5697324.290406496,50.0,1.0,0.042542101585924585,ground_equivalent_excess_gamma_dose_rate,uSv/h,one_noise_free_measurement_per_executed_route_node
2011,523060.920497467,5697304.290406496,50.0,1.0,0.04372196942640061,ground_equivalent_excess_gamma_dose_rate,uSv/h,one_noise_free_measurement_per_executed_route_node
2012,523080.920497467,5697284.290406496,50.0,1.0,0.046943281723658886,ground_equivalent_excess_gamma_dose_rate,uSv/h,one_noise_free_measurement_per_executed_route_node
2013,523060.920497467,5697264.290406496,50.0,1.0,0.04823467467666784,ground_equivalent_excess_gamma_dose_rate,uSv/h,one_noise_free_measurement_per_executed_route_node
2014,523040.920497467,5697284.290406496,50.0,1.0,0.044840098355712565,ground_equivalent_excess_gamma_dose_rate,uSv/h,one_noise_free_measurement_per_executed_route_node
2015,523060.920497467,5697284.290406496,50.0,1.0,0.04590127929118201,ground_equivalent_excess_gamma_dose_rate,uSv/h,one_noise_free_measurement_per_executed_route_node
2016,523080.920497467,5697264.290406496,50.0,1.0,0.04938663979294619,ground_equivalent_excess_gamma_dose_rate,uSv/h,one_noise_free_measurement_per_executed_route_node
2017,523100.920497467,5697244.290406496,50.0,1.0,0.05326260876723515,ground_equivalent_excess_gamma_dose_rate,uSv/h,one_noise_free_measurement_per_executed_route_node
2018,523080.920497467,5697264.290406496,50.0,1.0,0.04938663979294619,ground_equivalent_excess_gamma_dose_rate,uSv/h,one_noise_free_measurement_per_executed_route_node
2019,523080.920497467,5697244.290406496,50.0,1.0,0.05201160193411236,ground_equivalent_excess_gamma_dose_rate,uSv/h,one_noise_free_measurement_per_executed_route_node
2020,523100.920497467,5697244.290406496,50.0,1.0,0.05326260876723515,ground_equivalent_excess_gamma_dose_rate,uSv/h,one_noise_free_measurement_per_executed_route_node
2021,523120.920497467,5697244.290406496,50.0,1.0,0.054480133726267255,ground_equivalent_excess_gamma_dose_rate,uSv/h,one_noise_free_measurement_per_executed_route_node
2022,523140.920497467,5697264.290406496,50.0,1.0,0.052660281806965026,ground_equivalent_excess_gamma_dose_rate,uSv/h,one_noise_free_measurement_per_executed_route_node
2023,523140.920497467,5697244.290406496,50.0,1.0,0.055655326077584444,ground_equivalent_excess_gamma_dose_rate,uSv/h,one_noise_free_measurement_per_executed_route_node
2024,523140.920497467,5697224.290406496,50.0,1.0,0.058900374709131675,ground_equivalent_excess_gamma_dose_rate,uSv/h,one_noise_free_measurement_per_executed_route_node
2025,523160.920497467,5697204.290406496,50.0,1.0,0.06383932242451062,ground_equivalent_excess_gamma_dose_rate,uSv/h,one_noise_free_measurement_per_executed_route_node
2026,523180.920497467,5697204.290406496,50.0,1.0,0.0651858856368962,ground_equivalent_excess_gamma_dose_rate,uSv/h,one_noise_free_measurement_per_executed_route_node
2027,523200.920497467,5697184.290406496,50.0,1.0,0.07080523140787859,ground_equivalent_excess_gamma_dose_rate,uSv/h,one_noise_free_measurement_per_executed_route_node
2028,523180.920497467,5697184.290406496,50.0,1.0,0.06937298723278507,ground_equivalent_excess_gamma_dose_rate,uSv/h,one_noise_free_measurement_per_executed_route_node
2029,523200.920497467,5697184.290406496,50.0,1.0,0.07080523140787859,ground_equivalent_excess_gamma_dose_rate,uSv/h,one_noise_free_measurement_per_executed_route_node
2030,523200.920497467,5697164.290406496,50.0,1.0,0.07558956876035766,ground_equivalent_excess_gamma_dose_rate,uSv/h,one_noise_free_measurement_per_executed_route_node
2031,523220.920497467,5697164.290406496,50.0,1.0,0.07710245167017743,ground_equivalent_excess_gamma_dose_rate,uSv/h,one_noise_free_measurement_per_executed_route_node
2032,523220.920497467,5697144.290406496,50.0,1.0,0.08259108330033532,ground_equivalent_excess_gamma_dose_rate,uSv/h,one_noise_free_measurement_per_executed_route_node
2033,523220.920497467,5697124.290406496,50.0,1.0,0.08866873065361236,ground_equivalent_excess_gamma_dose_rate,uSv/h,one_noise_free_measurement_per_executed_route_node
2034,523220.920497467,5697104.290406496,50.0,1.0,0.09541965298835331,ground_equivalent_excess_gamma_dose_rate,uSv/h,one_noise_free_measurement_per_executed_route_node
2035,523240.920497467,5697084.290406496,50.0,1.0,0.10541265170158126,ground_equivalent_excess_gamma_dose_rate,uSv/h,one_noise_free_measurement_per_executed_route_node
2036,523220.920497467,5697064.290406496,50.0,1.0,0.11135611792432126,ground_equivalent_excess_gamma_dose_rate,uSv/h,one_noise_free_measurement_per_executed_route_node
2037,523240.920497467,5697084.290406496,50.0,1.0,0.10541265170158126,ground_equivalent_excess_gamma_dose_rate,uSv/h,one_noise_free_measurement_per_executed_route_node
2038,523260.920497467,5697064.290406496,50.0,1.0,0.11686293204634673,ground_equivalent_excess_gamma_dose_rate,uSv/h,one_noise_free_measurement_per_executed_route_node
2039,523260.920497467,5697084.290406496,50.0,1.0,0.10763167901819681,ground_equivalent_excess_gamma_dose_rate,uSv/h,one_noise_free_measurement_per_executed_route_node
2040,523280.920497467,5697104.290406496,50.0,1.0,0.10107877217021488,ground_equivalent_excess_gamma_dose_rate,uSv/h,one_noise_free_measurement_per_executed_route_node
2041,523280.920497467,5697124.290406496,50.0,1.0,0.09353499466089576,ground_equivalent_excess_gamma_dose_rate,uSv/h,one_noise_free_measurement_per_executed_route_node
2042,523280.920497467,5697144.290406496,50.0,1.0,0.08679728763079514,ground_equivalent_excess_gamma_dose_rate,uSv/h,one_noise_free_measurement_per_executed_route_node
2043,523260.920497467,5697124.290406496,50.0,1.0,0.09212541320117368,ground_equivalent_excess_gamma_dose_rate,uSv/h,one_noise_free_measurement_per_executed_route_node
2044,523280.920497467,5697104.290406496,50.0,1.0,0.10107877217021488,ground_equivalent_excess_gamma_dose_rate,uSv/h,one_noise_free_measurement_per_executed_route_node
2045,523260.920497467,5697124.290406496,50.0,1.0,0.09212541320117368,ground_equivalent_excess_gamma_dose_rate,uSv/h,one_noise_free_measurement_per_executed_route_node
2046,523280.920497467,5697124.290406496,50.0,1.0,0.09353499466089576,ground_equivalent_excess_gamma_dose_rate,uSv/h,one_noise_free_measurement_per_executed_route_node
2047,523260.920497467,5697104.290406496,50.0,1.0,0.09943464915903372,ground_equivalent_excess_gamma_dose_rate,uSv/h,one_noise_free_measurement_per_executed_route_node
2048,523280.920497467,5697104.290406496,50.0,1.0,0.10107877217021488,ground_equivalent_excess_gamma_dose_rate,uSv/h,one_noise_free_measurement_per_executed_route_node
2049,523280.920497467,5697124.290406496,50.0,1.0,0.09353499466089576,ground_equivalent_excess_gamma_dose_rate,uSv/h,one_noise_free_measurement_per_executed_route_node
2050,523280.920497467,5697144.290406496,50.0,1.0,0.08679728763079514,ground_equivalent_excess_gamma_dose_rate,uSv/h,one_noise_free_measurement_per_executed_route_node
2051,523260.920497467,5697144.290406496,50.0,1.0,0.085582148674746,ground_equivalent_excess_gamma_dose_rate,uSv/h,one_noise_free_measurement_per_executed_route_node
2052,523260.920497467,5697124.290406496,50.0,1.0,0.09212541320117368,ground_equivalent_excess_gamma_dose_rate,uSv/h,one_noise_free_measurement_per_executed_route_node
2053,523280.920497467,5697104.290406496,50.0,1.0,0.10107877217021488,ground_equivalent_excess_gamma_dose_rate,uSv/h,one_noise_free_measurement_per_executed_route_node
2054,523300.920497467,5697084.290406496,50.0,1.0,0.11116323326122218,ground_equivalent_excess_gamma_dose_rate,uSv/h,one_noise_free_measurement_per_executed_route_node
2055,523320.920497467,5697064.290406496,50.0,1.0,0.12251469659542386,ground_equivalent_excess_gamma_dose_rate,uSv/h,one_noise_free_measurement_per_executed_route_node
2056,523340.920497467,5697044.290406496,50.0,1.0,0.13526689181655,ground_equivalent_excess_gamma_dose_rate,uSv/h,one_noise_free_measurement_per_executed_route_node
2057,523320.920497467,5697044.290406496,50.0,1.0,0.13404152937437286,ground_equivalent_excess_gamma_dose_rate,uSv/h,one_noise_free_measurement_per_executed_route_node
2058,523300.920497467,5697024.290406496,50.0,1.0,0.1451369280660591,ground_equivalent_excess_gamma_dose_rate,uSv/h,one_noise_free_measurement_per_executed_route_node
2059,523320.920497467,5697004.290406496,50.0,1.0,0.16253420178954353,ground_equivalent_excess_gamma_dose_rate,uSv/h,one_noise_free_measurement_per_executed_route_node
2060,523340.920497467,5696984.290406497,50.0,1.0,0.18251315261422407,ground_equivalent_excess_gamma_dose_rate,uSv/h,one_noise_free_measurement_per_executed_route_node
2061,523340.920497467,5696964.290406497,50.0,1.0,0.2038675480961502,ground_equivalent_excess_gamma_dose_rate,uSv/h,one_noise_free_measurement_per_executed_route_node
2062,523360.920497467,5696984.290406497,50.0,1.0,0.1837061879892779,ground_equivalent_excess_gamma_dose_rate,uSv/h,one_noise_free_measurement_per_executed_route_node
2063,523340.920497467,5697004.290406496,50.0,1.0,0.16433938001658693,ground_equivalent_excess_gamma_dose_rate,uSv/h,one_noise_free_measurement_per_executed_route_node
2064,523360.920497467,5697024.290406496,50.0,1.0,0.14953722702831623,ground_equivalent_excess_gamma_dose_rate,uSv/h,one_noise_free_measurement_per_executed_route_node
2065,523380.920497467,5697024.290406496,50.0,1.0,0.14961737762200616,ground_equivalent_excess_gamma_dose_rate,uSv/h,one_noise_free_measurement_per_executed_route_node
2066,523360.920497467,5697004.290406496,50.0,1.0,0.16530602207738754,ground_equivalent_excess_gamma_dose_rate,uSv/h,one_noise_free_measurement_per_executed_route_node
2067,523380.920497467,5697024.290406496,50.0,1.0,0.14961737762200616,ground_equivalent_excess_gamma_dose_rate,uSv/h,one_noise_free_measurement_per_executed_route_node
2068,523360.920497467,5697024.290406496,50.0,1.0,0.14953722702831623,ground_equivalent_excess_gamma_dose_rate,uSv/h,one_noise_free_measurement_per_executed_route_node
2069,523340.920497467,5697044.290406496,50.0,1.0,0.13526689181655,ground_equivalent_excess_gamma_dose_rate,uSv/h,one_noise_free_measurement_per_executed_route_node
2070,523320.920497467,5697044.290406496,50.0,1.0,0.13404152937437286,ground_equivalent_excess_gamma_dose_rate,uSv/h,one_noise_free_measurement_per_executed_route_node
2071,523300.920497467,5697044.290406496,50.0,1.0,0.13227588720240457,ground_equivalent_excess_gamma_dose_rate,uSv/h,one_noise_free_measurement_per_executed_route_node
2072,523280.920497467,5697044.290406496,50.0,1.0,0.13001298773231895,ground_equivalent_excess_gamma_dose_rate,uSv/h,one_noise_free_measurement_per_executed_route_node
2073,523300.920497467,5697024.290406496,50.0,1.0,0.1451369280660591,ground_equivalent_excess_gamma_dose_rate,uSv/h,one_noise_free_measurement_per_executed_route_node
2074,523320.920497467,5697024.290406496,50.0,1.0,0.14726536696010545,ground_equivalent_excess_gamma_dose_rate,uSv/h,one_noise_free_measurement_per_executed_route_node
2075,523300.920497467,5697044.290406496,50.0,1.0,0.13227588720240457,ground_equivalent_excess_gamma_dose_rate,uSv/h,one_noise_free_measurement_per_executed_route_node
2076,523280.920497467,5697024.290406496,50.0,1.0,0.14241712179837346,ground_equivalent_excess_gamma_dose_rate,uSv/h,one_noise_free_measurement_per_executed_route_node
2077,523280.920497467,5697004.290406496,50.0,1.0,0.15664857192102183,ground_equivalent_excess_gamma_dose_rate,uSv/h,one_noise_free_measurement_per_executed_route_node
2078,523280.920497467,5697024.290406496,50.0,1.0,0.14241712179837346,ground_equivalent_excess_gamma_dose_rate,uSv/h,one_noise_free_measurement_per_executed_route_node
2079,523300.920497467,5697024.290406496,50.0,1.0,0.1451369280660591,ground_equivalent_excess_gamma_dose_rate,uSv/h,one_noise_free_measurement_per_executed_route_node
2080,523320.920497467,5697044.290406496,50.0,1.0,0.13404152937437286,ground_equivalent_excess_gamma_dose_rate,uSv/h,one_noise_free_measurement_per_executed_route_node
2081,523340.920497467,5697044.290406496,50.0,1.0,0.13526689181655,ground_equivalent_excess_gamma_dose_rate,uSv/h,one_noise_free_measurement_per_executed_route_node
2082,523320.920497467,5697064.290406496,50.0,1.0,0.12251469659542386,ground_equivalent_excess_gamma_dose_rate,uSv/h,one_noise_free_measurement_per_executed_route_node
2083,523340.920497467,5697084.290406496,50.0,1.0,0.11326804602007862,ground_equivalent_excess_gamma_dose_rate,uSv/h,one_noise_free_measurement_per_executed_route_node
2084,523320.920497467,5697104.290406496,50.0,1.0,0.10349706983461304,ground_equivalent_excess_gamma_dose_rate,uSv/h,one_noise_free_measurement_per_executed_route_node
2085,523340.920497467,5697084.290406496,50.0,1.0,0.11326804602007862,ground_equivalent_excess_gamma_dose_rate,uSv/h,one_noise_free_measurement_per_executed_route_node
2086,523360.920497467,5697084.290406496,50.0,1.0,0.11372640324541655,ground_equivalent_excess_gamma_dose_rate,uSv/h,one_noise_free_measurement_per_executed_route_node
2087,523360.920497467,5697064.290406496,50.0,1.0,0.124083007387503,ground_equivalent_excess_gamma_dose_rate,uSv/h,one_noise_free_measurement_per_executed_route_node
2088,523380.920497467,5697044.290406496,50.0,1.0,0.13598731230120448,ground_equivalent_excess_gamma_dose_rate,uSv/h,one_noise_free_measurement_per_executed_route_node
2089,523360.920497467,5697064.290406496,50.0,1.0,0.124083007387503,ground_equivalent_excess_gamma_dose_rate,uSv/h,one_noise_free_measurement_per_executed_route_node
2090,523360.920497467,5697044.290406496,50.0,1.0,0.13592109665185498,ground_equivalent_excess_gamma_dose_rate,uSv/h,one_noise_free_measurement_per_executed_route_node
2091,523340.920497467,5697064.290406496,50.0,1.0,0.12353756771104674,ground_equivalent_excess_gamma_dose_rate,uSv/h,one_noise_free_measurement_per_executed_route_node
2092,523360.920497467,5697064.290406496,50.0,1.0,0.124083007387503,ground_equivalent_excess_gamma_dose_rate,uSv/h,one_noise_free_measurement_per_executed_route_node
2093,523380.920497467,5697044.290406496,50.0,1.0,0.13598731230120448,ground_equivalent_excess_gamma_dose_rate,uSv/h,one_noise_free_measurement_per_executed_route_node
2094,523360.920497467,5697024.290406496,50.0,1.0,0.14953722702831623,ground_equivalent_excess_gamma_dose_rate,uSv/h,one_noise_free_measurement_per_executed_route_node
2095,523340.920497467,5697044.290406496,50.0,1.0,0.13526689181655,ground_equivalent_excess_gamma_dose_rate,uSv/h,one_noise_free_measurement_per_executed_route_node
2096,523340.920497467,5697064.290406496,50.0,1.0,0.12353756771104674,ground_equivalent_excess_gamma_dose_rate,uSv/h,one_noise_free_measurement_per_executed_route_node
2097,523320.920497467,5697084.290406496,50.0,1.0,0.11240757417654945,ground_equivalent_excess_gamma_dose_rate,uSv/h,one_noise_free_measurement_per_executed_route_node
2098,523300.920497467,5697084.290406496,50.0,1.0,0.11116323326122218,ground_equivalent_excess_gamma_dose_rate,uSv/h,one_noise_free_measurement_per_executed_route_node
2099,523280.920497467,5697104.290406496,50.0,1.0,0.10107877217021488,ground_equivalent_excess_gamma_dose_rate,uSv/h,one_noise_free_measurement_per_executed_route_node
2100,523260.920497467,5697104.290406496,50.0,1.0,0.09943464915903372,ground_equivalent_excess_gamma_dose_rate,uSv/h,one_noise_free_measurement_per_executed_route_node
2101,523280.920497467,5697084.290406496,50.0,1.0,0.1095606754327288,ground_equivalent_excess_gamma_dose_rate,uSv/h,one_noise_free_measurement_per_executed_route_node
2102,523300.920497467,5697064.290406496,50.0,1.0,0.12103799566667495,ground_equivalent_excess_gamma_dose_rate,uSv/h,one_noise_free_measurement_per_executed_route_node
2103,523300.920497467,5697044.290406496,50.0,1.0,0.13227588720240457,ground_equivalent_excess_gamma_dose_rate,uSv/h,one_noise_free_measurement_per_executed_route_node
2104,523320.920497467,5697064.290406496,50.0,1.0,0.12251469659542386,ground_equivalent_excess_gamma_dose_rate,uSv/h,one_noise_free_measurement_per_executed_route_node
2105,523300.920497467,5697084.290406496,50.0,1.0,0.11116323326122218,ground_equivalent_excess_gamma_dose_rate,uSv/h,one_noise_free_measurement_per_executed_route_node
2106,523300.920497467,5697064.290406496,50.0,1.0,0.12103799566667495,ground_equivalent_excess_gamma_dose_rate,uSv/h,one_noise_free_measurement_per_executed_route_node
2107,523300.920497467,5697084.290406496,50.0,1.0,0.11116323326122218,ground_equivalent_excess_gamma_dose_rate,uSv/h,one_noise_free_measurement_per_executed_route_node
2108,523300.920497467,5697064.290406496,50.0,1.0,0.12103799566667495,ground_equivalent_excess_gamma_dose_rate,uSv/h,one_noise_free_measurement_per_executed_route_node
2109,523320.920497467,5697064.290406496,50.0,1.0,0.12251469659542386,ground_equivalent_excess_gamma_dose_rate,uSv/h,one_noise_free_measurement_per_executed_route_node
2110,523320.920497467,5697044.290406496,50.0,1.0,0.13404152937437286,ground_equivalent_excess_gamma_dose_rate,uSv/h,one_noise_free_measurement_per_executed_route_node
2111,523340.920497467,5697024.290406496,50.0,1.0,0.14874576641788223,ground_equivalent_excess_gamma_dose_rate,uSv/h,one_noise_free_measurement_per_executed_route_node
2112,523320.920497467,5697044.290406496,50.0,1.0,0.13404152937437286,ground_equivalent_excess_gamma_dose_rate,uSv/h,one_noise_free_measurement_per_executed_route_node
2113,523340.920497467,5697064.290406496,50.0,1.0,0.12353756771104674,ground_equivalent_excess_gamma_dose_rate,uSv/h,one_noise_free_measurement_per_executed_route_node
2114,523360.920497467,5697084.290406496,50.0,1.0,0.11372640324541655,ground_equivalent_excess_gamma_dose_rate,uSv/h,one_noise_free_measurement_per_executed_route_node
2115,523380.920497467,5697104.290406496,50.0,1.0,0.10465328198966328,ground_equivalent_excess_gamma_dose_rate,uSv/h,one_noise_free_measurement_per_executed_route_node
2116,523380.920497467,5697084.290406496,50.0,1.0,0.11377275593774216,ground_equivalent_excess_gamma_dose_rate,uSv/h,one_noise_free_measurement_per_executed_route_node
2117,523360.920497467,5697064.290406496,50.0,1.0,0.124083007387503,ground_equivalent_excess_gamma_dose_rate,uSv/h,one_noise_free_measurement_per_executed_route_node
2118,523380.920497467,5697084.290406496,50.0,1.0,0.11377275593774216,ground_equivalent_excess_gamma_dose_rate,uSv/h,one_noise_free_measurement_per_executed_route_node
2119,523400.920497467,5697104.290406496,50.0,1.0,0.10434296663514675,ground_equivalent_excess_gamma_dose_rate,uSv/h,one_noise_free_measurement_per_executed_route_node
2120,523420.920497467,5697084.290406496,50.0,1.0,0.11263435788333781,ground_equivalent_excess_gamma_dose_rate,uSv/h,one_noise_free_measurement_per_executed_route_node
2121,523400.920497467,5697064.290406496,50.0,1.0,0.12370180498197547,ground_equivalent_excess_gamma_dose_rate,uSv/h,one_noise_free_measurement_per_executed_route_node
2122,523380.920497467,5697084.290406496,50.0,1.0,0.11377275593774216,ground_equivalent_excess_gamma_dose_rate,uSv/h,one_noise_free_measurement_per_executed_route_node
2123,523360.920497467,5697064.290406496,50.0,1.0,0.124083007387503,ground_equivalent_excess_gamma_dose_rate,uSv/h,one_noise_free_measurement_per_executed_route_node
2124,523340.920497467,5697044.290406496,50.0,1.0,0.13526689181655,ground_equivalent_excess_gamma_dose_rate,uSv/h,one_noise_free_measurement_per_executed_route_node
2125,523360.920497467,5697064.290406496,50.0,1.0,0.124083007387503,ground_equivalent_excess_gamma_dose_rate,uSv/h,one_noise_free_measurement_per_executed_route_node
2126,523340.920497467,5697064.290406496,50.0,1.0,0.12353756771104674,ground_equivalent_excess_gamma_dose_rate,uSv/h,one_noise_free_measurement_per_executed_route_node
2127,523320.920497467,5697044.290406496,50.0,1.0,0.13404152937437286,ground_equivalent_excess_gamma_dose_rate,uSv/h,one_noise_free_measurement_per_executed_route_node
2128,523300.920497467,5697064.290406496,50.0,1.0,0.12103799566667495,ground_equivalent_excess_gamma_dose_rate,uSv/h,one_noise_free_measurement_per_executed_route_node
2129,523320.920497467,5697044.290406496,50.0,1.0,0.13404152937437286,ground_equivalent_excess_gamma_dose_rate,uSv/h,one_noise_free_measurement_per_executed_route_node
2130,523340.920497467,5697044.290406496,50.0,1.0,0.13526689181655,ground_equivalent_excess_gamma_dose_rate,uSv/h,one_noise_free_measurement_per_executed_route_node
2131,523360.920497467,5697064.290406496,50.0,1.0,0.124083007387503,ground_equivalent_excess_gamma_dose_rate,uSv/h,one_noise_free_measurement_per_executed_route_node
2132,523360.920497467,5697044.290406496,50.0,1.0,0.13592109665185498,ground_equivalent_excess_gamma_dose_rate,uSv/h,one_noise_free_measurement_per_executed_route_node
2133,523340.920497467,5697064.290406496,50.0,1.0,0.12353756771104674,ground_equivalent_excess_gamma_dose_rate,uSv/h,one_noise_free_measurement_per_executed_route_node
2134,523340.920497467,5697084.290406496,50.0,1.0,0.11326804602007862,ground_equivalent_excess_gamma_dose_rate,uSv/h,one_noise_free_measurement_per_executed_route_node
2135,523320.920497467,5697084.290406496,50.0,1.0,0.11240757417654945,ground_equivalent_excess_gamma_dose_rate,uSv/h,one_noise_free_measurement_per_executed_route_node
2136,523340.920497467,5697104.290406496,50.0,1.0,0.10422608769811753,ground_equivalent_excess_gamma_dose_rate,uSv/h,one_noise_free_measurement_per_executed_route_node
2137,523320.920497467,5697104.290406496,50.0,1.0,0.10349706983461304,ground_equivalent_excess_gamma_dose_rate,uSv/h,one_noise_free_measurement_per_executed_route_node
2138,523300.920497467,5697104.290406496,50.0,1.0,0.10244126024368694,ground_equivalent_excess_gamma_dose_rate,uSv/h,one_noise_free_measurement_per_executed_route_node
2139,523320.920497467,5697124.290406496,50.0,1.0,0.09560210337339392,ground_equivalent_excess_gamma_dose_rate,uSv/h,one_noise_free_measurement_per_executed_route_node
2140,523300.920497467,5697144.290406496,50.0,1.0,0.08780005170123883,ground_equivalent_excess_gamma_dose_rate,uSv/h,one_noise_free_measurement_per_executed_route_node
2141,523300.920497467,5697164.290406496,50.0,1.0,0.08162314780025526,ground_equivalent_excess_gamma_dose_rate,uSv/h,one_noise_free_measurement_per_executed_route_node
2142,523300.920497467,5697184.290406496,50.0,1.0,0.0760725960355052,ground_equivalent_excess_gamma_dose_rate,uSv/h,one_noise_free_measurement_per_executed_route_node
2143,523280.920497467,5697204.290406496,50.0,1.0,0.07040849222723777,ground_equivalent_excess_gamma_dose_rate,uSv/h,one_noise_free_measurement_per_executed_route_node
2144,523280.920497467,5697184.290406496,50.0,1.0,0.07531867003868359,ground_equivalent_excess_gamma_dose_rate,uSv/h,one_noise_free_measurement_per_executed_route_node
2145,523260.920497467,5697184.290406496,50.0,1.0,0.074401977439223,ground_equivalent_excess_gamma_dose_rate,uSv/h,one_noise_free_measurement_per_executed_route_node
2146,523260.920497467,5697204.290406496,50.0,1.0,0.06960678969979667,ground_equivalent_excess_gamma_dose_rate,uSv/h,one_noise_free_measurement_per_executed_route_node
2147,523280.920497467,5697204.290406496,50.0,1.0,0.07040849222723777,ground_equivalent_excess_gamma_dose_rate,uSv/h,one_noise_free_measurement_per_executed_route_node
2148,523300.920497467,5697184.290406496,50.0,1.0,0.0760725960355052,ground_equivalent_excess_gamma_dose_rate,uSv/h,one_noise_free_measurement_per_executed_route_node
2149,523320.920497467,5697164.290406496,50.0,1.0,0.08229203638540172,ground_equivalent_excess_gamma_dose_rate,uSv/h,one_noise_free_measurement_per_executed_route_node
2150,523320.920497467,5697184.290406496,50.0,1.0,0.0766532824019715,ground_equivalent_excess_gamma_dose_rate,uSv/h,one_noise_free_measurement_per_executed_route_node
2151,523320.920497467,5697164.290406496,50.0,1.0,0.08229203638540172,ground_equivalent_excess_gamma_dose_rate,uSv/h,one_noise_free_measurement_per_executed_route_node
2152,523300.920497467,5697144.290406496,50.0,1.0,0.08780005170123883,ground_equivalent_excess_gamma_dose_rate,uSv/h,one_noise_free_measurement_per_executed_route_node
2153,523300.920497467,5697164.290406496,50.0,1.0,0.08162314780025526,ground_equivalent_excess_gamma_dose_rate,uSv/h,one_noise_free_measurement_per_executed_route_node
2154,523320.920497467,5697144.290406496,50.0,1.0,0.08857448864289857,ground_equivalent_excess_gamma_dose_rate,uSv/h,one_noise_free_measurement_per_executed_route_node
2155,523320.920497467,5697164.290406496,50.0,1.0,0.08229203638540172,ground_equivalent_excess_gamma_dose_rate,uSv/h,one_noise_free_measurement_per_executed_route_node
2156,523340.920497467,5697164.290406496,50.0,1.0,0.08275226261448831,ground_equivalent_excess_gamma_dose_rate,uSv/h,one_noise_free_measurement_per_executed_route_node
2157,523360.920497467,5697184.290406496,50.0,1.0,0.07726428233550275,ground_equivalent_excess_gamma_dose_rate,uSv/h,one_noise_free_measurement_per_executed_route_node
2158,523380.920497467,5697184.290406496,50.0,1.0,0.07728567442260625,ground_equivalent_excess_gamma_dose_rate,uSv/h,one_noise_free_measurement_per_executed_route_node
2159,523380.920497467,5697204.290406496,50.0,1.0,0.07212446880557949,ground_equivalent_excess_gamma_dose_rate,uSv/h,one_noise_free_measurement_per_executed_route_node
2160,523380.920497467,5697224.290406496,50.0,1.0,0.06746349257572298,ground_equivalent_excess_gamma_dose_rate,uSv/h,one_noise_free_measurement_per_executed_route_node
2161,523380.920497467,5697204.290406496,50.0,1.0,0.07212446880557949,ground_equivalent_excess_gamma_dose_rate,uSv/h,one_noise_free_measurement_per_executed_route_node
2162,523400.920497467,5697224.290406496,50.0,1.0,0.06733440243821592,ground_equivalent_excess_gamma_dose_rate,uSv/h,one_noise_free_measurement_per_executed_route_node
2163,523380.920497467,5697244.290406496,50.0,1.0,0.06324013339053319,ground_equivalent_excess_gamma_dose_rate,uSv/h,one_noise_free_measurement_per_executed_route_node
2164,523360.920497467,5697224.290406496,50.0,1.0,0.06744719180738878,ground_equivalent_excess_gamma_dose_rate,uSv/h,one_noise_free_measurement_per_executed_route_node
2165,523340.920497467,5697204.290406496,50.0,1.0,0.07192130966508775,ground_equivalent_excess_gamma_dose_rate,uSv/h,one_noise_free_measurement_per_executed_route_node
2166,523360.920497467,5697184.290406496,50.0,1.0,0.07726428233550275,ground_equivalent_excess_gamma_dose_rate,uSv/h,one_noise_free_measurement_per_executed_route_node
2167,523340.920497467,5697164.290406496,50.0,1.0,0.08275226261448831,ground_equivalent_excess_gamma_dose_rate,uSv/h,one_noise_free_measurement_per_executed_route_node
2168,523360.920497467,5697144.290406496,50.0,1.0,0.08939132613862832,ground_equivalent_excess_gamma_dose_rate,uSv/h,one_noise_free_measurement_per_executed_route_node
2169,523380.920497467,5697164.290406496,50.0,1.0,0.08302133289452923,ground_equivalent_excess_gamma_dose_rate,uSv/h,one_noise_free_measurement_per_executed_route_node
2170,523360.920497467,5697164.290406496,50.0,1.0,0.0829966483204399,ground_equivalent_excess_gamma_dose_rate,uSv/h,one_noise_free_measurement_per_executed_route_node
2171,523340.920497467,5697144.290406496,50.0,1.0,0.08910789540848335,ground_equivalent_excess_gamma_dose_rate,uSv/h,one_noise_free_measurement_per_executed_route_node
2172,523320.920497467,5697144.290406496,50.0,1.0,0.08857448864289857,ground_equivalent_excess_gamma_dose_rate,uSv/h,one_noise_free_measurement_per_executed_route_node
2173,523320.920497467,5697124.290406496,50.0,1.0,0.09560210337339392,ground_equivalent_excess_gamma_dose_rate,uSv/h,one_noise_free_measurement_per_executed_route_node
2174,523320.920497467,5697144.290406496,50.0,1.0,0.08857448864289857,ground_equivalent_excess_gamma_dose_rate,uSv/h,one_noise_free_measurement_per_executed_route_node
2175,523300.920497467,5697124.290406496,50.0,1.0,0.0947005270885013,ground_equivalent_excess_gamma_dose_rate,uSv/h,one_noise_free_measurement_per_executed_route_node
2176,523300.920497467,5697144.290406496,50.0,1.0,0.08780005170123883,ground_equivalent_excess_gamma_dose_rate,uSv/h,one_noise_free_measurement_per_executed_route_node
2177,523280.920497467,5697144.290406496,50.0,1.0,0.08679728763079514,ground_equivalent_excess_gamma_dose_rate,uSv/h,one_noise_free_measurement_per_executed_route_node
2178,523260.920497467,5697124.290406496,50.0,1.0,0.09212541320117368,ground_equivalent_excess_gamma_dose_rate,uSv/h,one_noise_free_measurement_per_executed_route_node
2179,523240.920497467,5697144.290406496,50.0,1.0,0.08417322665573174,ground_equivalent_excess_gamma_dose_rate,uSv/h,one_noise_free_measurement_per_executed_route_node
2180,523220.920497467,5697144.290406496,50.0,1.0,0.08259108330033532,ground_equivalent_excess_gamma_dose_rate,uSv/h,one_noise_free_measurement_per_executed_route_node
2181,523220.920497467,5697164.290406496,50.0,1.0,0.07710245167017743,ground_equivalent_excess_gamma_dose_rate,uSv/h,one_noise_free_measurement_per_executed_route_node
2182,523240.920497467,5697164.290406496,50.0,1.0,0.07847954494548776,ground_equivalent_excess_gamma_dose_rate,uSv/h,one_noise_free_measurement_per_executed_route_node
2183,523240.920497467,5697184.290406496,50.0,1.0,0.07333482966994409,ground_equivalent_excess_gamma_dose_rate,uSv/h,one_noise_free_measurement_per_executed_route_node
2184,523220.920497467,5697184.290406496,50.0,1.0,0.07213098393730644,ground_equivalent_excess_gamma_dose_rate,uSv/h,one_noise_free_measurement_per_executed_route_node
2185,523200.920497467,5697164.290406496,50.0,1.0,0.07558956876035766,ground_equivalent_excess_gamma_dose_rate,uSv/h,one_noise_free_measurement_per_executed_route_node
2186,523200.920497467,5697144.290406496,50.0,1.0,0.08085756245290626,ground_equivalent_excess_gamma_dose_rate,uSv/h,one_noise_free_measurement_per_executed_route_node
2187,523180.920497467,5697144.290406496,50.0,1.0,0.07899512264834002,ground_equivalent_excess_gamma_dose_rate,uSv/h,one_noise_free_measurement_per_executed_route_node
2188,523160.920497467,5697144.290406496,50.0,1.0,0.07702622209270854,ground_equivalent_excess_gamma_dose_rate,uSv/h,one_noise_free_measurement_per_executed_route_node
2189,523160.920497467,5697164.290406496,50.0,1.0,0.07223083192809293,ground_equivalent_excess_gamma_dose_rate,uSv/h,one_noise_free_measurement_per_executed_route_node
2190,523140.920497467,5697164.290406496,50.0,1.0,0.07042210952693356,ground_equivalent_excess_gamma_dose_rate,uSv/h,one_noise_free_measurement_per_executed_route_node
2191,523140.920497467,5697184.290406496,50.0,1.0,0.06625150184461204,ground_equivalent_excess_gamma_dose_rate,uSv/h,one_noise_free_measurement_per_executed_route_node
2192,523140.920497467,5697164.290406496,50.0,1.0,0.07042210952693356,ground_equivalent_excess_gamma_dose_rate,uSv/h,one_noise_free_measurement_per_executed_route_node
2193,523120.920497467,5697164.290406496,50.0,1.0,0.06855105169086928,ground_equivalent_excess_gamma_dose_rate,uSv/h,one_noise_free_measurement_per_executed_route_node
2194,523120.920497467,5697184.290406496,50.0,1.0,0.06459289096441362,ground_equivalent_excess_gamma_dose_rate,uSv/h,one_noise_free_measurement_per_executed_route_node
2195,523100.920497467,5697164.290406496,50.0,1.0,0.0666344570935834,ground_equivalent_excess_gamma_dose_rate,uSv/h,one_noise_free_measurement_per_executed_route_node
2196,523120.920497467,5697144.290406496,50.0,1.0,0.07285572860826167,ground_equivalent_excess_gamma_dose_rate,uSv/h,one_noise_free_measurement_per_executed_route_node
2197,523120.920497467,5697164.290406496,50.0,1.0,0.06855105169086928,ground_equivalent_excess_gamma_dose_rate,uSv/h,one_noise_free_measurement_per_executed_route_node
2198,523140.920497467,5697164.290406496,50.0,1.0,0.07042210952693356,ground_equivalent_excess_gamma_dose_rate,uSv/h,one_noise_free_measurement_per_executed_route_node
2199,523140.920497467,5697184.290406496,50.0,1.0,0.06625150184461204,ground_equivalent_excess_gamma_dose_rate,uSv/h,one_noise_free_measurement_per_executed_route_node
2200,523160.920497467,5697184.290406496,50.0,1.0,0.06784990090435478,ground_equivalent_excess_gamma_dose_rate,uSv/h,one_noise_free_measurement_per_executed_route_node
2201,523160.920497467,5697204.290406496,50.0,1.0,0.06383932242451062,ground_equivalent_excess_gamma_dose_rate,uSv/h,one_noise_free_measurement_per_executed_route_node
2202,523180.920497467,5697224.290406496,50.0,1.0,0.06135475271533908,ground_equivalent_excess_gamma_dose_rate,uSv/h,one_noise_free_measurement_per_executed_route_node
2203,523200.920497467,5697244.290406496,50.0,1.0,0.05883396355594467,ground_equivalent_excess_gamma_dose_rate,uSv/h,one_noise_free_measurement_per_executed_route_node
2204,523180.920497467,5697224.290406496,50.0,1.0,0.06135475271533908,ground_equivalent_excess_gamma_dose_rate,uSv/h,one_noise_free_measurement_per_executed_route_node
2205,523200.920497467,5697224.290406496,50.0,1.0,0.062472381541349986,ground_equivalent_excess_gamma_dose_rate,uSv/h,one_noise_free_measurement_per_executed_route_node
2206,523180.920497467,5697204.290406496,50.0,1.0,0.0651858856368962,ground_equivalent_excess_gamma_dose_rate,uSv/h,one_noise_free_measurement_per_executed_route_node
2207,523180.920497467,5697184.290406496,50.0,1.0,0.06937298723278507,ground_equivalent_excess_gamma_dose_rate,uSv/h,one_noise_free_measurement_per_executed_route_node
2208,523200.920497467,5697164.290406496,50.0,1.0,0.07558956876035766,ground_equivalent_excess_gamma_dose_rate,uSv/h,one_noise_free_measurement_per_executed_route_node
2209,523180.920497467,5697184.290406496,50.0,1.0,0.06937298723278507,ground_equivalent_excess_gamma_dose_rate,uSv/h,one_noise_free_measurement_per_executed_route_node
2210,523160.920497467,5697184.290406496,50.0,1.0,0.06784990090435478,ground_equivalent_excess_gamma_dose_rate,uSv/h,one_noise_free_measurement_per_executed_route_node
2211,523160.920497467,5697204.290406496,50.0,1.0,0.06383932242451062,ground_equivalent_excess_gamma_dose_rate,uSv/h,one_noise_free_measurement_per_executed_route_node
2212,523180.920497467,5697184.290406496,50.0,1.0,0.06937298723278507,ground_equivalent_excess_gamma_dose_rate,uSv/h,one_noise_free_measurement_per_executed_route_node
2213,523200.920497467,5697184.290406496,50.0,1.0,0.07080523140787859,ground_equivalent_excess_gamma_dose_rate,uSv/h,one_noise_free_measurement_per_executed_route_node
2214,523200.920497467,5697204.290406496,50.0,1.0,0.06644888339654026,ground_equivalent_excess_gamma_dose_rate,uSv/h,one_noise_free_measurement_per_executed_route_node
2215,523220.920497467,5697224.290406496,50.0,1.0,0.06350217932727098,ground_equivalent_excess_gamma_dose_rate,uSv/h,one_noise_free_measurement_per_executed_route_node
2216,523220.920497467,5697204.290406496,50.0,1.0,0.06761517493534835,ground_equivalent_excess_gamma_dose_rate,uSv/h,one_noise_free_measurement_per_executed_route_node
2217,523200.920497467,5697224.290406496,50.0,1.0,0.062472381541349986,ground_equivalent_excess_gamma_dose_rate,uSv/h,one_noise_free_measurement_per_executed_route_node
2218,523180.920497467,5697204.290406496,50.0,1.0,0.0651858856368962,ground_equivalent_excess_gamma_dose_rate,uSv/h,one_noise_free_measurement_per_executed_route_node
2219,523200.920497467,5697204.290406496,50.0,1.0,0.06644888339654026,ground_equivalent_excess_gamma_dose_rate,uSv/h,one_noise_free_measurement_per_executed_route_node
2220,523180.920497467,5697204.290406496,50.0,1.0,0.0651858856368962,ground_equivalent_excess_gamma_dose_rate,uSv/h,one_noise_free_measurement_per_executed_route_node
2221,523200.920497467,5697224.290406496,50.0,1.0,0.062472381541349986,ground_equivalent_excess_gamma_dose_rate,uSv/h,one_noise_free_measurement_per_executed_route_node
2222,523200.920497467,5697244.290406496,50.0,1.0,0.05883396355594467,ground_equivalent_excess_gamma_dose_rate,uSv/h,one_noise_free_measurement_per_executed_route_node
2223,523220.920497467,5697264.290406496,50.0,1.0,0.05630848042133624,ground_equivalent_excess_gamma_dose_rate,uSv/h,one_noise_free_measurement_per_executed_route_node
2224,523220.920497467,5697284.290406496,50.0,1.0,0.05315409520602682,ground_equivalent_excess_gamma_dose_rate,uSv/h,one_noise_free_measurement_per_executed_route_node
2225,523200.920497467,5697284.290406496,50.0,1.0,0.052430663818282375,ground_equivalent_excess_gamma_dose_rate,uSv/h,one_noise_free_measurement_per_executed_route_node
2226,523180.920497467,5697304.290406496,50.0,1.0,0.04889903259456169,ground_equivalent_excess_gamma_dose_rate,uSv/h,one_noise_free_measurement_per_executed_route_node
2227,523160.920497467,5697284.290406496,50.0,1.0,0.05079243017413837,ground_equivalent_excess_gamma_dose_rate,uSv/h,one_noise_free_measurement_per_executed_route_node
2228,523180.920497467,5697284.290406496,50.0,1.0,0.051641180710676304,ground_equivalent_excess_gamma_dose_rate,uSv/h,one_noise_free_measurement_per_executed_route_node
2229,523160.920497467,5697264.290406496,50.0,1.0,0.053665165790641345,ground_equivalent_excess_gamma_dose_rate,uSv/h,one_noise_free_measurement_per_executed_route_node
2230,523140.920497467,5697284.290406496,50.0,1.0,0.0498913477917238,ground_equivalent_excess_gamma_dose_rate,uSv/h,one_noise_free_measurement_per_executed_route_node
2231,523160.920497467,5697304.290406496,50.0,1.0,0.04813736153245715,ground_equivalent_excess_gamma_dose_rate,uSv/h,one_noise_free_measurement_per_executed_route_node
2232,523140.920497467,5697324.290406496,50.0,1.0,0.04494911560756645,ground_equivalent_excess_gamma_dose_rate,uSv/h,one_noise_free_measurement_per_executed_route_node
2233,523140.920497467,5697344.290406496,50.0,1.0,0.042739991844632674,ground_equivalent_excess_gamma_dose_rate,uSv/h,one_noise_free_measurement_per_executed_route_node
2234,523140.920497467,5697324.290406496,50.0,1.0,0.04494911560756645,ground_equivalent_excess_gamma_dose_rate,uSv/h,one_noise_free_measurement_per_executed_route_node
2235,523160.920497467,5697344.290406496,50.0,1.0,0.043399560543151916,ground_equivalent_excess_gamma_dose_rate,uSv/h,one_noise_free_measurement_per_executed_route_node
2236,523180.920497467,5697344.290406496,50.0,1.0,0.04401771605036006,ground_equivalent_excess_gamma_dose_rate,uSv/h,one_noise_free_measurement_per_executed_route_node
2237,523160.920497467,5697364.290406496,50.0,1.0,0.04128202213996532,ground_equivalent_excess_gamma_dose_rate,uSv/h,one_noise_free_measurement_per_executed_route_node
2238,523160.920497467,5697384.290406496,50.0,1.0,0.03931199109363945,ground_equivalent_excess_gamma_dose_rate,uSv/h,one_noise_free_measurement_per_executed_route_node
2239,523140.920497467,5697404.290406496,50.0,1.0,0.03698358175243521,ground_equivalent_excess_gamma_dose_rate,uSv/h,one_noise_free_measurement_per_executed_route_node
2240,523160.920497467,5697384.290406496,50.0,1.0,0.03931199109363945,ground_equivalent_excess_gamma_dose_rate,uSv/h,one_noise_free_measurement_per_executed_route_node
2241,523180.920497467,5697384.290406496,50.0,1.0,0.03981850916281354,ground_equivalent_excess_gamma_dose_rate,uSv/h,one_noise_free_measurement_per_executed_route_node
2242,523160.920497467,5697404.290406496,50.0,1.0,0.03747642337144752,ground_equivalent_excess_gamma_dose_rate,uSv/h,one_noise_free_measurement_per_executed_route_node
2243,523160.920497467,5697424.290406496,50.0,1.0,0.0357636466578784,ground_equivalent_excess_gamma_dose_rate,uSv/h,one_noise_free_measurement_per_executed_route_node
2244,523180.920497467,5697444.290406496,50.0,1.0,0.03454507837362614,ground_equivalent_excess_gamma_dose_rate,uSv/h,one_noise_free_measurement_per_executed_route_node
2245,523180.920497467,5697464.290406496,50.0,1.0,0.033014637258242385,ground_equivalent_excess_gamma_dose_rate,uSv/h,one_noise_free_measurement_per_executed_route_node
2246,523160.920497467,5697484.290406496,50.0,1.0,0.03126261321347942,ground_equivalent_excess_gamma_dose_rate,uSv/h,one_noise_free_measurement_per_executed_route_node
2247,523140.920497467,5697504.290406496,50.0,1.0,0.029630873417619025,ground_equivalent_excess_gamma_dose_rate,uSv/h,one_noise_free_measurement_per_executed_route_node
2248,523120.920497467,5697504.290406496,50.0,1.0,0.029294444146465287,ground_equivalent_excess_gamma_dose_rate,uSv/h,one_noise_free_measurement_per_executed_route_node
2249,523100.920497467,5697524.290406496,50.0,1.0,0.027782670811798665,ground_equivalent_excess_gamma_dose_rate,uSv/h,one_noise_free_measurement_per_executed_route_node
2250,523080.920497467,5697524.290406496,50.0,1.0,0.027438423806679407,ground_equivalent_excess_gamma_dose_rate,uSv/h,one_noise_free_measurement_per_executed_route_node
2251,523060.920497467,5697524.290406496,50.0,1.0,0.027079118053299545,ground_equivalent_excess_gamma_dose_rate,uSv/h,one_noise_free_measurement_per_executed_route_node
2252,523040.920497467,5697544.290406496,50.0,1.0,0.025697481959221002,ground_equivalent_excess_gamma_dose_rate,uSv/h,one_noise_free_measurement_per_executed_route_node
2253,523020.920497467,5697544.290406496,50.0,1.0,0.025340897791604616,ground_equivalent_excess_gamma_dose_rate,uSv/h,one_noise_free_measurement_per_executed_route_node
2254,523000.920497467,5697564.290406496,50.0,1.0,0.024071215153798564,ground_equivalent_excess_gamma_dose_rate,uSv/h,one_noise_free_measurement_per_executed_route_node
2255,522980.9204974669,5697544.290406496,50.0,1.0,0.024598390790400132,ground_equivalent_excess_gamma_dose_rate,uSv/h,one_noise_free_measurement_per_executed_route_node
2256,522960.9204974669,5697544.290406496,50.0,1.0,0.024215040268694754,ground_equivalent_excess_gamma_dose_rate,uSv/h,one_noise_free_measurement_per_executed_route_node
2257,522940.9204974669,5697544.290406496,50.0,1.0,0.02382527648846358,ground_equivalent_excess_gamma_dose_rate,uSv/h,one_noise_free_measurement_per_executed_route_node
2258,522920.9204974669,5697524.290406496,50.0,1.0,0.024266012900198697,ground_equivalent_excess_gamma_dose_rate,uSv/h,one_noise_free_measurement_per_executed_route_node
2259,522900.9204974669,5697544.290406496,50.0,1.0,0.023031182014653317,ground_equivalent_excess_gamma_dose_rate,uSv/h,one_noise_free_measurement_per_executed_route_node
2260,522880.9204974669,5697544.290406496,50.0,1.0,0.02262905344012006,ground_equivalent_excess_gamma_dose_rate,uSv/h,one_noise_free_measurement_per_executed_route_node
2261,522860.9204974669,5697524.290406496,50.0,1.0,0.02297548700484231,ground_equivalent_excess_gamma_dose_rate,uSv/h,one_noise_free_measurement_per_executed_route_node
2262,522840.9204974669,5697544.290406496,50.0,1.0,0.0218197007705008,ground_equivalent_excess_gamma_dose_rate,uSv/h,one_noise_free_measurement_per_executed_route_node
2263,522820.9204974669,5697524.290406496,50.0,1.0,0.022110288398052513,ground_equivalent_excess_gamma_dose_rate,uSv/h,one_noise_free_measurement_per_executed_route_node
2264,522800.9204974669,5697504.290406496,50.0,1.0,0.022376628772512147,ground_equivalent_excess_gamma_dose_rate,uSv/h,one_noise_free_measurement_per_executed_route_node
2265,522800.9204974669,5697484.290406496,50.0,1.0,0.023103453301404203,ground_equivalent_excess_gamma_dose_rate,uSv/h,one_noise_free_measurement_per_executed_route_node
2266,522780.9204974669,5697464.290406496,50.0,1.0,0.023341992879364504,ground_equivalent_excess_gamma_dose_rate,uSv/h,one_noise_free_measurement_per_executed_route_node
2267,522760.9204974669,5697464.290406496,50.0,1.0,0.022828534982451937,ground_equivalent_excess_gamma_dose_rate,uSv/h,one_noise_free_measurement_per_executed_route_node
2268,522740.9204974669,5697444.290406496,50.0,1.0,0.023010460013954265,ground_equivalent_excess_gamma_dose_rate,uSv/h,one_noise_free_measurement_per_executed_route_node
2269,522720.9204974669,5697424.290406496,50.0,1.0,0.02316092554315749,ground_equivalent_excess_gamma_dose_rate,uSv/h,one_noise_free_measurement_per_executed_route_node
2270,522700.9204974669,5697404.290406496,50.0,1.0,0.02327863878642325,ground_equivalent_excess_gamma_dose_rate,uSv/h,one_noise_free_measurement_per_executed_route_node
2271,522680.9204974669,5697384.290406496,50.0,1.0,0.023362570545787414,ground_equivalent_excess_gamma_dose_rate,uSv/h,one_noise_free_measurement_per_executed_route_node
2272,522660.9204974669,5697404.290406496,50.0,1.0,0.02213711579236541,ground_equivalent_excess_gamma_dose_rate,uSv/h,one_noise_free_measurement_per_executed_route_node
2273,522660.9204974669,5697424.290406496,50.0,1.0,0.021528101360744123,ground_equivalent_excess_gamma_dose_rate,uSv/h,one_noise_free_measurement_per_executed_route_node
2274,522680.9204974669,5697444.290406496,50.0,1.0,0.021442090402973235,ground_equivalent_excess_gamma_dose_rate,uSv/h,one_noise_free_measurement_per_executed_route_node
2275,522700.9204974669,5697464.290406496,50.0,1.0,0.021327612704676147,ground_equivalent_excess_gamma_dose_rate,uSv/h,one_noise_free_measurement_per_executed_route_node
2276,522720.9204974669,5697484.290406496,50.0,1.0,0.021185586828146613,ground_equivalent_excess_gamma_dose_rate,uSv/h,one_noise_free_measurement_per_executed_route_node
2277,522740.9204974669,5697504.290406496,50.0,1.0,0.02101713186334067,ground_equivalent_excess_gamma_dose_rate,uSv/h,one_noise_free_measurement_per_executed_route_node
2278,522760.9204974669,5697524.290406496,50.0,1.0,0.020823545950969302,ground_equivalent_excess_gamma_dose_rate,uSv/h,one_noise_free_measurement_per_executed_route_node
2279,522780.9204974669,5697524.290406496,50.0,1.0,0.021249930103915765,ground_equivalent_excess_gamma_dose_rate,uSv/h,one_noise_free_measurement_per_executed_route_node
2280,522800.9204974669,5697524.290406496,50.0,1.0,0.02167909070849766,ground_equivalent_excess_gamma_dose_rate,uSv/h,one_noise_free_measurement_per_executed_route_node
2281,522780.9204974669,5697524.290406496,50.0,1.0,0.021249930103915765,ground_equivalent_excess_gamma_dose_rate,uSv/h,one_noise_free_measurement_per_executed_route_node
2282,522760.9204974669,5697524.290406496,50.0,1.0,0.020823545950969302,ground_equivalent_excess_gamma_dose_rate,uSv/h,one_noise_free_measurement_per_executed_route_node
2283,522740.9204974669,5697524.290406496,50.0,1.0,0.02040060956963685,ground_equivalent_excess_gamma_dose_rate,uSv/h,one_noise_free_measurement_per_executed_route_node
2284,522720.9204974669,5697504.290406496,50.0,1.0,0.02057282397783841,ground_equivalent_excess_gamma_dose_rate,uSv/h,one_noise_free_measurement_per_executed_route_node
2285,522700.9204974669,5697484.290406496,50.0,1.0,0.02072045660491778,ground_equivalent_excess_gamma_dose_rate,uSv/h,one_noise_free_measurement_per_executed_route_node
2286,522680.9204974669,5697484.290406496,50.0,1.0,0.020262165210192556,ground_equivalent_excess_gamma_dose_rate,uSv/h,one_noise_free_measurement_per_executed_route_node
2287,522660.9204974669,5697464.290406496,50.0,1.0,0.020365463150925495,ground_equivalent_excess_gamma_dose_rate,uSv/h,one_noise_free_measurement_per_executed_route_node
2288,522640.9204974669,5697464.290406496,50.0,1.0,0.01989720295354727,ground_equivalent_excess_gamma_dose_rate,uSv/h,one_noise_free_measurement_per_executed_route_node
2289,522620.9204974669,5697444.290406496,50.0,1.0,0.01995848987795995,ground_equivalent_excess_gamma_dose_rate,uSv/h,one_noise_free_measurement_per_executed_route_node
2290,522620.9204974669,5697424.290406496,50.0,1.0,0.020494289671377425,ground_equivalent_excess_gamma_dose_rate,uSv/h,one_noise_free_measurement_per_executed_route_node
2291,522600.9204974669,5697424.290406496,50.0,1.0,0.0199945367191261,ground_equivalent_excess_gamma_dose_rate,uSv/h,one_noise_free_measurement_per_executed_route_node
2292,522580.9204974669,5697424.290406496,50.0,1.0,0.0195063929330391,ground_equivalent_excess_gamma_dose_rate,uSv/h,one_noise_free_measurement_per_executed_route_node
2293,522600.9204974669,5697404.290406496,50.0,1.0,0.020518818187304222,ground_equivalent_excess_gamma_dose_rate,uSv/h,one_noise_free_measurement_per_executed_route_node
2294,522580.9204974669,5697384.290406496,50.0,1.0,0.020516430936284274,ground_equivalent_excess_gamma_dose_rate,uSv/h,one_noise_free_measurement_per_executed_route_node
2295,522560.9204974669,5697364.290406496,50.0,1.0,0.02048714668973889,ground_equivalent_excess_gamma_dose_rate,uSv/h,one_noise_free_measurement_per_executed_route_node
2296,522540.9204974669,5697344.290406496,50.0,1.0,0.020431195183800793,ground_equivalent_excess_gamma_dose_rate,uSv/h,one_noise_free_measurement_per_executed_route_node
2297,522520.9204974669,5697364.290406496,50.0,1.0,0.019427186783083167,ground_equivalent_excess_gamma_dose_rate,uSv/h,one_noise_free_measurement_per_executed_route_node
2298,522540.9204974669,5697344.290406496,50.0,1.0,0.020431195183800793,ground_equivalent_excess_gamma_dose_rate,uSv/h,one_noise_free_measurement_per_executed_route_node
2299,522540.9204974669,5697364.290406496,50.0,1.0,0.019949458319258206,ground_equivalent_excess_gamma_dose_rate,uSv/h,one_noise_free_measurement_per_executed_route_node
2300,522560.9204974669,5697364.290406496,50.0,1.0,0.02048714668973889,ground_equivalent_excess_gamma_dose_rate,uSv/h,one_noise_free_measurement_per_executed_route_node
2301,522560.9204974669,5697344.290406496,50.0,1.0,0.02099553244197358,ground_equivalent_excess_gamma_dose_rate,uSv/h,one_noise_free_measurement_per_executed_route_node
2302,522540.9204974669,5697324.290406496,50.0,1.0,0.020922755846427887,ground_equivalent_excess_gamma_dose_rate,uSv/h,one_noise_free_measurement_per_executed_route_node
2303,522560.9204974669,5697304.290406496,50.0,1.0,0.022045195841078613,ground_equivalent_excess_gamma_dose_rate,uSv/h,one_noise_free_measurement_per_executed_route_node
2304,522580.9204974669,5697324.290406496,50.0,1.0,0.022126005436376495,ground_equivalent_excess_gamma_dose_rate,uSv/h,one_noise_free_measurement_per_executed_route_node
2305,522560.9204974669,5697304.290406496,50.0,1.0,0.022045195841078613,ground_equivalent_excess_gamma_dose_rate,uSv/h,one_noise_free_measurement_per_executed_route_node
2306,522560.9204974669,5697284.290406496,50.0,1.0,0.022585882309627575,ground_equivalent_excess_gamma_dose_rate,uSv/h,one_noise_free_measurement_per_executed_route_node
2307,522540.9204974669,5697264.290406496,50.0,1.0,0.022453182524052706,ground_equivalent_excess_gamma_dose_rate,uSv/h,one_noise_free_measurement_per_executed_route_node
2308,522520.9204974669,5697264.290406496,50.0,1.0,0.021793757601890923,ground_equivalent_excess_gamma_dose_rate,uSv/h,one_noise_free_measurement_per_executed_route_node
2309,522540.9204974669,5697284.290406496,50.0,1.0,0.021934140269656482,ground_equivalent_excess_gamma_dose_rate,uSv/h,one_noise_free_measurement_per_executed_route_node
2310,522520.9204974669,5697304.290406496,50.0,1.0,0.020822695590204776,ground_equivalent_excess_gamma_dose_rate,uSv/h,one_noise_free_measurement_per_executed_route_node
2311,522500.9204974669,5697304.290406496,50.0,1.0,0.02024123328069166,ground_equivalent_excess_gamma_dose_rate,uSv/h,one_noise_free_measurement_per_executed_route_node
2312,522500.9204974669,5697284.290406496,50.0,1.0,0.020696138340751624,ground_equivalent_excess_gamma_dose_rate,uSv/h,one_noise_free_measurement_per_executed_route_node
2313,522520.9204974669,5697264.290406496,50.0,1.0,0.021793757601890923,ground_equivalent_excess_gamma_dose_rate,uSv/h,one_noise_free_measurement_per_executed_route_node
2314,522540.9204974669,5697264.290406496,50.0,1.0,0.022453182524052706,ground_equivalent_excess_gamma_dose_rate,uSv/h,one_noise_free_measurement_per_executed_route_node
2315,522560.9204974669,5697244.290406496,50.0,1.0,0.023696894606785313,ground_equivalent_excess_gamma_dose_rate,uSv/h,one_noise_free_measurement_per_executed_route_node
2316,522540.9204974669,5697264.290406496,50.0,1.0,0.022453182524052706,ground_equivalent_excess_gamma_dose_rate,uSv/h,one_noise_free_measurement_per_executed_route_node
2317,522560.9204974669,5697284.290406496,50.0,1.0,0.022585882309627575,ground_equivalent_excess_gamma_dose_rate,uSv/h,one_noise_free_measurement_per_executed_route_node
2318,522560.9204974669,5697264.290406496,50.0,1.0,0.023136615280330564,ground_equivalent_excess_gamma_dose_rate,uSv/h,one_noise_free_measurement_per_executed_route_node
2319,522580.9204974669,5697244.290406496,50.0,1.0,0.02444029297219613,ground_equivalent_excess_gamma_dose_rate,uSv/h,one_noise_free_measurement_per_executed_route_node
2320,522580.9204974669,5697224.290406496,50.0,1.0,0.025046255308414755,ground_equivalent_excess_gamma_dose_rate,uSv/h,one_noise_free_measurement_per_executed_route_node
2321,522560.9204974669,5697244.290406496,50.0,1.0,0.023696894606785313,ground_equivalent_excess_gamma_dose_rate,uSv/h,one_noise_free_measurement_per_executed_route_node
2322,522540.9204974669,5697244.290406496,50.0,1.0,0.022980473346561836,ground_equivalent_excess_gamma_dose_rate,uSv/h,one_noise_free_measurement_per_executed_route_node
2323,522560.9204974669,5697224.290406496,50.0,1.0,0.024266125278265327,ground_equivalent_excess_gamma_dose_rate,uSv/h,one_noise_free_measurement_per_executed_route_node
2324,522560.9204974669,5697204.290406496,50.0,1.0,0.024843610107963626,ground_equivalent_excess_gamma_dose_rate,uSv/h,one_noise_free_measurement_per_executed_route_node
2325,522540.9204974669,5697184.290406496,50.0,1.0,0.024605409340376028,ground_equivalent_excess_gamma_dose_rate,uSv/h,one_noise_free_measurement_per_executed_route_node
2326,522520.9204974669,5697184.290406496,50.0,1.0,0.023815731671765844,ground_equivalent_excess_gamma_dose_rate,uSv/h,one_noise_free_measurement_per_executed_route_node
2327,522500.9204974669,5697204.290406496,50.0,1.0,0.022576142787639364,ground_equivalent_excess_gamma_dose_rate,uSv/h,one_noise_free_measurement_per_executed_route_node
2328,522500.9204974669,5697184.290406496,50.0,1.0,0.023058138890255597,ground_equivalent_excess_gamma_dose_rate,uSv/h,one_noise_free_measurement_per_executed_route_node
2329,522480.9204974669,5697164.290406496,50.0,1.0,0.022786151422198253,ground_equivalent_excess_gamma_dose_rate,uSv/h,one_noise_free_measurement_per_executed_route_node
2330,522460.9204974669,5697164.290406496,50.0,1.0,0.02206050022389555,ground_equivalent_excess_gamma_dose_rate,uSv/h,one_noise_free_measurement_per_executed_route_node
2331,522440.9204974669,5697184.290406496,50.0,1.0,0.020964632279617673,ground_equivalent_excess_gamma_dose_rate,uSv/h,one_noise_free_measurement_per_executed_route_node
2332,522460.9204974669,5697164.290406496,50.0,1.0,0.02206050022389555,ground_equivalent_excess_gamma_dose_rate,uSv/h,one_noise_free_measurement_per_executed_route_node
2333,522480.9204974669,5697144.290406496,50.0,1.0,0.023242628477913085,ground_equivalent_excess_gamma_dose_rate,uSv/h,one_noise_free_measurement_per_executed_route_node
2334,522480.9204974669,5697124.290406496,50.0,1.0,0.023699781318113594,ground_equivalent_excess_gamma_dose_rate,uSv/h,one_noise_free_measurement_per_executed_route_node
2335,522460.9204974669,5697144.290406496,50.0,1.0,0.022488093360086947,ground_equivalent_excess_gamma_dose_rate,uSv/h,one_noise_free_measurement_per_executed_route_node
2336,522460.9204974669,5697164.290406496,50.0,1.0,0.02206050022389555,ground_equivalent_excess_gamma_dose_rate,uSv/h,one_noise_free_measurement_per_executed_route_node
2337,522460.9204974669,5697184.290406496,50.0,1.0,0.021633877193055817,ground_equivalent_excess_gamma_dose_rate,uSv/h,one_noise_free_measurement_per_executed_route_node
2338,522480.9204974669,5697184.290406496,50.0,1.0,0.022331289726537668,ground_equivalent_excess_gamma_dose_rate,uSv/h,one_noise_free_measurement_per_executed_route_node
2339,522460.9204974669,5697204.290406496,50.0,1.0,0.021209037724210233,ground_equivalent_excess_gamma_dose_rate,uSv/h,one_noise_free_measurement_per_executed_route_node
2340,522440.9204974669,5697204.290406496,50.0,1.0,0.02056542858998528,ground_equivalent_excess_gamma_dose_rate,uSv/h,one_noise_free_measurement_per_executed_route_node
2341,522420.9204974669,5697184.290406496,50.0,1.0,0.020322326635250743,ground_equivalent_excess_gamma_dose_rate,uSv/h,one_noise_free_measurement_per_executed_route_node
2342,522440.9204974669,5697164.290406496,50.0,1.0,0.02136502411917099,ground_equivalent_excess_gamma_dose_rate,uSv/h,one_noise_free_measurement_per_executed_route_node
2343,522420.9204974669,5697184.290406496,50.0,1.0,0.020322326635250743,ground_equivalent_excess_gamma_dose_rate,uSv/h,one_noise_free_measurement_per_executed_route_node
2344,522420.9204974669,5697204.290406496,50.0,1.0,0.01994699053145943,ground_equivalent_excess_gamma_dose_rate,uSv/h,one_noise_free_measurement_per_executed_route_node
2345,522440.9204974669,5697224.290406496,50.0,1.0,0.020168119402126677,ground_equivalent_excess_gamma_dose_rate,uSv/h,one_noise_free_measurement_per_executed_route_node
2346,522460.9204974669,5697244.290406496,50.0,1.0,0.020367621611879938,ground_equivalent_excess_gamma_dose_rate,uSv/h,one_noise_free_measurement_per_executed_route_node
2347,522460.9204974669,5697224.290406496,50.0,1.0,0.02078672661256445,ground_equivalent_excess_gamma_dose_rate,uSv/h,one_noise_free_measurement_per_executed_route_node
2348,522440.9204974669,5697204.290406496,50.0,1.0,0.02056542858998528,ground_equivalent_excess_gamma_dose_rate,uSv/h,one_noise_free_measurement_per_executed_route_node
2349,522440.9204974669,5697184.290406496,50.0,1.0,0.020964632279617673,ground_equivalent_excess_gamma_dose_rate,uSv/h,one_noise_free_measurement_per_executed_route_node
2350,522460.9204974669,5697204.290406496,50.0,1.0,0.021209037724210233,ground_equivalent_excess_gamma_dose_rate,uSv/h,one_noise_free_measurement_per_executed_route_node
2351,522460.9204974669,5697224.290406496,50.0,1.0,0.02078672661256445,ground_equivalent_excess_gamma_dose_rate,uSv/h,one_noise_free_measurement_per_executed_route_node
2352,522440.9204974669,5697204.290406496,50.0,1.0,0.02056542858998528,ground_equivalent_excess_gamma_dose_rate,uSv/h,one_noise_free_measurement_per_executed_route_node
2353,522440.9204974669,5697184.290406496,50.0,1.0,0.020964632279617673,ground_equivalent_excess_gamma_dose_rate,uSv/h,one_noise_free_measurement_per_executed_route_node
2354,522460.9204974669,5697184.290406496,50.0,1.0,0.021633877193055817,ground_equivalent_excess_gamma_dose_rate,uSv/h,one_noise_free_measurement_per_executed_route_node
2355,522440.9204974669,5697204.290406496,50.0,1.0,0.02056542858998528,ground_equivalent_excess_gamma_dose_rate,uSv/h,one_noise_free_measurement_per_executed_route_node
2356,522460.9204974669,5697224.290406496,50.0,1.0,0.02078672661256445,ground_equivalent_excess_gamma_dose_rate,uSv/h,one_noise_free_measurement_per_executed_route_node
2357,522460.9204974669,5697244.290406496,50.0,1.0,0.020367621611879938,ground_equivalent_excess_gamma_dose_rate,uSv/h,one_noise_free_measurement_per_executed_route_node
2358,522460.9204974669,5697224.290406496,50.0,1.0,0.02078672661256445,ground_equivalent_excess_gamma_dose_rate,uSv/h,one_noise_free_measurement_per_executed_route_node
2359,522440.9204974669,5697204.290406496,50.0,1.0,0.02056542858998528,ground_equivalent_excess_gamma_dose_rate,uSv/h,one_noise_free_measurement_per_executed_route_node
2360,522460.9204974669,5697204.290406496,50.0,1.0,0.021209037724210233,ground_equivalent_excess_gamma_dose_rate,uSv/h,one_noise_free_measurement_per_executed_route_node
2361,522480.9204974669,5697204.290406496,50.0,1.0,0.021878903992268994,ground_equivalent_excess_gamma_dose_rate,uSv/h,one_noise_free_measurement_per_executed_route_node
2362,522500.9204974669,5697224.290406496,50.0,1.0,0.022098247211171873,ground_equivalent_excess_gamma_dose_rate,uSv/h,one_noise_free_measurement_per_executed_route_node
2363,522520.9204974669,5697224.290406496,50.0,1.0,0.022793126515785245,ground_equivalent_excess_gamma_dose_rate,uSv/h,one_noise_free_measurement_per_executed_route_node
2364,522540.9204974669,5697224.290406496,50.0,1.0,0.023515417044727482,ground_equivalent_excess_gamma_dose_rate,uSv/h,one_noise_free_measurement_per_executed_route_node
2365,522560.9204974669,5697204.290406496,50.0,1.0,0.024843610107963626,ground_equivalent_excess_gamma_dose_rate,uSv/h,one_noise_free_measurement_per_executed_route_node
2366,522540.9204974669,5697184.290406496,50.0,1.0,0.024605409340376028,ground_equivalent_excess_gamma_dose_rate,uSv/h,one_noise_free_measurement_per_executed_route_node
2367,522560.9204974669,5697204.290406496,50.0,1.0,0.024843610107963626,ground_equivalent_excess_gamma_dose_rate,uSv/h,one_noise_free_measurement_per_executed_route_node
2368,522560.9204974669,5697224.290406496,50.0,1.0,0.024266125278265327,ground_equivalent_excess_gamma_dose_rate,uSv/h,one_noise_free_measurement_per_executed_route_node
2369,522560.9204974669,5697204.290406496,50.0,1.0,0.024843610107963626,ground_equivalent_excess_gamma_dose_rate,uSv/h,one_noise_free_measurement_per_executed_route_node
2370,522540.9204974669,5697224.290406496,50.0,1.0,0.023515417044727482,ground_equivalent_excess_gamma_dose_rate,uSv/h,one_noise_free_measurement_per_executed_route_node
2371,522560.9204974669,5697204.290406496,50.0,1.0,0.024843610107963626,ground_equivalent_excess_gamma_dose_rate,uSv/h,one_noise_free_measurement_per_executed_route_node
2372,522540.9204974669,5697204.290406496,50.0,1.0,0.024057324915471856,ground_equivalent_excess_gamma_dose_rate,uSv/h,one_noise_free_measurement_per_executed_route_node
2373,522540.9204974669,5697224.290406496,50.0,1.0,0.023515417044727482,ground_equivalent_excess_gamma_dose_rate,uSv/h,one_noise_free_measurement_per_executed_route_node
2374,522540.9204974669,5697244.290406496,50.0,1.0,0.022980473346561836,ground_equivalent_excess_gamma_dose_rate,uSv/h,one_noise_free_measurement_per_executed_route_node
2375,522540.9204974669,5697224.290406496,50.0,1.0,0.023515417044727482,ground_equivalent_excess_gamma_dose_rate,uSv/h,one_noise_free_measurement_per_executed_route_node
2376,522560.9204974669,5697204.290406496,50.0,1.0,0.024843610107963626,ground_equivalent_excess_gamma_dose_rate,uSv/h,one_noise_free_measurement_per_executed_route_node
2377,522560.9204974669,5697224.290406496,50.0,1.0,0.024266125278265327,ground_equivalent_excess_gamma_dose_rate,uSv/h,one_noise_free_measurement_per_executed_route_node
2378,522580.9204974669,5697244.290406496,50.0,1.0,0.02444029297219613,ground_equivalent_excess_gamma_dose_rate,uSv/h,one_noise_free_measurement_per_executed_route_node
2379,522560.9204974669,5697224.290406496,50.0,1.0,0.024266125278265327,ground_equivalent_excess_gamma_dose_rate,uSv/h,one_noise_free_measurement_per_executed_route_node
2380,522560.9204974669,5697244.290406496,50.0,1.0,0.023696894606785313,ground_equivalent_excess_gamma_dose_rate,uSv/h,one_noise_free_measurement_per_executed_route_node
2381,522540.9204974669,5697244.290406496,50.0,1.0,0.022980473346561836,ground_equivalent_excess_gamma_dose_rate,uSv/h,one_noise_free_measurement_per_executed_route_node
2382,522560.9204974669,5697244.290406496,50.0,1.0,0.023696894606785313,ground_equivalent_excess_gamma_dose_rate,uSv/h,one_noise_free_measurement_per_executed_route_node
2383,522540.9204974669,5697224.290406496,50.0,1.0,0.023515417044727482,ground_equivalent_excess_gamma_dose_rate,uSv/h,one_noise_free_measurement_per_executed_route_node
2384,522520.9204974669,5697244.290406496,50.0,1.0,0.022290188954510903,ground_equivalent_excess_gamma_dose_rate,uSv/h,one_noise_free_measurement_per_executed_route_node
2385,522500.9204974669,5697264.290406496,50.0,1.0,0.021157626384451067,ground_equivalent_excess_gamma_dose_rate,uSv/h,one_noise_free_measurement_per_executed_route_node
2386,522480.9204974669,5697284.290406496,50.0,1.0,0.020108677311586082,ground_equivalent_excess_gamma_dose_rate,uSv/h,one_noise_free_measurement_per_executed_route_node
2387,522480.9204974669,5697304.290406496,50.0,1.0,0.019678962637013686,ground_equivalent_excess_gamma_dose_rate,uSv/h,one_noise_free_measurement_per_executed_route_node
2388,522500.9204974669,5697324.290406496,50.0,1.0,0.01979335111685504,ground_equivalent_excess_gamma_dose_rate,uSv/h,one_noise_free_measurement_per_executed_route_node
2389,522520.9204974669,5697344.290406496,50.0,1.0,0.019883741705568225,ground_equivalent_excess_gamma_dose_rate,uSv/h,one_noise_free_measurement_per_executed_route_node
2390,522520.9204974669,5697364.290406496,50.0,1.0,0.019427186783083167,ground_equivalent_excess_gamma_dose_rate,uSv/h,one_noise_free_measurement_per_executed_route_node
2391,522540.9204974669,5697384.290406496,50.0,1.0,0.019477767575073635,ground_equivalent_excess_gamma_dose_rate,uSv/h,one_noise_free_measurement_per_executed_route_node
2392,522560.9204974669,5697384.290406496,50.0,1.0,0.019990003589424543,ground_equivalent_excess_gamma_dose_rate,uSv/h,one_noise_free_measurement_per_executed_route_node
2393,522580.9204974669,5697384.290406496,50.0,1.0,0.020516430936284274,ground_equivalent_excess_gamma_dose_rate,uSv/h,one_noise_free_measurement_per_executed_route_node
2394,522600.9204974669,5697384.290406496,50.0,1.0,0.021057136164885193,ground_equivalent_excess_gamma_dose_rate,uSv/h,one_noise_free_measurement_per_executed_route_node
2395,522600.9204974669,5697404.290406496,50.0,1.0,0.020518818187304222,ground_equivalent_excess_gamma_dose_rate,uSv/h,one_noise_free_measurement_per_executed_route_node
2396,522580.9204974669,5697384.290406496,50.0,1.0,0.020516430936284274,ground_equivalent_excess_gamma_dose_rate,uSv/h,one_noise_free_measurement_per_executed_route_node
2397,522600.9204974669,5697384.290406496,50.0,1.0,0.021057136164885193,ground_equivalent_excess_gamma_dose_rate,uSv/h,one_noise_free_measurement_per_executed_route_node
2398,522580.9204974669,5697384.290406496,50.0,1.0,0.020516430936284274,ground_equivalent_excess_gamma_dose_rate,uSv/h,one_noise_free_measurement_per_executed_route_node
2399,522600.9204974669,5697404.290406496,50.0,1.0,0.020518818187304222,ground_equivalent_excess_gamma_dose_rate,uSv/h,one_noise_free_measurement_per_executed_route_node
2400,522580.9204974669,5697384.290406496,50.0,1.0,0.020516430936284274,ground_equivalent_excess_gamma_dose_rate,uSv/h,one_noise_free_measurement_per_executed_route_node
2401,522560.9204974669,5697404.290406496,50.0,1.0,0.019504235437876244,ground_equivalent_excess_gamma_dose_rate,uSv/h,one_noise_free_measurement_per_executed_route_node
2402,522540.9204974669,5697384.290406496,50.0,1.0,0.019477767575073635,ground_equivalent_excess_gamma_dose_rate,uSv/h,one_noise_free_measurement_per_executed_route_node
2403,522560.9204974669,5697404.290406496,50.0,1.0,0.019504235437876244,ground_equivalent_excess_gamma_dose_rate,uSv/h,one_noise_free_measurement_per_executed_route_node
2404,522580.9204974669,5697424.290406496,50.0,1.0,0.0195063929330391,ground_equivalent_excess_gamma_dose_rate,uSv/h,one_noise_free_measurement_per_executed_route_node
2405,522580.9204974669,5697404.290406496,50.0,1.0,0.020005068192433945,ground_equivalent_excess_gamma_dose_rate,uSv/h,one_noise_free_measurement_per_executed_route_node
2406,522600.9204974669,5697424.290406496,50.0,1.0,0.0199945367191261,ground_equivalent_excess_gamma_dose_rate,uSv/h,one_noise_free_measurement_per_executed_route_node
2407,522580.9204974669,5697424.290406496,50.0,1.0,0.0195063929330391,ground_equivalent_excess_gamma_dose_rate,uSv/h,one_noise_free_measurement_per_executed_route_node
2408,522600.9204974669,5697444.290406496,50.0,1.0,0.01948422393120225,ground_equivalent_excess_gamma_dose_rate,uSv/h,one_noise_free_measurement_per_executed_route_node
2409,522620.9204974669,5697424.290406496,50.0,1.0,0.020494289671377425,ground_equivalent_excess_gamma_dose_rate,uSv/h,one_noise_free_measurement_per_executed_route_node
2410,522600.9204974669,5697404.290406496,50.0,1.0,0.020518818187304222,ground_equivalent_excess_gamma_dose_rate,uSv/h,one_noise_free_measurement_per_executed_route_node
2411,522600.9204974669,5697384.290406496,50.0,1.0,0.021057136164885193,ground_equivalent_excess_gamma_dose_rate,uSv/h,one_noise_free_measurement_per_executed_route_node
2412,522580.9204974669,5697384.290406496,50.0,1.0,0.020516430936284274,ground_equivalent_excess_gamma_dose_rate,uSv/h,one_noise_free_measurement_per_executed_route_node
2413,522580.9204974669,5697364.290406496,50.0,1.0,0.021040446061327933,ground_equivalent_excess_gamma_dose_rate,uSv/h,one_noise_free_measurement_per_executed_route_node
2414,522580.9204974669,5697344.290406496,50.0,1.0,0.02157702232190839,ground_equivalent_excess_gamma_dose_rate,uSv/h,one_noise_free_measurement_per_executed_route_node
2415,522600.9204974669,5697364.290406496,50.0,1.0,0.021609507641793174,ground_equivalent_excess_gamma_dose_rate,uSv/h,one_noise_free_measurement_per_executed_route_node
2416,522600.9204974669,5697384.290406496,50.0,1.0,0.021057136164885193,ground_equivalent_excess_gamma_dose_rate,uSv/h,one_noise_free_measurement_per_executed_route_node
2417,522580.9204974669,5697384.290406496,50.0,1.0,0.020516430936284274,ground_equivalent_excess_gamma_dose_rate,uSv/h,one_noise_free_measurement_per_executed_route_node
2418,522580.9204974669,5697364.290406496,50.0,1.0,0.021040446061327933,ground_equivalent_excess_gamma_dose_rate,uSv/h,one_noise_free_measurement_per_executed_route_node
2419,522580.9204974669,5697344.290406496,50.0,1.0,0.02157702232190839,ground_equivalent_excess_gamma_dose_rate,uSv/h,one_noise_free_measurement_per_executed_route_node
2420,522600.9204974669,5697364.290406496,50.0,1.0,0.021609507641793174,ground_equivalent_excess_gamma_dose_rate,uSv/h,one_noise_free_measurement_per_executed_route_node
2421,522620.9204974669,5697344.290406496,50.0,1.0,0.022792317308019172,ground_equivalent_excess_gamma_dose_rate,uSv/h,one_noise_free_measurement_per_executed_route_node
2422,522600.9204974669,5697324.290406496,50.0,1.0,0.022756181428056438,ground_equivalent_excess_gamma_dose_rate,uSv/h,one_noise_free_measurement_per_executed_route_node
2423,522580.9204974669,5697324.290406496,50.0,1.0,0.022126005436376495,ground_equivalent_excess_gamma_dose_rate,uSv/h,one_noise_free_measurement_per_executed_route_node
2424,522560.9204974669,5697324.290406496,50.0,1.0,0.02151496846854245,ground_equivalent_excess_gamma_dose_rate,uSv/h,one_noise_free_measurement_per_executed_route_node
2425,522580.9204974669,5697324.290406496,50.0,1.0,0.022126005436376495,ground_equivalent_excess_gamma_dose_rate,uSv/h,one_noise_free_measurement_per_executed_route_node
2426,522600.9204974669,5697304.290406496,50.0,1.0,0.023350196404039264,ground_equivalent_excess_gamma_dose_rate,uSv/h,one_noise_free_measurement_per_executed_route_node
2427,522620.9204974669,5697324.290406496,50.0,1.0,0.02340576245713208,ground_equivalent_excess_gamma_dose_rate,uSv/h,one_noise_free_measurement_per_executed_route_node
2428,522600.9204974669,5697344.290406496,50.0,1.0,0.02217589162492678,ground_equivalent_excess_gamma_dose_rate,uSv/h,one_noise_free_measurement_per_executed_route_node
2429,522620.9204974669,5697364.290406496,50.0,1.0,0.02219443248678976,ground_equivalent_excess_gamma_dose_rate,uSv/h,one_noise_free_measurement_per_executed_route_node
2430,522640.9204974669,5697344.290406496,50.0,1.0,0.023426417850093112,ground_equivalent_excess_gamma_dose_rate,uSv/h,one_noise_free_measurement_per_executed_route_node
2431,522620.9204974669,5697364.290406496,50.0,1.0,0.02219443248678976,ground_equivalent_excess_gamma_dose_rate,uSv/h,one_noise_free_measurement_per_executed_route_node
2432,522640.9204974669,5697344.290406496,50.0,1.0,0.023426417850093112,ground_equivalent_excess_gamma_dose_rate,uSv/h,one_noise_free_measurement_per_executed_route_node
2433,522620.9204974669,5697364.290406496,50.0,1.0,0.02219443248678976,ground_equivalent_excess_gamma_dose_rate,uSv/h,one_noise_free_measurement_per_executed_route_node
2434,522600.9204974669,5697384.290406496,50.0,1.0,0.021057136164885193,ground_equivalent_excess_gamma_dose_rate,uSv/h,one_noise_free_measurement_per_executed_route_node
2435,522620.9204974669,5697364.290406496,50.0,1.0,0.02219443248678976,ground_equivalent_excess_gamma_dose_rate,uSv/h,one_noise_free_measurement_per_executed_route_node
2436,522640.9204974669,5697384.290406496,50.0,1.0,0.022181470483492866,ground_equivalent_excess_gamma_dose_rate,uSv/h,one_noise_free_measurement_per_executed_route_node
2437,522640.9204974669,5697404.290406496,50.0,1.0,0.02158494565031005,ground_equivalent_excess_gamma_dose_rate,uSv/h,one_noise_free_measurement_per_executed_route_node
2438,522660.9204974669,5697424.290406496,50.0,1.0,0.021528101360744123,ground_equivalent_excess_gamma_dose_rate,uSv/h,one_noise_free_measurement_per_executed_route_node
2439,522660.9204974669,5697404.290406496,50.0,1.0,0.02213711579236541,ground_equivalent_excess_gamma_dose_rate,uSv/h,one_noise_free_measurement_per_executed_route_node
2440,522640.9204974669,5697424.290406496,50.0,1.0,0.021005536232480998,ground_equivalent_excess_gamma_dose_rate,uSv/h,one_noise_free_measurement_per_executed_route_node
2441,522620.9204974669,5697404.290406496,50.0,1.0,0.02104546818567632,ground_equivalent_excess_gamma_dose_rate,uSv/h,one_noise_free_measurement_per_executed_route_node
2442,522600.9204974669,5697384.290406496,50.0,1.0,0.021057136164885193,ground_equivalent_excess_gamma_dose_rate,uSv/h,one_noise_free_measurement_per_executed_route_node
2443,522620.9204974669,5697404.290406496,50.0,1.0,0.02104546818567632,ground_equivalent_excess_gamma_dose_rate,uSv/h,one_noise_free_measurement_per_executed_route_node
2444,522620.9204974669,5697384.290406496,50.0,1.0,0.02161215606203465,ground_equivalent_excess_gamma_dose_rate,uSv/h,one_noise_free_measurement_per_executed_route_node
2445,522620.9204974669,5697404.290406496,50.0,1.0,0.02104546818567632,ground_equivalent_excess_gamma_dose_rate,uSv/h,one_noise_free_measurement_per_executed_route_node
2446,522600.9204974669,5697404.290406496,50.0,1.0,0.020518818187304222,ground_equivalent_excess_gamma_dose_rate,uSv/h,one_noise_free_measurement_per_executed_route_node
2447,522620.9204974669,5697384.290406496,50.0,1.0,0.02161215606203465,ground_equivalent_excess_gamma_dose_rate,uSv/h,one_noise_free_measurement_per_executed_route_node
2448,522600.9204974669,5697364.290406496,50.0,1.0,0.021609507641793174,ground_equivalent_excess_gamma_dose_rate,uSv/h,one_noise_free_measurement_per_executed_route_node
2449,522580.9204974669,5697384.290406496,50.0,1.0,0.020516430936284274,ground_equivalent_excess_gamma_dose_rate,uSv/h,one_noise_free_measurement_per_executed_route_node
2450,522560.9204974669,5697404.290406496,50.0,1.0,0.019504235437876244,ground_equivalent_excess_gamma_dose_rate,uSv/h,one_noise_free_measurement_per_executed_route_node
2451,522580.9204974669,5697384.290406496,50.0,1.0,0.020516430936284274,ground_equivalent_excess_gamma_dose_rate,uSv/h,one_noise_free_measurement_per_executed_route_node
2452,522580.9204974669,5697404.290406496,50.0,1.0,0.020005068192433945,ground_equivalent_excess_gamma_dose_rate,uSv/h,one_noise_free_measurement_per_executed_route_node
2453,522600.9204974669,5697384.290406496,50.0,1.0,0.021057136164885193,ground_equivalent_excess_gamma_dose_rate,uSv/h,one_noise_free_measurement_per_executed_route_node
2454,522620.9204974669,5697384.290406496,50.0,1.0,0.02161215606203465,ground_equivalent_excess_gamma_dose_rate,uSv/h,one_noise_free_measurement_per_executed_route_node
2455,522640.9204974669,5697364.290406496,50.0,1.0,0.022795263608474448,ground_equivalent_excess_gamma_dose_rate,uSv/h,one_noise_free_measurement_per_executed_route_node
2456,522660.9204974669,5697364.290406496,50.0,1.0,0.023411977366733394,ground_equivalent_excess_gamma_dose_rate,uSv/h,one_noise_free_measurement_per_executed_route_node
2457,522660.9204974669,5697344.290406496,50.0,1.0,0.024078243752926304,ground_equivalent_excess_gamma_dose_rate,uSv/h,one_noise_free_measurement_per_executed_route_node
2458,522640.9204974669,5697344.290406496,50.0,1.0,0.023426417850093112,ground_equivalent_excess_gamma_dose_rate,uSv/h,one_noise_free_measurement_per_executed_route_node
2459,522660.9204974669,5697344.290406496,50.0,1.0,0.024078243752926304,ground_equivalent_excess_gamma_dose_rate,uSv/h,one_noise_free_measurement_per_executed_route_node
2460,522680.9204974669,5697344.290406496,50.0,1.0,0.024747767151985206,ground_equivalent_excess_gamma_dose_rate,uSv/h,one_noise_free_measurement_per_executed_route_node
2461,522660.9204974669,5697344.290406496,50.0,1.0,0.024078243752926304,ground_equivalent_excess_gamma_dose_rate,uSv/h,one_noise_free_measurement_per_executed_route_node
2462,522640.9204974669,5697364.290406496,50.0,1.0,0.022795263608474448,ground_equivalent_excess_gamma_dose_rate,uSv/h,one_noise_free_measurement_per_executed_route_node
2463,522660.9204974669,5697364.290406496,50.0,1.0,0.023411977366733394,ground_equivalent_excess_gamma_dose_rate,uSv/h,one_noise_free_measurement_per_executed_route_node
2464,522680.9204974669,5697344.290406496,50.0,1.0,0.024747767151985206,ground_equivalent_excess_gamma_dose_rate,uSv/h,one_noise_free_measurement_per_executed_route_node
2465,522680.9204974669,5697324.290406496,50.0,1.0,0.02547266165987691,ground_equivalent_excess_gamma_dose_rate,uSv/h,one_noise_free_measurement_per_executed_route_node
2466,522660.9204974669,5697344.290406496,50.0,1.0,0.024078243752926304,ground_equivalent_excess_gamma_dose_rate,uSv/h,one_noise_free_measurement_per_executed_route_node
2467,522680.9204974669,5697364.290406496,50.0,1.0,0.02404447413486513,ground_equivalent_excess_gamma_dose_rate,uSv/h,one_noise_free_measurement_per_executed_route_node
2468,522680.9204974669,5697384.290406496,50.0,1.0,0.023362570545787414,ground_equivalent_excess_gamma_dose_rate,uSv/h,one_noise_free_measurement_per_executed_route_node
2469,522660.9204974669,5697404.290406496,50.0,1.0,0.02213711579236541,ground_equivalent_excess_gamma_dose_rate,uSv/h,one_noise_free_measurement_per_executed_route_node
2470,522680.9204974669,5697424.290406496,50.0,1.0,0.022061743973350117,ground_equivalent_excess_gamma_dose_rate,uSv/h,one_noise_free_measurement_per_executed_route_node
2471,522700.9204974669,5697444.290406496,50.0,1.0,0.021955988060074982,ground_equivalent_excess_gamma_dose_rate,uSv/h,one_noise_free_measurement_per_executed_route_node
2472,522720.9204974669,5697444.290406496,50.0,1.0,0.022478942189497725,ground_equivalent_excess_gamma_dose_rate,uSv/h,one_noise_free_measurement_per_executed_route_node
2473,522700.9204974669,5697424.290406496,50.0,1.0,0.022606150064293506,ground_equivalent_excess_gamma_dose_rate,uSv/h,one_noise_free_measurement_per_executed_route_node
2474,522680.9204974669,5697444.290406496,50.0,1.0,0.021442090402973235,ground_equivalent_excess_gamma_dose_rate,uSv/h,one_noise_free_measurement_per_executed_route_node
2475,522700.9204974669,5697444.290406496,50.0,1.0,0.021955988060074982,ground_equivalent_excess_gamma_dose_rate,uSv/h,one_noise_free_measurement_per_executed_route_node
2476,522720.9204974669,5697424.290406496,50.0,1.0,0.02316092554315749,ground_equivalent_excess_gamma_dose_rate,uSv/h,one_noise_free_measurement_per_executed_route_node
2477,522720.9204974669,5697444.290406496,50.0,1.0,0.022478942189497725,ground_equivalent_excess_gamma_dose_rate,uSv/h,one_noise_free_measurement_per_executed_route_node
2478,522720.9204974669,5697464.290406496,50.0,1.0,0.021820725384061296,ground_equivalent_excess_gamma_dose_rate,uSv/h,one_noise_free_measurement_per_executed_route_node
2479,522740.9204974669,5697444.290406496,50.0,1.0,0.023010460013954265,ground_equivalent_excess_gamma_dose_rate,uSv/h,one_noise_free_measurement_per_executed_route_node
2480,522720.9204974669,5697444.290406496,50.0,1.0,0.022478942189497725,ground_equivalent_excess_gamma_dose_rate,uSv/h,one_noise_free_measurement_per_executed_route_node
2481,522720.9204974669,5697424.290406496,50.0,1.0,0.02316092554315749,ground_equivalent_excess_gamma_dose_rate,uSv/h,one_noise_free_measurement_per_executed_route_node
2482,522720.9204974669,5697404.290406496,50.0,1.0,0.023867341960394223,ground_equivalent_excess_gamma_dose_rate,uSv/h,one_noise_free_measurement_per_executed_route_node
2483,522740.9204974669,5697384.290406496,50.0,1.0,0.0252367447499606,ground_equivalent_excess_gamma_dose_rate,uSv/h,one_noise_free_measurement_per_executed_route_node
2484,522760.9204974669,5697364.290406496,50.0,1.0,0.026727057129330073,ground_equivalent_excess_gamma_dose_rate,uSv/h,one_noise_free_measurement_per_executed_route_node
2485,522780.9204974669,5697344.290406496,50.0,1.0,0.028352889543010018,ground_equivalent_excess_gamma_dose_rate,uSv/h,one_noise_free_measurement_per_executed_route_node
2486,522780.9204974669,5697324.290406496,50.0,1.0,0.029308441968219134,ground_equivalent_excess_gamma_dose_rate,uSv/h,one_noise_free_measurement_per_executed_route_node
2487,522760.9204974669,5697324.290406496,50.0,1.0,0.028503472572670108,ground_equivalent_excess_gamma_dose_rate,uSv/h,one_noise_free_measurement_per_executed_route_node
2488,522780.9204974669,5697324.290406496,50.0,1.0,0.029308441968219134,ground_equivalent_excess_gamma_dose_rate,uSv/h,one_noise_free_measurement_per_executed_route_node
2489,522800.9204974669,5697304.290406496,50.0,1.0,0.031181431904065915,ground_equivalent_excess_gamma_dose_rate,uSv/h,one_noise_free_measurement_per_executed_route_node
2490,522820.9204974669,5697304.290406496,50.0,1.0,0.03208132156150961,ground_equivalent_excess_gamma_dose_rate,uSv/h,one_noise_free_measurement_per_executed_route_node
2491,522840.9204974669,5697284.290406496,50.0,1.0,0.034226307164533565,ground_equivalent_excess_gamma_dose_rate,uSv/h,one_noise_free_measurement_per_executed_route_node
2492,522820.9204974669,5697304.290406496,50.0,1.0,0.03208132156150961,ground_equivalent_excess_gamma_dose_rate,uSv/h,one_noise_free_measurement_per_executed_route_node
2493,522800.9204974669,5697324.290406496,50.0,1.0,0.030131118805743762,ground_equivalent_excess_gamma_dose_rate,uSv/h,one_noise_free_measurement_per_executed_route_node
2494,522820.9204974669,5697344.290406496,50.0,1.0,0.029905550241165146,ground_equivalent_excess_gamma_dose_rate,uSv/h,one_noise_free_measurement_per_executed_route_node
2495,522800.9204974669,5697324.290406496,50.0,1.0,0.030131118805743762,ground_equivalent_excess_gamma_dose_rate,uSv/h,one_noise_free_measurement_per_executed_route_node
2496,522800.9204974669,5697344.290406496,50.0,1.0,0.02912209293272891,ground_equivalent_excess_gamma_dose_rate,uSv/h,one_noise_free_measurement_per_executed_route_node
2497,522820.9204974669,5697324.290406496,50.0,1.0,0.030970589788815756,ground_equivalent_excess_gamma_dose_rate,uSv/h,one_noise_free_measurement_per_executed_route_node
2498,522800.9204974669,5697304.290406496,50.0,1.0,0.031181431904065915,ground_equivalent_excess_gamma_dose_rate,uSv/h,one_noise_free_measurement_per_executed_route_node
2499,522780.9204974669,5697324.290406496,50.0,1.0,0.029308441968219134,ground_equivalent_excess_gamma_dose_rate,uSv/h,one_noise_free_measurement_per_executed_route_node
2500,522780.9204974669,5697304.290406496,50.0,1.0,0.03030123927823375,ground_equivalent_excess_gamma_dose_rate,uSv/h,one_noise_free_measurement_per_executed_route_node
2501,522780.9204974669,5697284.290406496,50.0,1.0,0.03133220893546196,ground_equivalent_excess_gamma_dose_rate,uSv/h,one_noise_free_measurement_per_executed_route_node
2502,522800.9204974669,5697304.290406496,50.0,1.0,0.031181431904065915,ground_equivalent_excess_gamma_dose_rate,uSv/h,one_noise_free_measurement_per_executed_route_node
2503,522800.9204974669,5697284.290406496,50.0,1.0,0.03227424691251107,ground_equivalent_excess_gamma_dose_rate,uSv/h,one_noise_free_measurement_per_executed_route_node
2504,522820.9204974669,5697284.290406496,50.0,1.0,0.03323929482141308,ground_equivalent_excess_gamma_dose_rate,uSv/h,one_noise_free_measurement_per_executed_route_node
2505,522820.9204974669,5697264.290406496,50.0,1.0,0.034445981610874754,ground_equivalent_excess_gamma_dose_rate,uSv/h,one_noise_free_measurement_per_executed_route_node
2506,522800.9204974669,5697244.290406496,50.0,1.0,0.03459174255059003,ground_equivalent_excess_gamma_dose_rate,uSv/h,one_noise_free_measurement_per_executed_route_node
2507,522780.9204974669,5697224.290406496,50.0,1.0,0.03466167972852788,ground_equivalent_excess_gamma_dose_rate,uSv/h,one_noise_free_measurement_per_executed_route_node
2508,522760.9204974669,5697204.290406496,50.0,1.0,0.03465486799287612,ground_equivalent_excess_gamma_dose_rate,uSv/h,one_noise_free_measurement_per_executed_route_node
2509,522740.9204974669,5697204.290406496,50.0,1.0,0.03349908986397149,ground_equivalent_excess_gamma_dose_rate,uSv/h,one_noise_free_measurement_per_executed_route_node
2510,522720.9204974669,5697204.290406496,50.0,1.0,0.03238432190532503,ground_equivalent_excess_gamma_dose_rate,uSv/h,one_noise_free_measurement_per_executed_route_node
2511,522700.9204974669,5697184.290406496,50.0,1.0,0.03224473964948871,ground_equivalent_excess_gamma_dose_rate,uSv/h,one_noise_free_measurement_per_executed_route_node
2512,522720.9204974669,5697164.290406496,50.0,1.0,0.03441237171965478,ground_equivalent_excess_gamma_dose_rate,uSv/h,one_noise_free_measurement_per_executed_route_node
2513,522740.9204974669,5697144.290406496,50.0,1.0,0.03680554049970042,ground_equivalent_excess_gamma_dose_rate,uSv/h,one_noise_free_measurement_per_executed_route_node
2514,522760.9204974669,5697144.290406496,50.0,1.0,0.03820550277965923,ground_equivalent_excess_gamma_dose_rate,uSv/h,one_noise_free_measurement_per_executed_route_node
2515,522780.9204974669,5697164.290406496,50.0,1.0,0.03835448632626584,ground_equivalent_excess_gamma_dose_rate,uSv/h,one_noise_free_measurement_per_executed_route_node
2516,522760.9204974669,5697184.290406496,50.0,1.0,0.03580371411365485,ground_equivalent_excess_gamma_dose_rate,uSv/h,one_noise_free_measurement_per_executed_route_node
2517,522780.9204974669,5697204.290406496,50.0,1.0,0.03585206974929811,ground_equivalent_excess_gamma_dose_rate,uSv/h,one_noise_free_measurement_per_executed_route_node
2518,522780.9204974669,5697184.290406496,50.0,1.0,0.03708307382536641,ground_equivalent_excess_gamma_dose_rate,uSv/h,one_noise_free_measurement_per_executed_route_node
2519,522780.9204974669,5697164.290406496,50.0,1.0,0.03835448632626584,ground_equivalent_excess_gamma_dose_rate,uSv/h,one_noise_free_measurement_per_executed_route_node
2520,522780.9204974669,5697184.290406496,50.0,1.0,0.03708307382536641,ground_equivalent_excess_gamma_dose_rate,uSv/h,one_noise_free_measurement_per_executed_route_node
2521,522800.9204974669,5697164.290406496,50.0,1.0,0.039775686102293206,ground_equivalent_excess_gamma_dose_rate,uSv/h,one_noise_free_measurement_per_executed_route_node
2522,522800.9204974669,5697184.290406496,50.0,1.0,0.038409982758767225,ground_equivalent_excess_gamma_dose_rate,uSv/h,one_noise_free_measurement_per_executed_route_node
2523,522780.9204974669,5697184.290406496,50.0,1.0,0.03708307382536641,ground_equivalent_excess_gamma_dose_rate,uSv/h,one_noise_free_measurement_per_executed_route_node
2524,522780.9204974669,5697164.290406496,50.0,1.0,0.03835448632626584,ground_equivalent_excess_gamma_dose_rate,uSv/h,one_noise_free_measurement_per_executed_route_node
2525,522780.9204974669,5697184.290406496,50.0,1.0,0.03708307382536641,ground_equivalent_excess_gamma_dose_rate,uSv/h,one_noise_free_measurement_per_executed_route_node
2526,522800.9204974669,5697184.290406496,50.0,1.0,0.038409982758767225,ground_equivalent_excess_gamma_dose_rate,uSv/h,one_noise_free_measurement_per_executed_route_node
2527,522800.9204974669,5697204.290406496,50.0,1.0,0.0370908736838067,ground_equivalent_excess_gamma_dose_rate,uSv/h,one_noise_free_measurement_per_executed_route_node
2528,522780.9204974669,5697204.290406496,50.0,1.0,0.03585206974929811,ground_equivalent_excess_gamma_dose_rate,uSv/h,one_noise_free_measurement_per_executed_route_node
2529,522780.9204974669,5697184.290406496,50.0,1.0,0.03708307382536641,ground_equivalent_excess_gamma_dose_rate,uSv/h,one_noise_free_measurement_per_executed_route_node
2530,522760.9204974669,5697204.290406496,50.0,1.0,0.03465486799287612,ground_equivalent_excess_gamma_dose_rate,uSv/h,one_noise_free_measurement_per_executed_route_node
2531,522740.9204974669,5697184.290406496,50.0,1.0,0.03457139769720172,ground_equivalent_excess_gamma_dose_rate,uSv/h,one_noise_free_measurement_per_executed_route_node
2532,522720.9204974669,5697204.290406496,50.0,1.0,0.03238432190532503,ground_equivalent_excess_gamma_dose_rate,uSv/h,one_noise_free_measurement_per_executed_route_node
2533,522700.9204974669,5697204.290406496,50.0,1.0,0.03130995650762888,ground_equivalent_excess_gamma_dose_rate,uSv/h,one_noise_free_measurement_per_executed_route_node
2534,522700.9204974669,5697224.290406496,50.0,1.0,0.030398247081994595,ground_equivalent_excess_gamma_dose_rate,uSv/h,one_noise_free_measurement_per_executed_route_node
2535,522700.9204974669,5697244.290406496,50.0,1.0,0.029510237472480716,ground_equivalent_excess_gamma_dose_rate,uSv/h,one_noise_free_measurement_per_executed_route_node
2536,522680.9204974669,5697244.290406496,50.0,1.0,0.02858929463656093,ground_equivalent_excess_gamma_dose_rate,uSv/h,one_noise_free_measurement_per_executed_route_node
2537,522700.9204974669,5697264.290406496,50.0,1.0,0.02864635355734102,ground_equivalent_excess_gamma_dose_rate,uSv/h,one_noise_free_measurement_per_executed_route_node
2538,522680.9204974669,5697244.290406496,50.0,1.0,0.02858929463656093,ground_equivalent_excess_gamma_dose_rate,uSv/h,one_noise_free_measurement_per_executed_route_node
2539,522660.9204974669,5697224.290406496,50.0,1.0,0.028480455047157016,ground_equivalent_excess_gamma_dose_rate,uSv/h,one_noise_free_measurement_per_executed_route_node
2540,522680.9204974669,5697244.290406496,50.0,1.0,0.02858929463656093,ground_equivalent_excess_gamma_dose_rate,uSv/h,one_noise_free_measurement_per_executed_route_node
2541,522700.9204974669,5697244.290406496,50.0,1.0,0.029510237472480716,ground_equivalent_excess_gamma_dose_rate,uSv/h,one_noise_free_measurement_per_executed_route_node
2542,522680.9204974669,5697244.290406496,50.0,1.0,0.02858929463656093,ground_equivalent_excess_gamma_dose_rate,uSv/h,one_noise_free_measurement_per_executed_route_node
2543,522680.9204974669,5697224.290406496,50.0,1.0,0.029421961898185384,ground_equivalent_excess_gamma_dose_rate,uSv/h,one_noise_free_measurement_per_executed_route_node
2544,522700.9204974669,5697204.290406496,50.0,1.0,0.03130995650762888,ground_equivalent_excess_gamma_dose_rate,uSv/h,one_noise_free_measurement_per_executed_route_node
2545,522680.9204974669,5697224.290406496,50.0,1.0,0.029421961898185384,ground_equivalent_excess_gamma_dose_rate,uSv/h,one_noise_free_measurement_per_executed_route_node
2546,522680.9204974669,5697244.290406496,50.0,1.0,0.02858929463656093,ground_equivalent_excess_gamma_dose_rate,uSv/h,one_noise_free_measurement_per_executed_route_node
2547,522700.9204974669,5697264.290406496,50.0,1.0,0.02864635355734102,ground_equivalent_excess_gamma_dose_rate,uSv/h,one_noise_free_measurement_per_executed_route_node
2548,522680.9204974669,5697264.290406496,50.0,1.0,0.02777774740498401,ground_equivalent_excess_gamma_dose_rate,uSv/h,one_noise_free_measurement_per_executed_route_node
2549,522660.9204974669,5697264.290406496,50.0,1.0,0.0269370269444332,ground_equivalent_excess_gamma_dose_rate,uSv/h,one_noise_free_measurement_per_executed_route_node
2550,522660.9204974669,5697244.290406496,50.0,1.0,0.027699518821247354,ground_equivalent_excess_gamma_dose_rate,uSv/h,one_noise_free_measurement_per_executed_route_node
2551,522640.9204974669,5697224.290406496,50.0,1.0,0.027572986351081324,ground_equivalent_excess_gamma_dose_rate,uSv/h,one_noise_free_measurement_per_executed_route_node
2552,522620.9204974669,5697224.290406496,50.0,1.0,0.026698731228063738,ground_equivalent_excess_gamma_dose_rate,uSv/h,one_noise_free_measurement_per_executed_route_node
2553,522640.9204974669,5697224.290406496,50.0,1.0,0.027572986351081324,ground_equivalent_excess_gamma_dose_rate,uSv/h,one_noise_free_measurement_per_executed_route_node
2554,522620.9204974669,5697204.290406496,50.0,1.0,0.02739947344012683,ground_equivalent_excess_gamma_dose_rate,uSv/h,one_noise_free_measurement_per_executed_route_node
2555,522600.9204974669,5697204.290406496,50.0,1.0,0.02651350053671958,ground_equivalent_excess_gamma_dose_rate,uSv/h,one_noise_free_measurement_per_executed_route_node
2556,522580.9204974669,5697224.290406496,50.0,1.0,0.025046255308414755,ground_equivalent_excess_gamma_dose_rate,uSv/h,one_noise_free_measurement_per_executed_route_node
2557,522580.9204974669,5697244.290406496,50.0,1.0,0.02444029297219613,ground_equivalent_excess_gamma_dose_rate,uSv/h,one_noise_free_measurement_per_executed_route_node
2558,522600.9204974669,5697264.290406496,50.0,1.0,0.024578256168443724,ground_equivalent_excess_gamma_dose_rate,uSv/h,one_noise_free_measurement_per_executed_route_node
2559,522620.9204974669,5697244.290406496,50.0,1.0,0.0260112693963179,ground_equivalent_excess_gamma_dose_rate,uSv/h,one_noise_free_measurement_per_executed_route_node
2560,522600.9204974669,5697244.290406496,50.0,1.0,0.0252114882137478,ground_equivalent_excess_gamma_dose_rate,uSv/h,one_noise_free_measurement_per_executed_route_node
2561,522600.9204974669,5697264.290406496,50.0,1.0,0.024578256168443724,ground_equivalent_excess_gamma_dose_rate,uSv/h,one_noise_free_measurement_per_executed_route_node
2562,522580.9204974669,5697284.290406496,50.0,1.0,0.023260215525709366,ground_equivalent_excess_gamma_dose_rate,uSv/h,one_noise_free_measurement_per_executed_route_node
2563,522600.9204974669,5697264.290406496,50.0,1.0,0.024578256168443724,ground_equivalent_excess_gamma_dose_rate,uSv/h,one_noise_free_measurement_per_executed_route_node
2564,522580.9204974669,5697284.290406496,50.0,1.0,0.023260215525709366,ground_equivalent_excess_gamma_dose_rate,uSv/h,one_noise_free_measurement_per_executed_route_node
2565,522580.9204974669,5697264.290406496,50.0,1.0,0.023844750785646796,ground_equivalent_excess_gamma_dose_rate,uSv/h,one_noise_free_measurement_per_executed_route_node
2566,522560.9204974669,5697264.290406496,50.0,1.0,0.023136615280330564,ground_equivalent_excess_gamma_dose_rate,uSv/h,one_noise_free_measurement_per_executed_route_node
2567,522580.9204974669,5697244.290406496,50.0,1.0,0.02444029297219613,ground_equivalent_excess_gamma_dose_rate,uSv/h,one_noise_free_measurement_per_executed_route_node
2568,522600.9204974669,5697264.290406496,50.0,1.0,0.024578256168443724,ground_equivalent_excess_gamma_dose_rate,uSv/h,one_noise_free_measurement_per_executed_route_node
2569,522580.9204974669,5697244.290406496,50.0,1.0,0.02444029297219613,ground_equivalent_excess_gamma_dose_rate,uSv/h,one_noise_free_measurement_per_executed_route_node
2570,522580.9204974669,5697264.290406496,50.0,1.0,0.023844750785646796,ground_equivalent_excess_gamma_dose_rate,uSv/h,one_noise_free_measurement_per_executed_route_node
2571,522600.9204974669,5697244.290406496,50.0,1.0,0.0252114882137478,ground_equivalent_excess_gamma_dose_rate,uSv/h,one_noise_free_measurement_per_executed_route_node
2572,522580.9204974669,5697224.290406496,50.0,1.0,0.025046255308414755,ground_equivalent_excess_gamma_dose_rate,uSv/h,one_noise_free_measurement_per_executed_route_node
2573,522560.9204974669,5697244.290406496,50.0,1.0,0.023696894606785313,ground_equivalent_excess_gamma_dose_rate,uSv/h,one_noise_free_measurement_per_executed_route_node
2574,522540.9204974669,5697264.290406496,50.0,1.0,0.022453182524052706,ground_equivalent_excess_gamma_dose_rate,uSv/h,one_noise_free_measurement_per_executed_route_node
2575,522540.9204974669,5697244.290406496,50.0,1.0,0.022980473346561836,ground_equivalent_excess_gamma_dose_rate,uSv/h,one_noise_free_measurement_per_executed_route_node
2576,522520.9204974669,5697224.290406496,50.0,1.0,0.022793126515785245,ground_equivalent_excess_gamma_dose_rate,uSv/h,one_noise_free_measurement_per_executed_route_node
2577,522500.9204974669,5697204.290406496,50.0,1.0,0.022576142787639364,ground_equivalent_excess_gamma_dose_rate,uSv/h,one_noise_free_measurement_per_executed_route_node
2578,522480.9204974669,5697204.290406496,50.0,1.0,0.021878903992268994,ground_equivalent_excess_gamma_dose_rate,uSv/h,one_noise_free_measurement_per_executed_route_node
2579,522480.9204974669,5697184.290406496,50.0,1.0,0.022331289726537668,ground_equivalent_excess_gamma_dose_rate,uSv/h,one_noise_free_measurement_per_executed_route_node
2580,522460.9204974669,5697204.290406496,50.0,1.0,0.021209037724210233,ground_equivalent_excess_gamma_dose_rate,uSv/h,one_noise_free_measurement_per_executed_route_node
2581,522440.9204974669,5697184.290406496,50.0,1.0,0.020964632279617673,ground_equivalent_excess_gamma_dose_rate,uSv/h,one_noise_free_measurement_per_executed_route_node
2582,522440.9204974669,5697204.290406496,50.0,1.0,0.02056542858998528,ground_equivalent_excess_gamma_dose_rate,uSv/h,one_noise_free_measurement_per_executed_route_node
2583,522460.9204974669,5697224.290406496,50.0,1.0,0.02078672661256445,ground_equivalent_excess_gamma_dose_rate,uSv/h,one_noise_free_measurement_per_executed_route_node
2584,522440.9204974669,5697244.290406496,50.0,1.0,0.019773351252945548,ground_equivalent_excess_gamma_dose_rate,uSv/h,one_noise_free_measurement_per_executed_route_node
2585,522460.9204974669,5697264.290406496,50.0,1.0,0.01995233551386008,ground_equivalent_excess_gamma_dose_rate,uSv/h,one_noise_free_measurement_per_executed_route_node
2586,522480.9204974669,5697284.290406496,50.0,1.0,0.020108677311586082,ground_equivalent_excess_gamma_dose_rate,uSv/h,one_noise_free_measurement_per_executed_route_node
2587,522460.9204974669,5697264.290406496,50.0,1.0,0.01995233551386008,ground_equivalent_excess_gamma_dose_rate,uSv/h,one_noise_free_measurement_per_executed_route_node
2588,522480.9204974669,5697244.290406496,50.0,1.0,0.020984618506443592,ground_equivalent_excess_gamma_dose_rate,uSv/h,one_noise_free_measurement_per_executed_route_node
2589,522480.9204974669,5697264.290406496,50.0,1.0,0.020544062882370956,ground_equivalent_excess_gamma_dose_rate,uSv/h,one_noise_free_measurement_per_executed_route_node
2590,522500.9204974669,5697244.290406496,50.0,1.0,0.021625189453315957,ground_equivalent_excess_gamma_dose_rate,uSv/h,one_noise_free_measurement_per_executed_route_node
2591,522480.9204974669,5697264.290406496,50.0,1.0,0.020544062882370956,ground_equivalent_excess_gamma_dose_rate,uSv/h,one_noise_free_measurement_per_executed_route_node
2592,522480.9204974669,5697284.290406496,50.0,1.0,0.020108677311586082,ground_equivalent_excess_gamma_dose_rate,uSv/h,one_noise_free_measurement_per_executed_route_node
2593,522500.9204974669,5697304.290406496,50.0,1.0,0.02024123328069166,ground_equivalent_excess_gamma_dose_rate,uSv/h,one_noise_free_measurement_per_executed_route_node
2594,522520.9204974669,5697284.290406496,50.0,1.0,0.02130442282690076,ground_equivalent_excess_gamma_dose_rate,uSv/h,one_noise_free_measurement_per_executed_route_node
2595,522540.9204974669,5697264.290406496,50.0,1.0,0.022453182524052706,ground_equivalent_excess_gamma_dose_rate,uSv/h,one_noise_free_measurement_per_executed_route_node
2596,522520.9204974669,5697244.290406496,50.0,1.0,0.022290188954510903,ground_equivalent_excess_gamma_dose_rate,uSv/h,one_noise_free_measurement_per_executed_route_node
2597,522540.9204974669,5697224.290406496,50.0,1.0,0.023515417044727482,ground_equivalent_excess_gamma_dose_rate,uSv/h,one_noise_free_measurement_per_executed_route_node
2598,522560.9204974669,5697204.290406496,50.0,1.0,0.024843610107963626,ground_equivalent_excess_gamma_dose_rate,uSv/h,one_noise_free_measurement_per_executed_route_node
2599,522540.9204974669,5697204.290406496,50.0,1.0,0.024057324915471856,ground_equivalent_excess_gamma_dose_rate,uSv/h,one_noise_free_measurement_per_executed_route_node
2600,522520.9204974669,5697204.290406496,50.0,1.0,0.023301895456033395,ground_equivalent_excess_gamma_dose_rate,uSv/h,one_noise_free_measurement_per_executed_route_node
2601,522520.9204974669,5697224.290406496,50.0,1.0,0.022793126515785245,ground_equivalent_excess_gamma_dose_rate,uSv/h,one_noise_free_measurement_per_executed_route_node
2602,522520.9204974669,5697244.290406496,50.0,1.0,0.022290188954510903,ground_equivalent_excess_gamma_dose_rate,uSv/h,one_noise_free_measurement_per_executed_route_node
2603,522500.9204974669,5697264.290406496,50.0,1.0,0.021157626384451067,ground_equivalent_excess_gamma_dose_rate,uSv/h,one_noise_free_measurement_per_executed_route_node
2604,522480.9204974669,5697244.290406496,50.0,1.0,0.020984618506443592,ground_equivalent_excess_gamma_dose_rate,uSv/h,one_noise_free_measurement_per_executed_route_node
2605,522460.9204974669,5697244.290406496,50.0,1.0,0.020367621611879938,ground_equivalent_excess_gamma_dose_rate,uSv/h,one_noise_free_measurement_per_executed_route_node
2606,522460.9204974669,5697264.290406496,50.0,1.0,0.01995233551386008,ground_equivalent_excess_gamma_dose_rate,uSv/h,one_noise_free_measurement_per_executed_route_node
2607,522460.9204974669,5697244.290406496,50.0,1.0,0.020367621611879938,ground_equivalent_excess_gamma_dose_rate,uSv/h,one_noise_free_measurement_per_executed_route_node
2608,522480.9204974669,5697224.290406496,50.0,1.0,0.021429777509181597,ground_equivalent_excess_gamma_dose_rate,uSv/h,one_noise_free_measurement_per_executed_route_node
2609,522460.9204974669,5697244.290406496,50.0,1.0,0.020367621611879938,ground_equivalent_excess_gamma_dose_rate,uSv/h,one_noise_free_measurement_per_executed_route_node
2610,522460.9204974669,5697264.290406496,50.0,1.0,0.01995233551386008,ground_equivalent_excess_gamma_dose_rate,uSv/h,one_noise_free_measurement_per_executed_route_node
2611,522480.9204974669,5697284.290406496,50.0,1.0,0.020108677311586082,ground_equivalent_excess_gamma_dose_rate,uSv/h,one_noise_free_measurement_per_executed_route_node
2612,522460.9204974669,5697284.290406496,50.0,1.0,0.01954141859942854,ground_equivalent_excess_gamma_dose_rate,uSv/h,one_noise_free_measurement_per_executed_route_node
2613,522480.9204974669,5697264.290406496,50.0,1.0,0.020544062882370956,ground_equivalent_excess_gamma_dose_rate,uSv/h,one_noise_free_measurement_per_executed_route_node
2614,522460.9204974669,5697264.290406496,50.0,1.0,0.01995233551386008,ground_equivalent_excess_gamma_dose_rate,uSv/h,one_noise_free_measurement_per_executed_route_node
2615,522460.9204974669,5697284.290406496,50.0,1.0,0.01954141859942854,ground_equivalent_excess_gamma_dose_rate,uSv/h,one_noise_free_measurement_per_executed_route_node
2616,522480.9204974669,5697264.290406496,50.0,1.0,0.020544062882370956,ground_equivalent_excess_gamma_dose_rate,uSv/h,one_noise_free_measurement_per_executed_route_node
2617,522460.9204974669,5697264.290406496,50.0,1.0,0.01995233551386008,ground_equivalent_excess_gamma_dose_rate,uSv/h,one_noise_free_measurement_per_executed_route_node
2618,522460.9204974669,5697244.290406496,50.0,1.0,0.020367621611879938,ground_equivalent_excess_gamma_dose_rate,uSv/h,one_noise_free_measurement_per_executed_route_node
2619,522440.9204974669,5697244.290406496,50.0,1.0,0.019773351252945548,ground_equivalent_excess_gamma_dose_rate,uSv/h,one_noise_free_measurement_per_executed_route_node
2620,522440.9204974669,5697224.290406496,50.0,1.0,0.020168119402126677,ground_equivalent_excess_gamma_dose_rate,uSv/h,one_noise_free_measurement_per_executed_route_node
2621,522460.9204974669,5697224.290406496,50.0,1.0,0.02078672661256445,ground_equivalent_excess_gamma_dose_rate,uSv/h,one_noise_free_measurement_per_executed_route_node
2622,522480.9204974669,5697244.290406496,50.0,1.0,0.020984618506443592,ground_equivalent_excess_gamma_dose_rate,uSv/h,one_noise_free_measurement_per_executed_route_node
2623,522480.9204974669,5697264.290406496,50.0,1.0,0.020544062882370956,ground_equivalent_excess_gamma_dose_rate,uSv/h,one_noise_free_measurement_per_executed_route_node
2624,522460.9204974669,5697264.290406496,50.0,1.0,0.01995233551386008,ground_equivalent_excess_gamma_dose_rate,uSv/h,one_noise_free_measurement_per_executed_route_node
2625,522480.9204974669,5697284.290406496,50.0,1.0,0.020108677311586082,ground_equivalent_excess_gamma_dose_rate,uSv/h,one_noise_free_measurement_per_executed_route_node
2626,522500.9204974669,5697304.290406496,50.0,1.0,0.02024123328069166,ground_equivalent_excess_gamma_dose_rate,uSv/h,one_noise_free_measurement_per_executed_route_node
2627,522480.9204974669,5697304.290406496,50.0,1.0,0.019678962637013686,ground_equivalent_excess_gamma_dose_rate,uSv/h,one_noise_free_measurement_per_executed_route_node
2628,522500.9204974669,5697304.290406496,50.0,1.0,0.02024123328069166,ground_equivalent_excess_gamma_dose_rate,uSv/h,one_noise_free_measurement_per_executed_route_node
2629,522520.9204974669,5697284.290406496,50.0,1.0,0.02130442282690076,ground_equivalent_excess_gamma_dose_rate,uSv/h,one_noise_free_measurement_per_executed_route_node
2630,522540.9204974669,5697304.290406496,50.0,1.0,0.021423855362899924,ground_equivalent_excess_gamma_dose_rate,uSv/h,one_noise_free_measurement_per_executed_route_node
2631,522560.9204974669,5697284.290406496,50.0,1.0,0.022585882309627575,ground_equivalent_excess_gamma_dose_rate,uSv/h,one_noise_free_measurement_per_executed_route_node
2632,522580.9204974669,5697264.290406496,50.0,1.0,0.023844750785646796,ground_equivalent_excess_gamma_dose_rate,uSv/h,one_noise_free_measurement_per_executed_route_node
2633,522580.9204974669,5697244.290406496,50.0,1.0,0.02444029297219613,ground_equivalent_excess_gamma_dose_rate,uSv/h,one_noise_free_measurement_per_executed_route_node
2634,522580.9204974669,5697264.290406496,50.0,1.0,0.023844750785646796,ground_equivalent_excess_gamma_dose_rate,uSv/h,one_noise_free_measurement_per_executed_route_node
2635,522600.9204974669,5697244.290406496,50.0,1.0,0.0252114882137478,ground_equivalent_excess_gamma_dose_rate,uSv/h,one_noise_free_measurement_per_executed_route_node
2636,522600.9204974669,5697264.290406496,50.0,1.0,0.024578256168443724,ground_equivalent_excess_gamma_dose_rate,uSv/h,one_noise_free_measurement_per_executed_route_node
2637,522580.9204974669,5697244.290406496,50.0,1.0,0.02444029297219613,ground_equivalent_excess_gamma_dose_rate,uSv/h,one_noise_free_measurement_per_executed_route_node
2638,522600.9204974669,5697244.290406496,50.0,1.0,0.0252114882137478,ground_equivalent_excess_gamma_dose_rate,uSv/h,one_noise_free_measurement_per_executed_route_node
2639,522580.9204974669,5697244.290406496,50.0,1.0,0.02444029297219613,ground_equivalent_excess_gamma_dose_rate,uSv/h,one_noise_free_measurement_per_executed_route_node
2640,522560.9204974669,5697244.290406496,50.0,1.0,0.023696894606785313,ground_equivalent_excess_gamma_dose_rate,uSv/h,one_noise_free_measurement_per_executed_route_node
2641,522560.9204974669,5697224.290406496,50.0,1.0,0.024266125278265327,ground_equivalent_excess_gamma_dose_rate,uSv/h,one_noise_free_measurement_per_executed_route_node
2642,522540.9204974669,5697204.290406496,50.0,1.0,0.024057324915471856,ground_equivalent_excess_gamma_dose_rate,uSv/h,one_noise_free_measurement_per_executed_route_node
2643,522560.9204974669,5697184.290406496,50.0,1.0,0.02542854254620866,ground_equivalent_excess_gamma_dose_rate,uSv/h,one_noise_free_measurement_per_executed_route_node
2644,522540.9204974669,5697184.290406496,50.0,1.0,0.024605409340376028,ground_equivalent_excess_gamma_dose_rate,uSv/h,one_noise_free_measurement_per_executed_route_node
2645,522540.9204974669,5697204.290406496,50.0,1.0,0.024057324915471856,ground_equivalent_excess_gamma_dose_rate,uSv/h,one_noise_free_measurement_per_executed_route_node
2646,522520.9204974669,5697204.290406496,50.0,1.0,0.023301895456033395,ground_equivalent_excess_gamma_dose_rate,uSv/h,one_noise_free_measurement_per_executed_route_node
2647,522520.9204974669,5697184.290406496,50.0,1.0,0.023815731671765844,ground_equivalent_excess_gamma_dose_rate,uSv/h,one_noise_free_measurement_per_executed_route_node
2648,522540.9204974669,5697164.290406496,50.0,1.0,0.025158778207403365,ground_equivalent_excess_gamma_dose_rate,uSv/h,one_noise_free_measurement_per_executed_route_node
2649,522560.9204974669,5697164.290406496,50.0,1.0,0.026019999766848823,ground_equivalent_excess_gamma_dose_rate,uSv/h,one_noise_free_measurement_per_executed_route_node
2650,522540.9204974669,5697164.290406496,50.0,1.0,0.025158778207403365,ground_equivalent_excess_gamma_dose_rate,uSv/h,one_noise_free_measurement_per_executed_route_node
2651,522560.9204974669,5697184.290406496,50.0,1.0,0.02542854254620866,ground_equivalent_excess_gamma_dose_rate,uSv/h,one_noise_free_measurement_per_executed_route_node
2652,522540.9204974669,5697184.290406496,50.0,1.0,0.024605409340376028,ground_equivalent_excess_gamma_dose_rate,uSv/h,one_noise_free_measurement_per_executed_route_node
2653,522560.9204974669,5697184.290406496,50.0,1.0,0.02542854254620866,ground_equivalent_excess_gamma_dose_rate,uSv/h,one_noise_free_measurement_per_executed_route_node
2654,522540.9204974669,5697164.290406496,50.0,1.0,0.025158778207403365,ground_equivalent_excess_gamma_dose_rate,uSv/h,one_noise_free_measurement_per_executed_route_node
2655,522540.9204974669,5697144.290406496,50.0,1.0,0.025716429811757785,ground_equivalent_excess_gamma_dose_rate,uSv/h,one_noise_free_measurement_per_executed_route_node
2656,522540.9204974669,5697164.290406496,50.0,1.0,0.025158778207403365,ground_equivalent_excess_gamma_dose_rate,uSv/h,one_noise_free_measurement_per_executed_route_node
2657,522560.9204974669,5697144.290406496,50.0,1.0,0.02661693619922126,ground_equivalent_excess_gamma_dose_rate,uSv/h,one_noise_free_measurement_per_executed_route_node
2658,522540.9204974669,5697144.290406496,50.0,1.0,0.025716429811757785,ground_equivalent_excess_gamma_dose_rate,uSv/h,one_noise_free_measurement_per_executed_route_node
2659,522560.9204974669,5697144.290406496,50.0,1.0,0.02661693619922126,ground_equivalent_excess_gamma_dose_rate,uSv/h,one_noise_free_measurement_per_executed_route_node
2660,522540.9204974669,5697124.290406496,50.0,1.0,0.026277248407522186,ground_equivalent_excess_gamma_dose_rate,uSv/h,one_noise_free_measurement_per_executed_route_node
2661,522560.9204974669,5697124.290406496,50.0,1.0,0.027218177702615115,ground_equivalent_excess_gamma_dose_rate,uSv/h,one_noise_free_measurement_per_executed_route_node
2662,522580.9204974669,5697104.290406496,50.0,1.0,0.028852818995059454,ground_equivalent_excess_gamma_dose_rate,uSv/h,one_noise_free_measurement_per_executed_route_node
2663,522580.9204974669,5697084.290406496,50.0,1.0,0.02950483782684185,ground_equivalent_excess_gamma_dose_rate,uSv/h,one_noise_free_measurement_per_executed_route_node
2664,522560.9204974669,5697084.290406496,50.0,1.0,0.028428207841902642,ground_equivalent_excess_gamma_dose_rate,uSv/h,one_noise_free_measurement_per_executed_route_node
2665,522540.9204974669,5697084.290406496,50.0,1.0,0.027403332781384238,ground_equivalent_excess_gamma_dose_rate,uSv/h,one_noise_free_measurement_per_executed_route_node
2666,522540.9204974669,5697064.290406496,50.0,1.0,0.02796576983604604,ground_equivalent_excess_gamma_dose_rate,uSv/h,one_noise_free_measurement_per_executed_route_node
2667,522560.9204974669,5697064.290406496,50.0,1.0,0.029033966478182432,ground_equivalent_excess_gamma_dose_rate,uSv/h,one_noise_free_measurement_per_executed_route_node
2668,522540.9204974669,5697084.290406496,50.0,1.0,0.027403332781384238,ground_equivalent_excess_gamma_dose_rate,uSv/h,one_noise_free_measurement_per_executed_route_node
2669,522560.9204974669,5697064.290406496,50.0,1.0,0.029033966478182432,ground_equivalent_excess_gamma_dose_rate,uSv/h,one_noise_free_measurement_per_executed_route_node
2670,522580.9204974669,5697084.290406496,50.0,1.0,0.02950483782684185,ground_equivalent_excess_gamma_dose_rate,uSv/h,one_noise_free_measurement_per_executed_route_node
2671,522600.9204974669,5697084.290406496,50.0,1.0,0.03063616192832322,ground_equivalent_excess_gamma_dose_rate,uSv/h,one_noise_free_measurement_per_executed_route_node
2672,522600.9204974669,5697104.290406496,50.0,1.0,0.02993377803112271,ground_equivalent_excess_gamma_dose_rate,uSv/h,one_noise_free_measurement_per_executed_route_node
2673,522580.9204974669,5697084.290406496,50.0,1.0,0.02950483782684185,ground_equivalent_excess_gamma_dose_rate,uSv/h,one_noise_free_measurement_per_executed_route_node
2674,522580.9204974669,5697104.290406496,50.0,1.0,0.028852818995059454,ground_equivalent_excess_gamma_dose_rate,uSv/h,one_noise_free_measurement_per_executed_route_node
2675,522600.9204974669,5697084.290406496,50.0,1.0,0.03063616192832322,ground_equivalent_excess_gamma_dose_rate,uSv/h,one_noise_free_measurement_per_executed_route_node
2676,522580.9204974669,5697104.290406496,50.0,1.0,0.028852818995059454,ground_equivalent_excess_gamma_dose_rate,uSv/h,one_noise_free_measurement_per_executed_route_node
2677,522580.9204974669,5697124.290406496,50.0,1.0,0.02820351762829673,ground_equivalent_excess_gamma_dose_rate,uSv/h,one_noise_free_measurement_per_executed_route_node
2678,522600.9204974669,5697104.290406496,50.0,1.0,0.02993377803112271,ground_equivalent_excess_gamma_dose_rate,uSv/h,one_noise_free_measurement_per_executed_route_node
2679,522620.9204974669,5697084.290406496,50.0,1.0,0.03182525941424638,ground_equivalent_excess_gamma_dose_rate,uSv/h,one_noise_free_measurement_per_executed_route_node
2680,522600.9204974669,5697064.290406496,50.0,1.0,0.0313408366684686,ground_equivalent_excess_gamma_dose_rate,uSv/h,one_noise_free_measurement_per_executed_route_node
2681,522620.9204974669,5697064.290406496,50.0,1.0,0.03258637706293646,ground_equivalent_excess_gamma_dose_rate,uSv/h,one_noise_free_measurement_per_executed_route_node
2682,522620.9204974669,5697084.290406496,50.0,1.0,0.03182525941424638,ground_equivalent_excess_gamma_dose_rate,uSv/h,one_noise_free_measurement_per_executed_route_node
2683,522600.9204974669,5697084.290406496,50.0,1.0,0.03063616192832322,ground_equivalent_excess_gamma_dose_rate,uSv/h,one_noise_free_measurement_per_executed_route_node
2684,522600.9204974669,5697064.290406496,50.0,1.0,0.0313408366684686,ground_equivalent_excess_gamma_dose_rate,uSv/h,one_noise_free_measurement_per_executed_route_node
2685,522620.9204974669,5697044.290406496,50.0,1.0,0.03334916438210364,ground_equivalent_excess_gamma_dose_rate,uSv/h,one_noise_free_measurement_per_executed_route_node
2686,522600.9204974669,5697044.290406496,50.0,1.0,0.0320457960262191,ground_equivalent_excess_gamma_dose_rate,uSv/h,one_noise_free_measurement_per_executed_route_node
2687,522620.9204974669,5697064.290406496,50.0,1.0,0.03258637706293646,ground_equivalent_excess_gamma_dose_rate,uSv/h,one_noise_free_measurement_per_executed_route_node
2688,522600.9204974669,5697044.290406496,50.0,1.0,0.0320457960262191,ground_equivalent_excess_gamma_dose_rate,uSv/h,one_noise_free_measurement_per_executed_route_node
2689,522620.9204974669,5697024.290406496,50.0,1.0,0.034111243419002846,ground_equivalent_excess_gamma_dose_rate,uSv/h,one_noise_free_measurement_per_executed_route_node
2690,522600.9204974669,5697044.290406496,50.0,1.0,0.0320457960262191,ground_equivalent_excess_gamma_dose_rate,uSv/h,one_noise_free_measurement_per_executed_route_node
2691,522600.9204974669,5697024.290406496,50.0,1.0,0.0327488433149723,ground_equivalent_excess_gamma_dose_rate,uSv/h,one_noise_free_measurement_per_executed_route_node
2692,522620.9204974669,5697044.290406496,50.0,1.0,0.03334916438210364,ground_equivalent_excess_gamma_dose_rate,uSv/h,one_noise_free_measurement_per_executed_route_node
2693,522640.9204974669,5697064.290406496,50.0,1.0,0.03389820393606541,ground_equivalent_excess_gamma_dose_rate,uSv/h,one_noise_free_measurement_per_executed_route_node
2694,522620.9204974669,5697064.290406496,50.0,1.0,0.03258637706293646,ground_equivalent_excess_gamma_dose_rate,uSv/h,one_noise_free_measurement_per_executed_route_node
2695,522600.9204974669,5697084.290406496,50.0,1.0,0.03063616192832322,ground_equivalent_excess_gamma_dose_rate,uSv/h,one_noise_free_measurement_per_executed_route_node
2696,522600.9204974669,5697104.290406496,50.0,1.0,0.02993377803112271,ground_equivalent_excess_gamma_dose_rate,uSv/h,one_noise_free_measurement_per_executed_route_node
2697,522580.9204974669,5697124.290406496,50.0,1.0,0.02820351762829673,ground_equivalent_excess_gamma_dose_rate,uSv/h,one_noise_free_measurement_per_executed_route_node
2698,522580.9204974669,5697104.290406496,50.0,1.0,0.028852818995059454,ground_equivalent_excess_gamma_dose_rate,uSv/h,one_noise_free_measurement_per_executed_route_node
2699,522560.9204974669,5697084.290406496,50.0,1.0,0.028428207841902642,ground_equivalent_excess_gamma_dose_rate,uSv/h,one_noise_free_measurement_per_executed_route_node
2700,522580.9204974669,5697064.290406496,50.0,1.0,0.030157874733621914,ground_equivalent_excess_gamma_dose_rate,uSv/h,one_noise_free_measurement_per_executed_route_node
2701,522580.9204974669,5697044.290406496,50.0,1.0,0.03081006724646948,ground_equivalent_excess_gamma_dose_rate,uSv/h,one_noise_free_measurement_per_executed_route_node
2702,522600.9204974669,5697024.290406496,50.0,1.0,0.0327488433149723,ground_equivalent_excess_gamma_dose_rate,uSv/h,one_noise_free_measurement_per_executed_route_node
2703,522580.9204974669,5697044.290406496,50.0,1.0,0.03081006724646948,ground_equivalent_excess_gamma_dose_rate,uSv/h,one_noise_free_measurement_per_executed_route_node
2704,522600.9204974669,5697044.290406496,50.0,1.0,0.0320457960262191,ground_equivalent_excess_gamma_dose_rate,uSv/h,one_noise_free_measurement_per_executed_route_node
2705,522600.9204974669,5697024.290406496,50.0,1.0,0.0327488433149723,ground_equivalent_excess_gamma_dose_rate,uSv/h,one_noise_free_measurement_per_executed_route_node
2706,522580.9204974669,5697004.290406496,50.0,1.0,0.032103655863601865,ground_equivalent_excess_gamma_dose_rate,uSv/h,one_noise_free_measurement_per_executed_route_node
2707,522580.9204974669,5696984.290406497,50.0,1.0,0.032740523812590905,ground_equivalent_excess_gamma_dose_rate,uSv/h,one_noise_free_measurement_per_executed_route_node
2708,522560.9204974669,5696984.290406497,50.0,1.0,0.031420089508532006,ground_equivalent_excess_gamma_dose_rate,uSv/h,one_noise_free_measurement_per_executed_route_node
2709,522560.9204974669,5697004.290406496,50.0,1.0,0.030833095293060997,ground_equivalent_excess_gamma_dose_rate,uSv/h,one_noise_free_measurement_per_executed_route_node
2710,522580.9204974669,5696984.290406497,50.0,1.0,0.032740523812590905,ground_equivalent_excess_gamma_dose_rate,uSv/h,one_noise_free_measurement_per_executed_route_node
2711,522600.9204974669,5696964.290406497,50.0,1.0,0.03482173649830961,ground_equivalent_excess_gamma_dose_rate,uSv/h,one_noise_free_measurement_per_executed_route_node
2712,522620.9204974669,5696964.290406497,50.0,1.0,0.036366132593445455,ground_equivalent_excess_gamma_dose_rate,uSv/h,one_noise_free_measurement_per_executed_route_node
2713,522600.9204974669,5696944.290406497,50.0,1.0,0.035491471333942315,ground_equivalent_excess_gamma_dose_rate,uSv/h,one_noise_free_measurement_per_executed_route_node
2714,522600.9204974669,5696924.290406497,50.0,1.0,0.03614561712793685,ground_equivalent_excess_gamma_dose_rate,uSv/h,one_noise_free_measurement_per_executed_route_node
2715,522580.9204974669,5696904.290406497,50.0,1.0,0.03516230987187777,ground_equivalent_excess_gamma_dose_rate,uSv/h,one_noise_free_measurement_per_executed_route_node
2716,522600.9204974669,5696904.290406497,50.0,1.0,0.03678098698812757,ground_equivalent_excess_gamma_dose_rate,uSv/h,one_noise_free_measurement_per_executed_route_node
2717,522580.9204974669,5696904.290406497,50.0,1.0,0.03516230987187777,ground_equivalent_excess_gamma_dose_rate,uSv/h,one_noise_free_measurement_per_executed_route_node
2718,522600.9204974669,5696904.290406497,50.0,1.0,0.03678098698812757,ground_equivalent_excess_gamma_dose_rate,uSv/h,one_noise_free_measurement_per_executed_route_node
2719,522620.9204974669,5696904.290406497,50.0,1.0,0.03850837426012907,ground_equivalent_excess_gamma_dose_rate,uSv/h,one_noise_free_measurement_per_executed_route_node
2720,522600.9204974669,5696904.290406497,50.0,1.0,0.03678098698812757,ground_equivalent_excess_gamma_dose_rate,uSv/h,one_noise_free_measurement_per_executed_route_node
2721,522600.9204974669,5696924.290406497,50.0,1.0,0.03614561712793685,ground_equivalent_excess_gamma_dose_rate,uSv/h,one_noise_free_measurement_per_executed_route_node
2722,522620.9204974669,5696944.290406497,50.0,1.0,0.0370972159486643,ground_equivalent_excess_gamma_dose_rate,uSv/h,one_noise_free_measurement_per_executed_route_node
2723,522600.9204974669,5696924.290406497,50.0,1.0,0.03614561712793685,ground_equivalent_excess_gamma_dose_rate,uSv/h,one_noise_free_measurement_per_executed_route_node
2724,522620.9204974669,5696944.290406497,50.0,1.0,0.0370972159486643,ground_equivalent_excess_gamma_dose_rate,uSv/h,one_noise_free_measurement_per_executed_route_node
2725,522620.9204974669,5696924.290406497,50.0,1.0,0.03781248837287218,ground_equivalent_excess_gamma_dose_rate,uSv/h,one_noise_free_measurement_per_executed_route_node
2726,522620.9204974669,5696904.290406497,50.0,1.0,0.03850837426012907,ground_equivalent_excess_gamma_dose_rate,uSv/h,one_noise_free_measurement_per_executed_route_node
2727,522640.9204974669,5696904.290406497,50.0,1.0,0.04035383029814721,ground_equivalent_excess_gamma_dose_rate,uSv/h,one_noise_free_measurement_per_executed_route_node
2728,522620.9204974669,5696884.290406497,50.0,1.0,0.03918116706424207,ground_equivalent_excess_gamma_dose_rate,uSv/h,one_noise_free_measurement_per_executed_route_node
2729,522640.9204974669,5696864.290406497,50.0,1.0,0.04180432156517988,ground_equivalent_excess_gamma_dose_rate,uSv/h,one_noise_free_measurement_per_executed_route_node
2730,522640.9204974669,5696844.290406497,50.0,1.0,0.042482579568478146,ground_equivalent_excess_gamma_dose_rate,uSv/h,one_noise_free_measurement_per_executed_route_node
2731,522620.9204974669,5696844.290406497,50.0,1.0,0.04044220696497819,ground_equivalent_excess_gamma_dose_rate,uSv/h,one_noise_free_measurement_per_executed_route_node
2732,522620.9204974669,5696864.290406497,50.0,1.0,0.03982706407597458,ground_equivalent_excess_gamma_dose_rate,uSv/h,one_noise_free_measurement_per_executed_route_node
2733,522640.9204974669,5696884.290406497,50.0,1.0,0.04109327257628215,ground_equivalent_excess_gamma_dose_rate,uSv/h,one_noise_free_measurement_per_executed_route_node
2734,522640.9204974669,5696864.290406497,50.0,1.0,0.04180432156517988,ground_equivalent_excess_gamma_dose_rate,uSv/h,one_noise_free_measurement_per_executed_route_node
2735,522660.9204974669,5696864.290406497,50.0,1.0,0.04392632957176015,ground_equivalent_excess_gamma_dose_rate,uSv/h,one_noise_free_measurement_per_executed_route_node
2736,522640.9204974669,5696864.290406497,50.0,1.0,0.04180432156517988,ground_equivalent_excess_gamma_dose_rate,uSv/h,one_noise_free_measurement_per_executed_route_node
2737,522620.9204974669,5696864.290406497,50.0,1.0,0.03982706407597458,ground_equivalent_excess_gamma_dose_rate,uSv/h,one_noise_free_measurement_per_executed_route_node
2738,522600.9204974669,5696884.290406497,50.0,1.0,0.03739429338709027,ground_equivalent_excess_gamma_dose_rate,uSv/h,one_noise_free_measurement_per_executed_route_node
2739,522620.9204974669,5696904.290406497,50.0,1.0,0.03850837426012907,ground_equivalent_excess_gamma_dose_rate,uSv/h,one_noise_free_measurement_per_executed_route_node
2740,522600.9204974669,5696904.290406497,50.0,1.0,0.03678098698812757,ground_equivalent_excess_gamma_dose_rate,uSv/h,one_noise_free_measurement_per_executed_route_node
2741,522580.9204974669,5696884.290406497,50.0,1.0,0.03572241165278758,ground_equivalent_excess_gamma_dose_rate,uSv/h,one_noise_free_measurement_per_executed_route_node
2742,522600.9204974669,5696904.290406497,50.0,1.0,0.03678098698812757,ground_equivalent_excess_gamma_dose_rate,uSv/h,one_noise_free_measurement_per_executed_route_node
2743,522620.9204974669,5696924.290406497,50.0,1.0,0.03781248837287218,ground_equivalent_excess_gamma_dose_rate,uSv/h,one_noise_free_measurement_per_executed_route_node
2744,522640.9204974669,5696904.290406497,50.0,1.0,0.04035383029814721,ground_equivalent_excess_gamma_dose_rate,uSv/h,one_noise_free_measurement_per_executed_route_node
2745,522660.9204974669,5696904.290406497,50.0,1.0,0.042327661269281225,ground_equivalent_excess_gamma_dose_rate,uSv/h,one_noise_free_measurement_per_executed_route_node
2746,522660.9204974669,5696924.290406497,50.0,1.0,0.041488397415170686,ground_equivalent_excess_gamma_dose_rate,uSv/h,one_noise_free_measurement_per_executed_route_node
2747,522680.9204974669,5696924.290406497,50.0,1.0,0.04351696847228362,ground_equivalent_excess_gamma_dose_rate,uSv/h,one_noise_free_measurement_per_executed_route_node
2748,522660.9204974669,5696924.290406497,50.0,1.0,0.041488397415170686,ground_equivalent_excess_gamma_dose_rate,uSv/h,one_noise_free_measurement_per_executed_route_node
2749,522680.9204974669,5696944.290406497,50.0,1.0,0.04257229737938817,ground_equivalent_excess_gamma_dose_rate,uSv/h,one_noise_free_measurement_per_executed_route_node
2750,522680.9204974669,5696964.290406497,50.0,1.0,0.04161228439841563,ground_equivalent_excess_gamma_dose_rate,uSv/h,one_noise_free_measurement_per_executed_route_node
2751,522700.9204974669,5696964.290406497,50.0,1.0,0.04359239198226908,ground_equivalent_excess_gamma_dose_rate,uSv/h,one_noise_free_measurement_per_executed_route_node
2752,522720.9204974669,5696984.290406497,50.0,1.0,0.04453527281131919,ground_equivalent_excess_gamma_dose_rate,uSv/h,one_noise_free_measurement_per_executed_route_node
2753,522740.9204974669,5697004.290406496,50.0,1.0,0.045387617033134015,ground_equivalent_excess_gamma_dose_rate,uSv/h,one_noise_free_measurement_per_executed_route_node
2754,522740.9204974669,5696984.290406497,50.0,1.0,0.046671113941568976,ground_equivalent_excess_gamma_dose_rate,uSv/h,one_noise_free_measurement_per_executed_route_node
2755,522720.9204974669,5696984.290406497,50.0,1.0,0.04453527281131919,ground_equivalent_excess_gamma_dose_rate,uSv/h,one_noise_free_measurement_per_executed_route_node
2756,522700.9204974669,5697004.290406496,50.0,1.0,0.04146004716226914,ground_equivalent_excess_gamma_dose_rate,uSv/h,one_noise_free_measurement_per_executed_route_node
2757,522720.9204974669,5696984.290406497,50.0,1.0,0.04453527281131919,ground_equivalent_excess_gamma_dose_rate,uSv/h,one_noise_free_measurement_per_executed_route_node
2758,522740.9204974669,5696984.290406497,50.0,1.0,0.046671113941568976,ground_equivalent_excess_gamma_dose_rate,uSv/h,one_noise_free_measurement_per_executed_route_node
2759,522720.9204974669,5697004.290406496,50.0,1.0,0.04336509017570814,ground_equivalent_excess_gamma_dose_rate,uSv/h,one_noise_free_measurement_per_executed_route_node
2760,522700.9204974669,5696984.290406497,50.0,1.0,0.04252840859550533,ground_equivalent_excess_gamma_dose_rate,uSv/h,one_noise_free_measurement_per_executed_route_node
2761,522720.9204974669,5696984.290406497,50.0,1.0,0.04453527281131919,ground_equivalent_excess_gamma_dose_rate,uSv/h,one_noise_free_measurement_per_executed_route_node
2762,522700.9204974669,5697004.290406496,50.0,1.0,0.04146004716226914,ground_equivalent_excess_gamma_dose_rate,uSv/h,one_noise_free_measurement_per_executed_route_node
2763,522700.9204974669,5696984.290406497,50.0,1.0,0.04252840859550533,ground_equivalent_excess_gamma_dose_rate,uSv/h,one_noise_free_measurement_per_executed_route_node
2764,522720.9204974669,5696984.290406497,50.0,1.0,0.04453527281131919,ground_equivalent_excess_gamma_dose_rate,uSv/h,one_noise_free_measurement_per_executed_route_node
2765,522700.9204974669,5697004.290406496,50.0,1.0,0.04146004716226914,ground_equivalent_excess_gamma_dose_rate,uSv/h,one_noise_free_measurement_per_executed_route_node
2766,522680.9204974669,5696984.290406497,50.0,1.0,0.04064168879663596,ground_equivalent_excess_gamma_dose_rate,uSv/h,one_noise_free_measurement_per_executed_route_node
2767,522660.9204974669,5697004.290406496,50.0,1.0,0.0379726107691879,ground_equivalent_excess_gamma_dose_rate,uSv/h,one_noise_free_measurement_per_executed_route_node
2768,522680.9204974669,5696984.290406497,50.0,1.0,0.04064168879663596,ground_equivalent_excess_gamma_dose_rate,uSv/h,one_noise_free_measurement_per_executed_route_node
2769,522660.9204974669,5696984.290406497,50.0,1.0,0.03886686130003561,ground_equivalent_excess_gamma_dose_rate,uSv/h,one_noise_free_measurement_per_executed_route_node
2770,522640.9204974669,5697004.290406496,50.0,1.0,0.03637639696962272,ground_equivalent_excess_gamma_dose_rate,uSv/h,one_noise_free_measurement_per_executed_route_node
2771,522620.9204974669,5696984.290406497,50.0,1.0,0.03562265410593829,ground_equivalent_excess_gamma_dose_rate,uSv/h,one_noise_free_measurement_per_executed_route_node
2772,522600.9204974669,5696964.290406497,50.0,1.0,0.03482173649830961,ground_equivalent_excess_gamma_dose_rate,uSv/h,one_noise_free_measurement_per_executed_route_node
2773,522580.9204974669,5696964.290406497,50.0,1.0,0.0333675047977601,ground_equivalent_excess_gamma_dose_rate,uSv/h,one_noise_free_measurement_per_executed_route_node
2774,522600.9204974669,5696984.290406497,50.0,1.0,0.03413947282167393,ground_equivalent_excess_gamma_dose_rate,uSv/h,one_noise_free_measurement_per_executed_route_node
2775,522580.9204974669,5696964.290406497,50.0,1.0,0.0333675047977601,ground_equivalent_excess_gamma_dose_rate,uSv/h,one_noise_free_measurement_per_executed_route_node
2776,522580.9204974669,5696984.290406497,50.0,1.0,0.032740523812590905,ground_equivalent_excess_gamma_dose_rate,uSv/h,one_noise_free_measurement_per_executed_route_node
2777,522560.9204974669,5696964.290406497,50.0,1.0,0.03199707204970953,ground_equivalent_excess_gamma_dose_rate,uSv/h,one_noise_free_measurement_per_executed_route_node
2778,522540.9204974669,5696964.290406497,50.0,1.0,0.03070456978060304,ground_equivalent_excess_gamma_dose_rate,uSv/h,one_noise_free_measurement_per_executed_route_node
2779,522520.9204974669,5696964.290406497,50.0,1.0,0.02948458781376323,ground_equivalent_excess_gamma_dose_rate,uSv/h,one_noise_free_measurement_per_executed_route_node
2780,522500.9204974669,5696964.290406497,50.0,1.0,0.028332137908490485,ground_equivalent_excess_gamma_dose_rate,uSv/h,one_noise_free_measurement_per_executed_route_node
2781,522480.9204974669,5696944.290406497,50.0,1.0,0.02765083156943554,ground_equivalent_excess_gamma_dose_rate,uSv/h,one_noise_free_measurement_per_executed_route_node
2782,522480.9204974669,5696964.290406497,50.0,1.0,0.027242619795858375,ground_equivalent_excess_gamma_dose_rate,uSv/h,one_noise_free_measurement_per_executed_route_node
2783,522500.9204974669,5696944.290406497,50.0,1.0,0.028773918690302602,ground_equivalent_excess_gamma_dose_rate,uSv/h,one_noise_free_measurement_per_executed_route_node
2784,522500.9204974669,5696964.290406497,50.0,1.0,0.028332137908490485,ground_equivalent_excess_gamma_dose_rate,uSv/h,one_noise_free_measurement_per_executed_route_node
2785,522480.9204974669,5696984.290406497,50.0,1.0,0.026823242266885344,ground_equivalent_excess_gamma_dose_rate,uSv/h,one_noise_free_measurement_per_executed_route_node
2786,522500.9204974669,5696984.290406497,50.0,1.0,0.027878824238272787,ground_equivalent_excess_gamma_dose_rate,uSv/h,one_noise_free_measurement_per_executed_route_node
2787,522520.9204974669,5696964.290406497,50.0,1.0,0.02948458781376323,ground_equivalent_excess_gamma_dose_rate,uSv/h,one_noise_free_measurement_per_executed_route_node
2788,522500.9204974669,5696984.290406497,50.0,1.0,0.027878824238272787,ground_equivalent_excess_gamma_dose_rate,uSv/h,one_noise_free_measurement_per_executed_route_node
2789,522520.9204974669,5697004.290406496,50.0,1.0,0.028493399282228438,ground_equivalent_excess_gamma_dose_rate,uSv/h,one_noise_free_measurement_per_executed_route_node
2790,522540.9204974669,5697024.290406496,50.0,1.0,0.02908145341237986,ground_equivalent_excess_gamma_dose_rate,uSv/h,one_noise_free_measurement_per_executed_route_node
2791,522560.9204974669,5697044.290406496,50.0,1.0,0.029637966853804376,ground_equivalent_excess_gamma_dose_rate,uSv/h,one_noise_free_measurement_per_executed_route_node
2792,522560.9204974669,5697024.290406496,50.0,1.0,0.030238343672185475,ground_equivalent_excess_gamma_dose_rate,uSv/h,one_noise_free_measurement_per_executed_route_node
2793,522580.9204974669,5697024.290406496,50.0,1.0,0.03145938974086496,ground_equivalent_excess_gamma_dose_rate,uSv/h,one_noise_free_measurement_per_executed_route_node
2794,522560.9204974669,5697024.290406496,50.0,1.0,0.030238343672185475,ground_equivalent_excess_gamma_dose_rate,uSv/h,one_noise_free_measurement_per_executed_route_node
2795,522580.9204974669,5697044.290406496,50.0,1.0,0.03081006724646948,ground_equivalent_excess_gamma_dose_rate,uSv/h,one_noise_free_measurement_per_executed_route_node
2796,522600.9204974669,5697064.290406496,50.0,1.0,0.0313408366684686,ground_equivalent_excess_gamma_dose_rate,uSv/h,one_noise_free_measurement_per_executed_route_node
2797,522600.9204974669,5697084.290406496,50.0,1.0,0.03063616192832322,ground_equivalent_excess_gamma_dose_rate,uSv/h,one_noise_free_measurement_per_executed_route_node
2798,522600.9204974669,5697064.290406496,50.0,1.0,0.0313408366684686,ground_equivalent_excess_gamma_dose_rate,uSv/h,one_noise_free_measurement_per_executed_route_node
2799,522620.9204974669,5697044.290406496,50.0,1.0,0.03334916438210364,ground_equivalent_excess_gamma_dose_rate,uSv/h,one_noise_free_measurement_per_executed_route_node
2800,522600.9204974669,5697064.290406496,50.0,1.0,0.0313408366684686,ground_equivalent_excess_gamma_dose_rate,uSv/h,one_noise_free_measurement_per_executed_route_node
2801,522580.9204974669,5697084.290406496,50.0,1.0,0.02950483782684185,ground_equivalent_excess_gamma_dose_rate,uSv/h,one_noise_free_measurement_per_executed_route_node
2802,522600.9204974669,5697064.290406496,50.0,1.0,0.0313408366684686,ground_equivalent_excess_gamma_dose_rate,uSv/h,one_noise_free_measurement_per_executed_route_node
2803,522600.9204974669,5697044.290406496,50.0,1.0,0.0320457960262191,ground_equivalent_excess_gamma_dose_rate,uSv/h,one_noise_free_measurement_per_executed_route_node
2804,522600.9204974669,5697024.290406496,50.0,1.0,0.0327488433149723,ground_equivalent_excess_gamma_dose_rate,uSv/h,one_noise_free_measurement_per_executed_route_node
2805,522580.9204974669,5697044.290406496,50.0,1.0,0.03081006724646948,ground_equivalent_excess_gamma_dose_rate,uSv/h,one_noise_free_measurement_per_executed_route_node
2806,522560.9204974669,5697044.290406496,50.0,1.0,0.029637966853804376,ground_equivalent_excess_gamma_dose_rate,uSv/h,one_noise_free_measurement_per_executed_route_node
2807,522540.9204974669,5697044.290406496,50.0,1.0,0.028525715327929968,ground_equivalent_excess_gamma_dose_rate,uSv/h,one_noise_free_measurement_per_executed_route_node
2808,522540.9204974669,5697064.290406496,50.0,1.0,0.02796576983604604,ground_equivalent_excess_gamma_dose_rate,uSv/h,one_noise_free_measurement_per_executed_route_node
2809,522520.9204974669,5697044.290406496,50.0,1.0,0.027469757197659594,ground_equivalent_excess_gamma_dose_rate,uSv/h,one_noise_free_measurement_per_executed_route_node
2810,522520.9204974669,5697064.290406496,50.0,1.0,0.026950122674452792,ground_equivalent_excess_gamma_dose_rate,uSv/h,one_noise_free_measurement_per_executed_route_node
2811,522540.9204974669,5697044.290406496,50.0,1.0,0.028525715327929968,ground_equivalent_excess_gamma_dose_rate,uSv/h,one_noise_free_measurement_per_executed_route_node
2812,522560.9204974669,5697064.290406496,50.0,1.0,0.029033966478182432,ground_equivalent_excess_gamma_dose_rate,uSv/h,one_noise_free_measurement_per_executed_route_node
2813,522580.9204974669,5697084.290406496,50.0,1.0,0.02950483782684185,ground_equivalent_excess_gamma_dose_rate,uSv/h,one_noise_free_measurement_per_executed_route_node
2814,522600.9204974669,5697084.290406496,50.0,1.0,0.03063616192832322,ground_equivalent_excess_gamma_dose_rate,uSv/h,one_noise_free_measurement_per_executed_route_node
2815,522620.9204974669,5697064.290406496,50.0,1.0,0.03258637706293646,ground_equivalent_excess_gamma_dose_rate,uSv/h,one_noise_free_measurement_per_executed_route_node
2816,522620.9204974669,5697044.290406496,50.0,1.0,0.03334916438210364,ground_equivalent_excess_gamma_dose_rate,uSv/h,one_noise_free_measurement_per_executed_route_node
2817,522620.9204974669,5697024.290406496,50.0,1.0,0.034111243419002846,ground_equivalent_excess_gamma_dose_rate,uSv/h,one_noise_free_measurement_per_executed_route_node
2818,522640.9204974669,5697044.290406496,50.0,1.0,0.03472442094251113,ground_equivalent_excess_gamma_dose_rate,uSv/h,one_noise_free_measurement_per_executed_route_node
2819,522640.9204974669,5697024.290406496,50.0,1.0,0.035551428691439235,ground_equivalent_excess_gamma_dose_rate,uSv/h,one_noise_free_measurement_per_executed_route_node
2820,522620.9204974669,5697024.290406496,50.0,1.0,0.034111243419002846,ground_equivalent_excess_gamma_dose_rate,uSv/h,one_noise_free_measurement_per_executed_route_node
2821,522600.9204974669,5697024.290406496,50.0,1.0,0.0327488433149723,ground_equivalent_excess_gamma_dose_rate,uSv/h,one_noise_free_measurement_per_executed_route_node
2822,522580.9204974669,5697044.290406496,50.0,1.0,0.03081006724646948,ground_equivalent_excess_gamma_dose_rate,uSv/h,one_noise_free_measurement_per_executed_route_node
2823,522580.9204974669,5697064.290406496,50.0,1.0,0.030157874733621914,ground_equivalent_excess_gamma_dose_rate,uSv/h,one_noise_free_measurement_per_executed_route_node
2824,522600.9204974669,5697064.290406496,50.0,1.0,0.0313408366684686,ground_equivalent_excess_gamma_dose_rate,uSv/h,one_noise_free_measurement_per_executed_route_node
2825,522600.9204974669,5697084.290406496,50.0,1.0,0.03063616192832322,ground_equivalent_excess_gamma_dose_rate,uSv/h,one_noise_free_measurement_per_executed_route_node
2826,522620.9204974669,5697084.290406496,50.0,1.0,0.03182525941424638,ground_equivalent_excess_gamma_dose_rate,uSv/h,one_noise_free_measurement_per_executed_route_node
2827,522600.9204974669,5697084.290406496,50.0,1.0,0.03063616192832322,ground_equivalent_excess_gamma_dose_rate,uSv/h,one_noise_free_measurement_per_executed_route_node
2828,522600.9204974669,5697064.290406496,50.0,1.0,0.0313408366684686,ground_equivalent_excess_gamma_dose_rate,uSv/h,one_noise_free_measurement_per_executed_route_node
2829,522600.9204974669,5697044.290406496,50.0,1.0,0.0320457960262191,ground_equivalent_excess_gamma_dose_rate,uSv/h,one_noise_free_measurement_per_executed_route_node
2830,522580.9204974669,5697044.290406496,50.0,1.0,0.03081006724646948,ground_equivalent_excess_gamma_dose_rate,uSv/h,one_noise_free_measurement_per_executed_route_node
2831,522560.9204974669,5697024.290406496,50.0,1.0,0.030238343672185475,ground_equivalent_excess_gamma_dose_rate,uSv/h,one_noise_free_measurement_per_executed_route_node
2832,522580.9204974669,5697004.290406496,50.0,1.0,0.032103655863601865,ground_equivalent_excess_gamma_dose_rate,uSv/h,one_noise_free_measurement_per_executed_route_node
2833,522560.9204974669,5697004.290406496,50.0,1.0,0.030833095293060997,ground_equivalent_excess_gamma_dose_rate,uSv/h,one_noise_free_measurement_per_executed_route_node
2834,522540.9204974669,5697004.290406496,50.0,1.0,0.029631152687721457,ground_equivalent_excess_gamma_dose_rate,uSv/h,one_noise_free_measurement_per_executed_route_node
2835,522540.9204974669,5697024.290406496,50.0,1.0,0.02908145341237986,ground_equivalent_excess_gamma_dose_rate,uSv/h,one_noise_free_measurement_per_executed_route_node
2836,522560.9204974669,5697044.290406496,50.0,1.0,0.029637966853804376,ground_equivalent_excess_gamma_dose_rate,uSv/h,one_noise_free_measurement_per_executed_route_node
2837,522540.9204974669,5697064.290406496,50.0,1.0,0.02796576983604604,ground_equivalent_excess_gamma_dose_rate,uSv/h,one_noise_free_measurement_per_executed_route_node
2838,522520.9204974669,5697044.290406496,50.0,1.0,0.027469757197659594,ground_equivalent_excess_gamma_dose_rate,uSv/h,one_noise_free_measurement_per_executed_route_node
2839,522500.9204974669,5697044.290406496,50.0,1.0,0.026466752147435463,ground_equivalent_excess_gamma_dose_rate,uSv/h,one_noise_free_measurement_per_executed_route_node
2840,522480.9204974669,5697064.290406496,50.0,1.0,0.02506469994164892,ground_equivalent_excess_gamma_dose_rate,uSv/h,one_noise_free_measurement_per_executed_route_node
2841,522500.9204974669,5697064.290406496,50.0,1.0,0.025984038332443588,ground_equivalent_excess_gamma_dose_rate,uSv/h,one_noise_free_measurement_per_executed_route_node
2842,522480.9204974669,5697064.290406496,50.0,1.0,0.02506469994164892,ground_equivalent_excess_gamma_dose_rate,uSv/h,one_noise_free_measurement_per_executed_route_node
2843,522460.9204974669,5697064.290406496,50.0,1.0,0.02418945389957583,ground_equivalent_excess_gamma_dose_rate,uSv/h,one_noise_free_measurement_per_executed_route_node
2844,522440.9204974669,5697064.290406496,50.0,1.0,0.023355802788983138,ground_equivalent_excess_gamma_dose_rate,uSv/h,one_noise_free_measurement_per_executed_route_node
2845,522460.9204974669,5697064.290406496,50.0,1.0,0.02418945389957583,ground_equivalent_excess_gamma_dose_rate,uSv/h,one_noise_free_measurement_per_executed_route_node
2846,522460.9204974669,5697044.290406496,50.0,1.0,0.02460725703925898,ground_equivalent_excess_gamma_dose_rate,uSv/h,one_noise_free_measurement_per_executed_route_node
2847,522480.9204974669,5697044.290406496,50.0,1.0,0.025513565301795438,ground_equivalent_excess_gamma_dose_rate,uSv/h,one_noise_free_measurement_per_executed_route_node
2848,522480.9204974669,5697024.290406496,50.0,1.0,0.02595722182207061,ground_equivalent_excess_gamma_dose_rate,uSv/h,one_noise_free_measurement_per_executed_route_node
2849,522460.9204974669,5697044.290406496,50.0,1.0,0.02460725703925898,ground_equivalent_excess_gamma_dose_rate,uSv/h,one_noise_free_measurement_per_executed_route_node
2850,522460.9204974669,5697064.290406496,50.0,1.0,0.02418945389957583,ground_equivalent_excess_gamma_dose_rate,uSv/h,one_noise_free_measurement_per_executed_route_node
2851,522480.9204974669,5697064.290406496,50.0,1.0,0.02506469994164892,ground_equivalent_excess_gamma_dose_rate,uSv/h,one_noise_free_measurement_per_executed_route_node
2852,522460.9204974669,5697064.290406496,50.0,1.0,0.02418945389957583,ground_equivalent_excess_gamma_dose_rate,uSv/h,one_noise_free_measurement_per_executed_route_node
2853,522480.9204974669,5697084.290406496,50.0,1.0,0.024611956251931327,ground_equivalent_excess_gamma_dose_rate,uSv/h,one_noise_free_measurement_per_executed_route_node
2854,522460.9204974669,5697104.290406496,50.0,1.0,0.023342587060275588,ground_equivalent_excess_gamma_dose_rate,uSv/h,one_noise_free_measurement_per_executed_route_node
2855,522440.9204974669,5697104.290406496,50.0,1.0,0.022565348217126774,ground_equivalent_excess_gamma_dose_rate,uSv/h,one_noise_free_measurement_per_executed_route_node
2856,522420.9204974669,5697084.290406496,50.0,1.0,0.02219390961971396,ground_equivalent_excess_gamma_dose_rate,uSv/h,one_noise_free_measurement_per_executed_route_node
2857,522400.9204974669,5697064.290406496,50.0,1.0,0.02180403205391801,ground_equivalent_excess_gamma_dose_rate,uSv/h,one_noise_free_measurement_per_executed_route_node
2858,522400.9204974669,5697044.290406496,50.0,1.0,0.022142918423640662,ground_equivalent_excess_gamma_dose_rate,uSv/h,one_noise_free_measurement_per_executed_route_node
2859,522400.9204974669,5697024.290406496,50.0,1.0,0.02247632773497124,ground_equivalent_excess_gamma_dose_rate,uSv/h,one_noise_free_measurement_per_executed_route_node
2860,522380.9204974669,5697044.290406496,50.0,1.0,0.021398270980595047,ground_equivalent_excess_gamma_dose_rate,uSv/h,one_noise_free_measurement_per_executed_route_node
2861,522400.9204974669,5697044.290406496,50.0,1.0,0.022142918423640662,ground_equivalent_excess_gamma_dose_rate,uSv/h,one_noise_free_measurement_per_executed_route_node
2862,522420.9204974669,5697064.290406496,50.0,1.0,0.022561397974180886,ground_equivalent_excess_gamma_dose_rate,uSv/h,one_noise_free_measurement_per_executed_route_node
2863,522440.9204974669,5697064.290406496,50.0,1.0,0.023355802788983138,ground_equivalent_excess_gamma_dose_rate,uSv/h,one_noise_free_measurement_per_executed_route_node
2864,522460.9204974669,5697084.290406496,50.0,1.0,0.02376751114703446,ground_equivalent_excess_gamma_dose_rate,uSv/h,one_noise_free_measurement_per_executed_route_node
2865,522480.9204974669,5697084.290406496,50.0,1.0,0.024611956251931327,ground_equivalent_excess_gamma_dose_rate,uSv/h,one_noise_free_measurement_per_executed_route_node
2866,522500.9204974669,5697064.290406496,50.0,1.0,0.025984038332443588,ground_equivalent_excess_gamma_dose_rate,uSv/h,one_noise_free_measurement_per_executed_route_node
2867,522480.9204974669,5697084.290406496,50.0,1.0,0.024611956251931327,ground_equivalent_excess_gamma_dose_rate,uSv/h,one_noise_free_measurement_per_executed_route_node
2868,522460.9204974669,5697084.290406496,50.0,1.0,0.02376751114703446,ground_equivalent_excess_gamma_dose_rate,uSv/h,one_noise_free_measurement_per_executed_route_node
2869,522480.9204974669,5697064.290406496,50.0,1.0,0.02506469994164892,ground_equivalent_excess_gamma_dose_rate,uSv/h,one_noise_free_measurement_per_executed_route_node
2870,522460.9204974669,5697064.290406496,50.0,1.0,0.02418945389957583,ground_equivalent_excess_gamma_dose_rate,uSv/h,one_noise_free_measurement_per_executed_route_node
2871,522440.9204974669,5697084.290406496,50.0,1.0,0.022962205444792216,ground_equivalent_excess_gamma_dose_rate,uSv/h,one_noise_free_measurement_per_executed_route_node
2872,522420.9204974669,5697084.290406496,50.0,1.0,0.02219390961971396,ground_equivalent_excess_gamma_dose_rate,uSv/h,one_noise_free_measurement_per_executed_route_node
2873,522400.9204974669,5697104.290406496,50.0,1.0,0.0211135719322518,ground_equivalent_excess_gamma_dose_rate,uSv/h,one_noise_free_measurement_per_executed_route_node
2874,522420.9204974669,5697124.290406496,50.0,1.0,0.02144945581777516,ground_equivalent_excess_gamma_dose_rate,uSv/h,one_noise_free_measurement_per_executed_route_node
2875,522400.9204974669,5697124.290406496,50.0,1.0,0.020763769599831616,ground_equivalent_excess_gamma_dose_rate,uSv/h,one_noise_free_measurement_per_executed_route_node
2876,522420.9204974669,5697104.290406496,50.0,1.0,0.02182295059694872,ground_equivalent_excess_gamma_dose_rate,uSv/h,one_noise_free_measurement_per_executed_route_node
2877,522400.9204974669,5697104.290406496,50.0,1.0,0.0211135719322518,ground_equivalent_excess_gamma_dose_rate,uSv/h,one_noise_free_measurement_per_executed_route_node
2878,522420.9204974669,5697124.290406496,50.0,1.0,0.02144945581777516,ground_equivalent_excess_gamma_dose_rate,uSv/h,one_noise_free_measurement_per_executed_route_node
2879,522420.9204974669,5697104.290406496,50.0,1.0,0.02182295059694872,ground_equivalent_excess_gamma_dose_rate,uSv/h,one_noise_free_measurement_per_executed_route_node
2880,522440.9204974669,5697124.290406496,50.0,1.0,0.022166241634834882,ground_equivalent_excess_gamma_dose_rate,uSv/h,one_noise_free_measurement_per_executed_route_node
2881,522420.9204974669,5697124.290406496,50.0,1.0,0.02144945581777516,ground_equivalent_excess_gamma_dose_rate,uSv/h,one_noise_free_measurement_per_executed_route_node
2882,522420.9204974669,5697144.290406496,50.0,1.0,0.021074308831595612,ground_equivalent_excess_gamma_dose_rate,uSv/h,one_noise_free_measurement_per_executed_route_node
2883,522420.9204974669,5697164.290406496,50.0,1.0,0.020698340214535094,ground_equivalent_excess_gamma_dose_rate,uSv/h,one_noise_free_measurement_per_executed_route_node
2884,522420.9204974669,5697184.290406496,50.0,1.0,0.020322326635250743,ground_equivalent_excess_gamma_dose_rate,uSv/h,one_noise_free_measurement_per_executed_route_node
2885,522440.9204974669,5697204.290406496,50.0,1.0,0.02056542858998528,ground_equivalent_excess_gamma_dose_rate,uSv/h,one_noise_free_measurement_per_executed_route_node
2886,522440.9204974669,5697184.290406496,50.0,1.0,0.020964632279617673,ground_equivalent_excess_gamma_dose_rate,uSv/h,one_noise_free_measurement_per_executed_route_node
2887,522460.9204974669,5697184.290406496,50.0,1.0,0.021633877193055817,ground_equivalent_excess_gamma_dose_rate,uSv/h,one_noise_free_measurement_per_executed_route_node
2888,522440.9204974669,5697164.290406496,50.0,1.0,0.02136502411917099,ground_equivalent_excess_gamma_dose_rate,uSv/h,one_noise_free_measurement_per_executed_route_node
2889,522460.9204974669,5697144.290406496,50.0,1.0,0.022488093360086947,ground_equivalent_excess_gamma_dose_rate,uSv/h,one_noise_free_measurement_per_executed_route_node
2890,522440.9204974669,5697124.290406496,50.0,1.0,0.022166241634834882,ground_equivalent_excess_gamma_dose_rate,uSv/h,one_noise_free_measurement_per_executed_route_node
2891,522420.9204974669,5697144.290406496,50.0,1.0,0.021074308831595612,ground_equivalent_excess_gamma_dose_rate,uSv/h,one_noise_free_measurement_per_executed_route_node
2892,522440.9204974669,5697144.290406496,50.0,1.0,0.021765836834306274,ground_equivalent_excess_gamma_dose_rate,uSv/h,one_noise_free_measurement_per_executed_route_node
2893,522420.9204974669,5697164.290406496,50.0,1.0,0.020698340214535094,ground_equivalent_excess_gamma_dose_rate,uSv/h,one_noise_free_measurement_per_executed_route_node
2894,522420.9204974669,5697144.290406496,50.0,1.0,0.021074308831595612,ground_equivalent_excess_gamma_dose_rate,uSv/h,one_noise_free_measurement_per_executed_route_node
2895,522440.9204974669,5697124.290406496,50.0,1.0,0.022166241634834882,ground_equivalent_excess_gamma_dose_rate,uSv/h,one_noise_free_measurement_per_executed_route_node
2896,522420.9204974669,5697144.290406496,50.0,1.0,0.021074308831595612,ground_equivalent_excess_gamma_dose_rate,uSv/h,one_noise_free_measurement_per_executed_route_node
2897,522420.9204974669,5697164.290406496,50.0,1.0,0.020698340214535094,ground_equivalent_excess_gamma_dose_rate,uSv/h,one_noise_free_measurement_per_executed_route_node
2898,522440.9204974669,5697184.290406496,50.0,1.0,0.020964632279617673,ground_equivalent_excess_gamma_dose_rate,uSv/h,one_noise_free_measurement_per_executed_route_node
2899,522420.9204974669,5697164.290406496,50.0,1.0,0.020698340214535094,ground_equivalent_excess_gamma_dose_rate,uSv/h,one_noise_free_measurement_per_executed_route_node
2900,522440.9204974669,5697144.290406496,50.0,1.0,0.021765836834306274,ground_equivalent_excess_gamma_dose_rate,uSv/h,one_noise_free_measurement_per_executed_route_node
2901,522420.9204974669,5697124.290406496,50.0,1.0,0.02144945581777516,ground_equivalent_excess_gamma_dose_rate,uSv/h,one_noise_free_measurement_per_executed_route_node
2902,522420.9204974669,5697144.290406496,50.0,1.0,0.021074308831595612,ground_equivalent_excess_gamma_dose_rate,uSv/h,one_noise_free_measurement_per_executed_route_node
2903,522400.9204974669,5697124.290406496,50.0,1.0,0.020763769599831616,ground_equivalent_excess_gamma_dose_rate,uSv/h,one_noise_free_measurement_per_executed_route_node
2904,522420.9204974669,5697144.290406496,50.0,1.0,0.021074308831595612,ground_equivalent_excess_gamma_dose_rate,uSv/h,one_noise_free_measurement_per_executed_route_node
2905,522420.9204974669,5697124.290406496,50.0,1.0,0.02144945581777516,ground_equivalent_excess_gamma_dose_rate,uSv/h,one_noise_free_measurement_per_executed_route_node
2906,522400.9204974669,5697104.290406496,50.0,1.0,0.0211135719322518,ground_equivalent_excess_gamma_dose_rate,uSv/h,one_noise_free_measurement_per_executed_route_node
2907,522420.9204974669,5697124.290406496,50.0,1.0,0.02144945581777516,ground_equivalent_excess_gamma_dose_rate,uSv/h,one_noise_free_measurement_per_executed_route_node
2908,522400.9204974669,5697124.290406496,50.0,1.0,0.020763769599831616,ground_equivalent_excess_gamma_dose_rate,uSv/h,one_noise_free_measurement_per_executed_route_node
2909,522420.9204974669,5697124.290406496,50.0,1.0,0.02144945581777516,ground_equivalent_excess_gamma_dose_rate,uSv/h,one_noise_free_measurement_per_executed_route_node
2910,522400.9204974669,5697144.290406496,50.0,1.0,0.020412027629511553,ground_equivalent_excess_gamma_dose_rate,uSv/h,one_noise_free_measurement_per_executed_route_node
2911,522420.9204974669,5697124.290406496,50.0,1.0,0.02144945581777516,ground_equivalent_excess_gamma_dose_rate,uSv/h,one_noise_free_measurement_per_executed_route_node
2912,522400.9204974669,5697144.290406496,50.0,1.0,0.020412027629511553,ground_equivalent_excess_gamma_dose_rate,uSv/h,one_noise_free_measurement_per_executed_route_node
2913,522420.9204974669,5697124.290406496,50.0,1.0,0.02144945581777516,ground_equivalent_excess_gamma_dose_rate,uSv/h,one_noise_free_measurement_per_executed_route_node
2914,522440.9204974669,5697104.290406496,50.0,1.0,0.022565348217126774,ground_equivalent_excess_gamma_dose_rate,uSv/h,one_noise_free_measurement_per_executed_route_node
2915,522420.9204974669,5697104.290406496,50.0,1.0,0.02182295059694872,ground_equivalent_excess_gamma_dose_rate,uSv/h,one_noise_free_measurement_per_executed_route_node
2916,522400.9204974669,5697084.290406496,50.0,1.0,0.021460614316191506,ground_equivalent_excess_gamma_dose_rate,uSv/h,one_noise_free_measurement_per_executed_route_node
2917,522400.9204974669,5697064.290406496,50.0,1.0,0.02180403205391801,ground_equivalent_excess_gamma_dose_rate,uSv/h,one_noise_free_measurement_per_executed_route_node
2918,522420.9204974669,5697064.290406496,50.0,1.0,0.022561397974180886,ground_equivalent_excess_gamma_dose_rate,uSv/h,one_noise_free_measurement_per_executed_route_node
2919,522420.9204974669,5697044.290406496,50.0,1.0,0.022924431735180245,ground_equivalent_excess_gamma_dose_rate,uSv/h,one_noise_free_measurement_per_executed_route_node
2920,522400.9204974669,5697024.290406496,50.0,1.0,0.02247632773497124,ground_equivalent_excess_gamma_dose_rate,uSv/h,one_noise_free_measurement_per_executed_route_node
2921,522380.9204974669,5697044.290406496,50.0,1.0,0.021398270980595047,ground_equivalent_excess_gamma_dose_rate,uSv/h,one_noise_free_measurement_per_executed_route_node
2922,522400.9204974669,5697044.290406496,50.0,1.0,0.022142918423640662,ground_equivalent_excess_gamma_dose_rate,uSv/h,one_noise_free_measurement_per_executed_route_node
2923,522400.9204974669,5697024.290406496,50.0,1.0,0.02247632773497124,ground_equivalent_excess_gamma_dose_rate,uSv/h,one_noise_free_measurement_per_executed_route_node
2924,522380.9204974669,5697044.290406496,50.0,1.0,0.021398270980595047,ground_equivalent_excess_gamma_dose_rate,uSv/h,one_noise_free_measurement_per_executed_route_node
2925,522380.9204974669,5697064.290406496,50.0,1.0,0.021081631309006615,ground_equivalent_excess_gamma_dose_rate,uSv/h,one_noise_free_measurement_per_executed_route_node
2926,522380.9204974669,5697044.290406496,50.0,1.0,0.021398270980595047,ground_equivalent_excess_gamma_dose_rate,uSv/h,one_noise_free_measurement_per_executed_route_node
2927,522400.9204974669,5697024.290406496,50.0,1.0,0.02247632773497124,ground_equivalent_excess_gamma_dose_rate,uSv/h,one_noise_free_measurement_per_executed_route_node
2928,522420.9204974669,5697004.290406496,50.0,1.0,0.02363297440826484,ground_equivalent_excess_gamma_dose_rate,uSv/h,one_noise_free_measurement_per_executed_route_node
2929,522400.9204974669,5697024.290406496,50.0,1.0,0.02247632773497124,ground_equivalent_excess_gamma_dose_rate,uSv/h,one_noise_free_measurement_per_executed_route_node
2930,522380.9204974669,5697004.290406496,50.0,1.0,0.02201434588242218,ground_equivalent_excess_gamma_dose_rate,uSv/h,one_noise_free_measurement_per_executed_route_node
2931,522400.9204974669,5697024.290406496,50.0,1.0,0.02247632773497124,ground_equivalent_excess_gamma_dose_rate,uSv/h,one_noise_free_measurement_per_executed_route_node
2932,522420.9204974669,5697004.290406496,50.0,1.0,0.02363297440826484,ground_equivalent_excess_gamma_dose_rate,uSv/h,one_noise_free_measurement_per_executed_route_node
2933,522420.9204974669,5696984.290406497,50.0,1.0,0.02397630292730632,ground_equivalent_excess_gamma_dose_rate,uSv/h,one_noise_free_measurement_per_executed_route_node
2934,522420.9204974669,5697004.290406496,50.0,1.0,0.02363297440826484,ground_equivalent_excess_gamma_dose_rate,uSv/h,one_noise_free_measurement_per_executed_route_node
2935,522400.9204974669,5696984.290406497,50.0,1.0,0.02312276102102967,ground_equivalent_excess_gamma_dose_rate,uSv/h,one_noise_free_measurement_per_executed_route_node
2936,522400.9204974669,5696964.290406497,50.0,1.0,0.023433736574339198,ground_equivalent_excess_gamma_dose_rate,uSv/h,one_noise_free_measurement_per_executed_route_node
2937,522420.9204974669,5696984.290406497,50.0,1.0,0.02397630292730632,ground_equivalent_excess_gamma_dose_rate,uSv/h,one_noise_free_measurement_per_executed_route_node
2938,522440.9204974669,5696984.290406497,50.0,1.0,0.02487545749674186,ground_equivalent_excess_gamma_dose_rate,uSv/h,one_noise_free_measurement_per_executed_route_node
2939,522420.9204974669,5696984.290406497,50.0,1.0,0.02397630292730632,ground_equivalent_excess_gamma_dose_rate,uSv/h,one_noise_free_measurement_per_executed_route_node
2940,522400.9204974669,5697004.290406496,50.0,1.0,0.022803279111038355,ground_equivalent_excess_gamma_dose_rate,uSv/h,one_noise_free_measurement_per_executed_route_node
2941,522380.9204974669,5697024.290406496,50.0,1.0,0.021709475228862823,ground_equivalent_excess_gamma_dose_rate,uSv/h,one_noise_free_measurement_per_executed_route_node
2942,522380.9204974669,5697044.290406496,50.0,1.0,0.021398270980595047,ground_equivalent_excess_gamma_dose_rate,uSv/h,one_noise_free_measurement_per_executed_route_node
2943,522380.9204974669,5697024.290406496,50.0,1.0,0.021709475228862823,ground_equivalent_excess_gamma_dose_rate,uSv/h,one_noise_free_measurement_per_executed_route_node
2944,522400.9204974669,5697024.290406496,50.0,1.0,0.02247632773497124,ground_equivalent_excess_gamma_dose_rate,uSv/h,one_noise_free_measurement_per_executed_route_node
2945,522420.9204974669,5697004.290406496,50.0,1.0,0.02363297440826484,ground_equivalent_excess_gamma_dose_rate,uSv/h,one_noise_free_measurement_per_executed_route_node
2946,522420.9204974669,5697024.290406496,50.0,1.0,0.02328198110730706,ground_equivalent_excess_gamma_dose_rate,uSv/h,one_noise_free_measurement_per_executed_route_node
2947,522440.9204974669,5697024.290406496,50.0,1.0,0.02412889332413587,ground_equivalent_excess_gamma_dose_rate,uSv/h,one_noise_free_measurement_per_executed_route_node
2948,522420.9204974669,5697004.290406496,50.0,1.0,0.02363297440826484,ground_equivalent_excess_gamma_dose_rate,uSv/h,one_noise_free_measurement_per_executed_route_node
2949,522440.9204974669,5697024.290406496,50.0,1.0,0.02412889332413587,ground_equivalent_excess_gamma_dose_rate,uSv/h,one_noise_free_measurement_per_executed_route_node
2950,522460.9204974669,5697004.290406496,50.0,1.0,0.0254254989838332,ground_equivalent_excess_gamma_dose_rate,uSv/h,one_noise_free_measurement_per_executed_route_node
2951,522480.9204974669,5696984.290406497,50.0,1.0,0.026823242266885344,ground_equivalent_excess_gamma_dose_rate,uSv/h,one_noise_free_measurement_per_executed_route_node
2952,522500.9204974669,5697004.290406496,50.0,1.0,0.02741571514207039,ground_equivalent_excess_gamma_dose_rate,uSv/h,one_noise_free_measurement_per_executed_route_node
2953,522500.9204974669,5697024.290406496,50.0,1.0,0.02694448829039303,ground_equivalent_excess_gamma_dose_rate,uSv/h,one_noise_free_measurement_per_executed_route_node
2954,522500.9204974669,5697044.290406496,50.0,1.0,0.026466752147435463,ground_equivalent_excess_gamma_dose_rate,uSv/h,one_noise_free_measurement_per_executed_route_node
2955,522480.9204974669,5697064.290406496,50.0,1.0,0.02506469994164892,ground_equivalent_excess_gamma_dose_rate,uSv/h,one_noise_free_measurement_per_executed_route_node
2956,522500.9204974669,5697084.290406496,50.0,1.0,0.025497795685847924,ground_equivalent_excess_gamma_dose_rate,uSv/h,one_noise_free_measurement_per_executed_route_node
2957,522480.9204974669,5697064.290406496,50.0,1.0,0.02506469994164892,ground_equivalent_excess_gamma_dose_rate,uSv/h,one_noise_free_measurement_per_executed_route_node
2958,522500.9204974669,5697064.290406496,50.0,1.0,0.025984038332443588,ground_equivalent_excess_gamma_dose_rate,uSv/h,one_noise_free_measurement_per_executed_route_node
2959,522520.9204974669,5697044.290406496,50.0,1.0,0.027469757197659594,ground_equivalent_excess_gamma_dose_rate,uSv/h,one_noise_free_measurement_per_executed_route_node
2960,522500.9204974669,5697044.290406496,50.0,1.0,0.026466752147435463,ground_equivalent_excess_gamma_dose_rate,uSv/h,one_noise_free_measurement_per_executed_route_node
2961,522500.9204974669,5697024.290406496,50.0,1.0,0.02694448829039303,ground_equivalent_excess_gamma_dose_rate,uSv/h,one_noise_free_measurement_per_executed_route_node
2962,522500.9204974669,5697004.290406496,50.0,1.0,0.02741571514207039,ground_equivalent_excess_gamma_dose_rate,uSv/h,one_noise_free_measurement_per_executed_route_node
2963,522480.9204974669,5697004.290406496,50.0,1.0,0.02639426903805392,ground_equivalent_excess_gamma_dose_rate,uSv/h,one_noise_free_measurement_per_executed_route_node
2964,522500.9204974669,5697024.290406496,50.0,1.0,0.02694448829039303,ground_equivalent_excess_gamma_dose_rate,uSv/h,one_noise_free_measurement_per_executed_route_node
2965,522480.9204974669,5697044.290406496,50.0,1.0,0.025513565301795438,ground_equivalent_excess_gamma_dose_rate,uSv/h,one_noise_free_measurement_per_executed_route_node
2966,522500.9204974669,5697024.290406496,50.0,1.0,0.02694448829039303,ground_equivalent_excess_gamma_dose_rate,uSv/h,one_noise_free_measurement_per_executed_route_node
2967,522480.9204974669,5697024.290406496,50.0,1.0,0.02595722182207061,ground_equivalent_excess_gamma_dose_rate,uSv/h,one_noise_free_measurement_per_executed_route_node
2968,522500.9204974669,5697024.290406496,50.0,1.0,0.02694448829039303,ground_equivalent_excess_gamma_dose_rate,uSv/h,one_noise_free_measurement_per_executed_route_node
2969,522500.9204974669,5697004.290406496,50.0,1.0,0.02741571514207039,ground_equivalent_excess_gamma_dose_rate,uSv/h,one_noise_free_measurement_per_executed_route_node
2970,522520.9204974669,5697004.290406496,50.0,1.0,0.028493399282228438,ground_equivalent_excess_gamma_dose_rate,uSv/h,one_noise_free_measurement_per_executed_route_node
2971,522500.9204974669,5697024.290406496,50.0,1.0,0.02694448829039303,ground_equivalent_excess_gamma_dose_rate,uSv/h,one_noise_free_measurement_per_executed_route_node
2972,522500.9204974669,5697004.290406496,50.0,1.0,0.02741571514207039,ground_equivalent_excess_gamma_dose_rate,uSv/h,one_noise_free_measurement_per_executed_route_node
2973,522520.9204974669,5697004.290406496,50.0,1.0,0.028493399282228438,ground_equivalent_excess_gamma_dose_rate,uSv/h,one_noise_free_measurement_per_executed_route_node
2974,522500.9204974669,5697024.290406496,50.0,1.0,0.02694448829039303,ground_equivalent_excess_gamma_dose_rate,uSv/h,one_noise_free_measurement_per_executed_route_node
2975,522520.9204974669,5697024.290406496,50.0,1.0,0.02798474106214166,ground_equivalent_excess_gamma_dose_rate,uSv/h,one_noise_free_measurement_per_executed_route_node
2976,522540.9204974669,5697004.290406496,50.0,1.0,0.029631152687721457,ground_equivalent_excess_gamma_dose_rate,uSv/h,one_noise_free_measurement_per_executed_route_node
2977,522560.9204974669,5697004.290406496,50.0,1.0,0.030833095293060997,ground_equivalent_excess_gamma_dose_rate,uSv/h,one_noise_free_measurement_per_executed_route_node
2978,522560.9204974669,5697024.290406496,50.0,1.0,0.030238343672185475,ground_equivalent_excess_gamma_dose_rate,uSv/h,one_noise_free_measurement_per_executed_route_node
2979,522560.9204974669,5697004.290406496,50.0,1.0,0.030833095293060997,ground_equivalent_excess_gamma_dose_rate,uSv/h,one_noise_free_measurement_per_executed_route_node
2980,522580.9204974669,5697004.290406496,50.0,1.0,0.032103655863601865,ground_equivalent_excess_gamma_dose_rate,uSv/h,one_noise_free_measurement_per_executed_route_node
2981,522560.9204974669,5697024.290406496,50.0,1.0,0.030238343672185475,ground_equivalent_excess_gamma_dose_rate,uSv/h,one_noise_free_measurement_per_executed_route_node
2982,522580.9204974669,5697004.290406496,50.0,1.0,0.032103655863601865,ground_equivalent_excess_gamma_dose_rate,uSv/h,one_noise_free_measurement_per_executed_route_node
2983,522560.9204974669,5697004.290406496,50.0,1.0,0.030833095293060997,ground_equivalent_excess_gamma_dose_rate,uSv/h,one_noise_free_measurement_per_executed_route_node
2984,522580.9204974669,5697024.290406496,50.0,1.0,0.03145938974086496,ground_equivalent_excess_gamma_dose_rate,uSv/h,one_noise_free_measurement_per_executed_route_node
2985,522600.9204974669,5697004.290406496,50.0,1.0,0.0334475925409671,ground_equivalent_excess_gamma_dose_rate,uSv/h,one_noise_free_measurement_per_executed_route_node
2986,522620.9204974669,5697004.290406496,50.0,1.0,0.034870013461777705,ground_equivalent_excess_gamma_dose_rate,uSv/h,one_noise_free_measurement_per_executed_route_node
2987,522620.9204974669,5696984.290406497,50.0,1.0,0.03562265410593829,ground_equivalent_excess_gamma_dose_rate,uSv/h,one_noise_free_measurement_per_executed_route_node
2988,522640.9204974669,5697004.290406496,50.0,1.0,0.03637639696962272,ground_equivalent_excess_gamma_dose_rate,uSv/h,one_noise_free_measurement_per_executed_route_node
2989,522660.9204974669,5697004.290406496,50.0,1.0,0.0379726107691879,ground_equivalent_excess_gamma_dose_rate,uSv/h,one_noise_free_measurement_per_executed_route_node
2990,522660.9204974669,5697024.290406496,50.0,1.0,0.03707454771577537,ground_equivalent_excess_gamma_dose_rate,uSv/h,one_noise_free_measurement_per_executed_route_node
2991,522680.9204974669,5697024.290406496,50.0,1.0,0.038686066482265635,ground_equivalent_excess_gamma_dose_rate,uSv/h,one_noise_free_measurement_per_executed_route_node
2992,522700.9204974669,5697004.290406496,50.0,1.0,0.04146004716226914,ground_equivalent_excess_gamma_dose_rate,uSv/h,one_noise_free_measurement_per_executed_route_node
2993,522720.9204974669,5696984.290406497,50.0,1.0,0.04453527281131919,ground_equivalent_excess_gamma_dose_rate,uSv/h,one_noise_free_measurement_per_executed_route_node
2994,522700.9204974669,5697004.290406496,50.0,1.0,0.04146004716226914,ground_equivalent_excess_gamma_dose_rate,uSv/h,one_noise_free_measurement_per_executed_route_node
2995,522700.9204974669,5697024.290406496,50.0,1.0,0.040391771814418054,ground_equivalent_excess_gamma_dose_rate,uSv/h,one_noise_free_measurement_per_executed_route_node
2996,522700.9204974669,5697004.290406496,50.0,1.0,0.04146004716226914,ground_equivalent_excess_gamma_dose_rate,uSv/h,one_noise_free_measurement_per_executed_route_node
2997,522700.9204974669,5697024.290406496,50.0,1.0,0.040391771814418054,ground_equivalent_excess_gamma_dose_rate,uSv/h,one_noise_free_measurement_per_executed_route_node
2998,522700.9204974669,5697044.290406496,50.0,1.0,0.0393276092936746,ground_equivalent_excess_gamma_dose_rate,uSv/h,one_noise_free_measurement_per_executed_route_node
2999,522680.9204974669,5697024.290406496,50.0,1.0,0.038686066482265635,ground_equivalent_excess_gamma_dose_rate,uSv/h,one_noise_free_measurement_per_executed_route_node
3000,522660.9204974669,5697004.290406496,50.0,1.0,0.0379726107691879,ground_equivalent_excess_gamma_dose_rate,uSv/h,one_noise_free_measurement_per_executed_route_node
3001,522640.9204974669,5697024.290406496,50.0,1.0,0.035551428691439235,ground_equivalent_excess_gamma_dose_rate,uSv/h,one_noise_free_measurement_per_executed_route_node
3002,522640.9204974669,5697044.290406496,50.0,1.0,0.03472442094251113,ground_equivalent_excess_gamma_dose_rate,uSv/h,one_noise_free_measurement_per_executed_route_node
3003,522620.9204974669,5697044.290406496,50.0,1.0,0.03334916438210364,ground_equivalent_excess_gamma_dose_rate,uSv/h,one_noise_free_measurement_per_executed_route_node
3004,522600.9204974669,5697064.290406496,50.0,1.0,0.0313408366684686,ground_equivalent_excess_gamma_dose_rate,uSv/h,one_noise_free_measurement_per_executed_route_node
3005,522620.9204974669,5697084.290406496,50.0,1.0,0.03182525941424638,ground_equivalent_excess_gamma_dose_rate,uSv/h,one_noise_free_measurement_per_executed_route_node
3006,522640.9204974669,5697064.290406496,50.0,1.0,0.03389820393606541,ground_equivalent_excess_gamma_dose_rate,uSv/h,one_noise_free_measurement_per_executed_route_node
3007,522640.9204974669,5697044.290406496,50.0,1.0,0.03472442094251113,ground_equivalent_excess_gamma_dose_rate,uSv/h,one_noise_free_measurement_per_executed_route_node
3008,522660.9204974669,5697064.290406496,50.0,1.0,0.03528020610461832,ground_equivalent_excess_gamma_dose_rate,uSv/h,one_noise_free_measurement_per_executed_route_node
3009,522680.9204974669,5697044.290406496,50.0,1.0,0.03770879607278005,ground_equivalent_excess_gamma_dose_rate,uSv/h,one_noise_free_measurement_per_executed_route_node
3010,522660.9204974669,5697044.290406496,50.0,1.0,0.03617605497034901,ground_equivalent_excess_gamma_dose_rate,uSv/h,one_noise_free_measurement_per_executed_route_node
3011,522640.9204974669,5697044.290406496,50.0,1.0,0.03472442094251113,ground_equivalent_excess_gamma_dose_rate,uSv/h,one_noise_free_measurement_per_executed_route_node
3012,522660.9204974669,5697044.290406496,50.0,1.0,0.03617605497034901,ground_equivalent_excess_gamma_dose_rate,uSv/h,one_noise_free_measurement_per_executed_route_node
3013,522680.9204974669,5697024.290406496,50.0,1.0,0.038686066482265635,ground_equivalent_excess_gamma_dose_rate,uSv/h,one_noise_free_measurement_per_executed_route_node
3014,522660.9204974669,5697044.290406496,50.0,1.0,0.03617605497034901,ground_equivalent_excess_gamma_dose_rate,uSv/h,one_noise_free_measurement_per_executed_route_node
3015,522640.9204974669,5697064.290406496,50.0,1.0,0.03389820393606541,ground_equivalent_excess_gamma_dose_rate,uSv/h,one_noise_free_measurement_per_executed_route_node
3016,522640.9204974669,5697044.290406496,50.0,1.0,0.03472442094251113,ground_equivalent_excess_gamma_dose_rate,uSv/h,one_noise_free_measurement_per_executed_route_node
3017,522620.9204974669,5697044.290406496,50.0,1.0,0.03334916438210364,ground_equivalent_excess_gamma_dose_rate,uSv/h,one_noise_free_measurement_per_executed_route_node
3018,522600.9204974669,5697024.290406496,50.0,1.0,0.0327488433149723,ground_equivalent_excess_gamma_dose_rate,uSv/h,one_noise_free_measurement_per_executed_route_node
3019,522600.9204974669,5697004.290406496,50.0,1.0,0.0334475925409671,ground_equivalent_excess_gamma_dose_rate,uSv/h,one_noise_free_measurement_per_executed_route_node
3020,522620.9204974669,5697024.290406496,50.0,1.0,0.034111243419002846,ground_equivalent_excess_gamma_dose_rate,uSv/h,one_noise_free_measurement_per_executed_route_node
3021,522640.9204974669,5697024.290406496,50.0,1.0,0.035551428691439235,ground_equivalent_excess_gamma_dose_rate,uSv/h,one_noise_free_measurement_per_executed_route_node
3022,522660.9204974669,5697024.290406496,50.0,1.0,0.03707454771577537,ground_equivalent_excess_gamma_dose_rate,uSv/h,one_noise_free_measurement_per_executed_route_node
3023,522680.9204974669,5697044.290406496,50.0,1.0,0.03770879607278005,ground_equivalent_excess_gamma_dose_rate,uSv/h,one_noise_free_measurement_per_executed_route_node
3024,522660.9204974669,5697064.290406496,50.0,1.0,0.03528020610461832,ground_equivalent_excess_gamma_dose_rate,uSv/h,one_noise_free_measurement_per_executed_route_node
3025,522660.9204974669,5697084.290406496,50.0,1.0,0.034389767231362584,ground_equivalent_excess_gamma_dose_rate,uSv/h,one_noise_free_measurement_per_executed_route_node
3026,522640.9204974669,5697104.290406496,50.0,1.0,0.032258156860964615,ground_equivalent_excess_gamma_dose_rate,uSv/h,one_noise_free_measurement_per_executed_route_node
3027,522620.9204974669,5697104.290406496,50.0,1.0,0.03106796727715963,ground_equivalent_excess_gamma_dose_rate,uSv/h,one_noise_free_measurement_per_executed_route_node
3028,522600.9204974669,5697124.290406496,50.0,1.0,0.0292355024049282,ground_equivalent_excess_gamma_dose_rate,uSv/h,one_noise_free_measurement_per_executed_route_node
3029,522620.9204974669,5697104.290406496,50.0,1.0,0.03106796727715963,ground_equivalent_excess_gamma_dose_rate,uSv/h,one_noise_free_measurement_per_executed_route_node
3030,522640.9204974669,5697124.290406496,50.0,1.0,0.031448693956146356,ground_equivalent_excess_gamma_dose_rate,uSv/h,one_noise_free_measurement_per_executed_route_node
3031,522640.9204974669,5697104.290406496,50.0,1.0,0.032258156860964615,ground_equivalent_excess_gamma_dose_rate,uSv/h,one_noise_free_measurement_per_executed_route_node
3032,522660.9204974669,5697124.290406496,50.0,1.0,0.03263468939999967,ground_equivalent_excess_gamma_dose_rate,uSv/h,one_noise_free_measurement_per_executed_route_node
3033,522680.9204974669,5697144.290406496,50.0,1.0,0.0329504820478535,ground_equivalent_excess_gamma_dose_rate,uSv/h,one_noise_free_measurement_per_executed_route_node
3034,522680.9204974669,5697124.290406496,50.0,1.0,0.03387687876128853,ground_equivalent_excess_gamma_dose_rate,uSv/h,one_noise_free_measurement_per_executed_route_node
3035,522660.9204974669,5697144.290406496,50.0,1.0,0.03177412200855248,ground_equivalent_excess_gamma_dose_rate,uSv/h,one_noise_free_measurement_per_executed_route_node
3036,522680.9204974669,5697164.290406496,50.0,1.0,0.0320405184054634,ground_equivalent_excess_gamma_dose_rate,uSv/h,one_noise_free_measurement_per_executed_route_node
3037,522700.9204974669,5697164.290406496,50.0,1.0,0.03320174499849013,ground_equivalent_excess_gamma_dose_rate,uSv/h,one_noise_free_measurement_per_executed_route_node
3038,522720.9204974669,5697144.290406496,50.0,1.0,0.0354642565679571,ground_equivalent_excess_gamma_dose_rate,uSv/h,one_noise_free_measurement_per_executed_route_node
3039,522740.9204974669,5697164.290406496,50.0,1.0,0.035673854431633845,ground_equivalent_excess_gamma_dose_rate,uSv/h,one_noise_free_measurement_per_executed_route_node
3040,522760.9204974669,5697164.290406496,50.0,1.0,0.03698751262046421,ground_equivalent_excess_gamma_dose_rate,uSv/h,one_noise_free_measurement_per_executed_route_node
3041,522740.9204974669,5697144.290406496,50.0,1.0,0.03680554049970042,ground_equivalent_excess_gamma_dose_rate,uSv/h,one_noise_free_measurement_per_executed_route_node
3042,522740.9204974669,5697124.290406496,50.0,1.0,0.03796520067482906,ground_equivalent_excess_gamma_dose_rate,uSv/h,one_noise_free_measurement_per_executed_route_node
3043,522760.9204974669,5697104.290406496,50.0,1.0,0.04073914365849096,ground_equivalent_excess_gamma_dose_rate,uSv/h,one_noise_free_measurement_per_executed_route_node
3044,522780.9204974669,5697084.290406496,50.0,1.0,0.043827119470859044,ground_equivalent_excess_gamma_dose_rate,uSv/h,one_noise_free_measurement_per_executed_route_node
3045,522800.9204974669,5697084.290406496,50.0,1.0,0.045692686693124596,ground_equivalent_excess_gamma_dose_rate,uSv/h,one_noise_free_measurement_per_executed_route_node
3046,522780.9204974669,5697104.290406496,50.0,1.0,0.04240372398943304,ground_equivalent_excess_gamma_dose_rate,uSv/h,one_noise_free_measurement_per_executed_route_node
3047,522760.9204974669,5697104.290406496,50.0,1.0,0.04073914365849096,ground_equivalent_excess_gamma_dose_rate,uSv/h,one_noise_free_measurement_per_executed_route_node
3048,522760.9204974669,5697084.290406496,50.0,1.0,0.04205125133332646,ground_equivalent_excess_gamma_dose_rate,uSv/h,one_noise_free_measurement_per_executed_route_node
3049,522760.9204974669,5697104.290406496,50.0,1.0,0.04073914365849096,ground_equivalent_excess_gamma_dose_rate,uSv/h,one_noise_free_measurement_per_executed_route_node
3050,522740.9204974669,5697084.290406496,50.0,1.0,0.04036149761287425,ground_equivalent_excess_gamma_dose_rate,uSv/h,one_noise_free_measurement_per_executed_route_node
3051,522740.9204974669,5697064.290406496,50.0,1.0,0.0415935729446672,ground_equivalent_excess_gamma_dose_rate,uSv/h,one_noise_free_measurement_per_executed_route_node
3052,522720.9204974669,5697064.290406496,50.0,1.0,0.039888697161336195,ground_equivalent_excess_gamma_dose_rate,uSv/h,one_noise_free_measurement_per_executed_route_node
3053,522700.9204974669,5697044.290406496,50.0,1.0,0.0393276092936746,ground_equivalent_excess_gamma_dose_rate,uSv/h,one_noise_free_measurement_per_executed_route_node
3054,522680.9204974669,5697044.290406496,50.0,1.0,0.03770879607278005,ground_equivalent_excess_gamma_dose_rate,uSv/h,one_noise_free_measurement_per_executed_route_node
3055,522700.9204974669,5697064.290406496,50.0,1.0,0.038271153028237886,ground_equivalent_excess_gamma_dose_rate,uSv/h,one_noise_free_measurement_per_executed_route_node
3056,522720.9204974669,5697084.290406496,50.0,1.0,0.03875417721918767,ground_equivalent_excess_gamma_dose_rate,uSv/h,one_noise_free_measurement_per_executed_route_node
3057,522720.9204974669,5697104.290406496,50.0,1.0,0.0376370247200819,ground_equivalent_excess_gamma_dose_rate,uSv/h,one_noise_free_measurement_per_executed_route_node
3058,522740.9204974669,5697084.290406496,50.0,1.0,0.04036149761287425,ground_equivalent_excess_gamma_dose_rate,uSv/h,one_noise_free_measurement_per_executed_route_node
3059,522720.9204974669,5697064.290406496,50.0,1.0,0.039888697161336195,ground_equivalent_excess_gamma_dose_rate,uSv/h,one_noise_free_measurement_per_executed_route_node
3060,522720.9204974669,5697084.290406496,50.0,1.0,0.03875417721918767,ground_equivalent_excess_gamma_dose_rate,uSv/h,one_noise_free_measurement_per_executed_route_node
3061,522740.9204974669,5697064.290406496,50.0,1.0,0.0415935729446672,ground_equivalent_excess_gamma_dose_rate,uSv/h,one_noise_free_measurement_per_executed_route_node
3062,522720.9204974669,5697084.290406496,50.0,1.0,0.03875417721918767,ground_equivalent_excess_gamma_dose_rate,uSv/h,one_noise_free_measurement_per_executed_route_node
3063,522700.9204974669,5697064.290406496,50.0,1.0,0.038271153028237886,ground_equivalent_excess_gamma_dose_rate,uSv/h,one_noise_free_measurement_per_executed_route_node
3064,522680.9204974669,5697084.290406496,50.0,1.0,0.03577198743840093,ground_equivalent_excess_gamma_dose_rate,uSv/h,one_noise_free_measurement_per_executed_route_node
3065,522700.9204974669,5697084.290406496,50.0,1.0,0.037225574356776814,ground_equivalent_excess_gamma_dose_rate,uSv/h,one_noise_free_measurement_per_executed_route_node
3066,522720.9204974669,5697104.290406496,50.0,1.0,0.0376370247200819,ground_equivalent_excess_gamma_dose_rate,uSv/h,one_noise_free_measurement_per_executed_route_node
3067,522700.9204974669,5697084.290406496,50.0,1.0,0.037225574356776814,ground_equivalent_excess_gamma_dose_rate,uSv/h,one_noise_free_measurement_per_executed_route_node
3068,522680.9204974669,5697084.290406496,50.0,1.0,0.03577198743840093,ground_equivalent_excess_gamma_dose_rate,uSv/h,one_noise_free_measurement_per_executed_route_node
3069,522700.9204974669,5697104.290406496,50.0,1.0,0.03619363941346304,ground_equivalent_excess_gamma_dose_rate,uSv/h,one_noise_free_measurement_per_executed_route_node
3070,522680.9204974669,5697104.290406496,50.0,1.0,0.034818036580349376,ground_equivalent_excess_gamma_dose_rate,uSv/h,one_noise_free_measurement_per_executed_route_node
3071,522660.9204974669,5697124.290406496,50.0,1.0,0.03263468939999967,ground_equivalent_excess_gamma_dose_rate,uSv/h,one_noise_free_measurement_per_executed_route_node
3072,522660.9204974669,5697104.290406496,50.0,1.0,0.033507203501105115,ground_equivalent_excess_gamma_dose_rate,uSv/h,one_noise_free_measurement_per_executed_route_node
3073,522640.9204974669,5697124.290406496,50.0,1.0,0.031448693956146356,ground_equivalent_excess_gamma_dose_rate,uSv/h,one_noise_free_measurement_per_executed_route_node
3074,522660.9204974669,5697104.290406496,50.0,1.0,0.033507203501105115,ground_equivalent_excess_gamma_dose_rate,uSv/h,one_noise_free_measurement_per_executed_route_node
3075,522680.9204974669,5697104.290406496,50.0,1.0,0.034818036580349376,ground_equivalent_excess_gamma_dose_rate,uSv/h,one_noise_free_measurement_per_executed_route_node
3076,522700.9204974669,5697124.290406496,50.0,1.0,0.035177730296469256,ground_equivalent_excess_gamma_dose_rate,uSv/h,one_noise_free_measurement_per_executed_route_node
3077,522680.9204974669,5697144.290406496,50.0,1.0,0.0329504820478535,ground_equivalent_excess_gamma_dose_rate,uSv/h,one_noise_free_measurement_per_executed_route_node
3078,522660.9204974669,5697144.290406496,50.0,1.0,0.03177412200855248,ground_equivalent_excess_gamma_dose_rate,uSv/h,one_noise_free_measurement_per_executed_route_node
3079,522660.9204974669,5697124.290406496,50.0,1.0,0.03263468939999967,ground_equivalent_excess_gamma_dose_rate,uSv/h,one_noise_free_measurement_per_executed_route_node
3080,522680.9204974669,5697104.290406496,50.0,1.0,0.034818036580349376,ground_equivalent_excess_gamma_dose_rate,uSv/h,one_noise_free_measurement_per_executed_route_node
3081,522680.9204974669,5697124.290406496,50.0,1.0,0.03387687876128853,ground_equivalent_excess_gamma_dose_rate,uSv/h,one_noise_free_measurement_per_executed_route_node
3082,522680.9204974669,5697104.290406496,50.0,1.0,0.034818036580349376,ground_equivalent_excess_gamma_dose_rate,uSv/h,one_noise_free_measurement_per_executed_route_node
3083,522660.9204974669,5697124.290406496,50.0,1.0,0.03263468939999967,ground_equivalent_excess_gamma_dose_rate,uSv/h,one_noise_free_measurement_per_executed_route_node
3084,522640.9204974669,5697124.290406496,50.0,1.0,0.031448693956146356,ground_equivalent_excess_gamma_dose_rate,uSv/h,one_noise_free_measurement_per_executed_route_node
3085,522660.9204974669,5697104.290406496,50.0,1.0,0.033507203501105115,ground_equivalent_excess_gamma_dose_rate,uSv/h,one_noise_free_measurement_per_executed_route_node
3086,522640.9204974669,5697124.290406496,50.0,1.0,0.031448693956146356,ground_equivalent_excess_gamma_dose_rate,uSv/h,one_noise_free_measurement_per_executed_route_node
3087,522660.9204974669,5697104.290406496,50.0,1.0,0.033507203501105115,ground_equivalent_excess_gamma_dose_rate,uSv/h,one_noise_free_measurement_per_executed_route_node
3088,522680.9204974669,5697084.290406496,50.0,1.0,0.03577198743840093,ground_equivalent_excess_gamma_dose_rate,uSv/h,one_noise_free_measurement_per_executed_route_node
3089,522700.9204974669,5697084.290406496,50.0,1.0,0.037225574356776814,ground_equivalent_excess_gamma_dose_rate,uSv/h,one_noise_free_measurement_per_executed_route_node
3090,522700.9204974669,5697104.290406496,50.0,1.0,0.03619363941346304,ground_equivalent_excess_gamma_dose_rate,uSv/h,one_noise_free_measurement_per_executed_route_node
3091,522700.9204974669,5697124.290406496,50.0,1.0,0.035177730296469256,ground_equivalent_excess_gamma_dose_rate,uSv/h,one_noise_free_measurement_per_executed_route_node
3092,522680.9204974669,5697144.290406496,50.0,1.0,0.0329504820478535,ground_equivalent_excess_gamma_dose_rate,uSv/h,one_noise_free_measurement_per_executed_route_node
3093,522660.9204974669,5697164.290406496,50.0,1.0,0.030927136454680787,ground_equivalent_excess_gamma_dose_rate,uSv/h,one_noise_free_measurement_per_executed_route_node
3094,522660.9204974669,5697184.290406496,50.0,1.0,0.030095122879734537,ground_equivalent_excess_gamma_dose_rate,uSv/h,one_noise_free_measurement_per_executed_route_node
3095,522680.9204974669,5697164.290406496,50.0,1.0,0.0320405184054634,ground_equivalent_excess_gamma_dose_rate,uSv/h,one_noise_free_measurement_per_executed_route_node
3096,522700.9204974669,5697144.290406496,50.0,1.0,0.034179869281561,ground_equivalent_excess_gamma_dose_rate,uSv/h,one_noise_free_measurement_per_executed_route_node
3097,522680.9204974669,5697144.290406496,50.0,1.0,0.0329504820478535,ground_equivalent_excess_gamma_dose_rate,uSv/h,one_noise_free_measurement_per_executed_route_node
3098,522660.9204974669,5697164.290406496,50.0,1.0,0.030927136454680787,ground_equivalent_excess_gamma_dose_rate,uSv/h,one_noise_free_measurement_per_executed_route_node
3099,522640.9204974669,5697184.290406496,50.0,1.0,0.029083668656985084,ground_equivalent_excess_gamma_dose_rate,uSv/h,one_noise_free_measurement_per_executed_route_node
3100,522640.9204974669,5697164.290406496,50.0,1.0,0.029859975135903993,ground_equivalent_excess_gamma_dose_rate,uSv/h,one_noise_free_measurement_per_executed_route_node
3101,522640.9204974669,5697184.290406496,50.0,1.0,0.029083668656985084,ground_equivalent_excess_gamma_dose_rate,uSv/h,one_noise_free_measurement_per_executed_route_node
3102,522660.9204974669,5697164.290406496,50.0,1.0,0.030927136454680787,ground_equivalent_excess_gamma_dose_rate,uSv/h,one_noise_free_measurement_per_executed_route_node
3103,522680.9204974669,5697184.290406496,50.0,1.0,0.031148385304718307,ground_equivalent_excess_gamma_dose_rate,uSv/h,one_noise_free_measurement_per_executed_route_node
3104,522660.9204974669,5697204.290406496,50.0,1.0,0.029279244326317178,ground_equivalent_excess_gamma_dose_rate,uSv/h,one_noise_free_measurement_per_executed_route_node
3105,522680.9204974669,5697224.290406496,50.0,1.0,0.029421961898185384,ground_equivalent_excess_gamma_dose_rate,uSv/h,one_noise_free_measurement_per_executed_route_node
3106,522660.9204974669,5697244.290406496,50.0,1.0,0.027699518821247354,ground_equivalent_excess_gamma_dose_rate,uSv/h,one_noise_free_measurement_per_executed_route_node
3107,522680.9204974669,5697244.290406496,50.0,1.0,0.02858929463656093,ground_equivalent_excess_gamma_dose_rate,uSv/h,one_noise_free_measurement_per_executed_route_node
3108,522680.9204974669,5697224.290406496,50.0,1.0,0.029421961898185384,ground_equivalent_excess_gamma_dose_rate,uSv/h,one_noise_free_measurement_per_executed_route_node
3109,522660.9204974669,5697224.290406496,50.0,1.0,0.028480455047157016,ground_equivalent_excess_gamma_dose_rate,uSv/h,one_noise_free_measurement_per_executed_route_node
3110,522660.9204974669,5697244.290406496,50.0,1.0,0.027699518821247354,ground_equivalent_excess_gamma_dose_rate,uSv/h,one_noise_free_measurement_per_executed_route_node
3111,522640.9204974669,5697244.290406496,50.0,1.0,0.0268403829439523,ground_equivalent_excess_gamma_dose_rate,uSv/h,one_noise_free_measurement_per_executed_route_node
3112,522620.9204974669,5697224.290406496,50.0,1.0,0.026698731228063738,ground_equivalent_excess_gamma_dose_rate,uSv/h,one_noise_free_measurement_per_executed_route_node
3113,522620.9204974669,5697204.290406496,50.0,1.0,0.02739947344012683,ground_equivalent_excess_gamma_dose_rate,uSv/h,one_noise_free_measurement_per_executed_route_node
3114,522640.9204974669,5697204.290406496,50.0,1.0,0.02832101469614398,ground_equivalent_excess_gamma_dose_rate,uSv/h,one_noise_free_measurement_per_executed_route_node
3115,522620.9204974669,5697224.290406496,50.0,1.0,0.026698731228063738,ground_equivalent_excess_gamma_dose_rate,uSv/h,one_noise_free_measurement_per_executed_route_node
3116,522640.9204974669,5697244.290406496,50.0,1.0,0.0268403829439523,ground_equivalent_excess_gamma_dose_rate,uSv/h,one_noise_free_measurement_per_executed_route_node
3117,522660.9204974669,5697264.290406496,50.0,1.0,0.0269370269444332,ground_equivalent_excess_gamma_dose_rate,uSv/h,one_noise_free_measurement_per_executed_route_node
3118,522680.9204974669,5697264.290406496,50.0,1.0,0.02777774740498401,ground_equivalent_excess_gamma_dose_rate,uSv/h,one_noise_free_measurement_per_executed_route_node
3119,522700.9204974669,5697264.290406496,50.0,1.0,0.02864635355734102,ground_equivalent_excess_gamma_dose_rate,uSv/h,one_noise_free_measurement_per_executed_route_node
3120,522700.9204974669,5697284.290406496,50.0,1.0,0.02780684476046602,ground_equivalent_excess_gamma_dose_rate,uSv/h,one_noise_free_measurement_per_executed_route_node
3121,522680.9204974669,5697264.290406496,50.0,1.0,0.02777774740498401,ground_equivalent_excess_gamma_dose_rate,uSv/h,one_noise_free_measurement_per_executed_route_node
3122,522700.9204974669,5697264.290406496,50.0,1.0,0.02864635355734102,ground_equivalent_excess_gamma_dose_rate,uSv/h,one_noise_free_measurement_per_executed_route_node
3123,522680.9204974669,5697264.290406496,50.0,1.0,0.02777774740498401,ground_equivalent_excess_gamma_dose_rate,uSv/h,one_noise_free_measurement_per_executed_route_node
3124,522680.9204974669,5697284.290406496,50.0,1.0,0.02698767536455829,ground_equivalent_excess_gamma_dose_rate,uSv/h,one_noise_free_measurement_per_executed_route_node
3125,522680.9204974669,5697304.290406496,50.0,1.0,0.026219286907635253,ground_equivalent_excess_gamma_dose_rate,uSv/h,one_noise_free_measurement_per_executed_route_node
3126,522660.9204974669,5697324.290406496,50.0,1.0,0.024763903039789703,ground_equivalent_excess_gamma_dose_rate,uSv/h,one_noise_free_measurement_per_executed_route_node
3127,522640.9204974669,5697344.290406496,50.0,1.0,0.023426417850093112,ground_equivalent_excess_gamma_dose_rate,uSv/h,one_noise_free_measurement_per_executed_route_node
3128,522620.9204974669,5697364.290406496,50.0,1.0,0.02219443248678976,ground_equivalent_excess_gamma_dose_rate,uSv/h,one_noise_free_measurement_per_executed_route_node
3129,522640.9204974669,5697364.290406496,50.0,1.0,0.022795263608474448,ground_equivalent_excess_gamma_dose_rate,uSv/h,one_noise_free_measurement_per_executed_route_node
3130,522640.9204974669,5697344.290406496,50.0,1.0,0.023426417850093112,ground_equivalent_excess_gamma_dose_rate,uSv/h,one_noise_free_measurement_per_executed_route_node
3131,522660.9204974669,5697324.290406496,50.0,1.0,0.024763903039789703,ground_equivalent_excess_gamma_dose_rate,uSv/h,one_noise_free_measurement_per_executed_route_node
3132,522640.9204974669,5697344.290406496,50.0,1.0,0.023426417850093112,ground_equivalent_excess_gamma_dose_rate,uSv/h,one_noise_free_measurement_per_executed_route_node
3133,522660.9204974669,5697344.290406496,50.0,1.0,0.024078243752926304,ground_equivalent_excess_gamma_dose_rate,uSv/h,one_noise_free_measurement_per_executed_route_node
3134,522660.9204974669,5697324.290406496,50.0,1.0,0.024763903039789703,ground_equivalent_excess_gamma_dose_rate,uSv/h,one_noise_free_measurement_per_executed_route_node
3135,522680.9204974669,5697344.290406496,50.0,1.0,0.024747767151985206,ground_equivalent_excess_gamma_dose_rate,uSv/h,one_noise_free_measurement_per_executed_route_node
3136,522700.9204974669,5697364.290406496,50.0,1.0,0.0246925682456737,ground_equivalent_excess_gamma_dose_rate,uSv/h,one_noise_free_measurement_per_executed_route_node
3137,522680.9204974669,5697384.290406496,50.0,1.0,0.023362570545787414,ground_equivalent_excess_gamma_dose_rate,uSv/h,one_noise_free_measurement_per_executed_route_node
3138,522680.9204974669,5697364.290406496,50.0,1.0,0.02404447413486513,ground_equivalent_excess_gamma_dose_rate,uSv/h,one_noise_free_measurement_per_executed_route_node
3139,522700.9204974669,5697384.290406496,50.0,1.0,0.02397395853784129,ground_equivalent_excess_gamma_dose_rate,uSv/h,one_noise_free_measurement_per_executed_route_node
3140,522700.9204974669,5697364.290406496,50.0,1.0,0.0246925682456737,ground_equivalent_excess_gamma_dose_rate,uSv/h,one_noise_free_measurement_per_executed_route_node
3141,522680.9204974669,5697364.290406496,50.0,1.0,0.02404447413486513,ground_equivalent_excess_gamma_dose_rate,uSv/h,one_noise_free_measurement_per_executed_route_node
3142,522680.9204974669,5697384.290406496,50.0,1.0,0.023362570545787414,ground_equivalent_excess_gamma_dose_rate,uSv/h,one_noise_free_measurement_per_executed_route_node
3143,522700.9204974669,5697384.290406496,50.0,1.0,0.02397395853784129,ground_equivalent_excess_gamma_dose_rate,uSv/h,one_noise_free_measurement_per_executed_route_node
3144,522700.9204974669,5697364.290406496,50.0,1.0,0.0246925682456737,ground_equivalent_excess_gamma_dose_rate,uSv/h,one_noise_free_measurement_per_executed_route_node
3145,522680.9204974669,5697344.290406496,50.0,1.0,0.024747767151985206,ground_equivalent_excess_gamma_dose_rate,uSv/h,one_noise_free_measurement_per_executed_route_node
3146,522700.9204974669,5697324.290406496,50.0,1.0,0.02620119935546153,ground_equivalent_excess_gamma_dose_rate,uSv/h,one_noise_free_measurement_per_executed_route_node
3147,522680.9204974669,5697344.290406496,50.0,1.0,0.024747767151985206,ground_equivalent_excess_gamma_dose_rate,uSv/h,one_noise_free_measurement_per_executed_route_node
3148,522660.9204974669,5697364.290406496,50.0,1.0,0.023411977366733394,ground_equivalent_excess_gamma_dose_rate,uSv/h,one_noise_free_measurement_per_executed_route_node
3149,522660.9204974669,5697344.290406496,50.0,1.0,0.024078243752926304,ground_equivalent_excess_gamma_dose_rate,uSv/h,one_noise_free_measurement_per_executed_route_node
3150,522660.9204974669,5697324.290406496,50.0,1.0,0.024763903039789703,ground_equivalent_excess_gamma_dose_rate,uSv/h,one_noise_free_measurement_per_executed_route_node
3151,522640.9204974669,5697344.290406496,50.0,1.0,0.023426417850093112,ground_equivalent_excess_gamma_dose_rate,uSv/h,one_noise_free_measurement_per_executed_route_node
3152,522640.9204974669,5697324.290406496,50.0,1.0,0.02407495649145744,ground_equivalent_excess_gamma_dose_rate,uSv/h,one_noise_free_measurement_per_executed_route_node
3153,522620.9204974669,5697304.290406496,50.0,1.0,0.024034642672084994,ground_equivalent_excess_gamma_dose_rate,uSv/h,one_noise_free_measurement_per_executed_route_node
3154,522600.9204974669,5697304.290406496,50.0,1.0,0.023350196404039264,ground_equivalent_excess_gamma_dose_rate,uSv/h,one_noise_free_measurement_per_executed_route_node
3155,522620.9204974669,5697304.290406496,50.0,1.0,0.024034642672084994,ground_equivalent_excess_gamma_dose_rate,uSv/h,one_noise_free_measurement_per_executed_route_node
3156,522620.9204974669,5697284.290406496,50.0,1.0,0.024678745533476765,ground_equivalent_excess_gamma_dose_rate,uSv/h,one_noise_free_measurement_per_executed_route_node
3157,522620.9204974669,5697264.290406496,50.0,1.0,0.025337760843037765,ground_equivalent_excess_gamma_dose_rate,uSv/h,one_noise_free_measurement_per_executed_route_node
3158,522620.9204974669,5697244.290406496,50.0,1.0,0.0260112693963179,ground_equivalent_excess_gamma_dose_rate,uSv/h,one_noise_free_measurement_per_executed_route_node
3159,522640.9204974669,5697224.290406496,50.0,1.0,0.027572986351081324,ground_equivalent_excess_gamma_dose_rate,uSv/h,one_noise_free_measurement_per_executed_route_node
3160,522620.9204974669,5697204.290406496,50.0,1.0,0.02739947344012683,ground_equivalent_excess_gamma_dose_rate,uSv/h,one_noise_free_measurement_per_executed_route_node
3161,522600.9204974669,5697184.290406496,50.0,1.0,0.02718076544566661,ground_equivalent_excess_gamma_dose_rate,uSv/h,one_noise_free_measurement_per_executed_route_node
3162,522620.9204974669,5697164.290406496,50.0,1.0,0.02883736800218925,ground_equivalent_excess_gamma_dose_rate,uSv/h,one_noise_free_measurement_per_executed_route_node
3163,522600.9204974669,5697144.290406496,50.0,1.0,0.028542967717444384,ground_equivalent_excess_gamma_dose_rate,uSv/h,one_noise_free_measurement_per_executed_route_node
3164,522620.9204974669,5697124.290406496,50.0,1.0,0.030316438176265947,ground_equivalent_excess_gamma_dose_rate,uSv/h,one_noise_free_measurement_per_executed_route_node
3165,522640.9204974669,5697124.290406496,50.0,1.0,0.031448693956146356,ground_equivalent_excess_gamma_dose_rate,uSv/h,one_noise_free_measurement_per_executed_route_node
3166,522620.9204974669,5697104.290406496,50.0,1.0,0.03106796727715963,ground_equivalent_excess_gamma_dose_rate,uSv/h,one_noise_free_measurement_per_executed_route_node
3167,522640.9204974669,5697104.290406496,50.0,1.0,0.032258156860964615,ground_equivalent_excess_gamma_dose_rate,uSv/h,one_noise_free_measurement_per_executed_route_node
3168,522660.9204974669,5697104.290406496,50.0,1.0,0.033507203501105115,ground_equivalent_excess_gamma_dose_rate,uSv/h,one_noise_free_measurement_per_executed_route_node
3169,522680.9204974669,5697104.290406496,50.0,1.0,0.034818036580349376,ground_equivalent_excess_gamma_dose_rate,uSv/h,one_noise_free_measurement_per_executed_route_node
3170,522660.9204974669,5697124.290406496,50.0,1.0,0.03263468939999967,ground_equivalent_excess_gamma_dose_rate,uSv/h,one_noise_free_measurement_per_executed_route_node
3171,522660.9204974669,5697144.290406496,50.0,1.0,0.03177412200855248,ground_equivalent_excess_gamma_dose_rate,uSv/h,one_noise_free_measurement_per_executed_route_node
3172,522640.9204974669,5697124.290406496,50.0,1.0,0.031448693956146356,ground_equivalent_excess_gamma_dose_rate,uSv/h,one_noise_free_measurement_per_executed_route_node
3173,522640.9204974669,5697104.290406496,50.0,1.0,0.032258156860964615,ground_equivalent_excess_gamma_dose_rate,uSv/h,one_noise_free_measurement_per_executed_route_node
3174,522660.9204974669,5697084.290406496,50.0,1.0,0.034389767231362584,ground_equivalent_excess_gamma_dose_rate,uSv/h,one_noise_free_measurement_per_executed_route_node
3175,522640.9204974669,5697104.290406496,50.0,1.0,0.032258156860964615,ground_equivalent_excess_gamma_dose_rate,uSv/h,one_noise_free_measurement_per_executed_route_node
3176,522640.9204974669,5697124.290406496,50.0,1.0,0.031448693956146356,ground_equivalent_excess_gamma_dose_rate,uSv/h,one_noise_free_measurement_per_executed_route_node
3177,522660.9204974669,5697144.290406496,50.0,1.0,0.03177412200855248,ground_equivalent_excess_gamma_dose_rate,uSv/h,one_noise_free_measurement_per_executed_route_node
3178,522680.9204974669,5697144.290406496,50.0,1.0,0.0329504820478535,ground_equivalent_excess_gamma_dose_rate,uSv/h,one_noise_free_measurement_per_executed_route_node
3179,522660.9204974669,5697144.290406496,50.0,1.0,0.03177412200855248,ground_equivalent_excess_gamma_dose_rate,uSv/h,one_noise_free_measurement_per_executed_route_node
3180,522640.9204974669,5697144.290406496,50.0,1.0,0.03064877214635528,ground_equivalent_excess_gamma_dose_rate,uSv/h,one_noise_free_measurement_per_executed_route_node
3181,522620.9204974669,5697124.290406496,50.0,1.0,0.030316438176265947,ground_equivalent_excess_gamma_dose_rate,uSv/h,one_noise_free_measurement_per_executed_route_node
3182,522600.9204974669,5697124.290406496,50.0,1.0,0.0292355024049282,ground_equivalent_excess_gamma_dose_rate,uSv/h,one_noise_free_measurement_per_executed_route_node
3183,522620.9204974669,5697124.290406496,50.0,1.0,0.030316438176265947,ground_equivalent_excess_gamma_dose_rate,uSv/h,one_noise_free_measurement_per_executed_route_node
3184,522620.9204974669,5697104.290406496,50.0,1.0,0.03106796727715963,ground_equivalent_excess_gamma_dose_rate,uSv/h,one_noise_free_measurement_per_executed_route_node
3185,522620.9204974669,5697124.290406496,50.0,1.0,0.030316438176265947,ground_equivalent_excess_gamma_dose_rate,uSv/h,one_noise_free_measurement_per_executed_route_node
3186,522620.9204974669,5697144.290406496,50.0,1.0,0.029572397708675424,ground_equivalent_excess_gamma_dose_rate,uSv/h,one_noise_free_measurement_per_executed_route_node
3187,522640.9204974669,5697124.290406496,50.0,1.0,0.031448693956146356,ground_equivalent_excess_gamma_dose_rate,uSv/h,one_noise_free_measurement_per_executed_route_node
3188,522660.9204974669,5697144.290406496,50.0,1.0,0.03177412200855248,ground_equivalent_excess_gamma_dose_rate,uSv/h,one_noise_free_measurement_per_executed_route_node
3189,522640.9204974669,5697124.290406496,50.0,1.0,0.031448693956146356,ground_equivalent_excess_gamma_dose_rate,uSv/h,one_noise_free_measurement_per_executed_route_node
3190,522660.9204974669,5697144.290406496,50.0,1.0,0.03177412200855248,ground_equivalent_excess_gamma_dose_rate,uSv/h,one_noise_free_measurement_per_executed_route_node
3191,522660.9204974669,5697164.290406496,50.0,1.0,0.030927136454680787,ground_equivalent_excess_gamma_dose_rate,uSv/h,one_noise_free_measurement_per_executed_route_node
3192,522660.9204974669,5697144.290406496,50.0,1.0,0.03177412200855248,ground_equivalent_excess_gamma_dose_rate,uSv/h,one_noise_free_measurement_per_executed_route_node
3193,522640.9204974669,5697164.290406496,50.0,1.0,0.029859975135903993,ground_equivalent_excess_gamma_dose_rate,uSv/h,one_noise_free_measurement_per_executed_route_node
3194,522660.9204974669,5697144.290406496,50.0,1.0,0.03177412200855248,ground_equivalent_excess_gamma_dose_rate,uSv/h,one_noise_free_measurement_per_executed_route_node
3195,522660.9204974669,5697164.290406496,50.0,1.0,0.030927136454680787,ground_equivalent_excess_gamma_dose_rate,uSv/h,one_noise_free_measurement_per_executed_route_node
3196,522660.9204974669,5697144.290406496,50.0,1.0,0.03177412200855248,ground_equivalent_excess_gamma_dose_rate,uSv/h,one_noise_free_measurement_per_executed_route_node
3197,522660.9204974669,5697124.290406496,50.0,1.0,0.03263468939999967,ground_equivalent_excess_gamma_dose_rate,uSv/h,one_noise_free_measurement_per_executed_route_node
3198,522680.9204974669,5697104.290406496,50.0,1.0,0.034818036580349376,ground_equivalent_excess_gamma_dose_rate,uSv/h,one_noise_free_measurement_per_executed_route_node
3199,522680.9204974669,5697084.290406496,50.0,1.0,0.03577198743840093,ground_equivalent_excess_gamma_dose_rate,uSv/h,one_noise_free_measurement_per_executed_route_node
3200,522700.9204974669,5697064.290406496,50.0,1.0,0.038271153028237886,ground_equivalent_excess_gamma_dose_rate,uSv/h,one_noise_free_measurement_per_executed_route_node
3201,522720.9204974669,5697064.290406496,50.0,1.0,0.039888697161336195,ground_equivalent_excess_gamma_dose_rate,uSv/h,one_noise_free_measurement_per_executed_route_node
3202,522700.9204974669,5697084.290406496,50.0,1.0,0.037225574356776814,ground_equivalent_excess_gamma_dose_rate,uSv/h,one_noise_free_measurement_per_executed_route_node
3203,522720.9204974669,5697084.290406496,50.0,1.0,0.03875417721918767,ground_equivalent_excess_gamma_dose_rate,uSv/h,one_noise_free_measurement_per_executed_route_node
3204,522720.9204974669,5697064.290406496,50.0,1.0,0.039888697161336195,ground_equivalent_excess_gamma_dose_rate,uSv/h,one_noise_free_measurement_per_executed_route_node
3205,522720.9204974669,5697044.290406496,50.0,1.0,0.04103768419137682,ground_equivalent_excess_gamma_dose_rate,uSv/h,one_noise_free_measurement_per_executed_route_node
3206,522740.9204974669,5697064.290406496,50.0,1.0,0.0415935729446672,ground_equivalent_excess_gamma_dose_rate,uSv/h,one_noise_free_measurement_per_executed_route_node
3207,522760.9204974669,5697044.290406496,50.0,1.0,0.04475337811893698,ground_equivalent_excess_gamma_dose_rate,uSv/h,one_noise_free_measurement_per_executed_route_node
3208,522740.9204974669,5697024.290406496,50.0,1.0,0.044110473776456605,ground_equivalent_excess_gamma_dose_rate,uSv/h,one_noise_free_measurement_per_executed_route_node
3209,522720.9204974669,5697024.290406496,50.0,1.0,0.042197769285668596,ground_equivalent_excess_gamma_dose_rate,uSv/h,one_noise_free_measurement_per_executed_route_node
3210,522700.9204974669,5697004.290406496,50.0,1.0,0.04146004716226914,ground_equivalent_excess_gamma_dose_rate,uSv/h,one_noise_free_measurement_per_executed_route_node
3211,522720.9204974669,5696984.290406497,50.0,1.0,0.04453527281131919,ground_equivalent_excess_gamma_dose_rate,uSv/h,one_noise_free_measurement_per_executed_route_node
3212,522720.9204974669,5697004.290406496,50.0,1.0,0.04336509017570814,ground_equivalent_excess_gamma_dose_rate,uSv/h,one_noise_free_measurement_per_executed_route_node
3213,522740.9204974669,5696984.290406497,50.0,1.0,0.046671113941568976,ground_equivalent_excess_gamma_dose_rate,uSv/h,one_noise_free_measurement_per_executed_route_node
3214,522720.9204974669,5697004.290406496,50.0,1.0,0.04336509017570814,ground_equivalent_excess_gamma_dose_rate,uSv/h,one_noise_free_measurement_per_executed_route_node
3215,522700.9204974669,5697004.290406496,50.0,1.0,0.04146004716226914,ground_equivalent_excess_gamma_dose_rate,uSv/h,one_noise_free_measurement_per_executed_route_node
3216,522720.9204974669,5696984.290406497,50.0,1.0,0.04453527281131919,ground_equivalent_excess_gamma_dose_rate,uSv/h,one_noise_free_measurement_per_executed_route_node
3217,522700.9204974669,5697004.290406496,50.0,1.0,0.04146004716226914,ground_equivalent_excess_gamma_dose_rate,uSv/h,one_noise_free_measurement_per_executed_route_node
3218,522720.9204974669,5697004.290406496,50.0,1.0,0.04336509017570814,ground_equivalent_excess_gamma_dose_rate,uSv/h,one_noise_free_measurement_per_executed_route_node
3219,522740.9204974669,5696984.290406497,50.0,1.0,0.046671113941568976,ground_equivalent_excess_gamma_dose_rate,uSv/h,one_noise_free_measurement_per_executed_route_node
3220,522740.9204974669,5696964.290406497,50.0,1.0,0.04795560946926719,ground_equivalent_excess_gamma_dose_rate,uSv/h,one_noise_free_measurement_per_executed_route_node
3221,522760.9204974669,5696984.290406497,50.0,1.0,0.04894535702546593,ground_equivalent_excess_gamma_dose_rate,uSv/h,one_noise_free_measurement_per_executed_route_node
3222,522760.9204974669,5696964.290406497,50.0,1.0,0.05035998454996021,ground_equivalent_excess_gamma_dose_rate,uSv/h,one_noise_free_measurement_per_executed_route_node
3223,522780.9204974669,5696984.290406497,50.0,1.0,0.05136802110354782,ground_equivalent_excess_gamma_dose_rate,uSv/h,one_noise_free_measurement_per_executed_route_node
3224,522760.9204974669,5696984.290406497,50.0,1.0,0.04894535702546593,ground_equivalent_excess_gamma_dose_rate,uSv/h,one_noise_free_measurement_per_executed_route_node
3225,522780.9204974669,5697004.290406496,50.0,1.0,0.04981747797308389,ground_equivalent_excess_gamma_dose_rate,uSv/h,one_noise_free_measurement_per_executed_route_node
3226,522800.9204974669,5696984.290406497,50.0,1.0,0.053949705773055856,ground_equivalent_excess_gamma_dose_rate,uSv/h,one_noise_free_measurement_per_executed_route_node
3227,522820.9204974669,5696984.290406497,50.0,1.0,0.056701557461849184,ground_equivalent_excess_gamma_dose_rate,uSv/h,one_noise_free_measurement_per_executed_route_node
3228,522840.9204974669,5696984.290406497,50.0,1.0,0.05963520861432864,ground_equivalent_excess_gamma_dose_rate,uSv/h,one_noise_free_measurement_per_executed_route_node
3229,522860.9204974669,5696964.290406497,50.0,1.0,0.06510788228144254,ground_equivalent_excess_gamma_dose_rate,uSv/h,one_noise_free_measurement_per_executed_route_node
3230,522860.9204974669,5696944.290406497,50.0,1.0,0.06748908045499863,ground_equivalent_excess_gamma_dose_rate,uSv/h,one_noise_free_measurement_per_executed_route_node
3231,522880.9204974669,5696944.290406497,50.0,1.0,0.0713591013058244,ground_equivalent_excess_gamma_dose_rate,uSv/h,one_noise_free_measurement_per_executed_route_node
3232,522860.9204974669,5696964.290406497,50.0,1.0,0.06510788228144254,ground_equivalent_excess_gamma_dose_rate,uSv/h,one_noise_free_measurement_per_executed_route_node
3233,522880.9204974669,5696944.290406497,50.0,1.0,0.0713591013058244,ground_equivalent_excess_gamma_dose_rate,uSv/h,one_noise_free_measurement_per_executed_route_node
3234,522880.9204974669,5696964.290406497,50.0,1.0,0.06870235870436575,ground_equivalent_excess_gamma_dose_rate,uSv/h,one_noise_free_measurement_per_executed_route_node
3235,522860.9204974669,5696984.290406497,50.0,1.0,0.06276268126771428,ground_equivalent_excess_gamma_dose_rate,uSv/h,one_noise_free_measurement_per_executed_route_node
3236,522860.9204974669,5696964.290406497,50.0,1.0,0.06510788228144254,ground_equivalent_excess_gamma_dose_rate,uSv/h,one_noise_free_measurement_per_executed_route_node
3237,522880.9204974669,5696984.290406497,50.0,1.0,0.06609624448029605,ground_equivalent_excess_gamma_dose_rate,uSv/h,one_noise_free_measurement_per_executed_route_node
3238,522860.9204974669,5696964.290406497,50.0,1.0,0.06510788228144254,ground_equivalent_excess_gamma_dose_rate,uSv/h,one_noise_free_measurement_per_executed_route_node
3239,522840.9204974669,5696984.290406497,50.0,1.0,0.05963520861432864,ground_equivalent_excess_gamma_dose_rate,uSv/h,one_noise_free_measurement_per_executed_route_node
3240,522820.9204974669,5696984.290406497,50.0,1.0,0.056701557461849184,ground_equivalent_excess_gamma_dose_rate,uSv/h,one_noise_free_measurement_per_executed_route_node
3241,522800.9204974669,5697004.290406496,50.0,1.0,0.052241980553345224,ground_equivalent_excess_gamma_dose_rate,uSv/h,one_noise_free_measurement_per_executed_route_node
3242,522800.9204974669,5697024.290406496,50.0,1.0,0.05055712560386039,ground_equivalent_excess_gamma_dose_rate,uSv/h,one_noise_free_measurement_per_executed_route_node
3243,522780.9204974669,5697044.290406496,50.0,1.0,0.04677027944388773,ground_equivalent_excess_gamma_dose_rate,uSv/h,one_noise_free_measurement_per_executed_route_node
3244,522760.9204974669,5697064.290406496,50.0,1.0,0.04339036037516503,ground_equivalent_excess_gamma_dose_rate,uSv/h,one_noise_free_measurement_per_executed_route_node
3245,522760.9204974669,5697084.290406496,50.0,1.0,0.04205125133332646,ground_equivalent_excess_gamma_dose_rate,uSv/h,one_noise_free_measurement_per_executed_route_node
3246,522740.9204974669,5697104.290406496,50.0,1.0,0.039151203163545534,ground_equivalent_excess_gamma_dose_rate,uSv/h,one_noise_free_measurement_per_executed_route_node
3247,522740.9204974669,5697124.290406496,50.0,1.0,0.03796520067482906,ground_equivalent_excess_gamma_dose_rate,uSv/h,one_noise_free_measurement_per_executed_route_node
3248,522720.9204974669,5697124.290406496,50.0,1.0,0.0365397002788897,ground_equivalent_excess_gamma_dose_rate,uSv/h,one_noise_free_measurement_per_executed_route_node
3249,522720.9204974669,5697104.290406496,50.0,1.0,0.0376370247200819,ground_equivalent_excess_gamma_dose_rate,uSv/h,one_noise_free_measurement_per_executed_route_node
3250,522720.9204974669,5697084.290406496,50.0,1.0,0.03875417721918767,ground_equivalent_excess_gamma_dose_rate,uSv/h,one_noise_free_measurement_per_executed_route_node
3251,522740.9204974669,5697084.290406496,50.0,1.0,0.04036149761287425,ground_equivalent_excess_gamma_dose_rate,uSv/h,one_noise_free_measurement_per_executed_route_node
3252,522760.9204974669,5697084.290406496,50.0,1.0,0.04205125133332646,ground_equivalent_excess_gamma_dose_rate,uSv/h,one_noise_free_measurement_per_executed_route_node
3253,522740.9204974669,5697064.290406496,50.0,1.0,0.0415935729446672,ground_equivalent_excess_gamma_dose_rate,uSv/h,one_noise_free_measurement_per_executed_route_node
3254,522740.9204974669,5697044.290406496,50.0,1.0,0.04284441618945492,ground_equivalent_excess_gamma_dose_rate,uSv/h,one_noise_free_measurement_per_executed_route_node
3255,522760.9204974669,5697064.290406496,50.0,1.0,0.04339036037516503,ground_equivalent_excess_gamma_dose_rate,uSv/h,one_noise_free_measurement_per_executed_route_node
3256,522740.9204974669,5697084.290406496,50.0,1.0,0.04036149761287425,ground_equivalent_excess_gamma_dose_rate,uSv/h,one_noise_free_measurement_per_executed_route_node
3257,522740.9204974669,5697104.290406496,50.0,1.0,0.039151203163545534,ground_equivalent_excess_gamma_dose_rate,uSv/h,one_noise_free_measurement_per_executed_route_node
3258,522740.9204974669,5697084.290406496,50.0,1.0,0.04036149761287425,ground_equivalent_excess_gamma_dose_rate,uSv/h,one_noise_free_measurement_per_executed_route_node
3259,522720.9204974669,5697064.290406496,50.0,1.0,0.039888697161336195,ground_equivalent_excess_gamma_dose_rate,uSv/h,one_noise_free_measurement_per_executed_route_node
3260,522740.9204974669,5697044.290406496,50.0,1.0,0.04284441618945492,ground_equivalent_excess_gamma_dose_rate,uSv/h,one_noise_free_measurement_per_executed_route_node
3261,522740.9204974669,5697064.290406496,50.0,1.0,0.0415935729446672,ground_equivalent_excess_gamma_dose_rate,uSv/h,one_noise_free_measurement_per_executed_route_node
3262,522760.9204974669,5697064.290406496,50.0,1.0,0.04339036037516503,ground_equivalent_excess_gamma_dose_rate,uSv/h,one_noise_free_measurement_per_executed_route_node
3263,522760.9204974669,5697084.290406496,50.0,1.0,0.04205125133332646,ground_equivalent_excess_gamma_dose_rate,uSv/h,one_noise_free_measurement_per_executed_route_node
3264,522740.9204974669,5697084.290406496,50.0,1.0,0.04036149761287425,ground_equivalent_excess_gamma_dose_rate,uSv/h,one_noise_free_measurement_per_executed_route_node
3265,522720.9204974669,5697084.290406496,50.0,1.0,0.03875417721918767,ground_equivalent_excess_gamma_dose_rate,uSv/h,one_noise_free_measurement_per_executed_route_node
3266,522740.9204974669,5697084.290406496,50.0,1.0,0.04036149761287425,ground_equivalent_excess_gamma_dose_rate,uSv/h,one_noise_free_measurement_per_executed_route_node
3267,522760.9204974669,5697104.290406496,50.0,1.0,0.04073914365849096,ground_equivalent_excess_gamma_dose_rate,uSv/h,one_noise_free_measurement_per_executed_route_node
3268,522740.9204974669,5697104.290406496,50.0,1.0,0.039151203163545534,ground_equivalent_excess_gamma_dose_rate,uSv/h,one_noise_free_measurement_per_executed_route_node
3269,522760.9204974669,5697104.290406496,50.0,1.0,0.04073914365849096,ground_equivalent_excess_gamma_dose_rate,uSv/h,one_noise_free_measurement_per_executed_route_node
3270,522780.9204974669,5697124.290406496,50.0,1.0,0.04101597219809583,ground_equivalent_excess_gamma_dose_rate,uSv/h,one_noise_free_measurement_per_executed_route_node
3271,522800.9204974669,5697104.290406496,50.0,1.0,0.04414767012852122,ground_equivalent_excess_gamma_dose_rate,uSv/h,one_noise_free_measurement_per_executed_route_node
3272,522800.9204974669,5697124.290406496,50.0,1.0,0.042645444316333214,ground_equivalent_excess_gamma_dose_rate,uSv/h,one_noise_free_measurement_per_executed_route_node
3273,522820.9204974669,5697124.290406496,50.0,1.0,0.04434672166189835,ground_equivalent_excess_gamma_dose_rate,uSv/h,one_noise_free_measurement_per_executed_route_node
3274,522840.9204974669,5697144.290406496,50.0,1.0,0.044420930212973525,ground_equivalent_excess_gamma_dose_rate,uSv/h,one_noise_free_measurement_per_executed_route_node
3275,522820.9204974669,5697144.290406496,50.0,1.0,0.042772527569426955,ground_equivalent_excess_gamma_dose_rate,uSv/h,one_noise_free_measurement_per_executed_route_node
3276,522800.9204974669,5697164.290406496,50.0,1.0,0.039775686102293206,ground_equivalent_excess_gamma_dose_rate,uSv/h,one_noise_free_measurement_per_executed_route_node
3277,522820.9204974669,5697144.290406496,50.0,1.0,0.042772527569426955,ground_equivalent_excess_gamma_dose_rate,uSv/h,one_noise_free_measurement_per_executed_route_node
3278,522800.9204974669,5697164.290406496,50.0,1.0,0.039775686102293206,ground_equivalent_excess_gamma_dose_rate,uSv/h,one_noise_free_measurement_per_executed_route_node
3279,522820.9204974669,5697144.290406496,50.0,1.0,0.042772527569426955,ground_equivalent_excess_gamma_dose_rate,uSv/h,one_noise_free_measurement_per_executed_route_node
3280,522840.9204974669,5697144.290406496,50.0,1.0,0.044420930212973525,ground_equivalent_excess_gamma_dose_rate,uSv/h,one_noise_free_measurement_per_executed_route_node
3281,522840.9204974669,5697164.290406496,50.0,1.0,0.042782904743793565,ground_equivalent_excess_gamma_dose_rate,uSv/h,one_noise_free_measurement_per_executed_route_node
3282,522820.9204974669,5697164.290406496,50.0,1.0,0.04125173538524696,ground_equivalent_excess_gamma_dose_rate,uSv/h,one_noise_free_measurement_per_executed_route_node
3283,522800.9204974669,5697164.290406496,50.0,1.0,0.039775686102293206,ground_equivalent_excess_gamma_dose_rate,uSv/h,one_noise_free_measurement_per_executed_route_node
3284,522820.9204974669,5697144.290406496,50.0,1.0,0.042772527569426955,ground_equivalent_excess_gamma_dose_rate,uSv/h,one_noise_free_measurement_per_executed_route_node
3285,522800.9204974669,5697164.290406496,50.0,1.0,0.039775686102293206,ground_equivalent_excess_gamma_dose_rate,uSv/h,one_noise_free_measurement_per_executed_route_node
3286,522820.9204974669,5697164.290406496,50.0,1.0,0.04125173538524696,ground_equivalent_excess_gamma_dose_rate,uSv/h,one_noise_free_measurement_per_executed_route_node
3287,522840.9204974669,5697164.290406496,50.0,1.0,0.042782904743793565,ground_equivalent_excess_gamma_dose_rate,uSv/h,one_noise_free_measurement_per_executed_route_node
3288,522820.9204974669,5697144.290406496,50.0,1.0,0.042772527569426955,ground_equivalent_excess_gamma_dose_rate,uSv/h,one_noise_free_measurement_per_executed_route_node
3289,522800.9204974669,5697124.290406496,50.0,1.0,0.042645444316333214,ground_equivalent_excess_gamma_dose_rate,uSv/h,one_noise_free_measurement_per_executed_route_node
3290,522780.9204974669,5697104.290406496,50.0,1.0,0.04240372398943304,ground_equivalent_excess_gamma_dose_rate,uSv/h,one_noise_free_measurement_per_executed_route_node
3291,522780.9204974669,5697124.290406496,50.0,1.0,0.04101597219809583,ground_equivalent_excess_gamma_dose_rate,uSv/h,one_noise_free_measurement_per_executed_route_node
3292,522780.9204974669,5697144.290406496,50.0,1.0,0.03966576419122922,ground_equivalent_excess_gamma_dose_rate,uSv/h,one_noise_free_measurement_per_executed_route_node
3293,522760.9204974669,5697124.290406496,50.0,1.0,0.03945655942793949,ground_equivalent_excess_gamma_dose_rate,uSv/h,one_noise_free_measurement_per_executed_route_node
3294,522740.9204974669,5697104.290406496,50.0,1.0,0.039151203163545534,ground_equivalent_excess_gamma_dose_rate,uSv/h,one_noise_free_measurement_per_executed_route_node
3295,522740.9204974669,5697124.290406496,50.0,1.0,0.03796520067482906,ground_equivalent_excess_gamma_dose_rate,uSv/h,one_noise_free_measurement_per_executed_route_node
3296,522760.9204974669,5697124.290406496,50.0,1.0,0.03945655942793949,ground_equivalent_excess_gamma_dose_rate,uSv/h,one_noise_free_measurement_per_executed_route_node
3297,522780.9204974669,5697104.290406496,50.0,1.0,0.04240372398943304,ground_equivalent_excess_gamma_dose_rate,uSv/h,one_noise_free_measurement_per_executed_route_node
3298,522800.9204974669,5697104.290406496,50.0,1.0,0.04414767012852122,ground_equivalent_excess_gamma_dose_rate,uSv/h,one_noise_free_measurement_per_executed_route_node
3299,522800.9204974669,5697084.290406496,50.0,1.0,0.045692686693124596,ground_equivalent_excess_gamma_dose_rate,uSv/h,one_noise_free_measurement_per_executed_route_node
3300,522800.9204974669,5697064.290406496,50.0,1.0,0.047278130113698164,ground_equivalent_excess_gamma_dose_rate,uSv/h,one_noise_free_measurement_per_executed_route_node
3301,522820.9204974669,5697044.290406496,50.0,1.0,0.051151065961758724,ground_equivalent_excess_gamma_dose_rate,uSv/h,one_noise_free_measurement_per_executed_route_node
3302,522840.9204974669,5697064.290406496,50.0,1.0,0.05158823694686426,ground_equivalent_excess_gamma_dose_rate,uSv/h,one_noise_free_measurement_per_executed_route_node
3303,522840.9204974669,5697084.290406496,50.0,1.0,0.04970629659491932,ground_equivalent_excess_gamma_dose_rate,uSv/h,one_noise_free_measurement_per_executed_route_node
3304,522840.9204974669,5697064.290406496,50.0,1.0,0.05158823694686426,ground_equivalent_excess_gamma_dose_rate,uSv/h,one_noise_free_measurement_per_executed_route_node
3305,522860.9204974669,5697064.290406496,50.0,1.0,0.053912187756018026,ground_equivalent_excess_gamma_dose_rate,uSv/h,one_noise_free_measurement_per_executed_route_node
3306,522880.9204974669,5697084.290406496,50.0,1.0,0.05411545107072813,ground_equivalent_excess_gamma_dose_rate,uSv/h,one_noise_free_measurement_per_executed_route_node
3307,522900.9204974669,5697104.290406496,50.0,1.0,0.05413206298927398,ground_equivalent_excess_gamma_dose_rate,uSv/h,one_noise_free_measurement_per_executed_route_node
3308,522900.9204974669,5697124.290406496,50.0,1.0,0.051890765801973604,ground_equivalent_excess_gamma_dose_rate,uSv/h,one_noise_free_measurement_per_executed_route_node
3309,522900.9204974669,5697104.290406496,50.0,1.0,0.05413206298927398,ground_equivalent_excess_gamma_dose_rate,uSv/h,one_noise_free_measurement_per_executed_route_node
3310,522900.9204974669,5697084.290406496,50.0,1.0,0.05647347446564349,ground_equivalent_excess_gamma_dose_rate,uSv/h,one_noise_free_measurement_per_executed_route_node
3311,522900.9204974669,5697064.290406496,50.0,1.0,0.05891531016031709,ground_equivalent_excess_gamma_dose_rate,uSv/h,one_noise_free_measurement_per_executed_route_node
3312,522900.9204974669,5697044.290406496,50.0,1.0,0.061456752162239614,ground_equivalent_excess_gamma_dose_rate,uSv/h,one_noise_free_measurement_per_executed_route_node
3313,522900.9204974669,5697024.290406496,50.0,1.0,0.0640956062249956,ground_equivalent_excess_gamma_dose_rate,uSv/h,one_noise_free_measurement_per_executed_route_node
3314,522920.9204974669,5697004.290406496,50.0,1.0,0.07030272636378498,ground_equivalent_excess_gamma_dose_rate,uSv/h,one_noise_free_measurement_per_executed_route_node
3315,522940.9204974669,5697004.290406496,50.0,1.0,0.07398300912594219,ground_equivalent_excess_gamma_dose_rate,uSv/h,one_noise_free_measurement_per_executed_route_node
3316,522920.9204974669,5697004.290406496,50.0,1.0,0.07030272636378498,ground_equivalent_excess_gamma_dose_rate,uSv/h,one_noise_free_measurement_per_executed_route_node
3317,522900.9204974669,5697004.290406496,50.0,1.0,0.06682802588935532,ground_equivalent_excess_gamma_dose_rate,uSv/h,one_noise_free_measurement_per_executed_route_node
3318,522900.9204974669,5696984.290406497,50.0,1.0,0.06964821276488542,ground_equivalent_excess_gamma_dose_rate,uSv/h,one_noise_free_measurement_per_executed_route_node
3319,522900.9204974669,5696964.290406497,50.0,1.0,0.07254809947260338,ground_equivalent_excess_gamma_dose_rate,uSv/h,one_noise_free_measurement_per_executed_route_node
3320,522920.9204974669,5696984.290406497,50.0,1.0,0.0734306701354881,ground_equivalent_excess_gamma_dose_rate,uSv/h,one_noise_free_measurement_per_executed_route_node
3321,522940.9204974669,5696984.290406497,50.0,1.0,0.07745510172087955,ground_equivalent_excess_gamma_dose_rate,uSv/h,one_noise_free_measurement_per_executed_route_node
3322,522940.9204974669,5696964.290406497,50.0,1.0,0.0810583379729557,ground_equivalent_excess_gamma_dose_rate,uSv/h,one_noise_free_measurement_per_executed_route_node
3323,522940.9204974669,5696984.290406497,50.0,1.0,0.07745510172087955,ground_equivalent_excess_gamma_dose_rate,uSv/h,one_noise_free_measurement_per_executed_route_node
3324,522940.9204974669,5697004.290406496,50.0,1.0,0.07398300912594219,ground_equivalent_excess_gamma_dose_rate,uSv/h,one_noise_free_measurement_per_executed_route_node
3325,522960.9204974669,5697024.290406496,50.0,1.0,0.07418977593909587,ground_equivalent_excess_gamma_dose_rate,uSv/h,one_noise_free_measurement_per_executed_route_node
3326,522960.9204974669,5697004.290406496,50.0,1.0,0.0778753450007783,ground_equivalent_excess_gamma_dose_rate,uSv/h,one_noise_free_measurement_per_executed_route_node
3327,522940.9204974669,5697024.290406496,50.0,1.0,0.07064876733407843,ground_equivalent_excess_gamma_dose_rate,uSv/h,one_noise_free_measurement_per_executed_route_node
3328,522960.9204974669,5697044.290406496,50.0,1.0,0.0706770830233246,ground_equivalent_excess_gamma_dose_rate,uSv/h,one_noise_free_measurement_per_executed_route_node
3329,522960.9204974669,5697064.290406496,50.0,1.0,0.06733657829618828,ground_equivalent_excess_gamma_dose_rate,uSv/h,one_noise_free_measurement_per_executed_route_node
3330,522960.9204974669,5697044.290406496,50.0,1.0,0.0706770830233246,ground_equivalent_excess_gamma_dose_rate,uSv/h,one_noise_free_measurement_per_executed_route_node
3331,522980.9204974669,5697064.290406496,50.0,1.0,0.07038691030530381,ground_equivalent_excess_gamma_dose_rate,uSv/h,one_noise_free_measurement_per_executed_route_node
3332,522960.9204974669,5697064.290406496,50.0,1.0,0.06733657829618828,ground_equivalent_excess_gamma_dose_rate,uSv/h,one_noise_free_measurement_per_executed_route_node
3333,522940.9204974669,5697064.290406496,50.0,1.0,0.06440663001864289,ground_equivalent_excess_gamma_dose_rate,uSv/h,one_noise_free_measurement_per_executed_route_node
3334,522960.9204974669,5697064.290406496,50.0,1.0,0.06733657829618828,ground_equivalent_excess_gamma_dose_rate,uSv/h,one_noise_free_measurement_per_executed_route_node
3335,522960.9204974669,5697084.290406496,50.0,1.0,0.06416557359132496,ground_equivalent_excess_gamma_dose_rate,uSv/h,one_noise_free_measurement_per_executed_route_node
3336,522940.9204974669,5697064.290406496,50.0,1.0,0.06440663001864289,ground_equivalent_excess_gamma_dose_rate,uSv/h,one_noise_free_measurement_per_executed_route_node
3337,522960.9204974669,5697064.290406496,50.0,1.0,0.06733657829618828,ground_equivalent_excess_gamma_dose_rate,uSv/h,one_noise_free_measurement_per_executed_route_node
3338,522960.9204974669,5697084.290406496,50.0,1.0,0.06416557359132496,ground_equivalent_excess_gamma_dose_rate,uSv/h,one_noise_free_measurement_per_executed_route_node
3339,522980.9204974669,5697084.290406496,50.0,1.0,0.06692948242336061,ground_equivalent_excess_gamma_dose_rate,uSv/h,one_noise_free_measurement_per_executed_route_node
3340,523000.920497467,5697064.290406496,50.0,1.0,0.07355318333690519,ground_equivalent_excess_gamma_dose_rate,uSv/h,one_noise_free_measurement_per_executed_route_node
3341,522980.9204974669,5697044.290406496,50.0,1.0,0.07404513928611178,ground_equivalent_excess_gamma_dose_rate,uSv/h,one_noise_free_measurement_per_executed_route_node
3342,523000.920497467,5697044.290406496,50.0,1.0,0.07755729866030753,ground_equivalent_excess_gamma_dose_rate,uSv/h,one_noise_free_measurement_per_executed_route_node
3343,522980.9204974669,5697064.290406496,50.0,1.0,0.07038691030530381,ground_equivalent_excess_gamma_dose_rate,uSv/h,one_noise_free_measurement_per_executed_route_node
3344,523000.920497467,5697064.290406496,50.0,1.0,0.07355318333690519,ground_equivalent_excess_gamma_dose_rate,uSv/h,one_noise_free_measurement_per_executed_route_node
3345,523020.920497467,5697084.290406496,50.0,1.0,0.07272762268619187,ground_equivalent_excess_gamma_dose_rate,uSv/h,one_noise_free_measurement_per_executed_route_node
3346,523040.920497467,5697084.290406496,50.0,1.0,0.07574408283612383,ground_equivalent_excess_gamma_dose_rate,uSv/h,one_noise_free_measurement_per_executed_route_node
3347,523060.920497467,5697084.290406496,50.0,1.0,0.07882227530461045,ground_equivalent_excess_gamma_dose_rate,uSv/h,one_noise_free_measurement_per_executed_route_node
3348,523040.920497467,5697064.290406496,50.0,1.0,0.0802024964856991,ground_equivalent_excess_gamma_dose_rate,uSv/h,one_noise_free_measurement_per_executed_route_node
3349,523060.920497467,5697064.290406496,50.0,1.0,0.08366200370717708,ground_equivalent_excess_gamma_dose_rate,uSv/h,one_noise_free_measurement_per_executed_route_node
3350,523060.920497467,5697044.290406496,50.0,1.0,0.0888814166661075,ground_equivalent_excess_gamma_dose_rate,uSv/h,one_noise_free_measurement_per_executed_route_node
3351,523040.920497467,5697064.290406496,50.0,1.0,0.0802024964856991,ground_equivalent_excess_gamma_dose_rate,uSv/h,one_noise_free_measurement_per_executed_route_node
3352,523040.920497467,5697044.290406496,50.0,1.0,0.08498683584124056,ground_equivalent_excess_gamma_dose_rate,uSv/h,one_noise_free_measurement_per_executed_route_node
3353,523060.920497467,5697064.290406496,50.0,1.0,0.08366200370717708,ground_equivalent_excess_gamma_dose_rate,uSv/h,one_noise_free_measurement_per_executed_route_node
3354,523080.920497467,5697044.290406496,50.0,1.0,0.09287324718761625,ground_equivalent_excess_gamma_dose_rate,uSv/h,one_noise_free_measurement_per_executed_route_node
3355,523060.920497467,5697044.290406496,50.0,1.0,0.0888814166661075,ground_equivalent_excess_gamma_dose_rate,uSv/h,one_noise_free_measurement_per_executed_route_node
3356,523060.920497467,5697024.290406496,50.0,1.0,0.09450872043731234,ground_equivalent_excess_gamma_dose_rate,uSv/h,one_noise_free_measurement_per_executed_route_node
3357,523060.920497467,5697004.290406496,50.0,1.0,0.10057202804224175,ground_equivalent_excess_gamma_dose_rate,uSv/h,one_noise_free_measurement_per_executed_route_node
3358,523080.920497467,5697024.290406496,50.0,1.0,0.09903488763005525,ground_equivalent_excess_gamma_dose_rate,uSv/h,one_noise_free_measurement_per_executed_route_node
3359,523100.920497467,5697004.290406496,50.0,1.0,0.11101295433030467,ground_equivalent_excess_gamma_dose_rate,uSv/h,one_noise_free_measurement_per_executed_route_node
3360,523120.920497467,5697004.290406496,50.0,1.0,0.11643645776115175,ground_equivalent_excess_gamma_dose_rate,uSv/h,one_noise_free_measurement_per_executed_route_node
3361,523140.920497467,5697024.290406496,50.0,1.0,0.11313875210180391,ground_equivalent_excess_gamma_dose_rate,uSv/h,one_noise_free_measurement_per_executed_route_node
3362,523160.920497467,5697024.290406496,50.0,1.0,0.1178811275726388,ground_equivalent_excess_gamma_dose_rate,uSv/h,one_noise_free_measurement_per_executed_route_node
3363,523140.920497467,5697004.290406496,50.0,1.0,0.12193942845057815,ground_equivalent_excess_gamma_dose_rate,uSv/h,one_noise_free_measurement_per_executed_route_node
3364,523160.920497467,5696984.290406497,50.0,1.0,0.13813492389928722,ground_equivalent_excess_gamma_dose_rate,uSv/h,one_noise_free_measurement_per_executed_route_node
3365,523140.920497467,5696984.290406497,50.0,1.0,0.1316676273918792,ground_equivalent_excess_gamma_dose_rate,uSv/h,one_noise_free_measurement_per_executed_route_node
3366,523160.920497467,5696964.290406497,50.0,1.0,0.1500287920644487,ground_equivalent_excess_gamma_dose_rate,uSv/h,one_noise_free_measurement_per_executed_route_node
3367,523160.920497467,5696944.290406497,50.0,1.0,0.16330594866843057,ground_equivalent_excess_gamma_dose_rate,uSv/h,one_noise_free_measurement_per_executed_route_node
3368,523180.920497467,5696944.290406497,50.0,1.0,0.17241696681885332,ground_equivalent_excess_gamma_dose_rate,uSv/h,one_noise_free_measurement_per_executed_route_node
3369,523160.920497467,5696944.290406497,50.0,1.0,0.16330594866843057,ground_equivalent_excess_gamma_dose_rate,uSv/h,one_noise_free_measurement_per_executed_route_node
3370,523180.920497467,5696924.290406497,50.0,1.0,0.18903657354958675,ground_equivalent_excess_gamma_dose_rate,uSv/h,one_noise_free_measurement_per_executed_route_node
3371,523160.920497467,5696924.290406497,50.0,1.0,0.17813994712223113,ground_equivalent_excess_gamma_dose_rate,uSv/h,one_noise_free_measurement_per_executed_route_node
3372,523180.920497467,5696904.290406497,50.0,1.0,0.2078107755517577,ground_equivalent_excess_gamma_dose_rate,uSv/h,one_noise_free_measurement_per_executed_route_node
3373,523180.920497467,5696884.290406497,50.0,1.0,0.2290342929927714,ground_equivalent_excess_gamma_dose_rate,uSv/h,one_noise_free_measurement_per_executed_route_node
3374,523160.920497467,5696884.290406497,50.0,1.0,0.2132314007177203,ground_equivalent_excess_gamma_dose_rate,uSv/h,one_noise_free_measurement_per_executed_route_node
3375,523180.920497467,5696904.290406497,50.0,1.0,0.2078107755517577,ground_equivalent_excess_gamma_dose_rate,uSv/h,one_noise_free_measurement_per_executed_route_node
3376,523200.920497467,5696904.290406497,50.0,1.0,0.22121507445547622,ground_equivalent_excess_gamma_dose_rate,uSv/h,one_noise_free_measurement_per_executed_route_node
3377,523220.920497467,5696904.290406497,50.0,1.0,0.23469191560484992,ground_equivalent_excess_gamma_dose_rate,uSv/h,one_noise_free_measurement_per_executed_route_node
3378,523240.920497467,5696924.290406497,50.0,1.0,0.22166881912490255,ground_equivalent_excess_gamma_dose_rate,uSv/h,one_noise_free_measurement_per_executed_route_node
3379,523260.920497467,5696924.290406497,50.0,1.0,0.23171469915585935,ground_equivalent_excess_gamma_dose_rate,uSv/h,one_noise_free_measurement_per_executed_route_node
3380,523260.920497467,5696904.290406497,50.0,1.0,0.2605699983274703,ground_equivalent_excess_gamma_dose_rate,uSv/h,one_noise_free_measurement_per_executed_route_node
3381,523240.920497467,5696904.290406497,50.0,1.0,0.24793453340072596,ground_equivalent_excess_gamma_dose_rate,uSv/h,one_noise_free_measurement_per_executed_route_node
3382,523220.920497467,5696904.290406497,50.0,1.0,0.23469191560484992,ground_equivalent_excess_gamma_dose_rate,uSv/h,one_noise_free_measurement_per_executed_route_node
3383,523200.920497467,5696904.290406497,50.0,1.0,0.22121507445547622,ground_equivalent_excess_gamma_dose_rate,uSv/h,one_noise_free_measurement_per_executed_route_node
3384,523200.920497467,5696884.290406497,50.0,1.0,0.24542431041717788,ground_equivalent_excess_gamma_dose_rate,uSv/h,one_noise_free_measurement_per_executed_route_node
3385,523180.920497467,5696864.290406497,50.0,1.0,0.2530206379108705,ground_equivalent_excess_gamma_dose_rate,uSv/h,one_noise_free_measurement_per_executed_route_node
3386,523200.920497467,5696844.290406497,50.0,1.0,0.30499402578212437,ground_equivalent_excess_gamma_dose_rate,uSv/h,one_noise_free_measurement_per_executed_route_node
3387,523220.920497467,5696864.290406497,50.0,1.0,0.29402408230906685,ground_equivalent_excess_gamma_dose_rate,uSv/h,one_noise_free_measurement_per_executed_route_node
3388,523200.920497467,5696884.290406497,50.0,1.0,0.24542431041717788,ground_equivalent_excess_gamma_dose_rate,uSv/h,one_noise_free_measurement_per_executed_route_node
3389,523200.920497467,5696904.290406497,50.0,1.0,0.22121507445547622,ground_equivalent_excess_gamma_dose_rate,uSv/h,one_noise_free_measurement_per_executed_route_node
3390,523200.920497467,5696884.290406497,50.0,1.0,0.24542431041717788,ground_equivalent_excess_gamma_dose_rate,uSv/h,one_noise_free_measurement_per_executed_route_node
3391,523180.920497467,5696884.290406497,50.0,1.0,0.2290342929927714,ground_equivalent_excess_gamma_dose_rate,uSv/h,one_noise_free_measurement_per_executed_route_node
3392,523200.920497467,5696884.290406497,50.0,1.0,0.24542431041717788,ground_equivalent_excess_gamma_dose_rate,uSv/h,one_noise_free_measurement_per_executed_route_node
3393,523180.920497467,5696884.290406497,50.0,1.0,0.2290342929927714,ground_equivalent_excess_gamma_dose_rate,uSv/h,one_noise_free_measurement_per_executed_route_node
3394,523160.920497467,5696884.290406497,50.0,1.0,0.2132314007177203,ground_equivalent_excess_gamma_dose_rate,uSv/h,one_noise_free_measurement_per_executed_route_node
3395,523180.920497467,5696864.290406497,50.0,1.0,0.2530206379108705,ground_equivalent_excess_gamma_dose_rate,uSv/h,one_noise_free_measurement_per_executed_route_node
3396,523160.920497467,5696844.290406497,50.0,1.0,0.2568107779048325,ground_equivalent_excess_gamma_dose_rate,uSv/h,one_noise_free_measurement_per_executed_route_node
3397,523160.920497467,5696864.290406497,50.0,1.0,0.23387276636416693,ground_equivalent_excess_gamma_dose_rate,uSv/h,one_noise_free_measurement_per_executed_route_node
3398,523180.920497467,5696884.290406497,50.0,1.0,0.2290342929927714,ground_equivalent_excess_gamma_dose_rate,uSv/h,one_noise_free_measurement_per_executed_route_node
3399,523160.920497467,5696864.290406497,50.0,1.0,0.23387276636416693,ground_equivalent_excess_gamma_dose_rate,uSv/h,one_noise_free_measurement_per_executed_route_node
3400,523140.920497467,5696864.290406497,50.0,1.0,0.2159168925754123,ground_equivalent_excess_gamma_dose_rate,uSv/h,one_noise_free_measurement_per_executed_route_node
3401,523160.920497467,5696864.290406497,50.0,1.0,0.23387276636416693,ground_equivalent_excess_gamma_dose_rate,uSv/h,one_noise_free_measurement_per_executed_route_node
3402,523160.920497467,5696884.290406497,50.0,1.0,0.2132314007177203,ground_equivalent_excess_gamma_dose_rate,uSv/h,one_noise_free_measurement_per_executed_route_node
3403,523180.920497467,5696904.290406497,50.0,1.0,0.2078107755517577,ground_equivalent_excess_gamma_dose_rate,uSv/h,one_noise_free_measurement_per_executed_route_node
3404,523160.920497467,5696904.290406497,50.0,1.0,0.19471722749248854,ground_equivalent_excess_gamma_dose_rate,uSv/h,one_noise_free_measurement_per_executed_route_node
3405,523140.920497467,5696924.290406497,50.0,1.0,0.16752813981450715,ground_equivalent_excess_gamma_dose_rate,uSv/h,one_noise_free_measurement_per_executed_route_node
3406,523160.920497467,5696944.290406497,50.0,1.0,0.16330594866843057,ground_equivalent_excess_gamma_dose_rate,uSv/h,one_noise_free_measurement_per_executed_route_node
3407,523160.920497467,5696964.290406497,50.0,1.0,0.1500287920644487,ground_equivalent_excess_gamma_dose_rate,uSv/h,one_noise_free_measurement_per_executed_route_node
3408,523180.920497467,5696944.290406497,50.0,1.0,0.17241696681885332,ground_equivalent_excess_gamma_dose_rate,uSv/h,one_noise_free_measurement_per_executed_route_node
3409,523180.920497467,5696964.290406497,50.0,1.0,0.15768381761913414,ground_equivalent_excess_gamma_dose_rate,uSv/h,one_noise_free_measurement_per_executed_route_node
3410,523160.920497467,5696964.290406497,50.0,1.0,0.1500287920644487,ground_equivalent_excess_gamma_dose_rate,uSv/h,one_noise_free_measurement_per_executed_route_node
3411,523140.920497467,5696944.290406497,50.0,1.0,0.1543434231923998,ground_equivalent_excess_gamma_dose_rate,uSv/h,one_noise_free_measurement_per_executed_route_node
3412,523140.920497467,5696964.290406497,50.0,1.0,0.14243046846648583,ground_equivalent_excess_gamma_dose_rate,uSv/h,one_noise_free_measurement_per_executed_route_node
3413,523140.920497467,5696984.290406497,50.0,1.0,0.1316676273918792,ground_equivalent_excess_gamma_dose_rate,uSv/h,one_noise_free_measurement_per_executed_route_node
3414,523160.920497467,5696964.290406497,50.0,1.0,0.1500287920644487,ground_equivalent_excess_gamma_dose_rate,uSv/h,one_noise_free_measurement_per_executed_route_node
3415,523140.920497467,5696964.290406497,50.0,1.0,0.14243046846648583,ground_equivalent_excess_gamma_dose_rate,uSv/h,one_noise_free_measurement_per_executed_route_node
3416,523160.920497467,5696944.290406497,50.0,1.0,0.16330594866843057,ground_equivalent_excess_gamma_dose_rate,uSv/h,one_noise_free_measurement_per_executed_route_node
3417,523140.920497467,5696924.290406497,50.0,1.0,0.16752813981450715,ground_equivalent_excess_gamma_dose_rate,uSv/h,one_noise_free_measurement_per_executed_route_node
3418,523160.920497467,5696944.290406497,50.0,1.0,0.16330594866843057,ground_equivalent_excess_gamma_dose_rate,uSv/h,one_noise_free_measurement_per_executed_route_node
3419,523140.920497467,5696924.290406497,50.0,1.0,0.16752813981450715,ground_equivalent_excess_gamma_dose_rate,uSv/h,one_noise_free_measurement_per_executed_route_node
3420,523160.920497467,5696924.290406497,50.0,1.0,0.17813994712223113,ground_equivalent_excess_gamma_dose_rate,uSv/h,one_noise_free_measurement_per_executed_route_node
3421,523140.920497467,5696904.290406497,50.0,1.0,0.18210840209301932,ground_equivalent_excess_gamma_dose_rate,uSv/h,one_noise_free_measurement_per_executed_route_node
3422,523120.920497467,5696924.290406497,50.0,1.0,0.1573136156799126,ground_equivalent_excess_gamma_dose_rate,uSv/h,one_noise_free_measurement_per_executed_route_node
3423,523140.920497467,5696944.290406497,50.0,1.0,0.1543434231923998,ground_equivalent_excess_gamma_dose_rate,uSv/h,one_noise_free_measurement_per_executed_route_node
3424,523120.920497467,5696964.290406497,50.0,1.0,0.13497914144721684,ground_equivalent_excess_gamma_dose_rate,uSv/h,one_noise_free_measurement_per_executed_route_node
3425,523140.920497467,5696964.290406497,50.0,1.0,0.14243046846648583,ground_equivalent_excess_gamma_dose_rate,uSv/h,one_noise_free_measurement_per_executed_route_node
3426,523140.920497467,5696984.290406497,50.0,1.0,0.1316676273918792,ground_equivalent_excess_gamma_dose_rate,uSv/h,one_noise_free_measurement_per_executed_route_node
3427,523160.920497467,5697004.290406496,50.0,1.0,0.1274663057668602,ground_equivalent_excess_gamma_dose_rate,uSv/h,one_noise_free_measurement_per_executed_route_node
3428,523160.920497467,5697024.290406496,50.0,1.0,0.1178811275726388,ground_equivalent_excess_gamma_dose_rate,uSv/h,one_noise_free_measurement_per_executed_route_node
3429,523160.920497467,5697004.290406496,50.0,1.0,0.1274663057668602,ground_equivalent_excess_gamma_dose_rate,uSv/h,one_noise_free_measurement_per_executed_route_node
3430,523180.920497467,5697004.290406496,50.0,1.0,0.13294993963443585,ground_equivalent_excess_gamma_dose_rate,uSv/h,one_noise_free_measurement_per_executed_route_node
3431,523180.920497467,5697024.290406496,50.0,1.0,0.12255593287259287,ground_equivalent_excess_gamma_dose_rate,uSv/h,one_noise_free_measurement_per_executed_route_node
3432,523200.920497467,5697004.290406496,50.0,1.0,0.13831171266484604,ground_equivalent_excess_gamma_dose_rate,uSv/h,one_noise_free_measurement_per_executed_route_node
3433,523180.920497467,5697024.290406496,50.0,1.0,0.12255593287259287,ground_equivalent_excess_gamma_dose_rate,uSv/h,one_noise_free_measurement_per_executed_route_node
3434,523160.920497467,5697004.290406496,50.0,1.0,0.1274663057668602,ground_equivalent_excess_gamma_dose_rate,uSv/h,one_noise_free_measurement_per_executed_route_node
3435,523180.920497467,5697024.290406496,50.0,1.0,0.12255593287259287,ground_equivalent_excess_gamma_dose_rate,uSv/h,one_noise_free_measurement_per_executed_route_node
3436,523200.920497467,5697024.290406496,50.0,1.0,0.127097792091996,ground_equivalent_excess_gamma_dose_rate,uSv/h,one_noise_free_measurement_per_executed_route_node
3437,523180.920497467,5697044.290406496,50.0,1.0,0.11325732075261497,ground_equivalent_excess_gamma_dose_rate,uSv/h,one_noise_free_measurement_per_executed_route_node
3438,523180.920497467,5697064.290406496,50.0,1.0,0.10491678964689716,ground_equivalent_excess_gamma_dose_rate,uSv/h,one_noise_free_measurement_per_executed_route_node
3439,523180.920497467,5697044.290406496,50.0,1.0,0.11325732075261497,ground_equivalent_excess_gamma_dose_rate,uSv/h,one_noise_free_measurement_per_executed_route_node
3440,523160.920497467,5697044.290406496,50.0,1.0,0.1092533939702573,ground_equivalent_excess_gamma_dose_rate,uSv/h,one_noise_free_measurement_per_executed_route_node
3441,523160.920497467,5697064.290406496,50.0,1.0,0.10147189710446891,ground_equivalent_excess_gamma_dose_rate,uSv/h,one_noise_free_measurement_per_executed_route_node
3442,523160.920497467,5697044.290406496,50.0,1.0,0.1092533939702573,ground_equivalent_excess_gamma_dose_rate,uSv/h,one_noise_free_measurement_per_executed_route_node
3443,523160.920497467,5697064.290406496,50.0,1.0,0.10147189710446891,ground_equivalent_excess_gamma_dose_rate,uSv/h,one_noise_free_measurement_per_executed_route_node
3444,523180.920497467,5697044.290406496,50.0,1.0,0.11325732075261497,ground_equivalent_excess_gamma_dose_rate,uSv/h,one_noise_free_measurement_per_executed_route_node
3445,523200.920497467,5697044.290406496,50.0,1.0,0.11712524645880873,ground_equivalent_excess_gamma_dose_rate,uSv/h,one_noise_free_measurement_per_executed_route_node
3446,523220.920497467,5697044.290406496,50.0,1.0,0.12079794537431832,ground_equivalent_excess_gamma_dose_rate,uSv/h,one_noise_free_measurement_per_executed_route_node
3447,523200.920497467,5697064.290406496,50.0,1.0,0.10822767894547347,ground_equivalent_excess_gamma_dose_rate,uSv/h,one_noise_free_measurement_per_executed_route_node
3448,523200.920497467,5697084.290406496,50.0,1.0,0.10026377253650648,ground_equivalent_excess_gamma_dose_rate,uSv/h,one_noise_free_measurement_per_executed_route_node
3449,523220.920497467,5697064.290406496,50.0,1.0,0.11135611792432126,ground_equivalent_excess_gamma_dose_rate,uSv/h,one_noise_free_measurement_per_executed_route_node
3450,523220.920497467,5697044.290406496,50.0,1.0,0.12079794537431832,ground_equivalent_excess_gamma_dose_rate,uSv/h,one_noise_free_measurement_per_executed_route_node
3451,523200.920497467,5697044.290406496,50.0,1.0,0.11712524645880873,ground_equivalent_excess_gamma_dose_rate,uSv/h,one_noise_free_measurement_per_executed_route_node
3452,523220.920497467,5697044.290406496,50.0,1.0,0.12079794537431832,ground_equivalent_excess_gamma_dose_rate,uSv/h,one_noise_free_measurement_per_executed_route_node
3453,523220.920497467,5697064.290406496,50.0,1.0,0.11135611792432126,ground_equivalent_excess_gamma_dose_rate,uSv/h,one_noise_free_measurement_per_executed_route_node
3454,523220.920497467,5697084.290406496,50.0,1.0,0.10294304140576854,ground_equivalent_excess_gamma_dose_rate,uSv/h,one_noise_free_measurement_per_executed_route_node
3455,523240.920497467,5697064.290406496,50.0,1.0,0.11425156022809152,ground_equivalent_excess_gamma_dose_rate,uSv/h,one_noise_free_measurement_per_executed_route_node
3456,523260.920497467,5697084.290406496,50.0,1.0,0.10763167901819681,ground_equivalent_excess_gamma_dose_rate,uSv/h,one_noise_free_measurement_per_executed_route_node
3457,523240.920497467,5697064.290406496,50.0,1.0,0.11425156022809152,ground_equivalent_excess_gamma_dose_rate,uSv/h,one_noise_free_measurement_per_executed_route_node
3458,523220.920497467,5697044.290406496,50.0,1.0,0.12079794537431832,ground_equivalent_excess_gamma_dose_rate,uSv/h,one_noise_free_measurement_per_executed_route_node
3459,523200.920497467,5697024.290406496,50.0,1.0,0.127097792091996,ground_equivalent_excess_gamma_dose_rate,uSv/h,one_noise_free_measurement_per_executed_route_node
3460,523220.920497467,5697044.290406496,50.0,1.0,0.12079794537431832,ground_equivalent_excess_gamma_dose_rate,uSv/h,one_noise_free_measurement_per_executed_route_node
3461,523220.920497467,5697024.290406496,50.0,1.0,0.13143411250115966,ground_equivalent_excess_gamma_dose_rate,uSv/h,one_noise_free_measurement_per_executed_route_node
3462,523240.920497467,5697024.290406496,50.0,1.0,0.13548680634172344,ground_equivalent_excess_gamma_dose_rate,uSv/h,one_noise_free_measurement_per_executed_route_node
3463,523240.920497467,5697044.290406496,50.0,1.0,0.12421273833301932,ground_equivalent_excess_gamma_dose_rate,uSv/h,one_noise_free_measurement_per_executed_route_node
3464,523240.920497467,5697064.290406496,50.0,1.0,0.11425156022809152,ground_equivalent_excess_gamma_dose_rate,uSv/h,one_noise_free_measurement_per_executed_route_node
3465,523260.920497467,5697084.290406496,50.0,1.0,0.10763167901819681,ground_equivalent_excess_gamma_dose_rate,uSv/h,one_noise_free_measurement_per_executed_route_node
3466,523240.920497467,5697064.290406496,50.0,1.0,0.11425156022809152,ground_equivalent_excess_gamma_dose_rate,uSv/h,one_noise_free_measurement_per_executed_route_node
3467,523220.920497467,5697064.290406496,50.0,1.0,0.11135611792432126,ground_equivalent_excess_gamma_dose_rate,uSv/h,one_noise_free_measurement_per_executed_route_node
3468,523240.920497467,5697064.290406496,50.0,1.0,0.11425156022809152,ground_equivalent_excess_gamma_dose_rate,uSv/h,one_noise_free_measurement_per_executed_route_node
3469,523220.920497467,5697084.290406496,50.0,1.0,0.10294304140576854,ground_equivalent_excess_gamma_dose_rate,uSv/h,one_noise_free_measurement_per_executed_route_node
3470,523240.920497467,5697084.290406496,50.0,1.0,0.10541265170158126,ground_equivalent_excess_gamma_dose_rate,uSv/h,one_noise_free_measurement_per_executed_route_node
3471,523260.920497467,5697084.290406496,50.0,1.0,0.10763167901819681,ground_equivalent_excess_gamma_dose_rate,uSv/h,one_noise_free_measurement_per_executed_route_node
3472,523280.920497467,5697064.290406496,50.0,1.0,0.11914050779283286,ground_equivalent_excess_gamma_dose_rate,uSv/h,one_noise_free_measurement_per_executed_route_node
3473,523260.920497467,5697044.290406496,50.0,1.0,0.12730547550718235,ground_equivalent_excess_gamma_dose_rate,uSv/h,one_noise_free_measurement_per_executed_route_node
3474,523240.920497467,5697044.290406496,50.0,1.0,0.12421273833301932,ground_equivalent_excess_gamma_dose_rate,uSv/h,one_noise_free_measurement_per_executed_route_node
3475,523260.920497467,5697024.290406496,50.0,1.0,0.1391747759340604,ground_equivalent_excess_gamma_dose_rate,uSv/h,one_noise_free_measurement_per_executed_route_node
3476,523280.920497467,5697024.290406496,50.0,1.0,0.14241712179837346,ground_equivalent_excess_gamma_dose_rate,uSv/h,one_noise_free_measurement_per_executed_route_node
3477,523280.920497467,5697044.290406496,50.0,1.0,0.13001298773231895,ground_equivalent_excess_gamma_dose_rate,uSv/h,one_noise_free_measurement_per_executed_route_node
3478,523300.920497467,5697044.290406496,50.0,1.0,0.13227588720240457,ground_equivalent_excess_gamma_dose_rate,uSv/h,one_noise_free_measurement_per_executed_route_node
3479,523320.920497467,5697044.290406496,50.0,1.0,0.13404152937437286,ground_equivalent_excess_gamma_dose_rate,uSv/h,one_noise_free_measurement_per_executed_route_node
3480,523300.920497467,5697024.290406496,50.0,1.0,0.1451369280660591,ground_equivalent_excess_gamma_dose_rate,uSv/h,one_noise_free_measurement_per_executed_route_node
3481,523280.920497467,5697044.290406496,50.0,1.0,0.13001298773231895,ground_equivalent_excess_gamma_dose_rate,uSv/h,one_noise_free_measurement_per_executed_route_node
3482,523260.920497467,5697044.290406496,50.0,1.0,0.12730547550718235,ground_equivalent_excess_gamma_dose_rate,uSv/h,one_noise_free_measurement_per_executed_route_node
3483,523240.920497467,5697024.290406496,50.0,1.0,0.13548680634172344,ground_equivalent_excess_gamma_dose_rate,uSv/h,one_noise_free_measurement_per_executed_route_node
3484,523240.920497467,5697004.290406496,50.0,1.0,0.14830456323998586,ground_equivalent_excess_gamma_dose_rate,uSv/h,one_noise_free_measurement_per_executed_route_node
3485,523240.920497467,5697024.290406496,50.0,1.0,0.13548680634172344,ground_equivalent_excess_gamma_dose_rate,uSv/h,one_noise_free_measurement_per_executed_route_node
3486,523260.920497467,5697044.290406496,50.0,1.0,0.12730547550718235,ground_equivalent_excess_gamma_dose_rate,uSv/h,one_noise_free_measurement_per_executed_route_node
3487,523280.920497467,5697044.290406496,50.0,1.0,0.13001298773231895,ground_equivalent_excess_gamma_dose_rate,uSv/h,one_noise_free_measurement_per_executed_route_node
3488,523300.920497467,5697064.290406496,50.0,1.0,0.12103799566667495,ground_equivalent_excess_gamma_dose_rate,uSv/h,one_noise_free_measurement_per_executed_route_node
3489,523300.920497467,5697044.290406496,50.0,1.0,0.13227588720240457,ground_equivalent_excess_gamma_dose_rate,uSv/h,one_noise_free_measurement_per_executed_route_node
3490,523320.920497467,5697024.290406496,50.0,1.0,0.14726536696010545,ground_equivalent_excess_gamma_dose_rate,uSv/h,one_noise_free_measurement_per_executed_route_node
3491,523340.920497467,5697044.290406496,50.0,1.0,0.13526689181655,ground_equivalent_excess_gamma_dose_rate,uSv/h,one_noise_free_measurement_per_executed_route_node
3492,523340.920497467,5697024.290406496,50.0,1.0,0.14874576641788223,ground_equivalent_excess_gamma_dose_rate,uSv/h,one_noise_free_measurement_per_executed_route_node
3493,523320.920497467,5697044.290406496,50.0,1.0,0.13404152937437286,ground_equivalent_excess_gamma_dose_rate,uSv/h,one_noise_free_measurement_per_executed_route_node
3494,523320.920497467,5697024.290406496,50.0,1.0,0.14726536696010545,ground_equivalent_excess_gamma_dose_rate,uSv/h,one_noise_free_measurement_per_executed_route_node
3495,523340.920497467,5697004.290406496,50.0,1.0,0.16433938001658693,ground_equivalent_excess_gamma_dose_rate,uSv/h,one_noise_free_measurement_per_executed_route_node
3496,523320.920497467,5697004.290406496,50.0,1.0,0.16253420178954353,ground_equivalent_excess_gamma_dose_rate,uSv/h,one_noise_free_measurement_per_executed_route_node
3497,523340.920497467,5696984.290406497,50.0,1.0,0.18251315261422407,ground_equivalent_excess_gamma_dose_rate,uSv/h,one_noise_free_measurement_per_executed_route_node
3498,523340.920497467,5697004.290406496,50.0,1.0,0.16433938001658693,ground_equivalent_excess_gamma_dose_rate,uSv/h,one_noise_free_measurement_per_executed_route_node
3499,523360.920497467,5697024.290406496,50.0,1.0,0.14953722702831623,ground_equivalent_excess_gamma_dose_rate,uSv/h,one_noise_free_measurement_per_executed_route_node
3500,523380.920497467,5697024.290406496,50.0,1.0,0.14961737762200616,ground_equivalent_excess_gamma_dose_rate,uSv/h,one_noise_free_measurement_per_executed_route_node
3501,523400.920497467,5697024.290406496,50.0,1.0,0.1489839329238281,ground_equivalent_excess_gamma_dose_rate,uSv/h,one_noise_free_measurement_per_executed_route_node
3502,523380.920497467,5697004.290406496,50.0,1.0,0.16540397333024126,ground_equivalent_excess_gamma_dose_rate,uSv/h,one_noise_free_measurement_per_executed_route_node
3503,523380.920497467,5696984.290406497,50.0,1.0,0.18382716667468507,ground_equivalent_excess_gamma_dose_rate,uSv/h,one_noise_free_measurement_per_executed_route_node
3504,523360.920497467,5696964.290406497,50.0,1.0,0.2053572297380693,ground_equivalent_excess_gamma_dose_rate,uSv/h,one_noise_free_measurement_per_executed_route_node
3505,523360.920497467,5696984.290406497,50.0,1.0,0.1837061879892779,ground_equivalent_excess_gamma_dose_rate,uSv/h,one_noise_free_measurement_per_executed_route_node
3506,523360.920497467,5696964.290406497,50.0,1.0,0.2053572297380693,ground_equivalent_excess_gamma_dose_rate,uSv/h,one_noise_free_measurement_per_executed_route_node
3507,523380.920497467,5696944.290406497,50.0,1.0,0.2312636476961656,ground_equivalent_excess_gamma_dose_rate,uSv/h,one_noise_free_measurement_per_executed_route_node
3508,523380.920497467,5696964.290406497,50.0,1.0,0.20550841692730953,ground_equivalent_excess_gamma_dose_rate,uSv/h,one_noise_free_measurement_per_executed_route_node
3509,523360.920497467,5696984.290406497,50.0,1.0,0.1837061879892779,ground_equivalent_excess_gamma_dose_rate,uSv/h,one_noise_free_measurement_per_executed_route_node
3510,523380.920497467,5696984.290406497,50.0,1.0,0.18382716667468507,ground_equivalent_excess_gamma_dose_rate,uSv/h,one_noise_free_measurement_per_executed_route_node
3511,523360.920497467,5696964.290406497,50.0,1.0,0.2053572297380693,ground_equivalent_excess_gamma_dose_rate,uSv/h,one_noise_free_measurement_per_executed_route_node
3512,523380.920497467,5696964.290406497,50.0,1.0,0.20550841692730953,ground_equivalent_excess_gamma_dose_rate,uSv/h,one_noise_free_measurement_per_executed_route_node
3513,523400.920497467,5696964.290406497,50.0,1.0,0.20431520514220697,ground_equivalent_excess_gamma_dose_rate,uSv/h,one_noise_free_measurement_per_executed_route_node
3514,523420.920497467,5696944.290406497,50.0,1.0,0.22660813151560588,ground_equivalent_excess_gamma_dose_rate,uSv/h,one_noise_free_measurement_per_executed_route_node
3515,523400.920497467,5696964.290406497,50.0,1.0,0.20431520514220697,ground_equivalent_excess_gamma_dose_rate,uSv/h,one_noise_free_measurement_per_executed_route_node
3516,523420.920497467,5696984.290406497,50.0,1.0,0.1808734455813954,ground_equivalent_excess_gamma_dose_rate,uSv/h,one_noise_free_measurement_per_executed_route_node
3517,523440.920497467,5696964.290406497,50.0,1.0,0.1981283404465805,ground_equivalent_excess_gamma_dose_rate,uSv/h,one_noise_free_measurement_per_executed_route_node
3518,523460.920497467,5696944.290406497,50.0,1.0,0.21599487459893535,ground_equivalent_excess_gamma_dose_rate,uSv/h,one_noise_free_measurement_per_executed_route_node
3519,523480.920497467,5696924.290406497,50.0,1.0,0.233849999774504,ground_equivalent_excess_gamma_dose_rate,uSv/h,one_noise_free_measurement_per_executed_route_node
3520,523480.920497467,5696944.290406497,50.0,1.0,0.20893589240724314,ground_equivalent_excess_gamma_dose_rate,uSv/h,one_noise_free_measurement_per_executed_route_node
3521,523460.920497467,5696924.290406497,50.0,1.0,0.24272858750864812,ground_equivalent_excess_gamma_dose_rate,uSv/h,one_noise_free_measurement_per_executed_route_node
3522,523480.920497467,5696944.290406497,50.0,1.0,0.20893589240724314,ground_equivalent_excess_gamma_dose_rate,uSv/h,one_noise_free_measurement_per_executed_route_node
3523,523480.920497467,5696964.290406497,50.0,1.0,0.18768526790813395,ground_equivalent_excess_gamma_dose_rate,uSv/h,one_noise_free_measurement_per_executed_route_node
3524,523460.920497467,5696964.290406497,50.0,1.0,0.19336184518550292,ground_equivalent_excess_gamma_dose_rate,uSv/h,one_noise_free_measurement_per_executed_route_node
3525,523480.920497467,5696964.290406497,50.0,1.0,0.18768526790813395,ground_equivalent_excess_gamma_dose_rate,uSv/h,one_noise_free_measurement_per_executed_route_node
3526,523500.920497467,5696984.290406497,50.0,1.0,0.16419288473128818,ground_equivalent_excess_gamma_dose_rate,uSv/h,one_noise_free_measurement_per_executed_route_node
3527,523500.920497467,5697004.290406496,50.0,1.0,0.14933598841972684,ground_equivalent_excess_gamma_dose_rate,uSv/h,one_noise_free_measurement_per_executed_route_node
3528,523520.920497467,5696984.290406497,50.0,1.0,0.15845812669640819,ground_equivalent_excess_gamma_dose_rate,uSv/h,one_noise_free_measurement_per_executed_route_node
3529,523500.920497467,5696964.290406497,50.0,1.0,0.18127480952823216,ground_equivalent_excess_gamma_dose_rate,uSv/h,one_noise_free_measurement_per_executed_route_node
3530,523480.920497467,5696984.290406497,50.0,1.0,0.16943465544078035,ground_equivalent_excess_gamma_dose_rate,uSv/h,one_noise_free_measurement_per_executed_route_node
3531,523480.920497467,5696964.290406497,50.0,1.0,0.18768526790813395,ground_equivalent_excess_gamma_dose_rate,uSv/h,one_noise_free_measurement_per_executed_route_node
3532,523460.920497467,5696944.290406497,50.0,1.0,0.21599487459893535,ground_equivalent_excess_gamma_dose_rate,uSv/h,one_noise_free_measurement_per_executed_route_node
3533,523480.920497467,5696964.290406497,50.0,1.0,0.18768526790813395,ground_equivalent_excess_gamma_dose_rate,uSv/h,one_noise_free_measurement_per_executed_route_node
3534,523460.920497467,5696964.290406497,50.0,1.0,0.19336184518550292,ground_equivalent_excess_gamma_dose_rate,uSv/h,one_noise_free_measurement_per_executed_route_node
3535,523440.920497467,5696984.290406497,50.0,1.0,0.17789969425331986,ground_equivalent_excess_gamma_dose_rate,uSv/h,one_noise_free_measurement_per_executed_route_node
3536,523440.920497467,5696964.290406497,50.0,1.0,0.1981283404465805,ground_equivalent_excess_gamma_dose_rate,uSv/h,one_noise_free_measurement_per_executed_route_node
3537,523420.920497467,5696944.290406497,50.0,1.0,0.22660813151560588,ground_equivalent_excess_gamma_dose_rate,uSv/h,one_noise_free_measurement_per_executed_route_node
3538,523400.920497467,5696924.290406497,50.0,1.0,0.26024214830226094,ground_equivalent_excess_gamma_dose_rate,uSv/h,one_noise_free_measurement_per_executed_route_node
3539,523420.920497467,5696904.290406497,50.0,1.0,0.2919638915210604,ground_equivalent_excess_gamma_dose_rate,uSv/h,one_noise_free_measurement_per_executed_route_node
3540,523400.920497467,5696884.290406497,50.0,1.0,0.342612199990217,ground_equivalent_excess_gamma_dose_rate,uSv/h,one_noise_free_measurement_per_executed_route_node
3541,523380.920497467,5696884.290406497,50.0,1.0,0.3459807421075444,ground_equivalent_excess_gamma_dose_rate,uSv/h,one_noise_free_measurement_per_executed_route_node
3542,523400.920497467,5696864.290406497,50.0,1.0,0.3992270555796555,ground_equivalent_excess_gamma_dose_rate,uSv/h,one_noise_free_measurement_per_executed_route_node
3543,523420.920497467,5696864.290406497,50.0,1.0,0.3898243609149105,ground_equivalent_excess_gamma_dose_rate,uSv/h,one_noise_free_measurement_per_executed_route_node
3544,523440.920497467,5696864.290406497,50.0,1.0,0.3762686696539013,ground_equivalent_excess_gamma_dose_rate,uSv/h,one_noise_free_measurement_per_executed_route_node
3545,523460.920497467,5696844.290406497,50.0,1.0,0.4166351746983758,ground_equivalent_excess_gamma_dose_rate,uSv/h,one_noise_free_measurement_per_executed_route_node
3546,523480.920497467,5696824.290406497,50.0,1.0,0.45316795154120065,ground_equivalent_excess_gamma_dose_rate,uSv/h,one_noise_free_measurement_per_executed_route_node
3547,523500.920497467,5696804.290406497,50.0,1.0,0.48141883282328307,ground_equivalent_excess_gamma_dose_rate,uSv/h,one_noise_free_measurement_per_executed_route_node
3548,523520.920497467,5696804.290406497,50.0,1.0,0.4352346958371969,ground_equivalent_excess_gamma_dose_rate,uSv/h,one_noise_free_measurement_per_executed_route_node
3549,523540.920497467,5696824.290406497,50.0,1.0,0.34868231143750344,ground_equivalent_excess_gamma_dose_rate,uSv/h,one_noise_free_measurement_per_executed_route_node
3550,523520.920497467,5696844.290406497,50.0,1.0,0.3372187480625987,ground_equivalent_excess_gamma_dose_rate,uSv/h,one_noise_free_measurement_per_executed_route_node
3551,523500.920497467,5696864.290406497,50.0,1.0,0.3198026738817272,ground_equivalent_excess_gamma_dose_rate,uSv/h,one_noise_free_measurement_per_executed_route_node
3552,523520.920497467,5696844.290406497,50.0,1.0,0.3372187480625987,ground_equivalent_excess_gamma_dose_rate,uSv/h,one_noise_free_measurement_per_executed_route_node
3553,523500.920497467,5696824.290406497,50.0,1.0,0.41751823513333214,ground_equivalent_excess_gamma_dose_rate,uSv/h,one_noise_free_measurement_per_executed_route_node
3554,523480.920497467,5696804.290406497,50.0,1.0,0.5294434726901982,ground_equivalent_excess_gamma_dose_rate,uSv/h,one_noise_free_measurement_per_executed_route_node
3555,523460.920497467,5696784.290406497,50.0,1.0,0.691349426935312,ground_equivalent_excess_gamma_dose_rate,uSv/h,one_noise_free_measurement_per_executed_route_node
3556,523440.920497467,5696804.290406497,50.0,1.0,0.6219135262521458,ground_equivalent_excess_gamma_dose_rate,uSv/h,one_noise_free_measurement_per_executed_route_node
3557,523420.920497467,5696784.290406497,50.0,1.0,0.8132650814878617,ground_equivalent_excess_gamma_dose_rate,uSv/h,one_noise_free_measurement_per_executed_route_node
3558,523440.920497467,5696804.290406497,50.0,1.0,0.6219135262521458,ground_equivalent_excess_gamma_dose_rate,uSv/h,one_noise_free_measurement_per_executed_route_node
3559,523420.920497467,5696804.290406497,50.0,1.0,0.6598382221606018,ground_equivalent_excess_gamma_dose_rate,uSv/h,one_noise_free_measurement_per_executed_route_node
3560,523420.920497467,5696824.290406497,50.0,1.0,0.545424414323203,ground_equivalent_excess_gamma_dose_rate,uSv/h,one_noise_free_measurement_per_executed_route_node
3561,523420.920497467,5696804.290406497,50.0,1.0,0.6598382221606018,ground_equivalent_excess_gamma_dose_rate,uSv/h,one_noise_free_measurement_per_executed_route_node
3562,523420.920497467,5696784.290406497,50.0,1.0,0.8132650814878617,ground_equivalent_excess_gamma_dose_rate,uSv/h,one_noise_free_measurement_per_executed_route_node
3563,523440.920497467,5696804.290406497,50.0,1.0,0.6219135262521458,ground_equivalent_excess_gamma_dose_rate,uSv/h,one_noise_free_measurement_per_executed_route_node
3564,523440.920497467,5696824.290406497,50.0,1.0,0.5192506459419981,ground_equivalent_excess_gamma_dose_rate,uSv/h,one_noise_free_measurement_per_executed_route_node
3565,523460.920497467,5696844.290406497,50.0,1.0,0.4166351746983758,ground_equivalent_excess_gamma_dose_rate,uSv/h,one_noise_free_measurement_per_executed_route_node
3566,523480.920497467,5696824.290406497,50.0,1.0,0.45316795154120065,ground_equivalent_excess_gamma_dose_rate,uSv/h,one_noise_free_measurement_per_executed_route_node
3567,523460.920497467,5696824.290406497,50.0,1.0,0.4877406886465849,ground_equivalent_excess_gamma_dose_rate,uSv/h,one_noise_free_measurement_per_executed_route_node
3568,523480.920497467,5696824.290406497,50.0,1.0,0.45316795154120065,ground_equivalent_excess_gamma_dose_rate,uSv/h,one_noise_free_measurement_per_executed_route_node
3569,523460.920497467,5696824.290406497,50.0,1.0,0.4877406886465849,ground_equivalent_excess_gamma_dose_rate,uSv/h,one_noise_free_measurement_per_executed_route_node
3570,523460.920497467,5696804.290406497,50.0,1.0,0.5772478313977616,ground_equivalent_excess_gamma_dose_rate,uSv/h,one_noise_free_measurement_per_executed_route_node
3571,523440.920497467,5696804.290406497,50.0,1.0,0.6219135262521458,ground_equivalent_excess_gamma_dose_rate,uSv/h,one_noise_free_measurement_per_executed_route_node
3572,523460.920497467,5696824.290406497,50.0,1.0,0.4877406886465849,ground_equivalent_excess_gamma_dose_rate,uSv/h,one_noise_free_measurement_per_executed_route_node
3573,523460.920497467,5696844.290406497,50.0,1.0,0.4166351746983758,ground_equivalent_excess_gamma_dose_rate,uSv/h,one_noise_free_measurement_per_executed_route_node
3574,523440.920497467,5696824.290406497,50.0,1.0,0.5192506459419981,ground_equivalent_excess_gamma_dose_rate,uSv/h,one_noise_free_measurement_per_executed_route_node
3575,523460.920497467,5696844.290406497,50.0,1.0,0.4166351746983758,ground_equivalent_excess_gamma_dose_rate,uSv/h,one_noise_free_measurement_per_executed_route_node
3576,523460.920497467,5696824.290406497,50.0,1.0,0.4877406886465849,ground_equivalent_excess_gamma_dose_rate,uSv/h,one_noise_free_measurement_per_executed_route_node
3577,523440.920497467,5696824.290406497,50.0,1.0,0.5192506459419981,ground_equivalent_excess_gamma_dose_rate,uSv/h,one_noise_free_measurement_per_executed_route_node
3578,523460.920497467,5696804.290406497,50.0,1.0,0.5772478313977616,ground_equivalent_excess_gamma_dose_rate,uSv/h,one_noise_free_measurement_per_executed_route_node
3579,523440.920497467,5696804.290406497,50.0,1.0,0.6219135262521458,ground_equivalent_excess_gamma_dose_rate,uSv/h,one_noise_free_measurement_per_executed_route_node
3580,523440.920497467,5696824.290406497,50.0,1.0,0.5192506459419981,ground_equivalent_excess_gamma_dose_rate,uSv/h,one_noise_free_measurement_per_executed_route_node
3581,523420.920497467,5696844.290406497,50.0,1.0,0.458012561966145,ground_equivalent_excess_gamma_dose_rate,uSv/h,one_noise_free_measurement_per_executed_route_node
3582,523440.920497467,5696844.290406497,50.0,1.0,0.4394129091928249,ground_equivalent_excess_gamma_dose_rate,uSv/h,one_noise_free_measurement_per_executed_route_node
3583,523420.920497467,5696864.290406497,50.0,1.0,0.3898243609149105,ground_equivalent_excess_gamma_dose_rate,uSv/h,one_noise_free_measurement_per_executed_route_node
3584,523400.920497467,5696884.290406497,50.0,1.0,0.342612199990217,ground_equivalent_excess_gamma_dose_rate,uSv/h,one_noise_free_measurement_per_executed_route_node
3585,523400.920497467,5696864.290406497,50.0,1.0,0.3992270555796555,ground_equivalent_excess_gamma_dose_rate,uSv/h,one_noise_free_measurement_per_executed_route_node
3586,523380.920497467,5696864.290406497,50.0,1.0,0.40380828907726646,ground_equivalent_excess_gamma_dose_rate,uSv/h,one_noise_free_measurement_per_executed_route_node
3587,523360.920497467,5696844.290406497,50.0,1.0,0.4766231907400859,ground_equivalent_excess_gamma_dose_rate,uSv/h,one_noise_free_measurement_per_executed_route_node
3588,523340.920497467,5696864.290406497,50.0,1.0,0.39752145562192137,ground_equivalent_excess_gamma_dose_rate,uSv/h,one_noise_free_measurement_per_executed_route_node
3589,523320.920497467,5696864.290406497,50.0,1.0,0.38712126540730457,ground_equivalent_excess_gamma_dose_rate,uSv/h,one_noise_free_measurement_per_executed_route_node
3590,523300.920497467,5696884.290406497,50.0,1.0,0.32292816528622054,ground_equivalent_excess_gamma_dose_rate,uSv/h,one_noise_free_measurement_per_executed_route_node
3591,523320.920497467,5696884.290406497,50.0,1.0,0.3336579252364908,ground_equivalent_excess_gamma_dose_rate,uSv/h,one_noise_free_measurement_per_executed_route_node
3592,523340.920497467,5696864.290406497,50.0,1.0,0.39752145562192137,ground_equivalent_excess_gamma_dose_rate,uSv/h,one_noise_free_measurement_per_executed_route_node
3593,523340.920497467,5696844.290406497,50.0,1.0,0.46867474722138874,ground_equivalent_excess_gamma_dose_rate,uSv/h,one_noise_free_measurement_per_executed_route_node
3594,523360.920497467,5696864.290406497,50.0,1.0,0.40322498093087716,ground_equivalent_excess_gamma_dose_rate,uSv/h,one_noise_free_measurement_per_executed_route_node
3595,523380.920497467,5696844.290406497,50.0,1.0,0.4774383977318674,ground_equivalent_excess_gamma_dose_rate,uSv/h,one_noise_free_measurement_per_executed_route_node
3596,523360.920497467,5696824.290406497,50.0,1.0,0.5720228720337626,ground_equivalent_excess_gamma_dose_rate,uSv/h,one_noise_free_measurement_per_executed_route_node
3597,523380.920497467,5696804.290406497,50.0,1.0,0.7009241874675376,ground_equivalent_excess_gamma_dose_rate,uSv/h,one_noise_free_measurement_per_executed_route_node
3598,523360.920497467,5696804.290406497,50.0,1.0,0.6991685763192879,ground_equivalent_excess_gamma_dose_rate,uSv/h,one_noise_free_measurement_per_executed_route_node
3599,523360.920497467,5696824.290406497,50.0,1.0,0.5720228720337626,ground_equivalent_excess_gamma_dose_rate,uSv/h,one_noise_free_measurement_per_executed_route_node
3600,523340.920497467,5696844.290406497,50.0,1.0,0.46867474722138874,ground_equivalent_excess_gamma_dose_rate,uSv/h,one_noise_free_measurement_per_executed_route_node
