step_index,mode_before,mode_after,x_m,y_m,sar_row,sar_col,step_distance_m,total_distance_m,measurement_excess,measurement_quantity,measurement_unit,platform_altitude_m,value_reference_height_m,estimator_updated_cells,estimator_update_time_s,hazard_active,hazard_transition,hazard_episode_index,entry_threshold_current,exit_threshold_current,normal_route_interrupted,mode_transition_reason,radiation_planning_time_s,continuation_planning_time_s
0,NORMAL,RADIATION,522960.9204974669,5696984.290406497,30,29,0.0,0.0,0.12704211354777967,ground_equivalent_excess_gamma_dose_rate,uSv/h,50.0,1.0,6360,0.000908799993339926,True,enter,1,0.1,0.09000000000000001,True,hazard_enter_threshold,,
1,RADIATION,RADIATION,522940.9204974669,5696964.290406497,29,28,28.284271247461902,28.284271247461902,0.13102918273772451,ground_equivalent_excess_gamma_dose_rate,uSv/h,50.0,1.0,6360,0.0004973000031895936,True,,1,0.1,0.09000000000000001,False,,0.0007128999859560281,
2,RADIATION,RADIATION,522920.9204974669,5696944.290406497,28,27,28.284271247461902,56.568542494923804,0.1341135216087439,ground_equivalent_excess_gamma_dose_rate,uSv/h,50.0,1.0,6360,0.0004665000014938414,True,,1,0.1,0.09000000000000001,False,,0.0006076999998185784,
3,RADIATION,RADIATION,522900.9204974669,5696924.290406497,27,26,28.284271247461902,84.8528137423857,0.13614978629736335,ground_equivalent_excess_gamma_dose_rate,uSv/h,50.0,1.0,6360,0.0004963999963365495,True,,1,0.1,0.09000000000000001,False,,0.0005512000061571598,
4,RADIATION,RADIATION,522880.9204974669,5696904.290406497,26,25,28.284271247461902,113.13708498984761,0.13703635064454128,ground_equivalent_excess_gamma_dose_rate,uSv/h,50.0,1.0,6360,0.0004700000281445682,True,,1,0.1,0.09000000000000001,False,,0.0007134999905247241,
5,RADIATION,RADIATION,522860.9204974669,5696884.290406497,25,24,28.284271247461902,141.4213562373095,0.13672753199986026,ground_equivalent_excess_gamma_dose_rate,uSv/h,50.0,1.0,6360,0.0004535999905783683,True,,1,0.1,0.09000000000000001,False,,0.0005699000030290335,
6,RADIATION,RADIATION,522840.9204974669,5696904.290406497,26,23,28.284271247461902,169.7056274847714,0.12030574273289235,ground_equivalent_excess_gamma_dose_rate,uSv/h,50.0,1.0,6360,0.0007530000002589077,True,,1,0.1,0.09000000000000001,False,,0.0009722000104375184,
7,RADIATION,RADIATION,522840.9204974669,5696884.290406497,25,23,20.0,189.7056274847714,0.12759615798653773,ground_equivalent_excess_gamma_dose_rate,uSv/h,50.0,1.0,6360,0.0005693999992217869,True,,1,0.1,0.09000000000000001,False,,0.0010673000069800764,
8,RADIATION,RADIATION,522860.9204974669,5696864.290406497,24,24,28.284271247461902,217.9898987322333,0.1455416093281326,ground_equivalent_excess_gamma_dose_rate,uSv/h,50.0,1.0,6360,0.0004661999992094934,True,,1,0.1,0.09000000000000001,False,,0.0005872999900020659,
9,RADIATION,RADIATION,522840.9204974669,5696844.290406497,23,23,28.284271247461902,246.27416997969522,0.14319735105706427,ground_equivalent_excess_gamma_dose_rate,uSv/h,50.0,1.0,6360,0.0004636000085156411,True,,1,0.1,0.09000000000000001,False,,0.0008771000138949603,
10,RADIATION,RADIATION,522860.9204974669,5696844.290406497,23,24,20.0,266.2741699796952,0.15479975011496033,ground_equivalent_excess_gamma_dose_rate,uSv/h,50.0,1.0,6360,0.00035990000469610095,True,,1,0.1,0.09000000000000001,False,,0.0005722999921999872,
11,RADIATION,RADIATION,522880.9204974669,5696824.290406497,22,25,28.284271247461902,294.5584412271571,0.1789030538611595,ground_equivalent_excess_gamma_dose_rate,uSv/h,50.0,1.0,6360,0.00044659999548457563,True,,1,0.1,0.09000000000000001,False,,0.0005416999920271337,
12,RADIATION,RADIATION,522860.9204974669,5696804.290406497,21,24,28.284271247461902,322.842712474619,0.1743952363432218,ground_equivalent_excess_gamma_dose_rate,uSv/h,50.0,1.0,6360,0.0005177999846637249,True,,1,0.1,0.09000000000000001,False,,0.0005371000152081251,
13,RADIATION,RADIATION,522880.9204974669,5696804.290406497,21,25,20.0,342.842712474619,0.19074174208822076,ground_equivalent_excess_gamma_dose_rate,uSv/h,50.0,1.0,6360,0.00035200000274926424,True,,1,0.1,0.09000000000000001,False,,0.0005645000201184303,
14,RADIATION,RADIATION,522900.9204974669,5696784.290406497,20,26,28.284271247461902,371.1269837220809,0.22379617155652692,ground_equivalent_excess_gamma_dose_rate,uSv/h,50.0,1.0,6360,0.0005119999987073243,True,,1,0.1,0.09000000000000001,False,,0.0006387000030372292,
15,RADIATION,RADIATION,522900.9204974669,5696764.290406497,19,26,20.0,391.1269837220809,0.23892447104630282,ground_equivalent_excess_gamma_dose_rate,uSv/h,50.0,1.0,6360,0.0005535999953281134,True,,1,0.1,0.09000000000000001,False,,0.0006637999904341996,
16,RADIATION,RADIATION,522880.9204974669,5696744.290406497,18,25,28.284271247461902,419.4112549695428,0.22758797961657296,ground_equivalent_excess_gamma_dose_rate,uSv/h,50.0,1.0,6360,0.00044249999336898327,True,,1,0.1,0.09000000000000001,False,,0.000582600012421608,
17,RADIATION,RADIATION,522900.9204974669,5696744.290406497,18,26,20.0,439.4112549695428,0.2541622555221077,ground_equivalent_excess_gamma_dose_rate,uSv/h,50.0,1.0,6360,0.0006282000103965402,True,,1,0.1,0.09000000000000001,False,,0.0009676000045146793,
18,RADIATION,RADIATION,522920.9204974669,5696724.290406497,17,27,28.284271247461902,467.6955262170047,0.30412189104170856,ground_equivalent_excess_gamma_dose_rate,uSv/h,50.0,1.0,6360,0.0007133999897632748,True,,1,0.1,0.09000000000000001,False,,0.0010179000091738999,
19,RADIATION,RADIATION,522940.9204974669,5696704.290406497,16,28,28.284271247461902,495.9797974644666,0.3695742753129752,ground_equivalent_excess_gamma_dose_rate,uSv/h,50.0,1.0,6360,0.00046960002509877086,True,,1,0.1,0.09000000000000001,False,,0.0007137999928090721,
20,RADIATION,RADIATION,522920.9204974669,5696684.290406497,15,27,28.284271247461902,524.2640687119285,0.3394089683450338,ground_equivalent_excess_gamma_dose_rate,uSv/h,50.0,1.0,6360,0.0004834999854210764,True,,1,0.1,0.09000000000000001,False,,0.000659800018183887,
21,RADIATION,RADIATION,522940.9204974669,5696684.290406497,15,28,20.0,544.2640687119285,0.3920204320475063,ground_equivalent_excess_gamma_dose_rate,uSv/h,50.0,1.0,6360,0.0004071999865118414,True,,1,0.1,0.09000000000000001,False,,0.0006432000081986189,
22,RADIATION,RADIATION,522960.9204974669,5696664.290406497,14,29,28.284271247461902,572.5483399593904,0.4843674734184224,ground_equivalent_excess_gamma_dose_rate,uSv/h,50.0,1.0,6360,0.0004482999793253839,True,,1,0.1,0.09000000000000001,False,,0.0005588000058196485,
23,RADIATION,RADIATION,522980.9204974669,5696684.290406497,15,30,28.284271247461902,600.8326112068523,0.5387739039493231,ground_equivalent_excess_gamma_dose_rate,uSv/h,50.0,1.0,6360,0.0003499999875202775,True,,1,0.1,0.09000000000000001,False,,0.0005477999802678823,
24,RADIATION,RADIATION,523000.920497467,5696704.290406497,16,31,28.28427124750306,629.1168824543554,0.584254094066748,ground_equivalent_excess_gamma_dose_rate,uSv/h,50.0,1.0,6360,0.0005197999998927116,True,,1,0.1,0.09000000000000001,False,,0.0005461999971885234,
25,RADIATION,RADIATION,523000.920497467,5696724.290406497,17,31,20.0,649.1168824543554,0.526728119308268,ground_equivalent_excess_gamma_dose_rate,uSv/h,50.0,1.0,6360,0.0004579000233206898,True,,1,0.1,0.09000000000000001,False,,0.0005825999833177775,
26,RADIATION,RADIATION,523020.920497467,5696704.290406497,16,32,28.284271247461902,677.4011537018173,0.6924376185171777,ground_equivalent_excess_gamma_dose_rate,uSv/h,50.0,1.0,6360,0.0003789999755099416,True,,1,0.1,0.09000000000000001,False,,0.0005533999938052148,
27,RADIATION,RADIATION,523040.920497467,5696724.290406497,17,33,28.284271247461902,705.6854249492792,0.7164907941675125,ground_equivalent_excess_gamma_dose_rate,uSv/h,50.0,1.0,6360,0.00035829999251291156,True,,1,0.1,0.09000000000000001,False,,0.0005428000004030764,
28,RADIATION,RADIATION,523060.920497467,5696744.290406497,18,34,28.284271247461902,733.9696961967411,0.7086121228660731,ground_equivalent_excess_gamma_dose_rate,uSv/h,50.0,1.0,6360,0.0003952999832108617,True,,1,0.1,0.09000000000000001,False,,0.0007501000072807074,
29,RADIATION,RADIATION,523060.920497467,5696724.290406497,17,34,20.0,753.9696961967411,0.8387286723035177,ground_equivalent_excess_gamma_dose_rate,uSv/h,50.0,1.0,6360,0.000585700006922707,True,,1,0.1,0.09000000000000001,False,,0.001140100008342415,
30,RADIATION,RADIATION,523080.920497467,5696704.290406497,16,35,28.284271247461902,782.253967444203,1.1991249505404817,ground_equivalent_excess_gamma_dose_rate,uSv/h,50.0,1.0,6360,0.0005233999982010573,True,,1,0.1,0.09000000000000001,False,,0.0010433000279590487,
31,RADIATION,RADIATION,523100.920497467,5696684.290406497,15,36,28.284271247461902,810.5382386916649,1.853217020091588,ground_equivalent_excess_gamma_dose_rate,uSv/h,50.0,1.0,6360,0.00038670000503771007,True,,1,0.1,0.09000000000000001,False,,0.0005982000147923827,
32,RADIATION,RADIATION,523120.920497467,5696664.290406497,14,37,28.284271247461902,838.8225099391268,3.233494132268564,ground_equivalent_excess_gamma_dose_rate,uSv/h,50.0,1.0,6360,0.00037719999090768397,True,,1,0.1,0.09000000000000001,False,,0.0005601999873761088,
33,RADIATION,RADIATION,523120.920497467,5696644.290406497,13,37,20.0,858.8225099391268,4.580130601080961,ground_equivalent_excess_gamma_dose_rate,uSv/h,50.0,1.0,6360,0.0005870000168215483,True,,1,0.1,0.09000000000000001,False,,0.0006876999977976084,
34,RADIATION,RADIATION,523140.920497467,5696624.290406497,12,38,28.284271247461902,887.1067811865887,11.905449924834068,ground_equivalent_excess_gamma_dose_rate,uSv/h,50.0,1.0,6360,0.0004543000250123441,True,,1,0.1,0.09000000000000001,False,,0.0005996999971102923,
35,RADIATION,RADIATION,523140.920497467,5696604.290406497,11,38,20.0,907.1067811865887,17.5233970305387,ground_equivalent_excess_gamma_dose_rate,uSv/h,50.0,1.0,6360,0.00043479999294504523,True,,1,0.1,0.09000000000000001,False,,0.0005594000103883445,
36,RADIATION,RADIATION,523140.920497467,5696584.290406497,10,38,20.0,927.1067811865887,16.093218162917864,ground_equivalent_excess_gamma_dose_rate,uSv/h,50.0,1.0,6360,0.0004351999959908426,True,,1,0.1,0.09000000000000001,False,,0.0005486999871209264,
37,RADIATION,RADIATION,523120.920497467,5696584.290406497,10,37,20.0,947.1067811865887,7.2701559825299436,ground_equivalent_excess_gamma_dose_rate,uSv/h,50.0,1.0,6360,0.00041009997949004173,True,,1,0.1,0.09000000000000001,False,,0.0007060999923851341,
38,RADIATION,RADIATION,523140.920497467,5696564.290406497,9,38,28.284271247461902,975.3910524340506,10.079690961605294,ground_equivalent_excess_gamma_dose_rate,uSv/h,50.0,1.0,6360,0.00044010000419802964,True,,1,0.1,0.09000000000000001,False,,0.0005612999957520515,
39,RADIATION,RADIATION,523160.920497467,5696564.290406497,9,39,20.0,995.3910524340506,17.921552941129228,ground_equivalent_excess_gamma_dose_rate,uSv/h,50.0,1.0,6360,0.0003420000139158219,True,,1,0.1,0.09000000000000001,False,,0.0005532999930437654,
40,RADIATION,RADIATION,523180.920497467,5696544.290406497,8,40,28.284271247461902,1023.6753236815125,8.813717972772379,ground_equivalent_excess_gamma_dose_rate,uSv/h,50.0,1.0,6360,0.0004898000042885542,True,,1,0.1,0.09000000000000001,False,,0.0005419000226538628,
41,RADIATION,RADIATION,523180.920497467,5696564.290406497,9,40,20.0,1043.6753236815125,22.528570208842037,ground_equivalent_excess_gamma_dose_rate,uSv/h,50.0,1.0,6360,0.0005184000183362514,True,,1,0.1,0.09000000000000001,False,,0.0012128000089433044,
42,RADIATION,RADIATION,523200.920497467,5696584.290406497,10,41,28.284271247461902,1071.9595949289744,35.83457333272325,ground_equivalent_excess_gamma_dose_rate,uSv/h,50.0,1.0,6360,0.00042810000013560057,True,,1,0.1,0.09000000000000001,False,,0.0008329999982379377,
43,RADIATION,RADIATION,523220.920497467,5696564.290406497,9,42,28.284271247461902,1100.2438661764363,8.505804739134158,ground_equivalent_excess_gamma_dose_rate,uSv/h,50.0,1.0,6360,0.0004826999793294817,True,,1,0.1,0.09000000000000001,False,,0.0008853999897837639,
44,RADIATION,RADIATION,523220.920497467,5696584.290406497,10,42,20.0,1120.2438661764363,12.423076902356526,ground_equivalent_excess_gamma_dose_rate,uSv/h,50.0,1.0,6360,0.0003667000273708254,True,,1,0.1,0.09000000000000001,False,,0.0006208000122569501,
45,RADIATION,RADIATION,523200.920497467,5696604.290406497,11,41,28.284271247461902,1148.5281374238982,43.79319871429291,ground_equivalent_excess_gamma_dose_rate,uSv/h,50.0,1.0,6360,0.0003387999895494431,True,,1,0.1,0.09000000000000001,False,,0.0005631000094581395,
46,RADIATION,RADIATION,523200.920497467,5696624.290406497,12,41,20.0,1168.5281374238982,20.095178431561777,ground_equivalent_excess_gamma_dose_rate,uSv/h,50.0,1.0,6360,0.0003507999936118722,True,,1,0.1,0.09000000000000001,False,,0.0006505000055767596,
47,RADIATION,RADIATION,523220.920497467,5696624.290406497,12,42,20.0,1188.5281374238982,9.770154570648945,ground_equivalent_excess_gamma_dose_rate,uSv/h,50.0,1.0,6360,0.0003386000171303749,True,,1,0.1,0.09000000000000001,False,,0.0005594000103883445,
48,RADIATION,RADIATION,523200.920497467,5696644.290406497,13,41,28.284271247461902,1216.8124086713601,9.200328949936774,ground_equivalent_excess_gamma_dose_rate,uSv/h,50.0,1.0,6360,0.00035310001112520695,True,,1,0.1,0.09000000000000001,False,,0.0005494999932125211,
49,RADIATION,RADIATION,523180.920497467,5696644.290406497,13,40,20.0,1236.8124086713601,11.350425919071668,ground_equivalent_excess_gamma_dose_rate,uSv/h,50.0,1.0,6360,0.00032350001856684685,True,,1,0.1,0.09000000000000001,False,,0.0005317000031936914,
50,RADIATION,RADIATION,523160.920497467,5696664.290406497,14,39,28.284271247461902,1265.096679918822,5.250951903017585,ground_equivalent_excess_gamma_dose_rate,uSv/h,50.0,1.0,6360,0.000361700018402189,True,,1,0.1,0.09000000000000001,False,,0.0006203000084497035,
51,RADIATION,RADIATION,523180.920497467,5696664.290406497,14,40,20.0,1285.096679918822,5.585624658785718,ground_equivalent_excess_gamma_dose_rate,uSv/h,50.0,1.0,6360,0.0003328000020701438,True,,1,0.1,0.09000000000000001,False,,0.0005339999916031957,
52,RADIATION,RADIATION,523200.920497467,5696664.290406497,14,41,20.0,1305.096679918822,5.009509281403106,ground_equivalent_excess_gamma_dose_rate,uSv/h,50.0,1.0,6360,0.0003335000074002892,True,,1,0.1,0.09000000000000001,False,,0.0005242999759502709,
53,RADIATION,RADIATION,523220.920497467,5696664.290406497,14,42,20.0,1325.096679918822,3.964954624303658,ground_equivalent_excess_gamma_dose_rate,uSv/h,50.0,1.0,6360,0.0006275000050663948,True,,1,0.1,0.09000000000000001,False,,0.000524500006577,
54,RADIATION,RADIATION,523240.920497467,5696644.290406497,13,43,28.284271247461902,1353.380951166284,4.067182434258541,ground_equivalent_excess_gamma_dose_rate,uSv/h,50.0,1.0,6360,0.0006067000213079154,True,,1,0.1,0.09000000000000001,False,,0.00098079998861067,
55,RADIATION,RADIATION,523240.920497467,5696624.290406497,12,43,20.0,1373.380951166284,5.3492563968484435,ground_equivalent_excess_gamma_dose_rate,uSv/h,50.0,1.0,6360,0.0003795999800786376,True,,1,0.1,0.09000000000000001,False,,0.0008590999932494015,
56,RADIATION,RADIATION,523260.920497467,5696604.290406497,11,44,28.284271247461902,1401.6652224137458,3.6152946024648798,ground_equivalent_excess_gamma_dose_rate,uSv/h,50.0,1.0,6360,0.0003912000101990998,True,,1,0.1,0.09000000000000001,False,,0.0009018999990075827,
57,RADIATION,RADIATION,523260.920497467,5696584.290406497,10,44,20.0,1421.6652224137458,3.550202842079668,ground_equivalent_excess_gamma_dose_rate,uSv/h,50.0,1.0,6360,0.0003764999855775386,True,,1,0.1,0.09000000000000001,False,,0.0005790999857708812,
58,RADIATION,RADIATION,523240.920497467,5696564.290406497,9,43,28.284271247461902,1449.9494936612077,4.946671998204016,ground_equivalent_excess_gamma_dose_rate,uSv/h,50.0,1.0,6360,0.00035069999285042286,True,,1,0.1,0.09000000000000001,False,,0.0005437000072561204,
59,RADIATION,RADIATION,523240.920497467,5696544.290406497,8,43,20.0,1469.9494936612077,3.6869413468859715,ground_equivalent_excess_gamma_dose_rate,uSv/h,50.0,1.0,6360,0.0005409999866969883,True,,1,0.1,0.09000000000000001,False,,0.0005461999971885234,
60,RADIATION,RADIATION,523220.920497467,5696524.290406497,7,42,28.284271247461902,1498.2337649086696,3.475726896795225,ground_equivalent_excess_gamma_dose_rate,uSv/h,50.0,1.0,6360,0.00043459999142214656,True,,1,0.1,0.09000000000000001,False,,0.0005813999741803855,
61,RADIATION,RADIATION,523200.920497467,5696504.290406497,6,41,28.284271247461902,1526.5180361561315,2.7159766985738054,ground_equivalent_excess_gamma_dose_rate,uSv/h,50.0,1.0,6360,0.0004310999938752502,True,,1,0.1,0.09000000000000001,False,,0.0005540999991353601,
62,RADIATION,RADIATION,523180.920497467,5696524.290406497,7,40,28.284271247461902,1554.8023074035934,4.6613329264236345,ground_equivalent_excess_gamma_dose_rate,uSv/h,50.0,1.0,6360,0.0005360999784898013,True,,1,0.1,0.09000000000000001,False,,0.0006594999867957085,
63,RADIATION,RADIATION,523160.920497467,5696524.290406497,7,39,20.0,1574.8023074035934,4.425923115377539,ground_equivalent_excess_gamma_dose_rate,uSv/h,50.0,1.0,6360,0.0003752000047825277,True,,1,0.1,0.09000000000000001,False,,0.0005908000166527927,
64,RADIATION,RADIATION,523140.920497467,5696524.290406497,7,38,20.0,1594.8023074035934,3.7126109315541735,ground_equivalent_excess_gamma_dose_rate,uSv/h,50.0,1.0,6360,0.0003622999938670546,True,,1,0.1,0.09000000000000001,False,,0.0005636999849230051,
65,RADIATION,RADIATION,523120.920497467,5696544.290406497,8,37,28.284271247461902,1623.0865786510553,4.10354961455546,ground_equivalent_excess_gamma_dose_rate,uSv/h,50.0,1.0,6360,0.0006123000057414174,True,,1,0.1,0.09000000000000001,False,,0.0010360000014770776,
66,RADIATION,RADIATION,523100.920497467,5696564.290406497,9,36,28.284271247461902,1651.3708498985172,3.545713278085794,ground_equivalent_excess_gamma_dose_rate,uSv/h,50.0,1.0,6360,0.00038330000825226307,True,,1,0.1,0.09000000000000001,False,,0.0006473999819718301,
67,RADIATION,RADIATION,523100.920497467,5696584.290406497,10,36,20.0,1671.3708498985172,4.082311057440446,ground_equivalent_excess_gamma_dose_rate,uSv/h,50.0,1.0,6360,0.0003493000112939626,True,,1,0.1,0.09000000000000001,False,,0.0005623000033665448,
68,RADIATION,RADIATION,523100.920497467,5696604.290406497,11,36,20.0,1691.3708498985172,4.168614269775276,ground_equivalent_excess_gamma_dose_rate,uSv/h,50.0,1.0,6360,0.0003646999830380082,True,,1,0.1,0.09000000000000001,False,,0.0006385000015143305,
69,RADIATION,RADIATION,523080.920497467,5696624.290406497,12,35,28.284271247461902,1719.6551211459791,2.461677161989597,ground_equivalent_excess_gamma_dose_rate,uSv/h,50.0,1.0,6360,0.000444200006313622,True,,1,0.1,0.09000000000000001,False,,0.00074380001751706,
70,RADIATION,RADIATION,523060.920497467,5696604.290406497,11,34,28.284271247461902,1747.939392393441,1.8158404396320516,ground_equivalent_excess_gamma_dose_rate,uSv/h,50.0,1.0,6360,0.00039110000943765044,True,,1,0.1,0.09000000000000001,False,,0.0005904999852646142,
71,RADIATION,RADIATION,523060.920497467,5696584.290406497,10,34,20.0,1767.939392393441,1.7992711663437835,ground_equivalent_excess_gamma_dose_rate,uSv/h,50.0,1.0,6360,0.00035489999572746456,True,,1,0.1,0.09000000000000001,False,,0.0006466000049840659,
72,RADIATION,RADIATION,523060.920497467,5696564.290406497,9,34,20.0,1787.939392393441,1.6867615904929212,ground_equivalent_excess_gamma_dose_rate,uSv/h,50.0,1.0,6360,0.0004529999860096723,True,,1,0.1,0.09000000000000001,False,,0.0005479000101331621,
73,RADIATION,RADIATION,523080.920497467,5696544.290406497,8,35,28.284271247461902,1816.223663640903,2.0386829048574615,ground_equivalent_excess_gamma_dose_rate,uSv/h,50.0,1.0,6360,0.0003708000003825873,True,,1,0.1,0.09000000000000001,False,,0.0005571999936364591,
74,RADIATION,RADIATION,523100.920497467,5696524.290406497,7,36,28.284271247461902,1844.5079348883648,2.211540331261886,ground_equivalent_excess_gamma_dose_rate,uSv/h,50.0,1.0,6360,0.00035489999572746456,True,,1,0.1,0.09000000000000001,False,,0.0007208999886643142,
75,RADIATION,RADIATION,523120.920497467,5696524.290406497,7,37,20.0,1864.5079348883648,2.9005443161440527,ground_equivalent_excess_gamma_dose_rate,uSv/h,50.0,1.0,6360,0.00031629999284632504,True,,1,0.1,0.09000000000000001,False,,0.0005347999976947904,
76,RADIATION,RADIATION,523100.920497467,5696504.290406497,6,36,28.284271247461902,1892.7922061358267,1.7086862639770215,ground_equivalent_excess_gamma_dose_rate,uSv/h,50.0,1.0,6360,0.0003941000031773001,True,,1,0.1,0.09000000000000001,False,,0.0007415000000037253,
77,RADIATION,RADIATION,523120.920497467,5696484.290406497,5,37,28.284271247461902,1921.0764773832886,1.5554380536057237,ground_equivalent_excess_gamma_dose_rate,uSv/h,50.0,1.0,6360,0.0004219000111334026,True,,1,0.1,0.09000000000000001,False,,0.0005673999839928001,
78,RADIATION,RADIATION,523140.920497467,5696484.290406497,5,38,20.0,1941.0764773832886,1.7621299041204992,ground_equivalent_excess_gamma_dose_rate,uSv/h,50.0,1.0,6360,0.0005602999881375581,True,,1,0.1,0.09000000000000001,False,,0.001063899981090799,
79,RADIATION,RADIATION,523160.920497467,5696464.290406497,4,39,28.284271247461902,1969.3607486307505,1.3866628880355076,ground_equivalent_excess_gamma_dose_rate,uSv/h,50.0,1.0,6360,0.0004776999994646758,True,,1,0.1,0.09000000000000001,False,,0.0010787000064738095,
80,RADIATION,RADIATION,523180.920497467,5696464.290406497,4,40,20.0,1989.3607486307505,1.408956427525406,ground_equivalent_excess_gamma_dose_rate,uSv/h,50.0,1.0,6360,0.00036130001535639167,True,,1,0.1,0.09000000000000001,False,,0.0005842999962624162,
81,RADIATION,RADIATION,523200.920497467,5696444.290406497,3,41,28.284271247461902,2017.6450198782125,1.042311687611979,ground_equivalent_excess_gamma_dose_rate,uSv/h,50.0,1.0,6360,0.0005463999987114221,True,,1,0.1,0.09000000000000001,False,,0.0005669000092893839,
82,RADIATION,RADIATION,523220.920497467,5696464.290406497,4,42,28.284271247461902,2045.9292911256744,1.277263432892679,ground_equivalent_excess_gamma_dose_rate,uSv/h,50.0,1.0,6360,0.00038419998600147665,True,,1,0.1,0.09000000000000001,False,,0.0006884000031277537,
83,RADIATION,RADIATION,523240.920497467,5696484.290406497,5,43,28.284271247461902,2074.2135623731365,1.4915538304067613,ground_equivalent_excess_gamma_dose_rate,uSv/h,50.0,1.0,6360,0.0003677000058814883,True,,1,0.1,0.09000000000000001,False,,0.0005660000024363399,
84,RADIATION,RADIATION,523260.920497467,5696504.290406497,6,44,28.284271247461902,2102.4978336205986,1.6078211969095697,ground_equivalent_excess_gamma_dose_rate,uSv/h,50.0,1.0,6360,0.0003498000151012093,True,,1,0.1,0.09000000000000001,False,,0.0005440000095404685,
85,RADIATION,RADIATION,523280.920497467,5696524.290406497,7,45,28.284271247461902,2130.7821048680607,1.5686824798731989,ground_equivalent_excess_gamma_dose_rate,uSv/h,50.0,1.0,6360,0.00036860001273453236,True,,1,0.1,0.09000000000000001,False,,0.0006364999862853438,
86,RADIATION,RADIATION,523280.920497467,5696544.290406497,8,45,20.0,2150.7821048680607,1.8642587644978537,ground_equivalent_excess_gamma_dose_rate,uSv/h,50.0,1.0,6360,0.00032479999936185777,True,,1,0.1,0.09000000000000001,False,,0.0005471000040415674,
87,RADIATION,RADIATION,523280.920497467,5696564.290406497,9,45,20.0,2170.7821048680607,2.1397935398158454,ground_equivalent_excess_gamma_dose_rate,uSv/h,50.0,1.0,6360,0.00037930000689812005,True,,1,0.1,0.09000000000000001,False,,0.0006196000031195581,
88,RADIATION,RADIATION,523300.920497467,5696584.290406497,10,46,28.284271247461902,2199.066376115523,1.6370557748225076,ground_equivalent_excess_gamma_dose_rate,uSv/h,50.0,1.0,6360,0.000368200009688735,True,,1,0.1,0.09000000000000001,False,,0.0005426999996416271,
89,RADIATION,RADIATION,523300.920497467,5696604.290406497,11,46,20.0,2219.066376115523,1.6507607027129945,ground_equivalent_excess_gamma_dose_rate,uSv/h,50.0,1.0,6360,0.00037039999733678997,True,,1,0.1,0.09000000000000001,False,,0.0007103999960236251,
90,RADIATION,RADIATION,523280.920497467,5696624.290406497,12,45,28.284271247461902,2247.350647362985,2.2117994302900397,ground_equivalent_excess_gamma_dose_rate,uSv/h,50.0,1.0,6360,0.0005154999962542206,True,,1,0.1,0.09000000000000001,False,,0.0009904000035021454,
91,RADIATION,RADIATION,523280.920497467,5696644.290406497,13,45,20.0,2267.350647362985,1.9567589678916975,ground_equivalent_excess_gamma_dose_rate,uSv/h,50.0,1.0,6360,0.00044329999946057796,True,,1,0.1,0.09000000000000001,False,,0.0006236000044737011,
92,RADIATION,RADIATION,523260.920497467,5696664.290406497,14,44,28.284271247461902,2295.634918610447,2.2056145032989685,ground_equivalent_excess_gamma_dose_rate,uSv/h,50.0,1.0,6360,0.0003436999977566302,True,,1,0.1,0.09000000000000001,False,,0.0005686999938916415,
93,RADIATION,RADIATION,523240.920497467,5696664.290406497,14,43,20.0,2315.634918610447,2.969129594481807,ground_equivalent_excess_gamma_dose_rate,uSv/h,50.0,1.0,6360,0.0003229000139981508,True,,1,0.1,0.09000000000000001,False,,0.0005431000026874244,
94,RADIATION,RADIATION,523260.920497467,5696684.290406497,15,44,28.284271247461902,2343.9191898579093,1.7351562599697605,ground_equivalent_excess_gamma_dose_rate,uSv/h,50.0,1.0,6360,0.00034339999547228217,True,,1,0.1,0.09000000000000001,False,,0.0005301999917719513,
95,RADIATION,RADIATION,523240.920497467,5696704.290406497,16,43,28.284271247461902,2372.2034611053714,1.6269257226231646,ground_equivalent_excess_gamma_dose_rate,uSv/h,50.0,1.0,6360,0.0004956000193487853,True,,1,0.1,0.09000000000000001,False,,0.0007456000021193177,
96,RADIATION,RADIATION,523220.920497467,5696704.290406497,16,42,20.0,2392.2034611053714,1.8865544417606415,ground_equivalent_excess_gamma_dose_rate,uSv/h,50.0,1.0,6360,0.0003463999892119318,True,,1,0.1,0.09000000000000001,False,,0.0005720999906770885,
97,RADIATION,RADIATION,523200.920497467,5696704.290406497,16,41,20.0,2412.2034611053714,2.0943394333206595,ground_equivalent_excess_gamma_dose_rate,uSv/h,50.0,1.0,6360,0.00035990000469610095,True,,1,0.1,0.09000000000000001,False,,0.0005861999816261232,
98,RADIATION,RADIATION,523180.920497467,5696704.290406497,16,40,20.0,2432.2034611053714,2.1887193706174477,ground_equivalent_excess_gamma_dose_rate,uSv/h,50.0,1.0,6360,0.00038519999361597,True,,1,0.1,0.09000000000000001,False,,0.0006433000089600682,
99,RADIATION,RADIATION,523160.920497467,5696684.290406497,15,39,28.284271247461902,2460.4877323528335,3.1911134332439137,ground_equivalent_excess_gamma_dose_rate,uSv/h,50.0,1.0,6360,0.0003391999925952405,True,,1,0.1,0.09000000000000001,False,,0.0005762999935541302,
100,RADIATION,RADIATION,523140.920497467,5696704.290406497,16,38,28.284271247461902,2488.7720036002956,1.9542338547087807,ground_equivalent_excess_gamma_dose_rate,uSv/h,50.0,1.0,6360,0.0003229000139981508,True,,1,0.1,0.09000000000000001,False,,0.0005291000124998391,
101,RADIATION,RADIATION,523160.920497467,5696724.290406497,17,39,28.284271247461902,2517.056274847758,1.5261876663865326,ground_equivalent_excess_gamma_dose_rate,uSv/h,50.0,1.0,6360,0.00034610001603141427,True,,1,0.1,0.09000000000000001,False,,0.0005487999878823757,
102,RADIATION,RADIATION,523180.920497467,5696744.290406497,18,40,28.284271247461902,2545.34054609522,1.1590905767734532,ground_equivalent_excess_gamma_dose_rate,uSv/h,50.0,1.0,6360,0.0004799000162165612,True,,1,0.1,0.09000000000000001,False,,0.0005213000113144517,
103,RADIATION,RADIATION,523200.920497467,5696744.290406497,18,41,20.0,2565.34054609522,1.1320737323663166,ground_equivalent_excess_gamma_dose_rate,uSv/h,50.0,1.0,6360,0.0006118000019341707,True,,1,0.1,0.09000000000000001,False,,0.0005760999920312315,
104,RADIATION,RADIATION,523220.920497467,5696744.290406497,18,42,20.0,2585.34054609522,1.0684627832609281,ground_equivalent_excess_gamma_dose_rate,uSv/h,50.0,1.0,6360,0.00037640001391991973,True,,1,0.1,0.09000000000000001,False,,0.0007309000066015869,
105,RADIATION,RADIATION,523240.920497467,5696744.290406497,18,43,20.0,2605.34054609522,0.9798989595881427,ground_equivalent_excess_gamma_dose_rate,uSv/h,50.0,1.0,6360,0.00040759998955763876,True,,1,0.1,0.09000000000000001,False,,0.0007752999954391271,
106,RADIATION,RADIATION,523260.920497467,5696724.290406497,17,44,28.284271247461902,2633.624817342682,1.089118017459355,ground_equivalent_excess_gamma_dose_rate,uSv/h,50.0,1.0,6360,0.0003632000007200986,True,,1,0.1,0.09000000000000001,False,,0.0005812000017613173,
107,RADIATION,RADIATION,523260.920497467,5696704.290406497,16,44,20.0,2653.624817342682,1.3675296784488453,ground_equivalent_excess_gamma_dose_rate,uSv/h,50.0,1.0,6360,0.0003315999929327518,True,,1,0.1,0.09000000000000001,False,,0.0006418999982997775,
108,RADIATION,RADIATION,523280.920497467,5696704.290406497,16,45,20.0,2673.624817342682,1.1365768723173726,ground_equivalent_excess_gamma_dose_rate,uSv/h,50.0,1.0,6360,0.00035149999894201756,True,,1,0.1,0.09000000000000001,False,,0.0005299000185914338,
109,RADIATION,RADIATION,523300.920497467,5696684.290406497,15,46,28.284271247461902,2701.909088590144,1.1043675224657465,ground_equivalent_excess_gamma_dose_rate,uSv/h,50.0,1.0,6360,0.00038510002195835114,True,,1,0.1,0.09000000000000001,False,,0.0007636999944224954,
110,RADIATION,RADIATION,523320.920497467,5696664.290406497,14,47,28.284271247461902,2730.1933598376063,1.004867153028923,ground_equivalent_excess_gamma_dose_rate,uSv/h,50.0,1.0,6360,0.0003549999964889139,True,,1,0.1,0.09000000000000001,False,,0.0005657000001519918,
111,RADIATION,RADIATION,523320.920497467,5696644.290406497,13,47,20.0,2750.1933598376063,1.10591596460058,ground_equivalent_excess_gamma_dose_rate,uSv/h,50.0,1.0,6360,0.00036449998151510954,True,,1,0.1,0.09000000000000001,False,,0.0006393000076059252,
112,RADIATION,RADIATION,523340.920497467,5696624.290406497,12,48,28.284271247461902,2778.4776310850684,0.9175249682105384,ground_equivalent_excess_gamma_dose_rate,uSv/h,50.0,1.0,6360,0.0004212000058032572,True,,1,0.1,0.09000000000000001,False,,0.0005700000037904829,
113,RADIATION,RADIATION,523340.920497467,5696604.290406497,11,48,20.0,2798.4776310850684,0.9407691624964647,ground_equivalent_excess_gamma_dose_rate,uSv/h,50.0,1.0,6360,0.000367600005120039,True,,1,0.1,0.09000000000000001,False,,0.0005517000099644065,
114,RADIATION,RADIATION,523320.920497467,5696584.290406497,10,47,28.284271247461902,2826.7619023325306,1.2144144952401867,ground_equivalent_excess_gamma_dose_rate,uSv/h,50.0,1.0,6360,0.0003423000162001699,True,,1,0.1,0.09000000000000001,False,,0.0005355000030249357,
115,RADIATION,RADIATION,523320.920497467,5696564.290406497,9,47,20.0,2846.7619023325306,1.1620968221406323,ground_equivalent_excess_gamma_dose_rate,uSv/h,50.0,1.0,6360,0.0003485000052023679,True,,1,0.1,0.09000000000000001,False,,0.000526399991940707,
116,RADIATION,RADIATION,523320.920497467,5696544.290406497,8,47,20.0,2866.7619023325306,1.0757489576981956,ground_equivalent_excess_gamma_dose_rate,uSv/h,50.0,1.0,6360,0.0004611000185832381,True,,1,0.1,0.09000000000000001,False,,0.06809149999753572,
117,RADIATION,RADIATION,523340.920497467,5696564.290406497,9,48,28.284271247461902,2895.0461735799927,0.9048931575527104,ground_equivalent_excess_gamma_dose_rate,uSv/h,50.0,1.0,6360,0.00037480000173673034,True,,1,0.1,0.09000000000000001,False,,0.0005872999900020659,
118,RADIATION,RADIATION,523340.920497467,5696584.290406497,10,48,20.0,2915.0461735799927,0.9363020365397914,ground_equivalent_excess_gamma_dose_rate,uSv/h,50.0,1.0,6360,0.0003415000101085752,True,,1,0.1,0.09000000000000001,False,,0.0005515000084415078,
119,RADIATION,RADIATION,523360.920497467,5696564.290406497,9,49,28.284271247461902,2943.330444827455,0.7237502024165463,ground_equivalent_excess_gamma_dose_rate,uSv/h,50.0,1.0,6360,0.0003986000083386898,True,,1,0.1,0.09000000000000001,False,,0.0007345000049099326,
120,RADIATION,RADIATION,523360.920497467,5696544.290406497,8,49,20.0,2963.330444827455,0.6892921759203703,ground_equivalent_excess_gamma_dose_rate,uSv/h,50.0,1.0,6360,0.00038949999725446105,True,,1,0.1,0.09000000000000001,False,,0.0005681999900843948,
121,RADIATION,RADIATION,523340.920497467,5696524.290406497,7,48,28.284271247461902,2991.614716074917,0.7841626299520441,ground_equivalent_excess_gamma_dose_rate,uSv/h,50.0,1.0,6360,0.000361700018402189,True,,1,0.1,0.09000000000000001,False,,0.0005164000031072646,
122,RADIATION,RADIATION,523320.920497467,5696504.290406497,6,47,28.284271247461902,3019.898987322379,0.8593075200730382,ground_equivalent_excess_gamma_dose_rate,uSv/h,50.0,1.0,6360,0.0006457999988924712,True,,1,0.1,0.09000000000000001,False,,0.0005001999961677939,
123,RADIATION,RADIATION,523300.920497467,5696484.290406497,5,46,28.284271247461902,3048.183258569841,0.895888917386491,ground_equivalent_excess_gamma_dose_rate,uSv/h,50.0,1.0,6360,0.0004585999995470047,True,,1,0.1,0.09000000000000001,False,,0.00046789998305030167,
124,RADIATION,RADIATION,523280.920497467,5696464.290406497,4,45,28.284271247461902,3076.4675298173033,0.8828526238855658,ground_equivalent_excess_gamma_dose_rate,uSv/h,50.0,1.0,6360,0.00042389999725855887,True,,1,0.1,0.09000000000000001,False,,0.0004023000074084848,
125,RADIATION,RADIATION,523260.920497467,5696464.290406497,4,44,20.0,3096.4675298173033,1.0161542751875954,ground_equivalent_excess_gamma_dose_rate,uSv/h,50.0,1.0,6360,0.000367300002835691,True,,1,0.1,0.09000000000000001,False,,0.00033519999124109745,
126,RADIATION,RADIATION,523240.920497467,5696444.290406497,3,43,28.284271247461902,3124.7518010647655,0.9119223394368288,ground_equivalent_excess_gamma_dose_rate,uSv/h,50.0,1.0,6360,0.0008323999936692417,True,,1,0.1,0.09000000000000001,False,,0.0004451999848242849,
127,RADIATION,RADIATION,523240.920497467,5696464.290406497,4,43,20.0,3144.7518010647655,1.1527202232358378,ground_equivalent_excess_gamma_dose_rate,uSv/h,50.0,1.0,6360,0.0007518000202253461,True,,1,0.1,0.09000000000000001,False,,0.000618099991697818,
128,RADIATION,RADIATION,523220.920497467,5696464.290406497,4,42,20.0,3164.7518010647655,1.277263432892679,ground_equivalent_excess_gamma_dose_rate,uSv/h,50.0,1.0,6360,0.0005851000023540109,True,,1,0.1,0.09000000000000001,False,,0.0007755999977234751,
129,RADIATION,RADIATION,523200.920497467,5696484.290406497,5,41,28.284271247461902,3193.0360723122276,1.8752469943270922,ground_equivalent_excess_gamma_dose_rate,uSv/h,50.0,1.0,6360,0.0003578999894671142,True,,1,0.1,0.09000000000000001,False,,0.0006581000052392483,
130,RADIATION,RADIATION,523180.920497467,5696484.290406497,5,40,20.0,3213.0360723122276,1.950558258413183,ground_equivalent_excess_gamma_dose_rate,uSv/h,50.0,1.0,6360,0.0005170000076759607,True,,1,0.1,0.09000000000000001,False,,0.0007913000008556992,
131,RADIATION,RADIATION,523160.920497467,5696484.290406497,5,39,20.0,3233.0360723122276,1.9080896268319647,ground_equivalent_excess_gamma_dose_rate,uSv/h,50.0,1.0,6360,0.00045300001511350274,True,,1,0.1,0.09000000000000001,False,,0.0006627000111620873,
132,RADIATION,RADIATION,523140.920497467,5696464.290406497,4,38,28.284271247461902,3261.3203435596897,1.3079307610700235,ground_equivalent_excess_gamma_dose_rate,uSv/h,50.0,1.0,6360,0.00038640000275336206,True,,1,0.1,0.09000000000000001,False,,0.0006216000183485448,
133,RADIATION,RADIATION,523120.920497467,5696444.290406497,3,37,28.284271247461902,3289.604614807152,0.9354112242686794,ground_equivalent_excess_gamma_dose_rate,uSv/h,50.0,1.0,6360,0.00039319999632425606,True,,1,0.1,0.09000000000000001,False,,0.0005737000028602779,
134,RADIATION,RADIATION,523100.920497467,5696464.290406497,4,36,28.284271247461902,3317.888886054614,1.055533990793442,ground_equivalent_excess_gamma_dose_rate,uSv/h,50.0,1.0,6360,0.00037280001561157405,True,,1,0.1,0.09000000000000001,False,,0.0005498999962583184,
135,RADIATION,RADIATION,523080.920497467,5696484.290406497,5,35,28.284271247461902,3346.173157302076,1.1239402448690567,ground_equivalent_excess_gamma_dose_rate,uSv/h,50.0,1.0,6360,0.00041710000368766487,True,,1,0.1,0.09000000000000001,False,,0.0008240999886766076,
136,RADIATION,RADIATION,523080.920497467,5696504.290406497,6,35,20.0,3366.173157302076,1.3799658748241814,ground_equivalent_excess_gamma_dose_rate,uSv/h,50.0,1.0,6360,0.0003510000242386013,True,,1,0.1,0.09000000000000001,False,,0.0005702000053133816,
137,RADIATION,RADIATION,523060.920497467,5696524.290406497,7,34,28.284271247461902,3394.4574285495382,1.3106248520380246,ground_equivalent_excess_gamma_dose_rate,uSv/h,50.0,1.0,6360,0.00035519999801181257,True,,1,0.1,0.09000000000000001,False,,0.0005551999784074724,
138,RADIATION,RADIATION,523040.920497467,5696544.290406497,8,33,28.284271247461902,3422.7416997970004,1.1556230393340077,ground_equivalent_excess_gamma_dose_rate,uSv/h,50.0,1.0,6360,0.00046030001249164343,True,,1,0.1,0.09000000000000001,False,,0.0015685000107623637,
139,RADIATION,RADIATION,523020.920497467,5696564.290406497,9,32,28.284271247461902,3451.0259710444625,0.9692990798761052,ground_equivalent_excess_gamma_dose_rate,uSv/h,50.0,1.0,6360,0.0004120999947190285,True,,1,0.1,0.09000000000000001,False,,0.0005680999893229455,
140,RADIATION,RADIATION,523020.920497467,5696584.290406497,10,32,20.0,3471.0259710444625,1.005427392453238,ground_equivalent_excess_gamma_dose_rate,uSv/h,50.0,1.0,6360,0.0003559000033419579,True,,1,0.1,0.09000000000000001,False,,0.0005414000188466161,
141,RADIATION,RADIATION,523040.920497467,5696604.290406497,11,33,28.284271247461902,3499.3102422919246,1.3260491945401784,ground_equivalent_excess_gamma_dose_rate,uSv/h,50.0,1.0,6360,0.0003615999885369092,True,,1,0.1,0.09000000000000001,False,,0.0006304999988060445,
142,RADIATION,RADIATION,523060.920497467,5696624.290406497,12,34,28.284271247461902,3527.5945135393868,1.7311887488280782,ground_equivalent_excess_gamma_dose_rate,uSv/h,50.0,1.0,6360,0.0003512999974191189,True,,1,0.1,0.09000000000000001,False,,0.000539999979082495,
143,RADIATION,RADIATION,523060.920497467,5696644.290406497,13,34,20.0,3547.5945135393868,1.570928151965513,ground_equivalent_excess_gamma_dose_rate,uSv/h,50.0,1.0,6360,0.00033489998895674944,True,,1,0.1,0.09000000000000001,False,,0.000534399994648993,
144,RADIATION,RADIATION,523060.920497467,5696664.290406497,14,34,20.0,3567.5945135393868,1.3745800167401425,ground_equivalent_excess_gamma_dose_rate,uSv/h,50.0,1.0,6360,0.00033729997812770307,True,,1,0.1,0.09000000000000001,False,,0.0005278000026009977,
145,RADIATION,RADIATION,523040.920497467,5696664.290406497,14,33,20.0,3587.5945135393868,1.0742227899373806,ground_equivalent_excess_gamma_dose_rate,uSv/h,50.0,1.0,6360,0.00036109998472966254,True,,1,0.1,0.09000000000000001,False,,0.0007100999937392771,
146,RADIATION,RADIATION,523020.920497467,5696644.290406497,13,32,28.284271247461902,3615.878784786849,0.9298972243007673,ground_equivalent_excess_gamma_dose_rate,uSv/h,50.0,1.0,6360,0.00034830000367946923,True,,1,0.1,0.09000000000000001,False,,0.0005592000088654459,
147,RADIATION,RADIATION,523020.920497467,5696624.290406497,12,32,20.0,3635.878784786849,0.9838074395823302,ground_equivalent_excess_gamma_dose_rate,uSv/h,50.0,1.0,6360,0.00032369999098591506,True,,1,0.1,0.09000000000000001,False,,0.0005428000004030764,
148,RADIATION,RADIATION,523020.920497467,5696604.290406497,11,32,20.0,3655.878784786849,1.0105802802948152,ground_equivalent_excess_gamma_dose_rate,uSv/h,50.0,1.0,6360,0.00041310000233352184,True,,1,0.1,0.09000000000000001,False,,0.000523599999723956,
149,RADIATION,RADIATION,523000.920497467,5696604.290406497,11,31,20.0,3675.878784786849,0.7955821989099101,ground_equivalent_excess_gamma_dose_rate,uSv/h,50.0,1.0,6360,0.00037769999471493065,True,,1,0.1,0.09000000000000001,False,,0.0007721000001765788,
150,RADIATION,RADIATION,522980.9204974669,5696584.290406497,10,30,28.28427124750306,3704.163056034352,0.6404413553262764,ground_equivalent_excess_gamma_dose_rate,uSv/h,50.0,1.0,6360,0.0003986000083386898,True,,1,0.1,0.09000000000000001,False,,0.0006503000040538609,
151,RADIATION,RADIATION,522980.9204974669,5696604.290406497,11,30,20.0,3724.163056034352,0.6425282510666446,ground_equivalent_excess_gamma_dose_rate,uSv/h,50.0,1.0,6360,0.0006571999983862042,True,,1,0.1,0.09000000000000001,False,,0.0009285000269301236,
152,RADIATION,RADIATION,522980.9204974669,5696624.290406497,12,30,20.0,3744.163056034352,0.6316000688290682,ground_equivalent_excess_gamma_dose_rate,uSv/h,50.0,1.0,6360,0.0003659999929368496,True,,1,0.1,0.09000000000000001,False,,0.0006116999720688909,
153,RADIATION,RADIATION,522960.9204974669,5696604.290406497,11,29,28.284271247461902,3772.447327281814,0.5297276664698083,ground_equivalent_excess_gamma_dose_rate,uSv/h,50.0,1.0,6360,0.00038029998540878296,True,,1,0.1,0.09000000000000001,False,,0.0006870999932289124,
154,RADIATION,RADIATION,522960.9204974669,5696584.290406497,10,29,20.0,3792.447327281814,0.5283083824458883,ground_equivalent_excess_gamma_dose_rate,uSv/h,50.0,1.0,6360,0.00045690001570619643,True,,1,0.1,0.09000000000000001,False,,0.0005768999981228262,
155,RADIATION,RADIATION,522960.9204974669,5696564.290406497,9,29,20.0,3812.447327281814,0.5181601438330232,ground_equivalent_excess_gamma_dose_rate,uSv/h,50.0,1.0,6360,0.00037390002398751676,True,,1,0.1,0.09000000000000001,False,,0.0006374999938998371,
156,RADIATION,RADIATION,522980.9204974669,5696544.290406497,8,30,28.284271247461902,3840.731598529276,0.5996763984024323,ground_equivalent_excess_gamma_dose_rate,uSv/h,50.0,1.0,6360,0.000375000003259629,True,,1,0.1,0.09000000000000001,False,,0.0006463000026997179,
157,RADIATION,RADIATION,523000.920497467,5696524.290406497,7,31,28.28427124750306,3869.0158697767793,0.6806301085964239,ground_equivalent_excess_gamma_dose_rate,uSv/h,50.0,1.0,6360,0.000378099997760728,True,,1,0.1,0.09000000000000001,False,,0.0005666999786626548,
158,RADIATION,RADIATION,523020.920497467,5696524.290406497,7,32,20.0,3889.0158697767793,0.8320740237326116,ground_equivalent_excess_gamma_dose_rate,uSv/h,50.0,1.0,6360,0.00038159999530762434,True,,1,0.1,0.09000000000000001,False,,0.0007191000040620565,
159,RADIATION,RADIATION,523040.920497467,5696524.290406497,7,33,20.0,3909.0158697767793,1.0347623277331635,ground_equivalent_excess_gamma_dose_rate,uSv/h,50.0,1.0,6360,0.0003409000055398792,True,,1,0.1,0.09000000000000001,False,,0.0005495999939739704,
160,RADIATION,RADIATION,523020.920497467,5696504.290406497,6,32,28.284271247461902,3937.3001410242414,0.7491267623668243,ground_equivalent_excess_gamma_dose_rate,uSv/h,50.0,1.0,6360,0.0003515999997034669,True,,1,0.1,0.09000000000000001,False,,0.0005880999960936606,
161,RADIATION,RADIATION,523020.920497467,5696484.290406497,5,32,20.0,3957.3001410242414,0.6666848980620781,ground_equivalent_excess_gamma_dose_rate,uSv/h,50.0,1.0,6360,0.0005393000028561801,True,,1,0.1,0.09000000000000001,False,,0.0006370999908540398,
162,RADIATION,RADIATION,523040.920497467,5696464.290406497,4,33,28.284271247461902,3985.5844122717035,0.6841724780960798,ground_equivalent_excess_gamma_dose_rate,uSv/h,50.0,1.0,6360,0.0007085000106599182,True,,1,0.1,0.09000000000000001,False,,0.0006643999950028956,
163,RADIATION,RADIATION,523040.920497467,5696444.290406497,3,33,20.0,4005.5844122717035,0.5914740824256686,ground_equivalent_excess_gamma_dose_rate,uSv/h,50.0,1.0,6360,0.0004273999948054552,True,,1,0.1,0.09000000000000001,False,,0.0009855999960564077,
164,RADIATION,RADIATION,523060.920497467,5696424.290406497,2,34,28.284271247461902,4033.8686835191656,0.5719672286242985,ground_equivalent_excess_gamma_dose_rate,uSv/h,50.0,1.0,6360,0.0004515000036917627,True,,1,0.1,0.09000000000000001,False,,0.0006627999828197062,
165,RADIATION,RADIATION,523080.920497467,5696424.290406497,2,35,20.0,4053.8686835191656,0.6341390289705549,ground_equivalent_excess_gamma_dose_rate,uSv/h,50.0,1.0,6360,0.00034840000444091856,True,,1,0.1,0.09000000000000001,False,,0.0005406000127550215,
166,RADIATION,RADIATION,523100.920497467,5696404.290406497,1,36,28.284271247461902,4082.1529547666278,0.5778336022717077,ground_equivalent_excess_gamma_dose_rate,uSv/h,50.0,1.0,5680,0.0003449000068940222,True,,1,0.1,0.09000000000000001,False,,0.0005426999996416271,
167,RADIATION,RADIATION,523120.920497467,5696404.290406497,1,37,20.0,4102.152954766628,0.6160703049363434,ground_equivalent_excess_gamma_dose_rate,uSv/h,50.0,1.0,5680,0.0003063000040128827,True,,1,0.1,0.09000000000000001,False,,0.00034559998312033713,
168,RADIATION,RADIATION,523140.920497467,5696424.290406497,2,38,28.284271247461902,4130.43722601409,0.7969973626008069,ground_equivalent_excess_gamma_dose_rate,uSv/h,50.0,1.0,6360,0.0003808000183198601,True,,1,0.1,0.09000000000000001,False,,0.00045819999650120735,
169,RADIATION,RADIATION,523160.920497467,5696424.290406497,2,39,20.0,4150.43722601409,0.8255602423706521,ground_equivalent_excess_gamma_dose_rate,uSv/h,50.0,1.0,6360,0.0003665999975055456,True,,1,0.1,0.09000000000000001,False,,0.0005217999860178679,
170,RADIATION,RADIATION,523180.920497467,5696424.290406497,2,40,20.0,4170.43722601409,0.8334111277256615,ground_equivalent_excess_gamma_dose_rate,uSv/h,50.0,1.0,6360,0.00033939999411813915,True,,1,0.1,0.09000000000000001,False,,0.0004434000002220273,
171,RADIATION,RADIATION,523160.920497467,5696444.290406497,3,39,28.284271247461902,4198.721497261552,1.0523798647979272,ground_equivalent_excess_gamma_dose_rate,uSv/h,50.0,1.0,6360,0.00031949998810887337,True,,1,0.1,0.09000000000000001,False,,0.0003989000106230378,
172,RADIATION,RADIATION,523160.920497467,5696464.290406497,4,39,20.0,4218.721497261552,1.3866628880355076,ground_equivalent_excess_gamma_dose_rate,uSv/h,50.0,1.0,6360,0.0005070000188425183,True,,1,0.1,0.09000000000000001,False,,0.0008691999828442931,
173,RADIATION,RADIATION,523140.920497467,5696484.290406497,5,38,28.284271247461902,4247.005768509014,1.7621299041204992,ground_equivalent_excess_gamma_dose_rate,uSv/h,50.0,1.0,6360,0.0006473999819718301,True,,1,0.1,0.09000000000000001,False,,0.0006185999955050647,
174,RADIATION,RADIATION,523120.920497467,5696484.290406497,5,37,20.0,4267.005768509014,1.5554380536057237,ground_equivalent_excess_gamma_dose_rate,uSv/h,50.0,1.0,6360,0.0003357000241521746,True,,1,0.1,0.09000000000000001,False,,0.0006614000012632459,
175,RADIATION,RADIATION,523140.920497467,5696504.290406497,6,38,28.284271247461902,4295.290039756476,2.4849435034313503,ground_equivalent_excess_gamma_dose_rate,uSv/h,50.0,1.0,6360,0.0005850000015925616,True,,1,0.1,0.09000000000000001,False,,0.000943400023970753,
176,RADIATION,RADIATION,523140.920497467,5696524.290406497,7,38,20.0,4315.290039756476,3.7126109315541735,ground_equivalent_excess_gamma_dose_rate,uSv/h,50.0,1.0,6360,0.0005663000047206879,True,,1,0.1,0.09000000000000001,False,,0.0010639999818522483,
177,RADIATION,RADIATION,523160.920497467,5696544.290406497,8,39,28.284271247461902,4343.574311003938,8.008318977674117,ground_equivalent_excess_gamma_dose_rate,uSv/h,50.0,1.0,6360,0.0003698000218719244,True,,1,0.1,0.09000000000000001,False,,0.0008609000069554895,
178,RADIATION,RADIATION,523140.920497467,5696564.290406497,9,38,28.284271247461902,4371.858582251401,10.079690961605294,ground_equivalent_excess_gamma_dose_rate,uSv/h,50.0,1.0,6360,0.00033129999064840376,True,,1,0.1,0.09000000000000001,False,,0.000593700009630993,
179,RADIATION,RADIATION,523120.920497467,5696564.290406497,9,37,20.0,4391.858582251401,5.726719380223275,ground_equivalent_excess_gamma_dose_rate,uSv/h,50.0,1.0,6360,0.00032350001856684685,True,,1,0.1,0.09000000000000001,False,,0.0005914999928791076,
180,RADIATION,RADIATION,523120.920497467,5696584.290406497,10,37,20.0,4411.858582251401,7.2701559825299436,ground_equivalent_excess_gamma_dose_rate,uSv/h,50.0,1.0,6360,0.0004707000043708831,True,,1,0.1,0.09000000000000001,False,,0.0005763999943155795,
181,RADIATION,RADIATION,523140.920497467,5696564.290406497,9,38,28.284271247461902,4440.142853498863,10.079690961605294,ground_equivalent_excess_gamma_dose_rate,uSv/h,50.0,1.0,6360,0.00036040000850334764,True,,1,0.1,0.09000000000000001,False,,0.0006995000003371388,
182,RADIATION,RADIATION,523160.920497467,5696544.290406497,8,39,28.284271247461902,4468.427124746325,8.008318977674117,ground_equivalent_excess_gamma_dose_rate,uSv/h,50.0,1.0,6360,0.00033480001729913056,True,,1,0.1,0.09000000000000001,False,,0.0005829999863635749,
183,RADIATION,RADIATION,523140.920497467,5696544.290406497,8,38,20.0,4488.427124746325,5.942448365857645,ground_equivalent_excess_gamma_dose_rate,uSv/h,50.0,1.0,6360,0.0003254999755881727,True,,1,0.1,0.09000000000000001,False,,0.0005699000030290335,
184,RADIATION,RADIATION,523160.920497467,5696564.290406497,9,39,28.284271247461902,4516.711395993787,17.921552941129228,ground_equivalent_excess_gamma_dose_rate,uSv/h,50.0,1.0,6360,0.0003403000009711832,True,,1,0.1,0.09000000000000001,False,,0.0006788000173401088,
185,RADIATION,RADIATION,523180.920497467,5696564.290406497,9,40,20.0,4536.711395993787,22.528570208842037,ground_equivalent_excess_gamma_dose_rate,uSv/h,50.0,1.0,6360,0.0003195000172127038,True,,1,0.1,0.09000000000000001,False,,0.0005860999808646739,
186,RADIATION,RADIATION,523160.920497467,5696564.290406497,9,39,20.0,4556.711395993787,17.921552941129228,ground_equivalent_excess_gamma_dose_rate,uSv/h,50.0,1.0,6360,0.00031179998768493533,True,,1,0.1,0.09000000000000001,False,,0.0005665000062435865,
187,RADIATION,RADIATION,523140.920497467,5696564.290406497,9,38,20.0,4576.711395993787,10.079690961605294,ground_equivalent_excess_gamma_dose_rate,uSv/h,50.0,1.0,6360,0.00031170001602731645,True,,1,0.1,0.09000000000000001,False,,0.0005693999992217869,
188,RADIATION,RADIATION,523160.920497467,5696544.290406497,8,39,28.284271247461902,4604.995667241249,8.008318977674117,ground_equivalent_excess_gamma_dose_rate,uSv/h,50.0,1.0,6360,0.0005814999749418348,True,,1,0.1,0.09000000000000001,False,,0.001440399995772168,
189,RADIATION,RADIATION,523140.920497467,5696564.290406497,9,38,28.284271247461902,4633.279938488711,10.079690961605294,ground_equivalent_excess_gamma_dose_rate,uSv/h,50.0,1.0,6360,0.00035099999513477087,True,,1,0.1,0.09000000000000001,False,,0.000671899993903935,
190,RADIATION,RADIATION,523160.920497467,5696544.290406497,8,39,28.284271247461902,4661.564209736173,8.008318977674117,ground_equivalent_excess_gamma_dose_rate,uSv/h,50.0,1.0,6360,0.00034830000367946923,True,,1,0.1,0.09000000000000001,False,,0.0006388000037986785,
191,RADIATION,RADIATION,523180.920497467,5696544.290406497,8,40,20.0,4681.564209736173,8.813717972772379,ground_equivalent_excess_gamma_dose_rate,uSv/h,50.0,1.0,6360,0.0003324999997857958,True,,1,0.1,0.09000000000000001,False,,0.0005893000052310526,
192,RADIATION,RADIATION,523200.920497467,5696524.290406497,7,41,28.284271247461902,4709.848480983635,4.253142693104254,ground_equivalent_excess_gamma_dose_rate,uSv/h,50.0,1.0,6360,0.00033140002051368356,True,,1,0.1,0.09000000000000001,False,,0.0005647999932989478,
193,RADIATION,RADIATION,523220.920497467,5696504.290406497,6,42,28.284271247461902,4738.132752231098,2.3765330680125163,ground_equivalent_excess_gamma_dose_rate,uSv/h,50.0,1.0,6360,0.00032900000223889947,True,,1,0.1,0.09000000000000001,False,,0.0005610000225715339,
194,RADIATION,RADIATION,523240.920497467,5696524.290406497,7,43,28.284271247461902,4766.41702347856,2.6860135099205578,ground_equivalent_excess_gamma_dose_rate,uSv/h,50.0,1.0,6360,0.0003453000099398196,True,,1,0.1,0.09000000000000001,False,,0.0007513999880757183,
195,RADIATION,RADIATION,523260.920497467,5696504.290406497,6,44,28.284271247461902,4794.701294726022,1.6078211969095697,ground_equivalent_excess_gamma_dose_rate,uSv/h,50.0,1.0,6360,0.0003268000145908445,True,,1,0.1,0.09000000000000001,False,,0.0005933000065851957,
196,RADIATION,RADIATION,523240.920497467,5696484.290406497,5,43,28.284271247461902,4822.985565973484,1.4915538304067613,ground_equivalent_excess_gamma_dose_rate,uSv/h,50.0,1.0,6360,0.00032389999250881374,True,,1,0.1,0.09000000000000001,False,,0.0006715000199619681,
197,RADIATION,RADIATION,523220.920497467,5696484.290406497,5,42,20.0,4842.985565973484,1.7069144825309215,ground_equivalent_excess_gamma_dose_rate,uSv/h,50.0,1.0,6360,0.0005489999894052744,True,,1,0.1,0.09000000000000001,False,,0.0005792999872937799,
198,RADIATION,RADIATION,523240.920497467,5696484.290406497,5,43,20.0,4862.985565973484,1.4915538304067613,ground_equivalent_excess_gamma_dose_rate,uSv/h,50.0,1.0,6360,0.00036180001916363835,True,,1,0.1,0.09000000000000001,False,,0.0006307000003289431,
199,RADIATION,RADIATION,523220.920497467,5696464.290406497,4,42,28.284271247461902,4891.269837220946,1.277263432892679,ground_equivalent_excess_gamma_dose_rate,uSv/h,50.0,1.0,6360,0.00033080001594498754,True,,1,0.1,0.09000000000000001,False,,0.0005740000051446259,
200,RADIATION,RADIATION,523240.920497467,5696444.290406497,3,43,28.284271247461902,4919.554108468408,0.9119223394368288,ground_equivalent_excess_gamma_dose_rate,uSv/h,50.0,1.0,6360,0.0004966999986208975,True,,1,0.1,0.09000000000000001,False,,0.0005683000199496746,
201,RADIATION,RADIATION,523220.920497467,5696444.290406497,3,42,20.0,4939.554108468408,0.9881469191368113,ground_equivalent_excess_gamma_dose_rate,uSv/h,50.0,1.0,6360,0.0004595999780576676,True,,1,0.1,0.09000000000000001,False,,0.000610099988989532,
202,RADIATION,RADIATION,523200.920497467,5696464.290406497,4,41,28.284271247461902,4967.83837971587,1.3692356008847122,ground_equivalent_excess_gamma_dose_rate,uSv/h,50.0,1.0,6360,0.00035509999725036323,True,,1,0.1,0.09000000000000001,False,,0.0004990999877918512,
203,RADIATION,RADIATION,523180.920497467,5696484.290406497,5,40,28.284271247461902,4996.1226509633325,1.950558258413183,ground_equivalent_excess_gamma_dose_rate,uSv/h,50.0,1.0,6360,0.0003625999961514026,True,,1,0.1,0.09000000000000001,False,,0.0006549999816343188,
204,RADIATION,RADIATION,523200.920497467,5696504.290406497,6,41,28.284271247461902,5024.406922210795,2.7159766985738054,ground_equivalent_excess_gamma_dose_rate,uSv/h,50.0,1.0,6360,0.0003640000068116933,True,,1,0.1,0.09000000000000001,False,,0.0009169999975711107,
205,RADIATION,RADIATION,523180.920497467,5696504.290406497,6,40,20.0,5044.406922210795,2.876850712699462,ground_equivalent_excess_gamma_dose_rate,uSv/h,50.0,1.0,6360,0.00043670000741258264,True,,1,0.1,0.09000000000000001,False,,0.0005952999927103519,
206,RADIATION,RADIATION,523180.920497467,5696524.290406497,7,40,20.0,5064.406922210795,4.6613329264236345,ground_equivalent_excess_gamma_dose_rate,uSv/h,50.0,1.0,6360,0.00034860000596381724,True,,1,0.1,0.09000000000000001,False,,0.0006581000052392483,
207,RADIATION,RADIATION,523180.920497467,5696504.290406497,6,40,20.0,5084.406922210795,2.876850712699462,ground_equivalent_excess_gamma_dose_rate,uSv/h,50.0,1.0,6360,0.00045369999133981764,True,,1,0.1,0.09000000000000001,False,,0.0008405999979004264,
208,RADIATION,RADIATION,523180.920497467,5696524.290406497,7,40,20.0,5104.406922210795,4.6613329264236345,ground_equivalent_excess_gamma_dose_rate,uSv/h,50.0,1.0,6360,0.00034470000537112355,True,,1,0.1,0.09000000000000001,False,,0.0005993999948259443,
209,RADIATION,RADIATION,523200.920497467,5696524.290406497,7,41,20.0,5124.406922210795,4.253142693104254,ground_equivalent_excess_gamma_dose_rate,uSv/h,50.0,1.0,6360,0.0003262000100221485,True,,1,0.1,0.09000000000000001,False,,0.0005683000199496746,
210,RADIATION,RADIATION,523200.920497467,5696544.290406497,8,41,20.0,5144.406922210795,7.459967508700167,ground_equivalent_excess_gamma_dose_rate,uSv/h,50.0,1.0,6360,0.00047030000132508576,True,,1,0.1,0.09000000000000001,False,,0.0005698000022675842,
211,RADIATION,RADIATION,523200.920497467,5696564.290406497,9,41,20.0,5164.406922210795,15.389960166705796,ground_equivalent_excess_gamma_dose_rate,uSv/h,50.0,1.0,6360,0.00033870001789182425,True,,1,0.1,0.09000000000000001,False,,0.0006462000019382685,
212,RADIATION,RADIATION,523220.920497467,5696564.290406497,9,42,20.0,5184.406922210795,8.505804739134158,ground_equivalent_excess_gamma_dose_rate,uSv/h,50.0,1.0,6360,0.0003181000065524131,True,,1,0.1,0.09000000000000001,False,,0.0005909999890718609,
213,RADIATION,RADIATION,523240.920497467,5696544.290406497,8,43,28.284271247461902,5212.691193458257,3.6869413468859715,ground_equivalent_excess_gamma_dose_rate,uSv/h,50.0,1.0,6360,0.0006498000002466142,True,,1,0.1,0.09000000000000001,False,,0.0012385000009089708,
214,RADIATION,RADIATION,523260.920497467,5696544.290406497,8,44,20.0,5232.691193458257,2.578536573668427,ground_equivalent_excess_gamma_dose_rate,uSv/h,50.0,1.0,6360,0.00036290002753958106,True,,1,0.1,0.09000000000000001,False,,0.0006326999864540994,
215,RADIATION,RADIATION,523260.920497467,5696564.290406497,9,44,20.0,5252.691193458257,3.1372995726613064,ground_equivalent_excess_gamma_dose_rate,uSv/h,50.0,1.0,6360,0.00032759999157860875,True,,1,0.1,0.09000000000000001,False,,0.0005859000084456056,
216,RADIATION,RADIATION,523280.920497467,5696584.290406497,10,45,28.284271247461902,5280.975464705719,2.3241577596194034,ground_equivalent_excess_gamma_dose_rate,uSv/h,50.0,1.0,6360,0.0003226000117138028,True,,1,0.1,0.09000000000000001,False,,0.0005773000011686236,
217,RADIATION,RADIATION,523300.920497467,5696604.290406497,11,46,28.284271247461902,5309.259735953181,1.6507607027129945,ground_equivalent_excess_gamma_dose_rate,uSv/h,50.0,1.0,6360,0.0003378000110387802,True,,1,0.1,0.09000000000000001,False,,0.0007085999823175371,
218,RADIATION,RADIATION,523300.920497467,5696584.290406497,10,46,20.0,5329.259735953181,1.6370557748225076,ground_equivalent_excess_gamma_dose_rate,uSv/h,50.0,1.0,6360,0.00031969998963177204,True,,1,0.1,0.09000000000000001,False,,0.0005737000028602779,
219,RADIATION,RADIATION,523320.920497467,5696584.290406497,10,47,20.0,5349.259735953181,1.2144144952401867,ground_equivalent_excess_gamma_dose_rate,uSv/h,50.0,1.0,6360,0.00031659999513067305,True,,1,0.1,0.09000000000000001,False,,0.0005693999992217869,
220,RADIATION,RADIATION,523300.920497467,5696564.290406497,9,46,28.284271247461902,5377.544007200643,1.5433905302601891,ground_equivalent_excess_gamma_dose_rate,uSv/h,50.0,1.0,6360,0.0005531000206246972,True,,1,0.1,0.09000000000000001,False,,0.0006713000184390694,
221,RADIATION,RADIATION,523280.920497467,5696584.290406497,10,45,28.284271247461902,5405.828278448105,2.3241577596194034,ground_equivalent_excess_gamma_dose_rate,uSv/h,50.0,1.0,6360,0.00035119999665766954,True,,1,0.1,0.09000000000000001,False,,0.0006280000088736415,
222,RADIATION,RADIATION,523300.920497467,5696604.290406497,11,46,28.284271247461902,5434.112549695567,1.6507607027129945,ground_equivalent_excess_gamma_dose_rate,uSv/h,50.0,1.0,6360,0.00034270001924596727,True,,1,0.1,0.09000000000000001,False,,0.000689199980115518,
223,RADIATION,RADIATION,523280.920497467,5696584.290406497,10,45,28.284271247461902,5462.3968209430295,2.3241577596194034,ground_equivalent_excess_gamma_dose_rate,uSv/h,50.0,1.0,6360,0.0003262000100221485,True,,1,0.1,0.09000000000000001,False,,0.0005911000189371407,
224,RADIATION,RADIATION,523260.920497467,5696604.290406497,11,44,28.284271247461902,5490.681092190492,3.6152946024648798,ground_equivalent_excess_gamma_dose_rate,uSv/h,50.0,1.0,6360,0.00034890000824816525,True,,1,0.1,0.09000000000000001,False,,0.0007036000024527311,
225,RADIATION,RADIATION,523280.920497467,5696624.290406497,12,45,28.284271247461902,5518.965363437954,2.2117994302900397,ground_equivalent_excess_gamma_dose_rate,uSv/h,50.0,1.0,6360,0.0006355000077746809,True,,1,0.1,0.09000000000000001,False,,0.0005657000001519918,
226,RADIATION,RADIATION,523280.920497467,5696644.290406497,13,45,20.0,5538.965363437954,1.9567589678916975,ground_equivalent_excess_gamma_dose_rate,uSv/h,50.0,1.0,6360,0.00044350000098347664,True,,1,0.1,0.09000000000000001,False,,0.0009895999974105507,
227,RADIATION,RADIATION,523260.920497467,5696644.290406497,13,44,20.0,5558.965363437954,2.7589266362245493,ground_equivalent_excess_gamma_dose_rate,uSv/h,50.0,1.0,6360,0.00036299999919719994,True,,1,0.1,0.09000000000000001,False,,0.0008672999974805862,
228,RADIATION,RADIATION,523240.920497467,5696624.290406497,12,43,28.284271247461902,5587.249634685416,5.3492563968484435,ground_equivalent_excess_gamma_dose_rate,uSv/h,50.0,1.0,6360,0.0003429999924264848,True,,1,0.1,0.09000000000000001,False,,0.0005875999922864139,
229,RADIATION,RADIATION,523260.920497467,5696644.290406497,13,44,28.284271247461902,5615.533905932878,2.7589266362245493,ground_equivalent_excess_gamma_dose_rate,uSv/h,50.0,1.0,6360,0.0003282999969087541,True,,1,0.1,0.09000000000000001,False,,0.0005707000091206282,
230,RADIATION,RADIATION,523280.920497467,5696664.290406497,14,45,28.284271247461902,5643.81817718034,1.661191017824173,ground_equivalent_excess_gamma_dose_rate,uSv/h,50.0,1.0,6360,0.0003561000048648566,True,,1,0.1,0.09000000000000001,False,,0.0007225000008475035,
231,RADIATION,RADIATION,523300.920497467,5696664.290406497,14,46,20.0,5663.81817718034,1.2778457339681961,ground_equivalent_excess_gamma_dose_rate,uSv/h,50.0,1.0,6360,0.0003279999946244061,True,,1,0.1,0.09000000000000001,False,,0.000602399988565594,
232,RADIATION,RADIATION,523320.920497467,5696684.290406497,15,47,28.284271247461902,5692.102448427802,0.8943863787916779,ground_equivalent_excess_gamma_dose_rate,uSv/h,50.0,1.0,6360,0.0003501999890431762,True,,1,0.1,0.09000000000000001,False,,0.0006381999992299825,
233,RADIATION,RADIATION,523300.920497467,5696704.290406497,16,46,28.284271247461902,5720.386719675264,0.943018799899142,ground_equivalent_excess_gamma_dose_rate,uSv/h,50.0,1.0,6360,0.0004241999995429069,True,,1,0.1,0.09000000000000001,False,,0.0005432000034488738,
234,RADIATION,RADIATION,523300.920497467,5696724.290406497,17,46,20.0,5740.386719675264,0.8016977835575159,ground_equivalent_excess_gamma_dose_rate,uSv/h,50.0,1.0,6360,0.00039239999023266137,True,,1,0.1,0.09000000000000001,False,,0.0005997999978717417,
235,RADIATION,RADIATION,523280.920497467,5696744.290406497,18,45,28.284271247461902,5768.670990922727,0.7777912165919729,ground_equivalent_excess_gamma_dose_rate,uSv/h,50.0,1.0,6360,0.0003349999897181988,True,,1,0.1,0.09000000000000001,False,,0.0005455000209622085,
236,RADIATION,RADIATION,523260.920497467,5696764.290406497,19,44,28.284271247461902,5796.955262170189,0.7204448431837212,ground_equivalent_excess_gamma_dose_rate,uSv/h,50.0,1.0,6360,0.0003836000105366111,True,,1,0.1,0.09000000000000001,False,,0.0005413000180851668,
237,RADIATION,RADIATION,523240.920497467,5696784.290406497,20,43,28.284271247461902,5825.239533417651,0.6433472376565068,ground_equivalent_excess_gamma_dose_rate,uSv/h,50.0,1.0,6360,0.0004215999797452241,True,,1,0.1,0.09000000000000001,False,,0.0005631000094581395,
238,RADIATION,RADIATION,523220.920497467,5696784.290406497,20,42,20.0,5845.239533417651,0.6803733754966326,ground_equivalent_excess_gamma_dose_rate,uSv/h,50.0,1.0,6360,0.0005966000026091933,True,,1,0.1,0.09000000000000001,False,,0.0011301999911665916,
239,RADIATION,RADIATION,523200.920497467,5696784.290406497,20,41,20.0,5865.239533417651,0.7056207617150105,ground_equivalent_excess_gamma_dose_rate,uSv/h,50.0,1.0,6360,0.000542099995072931,True,,1,0.1,0.09000000000000001,False,,0.0010224999859929085,
240,RADIATION,RADIATION,523180.920497467,5696784.290406497,20,40,20.0,5885.239533417651,0.7160233417026771,ground_equivalent_excess_gamma_dose_rate,uSv/h,50.0,1.0,6360,0.0003714999766089022,True,,1,0.1,0.09000000000000001,False,,0.0006857000116724521,
241,RADIATION,RADIATION,523160.920497467,5696764.290406497,19,39,28.284271247461902,5913.523804665113,0.888822061149309,ground_equivalent_excess_gamma_dose_rate,uSv/h,50.0,1.0,6360,0.00036109998472966254,True,,1,0.1,0.09000000000000001,False,,0.0005547000037040561,
242,RADIATION,RADIATION,523140.920497467,5696744.290406497,18,38,28.284271247461902,5941.808075912575,1.0898390807365392,ground_equivalent_excess_gamma_dose_rate,uSv/h,50.0,1.0,6360,0.00034830000367946923,True,,1,0.1,0.09000000000000001,False,,0.0005413000180851668,
243,RADIATION,RADIATION,523120.920497467,5696724.290406497,17,37,28.284271247461902,5970.092347160037,1.2919083353643301,ground_equivalent_excess_gamma_dose_rate,uSv/h,50.0,1.0,6360,0.0003559000033419579,True,,1,0.1,0.09000000000000001,False,,0.0008885999850463122,
244,RADIATION,RADIATION,523100.920497467,5696744.290406497,18,36,28.284271247461902,5998.376618407499,0.9087703899260304,ground_equivalent_excess_gamma_dose_rate,uSv/h,50.0,1.0,6360,0.00034100000630132854,True,,1,0.1,0.09000000000000001,False,,0.0005674999847542495,
245,RADIATION,RADIATION,523120.920497467,5696764.290406497,19,37,28.284271247461902,6026.6608896549615,0.8039193350663487,ground_equivalent_excess_gamma_dose_rate,uSv/h,50.0,1.0,6360,0.0003231000155210495,True,,1,0.1,0.09000000000000001,False,,0.0005566000181715935,
246,RADIATION,RADIATION,523100.920497467,5696764.290406497,19,36,20.0,6046.6608896549615,0.7400190577636152,ground_equivalent_excess_gamma_dose_rate,uSv/h,50.0,1.0,6360,0.0004448999825399369,True,,1,0.1,0.09000000000000001,False,,0.0005433000042103231,
247,RADIATION,RADIATION,523120.920497467,5696784.290406497,20,37,28.284271247461902,6074.945160902424,0.6549498410864674,ground_equivalent_excess_gamma_dose_rate,uSv/h,50.0,1.0,6360,0.00036189999082125723,True,,1,0.1,0.09000000000000001,False,,0.0006012999801896513,
248,RADIATION,RADIATION,523140.920497467,5696784.290406497,20,38,20.0,6094.945160902424,0.6889786310152861,ground_equivalent_excess_gamma_dose_rate,uSv/h,50.0,1.0,6360,0.0003327000013086945,True,,1,0.1,0.09000000000000001,False,,0.0005550000059884042,
249,RADIATION,RADIATION,523160.920497467,5696784.290406497,20,39,20.0,6114.945160902424,0.7102206294678008,ground_equivalent_excess_gamma_dose_rate,uSv/h,50.0,1.0,6360,0.0003274999908171594,True,,1,0.1,0.09000000000000001,False,,0.0005321000062394887,
250,RADIATION,RADIATION,523180.920497467,5696804.290406497,21,40,28.284271247461902,6143.229432149886,0.5842721758869915,ground_equivalent_excess_gamma_dose_rate,uSv/h,50.0,1.0,6360,0.0006724000268150121,True,,1,0.1,0.09000000000000001,False,,0.0005936999805271626,
251,RADIATION,RADIATION,523200.920497467,5696804.290406497,21,41,20.0,6163.229432149886,0.5773270575512173,ground_equivalent_excess_gamma_dose_rate,uSv/h,50.0,1.0,6360,0.00036609999369829893,True,,1,0.1,0.09000000000000001,False,,0.0007243999862112105,
252,RADIATION,RADIATION,523220.920497467,5696804.290406497,21,42,20.0,6183.229432149886,0.5603151870324055,ground_equivalent_excess_gamma_dose_rate,uSv/h,50.0,1.0,6360,0.00032560000545345247,True,,1,0.1,0.09000000000000001,False,,0.0005634000117424875,
253,RADIATION,RADIATION,523240.920497467,5696804.290406497,21,43,20.0,6203.229432149886,0.5349598579557164,ground_equivalent_excess_gamma_dose_rate,uSv/h,50.0,1.0,6360,0.0003923000185750425,True,,1,0.1,0.09000000000000001,False,,0.000821399997221306,
254,RADIATION,RADIATION,523260.920497467,5696804.290406497,21,44,20.0,6223.229432149886,0.5035529486022237,ground_equivalent_excess_gamma_dose_rate,uSv/h,50.0,1.0,6360,0.00036310002906247973,True,,1,0.1,0.09000000000000001,False,,0.0005640999879688025,
255,RADIATION,RADIATION,523280.920497467,5696784.290406497,20,45,28.284271247461902,6251.513703397348,0.549586665527731,ground_equivalent_excess_gamma_dose_rate,uSv/h,50.0,1.0,6360,0.0005179999861866236,True,,1,0.1,0.09000000000000001,False,,0.0005429000011645257,
256,RADIATION,RADIATION,523300.920497467,5696764.290406497,19,46,28.284271247461902,6279.79797464481,0.5823399580991662,ground_equivalent_excess_gamma_dose_rate,uSv/h,50.0,1.0,6360,0.0004084999964106828,True,,1,0.1,0.09000000000000001,False,,0.0005971999780740589,
257,RADIATION,RADIATION,523300.920497467,5696744.290406497,18,46,20.0,6299.79797464481,0.6819973226656235,ground_equivalent_excess_gamma_dose_rate,uSv/h,50.0,1.0,6360,0.00033719997736625373,True,,1,0.1,0.09000000000000001,False,,0.0005725000228267163,
258,RADIATION,RADIATION,523320.920497467,5696724.290406497,17,47,28.284271247461902,6328.082245892272,0.6849586348726333,ground_equivalent_excess_gamma_dose_rate,uSv/h,50.0,1.0,6360,0.00034139998024329543,True,,1,0.1,0.09000000000000001,False,,0.0005664999771397561,
259,RADIATION,RADIATION,523320.920497467,5696704.290406497,16,47,20.0,6348.082245892272,0.7855375675956431,ground_equivalent_excess_gamma_dose_rate,uSv/h,50.0,1.0,6360,0.00033740000799298286,True,,1,0.1,0.09000000000000001,False,,0.0005305000231601298,
260,RADIATION,RADIATION,523340.920497467,5696724.290406497,17,48,28.284271247461902,6376.366517139734,0.5866714622192402,ground_equivalent_excess_gamma_dose_rate,uSv/h,50.0,1.0,6360,0.0003749000024981797,True,,1,0.1,0.09000000000000001,False,,0.0007981000235304236,
261,RADIATION,RADIATION,523360.920497467,5696704.290406497,16,49,28.284271247461902,6404.650788387196,0.5573538635320445,ground_equivalent_excess_gamma_dose_rate,uSv/h,50.0,1.0,6360,0.0003690999874379486,True,,1,0.1,0.09000000000000001,False,,0.0005658000009134412,
262,RADIATION,RADIATION,523360.920497467,5696684.290406497,15,49,20.0,6424.650788387196,0.6100299799881754,ground_equivalent_excess_gamma_dose_rate,uSv/h,50.0,1.0,6360,0.0003452999808359891,True,,1,0.1,0.09000000000000001,False,,0.000572400022065267,
263,RADIATION,RADIATION,523360.920497467,5696664.290406497,14,49,20.0,6444.650788387196,0.6594848278179946,ground_equivalent_excess_gamma_dose_rate,uSv/h,50.0,1.0,6360,0.0007520999934058636,True,,1,0.1,0.09000000000000001,False,,0.001067299977876246,
264,RADIATION,RADIATION,523380.920497467,5696644.290406497,13,50,28.284271247461902,6472.9350596346585,0.5767026417227648,ground_equivalent_excess_gamma_dose_rate,uSv/h,50.0,1.0,6360,0.0004199999966658652,True,,1,0.1,0.09000000000000001,False,,0.0006639999919570982,
265,RADIATION,RADIATION,523380.920497467,5696624.290406497,12,50,20.0,6492.9350596346585,0.5969909434930345,ground_equivalent_excess_gamma_dose_rate,uSv/h,50.0,1.0,6360,0.0006313000048976392,True,,1,0.1,0.09000000000000001,False,,0.000759599992306903,
266,RADIATION,RADIATION,523400.920497467,5696604.290406497,11,51,28.284271247461902,6521.219330882121,0.5028339603737704,ground_equivalent_excess_gamma_dose_rate,uSv/h,50.0,1.0,6360,0.000492400024086237,True,,1,0.1,0.09000000000000001,False,,0.0007008000102359802,
267,RADIATION,RADIATION,523420.920497467,5696624.290406497,12,52,28.284271247461902,6549.503602129583,0.41871733883334833,ground_equivalent_excess_gamma_dose_rate,uSv/h,50.0,1.0,6360,0.000374099996406585,True,,1,0.1,0.09000000000000001,False,,0.0005648999940603971,
268,RADIATION,RADIATION,523420.920497467,5696644.290406497,13,52,20.0,6569.503602129583,0.40863451897827047,ground_equivalent_excess_gamma_dose_rate,uSv/h,50.0,1.0,6360,0.00034100000630132854,True,,1,0.1,0.09000000000000001,False,,0.0005497000238392502,
269,RADIATION,RADIATION,523400.920497467,5696664.290406497,14,51,28.284271247461902,6597.787873377045,0.4617841729552307,ground_equivalent_excess_gamma_dose_rate,uSv/h,50.0,1.0,6360,0.00037039999733678997,True,,1,0.1,0.09000000000000001,False,,0.0007932999869808555,
270,RADIATION,RADIATION,523400.920497467,5696684.290406497,15,51,20.0,6617.787873377045,0.4369784469066181,ground_equivalent_excess_gamma_dose_rate,uSv/h,50.0,1.0,6360,0.0003654999891296029,True,,1,0.1,0.09000000000000001,False,,0.0005643000185955316,
271,RADIATION,RADIATION,523400.920497467,5696704.290406497,16,51,20.0,6637.787873377045,0.4092706394520081,ground_equivalent_excess_gamma_dose_rate,uSv/h,50.0,1.0,6360,0.00039840000681579113,True,,1,0.1,0.09000000000000001,False,,0.0005382000235840678,
272,RADIATION,RADIATION,523380.920497467,5696724.290406497,17,50,28.284271247461902,6666.072144624507,0.4367364896105497,ground_equivalent_excess_gamma_dose_rate,uSv/h,50.0,1.0,6360,0.0004364000051282346,True,,1,0.1,0.09000000000000001,False,,0.0005828999856021255,
273,RADIATION,RADIATION,523360.920497467,5696724.290406497,17,49,20.0,6686.072144624507,0.5047647606754782,ground_equivalent_excess_gamma_dose_rate,uSv/h,50.0,1.0,6360,0.0003386999887879938,True,,1,0.1,0.09000000000000001,False,,0.0005709999823011458,
274,RADIATION,RADIATION,523360.920497467,5696744.290406497,18,49,20.0,6706.072144624507,0.4545352375574287,ground_equivalent_excess_gamma_dose_rate,uSv/h,50.0,1.0,6360,0.0005669000092893839,True,,1,0.1,0.09000000000000001,False,,0.0010257000103592873,
275,RADIATION,RADIATION,523340.920497467,5696764.290406497,19,48,28.284271247461902,6734.356415871969,0.4598993749675448,ground_equivalent_excess_gamma_dose_rate,uSv/h,50.0,1.0,6360,0.00037059999885968864,True,,1,0.1,0.09000000000000001,False,,0.0006190999993123114,
276,RADIATION,RADIATION,523320.920497467,5696764.290406497,19,47,20.0,6754.356415871969,0.5181885889043931,ground_equivalent_excess_gamma_dose_rate,uSv/h,50.0,1.0,6360,0.0003281999961473048,True,,1,0.1,0.09000000000000001,False,,0.0005899999814573675,
277,RADIATION,RADIATION,523300.920497467,5696784.290406497,20,46,28.284271247461902,6782.640687119431,0.4999653559311838,ground_equivalent_excess_gamma_dose_rate,uSv/h,50.0,1.0,6360,0.00033579999580979347,True,,1,0.1,0.09000000000000001,False,,0.0005448000156320632,
278,RADIATION,RADIATION,523300.920497467,5696804.290406497,21,46,20.0,6802.640687119431,0.43195290944912795,ground_equivalent_excess_gamma_dose_rate,uSv/h,50.0,1.0,6360,0.0004217000096105039,True,,1,0.1,0.09000000000000001,False,,0.0005369999853428453,
279,RADIATION,RADIATION,523280.920497467,5696824.290406497,22,45,28.284271247461902,6830.924958366893,0.4029972662744202,ground_equivalent_excess_gamma_dose_rate,uSv/h,50.0,1.0,6360,0.00042490000487305224,True,,1,0.1,0.09000000000000001,False,,0.0009158000175375491,
280,RADIATION,RADIATION,523260.920497467,5696824.290406497,22,44,20.0,6850.924958366893,0.4286662742560314,ground_equivalent_excess_gamma_dose_rate,uSv/h,50.0,1.0,6360,0.0003302999830339104,True,,1,0.1,0.09000000000000001,False,,0.0005806999979540706,
281,RADIATION,RADIATION,523240.920497467,5696824.290406497,22,43,20.0,6870.924958366893,0.45121716996200106,ground_equivalent_excess_gamma_dose_rate,uSv/h,50.0,1.0,6360,0.00032220000866800547,True,,1,0.1,0.09000000000000001,False,,0.0005510000046342611,
282,RADIATION,RADIATION,523220.920497467,5696824.290406497,22,42,20.0,6890.924958366893,0.46912272343155953,ground_equivalent_excess_gamma_dose_rate,uSv/h,50.0,1.0,6360,0.0003598000039346516,True,,1,0.1,0.09000000000000001,False,,0.0006068999937269837,
283,RADIATION,RADIATION,523200.920497467,5696844.290406497,23,41,28.284271247461902,6919.2092296143555,0.40683853011511845,ground_equivalent_excess_gamma_dose_rate,uSv/h,50.0,1.0,6360,0.00044380000326782465,True,,1,0.1,0.09000000000000001,False,,0.0005360999784898013,
284,RADIATION,RADIATION,523180.920497467,5696844.290406497,23,40,20.0,6939.2092296143555,0.4102752164245311,ground_equivalent_excess_gamma_dose_rate,uSv/h,50.0,1.0,6360,0.00044659999548457563,True,,1,0.1,0.09000000000000001,False,,0.000586000009207055,
285,RADIATION,RADIATION,523160.920497467,5696824.290406497,22,39,28.284271247461902,6967.493500861818,0.483122049083655,ground_equivalent_excess_gamma_dose_rate,uSv/h,50.0,1.0,6360,0.0003364000003784895,True,,1,0.1,0.09000000000000001,False,,0.0005701000045519322,
286,RADIATION,RADIATION,523140.920497467,5696824.290406497,22,38,20.0,6987.493500861818,0.4731978390066291,ground_equivalent_excess_gamma_dose_rate,uSv/h,50.0,1.0,6360,0.0005816000048071146,True,,1,0.1,0.09000000000000001,False,,0.0011935000075027347,
287,RADIATION,RADIATION,523120.920497467,5696824.290406497,22,37,20.0,7007.493500861818,0.45689396224173023,ground_equivalent_excess_gamma_dose_rate,uSv/h,50.0,1.0,6360,0.0006073999975342304,True,,1,0.1,0.09000000000000001,False,,0.0009609000117052346,
288,RADIATION,RADIATION,523100.920497467,5696804.290406497,21,36,28.284271247461902,7035.77777210928,0.5130379041445989,ground_equivalent_excess_gamma_dose_rate,uSv/h,50.0,1.0,6360,0.0006102000188548118,True,,1,0.1,0.09000000000000001,False,,0.0010331000084988773,
289,RADIATION,RADIATION,523100.920497467,5696784.290406497,20,36,20.0,7055.77777210928,0.6119033054992591,ground_equivalent_excess_gamma_dose_rate,uSv/h,50.0,1.0,6360,0.000586900016060099,True,,1,0.1,0.09000000000000001,False,,0.0011175999825354666,
290,RADIATION,RADIATION,523080.920497467,5696804.290406497,21,35,28.284271247461902,7084.062043356742,0.47879320181374,ground_equivalent_excess_gamma_dose_rate,uSv/h,50.0,1.0,6360,0.0006142999918665737,True,,1,0.1,0.09000000000000001,False,,0.0010226999875158072,
291,RADIATION,RADIATION,523060.920497467,5696784.290406497,20,34,28.284271247461902,7112.346314604204,0.5141212541937963,ground_equivalent_excess_gamma_dose_rate,uSv/h,50.0,1.0,6360,0.0006120000034570694,True,,1,0.1,0.09000000000000001,False,,0.0010680999839678407,
292,RADIATION,RADIATION,523060.920497467,5696764.290406497,19,34,20.0,7132.346314604204,0.6016348127608411,ground_equivalent_excess_gamma_dose_rate,uSv/h,50.0,1.0,6360,0.0005999999993946403,True,,1,0.1,0.09000000000000001,False,,0.0010458999895490706,
293,RADIATION,RADIATION,523040.920497467,5696744.290406497,18,33,28.284271247461902,7160.630585851666,0.619340800661281,ground_equivalent_excess_gamma_dose_rate,uSv/h,50.0,1.0,6360,0.0006089999806135893,True,,1,0.1,0.09000000000000001,False,,0.0010045000235550106,
294,RADIATION,RADIATION,523020.920497467,5696764.290406497,19,32,28.284271247461902,7188.914857099128,0.4759730767375731,ground_equivalent_excess_gamma_dose_rate,uSv/h,50.0,1.0,6360,0.0006286999850999564,True,,1,0.1,0.09000000000000001,False,,0.0013020000187680125,
295,RADIATION,RADIATION,523020.920497467,5696784.290406497,20,32,20.0,7208.914857099128,0.4194828377084025,ground_equivalent_excess_gamma_dose_rate,uSv/h,50.0,1.0,6360,0.0006098999874666333,True,,1,0.1,0.09000000000000001,False,,0.0010264000156894326,
296,RADIATION,RADIATION,523040.920497467,5696804.290406497,21,33,28.284271247461902,7237.19912834659,0.4059420688656275,ground_equivalent_excess_gamma_dose_rate,uSv/h,50.0,1.0,6360,0.0005681000184267759,True,,1,0.1,0.09000000000000001,False,,0.00114079998456873,
297,RADIATION,RADIATION,523060.920497467,5696824.290406497,22,34,28.284271247461902,7265.483399594053,0.38359390142664956,ground_equivalent_excess_gamma_dose_rate,uSv/h,50.0,1.0,6360,0.0005902999837417156,True,,1,0.1,0.09000000000000001,False,,0.0010630000033415854,
298,RADIATION,RADIATION,523080.920497467,5696844.290406497,23,35,28.284271247461902,7293.767670841515,0.3553102753010237,ground_equivalent_excess_gamma_dose_rate,uSv/h,50.0,1.0,6360,0.0005922999989707023,True,,1,0.1,0.09000000000000001,False,,0.0010538999922573566,
299,RADIATION,RADIATION,523100.920497467,5696864.290406497,24,36,28.284271247461902,7322.051942088977,0.3240483254066712,ground_equivalent_excess_gamma_dose_rate,uSv/h,50.0,1.0,6360,0.0006351000047288835,True,,1,0.1,0.09000000000000001,False,,0.0010408000089228153,
300,RADIATION,RADIATION,523120.920497467,5696864.290406497,24,37,20.0,7342.051942088977,0.3357339632649679,ground_equivalent_excess_gamma_dose_rate,uSv/h,50.0,1.0,6360,0.0006233000021893531,True,,1,0.1,0.09000000000000001,False,,0.0010124999971594661,
301,RADIATION,RADIATION,523140.920497467,5696864.290406497,24,38,20.0,7362.051942088977,0.3444548427421547,ground_equivalent_excess_gamma_dose_rate,uSv/h,50.0,1.0,6360,0.0008820999937597662,True,,1,0.1,0.09000000000000001,False,,0.001061099988874048,
302,RADIATION,RADIATION,523160.920497467,5696884.290406497,25,39,28.284271247461902,7390.336213336439,0.30278659699916116,ground_equivalent_excess_gamma_dose_rate,uSv/h,50.0,1.0,6360,0.0006717999931424856,True,,1,0.1,0.09000000000000001,False,,0.0009979999740608037,
303,RADIATION,RADIATION,523180.920497467,5696884.290406497,25,40,20.0,7410.336213336439,0.303836349571076,ground_equivalent_excess_gamma_dose_rate,uSv/h,50.0,1.0,6360,0.000669400003971532,True,,1,0.1,0.09000000000000001,False,,0.0010731999936979264,
304,RADIATION,RADIATION,523200.920497467,5696884.290406497,25,41,20.0,7430.336213336439,0.3019474294217516,ground_equivalent_excess_gamma_dose_rate,uSv/h,50.0,1.0,6360,0.0006251999875530601,True,,1,0.1,0.09000000000000001,False,,0.0010454999865032732,
305,RADIATION,RADIATION,523220.920497467,5696864.290406497,24,42,28.284271247461902,7458.620484583901,0.34229044150063287,ground_equivalent_excess_gamma_dose_rate,uSv/h,50.0,1.0,6360,0.0006073999975342304,True,,1,0.1,0.09000000000000001,False,,0.0010657000239007175,
306,RADIATION,RADIATION,523240.920497467,5696864.290406497,24,43,20.0,7478.620484583901,0.33265860296682886,ground_equivalent_excess_gamma_dose_rate,uSv/h,50.0,1.0,6360,0.0006372000207193196,True,,1,0.1,0.09000000000000001,False,,0.0010291000071447343,
307,RADIATION,RADIATION,523260.920497467,5696864.290406497,24,44,20.0,7498.620484583901,0.32023833567675647,ground_equivalent_excess_gamma_dose_rate,uSv/h,50.0,1.0,6360,0.0006265999982133508,True,,1,0.1,0.09000000000000001,False,,0.0010238000249955803,
308,RADIATION,RADIATION,523280.920497467,5696844.290406497,23,45,28.284271247461902,7526.904755831363,0.3496093994418245,ground_equivalent_excess_gamma_dose_rate,uSv/h,50.0,1.0,6360,0.0005914999928791076,True,,1,0.1,0.09000000000000001,False,,0.0010383999906480312,
309,RADIATION,RADIATION,523300.920497467,5696844.290406497,23,46,20.0,7546.904755831363,0.3288473792746937,ground_equivalent_excess_gamma_dose_rate,uSv/h,50.0,1.0,6360,0.0008357999904546887,True,,1,0.1,0.09000000000000001,False,,0.0010379999876022339,
310,RADIATION,RADIATION,523320.920497467,5696824.290406497,22,47,28.284271247461902,7575.189027078825,0.3478762899410645,ground_equivalent_excess_gamma_dose_rate,uSv/h,50.0,1.0,6360,0.0006206999823916703,True,,1,0.1,0.09000000000000001,False,,0.0010303999879397452,
311,RADIATION,RADIATION,523340.920497467,5696804.290406497,21,48,28.284271247461902,7603.4732983262875,0.36071836703318055,ground_equivalent_excess_gamma_dose_rate,uSv/h,50.0,1.0,6360,0.0006054000114090741,True,,1,0.1,0.09000000000000001,False,,0.0011381999938748777,
312,RADIATION,RADIATION,523360.920497467,5696784.290406497,20,49,28.284271247461902,7631.75756957375,0.36577694067849537,ground_equivalent_excess_gamma_dose_rate,uSv/h,50.0,1.0,6360,0.0006227999983821064,True,,1,0.1,0.09000000000000001,False,,0.0010155999916605651,
313,RADIATION,RADIATION,523360.920497467,5696764.290406497,19,49,20.0,7651.75756957375,0.4080003921719941,ground_equivalent_excess_gamma_dose_rate,uSv/h,50.0,1.0,6360,0.0005620000010821968,True,,1,0.1,0.09000000000000001,False,,0.0010668000031728297,
314,RADIATION,RADIATION,523380.920497467,5696784.290406497,20,50,28.284271247461902,7680.041840821212,0.328677510530116,ground_equivalent_excess_gamma_dose_rate,uSv/h,50.0,1.0,6360,0.0006055999838281423,True,,1,0.1,0.09000000000000001,False,,0.0010181000106967986,
315,RADIATION,RADIATION,523400.920497467,5696764.290406497,19,51,28.284271247461902,7708.326112068674,0.32256433729987116,ground_equivalent_excess_gamma_dose_rate,uSv/h,50.0,1.0,6360,0.0006215999892447144,True,,1,0.1,0.09000000000000001,False,,0.0010432999988552183,
316,RADIATION,RADIATION,523420.920497467,5696744.290406497,18,52,28.284271247461902,7736.610383316136,0.3103838141497787,ground_equivalent_excess_gamma_dose_rate,uSv/h,50.0,1.0,6360,0.0006263999966904521,True,,1,0.1,0.09000000000000001,False,,0.0010463999933563173,
317,RADIATION,RADIATION,523440.920497467,5696724.290406497,17,53,28.284271247461902,7764.894654563598,0.2934721596337106,ground_equivalent_excess_gamma_dose_rate,uSv/h,50.0,1.0,6360,0.0006312000041361898,True,,1,0.1,0.09000000000000001,False,,0.0010362000029999763,
318,RADIATION,RADIATION,523440.920497467,5696704.290406497,16,53,20.0,7784.894654563598,0.3105060020753975,ground_equivalent_excess_gamma_dose_rate,uSv/h,50.0,1.0,6360,0.0006621999782510102,True,,1,0.1,0.09000000000000001,False,,0.0011414999898988754,
319,RADIATION,RADIATION,523440.920497467,5696684.290406497,15,53,20.0,7804.894654563598,0.3261981748213734,ground_equivalent_excess_gamma_dose_rate,uSv/h,50.0,1.0,6360,0.0006224999960977584,True,,1,0.1,0.09000000000000001,False,,0.0010377000144217163,
320,RADIATION,RADIATION,523460.920497467,5696664.290406497,14,54,28.284271247461902,7833.17892581106,0.2959208637199807,ground_equivalent_excess_gamma_dose_rate,uSv/h,50.0,1.0,6360,0.000676800002111122,True,,1,0.1,0.09000000000000001,False,,0.0010413999843876809,
321,RADIATION,RADIATION,523480.920497467,5696684.290406497,15,55,28.284271247461902,7861.463197058522,0.25183843523583593,ground_equivalent_excess_gamma_dose_rate,uSv/h,50.0,1.0,6360,0.0006467000057455152,True,,1,0.1,0.09000000000000001,False,,0.0009080000163521618,
322,RADIATION,RADIATION,523480.920497467,5696704.290406497,16,55,20.0,7881.463197058522,0.2423814450823556,ground_equivalent_excess_gamma_dose_rate,uSv/h,50.0,1.0,6360,0.000598999991780147,True,,1,0.1,0.09000000000000001,False,,0.0008203999896068126,
323,RADIATION,RADIATION,523480.920497467,5696724.290406497,17,55,20.0,7901.463197058522,0.23187561973993293,ground_equivalent_excess_gamma_dose_rate,uSv/h,50.0,1.0,6360,0.000598000013269484,True,,1,0.1,0.09000000000000001,False,,0.0009443000017199665,
324,RADIATION,RADIATION,523460.920497467,5696744.290406497,18,54,28.284271247461902,7929.7474683059845,0.24612378561816922,ground_equivalent_excess_gamma_dose_rate,uSv/h,50.0,1.0,6360,0.0005680999893229455,True,,1,0.1,0.09000000000000001,False,,0.001031499996315688,
325,RADIATION,RADIATION,523440.920497467,5696764.290406497,19,53,28.284271247461902,7958.031739553447,0.25790907737771357,ground_equivalent_excess_gamma_dose_rate,uSv/h,50.0,1.0,6360,0.0006664000102318823,True,,1,0.1,0.09000000000000001,False,,0.001052199979312718,
326,RADIATION,RADIATION,523420.920497467,5696784.290406497,20,52,28.284271247461902,7986.316010800909,0.2662637452549337,ground_equivalent_excess_gamma_dose_rate,uSv/h,50.0,1.0,6360,0.0003766000154428184,True,,1,0.1,0.09000000000000001,False,,0.0006704000115860254,
327,RADIATION,RADIATION,523400.920497467,5696804.290406497,21,51,28.284271247461902,8014.600282048371,0.27041542515366884,ground_equivalent_excess_gamma_dose_rate,uSv/h,50.0,1.0,6360,0.00043990000267513096,True,,1,0.1,0.09000000000000001,False,,0.0005744000081904233,
328,RADIATION,RADIATION,523380.920497467,5696824.290406497,22,50,28.284271247461902,8042.884553295833,0.2699526646745168,ground_equivalent_excess_gamma_dose_rate,uSv/h,50.0,1.0,6360,0.00037880000309087336,True,,1,0.1,0.09000000000000001,False,,0.0006285000126808882,
329,RADIATION,RADIATION,523360.920497467,5696844.290406497,23,49,28.284271247461902,8071.168824543295,0.2649222507148024,ground_equivalent_excess_gamma_dose_rate,uSv/h,50.0,1.0,6360,0.00032430002465844154,True,,1,0.1,0.09000000000000001,False,,0.0005714999861083925,
330,RADIATION,RADIATION,523340.920497467,5696864.290406497,24,48,28.284271247461902,8099.453095790757,0.2558178337462372,ground_equivalent_excess_gamma_dose_rate,uSv/h,50.0,1.0,6360,0.0004165999998804182,True,,1,0.1,0.09000000000000001,False,,0.0005467000009957701,
331,RADIATION,RADIATION,523320.920497467,5696864.290406497,24,47,20.0,8119.453095790757,0.2728928240994466,ground_equivalent_excess_gamma_dose_rate,uSv/h,50.0,1.0,6360,0.0003680999798234552,True,,1,0.1,0.09000000000000001,False,,0.0007856000156607479,
332,RADIATION,RADIATION,523300.920497467,5696864.290406497,24,46,20.0,8139.453095790757,0.28969948070086077,ground_equivalent_excess_gamma_dose_rate,uSv/h,50.0,1.0,6360,0.00032850002753548324,True,,1,0.1,0.09000000000000001,False,,0.000575500016566366,
333,RADIATION,RADIATION,523280.920497467,5696884.290406497,25,45,28.284271247461902,8167.737367038219,0.2692375503106711,ground_equivalent_excess_gamma_dose_rate,uSv/h,50.0,1.0,6360,0.0003161999920848757,True,,1,0.1,0.09000000000000001,False,,0.0005547000037040561,
334,RADIATION,RADIATION,523260.920497467,5696904.290406497,26,44,28.284271247461902,8196.021638285682,0.2474921983536092,ground_equivalent_excess_gamma_dose_rate,uSv/h,50.0,1.0,6360,0.0005246999789960682,True,,1,0.1,0.09000000000000001,False,,0.0005434000049717724,
335,RADIATION,RADIATION,523240.920497467,5696904.290406497,26,43,20.0,8216.021638285682,0.2548457608890153,ground_equivalent_excess_gamma_dose_rate,uSv/h,50.0,1.0,6360,0.00038339997990988195,True,,1,0.1,0.09000000000000001,False,,0.0007078000053297728,
336,RADIATION,RADIATION,523220.920497467,5696924.290406497,27,42,28.284271247461902,8244.305909533143,0.2300817482772985,ground_equivalent_excess_gamma_dose_rate,uSv/h,50.0,1.0,6360,0.0003884999896399677,True,,1,0.1,0.09000000000000001,False,,0.0005555999814532697,
337,RADIATION,RADIATION,523200.920497467,5696924.290406497,27,41,20.0,8264.305909533143,0.23289980057113413,ground_equivalent_excess_gamma_dose_rate,uSv/h,50.0,1.0,6360,0.0003271999885328114,True,,1,0.1,0.09000000000000001,False,,0.0005493999924510717,
338,RADIATION,RADIATION,523180.920497467,5696924.290406497,27,40,20.0,8284.305909533143,0.23402199556776043,ground_equivalent_excess_gamma_dose_rate,uSv/h,50.0,1.0,6360,0.00043719998211599886,True,,1,0.1,0.09000000000000001,False,,0.001137000013841316,
339,RADIATION,RADIATION,523160.920497467,5696924.290406497,27,39,20.0,8304.305909533143,0.233398740587689,ground_equivalent_excess_gamma_dose_rate,uSv/h,50.0,1.0,6360,0.000596199999563396,True,,1,0.1,0.09000000000000001,False,,0.0009386999881826341,
340,RADIATION,RADIATION,523140.920497467,5696904.290406497,26,38,28.284271247461902,8332.590180780604,0.26171191337006683,ground_equivalent_excess_gamma_dose_rate,uSv/h,50.0,1.0,6360,0.00038339997990988195,True,,1,0.1,0.09000000000000001,False,,0.0010574999905657023,
341,RADIATION,RADIATION,523120.920497467,5696924.290406497,27,37,28.284271247461902,8360.874452028065,0.22710061729240827,ground_equivalent_excess_gamma_dose_rate,uSv/h,50.0,1.0,6360,0.000371300004189834,True,,1,0.1,0.09000000000000001,False,,0.0005631000094581395,
342,RADIATION,RADIATION,523140.920497467,5696944.290406497,28,38,28.284271247461902,8389.158723275526,0.20547160594679065,ground_equivalent_excess_gamma_dose_rate,uSv/h,50.0,1.0,6360,0.000364200008334592,True,,1,0.1,0.09000000000000001,False,,0.0005488000169862062,
343,RADIATION,RADIATION,523160.920497467,5696964.290406497,29,39,28.284271247461902,8417.442994522988,0.18537844446192903,ground_equivalent_excess_gamma_dose_rate,uSv/h,50.0,1.0,6360,0.00044350000098347664,True,,1,0.1,0.09000000000000001,False,,0.000534099992364645,
344,RADIATION,RADIATION,523180.920497467,5696964.290406497,29,40,20.0,8437.442994522988,0.18577140475541432,ground_equivalent_excess_gamma_dose_rate,uSv/h,50.0,1.0,6360,0.0003628999984357506,True,,1,0.1,0.09000000000000001,False,,0.0006369999900925905,
345,RADIATION,RADIATION,523200.920497467,5696964.290406497,29,41,20.0,8457.442994522988,0.18506355303152272,ground_equivalent_excess_gamma_dose_rate,uSv/h,50.0,1.0,6360,0.0003440000000409782,True,,1,0.1,0.09000000000000001,False,,0.0005703000060748309,
346,RADIATION,RADIATION,523220.920497467,5696964.290406497,29,42,20.0,8477.442994522988,0.18327980595280025,ground_equivalent_excess_gamma_dose_rate,uSv/h,50.0,1.0,6360,0.00034470000537112355,True,,1,0.1,0.09000000000000001,False,,0.0005597999843303114,
347,RADIATION,RADIATION,523240.920497467,5696944.290406497,28,43,28.284271247461902,8505.727265770449,0.20121537183326038,ground_equivalent_excess_gamma_dose_rate,uSv/h,50.0,1.0,6360,0.0004124999977648258,True,,1,0.1,0.09000000000000001,False,,0.0007975999906193465,
348,RADIATION,RADIATION,523260.920497467,5696924.290406497,27,44,28.284271247461902,8534.01153701791,0.2199029792810916,ground_equivalent_excess_gamma_dose_rate,uSv/h,50.0,1.0,6360,0.00034649998997338116,True,,1,0.1,0.09000000000000001,False,,0.0005705000075977296,
349,RADIATION,RADIATION,523280.920497467,5696904.290406497,26,45,28.284271247461902,8562.295808265371,0.23871357728645437,ground_equivalent_excess_gamma_dose_rate,uSv/h,50.0,1.0,6360,0.0003381999849807471,True,,1,0.1,0.09000000000000001,False,,0.000610699993558228,
350,RADIATION,RADIATION,523300.920497467,5696904.290406497,26,46,20.0,8582.295808265371,0.2288481336647819,ground_equivalent_excess_gamma_dose_rate,uSv/h,50.0,1.0,6360,0.0006380999984685332,True,,1,0.1,0.09000000000000001,False,,0.0009828000038396567,
351,RADIATION,RADIATION,523320.920497467,5696904.290406497,26,47,20.0,8602.295808265371,0.21823104600053783,ground_equivalent_excess_gamma_dose_rate,uSv/h,50.0,1.0,6360,0.0003763000131584704,True,,1,0.1,0.09000000000000001,False,,0.0007161000103224069,
352,RADIATION,RADIATION,523340.920497467,5696904.290406497,26,48,20.0,8622.295808265371,0.20717278653093335,ground_equivalent_excess_gamma_dose_rate,uSv/h,50.0,1.0,6360,0.00036720000207424164,True,,1,0.1,0.09000000000000001,False,,0.0005676999862771481,
353,RADIATION,RADIATION,523360.920497467,5696884.290406497,25,49,28.284271247461902,8650.580079512833,0.2160504041487024,ground_equivalent_excess_gamma_dose_rate,uSv/h,50.0,1.0,6360,0.0004861000052187592,True,,1,0.1,0.09000000000000001,False,,0.0005385999975260347,
354,RADIATION,RADIATION,523380.920497467,5696864.290406497,24,50,28.284271247461902,8678.864350760294,0.22250850136285516,ground_equivalent_excess_gamma_dose_rate,uSv/h,50.0,1.0,6360,0.00038029998540878296,True,,1,0.1,0.09000000000000001,False,,0.0006127999804448336,
355,RADIATION,RADIATION,523400.920497467,5696844.290406497,23,51,28.284271247461902,8707.148622007755,0.2260463709359381,ground_equivalent_excess_gamma_dose_rate,uSv/h,50.0,1.0,6360,0.0003630999999586493,True,,1,0.1,0.09000000000000001,False,,0.0005688999954145402,
356,RADIATION,RADIATION,523400.920497467,5696824.290406497,22,51,20.0,8727.148622007755,0.2472223040583323,ground_equivalent_excess_gamma_dose_rate,uSv/h,50.0,1.0,6360,0.0003200000210199505,True,,1,0.1,0.09000000000000001,False,,0.0005544000014197081,
357,RADIATION,RADIATION,523420.920497467,5696824.290406497,22,52,20.0,8747.148622007755,0.2263707516564618,ground_equivalent_excess_gamma_dose_rate,uSv/h,50.0,1.0,6360,0.00039400000241585076,True,,1,0.1,0.09000000000000001,False,,0.0007128999859560281,
358,RADIATION,RADIATION,523440.920497467,5696804.290406497,21,53,28.284271247461902,8775.432893255216,0.2234540705595804,ground_equivalent_excess_gamma_dose_rate,uSv/h,50.0,1.0,6360,0.000361700018402189,True,,1,0.1,0.09000000000000001,False,,0.0005553000082727522,
359,RADIATION,RADIATION,523460.920497467,5696784.290406497,20,54,28.284271247461902,8803.717164502677,0.21754011376387988,ground_equivalent_excess_gamma_dose_rate,uSv/h,50.0,1.0,6360,0.00035439999192021787,True,,1,0.1,0.09000000000000001,False,,0.0005358000053092837,
360,RADIATION,RADIATION,523480.920497467,5696764.290406497,19,55,28.284271247461902,8832.001435750139,0.20909504449959254,ground_equivalent_excess_gamma_dose_rate,uSv/h,50.0,1.0,6360,0.0006178999901749194,True,,1,0.1,0.09000000000000001,False,,0.0005338999908417463,
361,RADIATION,RADIATION,523500.920497467,5696744.290406497,18,56,28.284271247461902,8860.2857069976,0.19872123414168902,ground_equivalent_excess_gamma_dose_rate,uSv/h,50.0,1.0,6360,0.00044520001392811537,True,,1,0.1,0.09000000000000001,False,,0.0005968999757897109,
362,RADIATION,RADIATION,523500.920497467,5696764.290406497,19,56,20.0,8880.2857069976,0.18928268376470186,ground_equivalent_excess_gamma_dose_rate,uSv/h,50.0,1.0,6360,0.0006326000147964805,True,,1,0.1,0.09000000000000001,False,,0.0004931000003125519,
363,RADIATION,RADIATION,523500.920497467,5696784.290406497,20,56,20.0,8900.2857069976,0.1796612008997414,ground_equivalent_excess_gamma_dose_rate,uSv/h,50.0,1.0,6360,0.0005822999810334295,True,,1,0.1,0.09000000000000001,False,,0.0010781000019051135,
364,RADIATION,RADIATION,523480.920497467,5696804.290406497,21,55,28.284271247461902,8928.569978245061,0.18586077959374075,ground_equivalent_excess_gamma_dose_rate,uSv/h,50.0,1.0,6360,0.0006034999969415367,True,,1,0.1,0.09000000000000001,False,,0.0010288000048603863,
365,RADIATION,RADIATION,523480.920497467,5696824.290406497,22,55,20.0,8948.569978245061,0.17460234738038832,ground_equivalent_excess_gamma_dose_rate,uSv/h,50.0,1.0,6360,0.000596500001847744,True,,1,0.1,0.09000000000000001,False,,0.001069099991582334,
366,RADIATION,RADIATION,523500.920497467,5696824.290406497,22,56,20.0,8968.569978245061,0.1605680458976802,ground_equivalent_excess_gamma_dose_rate,uSv/h,50.0,1.0,6360,0.0005975999811198562,True,,1,0.1,0.09000000000000001,False,,0.001037000009091571,
367,RADIATION,RADIATION,523520.920497467,5696804.290406497,21,57,28.284271247461902,8996.854249492522,0.15591988916468752,ground_equivalent_excess_gamma_dose_rate,uSv/h,50.0,1.0,6360,0.0005323999794200063,True,,1,0.1,0.09000000000000001,False,,0.0012775000068359077,
368,RADIATION,RADIATION,523540.920497467,5696824.290406497,22,58,28.284271247461902,9025.138520739984,0.13651750592113654,ground_equivalent_excess_gamma_dose_rate,uSv/h,50.0,1.0,5668,0.0003570999833755195,True,,1,0.1,0.09000000000000001,False,,0.0005478000093717128,
369,RADIATION,RADIATION,523540.920497467,5696844.290406497,23,58,20.0,9045.138520739984,0.12980275917143064,ground_equivalent_excess_gamma_dose_rate,uSv/h,50.0,1.0,5668,0.00033209999673999846,True,,1,0.1,0.09000000000000001,False,,0.00043289997847750783,
370,RADIATION,RADIATION,523520.920497467,5696824.290406497,22,57,28.284271247461902,9073.422791987445,0.14791852267931066,ground_equivalent_excess_gamma_dose_rate,uSv/h,50.0,1.0,6360,0.00041909998981282115,True,,1,0.1,0.09000000000000001,False,,0.0004185000143479556,
371,RADIATION,RADIATION,523540.920497467,5696824.290406497,22,58,20.0,9093.422791987445,0.13651750592113654,ground_equivalent_excess_gamma_dose_rate,uSv/h,50.0,1.0,5668,0.00032210000790655613,True,,1,0.1,0.09000000000000001,False,,0.0008084999863058329,
372,RADIATION,RADIATION,523520.920497467,5696804.290406497,21,57,28.284271247461902,9121.707063234906,0.15591988916468752,ground_equivalent_excess_gamma_dose_rate,uSv/h,50.0,1.0,6360,0.0004822000046260655,True,,1,0.1,0.09000000000000001,False,,0.0006852000078652054,
373,RADIATION,RADIATION,523540.920497467,5696824.290406497,22,58,28.284271247461902,9149.991334482367,0.13651750592113654,ground_equivalent_excess_gamma_dose_rate,uSv/h,50.0,1.0,5668,0.0004500000213738531,True,,1,0.1,0.09000000000000001,False,,0.0007270000060088933,
374,RADIATION,RADIATION,523520.920497467,5696844.290406497,23,57,28.284271247461902,9178.275605729828,0.1400676527948057,ground_equivalent_excess_gamma_dose_rate,uSv/h,50.0,1.0,6360,0.0003515999997034669,True,,1,0.1,0.09000000000000001,False,,0.00045499997213482857,
375,RADIATION,RADIATION,523540.920497467,5696864.290406497,24,58,28.284271247461902,9206.55987697729,0.12322972692445583,ground_equivalent_excess_gamma_dose_rate,uSv/h,50.0,1.0,5668,0.0003316999936942011,True,,1,0.1,0.09000000000000001,False,,0.0006176000169944018,
376,RADIATION,RADIATION,523520.920497467,5696884.290406497,25,57,28.284271247461902,9234.84414822475,0.12510533389536033,ground_equivalent_excess_gamma_dose_rate,uSv/h,50.0,1.0,6360,0.0003539999888744205,True,,1,0.1,0.09000000000000001,False,,0.00041630002669990063,
377,RADIATION,RADIATION,523500.920497467,5696884.290406497,25,56,20.0,9254.84414822475,0.13403613012916632,ground_equivalent_excess_gamma_dose_rate,uSv/h,50.0,1.0,6360,0.00040759998955763876,True,,1,0.1,0.09000000000000001,False,,0.000529499986441806,
378,RADIATION,RADIATION,523480.920497467,5696904.290406497,26,55,28.284271247461902,9283.128419472212,0.13449873435519216,ground_equivalent_excess_gamma_dose_rate,uSv/h,50.0,1.0,6360,0.00038750001112930477,True,,1,0.1,0.09000000000000001,False,,0.0005563999875448644,
379,RADIATION,RADIATION,523460.920497467,5696924.290406497,27,54,28.284271247461902,9311.412690719673,0.13380873899058549,ground_equivalent_excess_gamma_dose_rate,uSv/h,50.0,1.0,6360,0.00037090000114403665,True,,1,0.1,0.09000000000000001,False,,0.0005406000127550215,
380,RADIATION,RADIATION,523460.920497467,5696904.290406497,26,54,20.0,9331.412690719673,0.14354565227206484,ground_equivalent_excess_gamma_dose_rate,uSv/h,50.0,1.0,6360,0.00033760000951588154,True,,1,0.1,0.09000000000000001,False,,0.0005327000108081847,
381,RADIATION,RADIATION,523440.920497467,5696904.290406497,26,53,20.0,9351.412690719673,0.15314321444813211,ground_equivalent_excess_gamma_dose_rate,uSv/h,50.0,1.0,6360,0.0003758000093512237,True,,1,0.1,0.09000000000000001,False,,0.0007348999788518995,
382,RADIATION,RADIATION,523420.920497467,5696904.290406497,26,52,20.0,9371.412690719673,0.16325874469145757,ground_equivalent_excess_gamma_dose_rate,uSv/h,50.0,1.0,6360,0.00034740002593025565,True,,1,0.1,0.09000000000000001,False,,0.0005843999970238656,
383,RADIATION,RADIATION,523400.920497467,5696904.290406497,26,51,20.0,9391.412690719673,0.17383272305662062,ground_equivalent_excess_gamma_dose_rate,uSv/h,50.0,1.0,6360,0.0003321999975014478,True,,1,0.1,0.09000000000000001,False,,0.0005518999823834747,
384,RADIATION,RADIATION,523380.920497467,5696904.290406497,26,50,20.0,9411.412690719673,0.18477227131014434,ground_equivalent_excess_gamma_dose_rate,uSv/h,50.0,1.0,6360,0.0003263000107835978,True,,1,0.1,0.09000000000000001,False,,0.000538399996003136,
385,RADIATION,RADIATION,523360.920497467,5696924.290406497,27,49,28.284271247461902,9439.696961967134,0.17824019731098967,ground_equivalent_excess_gamma_dose_rate,uSv/h,50.0,1.0,6360,0.000535999977728352,True,,1,0.1,0.09000000000000001,False,,0.0008497000089846551,
386,RADIATION,RADIATION,523340.920497467,5696944.290406497,28,48,28.284271247461902,9467.981233214596,0.1702780960685944,ground_equivalent_excess_gamma_dose_rate,uSv/h,50.0,1.0,6360,0.0006840999994892627,True,,1,0.1,0.09000000000000001,False,,0.0009389000188093632,
387,RADIATION,RADIATION,523320.920497467,5696944.290406497,28,47,20.0,9487.981233214596,0.17767806925448792,ground_equivalent_excess_gamma_dose_rate,uSv/h,50.0,1.0,6360,0.0003865000035148114,True,,1,0.1,0.09000000000000001,False,,0.0010086999973282218,
388,RADIATION,RADIATION,523300.920497467,5696944.290406497,28,46,20.0,9507.981233214596,0.18465286294308586,ground_equivalent_excess_gamma_dose_rate,uSv/h,50.0,1.0,6360,0.0003434999962337315,True,,1,0.1,0.09000000000000001,False,,0.0005640999879688025,
389,RADIATION,RADIATION,523280.920497467,5696944.290406497,28,45,20.0,9527.981233214596,0.1910227732080122,ground_equivalent_excess_gamma_dose_rate,uSv/h,50.0,1.0,6360,0.0003397999971639365,True,,1,0.1,0.09000000000000001,False,,0.0005710000114049762,
390,RADIATION,RADIATION,523260.920497467,5696944.290406497,28,44,20.0,9547.981233214596,0.19660314685661345,ground_equivalent_excess_gamma_dose_rate,uSv/h,50.0,1.0,6360,0.0004202999989502132,True,,1,0.1,0.09000000000000001,False,,0.000530099991010502,
391,RADIATION,RADIATION,523260.920497467,5696964.290406497,29,44,20.0,9567.981233214596,0.17676223052608114,ground_equivalent_excess_gamma_dose_rate,uSv/h,50.0,1.0,6360,0.0003482000029180199,True,,1,0.1,0.09000000000000001,False,,0.0005913000204600394,
392,RADIATION,RADIATION,523240.920497467,5696984.290406497,30,43,28.284271247461902,9596.265504462057,0.1627695194711843,ground_equivalent_excess_gamma_dose_rate,uSv/h,50.0,1.0,6360,0.00041110001620836556,True,,1,0.1,0.09000000000000001,False,,0.0005429000011645257,
393,RADIATION,RADIATION,523260.920497467,5696984.290406497,30,44,20.0,9616.265504462057,0.15973813820417698,ground_equivalent_excess_gamma_dose_rate,uSv/h,50.0,1.0,6360,0.0003346000157762319,True,,1,0.1,0.09000000000000001,False,,0.0005491999909281731,
394,RADIATION,RADIATION,523280.920497467,5696984.290406497,30,45,20.0,9636.265504462057,0.15603459691930538,ground_equivalent_excess_gamma_dose_rate,uSv/h,50.0,1.0,6360,0.00039090000791475177,True,,1,0.1,0.09000000000000001,False,,0.0007012999849393964,
395,RADIATION,RADIATION,523300.920497467,5696984.290406497,30,46,20.0,9656.265504462057,0.15175832272441098,ground_equivalent_excess_gamma_dose_rate,uSv/h,50.0,1.0,6360,0.00033229999826289713,True,,1,0.1,0.09000000000000001,False,,0.0005541999998968095,
396,RADIATION,RADIATION,523320.920497467,5696984.290406497,30,47,20.0,9676.265504462057,0.1470152858114716,ground_equivalent_excess_gamma_dose_rate,uSv/h,50.0,1.0,6360,0.0003443000023253262,True,,1,0.1,0.09000000000000001,False,,0.0005281000048853457,
397,RADIATION,RADIATION,523340.920497467,5696984.290406497,30,48,20.0,9696.265504462057,0.14191234871721453,ground_equivalent_excess_gamma_dose_rate,uSv/h,50.0,1.0,6360,0.0004982999817002565,True,,1,0.1,0.09000000000000001,False,,0.0005197999998927116,
398,RADIATION,RADIATION,523360.920497467,5696964.290406497,29,49,28.284271247461902,9724.549775709518,0.14880368048494924,ground_equivalent_excess_gamma_dose_rate,uSv/h,50.0,1.0,6360,0.0009176000021398067,True,,1,0.1,0.09000000000000001,False,,0.0010233000211883336,
399,RADIATION,RADIATION,523380.920497467,5696944.290406497,28,50,28.284271247461902,9752.83404695698,0.15484850859351373,ground_equivalent_excess_gamma_dose_rate,uSv/h,50.0,1.0,6360,0.00033840001560747623,True,,1,0.1,0.09000000000000001,False,,0.0005791000148747116,
400,RADIATION,RADIATION,523400.920497467,5696944.290406497,28,51,20.0,9772.83404695698,0.14709096743034067,ground_equivalent_excess_gamma_dose_rate,uSv/h,50.0,1.0,6360,0.0003628999984357506,True,,1,0.1,0.09000000000000001,False,,0.0005357000045478344,
401,RADIATION,RADIATION,523420.920497467,5696944.290406497,28,52,20.0,9792.83404695698,0.13944855528561118,ground_equivalent_excess_gamma_dose_rate,uSv/h,50.0,1.0,6360,0.00033459998667240143,True,,1,0.1,0.09000000000000001,False,,0.0005393000028561801,
402,RADIATION,RADIATION,523420.920497467,5696964.290406497,29,52,20.0,9812.83404695698,0.12916505772923642,ground_equivalent_excess_gamma_dose_rate,uSv/h,50.0,1.0,6360,0.0003282999969087541,True,,1,0.1,0.09000000000000001,False,,0.0005429000011645257,
403,RADIATION,RADIATION,523400.920497467,5696984.290406497,30,51,28.284271247461902,9841.11831820444,0.12543319670451175,ground_equivalent_excess_gamma_dose_rate,uSv/h,50.0,1.0,6360,0.0003352999920025468,True,,1,0.1,0.09000000000000001,False,,0.0005187999922782183,
404,RADIATION,RADIATION,523380.920497467,5697004.290406496,31,50,28.284271246803357,9869.402589451243,0.12096710197343469,ground_equivalent_excess_gamma_dose_rate,uSv/h,50.0,1.0,6360,0.00047450000420212746,True,,1,0.1,0.09000000000000001,False,,0.0009306000138167292,
405,RADIATION,RADIATION,523360.920497467,5697024.290406496,32,49,28.284271247461902,9897.686860698705,0.11594136169686126,ground_equivalent_excess_gamma_dose_rate,uSv/h,50.0,1.0,6360,0.0004363000043667853,True,,1,0.1,0.09000000000000001,False,,0.0005293999856803566,
406,RADIATION,RADIATION,523340.920497467,5697024.290406496,32,48,20.0,9917.686860698705,0.1197825664422078,ground_equivalent_excess_gamma_dose_rate,uSv/h,50.0,1.0,6360,0.0004141000099480152,True,,1,0.1,0.09000000000000001,False,,0.0005376000190153718,
407,RADIATION,RADIATION,523320.920497467,5697024.290406496,32,47,20.0,9937.686860698705,0.12339781891370621,ground_equivalent_excess_gamma_dose_rate,uSv/h,50.0,1.0,6360,0.00036899998667649925,True,,1,0.1,0.09000000000000001,False,,0.0009205999958794564,
408,RADIATION,RADIATION,523300.920497467,5697024.290406496,32,46,20.0,9957.686860698705,0.12672212830010532,ground_equivalent_excess_gamma_dose_rate,uSv/h,50.0,1.0,6360,0.00036380000528879464,True,,1,0.1,0.09000000000000001,False,,0.0005433000042103231,
409,RADIATION,RADIATION,523280.920497467,5697024.290406496,32,45,20.0,9977.686860698705,0.1296900416065434,ground_equivalent_excess_gamma_dose_rate,uSv/h,50.0,1.0,6360,0.0003391999925952405,True,,1,0.1,0.09000000000000001,False,,0.0005394000036176294,
410,RADIATION,RADIATION,523260.920497467,5697024.290406496,32,44,20.0,9997.686860698705,0.1322383484156487,ground_equivalent_excess_gamma_dose_rate,uSv/h,50.0,1.0,6360,0.0006662000087089837,True,,1,0.1,0.09000000000000001,False,,0.0011758999899029732,
411,RADIATION,RADIATION,523240.920497467,5697024.290406496,32,43,20.0,10017.686860698705,0.13430906956808514,ground_equivalent_excess_gamma_dose_rate,uSv/h,50.0,1.0,6360,0.00058230001013726,True,,1,0.1,0.09000000000000001,False,,0.0010366000060457736,
412,RADIATION,RADIATION,523220.920497467,5697004.290406496,31,42,28.284271247461902,10045.971131946166,0.14938760851252436,ground_equivalent_excess_gamma_dose_rate,uSv/h,50.0,1.0,6360,0.00040329998591914773,True,,1,0.1,0.09000000000000001,False,,0.0010208000021521002,
413,RADIATION,RADIATION,523200.920497467,5697004.290406496,31,41,20.0,10065.971131946166,0.150570520105339,ground_equivalent_excess_gamma_dose_rate,uSv/h,50.0,1.0,6360,0.00036050000926479697,True,,1,0.1,0.09000000000000001,False,,0.0005607999919448048,
414,RADIATION,RADIATION,523180.920497467,5697004.290406496,31,40,20.0,10085.971131946166,0.15103876268396527,ground_equivalent_excess_gamma_dose_rate,uSv/h,50.0,1.0,6360,0.0003411000070627779,True,,1,0.1,0.09000000000000001,False,,0.0005555000097956508,
415,RADIATION,RADIATION,523160.920497467,5697004.290406496,31,39,20.0,10105.971131946166,0.1507789026038166,ground_equivalent_excess_gamma_dose_rate,uSv/h,50.0,1.0,6360,0.0008199999865610152,True,,1,0.1,0.09000000000000001,False,,0.0005616999987978488,
416,RADIATION,RADIATION,523140.920497467,5697004.290406496,31,38,20.0,10125.971131946166,0.14979841045426007,ground_equivalent_excess_gamma_dose_rate,uSv/h,50.0,1.0,6360,0.00038839998887851834,True,,1,0.1,0.09000000000000001,False,,0.0005911999905947596,
417,RADIATION,RADIATION,523120.920497467,5696984.290406497,30,37,28.284271246803357,10154.255403192969,0.1635023423626324,ground_equivalent_excess_gamma_dose_rate,uSv/h,50.0,1.0,6360,0.00034610001603141427,True,,1,0.1,0.09000000000000001,False,,0.0005711000121664256,
418,RADIATION,RADIATION,523100.920497467,5696964.290406497,29,36,28.284271247461902,10182.53967444043,0.1779168724234646,ground_equivalent_excess_gamma_dose_rate,uSv/h,50.0,1.0,6360,0.00037480000173673034,True,,1,0.1,0.09000000000000001,False,,0.0005346000252757221,
419,RADIATION,RADIATION,523080.920497467,5696944.290406497,28,35,28.284271247461902,10210.823945687891,0.19271222234742375,ground_equivalent_excess_gamma_dose_rate,uSv/h,50.0,1.0,6360,0.00035149999894201756,True,,1,0.1,0.09000000000000001,False,,0.0008639000006951392,
420,RADIATION,RADIATION,523060.920497467,5696924.290406497,27,34,28.284271247461902,10239.108216935352,0.20740147250596302,ground_equivalent_excess_gamma_dose_rate,uSv/h,50.0,1.0,6360,0.00033389998134225607,True,,1,0.1,0.09000000000000001,False,,0.0005644999910145998,
421,RADIATION,RADIATION,523080.920497467,5696904.290406497,26,35,28.284271247461902,10267.392488182813,0.24135774548714312,ground_equivalent_excess_gamma_dose_rate,uSv/h,50.0,1.0,6360,0.0005848000000696629,True,,1,0.1,0.09000000000000001,False,,0.0007704999879933894,
422,RADIATION,RADIATION,523060.920497467,5696884.290406497,25,34,28.284271247461902,10295.676759430275,0.2604363778164823,ground_equivalent_excess_gamma_dose_rate,uSv/h,50.0,1.0,6360,0.0005780999781563878,True,,1,0.1,0.09000000000000001,False,,0.0013565999979618937,
423,RADIATION,RADIATION,523040.920497467,5696864.290406497,24,33,28.284271247461902,10323.961030677736,0.27776300701741613,ground_equivalent_excess_gamma_dose_rate,uSv/h,50.0,1.0,6360,0.00038380001205950975,True,,1,0.1,0.09000000000000001,False,,0.0013180999958422035,
424,RADIATION,RADIATION,523020.920497467,5696844.290406497,23,32,28.284271247461902,10352.245301925197,0.2919986379178669,ground_equivalent_excess_gamma_dose_rate,uSv/h,50.0,1.0,6360,0.00039370000013150275,True,,1,0.1,0.09000000000000001,False,,0.0010085000249091536,
425,RADIATION,RADIATION,523000.920497467,5696824.290406497,22,31,28.284271247461902,10380.529573172658,0.3018270576509778,ground_equivalent_excess_gamma_dose_rate,uSv/h,50.0,1.0,6360,0.0003415999817661941,True,,1,0.1,0.09000000000000001,False,,0.0005523999861907214,
426,RADIATION,RADIATION,522980.9204974669,5696804.290406497,21,30,28.28427124750306,10408.813844420161,0.3062189095795435,ground_equivalent_excess_gamma_dose_rate,uSv/h,50.0,1.0,6360,0.0003375999804120511,True,,1,0.1,0.09000000000000001,False,,0.0005526999884750694,
427,RADIATION,RADIATION,522980.9204974669,5696784.290406497,20,30,20.0,10428.813844420161,0.33890159220731214,ground_equivalent_excess_gamma_dose_rate,uSv/h,50.0,1.0,6360,0.00036470001214183867,True,,1,0.1,0.09000000000000001,False,,0.0005283000064082444,
428,RADIATION,RADIATION,522980.9204974669,5696764.290406497,19,30,20.0,10448.813844420161,0.37484343549544913,ground_equivalent_excess_gamma_dose_rate,uSv/h,50.0,1.0,6360,0.000685199978761375,True,,1,0.1,0.09000000000000001,False,,0.0005440000095404685,
429,RADIATION,RADIATION,522960.9204974669,5696744.290406497,18,29,28.284271247461902,10477.098115667623,0.36386625443593873,ground_equivalent_excess_gamma_dose_rate,uSv/h,50.0,1.0,6360,0.00047900000936351717,True,,1,0.1,0.09000000000000001,False,,0.0005596999835688621,
430,RADIATION,RADIATION,522940.9204974669,5696764.290406497,19,28,28.284271247461902,10505.382386915084,0.2973887670109867,ground_equivalent_excess_gamma_dose_rate,uSv/h,50.0,1.0,6360,0.0003874999820254743,True,,1,0.1,0.09000000000000001,False,,0.0005358000053092837,
431,RADIATION,RADIATION,522920.9204974669,5696784.290406497,20,27,28.284271247461902,10533.666658162545,0.24746711047005615,ground_equivalent_excess_gamma_dose_rate,uSv/h,50.0,1.0,6360,0.0009584999934304506,True,,1,0.1,0.09000000000000001,False,,0.0009151999838650227,
432,RADIATION,RADIATION,522940.9204974669,5696804.290406497,21,28,28.284271247461902,10561.950929410006,0.2524959885637008,ground_equivalent_excess_gamma_dose_rate,uSv/h,50.0,1.0,6360,0.0007013000140432268,True,,1,0.1,0.09000000000000001,False,,0.0011350999993737787,
433,RADIATION,RADIATION,522940.9204974669,5696824.290406497,22,28,20.0,10581.950929410006,0.23215928212139852,ground_equivalent_excess_gamma_dose_rate,uSv/h,50.0,1.0,6360,0.0005869999877177179,True,,1,0.1,0.09000000000000001,False,,0.0011035000206902623,
434,RADIATION,RADIATION,522960.9204974669,5696844.290406497,23,29,28.284271247461902,10610.235200657467,0.2313259001475642,ground_equivalent_excess_gamma_dose_rate,uSv/h,50.0,1.0,6360,0.0005870999884791672,True,,1,0.1,0.09000000000000001,False,,0.0010483000078238547,
435,RADIATION,RADIATION,522980.9204974669,5696864.290406497,24,30,28.284271247461902,10638.519471904929,0.22714762035593244,ground_equivalent_excess_gamma_dose_rate,uSv/h,50.0,1.0,6360,0.0005896999791730195,True,,1,0.1,0.09000000000000001,False,,0.0011574999953154474,
436,RADIATION,RADIATION,522960.9204974669,5696884.290406497,25,29,28.284271247461902,10666.80374315239,0.1931709195143692,ground_equivalent_excess_gamma_dose_rate,uSv/h,50.0,1.0,6360,0.00059120001969859,True,,1,0.1,0.09000000000000001,False,,0.0011086000013165176,
437,RADIATION,RADIATION,522940.9204974669,5696884.290406497,25,28,20.0,10686.80374315239,0.18049976888723773,ground_equivalent_excess_gamma_dose_rate,uSv/h,50.0,1.0,6360,0.000587200018344447,True,,1,0.1,0.09000000000000001,False,,0.0010794999834615737,
438,RADIATION,RADIATION,522920.9204974669,5696864.290406497,24,27,28.284271247461902,10715.088014399851,0.1820613042127599,ground_equivalent_excess_gamma_dose_rate,uSv/h,50.0,1.0,6360,0.0006208000122569501,True,,1,0.1,0.09000000000000001,False,,0.0010004000214394182,
439,RADIATION,RADIATION,522900.9204974669,5696864.290406497,24,26,20.0,10735.088014399851,0.16891703505160888,ground_equivalent_excess_gamma_dose_rate,uSv/h,50.0,1.0,6360,0.0005989000201225281,True,,1,0.1,0.09000000000000001,False,,0.0011024000123143196,
440,RADIATION,RADIATION,522920.9204974669,5696884.290406497,25,27,28.284271247461902,10763.372285647312,0.16847542008130895,ground_equivalent_excess_gamma_dose_rate,uSv/h,50.0,1.0,6360,0.0005783000087831169,True,,1,0.1,0.09000000000000001,False,,0.00106229999801144,
441,RADIATION,RADIATION,522940.9204974669,5696904.290406497,26,28,28.284271247461902,10791.656556894774,0.1662482231151296,ground_equivalent_excess_gamma_dose_rate,uSv/h,50.0,1.0,6360,0.0006041000015102327,True,,1,0.1,0.09000000000000001,False,,0.0011078999959863722,
442,RADIATION,RADIATION,522960.9204974669,5696924.290406497,27,29,28.284271247461902,10819.940828142235,0.16237404325416688,ground_equivalent_excess_gamma_dose_rate,uSv/h,50.0,1.0,6360,0.0006733000045642257,True,,1,0.1,0.09000000000000001,False,,0.0010834000131580979,
443,RADIATION,RADIATION,522980.9204974669,5696924.290406497,27,30,20.0,10839.940828142235,0.17160873632031343,ground_equivalent_excess_gamma_dose_rate,uSv/h,50.0,1.0,6360,0.0005911999905947596,True,,1,0.1,0.09000000000000001,False,,0.0010762999881990254,
444,RADIATION,RADIATION,523000.920497467,5696904.290406497,26,31,28.28427124750306,10868.225099389738,0.19916867318931736,ground_equivalent_excess_gamma_dose_rate,uSv/h,50.0,1.0,6360,0.0009107000078074634,True,,1,0.1,0.09000000000000001,False,,0.0010780000011436641,
445,RADIATION,RADIATION,523020.920497467,5696904.290406497,26,32,20.0,10888.225099389738,0.21037310818589378,ground_equivalent_excess_gamma_dose_rate,uSv/h,50.0,1.0,6360,0.0006438999844249338,True,,1,0.1,0.09000000000000001,False,,0.001114599988795817,
446,RADIATION,RADIATION,523040.920497467,5696924.290406497,27,33,28.284271247461902,10916.509370637199,0.19900587831323208,ground_equivalent_excess_gamma_dose_rate,uSv/h,50.0,1.0,6360,0.0005902000120840967,True,,1,0.1,0.09000000000000001,False,,0.0010671000054571778,
447,RADIATION,RADIATION,523020.920497467,5696944.290406497,28,32,28.284271247461902,10944.79364188466,0.17243411553886134,ground_equivalent_excess_gamma_dose_rate,uSv/h,50.0,1.0,6360,0.0005893000052310526,True,,1,0.1,0.09000000000000001,False,,0.0010859999747481197,
448,RADIATION,RADIATION,523040.920497467,5696964.290406497,29,33,28.284271247461902,10973.077913132121,0.1630035858650079,ground_equivalent_excess_gamma_dose_rate,uSv/h,50.0,1.0,6360,0.0005852000031154603,True,,1,0.1,0.09000000000000001,False,,0.001076799992006272,
449,RADIATION,RADIATION,523060.920497467,5696984.290406497,30,34,28.284271247461902,11001.362184379583,0.15303735627045728,ground_equivalent_excess_gamma_dose_rate,uSv/h,50.0,1.0,6360,0.0005910999898333102,True,,1,0.1,0.09000000000000001,False,,0.001082699978724122,
450,RADIATION,RADIATION,523080.920497467,5697004.290406496,31,35,28.284271246803357,11029.646455626385,0.1429006209035733,ground_equivalent_excess_gamma_dose_rate,uSv/h,50.0,1.0,6360,0.0006424000021070242,True,,1,0.1,0.09000000000000001,False,,0.001065999997081235,
451,RADIATION,RADIATION,523100.920497467,5697024.290406496,32,36,28.284271247461902,11057.930726873847,0.13288351106189844,ground_equivalent_excess_gamma_dose_rate,uSv/h,50.0,1.0,6360,0.0006452999950852245,True,,1,0.1,0.09000000000000001,False,,0.0010211000044364482,
452,RADIATION,RADIATION,523120.920497467,5697044.290406496,33,37,28.284271247461902,11086.214998121308,0.12319965140090622,ground_equivalent_excess_gamma_dose_rate,uSv/h,50.0,1.0,6360,0.0008086999878287315,True,,1,0.1,0.09000000000000001,False,,0.0010132000024896115,
453,RADIATION,RADIATION,523140.920497467,5697044.290406496,33,38,20.0,11106.214998121308,0.12435497959539055,ground_equivalent_excess_gamma_dose_rate,uSv/h,50.0,1.0,6360,0.0006380999984685332,True,,1,0.1,0.09000000000000001,False,,0.0010436000011395663,
454,RADIATION,RADIATION,523160.920497467,5697044.290406496,33,39,20.0,11126.214998121308,0.1250299325692789,ground_equivalent_excess_gamma_dose_rate,uSv/h,50.0,1.0,6360,0.0006358000100590289,True,,1,0.1,0.09000000000000001,False,,0.001058299996657297,
455,RADIATION,RADIATION,523180.920497467,5697044.290406496,33,40,20.0,11146.214998121308,0.125208564298938,ground_equivalent_excess_gamma_dose_rate,uSv/h,50.0,1.0,6360,0.0006195000023581088,True,,1,0.1,0.09000000000000001,False,,0.0010380999883636832,
456,RADIATION,RADIATION,523200.920497467,5697044.290406496,33,41,20.0,11166.214998121308,0.12488661131814055,ground_equivalent_excess_gamma_dose_rate,uSv/h,50.0,1.0,6360,0.0006440000142902136,True,,1,0.1,0.09000000000000001,False,,0.001037900015944615,
457,RADIATION,RADIATION,523220.920497467,5697044.290406496,33,42,20.0,11186.214998121308,0.12407174468759824,ground_equivalent_excess_gamma_dose_rate,uSv/h,50.0,1.0,6360,0.0006151999987196177,True,,1,0.1,0.09000000000000001,False,,0.0010698999976739287,
458,RADIATION,RADIATION,523240.920497467,5697064.290406496,34,43,28.284271247461902,11214.49926936877,0.11267134966495623,ground_equivalent_excess_gamma_dose_rate,uSv/h,50.0,1.0,6360,0.000805000017862767,True,,1,0.1,0.09000000000000001,False,,0.0010238999966531992,
459,RADIATION,RADIATION,523260.920497467,5697064.290406496,34,44,20.0,11234.49926936877,0.11121045807448715,ground_equivalent_excess_gamma_dose_rate,uSv/h,50.0,1.0,6360,0.0006228999991435558,True,,1,0.1,0.09000000000000001,False,,0.001045000011799857,
460,RADIATION,RADIATION,523280.920497467,5697064.290406496,34,45,20.0,11254.49926936877,0.10940261388950911,ground_equivalent_excess_gamma_dose_rate,uSv/h,50.0,1.0,6360,0.0006553999846801162,True,,1,0.1,0.09000000000000001,False,,0.0010170000023208559,
461,RADIATION,RADIATION,523300.920497467,5697064.290406496,34,46,20.0,11274.49926936877,0.10728302883962815,ground_equivalent_excess_gamma_dose_rate,uSv/h,50.0,1.0,6360,0.0006760999967809767,True,,1,0.1,0.09000000000000001,False,,0.0010272000217810273,
462,RADIATION,RADIATION,523320.920497467,5697064.290406496,34,47,20.0,11294.49926936877,0.10489076124452867,ground_equivalent_excess_gamma_dose_rate,uSv/h,50.0,1.0,6360,0.0006395000091288239,True,,1,0.1,0.09000000000000001,False,,0.00101779997930862,
463,RADIATION,RADIATION,523340.920497467,5697064.290406496,34,48,20.0,11314.49926936877,0.1022670826114716,ground_equivalent_excess_gamma_dose_rate,uSv/h,50.0,1.0,6360,0.0006109000241849571,True,,1,0.1,0.09000000000000001,False,,0.0010420000180602074,
464,RADIATION,RADIATION,523360.920497467,5697064.290406496,34,49,20.0,11334.49926936877,0.09945393019352211,ground_equivalent_excess_gamma_dose_rate,uSv/h,50.0,1.0,6360,0.0006521999894175678,True,,1,0.1,0.09000000000000001,False,,0.0011598000128287822,
465,RADIATION,RADIATION,523380.920497467,5697044.290406496,33,50,28.284271247461902,11362.78354061623,0.10381448068731453,ground_equivalent_excess_gamma_dose_rate,uSv/h,50.0,1.0,6360,0.0006491000240202993,True,,1,0.1,0.09000000000000001,False,,0.0010173000046052039,
466,RADIATION,RADIATION,523400.920497467,5697024.290406496,32,51,28.284271247461902,11391.067811863692,0.1078256825648542,ground_equivalent_excess_gamma_dose_rate,uSv/h,50.0,1.0,6360,0.0006683999963570386,True,,1,0.1,0.09000000000000001,False,,0.0010362000029999763,
467,RADIATION,RADIATION,523420.920497467,5697004.290406496,31,52,28.284271247461902,11419.352083111153,0.11135994998385967,ground_equivalent_excess_gamma_dose_rate,uSv/h,50.0,1.0,6360,0.00038059998769313097,True,,1,0.1,0.09000000000000001,False,,0.0006100000173319131,
468,RADIATION,RADIATION,523440.920497467,5696984.290406497,30,53,28.284271246803357,11447.636354357955,0.11429159408668693,ground_equivalent_excess_gamma_dose_rate,uSv/h,50.0,1.0,6360,0.0004912999866064638,True,,1,0.1,0.09000000000000001,False,,0.0007312999805435538,
469,RADIATION,RADIATION,523440.920497467,5696964.290406497,29,53,20.0,11467.636354357955,0.12275027491180462,ground_equivalent_excess_gamma_dose_rate,uSv/h,50.0,1.0,6360,0.0004188999882899225,True,,1,0.1,0.09000000000000001,False,,0.0006949999951757491,
470,RADIATION,RADIATION,523460.920497467,5696964.290406497,29,54,20.0,11487.636354357955,0.11650652014875507,ground_equivalent_excess_gamma_dose_rate,uSv/h,50.0,1.0,6360,0.0006200000061653554,True,,1,0.1,0.09000000000000001,False,,0.0005654999986290932,
471,RADIATION,RADIATION,523480.920497467,5696944.290406497,28,55,28.284271247461902,11515.920625605417,0.11791241208894143,ground_equivalent_excess_gamma_dose_rate,uSv/h,50.0,1.0,6360,0.0005616999987978488,True,,1,0.1,0.09000000000000001,False,,0.0008857000211719424,
472,RADIATION,RADIATION,523500.920497467,5696924.290406497,27,56,28.284271247461902,11544.204896852878,0.11844787611501378,ground_equivalent_excess_gamma_dose_rate,uSv/h,50.0,1.0,6360,0.00041450001299381256,True,,1,0.1,0.09000000000000001,False,,0.0006453999958466738,
473,RADIATION,RADIATION,523520.920497467,5696904.290406497,26,57,28.284271247461902,11572.48916810034,0.11808894917732848,ground_equivalent_excess_gamma_dose_rate,uSv/h,50.0,1.0,6360,0.0003521000035107136,True,,1,0.1,0.09000000000000001,False,,0.000596800004132092,
474,RADIATION,RADIATION,523540.920497467,5696904.290406497,26,58,20.0,11592.48916810034,0.1107078609663022,ground_equivalent_excess_gamma_dose_rate,uSv/h,50.0,1.0,5668,0.00041610002517700195,True,,1,0.1,0.09000000000000001,False,,0.000666000007186085,
475,RADIATION,RADIATION,523540.920497467,5696924.290406497,27,58,20.0,11612.48916810034,0.10482498041054417,ground_equivalent_excess_gamma_dose_rate,uSv/h,50.0,1.0,5668,0.0004081999941263348,True,,1,0.1,0.09000000000000001,False,,0.0005376000190153718,
476,RADIATION,RADIATION,523520.920497467,5696944.290406497,28,57,28.284271247461902,11640.7734393478,0.10510770844596157,ground_equivalent_excess_gamma_dose_rate,uSv/h,50.0,1.0,6360,0.00036410000757314265,True,,1,0.1,0.09000000000000001,False,,0.0007174999918788671,
477,RADIATION,RADIATION,523500.920497467,5696944.290406497,28,56,20.0,11660.7734393478,0.11134046360401129,ground_equivalent_excess_gamma_dose_rate,uSv/h,50.0,1.0,6360,0.0003249000001233071,True,,1,0.1,0.09000000000000001,False,,0.0005545000021811575,
478,RADIATION,RADIATION,523500.920497467,5696964.290406497,29,56,20.0,11680.7734393478,0.10468585067672787,ground_equivalent_excess_gamma_dose_rate,uSv/h,50.0,1.0,6360,0.00036819998058490455,True,,1,0.1,0.09000000000000001,False,,0.0005602000164799392,
479,RADIATION,RADIATION,523480.920497467,5696984.290406497,30,55,28.284271247461902,11709.057710595262,0.10357619023076087,ground_equivalent_excess_gamma_dose_rate,uSv/h,50.0,1.0,6360,0.00036899998667649925,True,,1,0.1,0.09000000000000001,False,,0.000738600007025525,
480,RADIATION,RADIATION,523460.920497467,5697004.290406496,31,54,28.284271246803357,11737.341981842064,0.10182192225011966,ground_equivalent_excess_gamma_dose_rate,uSv/h,50.0,1.0,6360,0.0003598000039346516,True,,1,0.1,0.09000000000000001,False,,0.0005664999771397561,
481,RADIATION,RADIATION,523440.920497467,5697024.290406496,32,53,28.284271247461902,11765.626253089526,0.09948855895878805,ground_equivalent_excess_gamma_dose_rate,uSv/h,50.0,1.0,6360,0.00036050000926479697,True,,1,0.1,0.09000000000000001,False,,0.0007687000033911318,
482,RADIATION,RADIATION,523420.920497467,5697044.290406496,33,52,28.284271247461902,11793.910524336987,0.09665808292762262,ground_equivalent_excess_gamma_dose_rate,uSv/h,50.0,1.0,6360,0.0008437999931629747,True,,1,0.1,0.09000000000000001,False,,0.0005595999828074127,
483,RADIATION,RADIATION,523400.920497467,5697064.290406496,34,51,28.284271247461902,11822.194795584448,0.09342227320265178,ground_equivalent_excess_gamma_dose_rate,uSv/h,50.0,1.0,6360,0.00052299999515526,True,,1,0.1,0.09000000000000001,False,,0.000738000002456829,
484,RADIATION,NORMAL,523380.920497467,5697084.290406496,35,50,28.284271247461902,11850.47906683191,0.08987613032493119,ground_equivalent_excess_gamma_dose_rate,uSv/h,50.0,1.0,6360,0.0008246000215876848,False,exit,1,0.1,0.09000000000000001,False,hazard_exit_threshold,0.0005643999902531505,0.9009374000015669
485,NORMAL,NORMAL,523360.920497467,5697104.290406496,36,49,28.284271247461902,11878.76333807937,0.08611214364823067,ground_equivalent_excess_gamma_dose_rate,uSv/h,50.0,1.0,6360,0.0005466000002343208,False,,2,0.2,0.18000000000000002,False,,,
486,NORMAL,NORMAL,523340.920497467,5697124.290406496,37,48,28.284271247461902,11907.047609326832,0.08221586069984732,ground_equivalent_excess_gamma_dose_rate,uSv/h,50.0,1.0,6360,0.00044520001392811537,False,,2,0.2,0.18000000000000002,False,,,
487,NORMAL,NORMAL,523320.920497467,5697144.290406496,38,47,28.284271247461902,11935.331880574293,0.07826292336335122,ground_equivalent_excess_gamma_dose_rate,uSv/h,50.0,1.0,6360,0.0004335000121500343,False,,2,0.2,0.18000000000000002,False,,,
488,NORMAL,NORMAL,523300.920497467,5697144.290406496,38,46,20.0,11955.331880574293,0.07958708238630918,ground_equivalent_excess_gamma_dose_rate,uSv/h,50.0,1.0,6360,0.0003453000099398196,False,,2,0.2,0.18000000000000002,False,,,
489,NORMAL,NORMAL,523280.920497467,5697144.290406496,38,45,20.0,11975.331880574293,0.08074763414412767,ground_equivalent_excess_gamma_dose_rate,uSv/h,50.0,1.0,6360,0.0003524000057950616,False,,2,0.2,0.18000000000000002,False,,,
490,NORMAL,NORMAL,523260.920497467,5697144.290406496,38,44,20.0,11995.331880574293,0.08172822889192038,ground_equivalent_excess_gamma_dose_rate,uSv/h,50.0,1.0,6360,0.0005885999999009073,False,,2,0.2,0.18000000000000002,False,,,
491,NORMAL,NORMAL,523240.920497467,5697124.290406496,37,43,28.284271247461902,12023.616151821754,0.0888087124281901,ground_equivalent_excess_gamma_dose_rate,uSv/h,50.0,1.0,6360,0.0005697000015061349,False,,2,0.2,0.18000000000000002,False,,,
492,NORMAL,NORMAL,523220.920497467,5697124.290406496,37,42,20.0,12043.616151821754,0.08948091731261137,ground_equivalent_excess_gamma_dose_rate,uSv/h,50.0,1.0,6360,0.0004715000104624778,False,,2,0.2,0.18000000000000002,False,,,
493,NORMAL,NORMAL,523200.920497467,5697144.290406496,38,41,28.284271247461902,12071.900423069215,0.08345917315088608,ground_equivalent_excess_gamma_dose_rate,uSv/h,50.0,1.0,6360,0.0003699999942909926,False,,2,0.2,0.18000000000000002,False,,,
494,NORMAL,NORMAL,523200.920497467,5697164.290406496,39,41,20.0,12091.900423069215,0.07768296587525997,ground_equivalent_excess_gamma_dose_rate,uSv/h,50.0,1.0,6360,0.0004268999909982085,False,,2,0.2,0.18000000000000002,False,,,
495,NORMAL,NORMAL,523180.920497467,5697184.290406496,40,40,28.284271247461902,12120.184694316677,0.07259436319864726,ground_equivalent_excess_gamma_dose_rate,uSv/h,50.0,1.0,6360,0.00043489999370649457,False,,2,0.2,0.18000000000000002,False,,,
496,NORMAL,NORMAL,523200.920497467,5697204.290406496,41,41,28.284271247461902,12148.468965564138,0.06779342896253965,ground_equivalent_excess_gamma_dose_rate,uSv/h,50.0,1.0,6360,0.0005692999984603375,False,,2,0.2,0.18000000000000002,False,,,
497,NORMAL,NORMAL,523220.920497467,5697204.290406496,41,42,20.0,12168.468965564138,0.06755258965713301,ground_equivalent_excess_gamma_dose_rate,uSv/h,50.0,1.0,6360,0.000544299982720986,False,,2,0.2,0.18000000000000002,False,,,
498,NORMAL,NORMAL,523240.920497467,5697204.290406496,41,43,20.0,12188.468965564138,0.06716877189145537,ground_equivalent_excess_gamma_dose_rate,uSv/h,50.0,1.0,6360,0.0005978000117465854,False,,2,0.2,0.18000000000000002,False,,,
499,NORMAL,NORMAL,523260.920497467,5697224.290406496,42,44,28.284271247461902,12216.753236811599,0.06253365575400982,ground_equivalent_excess_gamma_dose_rate,uSv/h,50.0,1.0,6360,0.0005525999877136201,False,,2,0.2,0.18000000000000002,False,,,
500,NORMAL,NORMAL,523280.920497467,5697204.290406496,41,45,28.284271247461902,12245.03750805906,0.06599331694922467,ground_equivalent_excess_gamma_dose_rate,uSv/h,50.0,1.0,6360,0.0005708999815396965,False,,2,0.2,0.18000000000000002,False,,,
501,NORMAL,NORMAL,523300.920497467,5697224.290406496,42,46,28.284271247461902,12273.321779306521,0.06127237933376445,ground_equivalent_excess_gamma_dose_rate,uSv/h,50.0,1.0,6360,0.0006278000073507428,False,,2,0.2,0.18000000000000002,False,,,
502,NORMAL,NORMAL,523320.920497467,5697224.290406496,42,47,20.0,12293.321779306521,0.06048451678859956,ground_equivalent_excess_gamma_dose_rate,uSv/h,50.0,1.0,6360,0.00044059997890144587,False,,2,0.2,0.18000000000000002,False,,,
503,NORMAL,NORMAL,523340.920497467,5697224.290406496,42,48,20.0,12313.321779306521,0.05960276138338022,ground_equivalent_excess_gamma_dose_rate,uSv/h,50.0,1.0,6360,0.00034580001374706626,False,,2,0.2,0.18000000000000002,False,,,
504,NORMAL,NORMAL,523360.920497467,5697224.290406496,42,49,20.0,12333.321779306521,0.058636116347722034,ground_equivalent_excess_gamma_dose_rate,uSv/h,50.0,1.0,6360,0.00036180001916363835,False,,2,0.2,0.18000000000000002,False,,,
505,NORMAL,NORMAL,523380.920497467,5697244.290406496,43,50,28.284271247461902,12361.606050553983,0.0544014783043138,ground_equivalent_excess_gamma_dose_rate,uSv/h,50.0,1.0,6360,0.0004120000230614096,False,,2,0.2,0.18000000000000002,False,,,
506,NORMAL,NORMAL,523400.920497467,5697244.290406496,43,51,20.0,12381.606050553983,0.05341183373168873,ground_equivalent_excess_gamma_dose_rate,uSv/h,50.0,1.0,6360,0.00034840000444091856,False,,2,0.2,0.18000000000000002,False,,,
507,NORMAL,NORMAL,523420.920497467,5697244.290406496,43,52,20.0,12401.606050553983,0.05236964223201124,ground_equivalent_excess_gamma_dose_rate,uSv/h,50.0,1.0,6360,0.00034649998997338116,False,,2,0.2,0.18000000000000002,False,,,
508,NORMAL,NORMAL,523440.920497467,5697244.290406496,43,53,20.0,12421.606050553983,0.05128304681768553,ground_equivalent_excess_gamma_dose_rate,uSv/h,50.0,1.0,6360,0.0004512000014074147,False,,2,0.2,0.18000000000000002,False,,,
509,NORMAL,NORMAL,523460.920497467,5697264.290406496,44,54,28.284271247461902,12449.890321801444,0.04764822788173023,ground_equivalent_excess_gamma_dose_rate,uSv/h,50.0,1.0,6360,0.0004752000095322728,False,,2,0.2,0.18000000000000002,False,,,
510,NORMAL,NORMAL,523480.920497467,5697264.290406496,44,55,20.0,12469.890321801444,0.04660759895789368,ground_equivalent_excess_gamma_dose_rate,uSv/h,50.0,1.0,6360,0.0003452999808359891,False,,2,0.2,0.18000000000000002,False,,,
511,NORMAL,NORMAL,523480.920497467,5697244.290406496,43,55,20.0,12489.890321801444,0.04900807618243355,ground_equivalent_excess_gamma_dose_rate,uSv/h,50.0,1.0,6360,0.00033660000190138817,False,,2,0.2,0.18000000000000002,False,,,
512,NORMAL,NORMAL,523480.920497467,5697224.290406496,42,55,20.0,12509.890321801444,0.05158395880702926,ground_equivalent_excess_gamma_dose_rate,uSv/h,50.0,1.0,6360,0.0003392999933566898,False,,2,0.2,0.18000000000000002,False,,,
513,NORMAL,NORMAL,523460.920497467,5697204.290406496,41,54,28.284271247461902,12538.174593048905,0.0557713484421844,ground_equivalent_excess_gamma_dose_rate,uSv/h,50.0,1.0,6360,0.00033549999352544546,False,,2,0.2,0.18000000000000002,False,,,
514,NORMAL,NORMAL,523440.920497467,5697184.290406496,40,53,28.284271247461902,12566.458864296366,0.06046374836358198,ground_equivalent_excess_gamma_dose_rate,uSv/h,50.0,1.0,6360,0.0003267000138293952,False,,2,0.2,0.18000000000000002,False,,,
515,NORMAL,NORMAL,523420.920497467,5697164.290406496,39,52,28.284271247461902,12594.743135543828,0.06574052393836566,ground_equivalent_excess_gamma_dose_rate,uSv/h,50.0,1.0,6360,0.00033829998574219644,False,,2,0.2,0.18000000000000002,False,,,
516,NORMAL,NORMAL,523400.920497467,5697144.290406496,38,51,28.284271247461902,12623.027406791289,0.07169589551511663,ground_equivalent_excess_gamma_dose_rate,uSv/h,50.0,1.0,6360,0.0004302999877836555,False,,2,0.2,0.18000000000000002,False,,,
517,NORMAL,NORMAL,523380.920497467,5697144.290406496,38,50,20.0,12643.027406791289,0.07349044834497076,ground_equivalent_excess_gamma_dose_rate,uSv/h,50.0,1.0,6360,0.00047629998880438507,False,,2,0.2,0.18000000000000002,False,,,
518,NORMAL,NORMAL,523360.920497467,5697164.290406496,39,49,28.284271247461902,12671.31167803875,0.07047439973008773,ground_equivalent_excess_gamma_dose_rate,uSv/h,50.0,1.0,6360,0.0003617999900598079,False,,2,0.2,0.18000000000000002,False,,,
519,NORMAL,NORMAL,523380.920497467,5697184.290406496,40,50,28.284271247461902,12699.595949286211,0.06484635316663329,ground_equivalent_excess_gamma_dose_rate,uSv/h,50.0,1.0,6360,0.0003147000097669661,False,,2,0.2,0.18000000000000002,False,,,
520,NORMAL,NORMAL,523400.920497467,5697204.290406496,41,51,28.284271247461902,12727.880220533672,0.05982082850145398,ground_equivalent_excess_gamma_dose_rate,uSv/h,50.0,1.0,6360,0.00029850000282749534,False,,2,0.2,0.18000000000000002,False,,,
521,NORMAL,NORMAL,523420.920497467,5697204.290406496,41,52,20.0,12747.880220533672,0.05851657575705477,ground_equivalent_excess_gamma_dose_rate,uSv/h,50.0,1.0,6360,0.0002998999843839556,False,,2,0.2,0.18000000000000002,False,,,
522,NORMAL,NORMAL,523400.920497467,5697184.290406496,40,51,28.284271247461902,12776.164491781134,0.06344510601707776,ground_equivalent_excess_gamma_dose_rate,uSv/h,50.0,1.0,6360,0.0002919999824371189,False,,2,0.2,0.18000000000000002,False,,,
523,NORMAL,NORMAL,523380.920497467,5697164.290406496,39,50,28.284271247461902,12804.448763028595,0.06897436936484647,ground_equivalent_excess_gamma_dose_rate,uSv/h,50.0,1.0,6360,0.00029659998835995793,False,,2,0.2,0.18000000000000002,False,,,
524,NORMAL,NORMAL,523360.920497467,5697184.290406496,40,49,28.284271247461902,12832.733034276056,0.06617048367870104,ground_equivalent_excess_gamma_dose_rate,uSv/h,50.0,1.0,6360,0.00029990001348778605,False,,2,0.2,0.18000000000000002,False,,,
525,NORMAL,NORMAL,523340.920497467,5697184.290406496,40,48,20.0,12852.733034276056,0.0674041172531537,ground_equivalent_excess_gamma_dose_rate,uSv/h,50.0,1.0,6360,0.0008753000001888722,False,,2,0.2,0.18000000000000002,False,,,
526,NORMAL,NORMAL,523320.920497467,5697184.290406496,40,47,20.0,12872.733034276056,0.06853399117219444,ground_equivalent_excess_gamma_dose_rate,uSv/h,50.0,1.0,6360,0.0004803999909199774,False,,2,0.2,0.18000000000000002,False,,,
527,NORMAL,NORMAL,523340.920497467,5697164.290406496,39,48,28.284271247461902,12901.017305523517,0.07187542923940926,ground_equivalent_excess_gamma_dose_rate,uSv/h,50.0,1.0,6360,0.0003316999936942011,False,,2,0.2,0.18000000000000002,False,,,
528,NORMAL,NORMAL,523320.920497467,5697184.290406496,40,47,28.284271247461902,12929.301576770978,0.06853399117219444,ground_equivalent_excess_gamma_dose_rate,uSv/h,50.0,1.0,6360,0.00031350000062957406,False,,2,0.2,0.18000000000000002,False,,,
529,NORMAL,NORMAL,523320.920497467,5697164.290406496,39,47,20.0,12949.301576770978,0.07316160768082164,ground_equivalent_excess_gamma_dose_rate,uSv/h,50.0,1.0,6360,0.00029490000451914966,False,,2,0.2,0.18000000000000002,False,,,
530,NORMAL,NORMAL,523320.920497467,5697184.290406496,40,47,20.0,12969.301576770978,0.06853399117219444,ground_equivalent_excess_gamma_dose_rate,uSv/h,50.0,1.0,6360,0.00030280000646598637,False,,2,0.2,0.18000000000000002,False,,,
531,NORMAL,NORMAL,523320.920497467,5697164.290406496,39,47,20.0,12989.301576770978,0.07316160768082164,ground_equivalent_excess_gamma_dose_rate,uSv/h,50.0,1.0,6360,0.00034600001526996493,False,,2,0.2,0.18000000000000002,False,,,
532,NORMAL,NORMAL,523300.920497467,5697164.290406496,39,46,20.0,13009.301576770978,0.07431749580467983,ground_equivalent_excess_gamma_dose_rate,uSv/h,50.0,1.0,6360,0.00034810000215657055,False,,2,0.2,0.18000000000000002,False,,,
533,NORMAL,NORMAL,523280.920497467,5697184.290406496,40,45,28.284271247461902,13037.58584801844,0.07043185533316837,ground_equivalent_excess_gamma_dose_rate,uSv/h,50.0,1.0,6360,0.0004107999848201871,False,,2,0.2,0.18000000000000002,False,,,
534,NORMAL,NORMAL,523260.920497467,5697164.290406496,39,44,28.284271247461902,13065.870119265901,0.07618117187619033,ground_equivalent_excess_gamma_dose_rate,uSv/h,50.0,1.0,6360,0.00031850000959821045,False,,2,0.2,0.18000000000000002,False,,,
535,NORMAL,NORMAL,523260.920497467,5697144.290406496,38,44,20.0,13085.870119265901,0.08172822889192038,ground_equivalent_excess_gamma_dose_rate,uSv/h,50.0,1.0,6360,0.00030750001315027475,False,,2,0.2,0.18000000000000002,False,,,
536,NORMAL,NORMAL,523280.920497467,5697124.290406496,37,45,28.284271247461902,13114.154390513362,0.08676537245899918,ground_equivalent_excess_gamma_dose_rate,uSv/h,50.0,1.0,6360,0.0002948000037577003,False,,2,0.2,0.18000000000000002,False,,,
537,NORMAL,NORMAL,523300.920497467,5697104.290406496,36,46,28.284271247461902,13142.438661760823,0.09192024751945066,ground_equivalent_excess_gamma_dose_rate,uSv/h,50.0,1.0,6360,0.0003186000103596598,False,,2,0.2,0.18000000000000002,False,,,
538,NORMAL,NORMAL,523280.920497467,5697104.290406496,36,45,20.0,13162.438661760823,0.09347186337428365,ground_equivalent_excess_gamma_dose_rate,uSv/h,50.0,1.0,6360,0.0003535999858286232,False,,2,0.2,0.18000000000000002,False,,,
539,NORMAL,NORMAL,523260.920497467,5697104.290406496,36,44,20.0,13182.438661760823,0.09478837176769406,ground_equivalent_excess_gamma_dose_rate,uSv/h,50.0,1.0,6360,0.0003147000097669661,False,,2,0.2,0.18000000000000002,False,,,
540,NORMAL,NORMAL,523240.920497467,5697084.290406496,35,43,28.284271247461902,13210.722933008285,0.10375274375036425,ground_equivalent_excess_gamma_dose_rate,uSv/h,50.0,1.0,6360,0.0003524000057950616,False,,2,0.2,0.18000000000000002,False,,,
541,NORMAL,NORMAL,523220.920497467,5697104.290406496,36,42,28.284271247461902,13239.007204255746,0.09663106830799933,ground_equivalent_excess_gamma_dose_rate,uSv/h,50.0,1.0,6360,0.0003349999897181988,False,,2,0.2,0.18000000000000002,False,,,
542,NORMAL,NORMAL,523200.920497467,5697104.290406496,36,41,20.0,13259.007204255746,0.09712463282880629,ground_equivalent_excess_gamma_dose_rate,uSv/h,50.0,1.0,6360,0.0003293000045232475,False,,2,0.2,0.18000000000000002,False,,,
543,NORMAL,NORMAL,523180.920497467,5697104.290406496,36,40,20.0,13279.007204255746,0.09731924529461994,ground_equivalent_excess_gamma_dose_rate,uSv/h,50.0,1.0,6360,0.0003380000125616789,False,,2,0.2,0.18000000000000002,False,,,
544,NORMAL,NORMAL,523160.920497467,5697124.290406496,37,39,28.284271247461902,13307.291475503207,0.08997823244345138,ground_equivalent_excess_gamma_dose_rate,uSv/h,50.0,1.0,6360,0.00033820001408457756,False,,2,0.2,0.18000000000000002,False,,,
545,NORMAL,NORMAL,523140.920497467,5697144.290406496,38,38,28.284271247461902,13335.575746750668,0.08322141195140936,ground_equivalent_excess_gamma_dose_rate,uSv/h,50.0,1.0,6360,0.00034600001526996493,False,,2,0.2,0.18000000000000002,False,,,
546,NORMAL,NORMAL,523120.920497467,5697164.290406496,39,37,28.284271247461902,13363.86001799813,0.07702689974195959,ground_equivalent_excess_gamma_dose_rate,uSv/h,50.0,1.0,6360,0.0003457999846432358,False,,2,0.2,0.18000000000000002,False,,,
547,NORMAL,NORMAL,523100.920497467,5697164.290406496,39,36,20.0,13383.86001799813,0.0763948462370842,ground_equivalent_excess_gamma_dose_rate,uSv/h,50.0,1.0,6360,0.00034080000477842987,False,,2,0.2,0.18000000000000002,False,,,
548,NORMAL,NORMAL,523080.920497467,5697144.290406496,38,35,28.284271247461902,13412.14428924559,0.08104798074574376,ground_equivalent_excess_gamma_dose_rate,uSv/h,50.0,1.0,6360,0.000547999981790781,False,,2,0.2,0.18000000000000002,False,,,
549,NORMAL,NORMAL,523060.920497467,5697124.290406496,37,34,28.284271247461902,13440.428560493052,0.08583062995441276,ground_equivalent_excess_gamma_dose_rate,uSv/h,50.0,1.0,6360,0.00042329999268986285,False,,2,0.2,0.18000000000000002,False,,,
550,NORMAL,NORMAL,523040.920497467,5697144.290406496,38,33,28.284271247461902,13468.712831740513,0.07865845408812194,ground_equivalent_excess_gamma_dose_rate,uSv/h,50.0,1.0,6360,0.00034959998447448015,False,,2,0.2,0.18000000000000002,False,,,
551,NORMAL,NORMAL,523020.920497467,5697144.290406496,38,32,20.0,13488.712831740513,0.0772284126222465,ground_equivalent_excess_gamma_dose_rate,uSv/h,50.0,1.0,6360,0.00034749999758787453,False,,2,0.2,0.18000000000000002,False,,,
552,NORMAL,NORMAL,523000.920497467,5697144.290406496,38,31,20.0,13508.712831740513,0.07566578549008834,ground_equivalent_excess_gamma_dose_rate,uSv/h,50.0,1.0,6360,0.00033569999504834414,False,,2,0.2,0.18000000000000002,False,,,
553,NORMAL,NORMAL,522980.9204974669,5697124.290406496,37,30,28.28427124750306,13536.997102988016,0.07901081613601074,ground_equivalent_excess_gamma_dose_rate,uSv/h,50.0,1.0,6360,0.0008445999992545694,False,,2,0.2,0.18000000000000002,False,,,
554,NORMAL,NORMAL,522960.9204974669,5697124.290406496,37,29,20.0,13556.997102988016,0.0769947076887218,ground_equivalent_excess_gamma_dose_rate,uSv/h,50.0,1.0,6360,0.0006307000003289431,False,,2,0.2,0.18000000000000002,False,,,
555,NORMAL,NORMAL,522940.9204974669,5697124.290406496,37,28,20.0,13576.997102988016,0.07489898195810923,ground_equivalent_excess_gamma_dose_rate,uSv/h,50.0,1.0,6360,0.0004610000178217888,False,,2,0.2,0.18000000000000002,False,,,
556,NORMAL,NORMAL,522920.9204974669,5697124.290406496,37,27,20.0,13596.997102988016,0.07274458872937895,ground_equivalent_excess_gamma_dose_rate,uSv/h,50.0,1.0,6360,0.0003802000137511641,False,,2,0.2,0.18000000000000002,False,,,
557,NORMAL,NORMAL,522900.9204974669,5697124.290406496,37,26,20.0,13616.997102988016,0.0705510293661254,ground_equivalent_excess_gamma_dose_rate,uSv/h,50.0,1.0,6360,0.00034959998447448015,False,,2,0.2,0.18000000000000002,False,,,
558,NORMAL,NORMAL,522880.9204974669,5697104.290406496,36,25,28.284271247461902,13645.281374235477,0.07242902476560242,ground_equivalent_excess_gamma_dose_rate,uSv/h,50.0,1.0,6360,0.0003932999970857054,False,,2,0.2,0.18000000000000002,False,,,
559,NORMAL,NORMAL,522860.9204974669,5697084.290406496,35,24,28.284271247461902,13673.565645482939,0.07405705868326312,ground_equivalent_excess_gamma_dose_rate,uSv/h,50.0,1.0,6360,0.0003769999893847853,False,,2,0.2,0.18000000000000002,False,,,
560,NORMAL,NORMAL,522840.9204974669,5697064.290406496,34,23,28.284271247461902,13701.8499167304,0.07539440412605214,ground_equivalent_excess_gamma_dose_rate,uSv/h,50.0,1.0,6360,0.00046060001477599144,False,,2,0.2,0.18000000000000002,False,,,
561,NORMAL,NORMAL,522820.9204974669,5697044.290406496,33,22,28.284271247461902,13730.134187977861,0.07640548321457419,ground_equivalent_excess_gamma_dose_rate,uSv/h,50.0,1.0,6360,0.0004524000105448067,False,,2,0.2,0.18000000000000002,False,,,
562,NORMAL,NORMAL,522800.9204974669,5697024.290406496,32,21,28.284271247461902,13758.418459225322,0.07706209708029704,ground_equivalent_excess_gamma_dose_rate,uSv/h,50.0,1.0,6360,0.00034699999378062785,False,,2,0.2,0.18000000000000002,False,,,
563,NORMAL,NORMAL,522780.9204974669,5697024.290406496,32,20,20.0,13778.418459225322,0.07355126821481212,ground_equivalent_excess_gamma_dose_rate,uSv/h,50.0,1.0,6360,0.0003288000007160008,False,,2,0.2,0.18000000000000002,False,,,
564,NORMAL,NORMAL,522760.9204974669,5697044.290406496,33,19,28.284271247461902,13806.702730472784,0.06690620035525835,ground_equivalent_excess_gamma_dose_rate,uSv/h,50.0,1.0,6360,0.0003296000068075955,False,,2,0.2,0.18000000000000002,False,,,
565,NORMAL,NORMAL,522740.9204974669,5697044.290406496,33,18,20.0,13826.702730472784,0.06398071968347291,ground_equivalent_excess_gamma_dose_rate,uSv/h,50.0,1.0,6360,0.00032629998167976737,False,,2,0.2,0.18000000000000002,False,,,
566,NORMAL,NORMAL,522720.9204974669,5697044.290406496,33,17,20.0,13846.702730472784,0.06118034312701698,ground_equivalent_excess_gamma_dose_rate,uSv/h,50.0,1.0,6360,0.00032190000638365746,False,,2,0.2,0.18000000000000002,False,,,
567,NORMAL,NORMAL,522700.9204974669,5697044.290406496,33,16,20.0,13866.702730472784,0.05850509020893285,ground_equivalent_excess_gamma_dose_rate,uSv/h,50.0,1.0,6360,0.00031599999056197703,False,,2,0.2,0.18000000000000002,False,,,
568,NORMAL,NORMAL,522680.9204974669,5697064.290406496,34,15,28.284271247461902,13894.987001720245,0.05375514905157458,ground_equivalent_excess_gamma_dose_rate,uSv/h,50.0,1.0,6360,0.00033239999902434647,False,,2,0.2,0.18000000000000002,False,,,
569,NORMAL,NORMAL,522660.9204974669,5697084.290406496,35,14,28.284271247461902,13923.271272967706,0.049560870082590275,ground_equivalent_excess_gamma_dose_rate,uSv/h,50.0,1.0,6360,0.000394799979403615,False,,2,0.2,0.18000000000000002,False,,,
570,NORMAL,NORMAL,522680.9204974669,5697104.290406496,36,15,28.284271247461902,13951.555544215167,0.04960138775632891,ground_equivalent_excess_gamma_dose_rate,uSv/h,50.0,1.0,6360,0.0003766999871004373,False,,2,0.2,0.18000000000000002,False,,,
571,NORMAL,NORMAL,522700.9204974669,5697104.290406496,36,16,20.0,13971.555544215167,0.05159608465563076,ground_equivalent_excess_gamma_dose_rate,uSv/h,50.0,1.0,6360,0.00031689999741502106,False,,2,0.2,0.18000000000000002,False,,,
572,NORMAL,NORMAL,522720.9204974669,5697104.290406496,36,17,20.0,13991.555544215167,0.053665616702379515,ground_equivalent_excess_gamma_dose_rate,uSv/h,50.0,1.0,6360,0.00030880002304911613,False,,2,0.2,0.18000000000000002,False,,,
573,NORMAL,NORMAL,522740.9204974669,5697104.290406496,36,18,20.0,14011.555544215167,0.05580826068722988,ground_equivalent_excess_gamma_dose_rate,uSv/h,50.0,1.0,6360,0.000304899993352592,False,,2,0.2,0.18000000000000002,False,,,
574,NORMAL,NORMAL,522760.9204974669,5697124.290406496,37,19,28.284271247461902,14039.839815462628,0.055364816958005325,ground_equivalent_excess_gamma_dose_rate,uSv/h,50.0,1.0,6360,0.0003411000070627779,False,,2,0.2,0.18000000000000002,False,,,
575,NORMAL,NORMAL,522780.9204974669,5697124.290406496,37,20,20.0,14059.839815462628,0.0574362693173564,ground_equivalent_excess_gamma_dose_rate,uSv/h,50.0,1.0,6360,0.00030139999580569565,False,,2,0.2,0.18000000000000002,False,,,
576,NORMAL,NORMAL,522800.9204974669,5697124.290406496,37,21,20.0,14079.839815462628,0.05955503727135242,ground_equivalent_excess_gamma_dose_rate,uSv/h,50.0,1.0,6360,0.00037200000951997936,False,,2,0.2,0.18000000000000002,False,,,
577,NORMAL,NORMAL,522820.9204974669,5697124.290406496,37,22,20.0,14099.839815462628,0.06171399418834156,ground_equivalent_excess_gamma_dose_rate,uSv/h,50.0,1.0,6360,0.0003367000026628375,False,,2,0.2,0.18000000000000002,False,,,
578,NORMAL,NORMAL,522840.9204974669,5697124.290406496,37,23,20.0,14119.839815462628,0.06390442110319389,ground_equivalent_excess_gamma_dose_rate,uSv/h,50.0,1.0,6360,0.0005698000022675842,False,,2,0.2,0.18000000000000002,False,,,
579,NORMAL,NORMAL,522860.9204974669,5697144.290406496,38,24,28.284271247461902,14148.12408671009,0.06256300281189497,ground_equivalent_excess_gamma_dose_rate,uSv/h,50.0,1.0,6360,0.0003828000044450164,False,,2,0.2,0.18000000000000002,False,,,
580,NORMAL,NORMAL,522840.9204974669,5697164.290406496,39,23,28.284271247461902,14176.40835795755,0.057477121874254355,ground_equivalent_excess_gamma_dose_rate,uSv/h,50.0,1.0,6360,0.0003635000030044466,False,,2,0.2,0.18000000000000002,False,,,
581,NORMAL,NORMAL,522820.9204974669,5697184.290406496,40,22,28.284271247461902,14204.692629205012,0.0529757372129645,ground_equivalent_excess_gamma_dose_rate,uSv/h,50.0,1.0,6360,0.0007503999804612249,False,,2,0.2,0.18000000000000002,False,,,
582,NORMAL,NORMAL,522800.9204974669,5697204.290406496,41,21,28.284271247461902,14232.976900452473,0.04897422208299887,ground_equivalent_excess_gamma_dose_rate,uSv/h,50.0,1.0,6360,0.0006281999812927097,False,,2,0.2,0.18000000000000002,False,,,
583,NORMAL,NORMAL,522780.9204974669,5697224.290406496,42,20,28.284271247461902,14261.261171699934,0.04540244721631692,ground_equivalent_excess_gamma_dose_rate,uSv/h,50.0,1.0,6360,0.0005593000096268952,False,,2,0.2,0.18000000000000002,False,,,
584,NORMAL,NORMAL,522800.9204974669,5697244.290406496,43,21,28.284271247461902,14289.545442947396,0.0445935605312624,ground_equivalent_excess_gamma_dose_rate,uSv/h,50.0,1.0,6360,0.00044109998270869255,False,,2,0.2,0.18000000000000002,False,,,
585,NORMAL,NORMAL,522780.9204974669,5697264.290406496,44,20,28.284271247461902,14317.829714194857,0.04150221129869147,ground_equivalent_excess_gamma_dose_rate,uSv/h,50.0,1.0,6360,0.0004130000015720725,False,,2,0.2,0.18000000000000002,False,,,
586,NORMAL,NORMAL,522760.9204974669,5697284.290406496,45,19,28.284271247461902,14346.113985442318,0.038715510885861754,ground_equivalent_excess_gamma_dose_rate,uSv/h,50.0,1.0,6360,0.0005118999979458749,False,,2,0.2,0.18000000000000002,False,,,
587,NORMAL,NORMAL,522780.9204974669,5697304.290406496,46,20,28.284271247461902,14374.39825668978,0.038032996088347704,ground_equivalent_excess_gamma_dose_rate,uSv/h,50.0,1.0,6360,0.00041629999759607017,False,,2,0.2,0.18000000000000002,False,,,
588,NORMAL,NORMAL,522800.9204974669,5697304.290406496,46,21,20.0,14394.39825668978,0.03895059590205752,ground_equivalent_excess_gamma_dose_rate,uSv/h,50.0,1.0,6360,0.00034569998388178647,False,,2,0.2,0.18000000000000002,False,,,
589,NORMAL,NORMAL,522820.9204974669,5697324.290406496,47,22,28.284271247461902,14422.68252793724,0.03811982923862056,ground_equivalent_excess_gamma_dose_rate,uSv/h,50.0,1.0,6360,0.0004183999844826758,False,,2,0.2,0.18000000000000002,False,,,
590,NORMAL,NORMAL,522840.9204974669,5697324.290406496,47,23,20.0,14442.68252793724,0.038944365550752535,ground_equivalent_excess_gamma_dose_rate,uSv/h,50.0,1.0,6360,0.00041710000368766487,False,,2,0.2,0.18000000000000002,False,,,
591,NORMAL,NORMAL,522860.9204974669,5697344.290406496,48,24,28.284271247461902,14470.966799184702,0.03797491422287616,ground_equivalent_excess_gamma_dose_rate,uSv/h,50.0,1.0,6360,0.0005479000101331621,False,,2,0.2,0.18000000000000002,False,,,
592,NORMAL,NORMAL,522880.9204974669,5697364.290406496,49,25,28.284271247461902,14499.251070432163,0.03696489893936167,ground_equivalent_excess_gamma_dose_rate,uSv/h,50.0,1.0,6360,0.00045750002027489245,False,,2,0.2,0.18000000000000002,False,,,
593,NORMAL,NORMAL,522900.9204974669,5697344.290406496,48,26,28.284271247461902,14527.535341679624,0.03939745211821283,ground_equivalent_excess_gamma_dose_rate,uSv/h,50.0,1.0,6360,0.0003750999749172479,False,,2,0.2,0.18000000000000002,False,,,
594,NORMAL,NORMAL,522900.9204974669,5697324.290406496,47,26,20.0,14547.535341679624,0.04131646917462076,ground_equivalent_excess_gamma_dose_rate,uSv/h,50.0,1.0,6360,0.0003381999849807471,False,,2,0.2,0.18000000000000002,False,,,
595,NORMAL,NORMAL,522880.9204974669,5697304.290406496,46,25,28.284271247461902,14575.819612927085,0.0425244096175966,ground_equivalent_excess_gamma_dose_rate,uSv/h,50.0,1.0,6360,0.00032789999386295676,False,,2,0.2,0.18000000000000002,False,,,
596,NORMAL,NORMAL,522860.9204974669,5697284.290406496,45,24,28.284271247461902,14604.103884174547,0.04368264318870682,ground_equivalent_excess_gamma_dose_rate,uSv/h,50.0,1.0,6360,0.0003148999821860343,False,,2,0.2,0.18000000000000002,False,,,
597,NORMAL,NORMAL,522840.9204974669,5697264.290406496,44,23,28.284271247461902,14632.388155422008,0.044777048987787726,ground_equivalent_excess_gamma_dose_rate,uSv/h,50.0,1.0,6360,0.00032029999420046806,False,,2,0.2,0.18000000000000002,False,,,
598,NORMAL,NORMAL,522860.9204974669,5697244.290406496,43,24,28.284271247461902,14660.67242666947,0.0481729668946593,ground_equivalent_excess_gamma_dose_rate,uSv/h,50.0,1.0,6360,0.00041909998981282115,False,,2,0.2,0.18000000000000002,False,,,
599,NORMAL,NORMAL,522880.9204974669,5697244.290406496,43,25,20.0,14680.67242666947,0.04934100208924641,ground_equivalent_excess_gamma_dose_rate,uSv/h,50.0,1.0,6360,0.0003386000171303749,False,,2,0.2,0.18000000000000002,False,,,
600,NORMAL,NORMAL,522900.9204974669,5697264.290406496,44,26,28.284271247461902,14708.95669791693,0.047941769415930535,ground_equivalent_excess_gamma_dose_rate,uSv/h,50.0,1.0,6360,0.0003129999968223274,False,,2,0.2,0.18000000000000002,False,,,
601,NORMAL,NORMAL,522920.9204974669,5697284.290406496,45,27,28.284271247461902,14737.240969164392,0.04648102468776927,ground_equivalent_excess_gamma_dose_rate,uSv/h,50.0,1.0,6360,0.000322499981848523,False,,2,0.2,0.18000000000000002,False,,,
602,NORMAL,NORMAL,522940.9204974669,5697304.290406496,46,28,28.284271247461902,14765.525240411853,0.04497682293965899,ground_equivalent_excess_gamma_dose_rate,uSv/h,50.0,1.0,6360,0.00032419999479316175,False,,2,0.2,0.18000000000000002,False,,,
603,NORMAL,NORMAL,522960.9204974669,5697324.290406496,47,29,28.284271247461902,14793.809511659314,0.04344578700981838,ground_equivalent_excess_gamma_dose_rate,uSv/h,50.0,1.0,6360,0.0003387999895494431,False,,2,0.2,0.18000000000000002,False,,,
604,NORMAL,NORMAL,522960.9204974669,5697344.290406496,48,29,20.0,14813.809511659314,0.041328940176727225,ground_equivalent_excess_gamma_dose_rate,uSv/h,50.0,1.0,6360,0.00032190000638365746,False,,2,0.2,0.18000000000000002,False,,,
605,NORMAL,NORMAL,522980.9204974669,5697364.290406496,49,30,28.284271247461902,14842.093782906775,0.03987934420332151,ground_equivalent_excess_gamma_dose_rate,uSv/h,50.0,1.0,6360,0.00033850001636892557,False,,2,0.2,0.18000000000000002,False,,,
606,NORMAL,NORMAL,523000.920497467,5697364.290406496,49,31,20.000000000058208,14862.093782906833,0.0403612698970677,ground_equivalent_excess_gamma_dose_rate,uSv/h,50.0,1.0,6360,0.000360800011549145,False,,2,0.2,0.18000000000000002,False,,,
607,NORMAL,NORMAL,523020.920497467,5697364.290406496,49,32,20.0,14882.093782906833,0.04080164340591902,ground_equivalent_excess_gamma_dose_rate,uSv/h,50.0,1.0,6360,0.0004982999817002565,False,,2,0.2,0.18000000000000002,False,,,
608,NORMAL,NORMAL,523040.920497467,5697364.290406496,49,33,20.0,14902.093782906833,0.041197349783932385,ground_equivalent_excess_gamma_dose_rate,uSv/h,50.0,1.0,6360,0.00039840000681579113,False,,2,0.2,0.18000000000000002,False,,,
609,NORMAL,NORMAL,523060.920497467,5697344.290406496,48,34,28.284271247461902,14930.378054154295,0.043746317719866645,ground_equivalent_excess_gamma_dose_rate,uSv/h,50.0,1.0,6360,0.0006519000162370503,False,,2,0.2,0.18000000000000002,False,,,
610,NORMAL,NORMAL,523080.920497467,5697344.290406496,48,35,20.0,14950.378054154295,0.04407683158671158,ground_equivalent_excess_gamma_dose_rate,uSv/h,50.0,1.0,6360,0.000378700002329424,False,,2,0.2,0.18000000000000002,False,,,
611,NORMAL,NORMAL,523100.920497467,5697344.290406496,48,36,20.0,14970.378054154295,0.04434934857495074,ground_equivalent_excess_gamma_dose_rate,uSv/h,50.0,1.0,6360,0.00034669999149627984,False,,2,0.2,0.18000000000000002,False,,,
612,NORMAL,NORMAL,523120.920497467,5697324.290406496,47,37,28.284271247461902,14998.662325401756,0.04703247146149492,ground_equivalent_excess_gamma_dose_rate,uSv/h,50.0,1.0,6360,0.0006178000185173005,False,,2,0.2,0.18000000000000002,False,,,
613,NORMAL,NORMAL,523140.920497467,5697324.290406496,47,38,20.0,15018.662325401756,0.047199877602567164,ground_equivalent_excess_gamma_dose_rate,uSv/h,50.0,1.0,6360,0.00037460000021383166,False,,2,0.2,0.18000000000000002,False,,,
614,NORMAL,NORMAL,523160.920497467,5697304.290406496,46,39,28.284271247461902,15046.946596649217,0.05000961090142764,ground_equivalent_excess_gamma_dose_rate,uSv/h,50.0,1.0,6360,0.00035519999801181257,False,,2,0.2,0.18000000000000002,False,,,
615,NORMAL,NORMAL,523180.920497467,5697304.290406496,46,40,20.0,15066.946596649217,0.05003816480045403,ground_equivalent_excess_gamma_dose_rate,uSv/h,50.0,1.0,6360,0.00032359999022446573,False,,2,0.2,0.18000000000000002,False,,,
616,NORMAL,NORMAL,523200.920497467,5697284.290406496,45,41,28.284271247461902,15095.230867896678,0.052936923346365516,ground_equivalent_excess_gamma_dose_rate,uSv/h,50.0,1.0,6360,0.0003394999948795885,False,,2,0.2,0.18000000000000002,False,,,
617,NORMAL,NORMAL,523220.920497467,5697264.290406496,44,42,28.284271247461902,15123.51513914414,0.05599083062538135,ground_equivalent_excess_gamma_dose_rate,uSv/h,50.0,1.0,6360,0.00032289998489432037,False,,2,0.2,0.18000000000000002,False,,,
618,NORMAL,NORMAL,523240.920497467,5697264.290406496,44,43,20.0,15143.51513914414,0.055726895360249884,ground_equivalent_excess_gamma_dose_rate,uSv/h,50.0,1.0,6360,0.0003176000027451664,False,,2,0.2,0.18000000000000002,False,,,
619,NORMAL,NORMAL,523260.920497467,5697284.290406496,45,44,28.284271247461902,15171.7994103916,0.052235211239639034,ground_equivalent_excess_gamma_dose_rate,uSv/h,50.0,1.0,6360,0.00031800000579096377,False,,2,0.2,0.18000000000000002,False,,,
620,NORMAL,NORMAL,523280.920497467,5697264.290406496,44,45,28.284271247461902,15200.083681639062,0.05491537867739016,ground_equivalent_excess_gamma_dose_rate,uSv/h,50.0,1.0,6360,0.0004862000059802085,False,,2,0.2,0.18000000000000002,False,,,
621,NORMAL,NORMAL,523300.920497467,5697284.290406496,45,46,28.284271247461902,15228.367952886523,0.051352224204274766,ground_equivalent_excess_gamma_dose_rate,uSv/h,50.0,1.0,6360,0.00034440000308677554,False,,2,0.2,0.18000000000000002,False,,,
622,NORMAL,NORMAL,523300.920497467,5697304.290406496,46,46,20.0,15248.367952886523,0.048571318869974345,ground_equivalent_excess_gamma_dose_rate,uSv/h,50.0,1.0,6360,0.0003918000147677958,False,,2,0.2,0.18000000000000002,False,,,
623,NORMAL,NORMAL,523280.920497467,5697324.290406496,47,45,28.284271247461902,15276.652224133984,0.046393763937303184,ground_equivalent_excess_gamma_dose_rate,uSv/h,50.0,1.0,6360,0.0003451999800745398,False,,2,0.2,0.18000000000000002,False,,,
624,NORMAL,NORMAL,523260.920497467,5697344.290406496,48,44,28.284271247461902,15304.936495381446,0.04427725299867147,ground_equivalent_excess_gamma_dose_rate,uSv/h,50.0,1.0,6360,0.0003490000090096146,False,,2,0.2,0.18000000000000002,False,,,
625,NORMAL,NORMAL,523240.920497467,5697324.290406496,47,43,28.284271247461902,15333.220766628907,0.04697163898711479,ground_equivalent_excess_gamma_dose_rate,uSv/h,50.0,1.0,6360,0.00032599997939541936,False,,2,0.2,0.18000000000000002,False,,,
626,NORMAL,NORMAL,523220.920497467,5697324.290406496,47,42,20.0,15353.220766628907,0.0471590159135519,ground_equivalent_excess_gamma_dose_rate,uSv/h,50.0,1.0,6360,0.0003394999948795885,False,,2,0.2,0.18000000000000002,False,,,
627,NORMAL,NORMAL,523200.920497467,5697344.290406496,48,41,28.284271247461902,15381.505037876368,0.044780412497844146,ground_equivalent_excess_gamma_dose_rate,uSv/h,50.0,1.0,6360,0.00030220000189729035,False,,2,0.2,0.18000000000000002,False,,,
628,NORMAL,NORMAL,523180.920497467,5697364.290406496,49,40,28.284271247461902,15409.78930912383,0.04251423853628902,ground_equivalent_excess_gamma_dose_rate,uSv/h,50.0,1.0,6360,0.0005707000091206282,False,,2,0.2,0.18000000000000002,False,,,
629,NORMAL,NORMAL,523160.920497467,5697364.290406496,49,39,20.0,15429.78930912383,0.042493624228849725,ground_equivalent_excess_gamma_dose_rate,uSv/h,50.0,1.0,6360,0.00041700000292621553,False,,2,0.2,0.18000000000000002,False,,,
630,NORMAL,NORMAL,523140.920497467,5697384.290406496,50,38,28.284271247461902,15458.07358037129,0.040291255213135396,ground_equivalent_excess_gamma_dose_rate,uSv/h,50.0,1.0,6360,0.00044770000386051834,False,,2,0.2,0.18000000000000002,False,,,
631,NORMAL,NORMAL,523120.920497467,5697384.290406496,50,37,20.0,15478.07358037129,0.04016920550314915,ground_equivalent_excess_gamma_dose_rate,uSv/h,50.0,1.0,6360,0.0003411000070627779,False,,2,0.2,0.18000000000000002,False,,,
632,NORMAL,NORMAL,523100.920497467,5697404.290406496,51,36,28.284271247461902,15506.357851618752,0.03805604939985491,ground_equivalent_excess_gamma_dose_rate,uSv/h,50.0,1.0,6360,0.00041360000614076853,False,,2,0.2,0.18000000000000002,False,,,
633,NORMAL,NORMAL,523080.920497467,5697404.290406496,51,35,20.0,15526.357851618752,0.037855211649444,ground_equivalent_excess_gamma_dose_rate,uSv/h,50.0,1.0,6360,0.0003417000116314739,False,,2,0.2,0.18000000000000002,False,,,
634,NORMAL,NORMAL,523060.920497467,5697404.290406496,51,34,20.0,15546.357851618752,0.0376111608521425,ground_equivalent_excess_gamma_dose_rate,uSv/h,50.0,1.0,6360,0.0003171999996993691,False,,2,0.2,0.18000000000000002,False,,,
635,NORMAL,NORMAL,523040.920497467,5697424.290406496,52,33,28.284271247461902,15574.642122866213,0.035589478728969476,ground_equivalent_excess_gamma_dose_rate,uSv/h,50.0,1.0,6360,0.000551699980860576,False,,2,0.2,0.18000000000000002,False,,,
636,NORMAL,NORMAL,523020.920497467,5697424.290406496,52,32,20.0,15594.642122866213,0.03529378239091177,ground_equivalent_excess_gamma_dose_rate,uSv/h,50.0,1.0,6360,0.0008578999841120094,False,,2,0.2,0.18000000000000002,False,,,
637,NORMAL,NORMAL,523000.920497467,5697444.290406496,53,31,28.284271247461902,15622.926394113674,0.03340019862505694,ground_equivalent_excess_gamma_dose_rate,uSv/h,50.0,1.0,6360,0.0006169000116642565,False,,2,0.2,0.18000000000000002,False,,,
638,NORMAL,NORMAL,522980.9204974669,5697464.290406496,54,30,28.28427124750306,15651.210665361177,0.03163527719121878,ground_equivalent_excess_gamma_dose_rate,uSv/h,50.0,1.0,6360,0.0005615999980363995,False,,2,0.2,0.18000000000000002,False,,,
639,NORMAL,NORMAL,522960.9204974669,5697444.290406496,53,29,28.284271247461902,15679.494936608638,0.032710992502559405,ground_equivalent_excess_gamma_dose_rate,uSv/h,50.0,1.0,6360,0.00048389998846687376,False,,2,0.2,0.18000000000000002,False,,,
640,NORMAL,NORMAL,522940.9204974669,5697444.290406496,53,28,20.0,15699.494936608638,0.0323267080108538,ground_equivalent_excess_gamma_dose_rate,uSv/h,50.0,1.0,6360,0.0006474999827332795,False,,2,0.2,0.18000000000000002,False,,,
641,NORMAL,NORMAL,522920.9204974669,5697424.290406496,52,27,28.284271247461902,15727.7792078561,0.03334371907206232,ground_equivalent_excess_gamma_dose_rate,uSv/h,50.0,1.0,6360,0.0005111000209581107,False,,2,0.2,0.18000000000000002,False,,,
642,NORMAL,NORMAL,522900.9204974669,5697424.290406496,52,26,20.0,15747.7792078561,0.03287519945555689,ground_equivalent_excess_gamma_dose_rate,uSv/h,50.0,1.0,6360,0.00035519999801181257,False,,2,0.2,0.18000000000000002,False,,,
643,NORMAL,NORMAL,522880.9204974669,5697424.290406496,52,25,20.0,15767.7792078561,0.03238606568066524,ground_equivalent_excess_gamma_dose_rate,uSv/h,50.0,1.0,6360,0.0003918000147677958,False,,2,0.2,0.18000000000000002,False,,,
644,NORMAL,NORMAL,522860.9204974669,5697404.290406496,51,24,28.284271247461902,15796.06347910356,0.03326463174932348,ground_equivalent_excess_gamma_dose_rate,uSv/h,50.0,1.0,6360,0.0003615999885369092,False,,2,0.2,0.18000000000000002,False,,,
645,NORMAL,NORMAL,522840.9204974669,5697384.290406496,50,23,28.284271247461902,15824.347750351022,0.03411753488469804,ground_equivalent_excess_gamma_dose_rate,uSv/h,50.0,1.0,6360,0.0003394999948795885,False,,2,0.2,0.18000000000000002,False,,,
646,NORMAL,NORMAL,522820.9204974669,5697384.290406496,50,22,20.0,15844.347750351022,0.03348305633413945,ground_equivalent_excess_gamma_dose_rate,uSv/h,50.0,1.0,6360,0.00047840000479482114,False,,2,0.2,0.18000000000000002,False,,,
647,NORMAL,NORMAL,522800.9204974669,5697364.290406496,49,21,28.284271247461902,15872.632021598483,0.03423445971893277,ground_equivalent_excess_gamma_dose_rate,uSv/h,50.0,1.0,6360,0.00038640000275336206,False,,2,0.2,0.18000000000000002,False,,,
648,NORMAL,NORMAL,522780.9204974669,5697364.290406496,49,20,20.0,15892.632021598483,0.033523585743446827,ground_equivalent_excess_gamma_dose_rate,uSv/h,50.0,1.0,6360,0.0003409000055398792,False,,2,0.2,0.18000000000000002,False,,,
649,NORMAL,NORMAL,522760.9204974669,5697344.290406496,48,19,28.284271247461902,15920.916292845945,0.034164409182542876,ground_equivalent_excess_gamma_dose_rate,uSv/h,50.0,1.0,6360,0.0003423000162001699,False,,2,0.2,0.18000000000000002,False,,,
650,NORMAL,NORMAL,522740.9204974669,5697324.290406496,47,18,28.284271247461902,15949.200564093406,0.034752741022353706,ground_equivalent_excess_gamma_dose_rate,uSv/h,50.0,1.0,6360,0.0003412999794818461,False,,2,0.2,0.18000000000000002,False,,,
651,NORMAL,NORMAL,522720.9204974669,5697304.290406496,46,17,28.284271247461902,15977.484835340867,0.03528184273789986,ground_equivalent_excess_gamma_dose_rate,uSv/h,50.0,1.0,6360,0.00034329999471083283,False,,2,0.2,0.18000000000000002,False,,,
652,NORMAL,NORMAL,522700.9204974669,5697284.290406496,45,16,28.284271247461902,16005.769106588328,0.03574534221751999,ground_equivalent_excess_gamma_dose_rate,uSv/h,50.0,1.0,6360,0.00046609999844804406,False,,2,0.2,0.18000000000000002,False,,,
653,NORMAL,NORMAL,522720.9204974669,5697264.290406496,44,17,28.284271247461902,16034.05337783579,0.03824774296949818,ground_equivalent_excess_gamma_dose_rate,uSv/h,50.0,1.0,6360,0.0003524000057950616,False,,2,0.2,0.18000000000000002,False,,,
654,NORMAL,NORMAL,522700.9204974669,5697244.290406496,43,16,28.284271247461902,16062.33764908325,0.038696971302194294,ground_equivalent_excess_gamma_dose_rate,uSv/h,50.0,1.0,6360,0.0005132000078447163,False,,2,0.2,0.18000000000000002,False,,,
655,NORMAL,NORMAL,522680.9204974669,5697224.290406496,42,15,28.284271247461902,16090.621920330712,0.039058994217212456,ground_equivalent_excess_gamma_dose_rate,uSv/h,50.0,1.0,6360,0.00040079999598674476,False,,2,0.2,0.18000000000000002,False,,,
656,NORMAL,NORMAL,522660.9204974669,5697224.290406496,42,14,20.0,16110.621920330712,0.037859129223463794,ground_equivalent_excess_gamma_dose_rate,uSv/h,50.0,1.0,6360,0.0003378000110387802,False,,2,0.2,0.18000000000000002,False,,,
657,NORMAL,NORMAL,522640.9204974669,5697224.290406496,42,13,20.0,16130.621920330712,0.03668766304998322,ground_equivalent_excess_gamma_dose_rate,uSv/h,50.0,1.0,6360,0.0003440000000409782,False,,2,0.2,0.18000000000000002,False,,,
658,NORMAL,NORMAL,522620.9204974669,5697204.290406496,41,12,28.284271247461902,16158.906191578173,0.036838381106311074,ground_equivalent_excess_gamma_dose_rate,uSv/h,50.0,1.0,6360,0.0003217000048607588,False,,2,0.2,0.18000000000000002,False,,,
659,NORMAL,NORMAL,522600.9204974669,5697204.290406496,41,11,20.0,16178.906191578173,0.03564679641036503,ground_equivalent_excess_gamma_dose_rate,uSv/h,50.0,1.0,6360,0.0003336000081617385,False,,2,0.2,0.18000000000000002,False,,,
660,NORMAL,NORMAL,522580.9204974669,5697184.290406496,40,10,28.284271247461902,16207.190462825634,0.03566652586604682,ground_equivalent_excess_gamma_dose_rate,uSv/h,50.0,1.0,6360,0.0003321999975014478,False,,2,0.2,0.18000000000000002,False,,,
661,NORMAL,NORMAL,522560.9204974669,5697184.290406496,40,9,20.0,16227.190462825634,0.034472173861791744,ground_equivalent_excess_gamma_dose_rate,uSv/h,50.0,1.0,6360,0.0007803000044077635,False,,2,0.2,0.18000000000000002,False,,,
662,NORMAL,NORMAL,522540.9204974669,5697164.290406496,39,8,28.284271247461902,16255.474734073096,0.03437679914838737,ground_equivalent_excess_gamma_dose_rate,uSv/h,50.0,1.0,6360,0.0006594999867957085,False,,2,0.2,0.18000000000000002,False,,,
663,NORMAL,NORMAL,522520.9204974669,5697164.290406496,39,7,20.0,16275.474734073096,0.033195244171091154,ground_equivalent_excess_gamma_dose_rate,uSv/h,50.0,1.0,6360,0.0005889000021852553,False,,2,0.2,0.18000000000000002,False,,,
664,NORMAL,NORMAL,522500.9204974669,5697164.290406496,39,6,20.0,16295.474734073096,0.03205928876072034,ground_equivalent_excess_gamma_dose_rate,uSv/h,50.0,1.0,6360,0.0005267999949865043,False,,2,0.2,0.18000000000000002,False,,,
665,NORMAL,NORMAL,522480.9204974669,5697144.290406496,38,5,28.284271247461902,16323.759005320557,0.031846433983008876,ground_equivalent_excess_gamma_dose_rate,uSv/h,50.0,1.0,6360,0.00046170002315193415,False,,2,0.2,0.18000000000000002,False,,,
666,NORMAL,NORMAL,522460.9204974669,5697144.290406496,38,4,20.0,16343.759005320557,0.03073886963757999,ground_equivalent_excess_gamma_dose_rate,uSv/h,50.0,1.0,6360,0.0005189999938011169,False,,2,0.2,0.18000000000000002,False,,,
667,NORMAL,NORMAL,522440.9204974669,5697164.290406496,39,3,28.284271247461902,16372.043276568018,0.02891306546866554,ground_equivalent_excess_gamma_dose_rate,uSv/h,50.0,1.0,6360,0.0003657999914139509,False,,2,0.2,0.18000000000000002,False,,,
668,NORMAL,NORMAL,522420.9204974669,5697144.290406496,38,2,28.284271247461902,16400.32754781548,0.028660750266427587,ground_equivalent_excess_gamma_dose_rate,uSv/h,50.0,1.0,6360,0.0003493999829515815,False,,2,0.2,0.18000000000000002,False,,,
669,NORMAL,NORMAL,522420.9204974669,5697124.290406496,37,2,20.0,16420.32754781548,0.029384114819885093,ground_equivalent_excess_gamma_dose_rate,uSv/h,50.0,1.0,6360,0.0003341000119689852,False,,2,0.2,0.18000000000000002,False,,,
670,NORMAL,NORMAL,522440.9204974669,5697104.290406496,36,3,28.284271247461902,16448.611819062942,0.031240575006314997,ground_equivalent_excess_gamma_dose_rate,uSv/h,50.0,1.0,6360,0.0003152000135742128,False,,2,0.2,0.18000000000000002,False,,,
671,NORMAL,NORMAL,522460.9204974669,5697084.290406496,35,4,28.284271247461902,16476.896090310405,0.03327641417619984,ground_equivalent_excess_gamma_dose_rate,uSv/h,50.0,1.0,6360,0.0003130999975837767,False,,2,0.2,0.18000000000000002,False,,,
672,NORMAL,NORMAL,522480.9204974669,5697084.290406496,35,5,20.0,16496.896090310405,0.03457826114227702,ground_equivalent_excess_gamma_dose_rate,uSv/h,50.0,1.0,6360,0.00031170001602731645,False,,2,0.2,0.18000000000000002,False,,,
673,NORMAL,NORMAL,522500.9204974669,5697084.290406496,35,6,20.0,16516.896090310405,0.03594472535153381,ground_equivalent_excess_gamma_dose_rate,uSv/h,50.0,1.0,6360,0.000319099985063076,False,,2,0.2,0.18000000000000002,False,,,
674,NORMAL,NORMAL,522520.9204974669,5697084.290406496,35,7,20.0,16536.896090310405,0.037378869706781864,ground_equivalent_excess_gamma_dose_rate,uSv/h,50.0,1.0,6360,0.0005701000045519322,False,,2,0.2,0.18000000000000002,False,,,
675,NORMAL,NORMAL,522540.9204974669,5697084.290406496,35,8,20.0,16556.896090310405,0.03888376795699844,ground_equivalent_excess_gamma_dose_rate,uSv/h,50.0,1.0,6360,0.0003677000058814883,False,,2,0.2,0.18000000000000002,False,,,
676,NORMAL,NORMAL,522560.9204974669,5697084.290406496,35,9,20.0,16576.896090310405,0.04046246724069022,ground_equivalent_excess_gamma_dose_rate,uSv/h,50.0,1.0,6360,0.0003288000007160008,False,,2,0.2,0.18000000000000002,False,,,
677,NORMAL,NORMAL,522580.9204974669,5697084.290406496,35,10,20.0,16596.896090310405,0.04211794121502033,ground_equivalent_excess_gamma_dose_rate,uSv/h,50.0,1.0,6360,0.0003220000071451068,False,,2,0.2,0.18000000000000002,False,,,
678,NORMAL,NORMAL,522600.9204974669,5697084.290406496,35,11,20.0,16616.896090310405,0.04385303215971509,ground_equivalent_excess_gamma_dose_rate,uSv/h,50.0,1.0,6360,0.00043500002357177436,False,,2,0.2,0.18000000000000002,False,,,
679,NORMAL,NORMAL,522620.9204974669,5697064.290406496,34,12,28.284271247461902,16645.18036155787,0.047319132106829115,ground_equivalent_excess_gamma_dose_rate,uSv/h,50.0,1.0,6360,0.00037689998862333596,False,,2,0.2,0.18000000000000002,False,,,
680,NORMAL,NORMAL,522600.9204974669,5697044.290406496,33,11,28.284271247461902,16673.46463280533,0.04692724370902651,ground_equivalent_excess_gamma_dose_rate,uSv/h,50.0,1.0,6360,0.00042400002712383866,False,,2,0.2,0.18000000000000002,False,,,
681,NORMAL,NORMAL,522600.9204974669,5697024.290406496,32,11,20.0,16693.46463280533,0.04851859501706868,ground_equivalent_excess_gamma_dose_rate,uSv/h,50.0,1.0,6360,0.0005097999819554389,False,,2,0.2,0.18000000000000002,False,,,
682,NORMAL,NORMAL,522600.9204974669,5697004.290406496,31,11,20.0,16713.46463280533,0.050141082109623925,ground_equivalent_excess_gamma_dose_rate,uSv/h,50.0,1.0,6360,0.0003795999800786376,False,,2,0.2,0.18000000000000002,False,,,
683,NORMAL,NORMAL,522600.9204974669,5696984.290406497,30,11,19.999999999068677,16733.4646328044,0.051789864564653953,ground_equivalent_excess_gamma_dose_rate,uSv/h,50.0,1.0,6360,0.00032560000545345247,False,,2,0.2,0.18000000000000002,False,,,
684,NORMAL,NORMAL,522600.9204974669,5696964.290406497,29,11,20.0,16753.4646328044,0.05345915831074616,ground_equivalent_excess_gamma_dose_rate,uSv/h,50.0,1.0,6360,0.00032640001154504716,False,,2,0.2,0.18000000000000002,False,,,
685,NORMAL,NORMAL,522600.9204974669,5696944.290406497,28,11,20.0,16773.4646328044,0.05514217249726677,ground_equivalent_excess_gamma_dose_rate,uSv/h,50.0,1.0,6360,0.00031900001340545714,False,,2,0.2,0.18000000000000002,False,,,
686,NORMAL,NORMAL,522600.9204974669,5696924.290406497,27,11,20.0,16793.4646328044,0.056831060505896036,ground_equivalent_excess_gamma_dose_rate,uSv/h,50.0,1.0,6360,0.00030590000096708536,False,,2,0.2,0.18000000000000002,False,,,
687,NORMAL,NORMAL,522620.9204974669,5696904.290406497,26,12,28.284271247461902,16821.748904051863,0.061798309694773346,ground_equivalent_excess_gamma_dose_rate,uSv/h,50.0,1.0,6360,0.0007224000000860542,False,,2,0.2,0.18000000000000002,False,,,
688,NORMAL,NORMAL,522640.9204974669,5696884.290406497,25,13,28.284271247461902,16850.033175299326,0.06742482228462732,ground_equivalent_excess_gamma_dose_rate,uSv/h,50.0,1.0,6360,0.0005115999956615269,False,,2,0.2,0.18000000000000002,False,,,
689,NORMAL,NORMAL,522660.9204974669,5696864.290406497,24,14,28.284271247461902,16878.31744654679,0.07382801414996698,ground_equivalent_excess_gamma_dose_rate,uSv/h,50.0,1.0,6360,0.00044329999946057796,False,,2,0.2,0.18000000000000002,False,,,
690,NORMAL,NORMAL,522660.9204974669,5696844.290406497,23,14,20.0,16898.31744654679,0.07613788856401732,ground_equivalent_excess_gamma_dose_rate,uSv/h,50.0,1.0,6360,0.0004309999931138009,False,,2,0.2,0.18000000000000002,False,,,
691,NORMAL,NORMAL,522660.9204974669,5696824.290406497,22,14,20.0,16918.31744654679,0.07839978688965421,ground_equivalent_excess_gamma_dose_rate,uSv/h,50.0,1.0,6360,0.0008685999782755971,False,,2,0.2,0.18000000000000002,False,,,
692,NORMAL,NORMAL,522660.9204974669,5696804.290406497,21,14,20.0,16938.31744654679,0.08059181388057374,ground_equivalent_excess_gamma_dose_rate,uSv/h,50.0,1.0,6360,0.0006154000002425164,False,,2,0.2,0.18000000000000002,False,,,
693,NORMAL,NORMAL,522660.9204974669,5696784.290406497,20,14,20.0,16958.31744654679,0.0826905552362982,ground_equivalent_excess_gamma_dose_rate,uSv/h,50.0,1.0,6360,0.000551999983144924,False,,2,0.2,0.18000000000000002,False,,,
694,NORMAL,NORMAL,522660.9204974669,5696764.290406497,19,14,20.0,16978.31744654679,0.08467148889897785,ground_equivalent_excess_gamma_dose_rate,uSv/h,50.0,1.0,6360,0.0005333999870344996,False,,2,0.2,0.18000000000000002,False,,,
695,NORMAL,NORMAL,522640.9204974669,5696744.290406497,18,13,28.284271247461902,17006.601717794252,0.08062674050169577,ground_equivalent_excess_gamma_dose_rate,uSv/h,50.0,1.0,6360,0.0005991999933030456,False,,2,0.2,0.18000000000000002,False,,,
696,NORMAL,NORMAL,522640.9204974669,5696724.290406497,17,13,20.0,17026.601717794252,0.08207549597154973,ground_equivalent_excess_gamma_dose_rate,uSv/h,50.0,1.0,6360,0.00035620000562630594,False,,2,0.2,0.18000000000000002,False,,,
697,NORMAL,NORMAL,522640.9204974669,5696704.290406497,16,13,20.0,17046.601717794252,0.08335433961525224,ground_equivalent_excess_gamma_dose_rate,uSv/h,50.0,1.0,6360,0.0003741999971680343,False,,2,0.2,0.18000000000000002,False,,,
698,NORMAL,NORMAL,522620.9204974669,5696684.290406497,15,12,28.284271247461902,17074.885989041715,0.0786320666981164,ground_equivalent_excess_gamma_dose_rate,uSv/h,50.0,1.0,6360,0.00042520000715740025,False,,2,0.2,0.18000000000000002,False,,,
699,NORMAL,NORMAL,522620.9204974669,5696664.290406497,14,12,20.0,17094.885989041715,0.07939955299523543,ground_equivalent_excess_gamma_dose_rate,uSv/h,50.0,1.0,6360,0.00036819998058490455,False,,2,0.2,0.18000000000000002,False,,,
700,NORMAL,NORMAL,522620.9204974669,5696644.290406497,13,12,20.0,17114.885989041715,0.07997696178632457,ground_equivalent_excess_gamma_dose_rate,uSv/h,50.0,1.0,6360,0.00044919998617842793,False,,2,0.2,0.18000000000000002,False,,,
701,NORMAL,NORMAL,522620.9204974669,5696624.290406497,12,12,20.0,17134.885989041715,0.0803556723798618,ground_equivalent_excess_gamma_dose_rate,uSv/h,50.0,1.0,6360,0.0005126000032760203,False,,2,0.2,0.18000000000000002,False,,,
702,NORMAL,NORMAL,522600.9204974669,5696604.290406497,11,11,28.284271247461902,17163.17026028918,0.07504603562361278,ground_equivalent_excess_gamma_dose_rate,uSv/h,50.0,1.0,6360,0.0003997999883722514,False,,2,0.2,0.18000000000000002,False,,,
703,NORMAL,NORMAL,522600.9204974669,5696584.290406497,10,11,20.0,17183.17026028918,0.07501748474939196,ground_equivalent_excess_gamma_dose_rate,uSv/h,50.0,1.0,6360,0.00038949999725446105,False,,2,0.2,0.18000000000000002,False,,,
704,NORMAL,NORMAL,522600.9204974669,5696564.290406497,9,11,20.0,17203.17026028918,0.07480943937570478,ground_equivalent_excess_gamma_dose_rate,uSv/h,50.0,1.0,6360,0.0005160000000614673,False,,2,0.2,0.18000000000000002,False,,,
705,NORMAL,NORMAL,522620.9204974669,5696544.290406497,8,12,28.284271247461902,17231.45453153664,0.07981509821604543,ground_equivalent_excess_gamma_dose_rate,uSv/h,50.0,1.0,6360,0.0004067000118084252,False,,2,0.2,0.18000000000000002,False,,,
706,NORMAL,NORMAL,522640.9204974669,5696544.290406497,8,13,20.0,17251.45453153664,0.08581078230526923,ground_equivalent_excess_gamma_dose_rate,uSv/h,50.0,1.0,6360,0.0003467000206001103,False,,2,0.2,0.18000000000000002,False,,,
707,NORMAL,NORMAL,522660.9204974669,5696544.290406497,8,14,20.0,17271.45453153664,0.09250576973161634,ground_equivalent_excess_gamma_dose_rate,uSv/h,50.0,1.0,6360,0.0003226000117138028,False,,2,0.2,0.18000000000000002,False,,,
708,NORMAL,NORMAL,522680.9204974669,5696544.290406497,8,15,20.0,17291.45453153664,0.10001274293867912,ground_equivalent_excess_gamma_dose_rate,uSv/h,50.0,1.0,6360,0.0006668999849352986,False,,2,0.2,0.18000000000000002,False,,,
709,NORMAL,NORMAL,522700.9204974669,5696544.290406497,8,16,20.0,17311.45453153664,0.10846792596103222,ground_equivalent_excess_gamma_dose_rate,uSv/h,50.0,1.0,6360,0.0006069000228308141,False,,2,0.2,0.18000000000000002,False,,,
710,NORMAL,NORMAL,522720.9204974669,5696544.290406497,8,17,20.0,17331.45453153664,0.11803721265636208,ground_equivalent_excess_gamma_dose_rate,uSv/h,50.0,1.0,6360,0.0005565999890677631,False,,2,0.2,0.18000000000000002,False,,,
711,NORMAL,NORMAL,522740.9204974669,5696544.290406497,8,18,20.0,17351.45453153664,0.12892422947811016,ground_equivalent_excess_gamma_dose_rate,uSv/h,50.0,1.0,6360,0.0003634000022429973,False,,2,0.2,0.18000000000000002,False,,,
712,NORMAL,NORMAL,522760.9204974669,5696544.290406497,8,19,20.0,17371.45453153664,0.1413810589821457,ground_equivalent_excess_gamma_dose_rate,uSv/h,50.0,1.0,6360,0.00040610000723972917,False,,2,0.2,0.18000000000000002,False,,,
713,NORMAL,NORMAL,522780.9204974669,5696544.290406497,8,20,20.0,17391.45453153664,0.15572266965647497,ground_equivalent_excess_gamma_dose_rate,uSv/h,50.0,1.0,6360,0.00033379998058080673,False,,2,0.2,0.18000000000000002,False,,,
714,NORMAL,NORMAL,522800.9204974669,5696564.290406497,9,21,28.284271247461902,17419.738802784104,0.1744229492819489,ground_equivalent_excess_gamma_dose_rate,uSv/h,50.0,1.0,6360,0.0003243999963160604,False,,2,0.2,0.18000000000000002,False,,,
715,NORMAL,NORMAL,522820.9204974669,5696544.290406497,8,22,28.284271247461902,17448.023074031567,0.1917600225772555,ground_equivalent_excess_gamma_dose_rate,uSv/h,50.0,1.0,6360,0.0003242000238969922,False,,2,0.2,0.18000000000000002,False,,,
716,NORMAL,RADIATION,522840.9204974669,5696524.290406497,7,23,28.284271247461902,17476.30734527903,0.21006143681040162,ground_equivalent_excess_gamma_dose_rate,uSv/h,50.0,1.0,6360,0.00036810000892728567,True,enter,2,0.2,0.18000000000000002,True,hazard_enter_threshold,,
717,RADIATION,RADIATION,522860.9204974669,5696544.290406497,8,24,28.284271247461902,17504.591616526493,0.24177774488612075,ground_equivalent_excess_gamma_dose_rate,uSv/h,50.0,1.0,6360,0.000365100015187636,True,,2,0.2,0.18000000000000002,False,,0.0007761000015307218,
718,RADIATION,RADIATION,522880.9204974669,5696564.290406497,9,25,28.284271247461902,17532.875887773956,0.2796774163620275,ground_equivalent_excess_gamma_dose_rate,uSv/h,50.0,1.0,6360,0.000368500011973083,True,,2,0.2,0.18000000000000002,False,,0.000596199999563396,
719,RADIATION,RADIATION,522900.9204974669,5696584.290406497,10,26,28.284271247461902,17561.16015902142,0.3247738287357205,ground_equivalent_excess_gamma_dose_rate,uSv/h,50.0,1.0,6360,0.0003454000107012689,True,,2,0.2,0.18000000000000002,False,,0.0005649999948218465,
720,RADIATION,RADIATION,522920.9204974669,5696604.290406497,11,27,28.284271247461902,17589.444430268883,0.3778455884906626,ground_equivalent_excess_gamma_dose_rate,uSv/h,50.0,1.0,6360,0.000450999999884516,True,,2,0.2,0.18000000000000002,False,,0.0005538999976124614,
721,RADIATION,RADIATION,522940.9204974669,5696624.290406497,12,28,28.284271247461902,17617.728701516346,0.4389619666167605,ground_equivalent_excess_gamma_dose_rate,uSv/h,50.0,1.0,6360,0.00034909998066723347,True,,2,0.2,0.18000000000000002,False,,0.0007105999975465238,
722,RADIATION,RADIATION,522920.9204974669,5696644.290406497,13,27,28.284271247461902,17646.01297276381,0.36597314416343535,ground_equivalent_excess_gamma_dose_rate,uSv/h,50.0,1.0,6360,0.00038720000884495676,True,,2,0.2,0.18000000000000002,False,,0.0006637000187765807,
723,RADIATION,RADIATION,522920.9204974669,5696664.290406497,14,27,20.0,17666.01297276381,0.3541867237558282,ground_equivalent_excess_gamma_dose_rate,uSv/h,50.0,1.0,6360,0.00040699998498894274,True,,2,0.2,0.18000000000000002,False,,0.0005638000147882849,
724,RADIATION,RADIATION,522900.9204974669,5696644.290406497,13,26,28.284271247461902,17694.29724401127,0.31647055937387775,ground_equivalent_excess_gamma_dose_rate,uSv/h,50.0,1.0,6360,0.00036199999158270657,True,,2,0.2,0.18000000000000002,False,,0.0007237000099848956,
725,RADIATION,RADIATION,522900.9204974669,5696664.290406497,14,26,20.0,17714.29724401127,0.3076184627714244,ground_equivalent_excess_gamma_dose_rate,uSv/h,50.0,1.0,6360,0.0005935999797657132,True,,2,0.2,0.18000000000000002,False,,0.0010134000040125102,
726,RADIATION,RADIATION,522900.9204974669,5696684.290406497,15,26,20.0,17734.29724401127,0.29640969964865316,ground_equivalent_excess_gamma_dose_rate,uSv/h,50.0,1.0,6360,0.0008073000062722713,True,,2,0.2,0.18000000000000002,False,,0.000986600003670901,
727,RADIATION,RADIATION,522880.9204974669,5696704.290406497,16,25,28.284271247461902,17762.581515258735,0.2507492387901542,ground_equivalent_excess_gamma_dose_rate,uSv/h,50.0,1.0,6360,0.00041710000368766487,True,,2,0.2,0.18000000000000002,False,,0.0006462000019382685,
728,RADIATION,RADIATION,522860.9204974669,5696684.290406497,15,24,28.284271247461902,17790.865786506198,0.23123899800890124,ground_equivalent_excess_gamma_dose_rate,uSv/h,50.0,1.0,6360,0.0003840999852400273,True,,2,0.2,0.18000000000000002,False,,0.0008533000072930008,
729,RADIATION,RADIATION,522860.9204974669,5696664.290406497,14,24,20.0,17810.865786506198,0.23800448562446713,ground_equivalent_excess_gamma_dose_rate,uSv/h,50.0,1.0,6360,0.0003744999994523823,True,,2,0.2,0.18000000000000002,False,,0.0006809000042267144,
730,RADIATION,RADIATION,522860.9204974669,5696644.290406497,13,24,20.0,17830.865786506198,0.2432691738192873,ground_equivalent_excess_gamma_dose_rate,uSv/h,50.0,1.0,6360,0.00047900000936351717,True,,2,0.2,0.18000000000000002,False,,0.0007721000001765788,
731,RADIATION,RADIATION,522880.9204974669,5696624.290406497,12,25,28.284271247461902,17859.15005775366,0.2808725517623768,ground_equivalent_excess_gamma_dose_rate,uSv/h,50.0,1.0,6360,0.00048600000445730984,True,,2,0.2,0.18000000000000002,False,,0.0007609000022057444,
732,RADIATION,RADIATION,522860.9204974669,5696604.290406497,11,24,28.284271247461902,17887.434329001124,0.24845857979037067,ground_equivalent_excess_gamma_dose_rate,uSv/h,50.0,1.0,6360,0.00037670001620426774,True,,2,0.2,0.18000000000000002,False,,0.000604200002271682,
733,RADIATION,RADIATION,522840.9204974669,5696584.290406497,10,23,28.284271247461902,17915.718600248587,0.21962104042010128,ground_equivalent_excess_gamma_dose_rate,uSv/h,50.0,1.0,6360,0.0003501000173855573,True,,2,0.2,0.18000000000000002,False,,0.0006670999864581972,
734,RADIATION,RADIATION,522840.9204974669,5696604.290406497,11,23,20.0,17935.718600248587,0.21986592476847638,ground_equivalent_excess_gamma_dose_rate,uSv/h,50.0,1.0,6360,0.00034160001087002456,True,,2,0.2,0.18000000000000002,False,,0.0006363999855238944,
735,RADIATION,RADIATION,522820.9204974669,5696624.290406497,12,22,28.284271247461902,17964.00287149605,0.19491028344590638,ground_equivalent_excess_gamma_dose_rate,uSv/h,50.0,1.0,6360,0.0007398999878205359,True,,2,0.2,0.18000000000000002,False,,0.0006313000048976392,
736,RADIATION,RADIATION,522820.9204974669,5696644.290406497,13,22,20.0,17984.00287149605,0.19269700663524703,ground_equivalent_excess_gamma_dose_rate,uSv/h,50.0,1.0,6360,0.00039259999175556004,True,,2,0.2,0.18000000000000002,False,,0.000911299983272329,
737,RADIATION,RADIATION,522820.9204974669,5696664.290406497,14,22,20.0,18004.00287149605,0.18937877496752126,ground_equivalent_excess_gamma_dose_rate,uSv/h,50.0,1.0,6360,0.0006328999879769981,True,,2,0.2,0.18000000000000002,False,,0.0005644999910145998,
738,RADIATION,RADIATION,522820.9204974669,5696684.290406497,15,22,20.0,18024.00287149605,0.18507032578652516,ground_equivalent_excess_gamma_dose_rate,uSv/h,50.0,1.0,6360,0.00035960000241175294,True,,2,0.2,0.18000000000000002,False,,0.0006479000148829073,
739,RADIATION,RADIATION,522840.9204974669,5696704.290406497,16,23,28.284271247461902,18052.287142743513,0.19988529347529382,ground_equivalent_excess_gamma_dose_rate,uSv/h,50.0,1.0,6360,0.00045020002289675176,True,,2,0.2,0.18000000000000002,False,,0.0008589000208303332,
740,RADIATION,RADIATION,522860.9204974669,5696704.290406497,16,24,20.0,18072.287142743513,0.22324126133798233,ground_equivalent_excess_gamma_dose_rate,uSv/h,50.0,1.0,6360,0.00036810000892728567,True,,2,0.2,0.18000000000000002,False,,0.0006202000076882541,
741,RADIATION,RADIATION,522840.9204974669,5696724.290406497,17,23,28.284271247461902,18100.571413990976,0.19268573082896118,ground_equivalent_excess_gamma_dose_rate,uSv/h,50.0,1.0,6360,0.00036450001061894,True,,2,0.2,0.18000000000000002,False,,0.0005803999956697226,
742,RADIATION,RADIATION,522840.9204974669,5696744.290406497,18,23,20.0,18120.571413990976,0.1848864060612681,ground_equivalent_excess_gamma_dose_rate,uSv/h,50.0,1.0,6360,0.0003473999968264252,True,,2,0.2,0.18000000000000002,False,,0.0005549000052269548,
743,RADIATION,NORMAL,522840.9204974669,5696764.290406497,19,23,20.0,18140.571413990976,0.17668921317148484,ground_equivalent_excess_gamma_dose_rate,uSv/h,50.0,1.0,6360,0.00033799998345784843,False,exit,2,0.2,0.18000000000000002,False,hazard_exit_threshold,0.0005400000081863254,0.8193465000076685
744,NORMAL,NORMAL,522820.9204974669,5696784.290406497,20,22,28.284271247461902,18168.85568523844,0.15389364060865357,ground_equivalent_excess_gamma_dose_rate,uSv/h,50.0,1.0,6360,0.0004324000037740916,False,,3,0.30000000000000004,0.2700000000000001,False,,,
745,NORMAL,NORMAL,522800.9204974669,5696804.290406497,21,21,28.284271247461902,18197.139956485902,0.13512904440902535,ground_equivalent_excess_gamma_dose_rate,uSv/h,50.0,1.0,6360,0.00035700001171790063,False,,3,0.30000000000000004,0.2700000000000001,False,,,
746,NORMAL,NORMAL,522780.9204974669,5696824.290406497,22,20,28.284271247461902,18225.424227733365,0.11952182497558078,ground_equivalent_excess_gamma_dose_rate,uSv/h,50.0,1.0,6360,0.00040630000876262784,False,,3,0.30000000000000004,0.2700000000000001,False,,,
747,NORMAL,NORMAL,522780.9204974669,5696844.290406497,23,20,20.0,18245.424227733365,0.11434319470184223,ground_equivalent_excess_gamma_dose_rate,uSv/h,50.0,1.0,6360,0.0003389000194147229,False,,3,0.30000000000000004,0.2700000000000001,False,,,
748,NORMAL,NORMAL,522760.9204974669,5696864.290406497,24,19,28.284271247461902,18273.708498980828,0.10195820305105857,ground_equivalent_excess_gamma_dose_rate,uSv/h,50.0,1.0,6360,0.0003203999949619174,False,,3,0.30000000000000004,0.2700000000000001,False,,,
749,NORMAL,NORMAL,522760.9204974669,5696884.290406497,25,19,20.0,18293.708498980828,0.09755270320998716,ground_equivalent_excess_gamma_dose_rate,uSv/h,50.0,1.0,6360,0.0003173000004608184,False,,3,0.30000000000000004,0.2700000000000001,False,,,
750,NORMAL,NORMAL,522740.9204974669,5696904.290406497,26,18,28.284271247461902,18321.99277022829,0.08764849953561765,ground_equivalent_excess_gamma_dose_rate,uSv/h,50.0,1.0,6360,0.0003279000229667872,False,,3,0.30000000000000004,0.2700000000000001,False,,,
751,NORMAL,NORMAL,522720.9204974669,5696904.290406497,26,17,20.0,18341.99277022829,0.08247681785215405,ground_equivalent_excess_gamma_dose_rate,uSv/h,50.0,1.0,6360,0.00033019998227246106,False,,3,0.30000000000000004,0.2700000000000001,False,,,
752,NORMAL,NORMAL,522700.9204974669,5696904.290406497,26,16,20.0,18361.99277022829,0.07768782546489089,ground_equivalent_excess_gamma_dose_rate,uSv/h,50.0,1.0,6360,0.00031350000062957406,False,,3,0.30000000000000004,0.2700000000000001,False,,,
753,NORMAL,NORMAL,522680.9204974669,5696904.290406497,26,15,20.0,18381.99277022829,0.0732523434086994,ground_equivalent_excess_gamma_dose_rate,uSv/h,50.0,1.0,6360,0.0004958999925293028,False,,3,0.30000000000000004,0.2700000000000001,False,,,
754,NORMAL,NORMAL,522660.9204974669,5696924.290406497,27,14,28.284271247461902,18410.277041475754,0.06680125053583902,ground_equivalent_excess_gamma_dose_rate,uSv/h,50.0,1.0,6360,0.0005976000102236867,False,,3,0.30000000000000004,0.2700000000000001,False,,,
755,NORMAL,NORMAL,522660.9204974669,5696944.290406497,28,14,20.0,18430.277041475754,0.06447990288344302,ground_equivalent_excess_gamma_dose_rate,uSv/h,50.0,1.0,6360,0.0005761999927926809,False,,3,0.30000000000000004,0.2700000000000001,False,,,
756,NORMAL,NORMAL,522660.9204974669,5696964.290406497,29,14,20.0,18450.277041475754,0.06219045939963208,ground_equivalent_excess_gamma_dose_rate,uSv/h,50.0,1.0,6360,0.0005707999807782471,False,,3,0.30000000000000004,0.2700000000000001,False,,,
757,NORMAL,NORMAL,522660.9204974669,5696984.290406497,30,14,20.0,18470.277041475754,0.059942819135607006,ground_equivalent_excess_gamma_dose_rate,uSv/h,50.0,1.0,6360,0.0005243000050541013,False,,3,0.30000000000000004,0.2700000000000001,False,,,
758,NORMAL,NORMAL,522660.9204974669,5697004.290406496,31,14,19.999999999068677,18490.277041474823,0.05774507566419268,ground_equivalent_excess_gamma_dose_rate,uSv/h,50.0,1.0,6360,0.0005415999912656844,False,,3,0.30000000000000004,0.2700000000000001,False,,,
759,NORMAL,NORMAL,522660.9204974669,5697024.290406496,32,14,20.0,18510.277041474823,0.0556036757128055,ground_equivalent_excess_gamma_dose_rate,uSv/h,50.0,1.0,6360,0.0003490000090096146,False,,3,0.30000000000000004,0.2700000000000001,False,,,
760,NORMAL,NORMAL,522640.9204974669,5697024.290406496,32,13,20.0,18530.277041474823,0.05311285629624474,ground_equivalent_excess_gamma_dose_rate,uSv/h,50.0,1.0,6360,0.00033579999580979347,False,,3,0.30000000000000004,0.2700000000000001,False,,,
761,NORMAL,NORMAL,522620.9204974669,5697044.290406496,33,12,28.284271247461902,18558.561312722286,0.04901438815589945,ground_equivalent_excess_gamma_dose_rate,uSv/h,50.0,1.0,6360,0.00033290000283159316,False,,3,0.30000000000000004,0.2700000000000001,False,,,
762,NORMAL,NORMAL,522640.9204974669,5697044.290406496,33,13,20.0,18578.561312722286,0.05121176824744267,ground_equivalent_excess_gamma_dose_rate,uSv/h,50.0,1.0,6360,0.00031540001509711146,False,,3,0.30000000000000004,0.2700000000000001,False,,,
763,NORMAL,NORMAL,522620.9204974669,5697064.290406496,34,12,28.284271247461902,18606.84558396975,0.047319132106829115,ground_equivalent_excess_gamma_dose_rate,uSv/h,50.0,1.0,6360,0.0003031000087503344,False,,3,0.30000000000000004,0.2700000000000001,False,,,
764,NORMAL,NORMAL,522620.9204974669,5697084.290406496,35,12,20.0,18626.84558396975,0.045670380295906365,ground_equivalent_excess_gamma_dose_rate,uSv/h,50.0,1.0,6360,0.000321599974995479,False,,3,0.30000000000000004,0.2700000000000001,False,,,
765,NORMAL,NORMAL,522620.9204974669,5697104.290406496,36,12,20.0,18646.84558396975,0.044070417418892255,ground_equivalent_excess_gamma_dose_rate,uSv/h,50.0,1.0,6360,0.00029850000282749534,False,,3,0.30000000000000004,0.2700000000000001,False,,,
766,NORMAL,NORMAL,522600.9204974669,5697124.290406496,37,11,28.284271247461902,18675.129855217212,0.040941159550144546,ground_equivalent_excess_gamma_dose_rate,uSv/h,50.0,1.0,6360,0.0003524000057950616,False,,3,0.30000000000000004,0.2700000000000001,False,,,
767,NORMAL,NORMAL,522580.9204974669,5697124.290406496,37,10,20.0,18695.129855217212,0.03942485739737947,ground_equivalent_excess_gamma_dose_rate,uSv/h,50.0,1.0,6360,0.0003803999861702323,False,,3,0.30000000000000004,0.2700000000000001,False,,,
768,NORMAL,NORMAL,522560.9204974669,5697124.290406496,37,9,20.0,18715.129855217212,0.03797066716944772,ground_equivalent_excess_gamma_dose_rate,uSv/h,50.0,1.0,6360,0.0003429999924264848,False,,3,0.30000000000000004,0.2700000000000001,False,,,
769,NORMAL,NORMAL,522540.9204974669,5697124.290406496,37,8,20.0,18735.129855217212,0.03657707434522395,ground_equivalent_excess_gamma_dose_rate,uSv/h,50.0,1.0,6360,0.0003233000170439482,False,,3,0.30000000000000004,0.2700000000000001,False,,,
770,NORMAL,NORMAL,522520.9204974669,5697124.290406496,37,7,20.0,18755.129855217212,0.03524236518256907,ground_equivalent_excess_gamma_dose_rate,uSv/h,50.0,1.0,6360,0.00031880001188255847,False,,3,0.30000000000000004,0.2700000000000001,False,,,
771,NORMAL,NORMAL,522520.9204974669,5697144.290406496,38,7,20.0,18775.129855217212,0.03420689925732692,ground_equivalent_excess_gamma_dose_rate,uSv/h,50.0,1.0,6360,0.0002992000081576407,False,,3,0.30000000000000004,0.2700000000000001,False,,,
772,NORMAL,NORMAL,522500.9204974669,5697144.290406496,38,6,20.0,18795.129855217212,0.033001906941187154,ground_equivalent_excess_gamma_dose_rate,uSv/h,50.0,1.0,6360,0.000314499979140237,False,,3,0.30000000000000004,0.2700000000000001,False,,,
773,NORMAL,NORMAL,522480.9204974669,5697164.290406496,39,5,28.284271247461902,18823.414126464675,0.030967788079293818,ground_equivalent_excess_gamma_dose_rate,uSv/h,50.0,1.0,6360,0.000308899994706735,False,,3,0.30000000000000004,0.2700000000000001,False,,,
774,NORMAL,NORMAL,522480.9204974669,5697184.290406496,40,5,20.0,18843.414126464675,0.03010728991521905,ground_equivalent_excess_gamma_dose_rate,uSv/h,50.0,1.0,6360,0.0003186000103596598,False,,3,0.30000000000000004,0.2700000000000001,False,,,
775,NORMAL,NORMAL,522500.9204974669,5697204.290406496,41,6,28.284271247461902,18871.698397712138,0.030238827714117067,ground_equivalent_excess_gamma_dose_rate,uSv/h,50.0,1.0,6360,0.00038129999302327633,False,,3,0.30000000000000004,0.2700000000000001,False,,,
776,NORMAL,NORMAL,522520.9204974669,5697224.290406496,42,7,28.284271247461902,18899.9826689596,0.030312598984526873,ground_equivalent_excess_gamma_dose_rate,uSv/h,50.0,1.0,6360,0.0003203999949619174,False,,3,0.30000000000000004,0.2700000000000001,False,,,
777,NORMAL,NORMAL,522540.9204974669,5697224.290406496,42,8,20.0,18919.9826689596,0.03129481775808518,ground_equivalent_excess_gamma_dose_rate,uSv/h,50.0,1.0,6360,0.00030929999775253236,False,,3,0.30000000000000004,0.2700000000000001,False,,,
778,NORMAL,NORMAL,522560.9204974669,5697244.290406496,43,9,28.284271247461902,18948.266940207064,0.03127962740784343,ground_equivalent_excess_gamma_dose_rate,uSv/h,50.0,1.0,6360,0.0003161999920848757,False,,3,0.30000000000000004,0.2700000000000001,False,,,
779,NORMAL,NORMAL,522580.9204974669,5697244.290406496,43,10,20.0,18968.266940207064,0.032259854817948325,ground_equivalent_excess_gamma_dose_rate,uSv/h,50.0,1.0,6360,0.000309199996991083,False,,3,0.30000000000000004,0.2700000000000001,False,,,
780,NORMAL,NORMAL,522600.9204974669,5697264.290406496,44,11,28.284271247461902,18996.551211454527,0.03214421432793341,ground_equivalent_excess_gamma_dose_rate,uSv/h,50.0,1.0,6360,0.0003141000051982701,False,,3,0.30000000000000004,0.2700000000000001,False,,,
781,NORMAL,NORMAL,522620.9204974669,5697264.290406496,44,12,20.0,19016.551211454527,0.03310996589849957,ground_equivalent_excess_gamma_dose_rate,uSv/h,50.0,1.0,6360,0.0006147999956738204,False,,3,0.30000000000000004,0.2700000000000001,False,,,
782,NORMAL,NORMAL,522640.9204974669,5697264.290406496,44,13,20.0,19036.551211454527,0.03409829884826748,ground_equivalent_excess_gamma_dose_rate,uSv/h,50.0,1.0,6360,0.0005955999949947,False,,3,0.30000000000000004,0.2700000000000001,False,,,
783,NORMAL,NORMAL,522640.9204974669,5697284.290406496,45,13,20.0,19056.551211454527,0.03288402268600968,ground_equivalent_excess_gamma_dose_rate,uSv/h,50.0,1.0,6360,0.0006149000255391002,False,,3,0.30000000000000004,0.2700000000000001,False,,,
784,NORMAL,NORMAL,522660.9204974669,5697304.290406496,46,14,28.284271247461902,19084.83548270199,0.032593012655497355,ground_equivalent_excess_gamma_dose_rate,uSv/h,50.0,1.0,6360,0.00042520000715740025,False,,3,0.30000000000000004,0.2700000000000001,False,,,
785,NORMAL,NORMAL,522640.9204974669,5697324.290406496,47,13,28.284271247461902,19113.119753949453,0.030607470766105732,ground_equivalent_excess_gamma_dose_rate,uSv/h,50.0,1.0,6360,0.0004702000005636364,False,,3,0.30000000000000004,0.2700000000000001,False,,,
786,NORMAL,NORMAL,522640.9204974669,5697344.290406496,48,13,20.0,19133.119753949453,0.029541494811549246,ground_equivalent_excess_gamma_dose_rate,uSv/h,50.0,1.0,6360,0.00037640001391991973,False,,3,0.30000000000000004,0.2700000000000001,False,,,
787,NORMAL,NORMAL,522620.9204974669,5697364.290406496,49,12,28.284271247461902,19161.404025196916,0.02782645102119452,ground_equivalent_excess_gamma_dose_rate,uSv/h,50.0,1.0,6360,0.000374700000975281,False,,3,0.30000000000000004,0.2700000000000001,False,,,
788,NORMAL,NORMAL,522600.9204974669,5697384.290406496,50,11,28.284271247461902,19189.68829644438,0.026255423380786097,ground_equivalent_excess_gamma_dose_rate,uSv/h,50.0,1.0,6360,0.0006033000245224684,False,,3,0.30000000000000004,0.2700000000000001,False,,,
789,NORMAL,NORMAL,522580.9204974669,5697384.290406496,50,10,20.0,19209.68829644438,0.02562343107560411,ground_equivalent_excess_gamma_dose_rate,uSv/h,50.0,1.0,6360,0.0006452999950852245,False,,3,0.30000000000000004,0.2700000000000001,False,,,
790,NORMAL,NORMAL,522560.9204974669,5697384.290406496,50,9,20.0,19229.68829644438,0.025001131073159044,ground_equivalent_excess_gamma_dose_rate,uSv/h,50.0,1.0,6360,0.0005933000065851957,False,,3,0.30000000000000004,0.2700000000000001,False,,,
791,NORMAL,NORMAL,522540.9204974669,5697384.290406496,50,8,20.0,19249.68829644438,0.024389291518621015,ground_equivalent_excess_gamma_dose_rate,uSv/h,50.0,1.0,6360,0.0005939000111538917,False,,3,0.30000000000000004,0.2700000000000001,False,,,
792,NORMAL,NORMAL,522520.9204974669,5697364.290406496,49,7,28.284271247461902,19277.972567691842,0.024513358905544708,ground_equivalent_excess_gamma_dose_rate,uSv/h,50.0,1.0,6360,0.0005780000064987689,False,,3,0.30000000000000004,0.2700000000000001,False,,,
793,NORMAL,NORMAL,522540.9204974669,5697344.290406496,48,8,28.284271247461902,19306.256838939305,0.02594185547914088,ground_equivalent_excess_gamma_dose_rate,uSv/h,50.0,1.0,6360,0.0005698000022675842,False,,3,0.30000000000000004,0.2700000000000001,False,,,
794,NORMAL,NORMAL,522560.9204974669,5697324.290406496,47,9,28.284271247461902,19334.54111018677,0.027498662828682047,ground_equivalent_excess_gamma_dose_rate,uSv/h,50.0,1.0,6360,0.0006117000011727214,False,,3,0.30000000000000004,0.2700000000000001,False,,,
795,NORMAL,NORMAL,522580.9204974669,5697304.290406496,46,10,28.284271247461902,19362.82538143423,0.029199582188719236,ground_equivalent_excess_gamma_dose_rate,uSv/h,50.0,1.0,6360,0.0005587000050581992,False,,3,0.30000000000000004,0.2700000000000001,False,,,
796,NORMAL,NORMAL,522600.9204974669,5697304.290406496,46,11,20.0,19382.82538143423,0.030023128573507668,ground_equivalent_excess_gamma_dose_rate,uSv/h,50.0,1.0,6360,0.0006064000190235674,False,,3,0.30000000000000004,0.2700000000000001,False,,,
797,NORMAL,NORMAL,522580.9204974669,5697284.290406496,45,10,28.284271247461902,19411.109652681695,0.030182176491679952,ground_equivalent_excess_gamma_dose_rate,uSv/h,50.0,1.0,6360,0.0005753999867010862,False,,3,0.30000000000000004,0.2700000000000001,False,,,
798,NORMAL,NORMAL,522560.9204974669,5697264.290406496,44,9,28.284271247461902,19439.393923929158,0.0302841083743306,ground_equivalent_excess_gamma_dose_rate,uSv/h,50.0,1.0,6360,0.0005922999989707023,False,,3,0.30000000000000004,0.2700000000000001,False,,,
799,NORMAL,NORMAL,522540.9204974669,5697284.290406496,45,8,28.284271247461902,19467.67819517662,0.02848438185079355,ground_equivalent_excess_gamma_dose_rate,uSv/h,50.0,1.0,6360,0.0005671000108122826,False,,3,0.30000000000000004,0.2700000000000001,False,,,
800,NORMAL,NORMAL,522520.9204974669,5697284.290406496,45,7,20.0,19487.67819517662,0.027668358068001303,ground_equivalent_excess_gamma_dose_rate,uSv/h,50.0,1.0,6360,0.0006202000076882541,False,,3,0.30000000000000004,0.2700000000000001,False,,,
801,NORMAL,NORMAL,522500.9204974669,5697264.290406496,44,6,28.284271247461902,19515.962466424084,0.02768024273646391,ground_equivalent_excess_gamma_dose_rate,uSv/h,50.0,1.0,6360,0.0005970000056549907,False,,3,0.30000000000000004,0.2700000000000001,False,,,
802,NORMAL,NORMAL,522480.9204974669,5697244.290406496,43,5,28.284271247461902,19544.246737671547,0.027643145760212956,ground_equivalent_excess_gamma_dose_rate,uSv/h,50.0,1.0,6360,0.0005856999778188765,False,,3,0.30000000000000004,0.2700000000000001,False,,,
803,NORMAL,NORMAL,522460.9204974669,5697224.290406496,42,4,28.284271247461902,19572.53100891901,0.027557459745252255,ground_equivalent_excess_gamma_dose_rate,uSv/h,50.0,1.0,6360,0.0006160000048112124,False,,3,0.30000000000000004,0.2700000000000001,False,,,
804,NORMAL,NORMAL,522440.9204974669,5697204.290406496,41,3,28.284271247461902,19600.815280166473,0.02742408551525058,ground_equivalent_excess_gamma_dose_rate,uSv/h,50.0,1.0,6360,0.000596199999563396,False,,3,0.30000000000000004,0.2700000000000001,False,,,
805,NORMAL,NORMAL,522420.9204974669,5697184.290406496,40,2,28.284271247461902,19629.099551413936,0.027244408617216137,ground_equivalent_excess_gamma_dose_rate,uSv/h,50.0,1.0,6360,0.000598999991780147,False,,3,0.30000000000000004,0.2700000000000001,False,,,
806,NORMAL,NORMAL,522440.9204974669,5697204.290406496,41,3,28.284271247461902,19657.3838226614,0.02742408551525058,ground_equivalent_excess_gamma_dose_rate,uSv/h,50.0,1.0,6360,0.0005574999959208071,False,,3,0.30000000000000004,0.2700000000000001,False,,,
807,NORMAL,NORMAL,522440.9204974669,5697224.290406496,42,3,20.0,19677.3838226614,0.026701395844453385,ground_equivalent_excess_gamma_dose_rate,uSv/h,50.0,1.0,6360,0.0005711000121664256,False,,3,0.30000000000000004,0.2700000000000001,False,,,
808,NORMAL,NORMAL,522460.9204974669,5697244.290406496,43,4,28.284271247461902,19705.668093908862,0.02680480537785354,ground_equivalent_excess_gamma_dose_rate,uSv/h,50.0,1.0,6360,0.0005318000039551407,False,,3,0.30000000000000004,0.2700000000000001,False,,,
809,NORMAL,NORMAL,522460.9204974669,5697264.290406496,44,4,20.0,19725.668093908862,0.026070403767408462,ground_equivalent_excess_gamma_dose_rate,uSv/h,50.0,1.0,6360,0.00055109997629188,False,,3,0.30000000000000004,0.2700000000000001,False,,,
810,NORMAL,NORMAL,522480.9204974669,5697284.290406496,45,5,28.284271247461902,19753.952365156325,0.026103397081482183,ground_equivalent_excess_gamma_dose_rate,uSv/h,50.0,1.0,6360,0.00059120001969859,False,,3,0.30000000000000004,0.2700000000000001,False,,,
811,NORMAL,NORMAL,522500.9204974669,5697304.290406496,46,6,28.284271247461902,19782.236636403788,0.026092827641798294,ground_equivalent_excess_gamma_dose_rate,uSv/h,50.0,1.0,6360,0.0005678000161424279,False,,3,0.30000000000000004,0.2700000000000001,False,,,
812,NORMAL,NORMAL,522500.9204974669,5697324.290406496,47,6,20.0,19802.236636403788,0.025334647528660437,ground_equivalent_excess_gamma_dose_rate,uSv/h,50.0,1.0,6360,0.0006147999956738204,False,,3,0.30000000000000004,0.2700000000000001,False,,,
813,NORMAL,NORMAL,522520.9204974669,5697304.290406496,46,7,28.284271247461902,19830.52090765125,0.02684037951038537,ground_equivalent_excess_gamma_dose_rate,uSv/h,50.0,1.0,6360,0.0005552999791689217,False,,3,0.30000000000000004,0.2700000000000001,False,,,
814,NORMAL,NORMAL,522540.9204974669,5697304.290406496,46,8,20.0,19850.52090765125,0.027607617704574594,ground_equivalent_excess_gamma_dose_rate,uSv/h,50.0,1.0,6360,0.000548599986359477,False,,3,0.30000000000000004,0.2700000000000001,False,,,
815,NORMAL,NORMAL,522540.9204974669,5697284.290406496,45,8,20.0,19870.52090765125,0.02848438185079355,ground_equivalent_excess_gamma_dose_rate,uSv/h,50.0,1.0,6360,0.0005408000142779201,False,,3,0.30000000000000004,0.2700000000000001,False,,,
816,NORMAL,NORMAL,522560.9204974669,5697284.290406496,45,9,20.0,19890.52090765125,0.029322462765904583,ground_equivalent_excess_gamma_dose_rate,uSv/h,50.0,1.0,6360,0.00041089998558163643,False,,3,0.30000000000000004,0.2700000000000001,False,,,
817,NORMAL,NORMAL,522580.9204974669,5697264.290406496,44,10,28.284271247461902,19918.805178898714,0.03120201890007354,ground_equivalent_excess_gamma_dose_rate,uSv/h,50.0,1.0,6360,0.0005658000009134412,False,,3,0.30000000000000004,0.2700000000000001,False,,,
818,NORMAL,NORMAL,522560.9204974669,5697284.290406496,45,9,28.284271247461902,19947.089450146177,0.029322462765904583,ground_equivalent_excess_gamma_dose_rate,uSv/h,50.0,1.0,6360,0.0005564999883063138,False,,3,0.30000000000000004,0.2700000000000001,False,,,
819,NORMAL,NORMAL,522560.9204974669,5697304.290406496,46,9,20.0,19967.089450146177,0.028394187167185725,ground_equivalent_excess_gamma_dose_rate,uSv/h,50.0,1.0,6360,0.0005878999945707619,False,,3,0.30000000000000004,0.2700000000000001,False,,,
820,NORMAL,NORMAL,522580.9204974669,5697324.290406496,47,10,28.284271247461902,19995.37372139364,0.02825338110379444,ground_equivalent_excess_gamma_dose_rate,uSv/h,50.0,1.0,6360,0.0005446999857667834,False,,3,0.30000000000000004,0.2700000000000001,False,,,
821,NORMAL,NORMAL,522600.9204974669,5697324.290406496,47,11,20.0,20015.37372139364,0.029023714821501595,ground_equivalent_excess_gamma_dose_rate,uSv/h,50.0,1.0,6360,0.0005777000042144209,False,,3,0.30000000000000004,0.2700000000000001,False,,,
822,NORMAL,NORMAL,522600.9204974669,5697344.290406496,48,11,20.0,20035.37372139364,0.02806347023056402,ground_equivalent_excess_gamma_dose_rate,uSv/h,50.0,1.0,6360,0.0005674000130966306,False,,3,0.30000000000000004,0.2700000000000001,False,,,
823,NORMAL,NORMAL,522620.9204974669,5697364.290406496,49,12,28.284271247461902,20063.657992641103,0.02782645102119452,ground_equivalent_excess_gamma_dose_rate,uSv/h,50.0,1.0,6360,0.0005537999968510121,False,,3,0.30000000000000004,0.2700000000000001,False,,,
824,NORMAL,NORMAL,522640.9204974669,5697384.290406496,50,13,28.284271247461902,20091.942263888566,0.027544758497403704,ground_equivalent_excess_gamma_dose_rate,uSv/h,50.0,1.0,6360,0.0005821000086143613,False,,3,0.30000000000000004,0.2700000000000001,False,,,
825,NORMAL,NORMAL,522660.9204974669,5697384.290406496,50,14,20.0,20111.942263888566,0.028199885340743525,ground_equivalent_excess_gamma_dose_rate,uSv/h,50.0,1.0,6360,0.0005593000096268952,False,,3,0.30000000000000004,0.2700000000000001,False,,,
826,NORMAL,NORMAL,522680.9204974669,5697364.290406496,49,15,28.284271247461902,20140.22653513603,0.029934027334035385,ground_equivalent_excess_gamma_dose_rate,uSv/h,50.0,1.0,6360,0.0006092000112403184,False,,3,0.30000000000000004,0.2700000000000001,False,,,
827,NORMAL,NORMAL,522700.9204974669,5697344.290406496,48,16,28.284271247461902,20168.510806383492,0.03183044952302708,ground_equivalent_excess_gamma_dose_rate,uSv/h,50.0,1.0,6360,0.0005697000015061349,False,,3,0.30000000000000004,0.2700000000000001,False,,,
828,NORMAL,NORMAL,522720.9204974669,5697364.290406496,49,17,28.284271247461902,20196.795077630955,0.0313676516895329,ground_equivalent_excess_gamma_dose_rate,uSv/h,50.0,1.0,6360,0.0005559000128414482,False,,3,0.30000000000000004,0.2700000000000001,False,,,
829,NORMAL,NORMAL,522740.9204974669,5697384.290406496,50,18,28.284271247461902,20225.07934887842,0.030857059958840805,ground_equivalent_excess_gamma_dose_rate,uSv/h,50.0,1.0,6360,0.000548899988643825,False,,3,0.30000000000000004,0.2700000000000001,False,,,
830,NORMAL,NORMAL,522760.9204974669,5697404.290406496,51,19,28.284271247461902,20253.36362012588,0.030303937216498295,ground_equivalent_excess_gamma_dose_rate,uSv/h,50.0,1.0,6360,0.0006009000062476844,False,,3,0.30000000000000004,0.2700000000000001,False,,,
831,NORMAL,NORMAL,522780.9204974669,5697424.290406496,52,20,28.284271247461902,20281.647891373344,0.029713681640185063,ground_equivalent_excess_gamma_dose_rate,uSv/h,50.0,1.0,6360,0.0006427000043913722,False,,3,0.30000000000000004,0.2700000000000001,False,,,
832,NORMAL,NORMAL,522800.9204974669,5697424.290406496,52,21,20.0,20301.647891373344,0.030270815114640637,ground_equivalent_excess_gamma_dose_rate,uSv/h,50.0,1.0,6360,0.0005609999934677035,False,,3,0.30000000000000004,0.2700000000000001,False,,,
833,NORMAL,NORMAL,522820.9204974669,5697444.290406496,53,22,28.284271247461902,20329.932162620808,0.02959749980636278,ground_equivalent_excess_gamma_dose_rate,uSv/h,50.0,1.0,6360,0.0006324000132735819,False,,3,0.30000000000000004,0.2700000000000001,False,,,
834,NORMAL,NORMAL,522840.9204974669,5697444.290406496,53,23,20.0,20349.932162620808,0.030092178103222872,ground_equivalent_excess_gamma_dose_rate,uSv/h,50.0,1.0,6360,0.0006271000020205975,False,,3,0.30000000000000004,0.2700000000000001,False,,,
835,NORMAL,NORMAL,522860.9204974669,5697464.290406496,54,24,28.284271247461902,20378.21643386827,0.02934380369609091,ground_equivalent_excess_gamma_dose_rate,uSv/h,50.0,1.0,6360,0.0006375999946612865,False,,3,0.30000000000000004,0.2700000000000001,False,,,
836,NORMAL,NORMAL,522880.9204974669,5697484.290406496,55,25,28.284271247461902,20406.500705115734,0.028579379509033553,ground_equivalent_excess_gamma_dose_rate,uSv/h,50.0,1.0,6360,0.0006747000152245164,False,,3,0.30000000000000004,0.2700000000000001,False,,,
837,NORMAL,NORMAL,522900.9204974669,5697484.290406496,55,26,20.0,20426.500705115734,0.028959609669510056,ground_equivalent_excess_gamma_dose_rate,uSv/h,50.0,1.0,6360,0.0005862000107299536,False,,3,0.30000000000000004,0.2700000000000001,False,,,
838,NORMAL,NORMAL,522920.9204974669,5697484.290406496,55,27,20.0,20446.500705115734,0.029322553853130956,ground_equivalent_excess_gamma_dose_rate,uSv/h,50.0,1.0,6360,0.0005913000204600394,False,,3,0.30000000000000004,0.2700000000000001,False,,,
839,NORMAL,NORMAL,522940.9204974669,5697484.290406496,55,28,20.0,20466.500705115734,0.029666520852422495,ground_equivalent_excess_gamma_dose_rate,uSv/h,50.0,1.0,6360,0.0005737000028602779,False,,3,0.30000000000000004,0.2700000000000001,False,,,
840,NORMAL,NORMAL,522960.9204974669,5697504.290406496,56,29,28.284271247461902,20494.784976363197,0.028752529436969293,ground_equivalent_excess_gamma_dose_rate,uSv/h,50.0,1.0,6360,0.0006457999988924712,False,,3,0.30000000000000004,0.2700000000000001,False,,,
841,NORMAL,NORMAL,522980.9204974669,5697524.290406496,57,30,28.284271247461902,20523.06924761066,0.0278434677059623,ground_equivalent_excess_gamma_dose_rate,uSv/h,50.0,1.0,6360,0.0006781999836675823,False,,3,0.30000000000000004,0.2700000000000001,False,,,
842,NORMAL,NORMAL,523000.920497467,5697504.290406496,56,31,28.28427124750306,20551.353518858163,0.029283668065691493,ground_equivalent_excess_gamma_dose_rate,uSv/h,50.0,1.0,6360,0.0005402000097092241,False,,3,0.30000000000000004,0.2700000000000001,False,,,
843,NORMAL,NORMAL,523020.920497467,5697484.290406496,55,32,28.284271247461902,20579.637790105626,0.030820071343789168,ground_equivalent_excess_gamma_dose_rate,uSv/h,50.0,1.0,6360,0.0006021000153850764,False,,3,0.30000000000000004,0.2700000000000001,False,,,
844,NORMAL,NORMAL,523040.920497467,5697484.290406496,55,33,20.0,20599.637790105626,0.031045316701920816,ground_equivalent_excess_gamma_dose_rate,uSv/h,50.0,1.0,6360,0.0006237000052351505,False,,3,0.30000000000000004,0.2700000000000001,False,,,
845,NORMAL,NORMAL,523060.920497467,5697464.290406496,54,34,28.284271247461902,20627.92206135309,0.032674785735006984,ground_equivalent_excess_gamma_dose_rate,uSv/h,50.0,1.0,6360,0.000608200003625825,False,,3,0.30000000000000004,0.2700000000000001,False,,,
846,NORMAL,NORMAL,523080.920497467,5697464.290406496,54,35,20.0,20647.92206135309,0.032858821634215774,ground_equivalent_excess_gamma_dose_rate,uSv/h,50.0,1.0,6360,0.0006031999946571887,False,,3,0.30000000000000004,0.2700000000000001,False,,,
847,NORMAL,NORMAL,523100.920497467,5697464.290406496,54,36,20.0,20667.92206135309,0.03301003631408725,ground_equivalent_excess_gamma_dose_rate,uSv/h,50.0,1.0,6360,0.0006133000133559108,False,,3,0.30000000000000004,0.2700000000000001,False,,,
848,NORMAL,NORMAL,523120.920497467,5697444.290406496,53,37,28.284271247461902,20696.206332600552,0.0347035717244453,ground_equivalent_excess_gamma_dose_rate,uSv/h,50.0,1.0,6360,0.000603299995418638,False,,3,0.30000000000000004,0.2700000000000001,False,,,
849,NORMAL,NORMAL,523140.920497467,5697444.290406496,53,38,20.0,20716.206332600552,0.034794629934550736,ground_equivalent_excess_gamma_dose_rate,uSv/h,50.0,1.0,6360,0.0006107999943196774,False,,3,0.30000000000000004,0.2700000000000001,False,,,
850,NORMAL,NORMAL,523160.920497467,5697424.290406496,52,39,28.284271247461902,20744.490603848015,0.0365527431262197,ground_equivalent_excess_gamma_dose_rate,uSv/h,50.0,1.0,6360,0.0005963000003248453,False,,3,0.30000000000000004,0.2700000000000001,False,,,
851,NORMAL,NORMAL,523180.920497467,5697424.290406496,52,40,20.0,20764.490603848015,0.03656799529834015,ground_equivalent_excess_gamma_dose_rate,uSv/h,50.0,1.0,6360,0.0005055000074207783,False,,3,0.30000000000000004,0.2700000000000001,False,,,
852,NORMAL,NORMAL,523200.920497467,5697404.290406496,51,41,28.284271247461902,20792.774875095478,0.038373017823162936,ground_equivalent_excess_gamma_dose_rate,uSv/h,50.0,1.0,6360,0.0005696000007446855,False,,3,0.30000000000000004,0.2700000000000001,False,,,
853,NORMAL,NORMAL,523220.920497467,5697384.290406496,50,42,28.284271247461902,20821.05914634294,0.04026147613844888,ground_equivalent_excess_gamma_dose_rate,uSv/h,50.0,1.0,6360,0.0006133000133559108,False,,3,0.30000000000000004,0.2700000000000001,False,,,
854,NORMAL,NORMAL,523240.920497467,5697384.290406496,50,43,20.0,20841.05914634294,0.04012482335258838,ground_equivalent_excess_gamma_dose_rate,uSv/h,50.0,1.0,6360,0.0005588000058196485,False,,3,0.30000000000000004,0.2700000000000001,False,,,
855,NORMAL,NORMAL,523260.920497467,5697404.290406496,51,44,28.284271247461902,20869.343417590404,0.0380029509641332,ground_equivalent_excess_gamma_dose_rate,uSv/h,50.0,1.0,6360,0.0006232999730855227,False,,3,0.30000000000000004,0.2700000000000001,False,,,
856,NORMAL,NORMAL,523280.920497467,5697384.290406496,50,45,28.284271247461902,20897.627688837867,0.03970238017728167,ground_equivalent_excess_gamma_dose_rate,uSv/h,50.0,1.0,6360,0.0005457999941427261,False,,3,0.30000000000000004,0.2700000000000001,False,,,
857,NORMAL,NORMAL,523300.920497467,5697364.290406496,49,46,28.284271247461902,20925.91196008533,0.041450661142358736,ground_equivalent_excess_gamma_dose_rate,uSv/h,50.0,1.0,6360,0.0005680000176653266,False,,3,0.30000000000000004,0.2700000000000001,False,,,
858,NORMAL,NORMAL,523320.920497467,5697344.290406496,48,47,28.284271247461902,20954.196231332793,0.04324001158493865,ground_equivalent_excess_gamma_dose_rate,uSv/h,50.0,1.0,6360,0.00044239999260753393,False,,3,0.30000000000000004,0.2700000000000001,False,,,
859,NORMAL,NORMAL,523340.920497467,5697324.290406496,47,48,28.284271247461902,20982.480502580256,0.045060493346879005,ground_equivalent_excess_gamma_dose_rate,uSv/h,50.0,1.0,6360,0.00045059999683871865,False,,3,0.30000000000000004,0.2700000000000001,False,,,
860,NORMAL,NORMAL,523360.920497467,5697304.290406496,46,49,28.284271247461902,21010.76477382772,0.046899805975803344,ground_equivalent_excess_gamma_dose_rate,uSv/h,50.0,1.0,6360,0.00043310000910423696,False,,3,0.30000000000000004,0.2700000000000001,False,,,
861,NORMAL,NORMAL,523360.920497467,5697284.290406496,45,49,20.0,21030.76477382772,0.04948750432618376,ground_equivalent_excess_gamma_dose_rate,uSv/h,50.0,1.0,6360,0.0003400999994482845,False,,3,0.30000000000000004,0.2700000000000001,False,,,
862,NORMAL,NORMAL,523340.920497467,5697264.290406496,44,48,28.284271247461902,21059.049045075182,0.05305714383535298,ground_equivalent_excess_gamma_dose_rate,uSv/h,50.0,1.0,6360,0.00033650000113993883,False,,3,0.30000000000000004,0.2700000000000001,False,,,
863,NORMAL,NORMAL,523320.920497467,5697244.290406496,43,47,28.284271247461902,21087.333316322645,0.05697328711120986,ground_equivalent_excess_gamma_dose_rate,uSv/h,50.0,1.0,6360,0.0003209999995306134,False,,3,0.30000000000000004,0.2700000000000001,False,,,
864,NORMAL,NORMAL,523320.920497467,5697224.290406496,42,47,20.0,21107.333316322645,0.06048451678859956,ground_equivalent_excess_gamma_dose_rate,uSv/h,50.0,1.0,6360,0.00031599999056197703,False,,3,0.30000000000000004,0.2700000000000001,False,,,
865,NORMAL,NORMAL,523340.920497467,5697244.290406496,43,48,28.284271247461902,21135.61758757011,0.05619027235171875,ground_equivalent_excess_gamma_dose_rate,uSv/h,50.0,1.0,6360,0.00031790000502951443,False,,3,0.30000000000000004,0.2700000000000001,False,,,
866,NORMAL,NORMAL,523320.920497467,5697244.290406496,43,47,20.0,21155.61758757011,0.05697328711120986,ground_equivalent_excess_gamma_dose_rate,uSv/h,50.0,1.0,6360,0.0003431000222917646,False,,3,0.30000000000000004,0.2700000000000001,False,,,
867,NORMAL,NORMAL,523300.920497467,5697224.290406496,42,46,28.284271247461902,21183.90185881757,0.06127237933376445,ground_equivalent_excess_gamma_dose_rate,uSv/h,50.0,1.0,6360,0.0005320000054780394,False,,3,0.30000000000000004,0.2700000000000001,False,,,
868,NORMAL,NORMAL,523320.920497467,5697204.290406496,41,47,28.284271247461902,21212.186130065034,0.06432428407753793,ground_equivalent_excess_gamma_dose_rate,uSv/h,50.0,1.0,6360,0.000367300002835691,False,,3,0.30000000000000004,0.2700000000000001,False,,,
869,NORMAL,NORMAL,523320.920497467,5697224.290406496,42,47,20.0,21232.186130065034,0.06048451678859956,ground_equivalent_excess_gamma_dose_rate,uSv/h,50.0,1.0,6360,0.00031450000824406743,False,,3,0.30000000000000004,0.2700000000000001,False,,,
870,NORMAL,NORMAL,523340.920497467,5697204.290406496,41,48,28.284271247461902,21260.470401312497,0.06332794335879338,ground_equivalent_excess_gamma_dose_rate,uSv/h,50.0,1.0,6360,0.00032049999572336674,False,,3,0.30000000000000004,0.2700000000000001,False,,,
871,NORMAL,NORMAL,523320.920497467,5697184.290406496,40,47,28.284271247461902,21288.75467255996,0.06853399117219444,ground_equivalent_excess_gamma_dose_rate,uSv/h,50.0,1.0,6360,0.00032229998032562435,False,,3,0.30000000000000004,0.2700000000000001,False,,,
872,NORMAL,NORMAL,523300.920497467,5697204.290406496,41,46,28.284271247461902,21317.038943807423,0.06521609179147247,ground_equivalent_excess_gamma_dose_rate,uSv/h,50.0,1.0,6360,0.0003616000176407397,False,,3,0.30000000000000004,0.2700000000000001,False,,,
873,NORMAL,NORMAL,523300.920497467,5697184.290406496,40,46,20.0,21337.038943807423,0.0695472667728923,ground_equivalent_excess_gamma_dose_rate,uSv/h,50.0,1.0,6360,0.0003223000094294548,False,,3,0.30000000000000004,0.2700000000000001,False,,,
874,NORMAL,NORMAL,523320.920497467,5697164.290406496,39,47,28.284271247461902,21365.323215054887,0.07316160768082164,ground_equivalent_excess_gamma_dose_rate,uSv/h,50.0,1.0,6360,0.0003510000242386013,False,,3,0.30000000000000004,0.2700000000000001,False,,,
875,NORMAL,NORMAL,523300.920497467,5697144.290406496,38,46,28.284271247461902,21393.60748630235,0.07958708238630918,ground_equivalent_excess_gamma_dose_rate,uSv/h,50.0,1.0,6360,0.0003539999888744205,False,,3,0.30000000000000004,0.2700000000000001,False,,,
876,NORMAL,NORMAL,523320.920497467,5697144.290406496,38,47,20.0,21413.60748630235,0.07826292336335122,ground_equivalent_excess_gamma_dose_rate,uSv/h,50.0,1.0,6360,0.0003239999932702631,False,,3,0.30000000000000004,0.2700000000000001,False,,,
877,NORMAL,NORMAL,523300.920497467,5697144.290406496,38,46,20.0,21433.60748630235,0.07958708238630918,ground_equivalent_excess_gamma_dose_rate,uSv/h,50.0,1.0,6360,0.0003071000101044774,False,,3,0.30000000000000004,0.2700000000000001,False,,,
878,NORMAL,NORMAL,523300.920497467,5697164.290406496,39,46,20.0,21453.60748630235,0.07431749580467983,ground_equivalent_excess_gamma_dose_rate,uSv/h,50.0,1.0,6360,0.00028940002084709704,False,,3,0.30000000000000004,0.2700000000000001,False,,,
879,NORMAL,NORMAL,523320.920497467,5697144.290406496,38,47,28.284271247461902,21481.891757549813,0.07826292336335122,ground_equivalent_excess_gamma_dose_rate,uSv/h,50.0,1.0,6360,0.0002986000035889447,False,,3,0.30000000000000004,0.2700000000000001,False,,,
880,NORMAL,NORMAL,523320.920497467,5697124.290406496,37,47,20.0,21501.891757549813,0.08390307806076447,ground_equivalent_excess_gamma_dose_rate,uSv/h,50.0,1.0,6360,0.0005333999870344996,False,,3,0.30000000000000004,0.2700000000000001,False,,,
881,NORMAL,NORMAL,523320.920497467,5697104.290406496,36,47,20.0,21521.891757549813,0.09015843757872316,ground_equivalent_excess_gamma_dose_rate,uSv/h,50.0,1.0,6360,0.0005209999799262732,False,,3,0.30000000000000004,0.2700000000000001,False,,,
882,NORMAL,NORMAL,523320.920497467,5697084.290406496,35,47,20.0,21541.891757549813,0.09711890263625572,ground_equivalent_excess_gamma_dose_rate,uSv/h,50.0,1.0,6360,0.0005636999849230051,False,,3,0.30000000000000004,0.2700000000000001,False,,,
883,NORMAL,NORMAL,523300.920497467,5697084.290406496,35,46,20.0,21561.891757549813,0.09916633480544901,ground_equivalent_excess_gamma_dose_rate,uSv/h,50.0,1.0,6360,0.0005258999881334603,False,,3,0.30000000000000004,0.2700000000000001,False,,,
884,NORMAL,NORMAL,523280.920497467,5697064.290406496,34,45,28.284271247461902,21590.176028797276,0.10940261388950911,ground_equivalent_excess_gamma_dose_rate,uSv/h,50.0,1.0,6360,0.0005516000092029572,False,,3,0.30000000000000004,0.2700000000000001,False,,,
885,NORMAL,NORMAL,523260.920497467,5697064.290406496,34,44,20.0,21610.176028797276,0.11121045807448715,ground_equivalent_excess_gamma_dose_rate,uSv/h,50.0,1.0,6360,0.000506300013512373,False,,3,0.30000000000000004,0.2700000000000001,False,,,
886,NORMAL,NORMAL,523260.920497467,5697084.290406496,35,44,20.0,21630.176028797276,0.10251270248937128,ground_equivalent_excess_gamma_dose_rate,uSv/h,50.0,1.0,6360,0.00039450000622309744,False,,3,0.30000000000000004,0.2700000000000001,False,,,
887,NORMAL,NORMAL,523260.920497467,5697104.290406496,36,44,20.0,21650.176028797276,0.09478837176769406,ground_equivalent_excess_gamma_dose_rate,uSv/h,50.0,1.0,6360,0.00045759999193251133,False,,3,0.30000000000000004,0.2700000000000001,False,,,
888,NORMAL,NORMAL,523240.920497467,5697124.290406496,37,43,28.284271247461902,21678.46030004474,0.0888087124281901,ground_equivalent_excess_gamma_dose_rate,uSv/h,50.0,1.0,6360,0.00045590000809170306,False,,3,0.30000000000000004,0.2700000000000001,False,,,
889,NORMAL,NORMAL,523260.920497467,5697144.290406496,38,44,28.284271247461902,21706.7445712922,0.08172822889192038,ground_equivalent_excess_gamma_dose_rate,uSv/h,50.0,1.0,6360,0.00040940000326372683,False,,3,0.30000000000000004,0.2700000000000001,False,,,
890,NORMAL,NORMAL,523260.920497467,5697164.290406496,39,44,20.0,21726.7445712922,0.07618117187619033,ground_equivalent_excess_gamma_dose_rate,uSv/h,50.0,1.0,6360,0.00036020000698044896,False,,3,0.30000000000000004,0.2700000000000001,False,,,
891,NORMAL,NORMAL,523240.920497467,5697184.290406496,40,43,28.284271247461902,21755.028842539665,0.07177234945223748,ground_equivalent_excess_gamma_dose_rate,uSv/h,50.0,1.0,6360,0.0007671999919693917,False,,3,0.30000000000000004,0.2700000000000001,False,,,
892,NORMAL,NORMAL,523240.920497467,5697204.290406496,41,43,20.0,21775.028842539665,0.06716877189145537,ground_equivalent_excess_gamma_dose_rate,uSv/h,50.0,1.0,6360,0.000753700005589053,False,,3,0.30000000000000004,0.2700000000000001,False,,,
893,NORMAL,NORMAL,523220.920497467,5697184.290406496,40,42,28.284271247461902,21803.313113787128,0.07221075364939133,ground_equivalent_excess_gamma_dose_rate,uSv/h,50.0,1.0,6360,0.0005810000002384186,False,,3,0.30000000000000004,0.2700000000000001,False,,,
894,NORMAL,NORMAL,523220.920497467,5697204.290406496,41,42,20.0,21823.313113787128,0.06755258965713301,ground_equivalent_excess_gamma_dose_rate,uSv/h,50.0,1.0,6360,0.0005610999942291528,False,,3,0.30000000000000004,0.2700000000000001,False,,,
895,NORMAL,NORMAL,523200.920497467,5697224.290406496,42,41,28.284271247461902,21851.59738503459,0.06354200658640019,ground_equivalent_excess_gamma_dose_rate,uSv/h,50.0,1.0,6360,0.0006825000164099038,False,,3,0.30000000000000004,0.2700000000000001,False,,,
896,NORMAL,NORMAL,523180.920497467,5697244.290406496,43,40,28.284271247461902,21879.881656282054,0.05975157695634409,ground_equivalent_excess_gamma_dose_rate,uSv/h,50.0,1.0,6360,0.000517700013006106,False,,3,0.30000000000000004,0.2700000000000001,False,,,
897,NORMAL,NORMAL,523160.920497467,5697224.290406496,42,39,28.284271247461902,21908.165927529517,0.0635790879700674,ground_equivalent_excess_gamma_dose_rate,uSv/h,50.0,1.0,6360,0.00042559998109936714,False,,3,0.30000000000000004,0.2700000000000001,False,,,
898,NORMAL,NORMAL,523140.920497467,5697204.290406496,41,38,28.284271247461902,21936.45019877698,0.06763646486524794,ground_equivalent_excess_gamma_dose_rate,uSv/h,50.0,1.0,6360,0.0003691999881993979,False,,3,0.30000000000000004,0.2700000000000001,False,,,
899,NORMAL,NORMAL,523120.920497467,5697224.290406496,42,37,28.284271247461902,21964.734470024443,0.06310237786928424,ground_equivalent_excess_gamma_dose_rate,uSv/h,50.0,1.0,6360,0.0005663000047206879,False,,3,0.30000000000000004,0.2700000000000001,False,,,
900,NORMAL,NORMAL,523120.920497467,5697244.290406496,43,37,20.0,21984.734470024443,0.05929020634637283,ground_equivalent_excess_gamma_dose_rate,uSv/h,50.0,1.0,6360,0.000464899989310652,False,,3,0.30000000000000004,0.2700000000000001,False,,,
901,NORMAL,NORMAL,523120.920497467,5697264.290406496,44,37,20.0,22004.734470024443,0.05581253968713351,ground_equivalent_excess_gamma_dose_rate,uSv/h,50.0,1.0,6360,0.0003415000101085752,False,,3,0.30000000000000004,0.2700000000000001,False,,,
902,NORMAL,NORMAL,523100.920497467,5697284.290406496,45,36,28.284271247461902,22033.018741271906,0.05233558058816479,ground_equivalent_excess_gamma_dose_rate,uSv/h,50.0,1.0,6360,0.0003265999839641154,False,,3,0.30000000000000004,0.2700000000000001,False,,,
903,NORMAL,NORMAL,523080.920497467,5697284.290406496,45,35,20.0,22053.018741271906,0.05195649882538417,ground_equivalent_excess_gamma_dose_rate,uSv/h,50.0,1.0,6360,0.00038889999268576503,False,,3,0.30000000000000004,0.2700000000000001,False,,,
904,NORMAL,NORMAL,523060.920497467,5697284.290406496,45,34,20.0,22073.018741271906,0.051497864126532955,ground_equivalent_excess_gamma_dose_rate,uSv/h,50.0,1.0,6360,0.0005584000027738512,False,,3,0.30000000000000004,0.2700000000000001,False,,,
905,NORMAL,NORMAL,523040.920497467,5697304.290406496,46,33,28.284271247461902,22101.30301251937,0.04822386604787118,ground_equivalent_excess_gamma_dose_rate,uSv/h,50.0,1.0,6360,0.0006012000085320324,False,,3,0.30000000000000004,0.2700000000000001,False,,,
906,NORMAL,NORMAL,523020.920497467,5697304.290406496,46,32,20.0,22121.30301251937,0.047682554054377824,ground_equivalent_excess_gamma_dose_rate,uSv/h,50.0,1.0,6360,0.0005727999960072339,False,,3,0.30000000000000004,0.2700000000000001,False,,,
907,NORMAL,NORMAL,523000.920497467,5697304.290406496,46,31,20.0,22141.30301251937,0.04708221703815796,ground_equivalent_excess_gamma_dose_rate,uSv/h,50.0,1.0,6360,0.0005727999960072339,False,,3,0.30000000000000004,0.2700000000000001,False,,,
908,NORMAL,NORMAL,522980.9204974669,5697284.290406496,45,30,28.28427124750306,22169.587283766872,0.048962188427003256,ground_equivalent_excess_gamma_dose_rate,uSv/h,50.0,1.0,6360,0.0005913000204600394,False,,3,0.30000000000000004,0.2700000000000001,False,,,
909,NORMAL,NORMAL,522960.9204974669,5697264.290406496,44,29,28.284271247461902,22197.871555014335,0.05083262374388109,ground_equivalent_excess_gamma_dose_rate,uSv/h,50.0,1.0,6360,0.0005643999902531505,False,,3,0.30000000000000004,0.2700000000000001,False,,,
910,NORMAL,NORMAL,522940.9204974669,5697244.290406496,43,28,28.284271247461902,22226.1558262618,0.052673474244151086,ground_equivalent_excess_gamma_dose_rate,uSv/h,50.0,1.0,6360,0.0005815999757032841,False,,3,0.30000000000000004,0.2700000000000001,False,,,
911,NORMAL,NORMAL,522920.9204974669,5697224.290406496,42,27,28.284271247461902,22254.44009750926,0.05446216734341486,ground_equivalent_excess_gamma_dose_rate,uSv/h,50.0,1.0,6360,0.0005802999949082732,False,,3,0.30000000000000004,0.2700000000000001,False,,,
912,NORMAL,NORMAL,522900.9204974669,5697204.290406496,41,26,28.284271247461902,22282.724368756724,0.056173930770787084,ground_equivalent_excess_gamma_dose_rate,uSv/h,50.0,1.0,6360,0.0004966999986208975,False,,3,0.30000000000000004,0.2700000000000001,False,,,
913,NORMAL,NORMAL,522880.9204974669,5697184.290406496,40,25,28.284271247461902,22311.008640004187,0.057782312409407344,ground_equivalent_excess_gamma_dose_rate,uSv/h,50.0,1.0,6360,0.0005341999931260943,False,,3,0.30000000000000004,0.2700000000000001,False,,,
914,NORMAL,NORMAL,522860.9204974669,5697204.290406496,41,24,28.284271247461902,22339.29291125165,0.05332573042929273,ground_equivalent_excess_gamma_dose_rate,uSv/h,50.0,1.0,6360,0.00044750000233761966,False,,3,0.30000000000000004,0.2700000000000001,False,,,
915,NORMAL,NORMAL,522840.9204974669,5697224.290406496,42,23,28.284271247461902,22367.577182499113,0.04935100341905396,ground_equivalent_excess_gamma_dose_rate,uSv/h,50.0,1.0,6360,0.0003522000042721629,False,,3,0.30000000000000004,0.2700000000000001,False,,,
916,NORMAL,NORMAL,522860.9204974669,5697204.290406496,41,24,28.284271247461902,22395.861453746576,0.05332573042929273,ground_equivalent_excess_gamma_dose_rate,uSv/h,50.0,1.0,6360,0.00031689999741502106,False,,3,0.30000000000000004,0.2700000000000001,False,,,
917,NORMAL,NORMAL,522840.9204974669,5697224.290406496,42,23,28.284271247461902,22424.14572499404,0.04935100341905396,ground_equivalent_excess_gamma_dose_rate,uSv/h,50.0,1.0,6360,0.0005028000159654766,False,,3,0.30000000000000004,0.2700000000000001,False,,,
918,NORMAL,NORMAL,522860.9204974669,5697244.290406496,43,24,28.284271247461902,22452.429996241503,0.0481729668946593,ground_equivalent_excess_gamma_dose_rate,uSv/h,50.0,1.0,6360,0.00033290000283159316,False,,3,0.30000000000000004,0.2700000000000001,False,,,
919,NORMAL,NORMAL,522840.9204974669,5697244.290406496,43,23,20.0,22472.429996241503,0.046988195071920064,ground_equivalent_excess_gamma_dose_rate,uSv/h,50.0,1.0,6360,0.0003093999985139817,False,,3,0.30000000000000004,0.2700000000000001,False,,,
920,NORMAL,NORMAL,522820.9204974669,5697264.290406496,44,22,28.284271247461902,22500.714267488966,0.04369048198793396,ground_equivalent_excess_gamma_dose_rate,uSv/h,50.0,1.0,6360,0.0004859000036958605,False,,3,0.30000000000000004,0.2700000000000001,False,,,
921,NORMAL,NORMAL,522800.9204974669,5697244.290406496,43,21,28.284271247461902,22528.99853873643,0.0445935605312624,ground_equivalent_excess_gamma_dose_rate,uSv/h,50.0,1.0,6360,0.00048370001604780555,False,,3,0.30000000000000004,0.2700000000000001,False,,,
922,NORMAL,NORMAL,522780.9204974669,5697244.290406496,43,20,20.0,22548.99853873643,0.04339491797406961,ground_equivalent_excess_gamma_dose_rate,uSv/h,50.0,1.0,6360,0.0005101999850012362,False,,3,0.30000000000000004,0.2700000000000001,False,,,
923,NORMAL,NORMAL,522760.9204974669,5697224.290406496,42,19,28.284271247461902,22577.28280998389,0.04409821439639322,ground_equivalent_excess_gamma_dose_rate,uSv/h,50.0,1.0,6360,0.000367300002835691,False,,3,0.30000000000000004,0.2700000000000001,False,,,
924,NORMAL,NORMAL,522740.9204974669,5697224.290406496,42,18,20.0,22597.28280998389,0.0428080986129207,ground_equivalent_excess_gamma_dose_rate,uSv/h,50.0,1.0,6360,0.0003721999819390476,False,,3,0.30000000000000004,0.2700000000000001,False,,,
925,NORMAL,NORMAL,522720.9204974669,5697204.290406496,41,17,28.284271247461902,22625.567081231355,0.04331151556204177,ground_equivalent_excess_gamma_dose_rate,uSv/h,50.0,1.0,6360,0.0003355999942868948,False,,3,0.30000000000000004,0.2700000000000001,False,,,
926,NORMAL,NORMAL,522740.9204974669,5697184.290406496,40,18,28.284271247461902,22653.851352478818,0.046689245476713825,ground_equivalent_excess_gamma_dose_rate,uSv/h,50.0,1.0,6360,0.00032279998413287103,False,,3,0.30000000000000004,0.2700000000000001,False,,,
927,NORMAL,NORMAL,522740.9204974669,5697164.290406496,39,18,20.0,22673.851352478818,0.04879172171428098,ground_equivalent_excess_gamma_dose_rate,uSv/h,50.0,1.0,6360,0.00038129999302327633,False,,3,0.30000000000000004,0.2700000000000001,False,,,
928,NORMAL,NORMAL,522720.9204974669,5697184.290406496,40,17,28.284271247461902,22702.13562372628,0.045180139204215514,ground_equivalent_excess_gamma_dose_rate,uSv/h,50.0,1.0,6360,0.0003378999826963991,False,,3,0.30000000000000004,0.2700000000000001,False,,,
929,NORMAL,NORMAL,522700.9204974669,5697184.290406496,40,16,20.0,22722.13562372628,0.04370432637881744,ground_equivalent_excess_gamma_dose_rate,uSv/h,50.0,1.0,6360,0.0003541999903973192,False,,3,0.30000000000000004,0.2700000000000001,False,,,
930,NORMAL,NORMAL,522680.9204974669,5697164.290406496,39,15,28.284271247461902,22750.419894973744,0.043980185692491514,ground_equivalent_excess_gamma_dose_rate,uSv/h,50.0,1.0,6360,0.0003930999955628067,False,,3,0.30000000000000004,0.2700000000000001,False,,,
931,NORMAL,NORMAL,522660.9204974669,5697164.290406496,39,14,20.0,22770.419894973744,0.04246478765088013,ground_equivalent_excess_gamma_dose_rate,uSv/h,50.0,1.0,6360,0.00034779999987222254,False,,3,0.30000000000000004,0.2700000000000001,False,,,
932,NORMAL,NORMAL,522640.9204974669,5697144.290406496,38,13,28.284271247461902,22798.704166221207,0.0425506479997369,ground_equivalent_excess_gamma_dose_rate,uSv/h,50.0,1.0,6360,0.0005412999889813364,False,,3,0.30000000000000004,0.2700000000000001,False,,,
933,NORMAL,NORMAL,522640.9204974669,5697164.290406496,39,13,20.0,22818.704166221207,0.040996488005006326,ground_equivalent_excess_gamma_dose_rate,uSv/h,50.0,1.0,6360,0.0006073999975342304,False,,3,0.30000000000000004,0.2700000000000001,False,,,
934,NORMAL,NORMAL,522660.9204974669,5697144.290406496,38,14,28.284271247461902,22846.98843746867,0.044134533571553,ground_equivalent_excess_gamma_dose_rate,uSv/h,50.0,1.0,6360,0.0003789000038523227,False,,3,0.30000000000000004,0.2700000000000001,False,,,
935,NORMAL,NORMAL,522680.9204974669,5697144.290406496,38,15,20.0,22866.98843746867,0.04577374781875909,ground_equivalent_excess_gamma_dose_rate,uSv/h,50.0,1.0,6360,0.0003267000138293952,False,,3,0.30000000000000004,0.2700000000000001,False,,,
936,NORMAL,NORMAL,522700.9204974669,5697144.290406496,38,16,20.0,22886.98843746867,0.04746721410246349,ground_equivalent_excess_gamma_dose_rate,uSv/h,50.0,1.0,6360,0.0003038999857380986,False,,3,0.30000000000000004,0.2700000000000001,False,,,
937,NORMAL,NORMAL,522720.9204974669,5697124.290406496,37,17,28.284271247461902,22915.272708716133,0.05138526049719966,ground_equivalent_excess_gamma_dose_rate,uSv/h,50.0,1.0,6360,0.0003136000013910234,False,,3,0.30000000000000004,0.2700000000000001,False,,,
938,NORMAL,NORMAL,522700.9204974669,5697124.290406496,37,16,20.0,22935.272708716133,0.049484754403510245,ground_equivalent_excess_gamma_dose_rate,uSv/h,50.0,1.0,6360,0.00030399998649954796,False,,3,0.30000000000000004,0.2700000000000001,False,,,
939,NORMAL,NORMAL,522720.9204974669,5697144.290406496,38,17,28.284271247461902,22963.556979963596,0.049213174581350994,ground_equivalent_excess_gamma_dose_rate,uSv/h,50.0,1.0,6360,0.0002986000035889447,False,,3,0.30000000000000004,0.2700000000000001,False,,,
940,NORMAL,NORMAL,522740.9204974669,5697164.290406496,39,18,28.284271247461902,22991.84125121106,0.04879172171428098,ground_equivalent_excess_gamma_dose_rate,uSv/h,50.0,1.0,6360,0.00031960001797415316,False,,3,0.30000000000000004,0.2700000000000001,False,,,
941,NORMAL,NORMAL,522760.9204974669,5697184.290406496,40,19,28.284271247461902,23020.125522458522,0.04822810434957259,ground_equivalent_excess_gamma_dose_rate,uSv/h,50.0,1.0,6360,0.000434900022810325,False,,3,0.30000000000000004,0.2700000000000001,False,,,
942,NORMAL,NORMAL,522780.9204974669,5697164.290406496,39,20,28.284271247461902,23048.409793705985,0.05219081725861874,ground_equivalent_excess_gamma_dose_rate,uSv/h,50.0,1.0,6360,0.00033889999031089246,False,,3,0.30000000000000004,0.2700000000000001,False,,,
943,NORMAL,NORMAL,522800.9204974669,5697164.290406496,39,21,20.0,23068.409793705985,0.053934383651003004,ground_equivalent_excess_gamma_dose_rate,uSv/h,50.0,1.0,6360,0.00031900001340545714,False,,3,0.30000000000000004,0.2700000000000001,False,,,
944,NORMAL,NORMAL,522820.9204974669,5697184.290406496,40,22,28.284271247461902,23096.694064953448,0.0529757372129645,ground_equivalent_excess_gamma_dose_rate,uSv/h,50.0,1.0,6360,0.0003251000016462058,False,,3,0.30000000000000004,0.2700000000000001,False,,,
945,NORMAL,NORMAL,522800.9204974669,5697184.290406496,40,21,20.0,23116.694064953448,0.05137696256179508,ground_equivalent_excess_gamma_dose_rate,uSv/h,50.0,1.0,6360,0.00031590001890435815,False,,3,0.30000000000000004,0.2700000000000001,False,,,
946,NORMAL,NORMAL,522780.9204974669,5697184.290406496,40,20,20.0,23136.694064953448,0.04979239729234891,ground_equivalent_excess_gamma_dose_rate,uSv/h,50.0,1.0,6360,0.0003141000051982701,False,,3,0.30000000000000004,0.2700000000000001,False,,,
947,NORMAL,NORMAL,522780.9204974669,5697204.290406496,41,20,20.0,23156.694064953448,0.047532321736864114,ground_equivalent_excess_gamma_dose_rate,uSv/h,50.0,1.0,6360,0.00029930000891909003,False,,3,0.30000000000000004,0.2700000000000001,False,,,
948,NORMAL,NORMAL,522760.9204974669,5697224.290406496,42,19,28.284271247461902,23184.97833620091,0.04409821439639322,ground_equivalent_excess_gamma_dose_rate,uSv/h,50.0,1.0,6360,0.00031030000536702573,False,,3,0.30000000000000004,0.2700000000000001,False,,,
949,NORMAL,NORMAL,522780.9204974669,5697224.290406496,42,20,20.0,23204.97833620091,0.04540244721631692,ground_equivalent_excess_gamma_dose_rate,uSv/h,50.0,1.0,6360,0.00033930002246052027,False,,3,0.30000000000000004,0.2700000000000001,False,,,
950,NORMAL,NORMAL,522760.9204974669,5697224.290406496,42,19,20.0,23224.97833620091,0.04409821439639322,ground_equivalent_excess_gamma_dose_rate,uSv/h,50.0,1.0,6360,0.0005627000064123422,False,,3,0.30000000000000004,0.2700000000000001,False,,,
951,NORMAL,NORMAL,522740.9204974669,5697244.290406496,43,18,28.284271247461902,23253.262607448374,0.0410189191795986,ground_equivalent_excess_gamma_dose_rate,uSv/h,50.0,1.0,6360,0.0003772999916691333,False,,3,0.30000000000000004,0.2700000000000001,False,,,
952,NORMAL,NORMAL,522740.9204974669,5697264.290406496,44,18,20.0,23273.262607448374,0.03932375263291088,ground_equivalent_excess_gamma_dose_rate,uSv/h,50.0,1.0,6360,0.0004068999842274934,False,,3,0.30000000000000004,0.2700000000000001,False,,,
953,NORMAL,NORMAL,522720.9204974669,5697264.290406496,44,17,20.0,23293.262607448374,0.03824774296949818,ground_equivalent_excess_gamma_dose_rate,uSv/h,50.0,1.0,6360,0.00038750001112930477,False,,3,0.30000000000000004,0.2700000000000001,False,,,
954,NORMAL,NORMAL,522700.9204974669,5697244.290406496,43,16,28.284271247461902,23321.546878695837,0.038696971302194294,ground_equivalent_excess_gamma_dose_rate,uSv/h,50.0,1.0,6360,0.0003468999930191785,False,,3,0.30000000000000004,0.2700000000000001,False,,,
955,NORMAL,NORMAL,522680.9204974669,5697224.290406496,42,15,28.284271247461902,23349.8311499433,0.039058994217212456,ground_equivalent_excess_gamma_dose_rate,uSv/h,50.0,1.0,6360,0.00032309998641721904,False,,3,0.30000000000000004,0.2700000000000001,False,,,
956,NORMAL,NORMAL,522680.9204974669,5697204.290406496,41,15,20.0,23369.8311499433,0.040625025489119504,ground_equivalent_excess_gamma_dose_rate,uSv/h,50.0,1.0,6360,0.0004446999810170382,False,,3,0.30000000000000004,0.2700000000000001,False,,,
957,NORMAL,NORMAL,522660.9204974669,5697204.290406496,41,14,20.0,23389.8311499433,0.039328613644487254,ground_equivalent_excess_gamma_dose_rate,uSv/h,50.0,1.0,6360,0.000357400014763698,False,,3,0.30000000000000004,0.2700000000000001,False,,,
958,NORMAL,NORMAL,522680.9204974669,5697204.290406496,41,15,20.0,23409.8311499433,0.040625025489119504,ground_equivalent_excess_gamma_dose_rate,uSv/h,50.0,1.0,6360,0.00032060002558864653,False,,3,0.30000000000000004,0.2700000000000001,False,,,
959,NORMAL,NORMAL,522680.9204974669,5697224.290406496,42,15,20.0,23429.8311499433,0.039058994217212456,ground_equivalent_excess_gamma_dose_rate,uSv/h,50.0,1.0,6360,0.00031870001112110913,False,,3,0.30000000000000004,0.2700000000000001,False,,,
960,NORMAL,NORMAL,522680.9204974669,5697204.290406496,41,15,20.0,23449.8311499433,0.040625025489119504,ground_equivalent_excess_gamma_dose_rate,uSv/h,50.0,1.0,6360,0.0003237000200897455,False,,3,0.30000000000000004,0.2700000000000001,False,,,
961,NORMAL,NORMAL,522680.9204974669,5697224.290406496,42,15,20.0,23469.8311499433,0.039058994217212456,ground_equivalent_excess_gamma_dose_rate,uSv/h,50.0,1.0,6360,0.00030670000705868006,False,,3,0.30000000000000004,0.2700000000000001,False,,,
962,NORMAL,NORMAL,522660.9204974669,5697244.290406496,43,14,28.284271247461902,23498.115421190763,0.03645293014125084,ground_equivalent_excess_gamma_dose_rate,uSv/h,50.0,1.0,6360,0.00031870001112110913,False,,3,0.30000000000000004,0.2700000000000001,False,,,
963,NORMAL,NORMAL,522640.9204974669,5697224.290406496,42,13,28.284271247461902,23526.399692438226,0.03668766304998322,ground_equivalent_excess_gamma_dose_rate,uSv/h,50.0,1.0,6360,0.00031269999453797936,False,,3,0.30000000000000004,0.2700000000000001,False,,,
964,NORMAL,NORMAL,522660.9204974669,5697204.290406496,41,14,28.284271247461902,23554.68396368569,0.039328613644487254,ground_equivalent_excess_gamma_dose_rate,uSv/h,50.0,1.0,6360,0.0003127999952994287,False,,3,0.30000000000000004,0.2700000000000001,False,,,
965,NORMAL,NORMAL,522680.9204974669,5697184.290406496,40,15,28.284271247461902,23582.968234933152,0.04226463984717305,ground_equivalent_excess_gamma_dose_rate,uSv/h,50.0,1.0,6360,0.0004440000047907233,False,,3,0.30000000000000004,0.2700000000000001,False,,,
966,NORMAL,NORMAL,522700.9204974669,5697204.290406496,41,16,28.284271247461902,23611.252506180615,0.04195342089222856,ground_equivalent_excess_gamma_dose_rate,uSv/h,50.0,1.0,6360,0.00033889999031089246,False,,3,0.30000000000000004,0.2700000000000001,False,,,
967,NORMAL,NORMAL,522720.9204974669,5697224.290406496,42,17,28.284271247461902,23639.53677742808,0.041536041965074294,ground_equivalent_excess_gamma_dose_rate,uSv/h,50.0,1.0,6360,0.0004211000050418079,False,,3,0.30000000000000004,0.2700000000000001,False,,,
968,NORMAL,NORMAL,522720.9204974669,5697244.290406496,43,17,20.0,23659.53677742808,0.03984952019217719,ground_equivalent_excess_gamma_dose_rate,uSv/h,50.0,1.0,6360,0.00033290000283159316,False,,3,0.30000000000000004,0.2700000000000001,False,,,
969,NORMAL,NORMAL,522740.9204974669,5697244.290406496,43,18,20.0,23679.53677742808,0.0410189191795986,ground_equivalent_excess_gamma_dose_rate,uSv/h,50.0,1.0,6360,0.0003308999876026064,False,,3,0.30000000000000004,0.2700000000000001,False,,,
970,NORMAL,NORMAL,522720.9204974669,5697244.290406496,43,17,20.0,23699.53677742808,0.03984952019217719,ground_equivalent_excess_gamma_dose_rate,uSv/h,50.0,1.0,6360,0.00030509999487549067,False,,3,0.30000000000000004,0.2700000000000001,False,,,
971,NORMAL,NORMAL,522740.9204974669,5697224.290406496,42,18,28.284271247461902,23727.82104867554,0.0428080986129207,ground_equivalent_excess_gamma_dose_rate,uSv/h,50.0,1.0,6360,0.00032619998091831803,False,,3,0.30000000000000004,0.2700000000000001,False,,,
972,NORMAL,NORMAL,522740.9204974669,5697244.290406496,43,18,20.0,23747.82104867554,0.0410189191795986,ground_equivalent_excess_gamma_dose_rate,uSv/h,50.0,1.0,6360,0.00035799999022856355,False,,3,0.30000000000000004,0.2700000000000001,False,,,
973,NORMAL,NORMAL,522720.9204974669,5697224.290406496,42,17,28.284271247461902,23776.105319923005,0.041536041965074294,ground_equivalent_excess_gamma_dose_rate,uSv/h,50.0,1.0,6360,0.00034210001467727125,False,,3,0.30000000000000004,0.2700000000000001,False,,,
974,NORMAL,NORMAL,522740.9204974669,5697204.290406496,41,18,28.284271247461902,23804.389591170468,0.04469645855983817,ground_equivalent_excess_gamma_dose_rate,uSv/h,50.0,1.0,6360,0.0003003000165335834,False,,3,0.30000000000000004,0.2700000000000001,False,,,
975,NORMAL,NORMAL,522740.9204974669,5697184.290406496,40,18,20.0,23824.389591170468,0.046689245476713825,ground_equivalent_excess_gamma_dose_rate,uSv/h,50.0,1.0,6360,0.0003630999999586493,False,,3,0.30000000000000004,0.2700000000000001,False,,,
976,NORMAL,NORMAL,522720.9204974669,5697184.290406496,40,17,20.0,23844.389591170468,0.045180139204215514,ground_equivalent_excess_gamma_dose_rate,uSv/h,50.0,1.0,6360,0.0003265999839641154,False,,3,0.30000000000000004,0.2700000000000001,False,,,
977,NORMAL,NORMAL,522740.9204974669,5697164.290406496,39,18,28.284271247461902,23872.67386241793,0.04879172171428098,ground_equivalent_excess_gamma_dose_rate,uSv/h,50.0,1.0,6360,0.0003161999920848757,False,,3,0.30000000000000004,0.2700000000000001,False,,,
978,NORMAL,NORMAL,522740.9204974669,5697144.290406496,38,18,20.0,23892.67386241793,0.05100908349186001,ground_equivalent_excess_gamma_dose_rate,uSv/h,50.0,1.0,6360,0.00030559999868273735,False,,3,0.30000000000000004,0.2700000000000001,False,,,
979,NORMAL,NORMAL,522720.9204974669,5697144.290406496,38,17,20.0,23912.67386241793,0.049213174581350994,ground_equivalent_excess_gamma_dose_rate,uSv/h,50.0,1.0,6360,0.00037410002551041543,False,,3,0.30000000000000004,0.2700000000000001,False,,,
980,NORMAL,NORMAL,522720.9204974669,5697164.290406496,39,17,20.0,23932.67386241793,0.04714603661647504,ground_equivalent_excess_gamma_dose_rate,uSv/h,50.0,1.0,6360,0.0005336999893188477,False,,3,0.30000000000000004,0.2700000000000001,False,,,
981,NORMAL,NORMAL,522740.9204974669,5697164.290406496,39,18,20.0,23952.67386241793,0.04879172171428098,ground_equivalent_excess_gamma_dose_rate,uSv/h,50.0,1.0,6360,0.0005602999881375581,False,,3,0.30000000000000004,0.2700000000000001,False,,,
982,NORMAL,NORMAL,522740.9204974669,5697184.290406496,40,18,20.0,23972.67386241793,0.046689245476713825,ground_equivalent_excess_gamma_dose_rate,uSv/h,50.0,1.0,6360,0.0005314000009093434,False,,3,0.30000000000000004,0.2700000000000001,False,,,
983,NORMAL,NORMAL,522760.9204974669,5697204.290406496,41,19,28.284271247461902,24000.958133665394,0.04610477673034802,ground_equivalent_excess_gamma_dose_rate,uSv/h,50.0,1.0,6360,0.0005440000095404685,False,,3,0.30000000000000004,0.2700000000000001,False,,,
984,NORMAL,NORMAL,522780.9204974669,5697224.290406496,42,20,28.284271247461902,24029.242404912857,0.04540244721631692,ground_equivalent_excess_gamma_dose_rate,uSv/h,50.0,1.0,6360,0.0005099999834783375,False,,3,0.30000000000000004,0.2700000000000001,False,,,
985,NORMAL,NORMAL,522800.9204974669,5697204.290406496,41,21,28.284271247461902,24057.52667616032,0.04897422208299887,ground_equivalent_excess_gamma_dose_rate,uSv/h,50.0,1.0,6360,0.00035439999192021787,False,,3,0.30000000000000004,0.2700000000000001,False,,,
986,NORMAL,NORMAL,522820.9204974669,5697224.290406496,42,22,28.284271247461902,24085.810947407783,0.04803437761590887,ground_equivalent_excess_gamma_dose_rate,uSv/h,50.0,1.0,6360,0.00035310001112520695,False,,3,0.30000000000000004,0.2700000000000001,False,,,
987,NORMAL,NORMAL,522840.9204974669,5697244.290406496,43,23,28.284271247461902,24114.095218655246,0.046988195071920064,ground_equivalent_excess_gamma_dose_rate,uSv/h,50.0,1.0,6360,0.00034539998159743845,False,,3,0.30000000000000004,0.2700000000000001,False,,,
988,NORMAL,NORMAL,522860.9204974669,5697264.290406496,44,24,28.284271247461902,24142.37948990271,0.04585166457090664,ground_equivalent_excess_gamma_dose_rate,uSv/h,50.0,1.0,6360,0.0003152000135742128,False,,3,0.30000000000000004,0.2700000000000001,False,,,
989,NORMAL,NORMAL,522880.9204974669,5697244.290406496,43,25,28.284271247461902,24170.663761150172,0.04934100208924641,ground_equivalent_excess_gamma_dose_rate,uSv/h,50.0,1.0,6360,0.00031079998007044196,False,,3,0.30000000000000004,0.2700000000000001,False,,,
990,NORMAL,NORMAL,522880.9204974669,5697224.290406496,42,25,20.0,24190.663761150172,0.05195293361553044,ground_equivalent_excess_gamma_dose_rate,uSv/h,50.0,1.0,6360,0.0003102999762631953,False,,3,0.30000000000000004,0.2700000000000001,False,,,
991,NORMAL,NORMAL,522900.9204974669,5697224.290406496,42,26,20.0,24210.663761150172,0.053223251888170675,ground_equivalent_excess_gamma_dose_rate,uSv/h,50.0,1.0,6360,0.0003166999958921224,False,,3,0.30000000000000004,0.2700000000000001,False,,,
992,NORMAL,NORMAL,522920.9204974669,5697204.290406496,41,27,28.284271247461902,24238.948032397635,0.0575558075233783,ground_equivalent_excess_gamma_dose_rate,uSv/h,50.0,1.0,6360,0.00030860002152621746,False,,3,0.30000000000000004,0.2700000000000001,False,,,
993,NORMAL,NORMAL,522940.9204974669,5697184.290406496,40,28,28.284271247461902,24267.232303645098,0.06240599288956783,ground_equivalent_excess_gamma_dose_rate,uSv/h,50.0,1.0,6360,0.0003171999996993691,False,,3,0.30000000000000004,0.2700000000000001,False,,,
994,NORMAL,NORMAL,522960.9204974669,5697204.290406496,41,29,28.284271247461902,24295.51657489256,0.06018433256452893,ground_equivalent_excess_gamma_dose_rate,uSv/h,50.0,1.0,6360,0.0005087000026833266,False,,3,0.30000000000000004,0.2700000000000001,False,,,
995,NORMAL,NORMAL,522980.9204974669,5697224.290406496,42,30,28.284271247461902,24323.800846140024,0.057900064483466906,ground_equivalent_excess_gamma_dose_rate,uSv/h,50.0,1.0,6360,0.0003658000205177814,False,,3,0.30000000000000004,0.2700000000000001,False,,,
996,NORMAL,NORMAL,523000.920497467,5697244.290406496,43,31,28.28427124750306,24352.085117387527,0.05558441046485213,ground_equivalent_excess_gamma_dose_rate,uSv/h,50.0,1.0,6360,0.00032460002694278955,False,,3,0.30000000000000004,0.2700000000000001,False,,,
997,NORMAL,NORMAL,523020.920497467,5697244.290406496,43,32,20.0,24372.085117387527,0.05642307536116031,ground_equivalent_excess_gamma_dose_rate,uSv/h,50.0,1.0,6360,0.00032029999420046806,False,,3,0.30000000000000004,0.2700000000000001,False,,,
998,NORMAL,NORMAL,523040.920497467,5697244.290406496,43,33,20.0,24392.085117387527,0.05718260868599018,ground_equivalent_excess_gamma_dose_rate,uSv/h,50.0,1.0,6360,0.0003271999885328114,False,,3,0.30000000000000004,0.2700000000000001,False,,,
999,NORMAL,NORMAL,523060.920497467,5697224.290406496,42,34,28.284271247461902,24420.36938863499,0.06147983696507053,ground_equivalent_excess_gamma_dose_rate,uSv/h,50.0,1.0,6360,0.00033069998607970774,False,,3,0.30000000000000004,0.2700000000000001,False,,,
1000,NORMAL,NORMAL,523080.920497467,5697204.290406496,41,35,28.284271247461902,24448.653659882453,0.06619379552017818,ground_equivalent_excess_gamma_dose_rate,uSv/h,50.0,1.0,6360,0.000302100001135841,False,,3,0.30000000000000004,0.2700000000000001,False,,,
1001,NORMAL,NORMAL,523060.920497467,5697184.290406496,40,34,28.284271247461902,24476.937931129916,0.06981466510153539,ground_equivalent_excess_gamma_dose_rate,uSv/h,50.0,1.0,6360,0.0003127999952994287,False,,3,0.30000000000000004,0.2700000000000001,False,,,
1002,NORMAL,NORMAL,523040.920497467,5697204.290406496,41,33,28.284271247461902,24505.22220237738,0.0645912324545464,ground_equivalent_excess_gamma_dose_rate,uSv/h,50.0,1.0,6360,0.00036539998836815357,False,,3,0.30000000000000004,0.2700000000000001,False,,,
1003,NORMAL,NORMAL,523020.920497467,5697204.290406496,41,32,20.0,24525.22220237738,0.06362380298751347,ground_equivalent_excess_gamma_dose_rate,uSv/h,50.0,1.0,6360,0.00031209998996928334,False,,3,0.30000000000000004,0.2700000000000001,False,,,
1004,NORMAL,NORMAL,523000.920497467,5697184.290406496,40,31,28.284271247461902,24553.506473624842,0.06653417446889476,ground_equivalent_excess_gamma_dose_rate,uSv/h,50.0,1.0,6360,0.00030429998878389597,False,,3,0.30000000000000004,0.2700000000000001,False,,,
1005,NORMAL,NORMAL,522980.9204974669,5697164.290406496,39,30,28.28427124750306,24581.790744872345,0.06941382437812427,ground_equivalent_excess_gamma_dose_rate,uSv/h,50.0,1.0,6360,0.0003467000206001103,False,,3,0.30000000000000004,0.2700000000000001,False,,,
1006,NORMAL,NORMAL,523000.920497467,5697184.290406496,40,31,28.28427124750306,24610.07501611985,0.06653417446889476,ground_equivalent_excess_gamma_dose_rate,uSv/h,50.0,1.0,6360,0.0003324999997857958,False,,3,0.30000000000000004,0.2700000000000001,False,,,
1007,NORMAL,NORMAL,523020.920497467,5697204.290406496,41,32,28.284271247461902,24638.35928736731,0.06362380298751347,ground_equivalent_excess_gamma_dose_rate,uSv/h,50.0,1.0,6360,0.0003865000035148114,False,,3,0.30000000000000004,0.2700000000000001,False,,,
1008,NORMAL,NORMAL,523040.920497467,5697204.290406496,41,33,20.0,24658.35928736731,0.0645912324545464,ground_equivalent_excess_gamma_dose_rate,uSv/h,50.0,1.0,6360,0.0005020000098738819,False,,3,0.30000000000000004,0.2700000000000001,False,,,
1009,NORMAL,NORMAL,523040.920497467,5697184.290406496,40,33,20.0,24678.35928736731,0.06883710613914545,ground_equivalent_excess_gamma_dose_rate,uSv/h,50.0,1.0,6360,0.0004940000071655959,False,,3,0.30000000000000004,0.2700000000000001,False,,,
1010,NORMAL,NORMAL,523020.920497467,5697184.290406496,40,32,20.0,24698.35928736731,0.06773939011906244,ground_equivalent_excess_gamma_dose_rate,uSv/h,50.0,1.0,6360,0.0003471999953035265,False,,3,0.30000000000000004,0.2700000000000001,False,,,
1011,NORMAL,NORMAL,523000.920497467,5697204.290406496,41,31,28.284271247461902,24726.643558614775,0.06255943657597224,ground_equivalent_excess_gamma_dose_rate,uSv/h,50.0,1.0,6360,0.00032079999800771475,False,,3,0.30000000000000004,0.2700000000000001,False,,,
1012,NORMAL,NORMAL,523020.920497467,5697204.290406496,41,32,20.0,24746.643558614775,0.06362380298751347,ground_equivalent_excess_gamma_dose_rate,uSv/h,50.0,1.0,6360,0.00045110000064596534,False,,3,0.30000000000000004,0.2700000000000001,False,,,
1013,NORMAL,NORMAL,523040.920497467,5697184.290406496,40,33,28.284271247461902,24774.927829862238,0.06883710613914545,ground_equivalent_excess_gamma_dose_rate,uSv/h,50.0,1.0,6360,0.00046519999159500003,False,,3,0.30000000000000004,0.2700000000000001,False,,,
1014,NORMAL,NORMAL,523060.920497467,5697164.290406496,39,34,28.284271247461902,24803.2121011097,0.07462291423113249,ground_equivalent_excess_gamma_dose_rate,uSv/h,50.0,1.0,6360,0.0005086000019218773,False,,3,0.30000000000000004,0.2700000000000001,False,,,
1015,NORMAL,NORMAL,523040.920497467,5697144.290406496,38,33,28.284271247461902,24831.496372357164,0.07865845408812194,ground_equivalent_excess_gamma_dose_rate,uSv/h,50.0,1.0,6360,0.0005259999888949096,False,,3,0.30000000000000004,0.2700000000000001,False,,,
1016,NORMAL,NORMAL,523040.920497467,5697124.290406496,37,33,20.0,24851.496372357164,0.08435783788076029,ground_equivalent_excess_gamma_dose_rate,uSv/h,50.0,1.0,6360,0.000427500024670735,False,,3,0.30000000000000004,0.2700000000000001,False,,,
1017,NORMAL,NORMAL,523020.920497467,5697104.290406496,36,32,28.284271247461902,24879.780643604627,0.08878830071584137,ground_equivalent_excess_gamma_dose_rate,uSv/h,50.0,1.0,6360,0.0003566000086721033,False,,3,0.30000000000000004,0.2700000000000001,False,,,
1018,NORMAL,NORMAL,523040.920497467,5697084.290406496,35,33,28.284271247461902,24908.06491485209,0.09772872698474083,ground_equivalent_excess_gamma_dose_rate,uSv/h,50.0,1.0,6360,0.00033099998836405575,False,,3,0.30000000000000004,0.2700000000000001,False,,,
1019,NORMAL,NORMAL,523060.920497467,5697064.290406496,34,34,28.284271247461902,24936.349186099553,0.10792065711838761,ground_equivalent_excess_gamma_dose_rate,uSv/h,50.0,1.0,6360,0.00041680000140331686,False,,3,0.30000000000000004,0.2700000000000001,False,,,
1020,NORMAL,NORMAL,523080.920497467,5697084.290406496,35,35,28.284271247461902,24964.633457347016,0.10144472954258815,ground_equivalent_excess_gamma_dose_rate,uSv/h,50.0,1.0,6360,0.00031549998675473034,False,,3,0.30000000000000004,0.2700000000000001,False,,,
1021,NORMAL,NORMAL,523100.920497467,5697104.290406496,36,36,28.284271247461902,24992.91772859448,0.0951193998730136,ground_equivalent_excess_gamma_dose_rate,uSv/h,50.0,1.0,6360,0.0003186000103596598,False,,3,0.30000000000000004,0.2700000000000001,False,,,
1022,NORMAL,NORMAL,523120.920497467,5697104.290406496,36,37,20.0,25012.91772859448,0.09610125069004127,ground_equivalent_excess_gamma_dose_rate,uSv/h,50.0,1.0,6360,0.00031040000612847507,False,,3,0.30000000000000004,0.2700000000000001,False,,,
1023,NORMAL,NORMAL,523140.920497467,5697084.290406496,35,38,28.284271247461902,25041.201999841942,0.10487289165493985,ground_equivalent_excess_gamma_dose_rate,uSv/h,50.0,1.0,6360,0.0005764999950770289,False,,3,0.30000000000000004,0.2700000000000001,False,,,
1024,NORMAL,NORMAL,523120.920497467,5697064.290406496,34,37,28.284271247461902,25069.486271089405,0.11302200339642066,ground_equivalent_excess_gamma_dose_rate,uSv/h,50.0,1.0,6360,0.00041290000081062317,False,,3,0.30000000000000004,0.2700000000000001,False,,,
1025,NORMAL,NORMAL,523100.920497467,5697044.290406496,33,36,28.284271247461902,25097.770542336868,0.12159064780096973,ground_equivalent_excess_gamma_dose_rate,uSv/h,50.0,1.0,6360,0.00039939998532645404,False,,3,0.30000000000000004,0.2700000000000001,False,,,
1026,NORMAL,NORMAL,523080.920497467,5697024.290406496,32,35,28.284271247461902,25126.05481358433,0.13046656865232348,ground_equivalent_excess_gamma_dose_rate,uSv/h,50.0,1.0,6360,0.0003436999977566302,False,,3,0.30000000000000004,0.2700000000000001,False,,,
1027,NORMAL,NORMAL,523060.920497467,5697044.290406496,33,34,28.284271247461902,25154.339084831794,0.1171627212469592,ground_equivalent_excess_gamma_dose_rate,uSv/h,50.0,1.0,6360,0.0003129999968223274,False,,3,0.30000000000000004,0.2700000000000001,False,,,
1028,NORMAL,NORMAL,523040.920497467,5697024.290406496,32,33,28.284271247461902,25182.623356079257,0.12438398646254323,ground_equivalent_excess_gamma_dose_rate,uSv/h,50.0,1.0,6360,0.00032970000756904483,False,,3,0.30000000000000004,0.2700000000000001,False,,,
1029,NORMAL,NORMAL,523020.920497467,5697044.290406496,33,32,28.284271247461902,25210.90762732672,0.11143353341106615,ground_equivalent_excess_gamma_dose_rate,uSv/h,50.0,1.0,6360,0.00031189998844638467,False,,3,0.30000000000000004,0.2700000000000001,False,,,
1030,NORMAL,NORMAL,523000.920497467,5697064.290406496,34,31,28.284271247461902,25239.191898574183,0.10027778351649536,ground_equivalent_excess_gamma_dose_rate,uSv/h,50.0,1.0,6360,0.00047439997433684766,False,,3,0.30000000000000004,0.2700000000000001,False,,,
1031,NORMAL,NORMAL,522980.9204974669,5697064.290406496,34,30,20.000000000058208,25259.19189857424,0.09735478052894941,ground_equivalent_excess_gamma_dose_rate,uSv/h,50.0,1.0,6360,0.0003318999952170998,False,,3,0.30000000000000004,0.2700000000000001,False,,,
1032,NORMAL,NORMAL,522960.9204974669,5697064.290406496,34,29,20.0,25279.19189857424,0.09431186374105605,ground_equivalent_excess_gamma_dose_rate,uSv/h,50.0,1.0,6360,0.000384299986762926,False,,3,0.30000000000000004,0.2700000000000001,False,,,
1033,NORMAL,NORMAL,522940.9204974669,5697064.290406496,34,28,20.0,25299.19189857424,0.09118654202059301,ground_equivalent_excess_gamma_dose_rate,uSv/h,50.0,1.0,6360,0.0003760000108741224,False,,3,0.30000000000000004,0.2700000000000001,False,,,
1034,NORMAL,NORMAL,522920.9204974669,5697084.290406496,35,27,28.284271247461902,25327.476169821704,0.08247511241481548,ground_equivalent_excess_gamma_dose_rate,uSv/h,50.0,1.0,6360,0.0005193000251892954,False,,3,0.30000000000000004,0.2700000000000001,False,,,
1035,NORMAL,NORMAL,522900.9204974669,5697064.290406496,34,26,28.284271247461902,25355.760441069167,0.08482230497427246,ground_equivalent_excess_gamma_dose_rate,uSv/h,50.0,1.0,6360,0.000548899988643825,False,,3,0.30000000000000004,0.2700000000000001,False,,,
1036,NORMAL,NORMAL,522880.9204974669,5697044.290406496,33,25,28.284271247461902,25384.04471231663,0.0868218803095015,ground_equivalent_excess_gamma_dose_rate,uSv/h,50.0,1.0,6360,0.0005584000027738512,False,,3,0.30000000000000004,0.2700000000000001,False,,,
1037,NORMAL,NORMAL,522860.9204974669,5697024.290406496,32,24,28.284271247461902,25412.328983564094,0.08841485939718319,ground_equivalent_excess_gamma_dose_rate,uSv/h,50.0,1.0,6360,0.0005263000202830881,False,,3,0.30000000000000004,0.2700000000000001,False,,,
1038,NORMAL,NORMAL,522840.9204974669,5697004.290406496,31,23,28.284271247461902,25440.613254811557,0.08955118491420261,ground_equivalent_excess_gamma_dose_rate,uSv/h,50.0,1.0,6360,0.000367300002835691,False,,3,0.30000000000000004,0.2700000000000001,False,,,
1039,NORMAL,NORMAL,522820.9204974669,5696984.290406497,30,22,28.284271246803357,25468.89752605836,0.09019344566306448,ground_equivalent_excess_gamma_dose_rate,uSv/h,50.0,1.0,6360,0.00035990000469610095,False,,3,0.30000000000000004,0.2700000000000001,False,,,
1040,NORMAL,NORMAL,522800.9204974669,5696964.290406497,29,21,28.284271247461902,25497.181797305824,0.09031985874447951,ground_equivalent_excess_gamma_dose_rate,uSv/h,50.0,1.0,6360,0.0003634000022429973,False,,3,0.30000000000000004,0.2700000000000001,False,,,
1041,NORMAL,NORMAL,522780.9204974669,5696964.290406497,29,20,20.0,25517.181797305824,0.0855346174824535,ground_equivalent_excess_gamma_dose_rate,uSv/h,50.0,1.0,6360,0.0003208000271115452,False,,3,0.30000000000000004,0.2700000000000001,False,,,
1042,NORMAL,NORMAL,522760.9204974669,5696944.290406497,28,19,28.284271247461902,25545.466068553287,0.08494982264268702,ground_equivalent_excess_gamma_dose_rate,uSv/h,50.0,1.0,6360,0.00037090000114403665,False,,3,0.30000000000000004,0.2700000000000001,False,,,
1043,NORMAL,NORMAL,522740.9204974669,5696964.290406497,29,18,28.284271247461902,25573.75033980075,0.07676957210483298,ground_equivalent_excess_gamma_dose_rate,uSv/h,50.0,1.0,6360,0.000440500007243827,False,,3,0.30000000000000004,0.2700000000000001,False,,,
1044,NORMAL,NORMAL,522720.9204974669,5696964.290406497,29,17,20.0,25593.75033980075,0.07277276315507597,ground_equivalent_excess_gamma_dose_rate,uSv/h,50.0,1.0,6360,0.00034059997415170074,False,,3,0.30000000000000004,0.2700000000000001,False,,,
1045,NORMAL,NORMAL,522700.9204974669,5696964.290406497,29,16,20.0,25613.75033980075,0.06901875451446837,ground_equivalent_excess_gamma_dose_rate,uSv/h,50.0,1.0,6360,0.00034779999987222254,False,,3,0.30000000000000004,0.2700000000000001,False,,,
1046,NORMAL,NORMAL,522700.9204974669,5696984.290406497,30,16,20.0,25633.75033980075,0.06626139394919733,ground_equivalent_excess_gamma_dose_rate,uSv/h,50.0,1.0,6360,0.00031389997457154095,False,,3,0.30000000000000004,0.2700000000000001,False,,,
1047,NORMAL,NORMAL,522720.9204974669,5697004.290406496,31,17,28.284271246803357,25662.034611047555,0.06675896310489465,ground_equivalent_excess_gamma_dose_rate,uSv/h,50.0,1.0,6360,0.0003081000177189708,False,,3,0.30000000000000004,0.2700000000000001,False,,,
1048,NORMAL,NORMAL,522740.9204974669,5697004.290406496,31,18,20.0,25682.034611047555,0.07010729255107301,ground_equivalent_excess_gamma_dose_rate,uSv/h,50.0,1.0,6360,0.0002978999982587993,False,,3,0.30000000000000004,0.2700000000000001,False,,,
1049,NORMAL,NORMAL,522740.9204974669,5696984.290406497,30,18,19.999999999068677,25702.034611046623,0.07337337049387133,ground_equivalent_excess_gamma_dose_rate,uSv/h,50.0,1.0,6360,0.00031120001222006977,False,,3,0.30000000000000004,0.2700000000000001,False,,,
1050,NORMAL,NORMAL,522760.9204974669,5696964.290406497,29,19,28.284271247461902,25730.318882294087,0.08102031453735709,ground_equivalent_excess_gamma_dose_rate,uSv/h,50.0,1.0,6360,0.00041849998524412513,False,,3,0.30000000000000004,0.2700000000000001,False,,,
1051,NORMAL,NORMAL,522780.9204974669,5696944.290406497,28,20,28.284271247461902,25758.60315354155,0.089926081989597,ground_equivalent_excess_gamma_dose_rate,uSv/h,50.0,1.0,6360,0.0003971999976783991,False,,3,0.30000000000000004,0.2700000000000001,False,,,
1052,NORMAL,NORMAL,522800.9204974669,5696924.290406497,27,21,28.284271247461902,25786.887424789013,0.10038240624690081,ground_equivalent_excess_gamma_dose_rate,uSv/h,50.0,1.0,6360,0.0003262000100221485,False,,3,0.30000000000000004,0.2700000000000001,False,,,
1053,NORMAL,NORMAL,522800.9204974669,5696904.290406497,26,21,20.0,25806.887424789013,0.1057644091872128,ground_equivalent_excess_gamma_dose_rate,uSv/h,50.0,1.0,6360,0.00031960001797415316,False,,3,0.30000000000000004,0.2700000000000001,False,,,
1054,NORMAL,NORMAL,522820.9204974669,5696884.290406497,25,22,28.284271247461902,25835.171696036476,0.11915205826626118,ground_equivalent_excess_gamma_dose_rate,uSv/h,50.0,1.0,6360,0.0003102000046055764,False,,3,0.30000000000000004,0.2700000000000001,False,,,
1055,NORMAL,NORMAL,522800.9204974669,5696864.290406497,24,21,28.284271247461902,25863.45596728394,0.11713553074471428,ground_equivalent_excess_gamma_dose_rate,uSv/h,50.0,1.0,6360,0.0003234000178053975,False,,3,0.30000000000000004,0.2700000000000001,False,,,
1056,NORMAL,NORMAL,522820.9204974669,5696844.290406497,23,22,28.284271247461902,25891.7402385314,0.13264745652288723,ground_equivalent_excess_gamma_dose_rate,uSv/h,50.0,1.0,6360,0.00032410002313554287,False,,3,0.30000000000000004,0.2700000000000001,False,,,
1057,NORMAL,NORMAL,522800.9204974669,5696864.290406497,24,21,28.284271247461902,25920.024509778865,0.11713553074471428,ground_equivalent_excess_gamma_dose_rate,uSv/h,50.0,1.0,6360,0.00029749999521300197,False,,3,0.30000000000000004,0.2700000000000001,False,,,
1058,NORMAL,NORMAL,522800.9204974669,5696844.290406497,23,21,20.0,25940.024509778865,0.12305888888304778,ground_equivalent_excess_gamma_dose_rate,uSv/h,50.0,1.0,6360,0.000391999987186864,False,,3,0.30000000000000004,0.2700000000000001,False,,,
1059,NORMAL,NORMAL,522820.9204974669,5696864.290406497,24,22,28.284271247461902,25968.308781026328,0.1257907735863668,ground_equivalent_excess_gamma_dose_rate,uSv/h,50.0,1.0,6360,0.0003189000126440078,False,,3,0.30000000000000004,0.2700000000000001,False,,,
1060,NORMAL,NORMAL,522800.9204974669,5696844.290406497,23,21,28.284271247461902,25996.59305227379,0.12305888888304778,ground_equivalent_excess_gamma_dose_rate,uSv/h,50.0,1.0,6360,0.0005498999962583184,False,,3,0.30000000000000004,0.2700000000000001,False,,,
1061,NORMAL,NORMAL,522820.9204974669,5696844.290406497,23,22,20.0,26016.59305227379,0.13264745652288723,ground_equivalent_excess_gamma_dose_rate,uSv/h,50.0,1.0,6360,0.0005201000021770597,False,,3,0.30000000000000004,0.2700000000000001,False,,,
1062,NORMAL,NORMAL,522800.9204974669,5696844.290406497,23,21,20.0,26036.59305227379,0.12305888888304778,ground_equivalent_excess_gamma_dose_rate,uSv/h,50.0,1.0,6360,0.00033569999504834414,False,,3,0.30000000000000004,0.2700000000000001,False,,,
1063,NORMAL,NORMAL,522800.9204974669,5696864.290406497,24,21,20.0,26056.59305227379,0.11713553074471428,ground_equivalent_excess_gamma_dose_rate,uSv/h,50.0,1.0,6360,0.0003273999900557101,False,,3,0.30000000000000004,0.2700000000000001,False,,,
1064,NORMAL,NORMAL,522820.9204974669,5696884.290406497,25,22,28.284271247461902,26084.877323521254,0.11915205826626118,ground_equivalent_excess_gamma_dose_rate,uSv/h,50.0,1.0,6360,0.0003031000087503344,False,,3,0.30000000000000004,0.2700000000000001,False,,,
1065,NORMAL,NORMAL,522840.9204974669,5696884.290406497,25,23,20.0,26104.877323521254,0.12759615798653773,ground_equivalent_excess_gamma_dose_rate,uSv/h,50.0,1.0,6360,0.0004411999834701419,False,,3,0.30000000000000004,0.2700000000000001,False,,,
1066,NORMAL,NORMAL,522860.9204974669,5696904.290406497,26,24,28.284271247461902,26133.161594768717,0.1283903971423463,ground_equivalent_excess_gamma_dose_rate,uSv/h,50.0,1.0,6360,0.0003634000022429973,False,,3,0.30000000000000004,0.2700000000000001,False,,,
1067,NORMAL,NORMAL,522840.9204974669,5696924.290406497,27,23,28.284271247461902,26161.44586601618,0.11339046426408744,ground_equivalent_excess_gamma_dose_rate,uSv/h,50.0,1.0,6360,0.00032500000088475645,False,,3,0.30000000000000004,0.2700000000000001,False,,,
1068,NORMAL,NORMAL,522840.9204974669,5696944.290406497,28,23,20.0,26181.44586601618,0.106860299490951,ground_equivalent_excess_gamma_dose_rate,uSv/h,50.0,1.0,6360,0.0003192000149283558,False,,3,0.30000000000000004,0.2700000000000001,False,,,
1069,NORMAL,NORMAL,522860.9204974669,5696964.290406497,29,24,28.284271247461902,26209.730137263643,0.10632042772452333,ground_equivalent_excess_gamma_dose_rate,uSv/h,50.0,1.0,6360,0.0003023000026587397,False,,3,0.30000000000000004,0.2700000000000001,False,,,
1070,NORMAL,NORMAL,522880.9204974669,5696964.290406497,29,25,20.0,26229.730137263643,0.11218157760174147,ground_equivalent_excess_gamma_dose_rate,uSv/h,50.0,1.0,6360,0.0003076000139117241,False,,3,0.30000000000000004,0.2700000000000001,False,,,
1071,NORMAL,NORMAL,522900.9204974669,5696984.290406497,30,26,28.284271247461902,26258.014408511106,0.11040406467450498,ground_equivalent_excess_gamma_dose_rate,uSv/h,50.0,1.0,6360,0.0003245999978389591,False,,3,0.30000000000000004,0.2700000000000001,False,,,
1072,NORMAL,NORMAL,522920.9204974669,5697004.290406496,31,27,28.284271246803357,26286.29867975791,0.10793127044493589,ground_equivalent_excess_gamma_dose_rate,uSv/h,50.0,1.0,6360,0.00030759998480789363,False,,3,0.30000000000000004,0.2700000000000001,False,,,
1073,NORMAL,NORMAL,522920.9204974669,5697024.290406496,32,27,20.0,26306.29867975791,0.1006838036374339,ground_equivalent_excess_gamma_dose_rate,uSv/h,50.0,1.0,6360,0.0004292000085115433,False,,3,0.30000000000000004,0.2700000000000001,False,,,
1074,NORMAL,NORMAL,522940.9204974669,5697024.290406496,32,28,20.0,26326.29867975791,0.10485836714533509,ground_equivalent_excess_gamma_dose_rate,uSv/h,50.0,1.0,6360,0.00037540000630542636,False,,3,0.30000000000000004,0.2700000000000001,False,,,
1075,NORMAL,NORMAL,522960.9204974669,5697024.290406496,32,29,20.0,26346.29867975791,0.10901246683298654,ground_equivalent_excess_gamma_dose_rate,uSv/h,50.0,1.0,6360,0.00034070000401698053,False,,3,0.30000000000000004,0.2700000000000001,False,,,
1076,NORMAL,NORMAL,522980.9204974669,5697024.290406496,32,30,20.0,26366.29867975791,0.11309847649300514,ground_equivalent_excess_gamma_dose_rate,uSv/h,50.0,1.0,6360,0.00032619998091831803,False,,3,0.30000000000000004,0.2700000000000001,False,,,
1077,NORMAL,NORMAL,523000.920497467,5697004.290406496,31,31,28.28427124750306,26394.582951005414,0.12697585793740523,ground_equivalent_excess_gamma_dose_rate,uSv/h,50.0,1.0,6360,0.00029830000130459666,False,,3,0.30000000000000004,0.2700000000000001,False,,,
1078,NORMAL,NORMAL,523000.920497467,5696984.290406497,30,31,19.999999999068677,26414.582951004482,0.13811040163127036,ground_equivalent_excess_gamma_dose_rate,uSv/h,50.0,1.0,6360,0.00031380000291392207,False,,3,0.30000000000000004,0.2700000000000001,False,,,
1079,NORMAL,NORMAL,522980.9204974669,5696964.290406497,29,30,28.28427124750306,26442.867222251985,0.14415315533054746,ground_equivalent_excess_gamma_dose_rate,uSv/h,50.0,1.0,6360,0.00031430000672116876,False,,3,0.30000000000000004,0.2700000000000001,False,,,
1080,NORMAL,NORMAL,522960.9204974669,5696984.290406497,30,29,28.284271247461902,26471.15149349945,0.12704211354777967,ground_equivalent_excess_gamma_dose_rate,uSv/h,50.0,1.0,6360,0.00030720001086592674,False,,3,0.30000000000000004,0.2700000000000001,False,,,
1081,NORMAL,NORMAL,522940.9204974669,5697004.290406496,31,28,28.284271246803357,26499.435764746253,0.1127428152247773,ground_equivalent_excess_gamma_dose_rate,uSv/h,50.0,1.0,6360,0.00032920000376179814,False,,3,0.30000000000000004,0.2700000000000001,False,,,
1082,NORMAL,NORMAL,522960.9204974669,5697004.290406496,31,29,20.0,26519.435764746253,0.11755945416433361,ground_equivalent_excess_gamma_dose_rate,uSv/h,50.0,1.0,6360,0.0004317999992053956,False,,3,0.30000000000000004,0.2700000000000001,False,,,
1083,NORMAL,NORMAL,522960.9204974669,5696984.290406497,30,29,19.999999999068677,26539.43576474532,0.12704211354777967,ground_equivalent_excess_gamma_dose_rate,uSv/h,50.0,1.0,6360,0.00033820001408457756,False,,3,0.30000000000000004,0.2700000000000001,False,,,
1084,NORMAL,NORMAL,522940.9204974669,5696984.290406497,30,28,20.0,26559.43576474532,0.12143561834110261,ground_equivalent_excess_gamma_dose_rate,uSv/h,50.0,1.0,6360,0.0003164999943692237,False,,3,0.30000000000000004,0.2700000000000001,False,,,
1085,NORMAL,NORMAL,522940.9204974669,5696964.290406497,29,28,20.0,26579.43576474532,0.13102918273772451,ground_equivalent_excess_gamma_dose_rate,uSv/h,50.0,1.0,6360,0.00029850000282749534,False,,3,0.30000000000000004,0.2700000000000001,False,,,
1086,NORMAL,NORMAL,522920.9204974669,5696964.290406497,29,27,20.0,26599.43576474532,0.12457491468089804,ground_equivalent_excess_gamma_dose_rate,uSv/h,50.0,1.0,6360,0.0003114999854005873,False,,3,0.30000000000000004,0.2700000000000001,False,,,
1087,NORMAL,NORMAL,522940.9204974669,5696964.290406497,29,28,20.0,26619.43576474532,0.13102918273772451,ground_equivalent_excess_gamma_dose_rate,uSv/h,50.0,1.0,6360,0.000311399984639138,False,,3,0.30000000000000004,0.2700000000000001,False,,,
1088,NORMAL,NORMAL,522940.9204974669,5696944.290406497,28,28,20.0,26639.43576474532,0.14162382084832398,ground_equivalent_excess_gamma_dose_rate,uSv/h,50.0,1.0,6360,0.000305499997921288,False,,3,0.30000000000000004,0.2700000000000001,False,,,
1089,NORMAL,NORMAL,522940.9204974669,5696924.290406497,27,28,20.0,26659.43576474532,0.1533264839577107,ground_equivalent_excess_gamma_dose_rate,uSv/h,50.0,1.0,6360,0.0003069999802391976,False,,3,0.30000000000000004,0.2700000000000001,False,,,
1090,NORMAL,NORMAL,522940.9204974669,5696944.290406497,28,28,20.0,26679.43576474532,0.14162382084832398,ground_equivalent_excess_gamma_dose_rate,uSv/h,50.0,1.0,6360,0.0005241000035312027,False,,3,0.30000000000000004,0.2700000000000001,False,,,
1091,NORMAL,NORMAL,522920.9204974669,5696944.290406497,28,27,20.0,26699.43576474532,0.1341135216087439,ground_equivalent_excess_gamma_dose_rate,uSv/h,50.0,1.0,6360,0.0005592000088654459,False,,3,0.30000000000000004,0.2700000000000001,False,,,
1092,NORMAL,NORMAL,522920.9204974669,5696924.290406497,27,27,20.0,26719.43576474532,0.1445621266826606,ground_equivalent_excess_gamma_dose_rate,uSv/h,50.0,1.0,6360,0.0005973999795969576,False,,3,0.30000000000000004,0.2700000000000001,False,,,
1093,NORMAL,NORMAL,522900.9204974669,5696944.290406497,28,26,28.284271247461902,26747.720035992785,0.12684270158836725,ground_equivalent_excess_gamma_dose_rate,uSv/h,50.0,1.0,6360,0.0005525999877136201,False,,3,0.30000000000000004,0.2700000000000001,False,,,
1094,NORMAL,NORMAL,522880.9204974669,5696964.290406497,29,25,28.284271247461902,26776.004307240248,0.11218157760174147,ground_equivalent_excess_gamma_dose_rate,uSv/h,50.0,1.0,6360,0.0005455999926198274,False,,3,0.30000000000000004,0.2700000000000001,False,,,
1095,NORMAL,NORMAL,522880.9204974669,5696984.290406497,30,25,20.0,26796.004307240248,0.10507459668679958,ground_equivalent_excess_gamma_dose_rate,uSv/h,50.0,1.0,6360,0.00043059999006800354,False,,3,0.30000000000000004,0.2700000000000001,False,,,
1096,NORMAL,NORMAL,522880.9204974669,5697004.290406496,31,25,19.999999999068677,26816.004307239316,0.09850298344577896,ground_equivalent_excess_gamma_dose_rate,uSv/h,50.0,1.0,6360,0.0004091000009793788,False,,3,0.30000000000000004,0.2700000000000001,False,,,
1097,NORMAL,NORMAL,522900.9204974669,5697024.290406496,32,26,28.284271247461902,26844.28857848678,0.09652980465541833,ground_equivalent_excess_gamma_dose_rate,uSv/h,50.0,1.0,6360,0.00032259998260997236,False,,3,0.30000000000000004,0.2700000000000001,False,,,
1098,NORMAL,NORMAL,522920.9204974669,5697024.290406496,32,27,20.0,26864.28857848678,0.1006838036374339,ground_equivalent_excess_gamma_dose_rate,uSv/h,50.0,1.0,6360,0.000301799998851493,False,,3,0.30000000000000004,0.2700000000000001,False,,,
1099,NORMAL,NORMAL,522940.9204974669,5697004.290406496,31,28,28.284271247461902,26892.572849734242,0.1127428152247773,ground_equivalent_excess_gamma_dose_rate,uSv/h,50.0,1.0,6360,0.00029189998167566955,False,,3,0.30000000000000004,0.2700000000000001,False,,,
1100,NORMAL,NORMAL,522940.9204974669,5697024.290406496,32,28,20.0,26912.572849734242,0.10485836714533509,ground_equivalent_excess_gamma_dose_rate,uSv/h,50.0,1.0,6360,0.0002964000159408897,False,,3,0.30000000000000004,0.2700000000000001,False,,,
1101,NORMAL,NORMAL,522960.9204974669,5697004.290406496,31,29,28.284271247461902,26940.857120981706,0.11755945416433361,ground_equivalent_excess_gamma_dose_rate,uSv/h,50.0,1.0,6360,0.0005627000064123422,False,,3,0.30000000000000004,0.2700000000000001,False,,,
1102,NORMAL,NORMAL,522980.9204974669,5696984.290406497,30,30,28.284271246803357,26969.14139222851,0.13262608416489968,ground_equivalent_excess_gamma_dose_rate,uSv/h,50.0,1.0,6360,0.0003661000228021294,False,,3,0.30000000000000004,0.2700000000000001,False,,,
1103,NORMAL,NORMAL,522980.9204974669,5697004.290406496,31,30,19.999999999068677,26989.14139222758,0.1223253037409599,ground_equivalent_excess_gamma_dose_rate,uSv/h,50.0,1.0,6360,0.00031209998996928334,False,,3,0.30000000000000004,0.2700000000000001,False,,,
1104,NORMAL,NORMAL,523000.920497467,5697024.290406496,32,31,28.28427124750306,27017.425663475082,0.11706255271152993,ground_equivalent_excess_gamma_dose_rate,uSv/h,50.0,1.0,6360,0.0002962999860756099,False,,3,0.30000000000000004,0.2700000000000001,False,,,
1105,NORMAL,NORMAL,523020.920497467,5697004.290406496,31,32,28.284271247461902,27045.709934722545,0.13143882340306762,ground_equivalent_excess_gamma_dose_rate,uSv/h,50.0,1.0,6360,0.0003000000142492354,False,,3,0.30000000000000004,0.2700000000000001,False,,,
1106,NORMAL,NORMAL,523000.920497467,5697024.290406496,32,31,28.284271247461902,27073.994205970008,0.11706255271152993,ground_equivalent_excess_gamma_dose_rate,uSv/h,50.0,1.0,6360,0.00030029998742975295,False,,3,0.30000000000000004,0.2700000000000001,False,,,
1107,NORMAL,NORMAL,523020.920497467,5697044.290406496,33,32,28.284271247461902,27102.27847721747,0.11143353341106615,ground_equivalent_excess_gamma_dose_rate,uSv/h,50.0,1.0,6360,0.0003090000245720148,False,,3,0.30000000000000004,0.2700000000000001,False,,,
1108,NORMAL,NORMAL,523020.920497467,5697064.290406496,34,32,20.0,27122.27847721747,0.10304086001135543,ground_equivalent_excess_gamma_dose_rate,uSv/h,50.0,1.0,6360,0.0002917999809142202,False,,3,0.30000000000000004,0.2700000000000001,False,,,
1109,NORMAL,NORMAL,523000.920497467,5697044.290406496,33,31,28.284271247461902,27150.562748464934,0.10820906408414599,ground_equivalent_excess_gamma_dose_rate,uSv/h,50.0,1.0,6360,0.0002868000010494143,False,,3,0.30000000000000004,0.2700000000000001,False,,,
1110,NORMAL,NORMAL,522980.9204974669,5697064.290406496,34,30,28.28427124750306,27178.847019712437,0.09735478052894941,ground_equivalent_excess_gamma_dose_rate,uSv/h,50.0,1.0,6360,0.0005033000197727233,False,,3,0.30000000000000004,0.2700000000000001,False,,,
1111,NORMAL,NORMAL,522980.9204974669,5697044.290406496,33,30,20.0,27198.847019712437,0.10481322595834286,ground_equivalent_excess_gamma_dose_rate,uSv/h,50.0,1.0,6360,0.00038660000427626073,False,,3,0.30000000000000004,0.2700000000000001,False,,,
1112,NORMAL,NORMAL,522980.9204974669,5697064.290406496,34,30,20.0,27218.847019712437,0.09735478052894941,ground_equivalent_excess_gamma_dose_rate,uSv/h,50.0,1.0,6360,0.0003410999779589474,False,,3,0.30000000000000004,0.2700000000000001,False,,,
1113,NORMAL,NORMAL,522960.9204974669,5697044.290406496,33,29,28.284271247461902,27247.1312909599,0.1012946333055505,ground_equivalent_excess_gamma_dose_rate,uSv/h,50.0,1.0,6360,0.0003152000135742128,False,,3,0.30000000000000004,0.2700000000000001,False,,,
1114,NORMAL,NORMAL,522980.9204974669,5697064.290406496,34,30,28.284271247461902,27275.415562207363,0.09735478052894941,ground_equivalent_excess_gamma_dose_rate,uSv/h,50.0,1.0,6360,0.00031800000579096377,False,,3,0.30000000000000004,0.2700000000000001,False,,,
1115,NORMAL,NORMAL,522980.9204974669,5697044.290406496,33,30,20.0,27295.415562207363,0.10481322595834286,ground_equivalent_excess_gamma_dose_rate,uSv/h,50.0,1.0,6360,0.0003099000023212284,False,,3,0.30000000000000004,0.2700000000000001,False,,,
1116,NORMAL,NORMAL,522960.9204974669,5697044.290406496,33,29,20.0,27315.415562207363,0.1012946333055505,ground_equivalent_excess_gamma_dose_rate,uSv/h,50.0,1.0,6360,0.0003015999973285943,False,,3,0.30000000000000004,0.2700000000000001,False,,,
1117,NORMAL,NORMAL,522960.9204974669,5697024.290406496,32,29,20.0,27335.415562207363,0.10901246683298654,ground_equivalent_excess_gamma_dose_rate,uSv/h,50.0,1.0,6360,0.0004199000250082463,False,,3,0.30000000000000004,0.2700000000000001,False,,,
1118,NORMAL,NORMAL,522960.9204974669,5697044.290406496,33,29,20.0,27355.415562207363,0.1012946333055505,ground_equivalent_excess_gamma_dose_rate,uSv/h,50.0,1.0,6360,0.0005504000000655651,False,,3,0.30000000000000004,0.2700000000000001,False,,,
1119,NORMAL,NORMAL,522940.9204974669,5697044.290406496,33,28,20.0,27375.415562207363,0.09769821082781455,ground_equivalent_excess_gamma_dose_rate,uSv/h,50.0,1.0,6360,0.00040600000647827983,False,,3,0.30000000000000004,0.2700000000000001,False,,,
1120,NORMAL,NORMAL,522920.9204974669,5697064.290406496,34,27,28.284271247461902,27403.699833454826,0.08801312916739651,ground_equivalent_excess_gamma_dose_rate,uSv/h,50.0,1.0,6360,0.00032149997423402965,False,,3,0.30000000000000004,0.2700000000000001,False,,,
1121,NORMAL,NORMAL,522900.9204974669,5697044.290406496,33,26,28.284271247461902,27431.98410470229,0.09042880471943521,ground_equivalent_excess_gamma_dose_rate,uSv/h,50.0,1.0,6360,0.00030529999639838934,False,,3,0.30000000000000004,0.2700000000000001,False,,,
1122,NORMAL,NORMAL,522880.9204974669,5697044.290406496,33,25,20.0,27451.98410470229,0.0868218803095015,ground_equivalent_excess_gamma_dose_rate,uSv/h,50.0,1.0,6360,0.0003056999994441867,False,,3,0.30000000000000004,0.2700000000000001,False,,,
1123,NORMAL,NORMAL,522900.9204974669,5697064.290406496,34,26,28.284271247461902,27480.268375949752,0.08482230497427246,ground_equivalent_excess_gamma_dose_rate,uSv/h,50.0,1.0,6360,0.000295000005280599,False,,3,0.30000000000000004,0.2700000000000001,False,,,
1124,NORMAL,NORMAL,522920.9204974669,5697084.290406496,35,27,28.284271247461902,27508.552647197215,0.08247511241481548,ground_equivalent_excess_gamma_dose_rate,uSv/h,50.0,1.0,6360,0.00040210000588558614,False,,3,0.30000000000000004,0.2700000000000001,False,,,
1125,NORMAL,NORMAL,522920.9204974669,5697064.290406496,34,27,20.0,27528.552647197215,0.08801312916739651,ground_equivalent_excess_gamma_dose_rate,uSv/h,50.0,1.0,6360,0.000364200008334592,False,,3,0.30000000000000004,0.2700000000000001,False,,,
1126,NORMAL,NORMAL,522900.9204974669,5697064.290406496,34,26,20.0,27548.552647197215,0.08482230497427246,ground_equivalent_excess_gamma_dose_rate,uSv/h,50.0,1.0,6360,0.000311999989207834,False,,3,0.30000000000000004,0.2700000000000001,False,,,
1127,NORMAL,NORMAL,522880.9204974669,5697064.290406496,34,25,20.0,27568.552647197215,0.08164090027400106,ground_equivalent_excess_gamma_dose_rate,uSv/h,50.0,1.0,6360,0.00031370000215247273,False,,3,0.30000000000000004,0.2700000000000001,False,,,
1128,NORMAL,NORMAL,522900.9204974669,5697064.290406496,34,26,20.0,27588.552647197215,0.08482230497427246,ground_equivalent_excess_gamma_dose_rate,uSv/h,50.0,1.0,6360,0.000294400000711903,False,,3,0.30000000000000004,0.2700000000000001,False,,,
1129,NORMAL,NORMAL,522920.9204974669,5697064.290406496,34,27,20.0,27608.552647197215,0.08801312916739651,ground_equivalent_excess_gamma_dose_rate,uSv/h,50.0,1.0,6360,0.00029170000925660133,False,,3,0.30000000000000004,0.2700000000000001,False,,,
1130,NORMAL,NORMAL,522900.9204974669,5697044.290406496,33,26,28.284271247461902,27636.83691844468,0.09042880471943521,ground_equivalent_excess_gamma_dose_rate,uSv/h,50.0,1.0,6360,0.000294700002996251,False,,3,0.30000000000000004,0.2700000000000001,False,,,
1131,NORMAL,NORMAL,522900.9204974669,5697064.290406496,34,26,20.0,27656.83691844468,0.08482230497427246,ground_equivalent_excess_gamma_dose_rate,uSv/h,50.0,1.0,6360,0.00028750000637955964,False,,3,0.30000000000000004,0.2700000000000001,False,,,
1132,NORMAL,NORMAL,522900.9204974669,5697044.290406496,33,26,20.0,27676.83691844468,0.09042880471943521,ground_equivalent_excess_gamma_dose_rate,uSv/h,50.0,1.0,6360,0.0003691999881993979,False,,3,0.30000000000000004,0.2700000000000001,False,,,
1133,NORMAL,NORMAL,522920.9204974669,5697024.290406496,32,27,28.284271247461902,27705.12118969214,0.1006838036374339,ground_equivalent_excess_gamma_dose_rate,uSv/h,50.0,1.0,6360,0.00050970001029782,False,,3,0.30000000000000004,0.2700000000000001,False,,,
1134,NORMAL,NORMAL,522920.9204974669,5697044.290406496,33,27,20.0,27725.12118969214,0.09406441648861152,ground_equivalent_excess_gamma_dose_rate,uSv/h,50.0,1.0,6360,0.0003296000068075955,False,,3,0.30000000000000004,0.2700000000000001,False,,,
1135,NORMAL,NORMAL,522900.9204974669,5697064.290406496,34,26,28.284271247461902,27753.405460939604,0.08482230497427246,ground_equivalent_excess_gamma_dose_rate,uSv/h,50.0,1.0,6360,0.00034229998709633946,False,,3,0.30000000000000004,0.2700000000000001,False,,,
1136,NORMAL,NORMAL,522880.9204974669,5697064.290406496,34,25,20.0,27773.405460939604,0.08164090027400106,ground_equivalent_excess_gamma_dose_rate,uSv/h,50.0,1.0,6360,0.00035360001493245363,False,,3,0.30000000000000004,0.2700000000000001,False,,,
1137,NORMAL,NORMAL,522900.9204974669,5697084.290406496,35,26,28.284271247461902,27801.689732187067,0.07966679866428722,ground_equivalent_excess_gamma_dose_rate,uSv/h,50.0,1.0,6360,0.00031999999191612005,False,,3,0.30000000000000004,0.2700000000000001,False,,,
1138,NORMAL,NORMAL,522880.9204974669,5697084.290406496,35,25,20.0,27821.689732187067,0.07685396089930158,ground_equivalent_excess_gamma_dose_rate,uSv/h,50.0,1.0,6360,0.0003034000110346824,False,,3,0.30000000000000004,0.2700000000000001,False,,,
1139,NORMAL,NORMAL,522900.9204974669,5697084.290406496,35,26,20.0,27841.689732187067,0.07966679866428722,ground_equivalent_excess_gamma_dose_rate,uSv/h,50.0,1.0,6360,0.0002970999921672046,False,,3,0.30000000000000004,0.2700000000000001,False,,,
1140,NORMAL,NORMAL,522900.9204974669,5697064.290406496,34,26,20.0,27861.689732187067,0.08482230497427246,ground_equivalent_excess_gamma_dose_rate,uSv/h,50.0,1.0,6360,0.0002869000018108636,False,,3,0.30000000000000004,0.2700000000000001,False,,,
1141,NORMAL,NORMAL,522900.9204974669,5697044.290406496,33,26,20.0,27881.689732187067,0.09042880471943521,ground_equivalent_excess_gamma_dose_rate,uSv/h,50.0,1.0,6360,0.00043149999692104757,False,,3,0.30000000000000004,0.2700000000000001,False,,,
1142,NORMAL,NORMAL,522880.9204974669,5697044.290406496,33,25,20.0,27901.689732187067,0.0868218803095015,ground_equivalent_excess_gamma_dose_rate,uSv/h,50.0,1.0,6360,0.00037910000537522137,False,,3,0.30000000000000004,0.2700000000000001,False,,,
1143,NORMAL,NORMAL,522900.9204974669,5697044.290406496,33,26,20.0,27921.689732187067,0.09042880471943521,ground_equivalent_excess_gamma_dose_rate,uSv/h,50.0,1.0,6360,0.00032110000029206276,False,,3,0.30000000000000004,0.2700000000000001,False,,,
1144,NORMAL,NORMAL,522900.9204974669,5697064.290406496,34,26,20.0,27941.689732187067,0.08482230497427246,ground_equivalent_excess_gamma_dose_rate,uSv/h,50.0,1.0,6360,0.0003191000141669065,False,,3,0.30000000000000004,0.2700000000000001,False,,,
1145,NORMAL,NORMAL,522880.9204974669,5697064.290406496,34,25,20.0,27961.689732187067,0.08164090027400106,ground_equivalent_excess_gamma_dose_rate,uSv/h,50.0,1.0,6360,0.00030849999166093767,False,,3,0.30000000000000004,0.2700000000000001,False,,,
1146,NORMAL,NORMAL,522900.9204974669,5697084.290406496,35,26,28.284271247461902,27989.97400343453,0.07966679866428722,ground_equivalent_excess_gamma_dose_rate,uSv/h,50.0,1.0,6360,0.00029650001670233905,False,,3,0.30000000000000004,0.2700000000000001,False,,,
1147,NORMAL,NORMAL,522920.9204974669,5697084.290406496,35,27,20.0,28009.97400343453,0.08247511241481548,ground_equivalent_excess_gamma_dose_rate,uSv/h,50.0,1.0,6360,0.00033699997584335506,False,,3,0.30000000000000004,0.2700000000000001,False,,,
1148,NORMAL,NORMAL,522900.9204974669,5697064.290406496,34,26,28.284271247461902,28038.258274681993,0.08482230497427246,ground_equivalent_excess_gamma_dose_rate,uSv/h,50.0,1.0,6360,0.0005827000131830573,False,,3,0.30000000000000004,0.2700000000000001,False,,,
1149,NORMAL,NORMAL,522880.9204974669,5697084.290406496,35,25,28.284271247461902,28066.542545929457,0.07685396089930158,ground_equivalent_excess_gamma_dose_rate,uSv/h,50.0,1.0,6360,0.0005399000074248761,False,,3,0.30000000000000004,0.2700000000000001,False,,,
1150,NORMAL,NORMAL,522900.9204974669,5697084.290406496,35,26,20.0,28086.542545929457,0.07966679866428722,ground_equivalent_excess_gamma_dose_rate,uSv/h,50.0,1.0,6360,0.0005651000246871263,False,,3,0.30000000000000004,0.2700000000000001,False,,,
1151,NORMAL,NORMAL,522880.9204974669,5697084.290406496,35,25,20.0,28106.542545929457,0.07685396089930158,ground_equivalent_excess_gamma_dose_rate,uSv/h,50.0,1.0,6360,0.0005213000113144517,False,,3,0.30000000000000004,0.2700000000000001,False,,,
1152,NORMAL,NORMAL,522860.9204974669,5697084.290406496,35,24,20.0,28126.542545929457,0.07405705868326312,ground_equivalent_excess_gamma_dose_rate,uSv/h,50.0,1.0,6360,0.00036429997999221087,False,,3,0.30000000000000004,0.2700000000000001,False,,,
1153,NORMAL,NORMAL,522840.9204974669,5697084.290406496,35,23,20.0,28146.542545929457,0.07129355964531098,ground_equivalent_excess_gamma_dose_rate,uSv/h,50.0,1.0,6360,0.0003527999797370285,False,,3,0.30000000000000004,0.2700000000000001,False,,,
1154,NORMAL,NORMAL,522820.9204974669,5697084.290406496,35,22,20.0,28166.542545929457,0.06857806029432545,ground_equivalent_excess_gamma_dose_rate,uSv/h,50.0,1.0,6360,0.00044589999015443027,False,,3,0.30000000000000004,0.2700000000000001,False,,,
1155,NORMAL,NORMAL,522800.9204974669,5697084.290406496,35,21,20.0,28186.542545929457,0.0659224734359819,ground_equivalent_excess_gamma_dose_rate,uSv/h,50.0,1.0,6360,0.0003200999926775694,False,,3,0.30000000000000004,0.2700000000000001,False,,,
1156,NORMAL,NORMAL,522780.9204974669,5697084.290406496,35,20,20.0,28206.542545929457,0.06333625876036847,ground_equivalent_excess_gamma_dose_rate,uSv/h,50.0,1.0,6360,0.0003609999839682132,False,,3,0.30000000000000004,0.2700000000000001,False,,,
1157,NORMAL,NORMAL,522800.9204974669,5697064.290406496,34,21,28.284271247461902,28234.82681717692,0.069413569157601,ground_equivalent_excess_gamma_dose_rate,uSv/h,50.0,1.0,6360,0.0003445000038482249,False,,3,0.30000000000000004,0.2700000000000001,False,,,
1158,NORMAL,NORMAL,522820.9204974669,5697064.290406496,34,22,20.0,28254.82681717692,0.07236416517528582,ground_equivalent_excess_gamma_dose_rate,uSv/h,50.0,1.0,6360,0.00030509999487549067,False,,3,0.30000000000000004,0.2700000000000001,False,,,
1159,NORMAL,NORMAL,522840.9204974669,5697064.290406496,34,23,20.0,28274.82681717692,0.07539440412605214,ground_equivalent_excess_gamma_dose_rate,uSv/h,50.0,1.0,6360,0.000294400000711903,False,,3,0.30000000000000004,0.2700000000000001,False,,,
1160,NORMAL,NORMAL,522820.9204974669,5697064.290406496,34,22,20.0,28294.82681717692,0.07236416517528582,ground_equivalent_excess_gamma_dose_rate,uSv/h,50.0,1.0,6360,0.00029429999995045364,False,,3,0.30000000000000004,0.2700000000000001,False,,,
1161,NORMAL,NORMAL,522840.9204974669,5697044.290406496,33,23,28.284271247461902,28323.111088424383,0.07979155094042967,ground_equivalent_excess_gamma_dose_rate,uSv/h,50.0,1.0,6360,0.000305499997921288,False,,3,0.30000000000000004,0.2700000000000001,False,,,
1162,NORMAL,NORMAL,522820.9204974669,5697044.290406496,33,22,20.0,28343.111088424383,0.07640548321457419,ground_equivalent_excess_gamma_dose_rate,uSv/h,50.0,1.0,6360,0.00033549999352544546,False,,3,0.30000000000000004,0.2700000000000001,False,,,
1163,NORMAL,NORMAL,522800.9204974669,5697044.290406496,33,21,20.0,28363.111088424383,0.07312359429990278,ground_equivalent_excess_gamma_dose_rate,uSv/h,50.0,1.0,6360,0.00032179997651837766,False,,3,0.30000000000000004,0.2700000000000001,False,,,
1164,NORMAL,NORMAL,522780.9204974669,5697044.290406496,33,20,20.0,28383.111088424383,0.06995508147812185,ground_equivalent_excess_gamma_dose_rate,uSv/h,50.0,1.0,6360,0.0002987999760080129,False,,3,0.30000000000000004,0.2700000000000001,False,,,
1165,NORMAL,NORMAL,522800.9204974669,5697024.290406496,32,21,28.284271247461902,28411.395359671846,0.07706209708029704,ground_equivalent_excess_gamma_dose_rate,uSv/h,50.0,1.0,6360,0.000305800000205636,False,,3,0.30000000000000004,0.2700000000000001,False,,,
1166,NORMAL,NORMAL,522820.9204974669,5697024.290406496,32,22,20.0,28431.395359671846,0.08071587019906046,ground_equivalent_excess_gamma_dose_rate,uSv/h,50.0,1.0,6360,0.000301799998851493,False,,3,0.30000000000000004,0.2700000000000001,False,,,
1167,NORMAL,NORMAL,522820.9204974669,5697004.290406496,31,22,20.0,28451.395359671846,0.08530815500632233,ground_equivalent_excess_gamma_dose_rate,uSv/h,50.0,1.0,6360,0.0002840000088326633,False,,3,0.30000000000000004,0.2700000000000001,False,,,
1168,NORMAL,NORMAL,522840.9204974669,5697004.290406496,31,23,20.0,28471.395359671846,0.08955118491420261,ground_equivalent_excess_gamma_dose_rate,uSv/h,50.0,1.0,6360,0.00029799999902024865,False,,3,0.30000000000000004,0.2700000000000001,False,,,
1169,NORMAL,NORMAL,522820.9204974669,5696984.290406497,30,22,28.284271246803357,28499.67963091865,0.09019344566306448,ground_equivalent_excess_gamma_dose_rate,uSv/h,50.0,1.0,6360,0.00028840001323260367,False,,3,0.30000000000000004,0.2700000000000001,False,,,
1170,NORMAL,NORMAL,522800.9204974669,5696984.290406497,30,21,20.0,28519.67963091865,0.08565537336140261,ground_equivalent_excess_gamma_dose_rate,uSv/h,50.0,1.0,6360,0.00032610000926069915,False,,3,0.30000000000000004,0.2700000000000001,False,,,
1171,NORMAL,NORMAL,522800.9204974669,5697004.290406496,31,21,19.999999999068677,28539.67963091772,0.08123728022111815,ground_equivalent_excess_gamma_dose_rate,uSv/h,50.0,1.0,6360,0.0004535999905783683,False,,3,0.30000000000000004,0.2700000000000001,False,,,
1172,NORMAL,NORMAL,522800.9204974669,5697024.290406496,32,21,20.0,28559.67963091772,0.07706209708029704,ground_equivalent_excess_gamma_dose_rate,uSv/h,50.0,1.0,6360,0.0003468999930191785,False,,3,0.30000000000000004,0.2700000000000001,False,,,
1173,NORMAL,NORMAL,522780.9204974669,5697044.290406496,33,20,28.284271247461902,28587.963902165182,0.06995508147812185,ground_equivalent_excess_gamma_dose_rate,uSv/h,50.0,1.0,6360,0.00032199997804127634,False,,3,0.30000000000000004,0.2700000000000001,False,,,
1174,NORMAL,NORMAL,522760.9204974669,5697064.290406496,34,19,28.284271247461902,28616.248173412645,0.06378679307473034,ground_equivalent_excess_gamma_dose_rate,uSv/h,50.0,1.0,6360,0.0003102000046055764,False,,3,0.30000000000000004,0.2700000000000001,False,,,
1175,NORMAL,NORMAL,522740.9204974669,5697044.290406496,33,18,28.284271247461902,28644.532444660108,0.06398071968347291,ground_equivalent_excess_gamma_dose_rate,uSv/h,50.0,1.0,6360,0.00029910000739619136,False,,3,0.30000000000000004,0.2700000000000001,False,,,
1176,NORMAL,NORMAL,522760.9204974669,5697024.290406496,32,19,28.284271247461902,28672.81671590757,0.07018839617643852,ground_equivalent_excess_gamma_dose_rate,uSv/h,50.0,1.0,6360,0.0004887999966740608,False,,3,0.30000000000000004,0.2700000000000001,False,,,
1177,NORMAL,NORMAL,522740.9204974669,5697044.290406496,33,18,28.284271247461902,28701.100987155034,0.06398071968347291,ground_equivalent_excess_gamma_dose_rate,uSv/h,50.0,1.0,6360,0.000512500002514571,False,,3,0.30000000000000004,0.2700000000000001,False,,,
1178,NORMAL,NORMAL,522740.9204974669,5697064.290406496,34,18,20.0,28721.100987155034,0.061122314073657424,ground_equivalent_excess_gamma_dose_rate,uSv/h,50.0,1.0,6360,0.0004776000278070569,False,,3,0.30000000000000004,0.2700000000000001,False,,,
1179,NORMAL,NORMAL,522760.9204974669,5697064.290406496,34,19,20.0,28741.100987155034,0.06378679307473034,ground_equivalent_excess_gamma_dose_rate,uSv/h,50.0,1.0,6360,0.0003423999878577888,False,,3,0.30000000000000004,0.2700000000000001,False,,,
1180,NORMAL,NORMAL,522760.9204974669,5697084.290406496,35,19,20.0,28761.100987155034,0.0608266769655228,ground_equivalent_excess_gamma_dose_rate,uSv/h,50.0,1.0,6360,0.00033209999673999846,False,,3,0.30000000000000004,0.2700000000000001,False,,,
1181,NORMAL,NORMAL,522780.9204974669,5697064.290406496,34,20,28.284271247461902,28789.385258402497,0.0665521268973776,ground_equivalent_excess_gamma_dose_rate,uSv/h,50.0,1.0,6360,0.00030070001957938075,False,,3,0.30000000000000004,0.2700000000000001,False,,,
1182,NORMAL,NORMAL,522780.9204974669,5697044.290406496,33,20,20.0,28809.385258402497,0.06995508147812185,ground_equivalent_excess_gamma_dose_rate,uSv/h,50.0,1.0,6360,0.0003038999857380986,False,,3,0.30000000000000004,0.2700000000000001,False,,,
1183,NORMAL,NORMAL,522760.9204974669,5697024.290406496,32,19,28.284271247461902,28837.66952964996,0.07018839617643852,ground_equivalent_excess_gamma_dose_rate,uSv/h,50.0,1.0,6360,0.0002896999940276146,False,,3,0.30000000000000004,0.2700000000000001,False,,,
1184,NORMAL,NORMAL,522780.9204974669,5697024.290406496,32,20,20.0,28857.66952964996,0.07355126821481212,ground_equivalent_excess_gamma_dose_rate,uSv/h,50.0,1.0,6360,0.0003147000097669661,False,,3,0.30000000000000004,0.2700000000000001,False,,,
1185,NORMAL,NORMAL,522760.9204974669,5697044.290406496,33,19,28.284271247461902,28885.953800897423,0.06690620035525835,ground_equivalent_excess_gamma_dose_rate,uSv/h,50.0,1.0,6360,0.00033939999411813915,False,,3,0.30000000000000004,0.2700000000000001,False,,,
1186,NORMAL,NORMAL,522780.9204974669,5697024.290406496,32,20,28.284271247461902,28914.238072144886,0.07355126821481212,ground_equivalent_excess_gamma_dose_rate,uSv/h,50.0,1.0,6360,0.0004388000234030187,False,,3,0.30000000000000004,0.2700000000000001,False,,,
1187,NORMAL,NORMAL,522780.9204974669,5697044.290406496,33,20,20.0,28934.238072144886,0.06995508147812185,ground_equivalent_excess_gamma_dose_rate,uSv/h,50.0,1.0,6360,0.0003391999925952405,False,,3,0.30000000000000004,0.2700000000000001,False,,,
1188,NORMAL,NORMAL,522760.9204974669,5697064.290406496,34,19,28.284271247461902,28962.52234339235,0.06378679307473034,ground_equivalent_excess_gamma_dose_rate,uSv/h,50.0,1.0,6360,0.00034550001146271825,False,,3,0.30000000000000004,0.2700000000000001,False,,,
1189,NORMAL,NORMAL,522780.9204974669,5697044.290406496,33,20,28.284271247461902,28990.806614639812,0.06995508147812185,ground_equivalent_excess_gamma_dose_rate,uSv/h,50.0,1.0,6360,0.00031800000579096377,False,,3,0.30000000000000004,0.2700000000000001,False,,,
1190,NORMAL,NORMAL,522780.9204974669,5697024.290406496,32,20,20.0,29010.806614639812,0.07355126821481212,ground_equivalent_excess_gamma_dose_rate,uSv/h,50.0,1.0,6360,0.0003100000030826777,False,,3,0.30000000000000004,0.2700000000000001,False,,,
1191,NORMAL,NORMAL,522760.9204974669,5697044.290406496,33,19,28.284271247461902,29039.090885887275,0.06690620035525835,ground_equivalent_excess_gamma_dose_rate,uSv/h,50.0,1.0,6360,0.00028989999555051327,False,,3,0.30000000000000004,0.2700000000000001,False,,,
1192,NORMAL,NORMAL,522740.9204974669,5697064.290406496,34,18,28.284271247461902,29067.37515713474,0.061122314073657424,ground_equivalent_excess_gamma_dose_rate,uSv/h,50.0,1.0,6360,0.00031110001145862043,False,,3,0.30000000000000004,0.2700000000000001,False,,,
1193,NORMAL,NORMAL,522740.9204974669,5697044.290406496,33,18,20.0,29087.37515713474,0.06398071968347291,ground_equivalent_excess_gamma_dose_rate,uSv/h,50.0,1.0,6360,0.00029769999673590064,False,,3,0.30000000000000004,0.2700000000000001,False,,,
1194,NORMAL,NORMAL,522760.9204974669,5697024.290406496,32,19,28.284271247461902,29115.6594283822,0.07018839617643852,ground_equivalent_excess_gamma_dose_rate,uSv/h,50.0,1.0,6360,0.0004267000185791403,False,,3,0.30000000000000004,0.2700000000000001,False,,,
1195,NORMAL,NORMAL,522740.9204974669,5697024.290406496,32,18,20.0,29135.6594283822,0.06697573762925424,ground_equivalent_excess_gamma_dose_rate,uSv/h,50.0,1.0,6360,0.0003479000006336719,False,,3,0.30000000000000004,0.2700000000000001,False,,,
1196,NORMAL,NORMAL,522760.9204974669,5697024.290406496,32,19,20.0,29155.6594283822,0.07018839617643852,ground_equivalent_excess_gamma_dose_rate,uSv/h,50.0,1.0,6360,0.000308299990138039,False,,3,0.30000000000000004,0.2700000000000001,False,,,
1197,NORMAL,NORMAL,522760.9204974669,5697004.290406496,31,19,20.0,29175.6594283822,0.07363531286836417,ground_equivalent_excess_gamma_dose_rate,uSv/h,50.0,1.0,6360,0.000294400000711903,False,,3,0.30000000000000004,0.2700000000000001,False,,,
1198,NORMAL,NORMAL,522780.9204974669,5697024.290406496,32,20,28.284271247461902,29203.943699629664,0.07355126821481212,ground_equivalent_excess_gamma_dose_rate,uSv/h,50.0,1.0,6360,0.0003003999881912023,False,,3,0.30000000000000004,0.2700000000000001,False,,,
1199,NORMAL,NORMAL,522760.9204974669,5697024.290406496,32,19,20.0,29223.943699629664,0.07018839617643852,ground_equivalent_excess_gamma_dose_rate,uSv/h,50.0,1.0,6360,0.00029129997710697353,False,,3,0.30000000000000004,0.2700000000000001,False,,,
1200,NORMAL,NORMAL,522740.9204974669,5697024.290406496,32,18,20.0,29243.943699629664,0.06697573762925424,ground_equivalent_excess_gamma_dose_rate,uSv/h,50.0,1.0,6360,0.0003029000072274357,False,,3,0.30000000000000004,0.2700000000000001,False,,,
1201,NORMAL,NORMAL,522720.9204974669,5697004.290406496,31,17,28.284271247461902,29272.227970877128,0.06675896310489465,ground_equivalent_excess_gamma_dose_rate,uSv/h,50.0,1.0,6360,0.0002908000024035573,False,,3,0.30000000000000004,0.2700000000000001,False,,,
1202,NORMAL,NORMAL,522740.9204974669,5697024.290406496,32,18,28.284271247461902,29300.51224212459,0.06697573762925424,ground_equivalent_excess_gamma_dose_rate,uSv/h,50.0,1.0,6360,0.00040329998591914773,False,,3,0.30000000000000004,0.2700000000000001,False,,,
1203,NORMAL,NORMAL,522740.9204974669,5697004.290406496,31,18,20.0,29320.51224212459,0.07010729255107301,ground_equivalent_excess_gamma_dose_rate,uSv/h,50.0,1.0,6360,0.0004959999932907522,False,,3,0.30000000000000004,0.2700000000000001,False,,,
1204,NORMAL,NORMAL,522760.9204974669,5697024.290406496,32,19,28.284271247461902,29348.796513372054,0.07018839617643852,ground_equivalent_excess_gamma_dose_rate,uSv/h,50.0,1.0,6360,0.0003279999946244061,False,,3,0.30000000000000004,0.2700000000000001,False,,,
1205,NORMAL,NORMAL,522740.9204974669,5697024.290406496,32,18,20.0,29368.796513372054,0.06697573762925424,ground_equivalent_excess_gamma_dose_rate,uSv/h,50.0,1.0,6360,0.00029780002660118043,False,,3,0.30000000000000004,0.2700000000000001,False,,,
1206,NORMAL,NORMAL,522740.9204974669,5697044.290406496,33,18,20.0,29388.796513372054,0.06398071968347291,ground_equivalent_excess_gamma_dose_rate,uSv/h,50.0,1.0,6360,0.0005034999921917915,False,,3,0.30000000000000004,0.2700000000000001,False,,,
1207,NORMAL,NORMAL,522740.9204974669,5697024.290406496,32,18,20.0,29408.796513372054,0.06697573762925424,ground_equivalent_excess_gamma_dose_rate,uSv/h,50.0,1.0,6360,0.0005615999980363995,False,,3,0.30000000000000004,0.2700000000000001,False,,,
1208,NORMAL,NORMAL,522740.9204974669,5697004.290406496,31,18,20.0,29428.796513372054,0.07010729255107301,ground_equivalent_excess_gamma_dose_rate,uSv/h,50.0,1.0,6360,0.00039760000072419643,False,,3,0.30000000000000004,0.2700000000000001,False,,,
1209,NORMAL,NORMAL,522740.9204974669,5697024.290406496,32,18,20.0,29448.796513372054,0.06697573762925424,ground_equivalent_excess_gamma_dose_rate,uSv/h,50.0,1.0,6360,0.0003989000106230378,False,,3,0.30000000000000004,0.2700000000000001,False,,,
1210,NORMAL,NORMAL,522740.9204974669,5697044.290406496,33,18,20.0,29468.796513372054,0.06398071968347291,ground_equivalent_excess_gamma_dose_rate,uSv/h,50.0,1.0,6360,0.0003790999762713909,False,,3,0.30000000000000004,0.2700000000000001,False,,,
1211,NORMAL,NORMAL,522760.9204974669,5697044.290406496,33,19,20.0,29488.796513372054,0.06690620035525835,ground_equivalent_excess_gamma_dose_rate,uSv/h,50.0,1.0,6360,0.0003181000065524131,False,,3,0.30000000000000004,0.2700000000000001,False,,,
1212,NORMAL,NORMAL,522740.9204974669,5697024.290406496,32,18,28.284271247461902,29517.080784619517,0.06697573762925424,ground_equivalent_excess_gamma_dose_rate,uSv/h,50.0,1.0,6360,0.0003163000219501555,False,,3,0.30000000000000004,0.2700000000000001,False,,,
1213,NORMAL,NORMAL,522760.9204974669,5697044.290406496,33,19,28.284271247461902,29545.36505586698,0.06690620035525835,ground_equivalent_excess_gamma_dose_rate,uSv/h,50.0,1.0,6360,0.0002936999953817576,False,,3,0.30000000000000004,0.2700000000000001,False,,,
1214,NORMAL,NORMAL,522740.9204974669,5697044.290406496,33,18,20.0,29565.36505586698,0.06398071968347291,ground_equivalent_excess_gamma_dose_rate,uSv/h,50.0,1.0,6360,0.0003243999963160604,False,,3,0.30000000000000004,0.2700000000000001,False,,,
1215,NORMAL,NORMAL,522760.9204974669,5697064.290406496,34,19,28.284271247461902,29593.649327114443,0.06378679307473034,ground_equivalent_excess_gamma_dose_rate,uSv/h,50.0,1.0,6360,0.000304599991068244,False,,3,0.30000000000000004,0.2700000000000001,False,,,
1216,NORMAL,NORMAL,522760.9204974669,5697084.290406496,35,19,20.0,29613.649327114443,0.0608266769655228,ground_equivalent_excess_gamma_dose_rate,uSv/h,50.0,1.0,6360,0.00030849999166093767,False,,3,0.30000000000000004,0.2700000000000001,False,,,
1217,NORMAL,NORMAL,522760.9204974669,5697104.290406496,36,19,20.0,29633.649327114443,0.058021186415385784,ground_equivalent_excess_gamma_dose_rate,uSv/h,50.0,1.0,6360,0.0004233000217936933,False,,3,0.30000000000000004,0.2700000000000001,False,,,
1218,NORMAL,NORMAL,522740.9204974669,5697124.290406496,37,18,28.284271247461902,29661.933598361906,0.05334635591370146,ground_equivalent_excess_gamma_dose_rate,uSv/h,50.0,1.0,6360,0.0004251000063959509,False,,3,0.30000000000000004,0.2700000000000001,False,,,
1219,NORMAL,NORMAL,522720.9204974669,5697144.290406496,38,17,28.284271247461902,29690.21786960937,0.049213174581350994,ground_equivalent_excess_gamma_dose_rate,uSv/h,50.0,1.0,6360,0.0003330000035930425,False,,3,0.30000000000000004,0.2700000000000001,False,,,
1220,NORMAL,NORMAL,522740.9204974669,5697144.290406496,38,18,20.0,29710.21786960937,0.05100908349186001,ground_equivalent_excess_gamma_dose_rate,uSv/h,50.0,1.0,6360,0.00030869999318383634,False,,3,0.30000000000000004,0.2700000000000001,False,,,
1221,NORMAL,NORMAL,522720.9204974669,5697124.290406496,37,17,28.284271247461902,29738.502140856832,0.05138526049719966,ground_equivalent_excess_gamma_dose_rate,uSv/h,50.0,1.0,6360,0.00031609999132342637,False,,3,0.30000000000000004,0.2700000000000001,False,,,
1222,NORMAL,NORMAL,522700.9204974669,5697124.290406496,37,16,20.0,29758.502140856832,0.049484754403510245,ground_equivalent_excess_gamma_dose_rate,uSv/h,50.0,1.0,6360,0.0003063000040128827,False,,3,0.30000000000000004,0.2700000000000001,False,,,
1223,NORMAL,NORMAL,522680.9204974669,5697144.290406496,38,15,28.284271247461902,29786.786412104295,0.04577374781875909,ground_equivalent_excess_gamma_dose_rate,uSv/h,50.0,1.0,6360,0.00030399998649954796,False,,3,0.30000000000000004,0.2700000000000001,False,,,
1224,NORMAL,NORMAL,522680.9204974669,5697164.290406496,39,15,20.0,29806.786412104295,0.043980185692491514,ground_equivalent_excess_gamma_dose_rate,uSv/h,50.0,1.0,6360,0.00030139999580569565,False,,3,0.30000000000000004,0.2700000000000001,False,,,
1225,NORMAL,NORMAL,522700.9204974669,5697164.290406496,39,16,20.0,29826.786412104295,0.0455412781017272,ground_equivalent_excess_gamma_dose_rate,uSv/h,50.0,1.0,6360,0.00036109998472966254,False,,3,0.30000000000000004,0.2700000000000001,False,,,
1226,NORMAL,NORMAL,522680.9204974669,5697184.290406496,40,15,28.284271247461902,29855.070683351758,0.04226463984717305,ground_equivalent_excess_gamma_dose_rate,uSv/h,50.0,1.0,6360,0.0003588999970816076,False,,3,0.30000000000000004,0.2700000000000001,False,,,
1227,NORMAL,NORMAL,522660.9204974669,5697164.290406496,39,14,28.284271247461902,29883.35495459922,0.04246478765088013,ground_equivalent_excess_gamma_dose_rate,uSv/h,50.0,1.0,6360,0.0003233000170439482,False,,3,0.30000000000000004,0.2700000000000001,False,,,
1228,NORMAL,NORMAL,522640.9204974669,5697164.290406496,39,13,20.0,29903.35495459922,0.040996488005006326,ground_equivalent_excess_gamma_dose_rate,uSv/h,50.0,1.0,6360,0.0003420000139158219,False,,3,0.30000000000000004,0.2700000000000001,False,,,
1229,NORMAL,NORMAL,522620.9204974669,5697164.290406496,39,12,20.0,29923.35495459922,0.03957614899645576,ground_equivalent_excess_gamma_dose_rate,uSv/h,50.0,1.0,6360,0.0003305000136606395,False,,3,0.30000000000000004,0.2700000000000001,False,,,
1230,NORMAL,NORMAL,522640.9204974669,5697164.290406496,39,13,20.0,29943.35495459922,0.040996488005006326,ground_equivalent_excess_gamma_dose_rate,uSv/h,50.0,1.0,6360,0.00030109999352134764,False,,3,0.30000000000000004,0.2700000000000001,False,,,
1231,NORMAL,NORMAL,522660.9204974669,5697184.290406496,40,14,28.284271247461902,29971.639225846684,0.04086327553028929,ground_equivalent_excess_gamma_dose_rate,uSv/h,50.0,1.0,6360,0.000295600009849295,False,,3,0.30000000000000004,0.2700000000000001,False,,,
1232,NORMAL,NORMAL,522680.9204974669,5697164.290406496,39,15,28.284271247461902,29999.923497094147,0.043980185692491514,ground_equivalent_excess_gamma_dose_rate,uSv/h,50.0,1.0,6360,0.00029799999902024865,False,,3,0.30000000000000004,0.2700000000000001,False,,,
1233,NORMAL,NORMAL,522680.9204974669,5697144.290406496,38,15,20.0,30019.923497094147,0.04577374781875909,ground_equivalent_excess_gamma_dose_rate,uSv/h,50.0,1.0,6360,0.00029399999766610563,False,,3,0.30000000000000004,0.2700000000000001,False,,,
1234,NORMAL,NORMAL,522700.9204974669,5697124.290406496,37,16,28.284271247461902,30048.20776834161,0.049484754403510245,ground_equivalent_excess_gamma_dose_rate,uSv/h,50.0,1.0,6360,0.0004585999995470047,False,,3,0.30000000000000004,0.2700000000000001,False,,,
1235,NORMAL,NORMAL,522700.9204974669,5697104.290406496,36,16,20.0,30068.20776834161,0.05159608465563076,ground_equivalent_excess_gamma_dose_rate,uSv/h,50.0,1.0,6360,0.00033989999792538583,False,,3,0.30000000000000004,0.2700000000000001,False,,,
1236,NORMAL,NORMAL,522720.9204974669,5697104.290406496,36,17,20.0,30088.20776834161,0.053665616702379515,ground_equivalent_excess_gamma_dose_rate,uSv/h,50.0,1.0,6360,0.0003960999893024564,False,,3,0.30000000000000004,0.2700000000000001,False,,,
1237,NORMAL,NORMAL,522700.9204974669,5697124.290406496,37,16,28.284271247461902,30116.492039589073,0.049484754403510245,ground_equivalent_excess_gamma_dose_rate,uSv/h,50.0,1.0,6360,0.0005255000141914934,False,,3,0.30000000000000004,0.2700000000000001,False,,,
1238,NORMAL,NORMAL,522700.9204974669,5697144.290406496,38,16,20.0,30136.492039589073,0.04746721410246349,ground_equivalent_excess_gamma_dose_rate,uSv/h,50.0,1.0,6360,0.00034909998066723347,False,,3,0.30000000000000004,0.2700000000000001,False,,,
1239,NORMAL,NORMAL,522720.9204974669,5697164.290406496,39,17,28.284271247461902,30164.776310836536,0.04714603661647504,ground_equivalent_excess_gamma_dose_rate,uSv/h,50.0,1.0,6360,0.00031689999741502106,False,,3,0.30000000000000004,0.2700000000000001,False,,,
1240,NORMAL,NORMAL,522700.9204974669,5697144.290406496,38,16,28.284271247461902,30193.060582084,0.04746721410246349,ground_equivalent_excess_gamma_dose_rate,uSv/h,50.0,1.0,6360,0.00045560000580735505,False,,3,0.30000000000000004,0.2700000000000001,False,,,
1241,NORMAL,NORMAL,522700.9204974669,5697124.290406496,37,16,20.0,30213.060582084,0.049484754403510245,ground_equivalent_excess_gamma_dose_rate,uSv/h,50.0,1.0,6360,0.00033580002491362393,False,,3,0.30000000000000004,0.2700000000000001,False,,,
1242,NORMAL,NORMAL,522720.9204974669,5697104.290406496,36,17,28.284271247461902,30241.344853331462,0.053665616702379515,ground_equivalent_excess_gamma_dose_rate,uSv/h,50.0,1.0,6360,0.00031380000291392207,False,,3,0.30000000000000004,0.2700000000000001,False,,,
1243,NORMAL,NORMAL,522720.9204974669,5697084.290406496,35,17,20.0,30261.344853331462,0.05605702817708014,ground_equivalent_excess_gamma_dose_rate,uSv/h,50.0,1.0,6360,0.00032550000469200313,False,,3,0.30000000000000004,0.2700000000000001,False,,,
1244,NORMAL,NORMAL,522720.9204974669,5697104.290406496,36,17,20.0,30281.344853331462,0.053665616702379515,ground_equivalent_excess_gamma_dose_rate,uSv/h,50.0,1.0,6360,0.0002927000168710947,False,,3,0.30000000000000004,0.2700000000000001,False,,,
1245,NORMAL,NORMAL,522720.9204974669,5697084.290406496,35,17,20.0,30301.344853331462,0.05605702817708014,ground_equivalent_excess_gamma_dose_rate,uSv/h,50.0,1.0,6360,0.0003068000078201294,False,,3,0.30000000000000004,0.2700000000000001,False,,,
1246,NORMAL,NORMAL,522700.9204974669,5697064.290406496,34,16,28.284271247461902,30329.629124578925,0.05610583402723884,ground_equivalent_excess_gamma_dose_rate,uSv/h,50.0,1.0,6360,0.00029429999995045364,False,,3,0.30000000000000004,0.2700000000000001,False,,,
1247,NORMAL,NORMAL,522700.9204974669,5697084.290406496,35,16,20.0,30349.629124578925,0.05380281814011262,ground_equivalent_excess_gamma_dose_rate,uSv/h,50.0,1.0,6360,0.00033519999124109745,False,,3,0.30000000000000004,0.2700000000000001,False,,,
1248,NORMAL,NORMAL,522720.9204974669,5697104.290406496,36,17,28.284271247461902,30377.91339582639,0.053665616702379515,ground_equivalent_excess_gamma_dose_rate,uSv/h,50.0,1.0,6360,0.00040160000207833946,False,,3,0.30000000000000004,0.2700000000000001,False,,,
1249,NORMAL,NORMAL,522720.9204974669,5697084.290406496,35,17,20.0,30397.91339582639,0.05605702817708014,ground_equivalent_excess_gamma_dose_rate,uSv/h,50.0,1.0,6360,0.0003127999952994287,False,,3,0.30000000000000004,0.2700000000000001,False,,,
1250,NORMAL,NORMAL,522740.9204974669,5697064.290406496,34,18,28.284271247461902,30426.19766707385,0.061122314073657424,ground_equivalent_excess_gamma_dose_rate,uSv/h,50.0,1.0,6360,0.00029310001991689205,False,,3,0.30000000000000004,0.2700000000000001,False,,,
1251,NORMAL,NORMAL,522760.9204974669,5697064.290406496,34,19,20.0,30446.19766707385,0.06378679307473034,ground_equivalent_excess_gamma_dose_rate,uSv/h,50.0,1.0,6360,0.0003097999724559486,False,,3,0.30000000000000004,0.2700000000000001,False,,,
1252,NORMAL,NORMAL,522780.9204974669,5697064.290406496,34,20,20.0,30466.19766707385,0.0665521268973776,ground_equivalent_excess_gamma_dose_rate,uSv/h,50.0,1.0,6360,0.0002899999963119626,False,,3,0.30000000000000004,0.2700000000000001,False,,,
1253,NORMAL,NORMAL,522800.9204974669,5697084.290406496,35,21,28.284271247461902,30494.481938321314,0.0659224734359819,ground_equivalent_excess_gamma_dose_rate,uSv/h,50.0,1.0,6360,0.00030009998590685427,False,,3,0.30000000000000004,0.2700000000000001,False,,,
1254,NORMAL,NORMAL,522780.9204974669,5697084.290406496,35,20,20.0,30514.481938321314,0.06333625876036847,ground_equivalent_excess_gamma_dose_rate,uSv/h,50.0,1.0,6360,0.00029260001610964537,False,,3,0.30000000000000004,0.2700000000000001,False,,,
1255,NORMAL,NORMAL,522760.9204974669,5697064.290406496,34,19,28.284271247461902,30542.766209568777,0.06378679307473034,ground_equivalent_excess_gamma_dose_rate,uSv/h,50.0,1.0,6360,0.00030319998040795326,False,,3,0.30000000000000004,0.2700000000000001,False,,,
1256,NORMAL,NORMAL,522740.9204974669,5697064.290406496,34,18,20.0,30562.766209568777,0.061122314073657424,ground_equivalent_excess_gamma_dose_rate,uSv/h,50.0,1.0,6360,0.0003071000101044774,False,,3,0.30000000000000004,0.2700000000000001,False,,,
1257,NORMAL,NORMAL,522760.9204974669,5697064.290406496,34,19,20.0,30582.766209568777,0.06378679307473034,ground_equivalent_excess_gamma_dose_rate,uSv/h,50.0,1.0,6360,0.0004558000073302537,False,,3,0.30000000000000004,0.2700000000000001,False,,,
1258,NORMAL,NORMAL,522780.9204974669,5697064.290406496,34,20,20.0,30602.766209568777,0.0665521268973776,ground_equivalent_excess_gamma_dose_rate,uSv/h,50.0,1.0,6360,0.0003336000081617385,False,,3,0.30000000000000004,0.2700000000000001,False,,,
1259,NORMAL,NORMAL,522800.9204974669,5697064.290406496,34,21,20.0,30622.766209568777,0.069413569157601,ground_equivalent_excess_gamma_dose_rate,uSv/h,50.0,1.0,6360,0.0003198999911546707,False,,3,0.30000000000000004,0.2700000000000001,False,,,
1260,NORMAL,NORMAL,522820.9204974669,5697084.290406496,35,22,28.284271247461902,30651.05048081624,0.06857806029432545,ground_equivalent_excess_gamma_dose_rate,uSv/h,50.0,1.0,6360,0.0002969999914057553,False,,3,0.30000000000000004,0.2700000000000001,False,,,
1261,NORMAL,NORMAL,522820.9204974669,5697104.290406496,36,22,20.0,30671.05048081624,0.06503281828871643,ground_equivalent_excess_gamma_dose_rate,uSv/h,50.0,1.0,6360,0.00031350000062957406,False,,3,0.30000000000000004,0.2700000000000001,False,,,
1262,NORMAL,NORMAL,522840.9204974669,5697084.290406496,35,23,28.284271247461902,30699.334752063703,0.07129355964531098,ground_equivalent_excess_gamma_dose_rate,uSv/h,50.0,1.0,6360,0.00029250001534819603,False,,3,0.30000000000000004,0.2700000000000001,False,,,
1263,NORMAL,NORMAL,522860.9204974669,5697064.290406496,34,24,28.284271247461902,30727.619023311167,0.07849186864820906,ground_equivalent_excess_gamma_dose_rate,uSv/h,50.0,1.0,6360,0.00030490002245642245,False,,3,0.30000000000000004,0.2700000000000001,False,,,
1264,NORMAL,NORMAL,522840.9204974669,5697084.290406496,35,23,28.284271247461902,30755.90329455863,0.07129355964531098,ground_equivalent_excess_gamma_dose_rate,uSv/h,50.0,1.0,6360,0.00030189999961294234,False,,3,0.30000000000000004,0.2700000000000001,False,,,
1265,NORMAL,NORMAL,522820.9204974669,5697084.290406496,35,22,20.0,30775.90329455863,0.06857806029432545,ground_equivalent_excess_gamma_dose_rate,uSv/h,50.0,1.0,6360,0.0003145999799016863,False,,3,0.30000000000000004,0.2700000000000001,False,,,
1266,NORMAL,NORMAL,522800.9204974669,5697084.290406496,35,21,20.0,30795.90329455863,0.0659224734359819,ground_equivalent_excess_gamma_dose_rate,uSv/h,50.0,1.0,6360,0.0004470999992918223,False,,3,0.30000000000000004,0.2700000000000001,False,,,
1267,NORMAL,NORMAL,522800.9204974669,5697064.290406496,34,21,20.0,30815.90329455863,0.069413569157601,ground_equivalent_excess_gamma_dose_rate,uSv/h,50.0,1.0,6360,0.0005698000022675842,False,,3,0.30000000000000004,0.2700000000000001,False,,,
1268,NORMAL,NORMAL,522820.9204974669,5697044.290406496,33,22,28.284271247461902,30844.187565806093,0.07640548321457419,ground_equivalent_excess_gamma_dose_rate,uSv/h,50.0,1.0,6360,0.0005612999957520515,False,,3,0.30000000000000004,0.2700000000000001,False,,,
1269,NORMAL,NORMAL,522800.9204974669,5697064.290406496,34,21,28.284271247461902,30872.471837053556,0.069413569157601,ground_equivalent_excess_gamma_dose_rate,uSv/h,50.0,1.0,6360,0.0005412999889813364,False,,3,0.30000000000000004,0.2700000000000001,False,,,
1270,NORMAL,NORMAL,522800.9204974669,5697084.290406496,35,21,20.0,30892.471837053556,0.0659224734359819,ground_equivalent_excess_gamma_dose_rate,uSv/h,50.0,1.0,6360,0.0005008000007364899,False,,3,0.30000000000000004,0.2700000000000001,False,,,
1271,NORMAL,NORMAL,522800.9204974669,5697104.290406496,36,21,20.0,30912.471837053556,0.0626399128339003,ground_equivalent_excess_gamma_dose_rate,uSv/h,50.0,1.0,6360,0.0005388999998103827,False,,3,0.30000000000000004,0.2700000000000001,False,,,
1272,NORMAL,NORMAL,522820.9204974669,5697084.290406496,35,22,28.284271247461902,30940.75610830102,0.06857806029432545,ground_equivalent_excess_gamma_dose_rate,uSv/h,50.0,1.0,6360,0.0003547999949660152,False,,3,0.30000000000000004,0.2700000000000001,False,,,
1273,NORMAL,NORMAL,522820.9204974669,5697064.290406496,34,22,20.0,30960.75610830102,0.07236416517528582,ground_equivalent_excess_gamma_dose_rate,uSv/h,50.0,1.0,6360,0.0003157000173814595,False,,3,0.30000000000000004,0.2700000000000001,False,,,
1274,NORMAL,NORMAL,522820.9204974669,5697044.290406496,33,22,20.0,30980.75610830102,0.07640548321457419,ground_equivalent_excess_gamma_dose_rate,uSv/h,50.0,1.0,6360,0.000302400003420189,False,,3,0.30000000000000004,0.2700000000000001,False,,,
1275,NORMAL,NORMAL,522800.9204974669,5697044.290406496,33,21,20.0,31000.75610830102,0.07312359429990278,ground_equivalent_excess_gamma_dose_rate,uSv/h,50.0,1.0,6360,0.00030259997583925724,False,,3,0.30000000000000004,0.2700000000000001,False,,,
1276,NORMAL,NORMAL,522820.9204974669,5697044.290406496,33,22,20.0,31020.75610830102,0.07640548321457419,ground_equivalent_excess_gamma_dose_rate,uSv/h,50.0,1.0,6360,0.0005689999961759895,False,,3,0.30000000000000004,0.2700000000000001,False,,,
1277,NORMAL,NORMAL,522840.9204974669,5697064.290406496,34,23,28.284271247461902,31049.04037954848,0.07539440412605214,ground_equivalent_excess_gamma_dose_rate,uSv/h,50.0,1.0,6360,0.00040649998118169606,False,,3,0.30000000000000004,0.2700000000000001,False,,,
1278,NORMAL,NORMAL,522860.9204974669,5697084.290406496,35,24,28.284271247461902,31077.324650795945,0.07405705868326312,ground_equivalent_excess_gamma_dose_rate,uSv/h,50.0,1.0,6360,0.00034100000630132854,False,,3,0.30000000000000004,0.2700000000000001,False,,,
1279,NORMAL,NORMAL,522840.9204974669,5697064.290406496,34,23,28.284271247461902,31105.608922043408,0.07539440412605214,ground_equivalent_excess_gamma_dose_rate,uSv/h,50.0,1.0,6360,0.0003591999993659556,False,,3,0.30000000000000004,0.2700000000000001,False,,,
1280,NORMAL,NORMAL,522820.9204974669,5697084.290406496,35,22,28.284271247461902,31133.89319329087,0.06857806029432545,ground_equivalent_excess_gamma_dose_rate,uSv/h,50.0,1.0,6360,0.00031999999191612005,False,,3,0.30000000000000004,0.2700000000000001,False,,,
1281,NORMAL,NORMAL,522840.9204974669,5697064.290406496,34,23,28.284271247461902,31162.177464538334,0.07539440412605214,ground_equivalent_excess_gamma_dose_rate,uSv/h,50.0,1.0,6360,0.00031510001281276345,False,,3,0.30000000000000004,0.2700000000000001,False,,,
1282,NORMAL,NORMAL,522840.9204974669,5697044.290406496,33,23,20.0,31182.177464538334,0.07979155094042967,ground_equivalent_excess_gamma_dose_rate,uSv/h,50.0,1.0,6360,0.00030059998971410096,False,,3,0.30000000000000004,0.2700000000000001,False,,,
1283,NORMAL,NORMAL,522860.9204974669,5697044.290406496,33,24,20.0,31202.177464538334,0.0832691841581874,ground_equivalent_excess_gamma_dose_rate,uSv/h,50.0,1.0,6360,0.00030620000325143337,False,,3,0.30000000000000004,0.2700000000000001,False,,,
1284,NORMAL,NORMAL,522840.9204974669,5697024.290406496,32,23,28.284271247461902,31230.461735785797,0.08450423337382518,ground_equivalent_excess_gamma_dose_rate,uSv/h,50.0,1.0,6360,0.0003166999958921224,False,,3,0.30000000000000004,0.2700000000000001,False,,,
1285,NORMAL,NORMAL,522860.9204974669,5697004.290406496,31,24,28.284271247461902,31258.74600703326,0.09395505019306477,ground_equivalent_excess_gamma_dose_rate,uSv/h,50.0,1.0,6360,0.0003141000051982701,False,,3,0.30000000000000004,0.2700000000000001,False,,,
1286,NORMAL,NORMAL,522880.9204974669,5697004.290406496,31,25,20.0,31278.74600703326,0.09850298344577896,ground_equivalent_excess_gamma_dose_rate,uSv/h,50.0,1.0,6360,0.0004700999998021871,False,,3,0.30000000000000004,0.2700000000000001,False,,,
1287,NORMAL,NORMAL,522900.9204974669,5696984.290406497,30,26,28.284271246803357,31307.030278280065,0.11040406467450498,ground_equivalent_excess_gamma_dose_rate,uSv/h,50.0,1.0,6360,0.00041450001299381256,False,,3,0.30000000000000004,0.2700000000000001,False,,,
1288,NORMAL,NORMAL,522920.9204974669,5696984.290406497,30,27,20.0,31327.030278280065,0.11587180894724985,ground_equivalent_excess_gamma_dose_rate,uSv/h,50.0,1.0,6360,0.000322499981848523,False,,3,0.30000000000000004,0.2700000000000001,False,,,
1289,NORMAL,NORMAL,522900.9204974669,5696984.290406497,30,26,20.0,31347.030278280065,0.11040406467450498,ground_equivalent_excess_gamma_dose_rate,uSv/h,50.0,1.0,6360,0.00032479999936185777,False,,3,0.30000000000000004,0.2700000000000001,False,,,
1290,NORMAL,NORMAL,522900.9204974669,5697004.290406496,31,26,19.999999999068677,31367.030278279133,0.10317185230704667,ground_equivalent_excess_gamma_dose_rate,uSv/h,50.0,1.0,6360,0.00031880001188255847,False,,3,0.30000000000000004,0.2700000000000001,False,,,
1291,NORMAL,NORMAL,522900.9204974669,5696984.290406497,30,26,19.999999999068677,31387.030278278202,0.11040406467450498,ground_equivalent_excess_gamma_dose_rate,uSv/h,50.0,1.0,6360,0.0003130999975837767,False,,3,0.30000000000000004,0.2700000000000001,False,,,
1292,NORMAL,NORMAL,522880.9204974669,5696964.290406497,29,25,28.284271247461902,31415.314549525665,0.11218157760174147,ground_equivalent_excess_gamma_dose_rate,uSv/h,50.0,1.0,6360,0.0003144000074826181,False,,3,0.30000000000000004,0.2700000000000001,False,,,
1293,NORMAL,NORMAL,522900.9204974669,5696964.290406497,29,26,20.0,31435.314549525665,0.11827728265194609,ground_equivalent_excess_gamma_dose_rate,uSv/h,50.0,1.0,6360,0.0005358000053092837,False,,3,0.30000000000000004,0.2700000000000001,False,,,
1294,NORMAL,NORMAL,522920.9204974669,5696944.290406497,28,27,28.284271247461902,31463.598820773128,0.1341135216087439,ground_equivalent_excess_gamma_dose_rate,uSv/h,50.0,1.0,6360,0.0005906999867875129,False,,3,0.30000000000000004,0.2700000000000001,False,,,
1295,NORMAL,NORMAL,522900.9204974669,5696964.290406497,29,26,28.284271247461902,31491.88309202059,0.11827728265194609,ground_equivalent_excess_gamma_dose_rate,uSv/h,50.0,1.0,6360,0.000509100005729124,False,,3,0.30000000000000004,0.2700000000000001,False,,,
1296,NORMAL,NORMAL,522880.9204974669,5696944.290406497,28,25,28.284271247461902,31520.167363268054,0.11985821705733896,ground_equivalent_excess_gamma_dose_rate,uSv/h,50.0,1.0,6360,0.00036529998760670424,False,,3,0.30000000000000004,0.2700000000000001,False,,,
1297,NORMAL,NORMAL,522900.9204974669,5696944.290406497,28,26,20.0,31540.167363268054,0.12684270158836725,ground_equivalent_excess_gamma_dose_rate,uSv/h,50.0,1.0,6360,0.0003288000007160008,False,,3,0.30000000000000004,0.2700000000000001,False,,,
1298,NORMAL,NORMAL,522920.9204974669,5696964.290406497,29,27,28.284271247461902,31568.451634515517,0.12457491468089804,ground_equivalent_excess_gamma_dose_rate,uSv/h,50.0,1.0,6360,0.000534099992364645,False,,3,0.30000000000000004,0.2700000000000001,False,,,
1299,NORMAL,NORMAL,522900.9204974669,5696944.290406497,28,26,28.284271247461902,31596.73590576298,0.12684270158836725,ground_equivalent_excess_gamma_dose_rate,uSv/h,50.0,1.0,6360,0.0005728999967686832,False,,3,0.30000000000000004,0.2700000000000001,False,,,
1300,NORMAL,NORMAL,522920.9204974669,5696924.290406497,27,27,28.284271247461902,31625.020177010443,0.1445621266826606,ground_equivalent_excess_gamma_dose_rate,uSv/h,50.0,1.0,6360,0.0004996999923605472,False,,3,0.30000000000000004,0.2700000000000001,False,,,
1301,NORMAL,NORMAL,522920.9204974669,5696944.290406497,28,27,20.0,31645.020177010443,0.1341135216087439,ground_equivalent_excess_gamma_dose_rate,uSv/h,50.0,1.0,6360,0.00047160001122392714,False,,3,0.30000000000000004,0.2700000000000001,False,,,
1302,NORMAL,NORMAL,522940.9204974669,5696944.290406497,28,28,20.0,31665.020177010443,0.14162382084832398,ground_equivalent_excess_gamma_dose_rate,uSv/h,50.0,1.0,6360,0.00047950001317076385,False,,3,0.30000000000000004,0.2700000000000001,False,,,
1303,NORMAL,NORMAL,522940.9204974669,5696924.290406497,27,28,20.0,31685.020177010443,0.1533264839577107,ground_equivalent_excess_gamma_dose_rate,uSv/h,50.0,1.0,6360,0.00046660000225529075,False,,3,0.30000000000000004,0.2700000000000001,False,,,
1304,NORMAL,NORMAL,522940.9204974669,5696904.290406497,26,28,20.0,31705.020177010443,0.1662482231151296,ground_equivalent_excess_gamma_dose_rate,uSv/h,50.0,1.0,6360,0.0004944999818690121,False,,3,0.30000000000000004,0.2700000000000001,False,,,
1305,NORMAL,NORMAL,522940.9204974669,5696924.290406497,27,28,20.0,31725.020177010443,0.1533264839577107,ground_equivalent_excess_gamma_dose_rate,uSv/h,50.0,1.0,6360,0.0005609000218100846,False,,3,0.30000000000000004,0.2700000000000001,False,,,
1306,NORMAL,NORMAL,522940.9204974669,5696944.290406497,28,28,20.0,31745.020177010443,0.14162382084832398,ground_equivalent_excess_gamma_dose_rate,uSv/h,50.0,1.0,6360,0.0004996999923605472,False,,3,0.30000000000000004,0.2700000000000001,False,,,
1307,NORMAL,NORMAL,522960.9204974669,5696924.290406497,27,29,28.284271247461902,31773.304448257906,0.16237404325416688,ground_equivalent_excess_gamma_dose_rate,uSv/h,50.0,1.0,6360,0.0005973999795969576,False,,3,0.30000000000000004,0.2700000000000001,False,,,
1308,NORMAL,NORMAL,522940.9204974669,5696924.290406497,27,28,20.0,31793.304448257906,0.1533264839577107,ground_equivalent_excess_gamma_dose_rate,uSv/h,50.0,1.0,6360,0.0005718999891541898,False,,3,0.30000000000000004,0.2700000000000001,False,,,
1309,NORMAL,NORMAL,522940.9204974669,5696944.290406497,28,28,20.0,31813.304448257906,0.14162382084832398,ground_equivalent_excess_gamma_dose_rate,uSv/h,50.0,1.0,6360,0.0006355999794322997,False,,3,0.30000000000000004,0.2700000000000001,False,,,
1310,NORMAL,NORMAL,522940.9204974669,5696924.290406497,27,28,20.0,31833.304448257906,0.1533264839577107,ground_equivalent_excess_gamma_dose_rate,uSv/h,50.0,1.0,6360,0.0005821999802719802,False,,3,0.30000000000000004,0.2700000000000001,False,,,
1311,NORMAL,NORMAL,522940.9204974669,5696904.290406497,26,28,20.0,31853.304448257906,0.1662482231151296,ground_equivalent_excess_gamma_dose_rate,uSv/h,50.0,1.0,6360,0.0005349000275600702,False,,3,0.30000000000000004,0.2700000000000001,False,,,
1312,NORMAL,NORMAL,522940.9204974669,5696924.290406497,27,28,20.0,31873.304448257906,0.1533264839577107,ground_equivalent_excess_gamma_dose_rate,uSv/h,50.0,1.0,6360,0.0005571999936364591,False,,3,0.30000000000000004,0.2700000000000001,False,,,
1313,NORMAL,NORMAL,522940.9204974669,5696904.290406497,26,28,20.0,31893.304448257906,0.1662482231151296,ground_equivalent_excess_gamma_dose_rate,uSv/h,50.0,1.0,6360,0.000523900002008304,False,,3,0.30000000000000004,0.2700000000000001,False,,,
1314,NORMAL,NORMAL,522940.9204974669,5696924.290406497,27,28,20.0,31913.304448257906,0.1533264839577107,ground_equivalent_excess_gamma_dose_rate,uSv/h,50.0,1.0,6360,0.00047640001866966486,False,,3,0.30000000000000004,0.2700000000000001,False,,,
1315,NORMAL,NORMAL,522920.9204974669,5696924.290406497,27,27,20.0,31933.304448257906,0.1445621266826606,ground_equivalent_excess_gamma_dose_rate,uSv/h,50.0,1.0,6360,0.00047709999489597976,False,,3,0.30000000000000004,0.2700000000000001,False,,,
1316,NORMAL,NORMAL,522940.9204974669,5696944.290406497,28,28,28.284271247461902,31961.58871950537,0.14162382084832398,ground_equivalent_excess_gamma_dose_rate,uSv/h,50.0,1.0,6360,0.0005496999947354198,False,,3,0.30000000000000004,0.2700000000000001,False,,,
1317,NORMAL,NORMAL,522920.9204974669,5696924.290406497,27,27,28.284271247461902,31989.872990752832,0.1445621266826606,ground_equivalent_excess_gamma_dose_rate,uSv/h,50.0,1.0,6360,0.0005548000044655055,False,,3,0.30000000000000004,0.2700000000000001,False,,,
1318,NORMAL,NORMAL,522940.9204974669,5696944.290406497,28,28,28.284271247461902,32018.157262000295,0.14162382084832398,ground_equivalent_excess_gamma_dose_rate,uSv/h,50.0,1.0,6360,0.0005697000015061349,False,,3,0.30000000000000004,0.2700000000000001,False,,,
1319,NORMAL,NORMAL,522940.9204974669,5696924.290406497,27,28,20.0,32038.157262000295,0.1533264839577107,ground_equivalent_excess_gamma_dose_rate,uSv/h,50.0,1.0,6360,0.0005671999824699014,False,,3,0.30000000000000004,0.2700000000000001,False,,,
1320,NORMAL,NORMAL,522920.9204974669,5696904.290406497,26,27,28.284271247461902,32066.44153324776,0.1559937671129405,ground_equivalent_excess_gamma_dose_rate,uSv/h,50.0,1.0,6360,0.0005631000094581395,False,,3,0.30000000000000004,0.2700000000000001,False,,,
1321,NORMAL,NORMAL,522900.9204974669,5696924.290406497,27,26,28.284271247461902,32094.72580449522,0.13614978629736335,ground_equivalent_excess_gamma_dose_rate,uSv/h,50.0,1.0,6360,0.0005032999906688929,False,,3,0.30000000000000004,0.2700000000000001,False,,,
1322,NORMAL,NORMAL,522920.9204974669,5696924.290406497,27,27,20.0,32114.72580449522,0.1445621266826606,ground_equivalent_excess_gamma_dose_rate,uSv/h,50.0,1.0,6360,0.0005683000199496746,False,,3,0.30000000000000004,0.2700000000000001,False,,,
1323,NORMAL,NORMAL,522920.9204974669,5696944.290406497,28,27,20.0,32134.72580449522,0.1341135216087439,ground_equivalent_excess_gamma_dose_rate,uSv/h,50.0,1.0,6360,0.0006161000055726618,False,,3,0.30000000000000004,0.2700000000000001,False,,,
1324,NORMAL,NORMAL,522900.9204974669,5696924.290406497,27,26,28.284271247461902,32163.010075742684,0.13614978629736335,ground_equivalent_excess_gamma_dose_rate,uSv/h,50.0,1.0,6360,0.0005621000018436462,False,,3,0.30000000000000004,0.2700000000000001,False,,,
1325,NORMAL,NORMAL,522880.9204974669,5696904.290406497,26,25,28.284271247461902,32191.294346990147,0.13703635064454128,ground_equivalent_excess_gamma_dose_rate,uSv/h,50.0,1.0,6360,0.000603299995418638,False,,3,0.30000000000000004,0.2700000000000001,False,,,
1326,NORMAL,NORMAL,522900.9204974669,5696904.290406497,26,26,20.0,32211.294346990147,0.1462432337600506,ground_equivalent_excess_gamma_dose_rate,uSv/h,50.0,1.0,6360,0.0005461999971885234,False,,3,0.30000000000000004,0.2700000000000001,False,,,
1327,NORMAL,NORMAL,522920.9204974669,5696924.290406497,27,27,28.284271247461902,32239.57861823761,0.1445621266826606,ground_equivalent_excess_gamma_dose_rate,uSv/h,50.0,1.0,6360,0.0005562000151257962,False,,3,0.30000000000000004,0.2700000000000001,False,,,
1328,NORMAL,NORMAL,522900.9204974669,5696924.290406497,27,26,20.0,32259.57861823761,0.13614978629736335,ground_equivalent_excess_gamma_dose_rate,uSv/h,50.0,1.0,6360,0.0005193999968469143,False,,3,0.30000000000000004,0.2700000000000001,False,,,
1329,NORMAL,NORMAL,522900.9204974669,5696944.290406497,28,26,20.0,32279.57861823761,0.12684270158836725,ground_equivalent_excess_gamma_dose_rate,uSv/h,50.0,1.0,6360,0.0005586000042967498,False,,3,0.30000000000000004,0.2700000000000001,False,,,
1330,NORMAL,NORMAL,522920.9204974669,5696964.290406497,29,27,28.284271247461902,32307.862889485074,0.12457491468089804,ground_equivalent_excess_gamma_dose_rate,uSv/h,50.0,1.0,6360,0.0005404000112321228,False,,3,0.30000000000000004,0.2700000000000001,False,,,
1331,NORMAL,NORMAL,522920.9204974669,5696984.290406497,30,27,20.0,32327.862889485074,0.11587180894724985,ground_equivalent_excess_gamma_dose_rate,uSv/h,50.0,1.0,6360,0.0008547000179532915,False,,3,0.30000000000000004,0.2700000000000001,False,,,
1332,NORMAL,NORMAL,522940.9204974669,5696984.290406497,30,28,20.0,32347.862889485074,0.12143561834110261,ground_equivalent_excess_gamma_dose_rate,uSv/h,50.0,1.0,6360,0.0008866999996826053,False,,3,0.30000000000000004,0.2700000000000001,False,,,
1333,NORMAL,NORMAL,522920.9204974669,5697004.290406496,31,27,28.284271246803357,32376.147160731878,0.10793127044493589,ground_equivalent_excess_gamma_dose_rate,uSv/h,50.0,1.0,6360,0.00039629999082535505,False,,3,0.30000000000000004,0.2700000000000001,False,,,
1334,NORMAL,NORMAL,522940.9204974669,5697004.290406496,31,28,20.0,32396.147160731878,0.1127428152247773,ground_equivalent_excess_gamma_dose_rate,uSv/h,50.0,1.0,6360,0.0007866999949328601,False,,3,0.30000000000000004,0.2700000000000001,False,,,
1335,NORMAL,NORMAL,522920.9204974669,5697024.290406496,32,27,28.284271247461902,32424.43143197934,0.1006838036374339,ground_equivalent_excess_gamma_dose_rate,uSv/h,50.0,1.0,6360,0.000610099988989532,False,,3,0.30000000000000004,0.2700000000000001,False,,,
1336,NORMAL,NORMAL,522940.9204974669,5697024.290406496,32,28,20.0,32444.43143197934,0.10485836714533509,ground_equivalent_excess_gamma_dose_rate,uSv/h,50.0,1.0,6360,0.0005218999867793173,False,,3,0.30000000000000004,0.2700000000000001,False,,,
1337,NORMAL,NORMAL,522960.9204974669,5697024.290406496,32,29,20.0,32464.43143197934,0.10901246683298654,ground_equivalent_excess_gamma_dose_rate,uSv/h,50.0,1.0,6360,0.0005910999898333102,False,,3,0.30000000000000004,0.2700000000000001,False,,,
1338,NORMAL,NORMAL,522940.9204974669,5697024.290406496,32,28,20.0,32484.43143197934,0.10485836714533509,ground_equivalent_excess_gamma_dose_rate,uSv/h,50.0,1.0,6360,0.000370699999621138,False,,3,0.30000000000000004,0.2700000000000001,False,,,
1339,NORMAL,NORMAL,522920.9204974669,5697044.290406496,33,27,28.284271247461902,32512.715703226804,0.09406441648861152,ground_equivalent_excess_gamma_dose_rate,uSv/h,50.0,1.0,6360,0.00034100000630132854,False,,3,0.30000000000000004,0.2700000000000001,False,,,
1340,NORMAL,NORMAL,522920.9204974669,5697064.290406496,34,27,20.0,32532.715703226804,0.08801312916739651,ground_equivalent_excess_gamma_dose_rate,uSv/h,50.0,1.0,6360,0.00031269999453797936,False,,3,0.30000000000000004,0.2700000000000001,False,,,
1341,NORMAL,NORMAL,522940.9204974669,5697084.290406496,35,28,28.284271247461902,32560.999974474267,0.08525542289642757,ground_equivalent_excess_gamma_dose_rate,uSv/h,50.0,1.0,6360,0.00032500000088475645,False,,3,0.30000000000000004,0.2700000000000001,False,,,
1342,NORMAL,NORMAL,522960.9204974669,5697084.290406496,35,29,20.0,32580.999974474267,0.08798132443444029,ground_equivalent_excess_gamma_dose_rate,uSv/h,50.0,1.0,6360,0.0003023000026587397,False,,3,0.30000000000000004,0.2700000000000001,False,,,
1343,NORMAL,NORMAL,522940.9204974669,5697064.290406496,34,28,28.284271247461902,32609.28424572173,0.09118654202059301,ground_equivalent_excess_gamma_dose_rate,uSv/h,50.0,1.0,6360,0.0003445000038482249,False,,3,0.30000000000000004,0.2700000000000001,False,,,
1344,NORMAL,NORMAL,522960.9204974669,5697064.290406496,34,29,20.0,32629.28424572173,0.09431186374105605,ground_equivalent_excess_gamma_dose_rate,uSv/h,50.0,1.0,6360,0.0003111999831162393,False,,3,0.30000000000000004,0.2700000000000001,False,,,
1345,NORMAL,NORMAL,522980.9204974669,5697044.290406496,33,30,28.284271247461902,32657.568516969193,0.10481322595834286,ground_equivalent_excess_gamma_dose_rate,uSv/h,50.0,1.0,6360,0.00030899999546818435,False,,3,0.30000000000000004,0.2700000000000001,False,,,
1346,NORMAL,NORMAL,522960.9204974669,5697024.290406496,32,29,28.284271247461902,32685.852788216656,0.10901246683298654,ground_equivalent_excess_gamma_dose_rate,uSv/h,50.0,1.0,6360,0.0003097000007983297,False,,3,0.30000000000000004,0.2700000000000001,False,,,
1347,NORMAL,NORMAL,522940.9204974669,5697004.290406496,31,28,28.284271247461902,32714.13705946412,0.1127428152247773,ground_equivalent_excess_gamma_dose_rate,uSv/h,50.0,1.0,6360,0.0002919000107795,False,,3,0.30000000000000004,0.2700000000000001,False,,,
1348,NORMAL,NORMAL,522960.9204974669,5697004.290406496,31,29,20.0,32734.13705946412,0.11755945416433361,ground_equivalent_excess_gamma_dose_rate,uSv/h,50.0,1.0,6360,0.0003000000142492354,False,,3,0.30000000000000004,0.2700000000000001,False,,,
1349,NORMAL,NORMAL,522980.9204974669,5697024.290406496,32,30,28.284271247461902,32762.421330711582,0.11309847649300514,ground_equivalent_excess_gamma_dose_rate,uSv/h,50.0,1.0,6360,0.00029269998776726425,False,,3,0.30000000000000004,0.2700000000000001,False,,,
1350,NORMAL,NORMAL,523000.920497467,5697024.290406496,32,31,20.000000000058208,32782.421330711644,0.11706255271152993,ground_equivalent_excess_gamma_dose_rate,uSv/h,50.0,1.0,6360,0.00030079999123699963,False,,3,0.30000000000000004,0.2700000000000001,False,,,
1351,NORMAL,NORMAL,522980.9204974669,5697024.290406496,32,30,20.000000000058208,32802.4213307117,0.11309847649300514,ground_equivalent_excess_gamma_dose_rate,uSv/h,50.0,1.0,6360,0.0003606000100262463,False,,3,0.30000000000000004,0.2700000000000001,False,,,
1352,NORMAL,NORMAL,522960.9204974669,5697004.290406496,31,29,28.284271247461902,32830.70560195916,0.11755945416433361,ground_equivalent_excess_gamma_dose_rate,uSv/h,50.0,1.0,6360,0.0003139000036753714,False,,3,0.30000000000000004,0.2700000000000001,False,,,
1353,NORMAL,NORMAL,522940.9204974669,5697024.290406496,32,28,28.284271247461902,32858.98987320662,0.10485836714533509,ground_equivalent_excess_gamma_dose_rate,uSv/h,50.0,1.0,6360,0.000305499997921288,False,,3,0.30000000000000004,0.2700000000000001,False,,,
1354,NORMAL,NORMAL,522920.9204974669,5697004.290406496,31,27,28.284271247461902,32887.27414445408,0.10793127044493589,ground_equivalent_excess_gamma_dose_rate,uSv/h,50.0,1.0,6360,0.00031400000443682075,False,,3,0.30000000000000004,0.2700000000000001,False,,,
1355,NORMAL,NORMAL,522920.9204974669,5697024.290406496,32,27,20.0,32907.27414445408,0.1006838036374339,ground_equivalent_excess_gamma_dose_rate,uSv/h,50.0,1.0,6360,0.00030769998556934297,False,,3,0.30000000000000004,0.2700000000000001,False,,,
1356,NORMAL,NORMAL,522920.9204974669,5697044.290406496,33,27,20.0,32927.27414445408,0.09406441648861152,ground_equivalent_excess_gamma_dose_rate,uSv/h,50.0,1.0,6360,0.0005142000154592097,False,,3,0.30000000000000004,0.2700000000000001,False,,,
1357,NORMAL,NORMAL,522940.9204974669,5697064.290406496,34,28,28.284271247461902,32955.55841570154,0.09118654202059301,ground_equivalent_excess_gamma_dose_rate,uSv/h,50.0,1.0,6360,0.00051710000843741,False,,3,0.30000000000000004,0.2700000000000001,False,,,
1358,NORMAL,NORMAL,522960.9204974669,5697044.290406496,33,29,28.284271247461902,32983.842686949,0.1012946333055505,ground_equivalent_excess_gamma_dose_rate,uSv/h,50.0,1.0,6360,0.0004933000018354505,False,,3,0.30000000000000004,0.2700000000000001,False,,,
1359,NORMAL,NORMAL,522960.9204974669,5697024.290406496,32,29,20.0,33003.842686949,0.10901246683298654,ground_equivalent_excess_gamma_dose_rate,uSv/h,50.0,1.0,6360,0.0003701999958138913,False,,3,0.30000000000000004,0.2700000000000001,False,,,
1360,NORMAL,NORMAL,522980.9204974669,5697004.290406496,31,30,28.284271247461902,33032.12695819646,0.1223253037409599,ground_equivalent_excess_gamma_dose_rate,uSv/h,50.0,1.0,6360,0.0003630999999586493,False,,3,0.30000000000000004,0.2700000000000001,False,,,
1361,NORMAL,NORMAL,522980.9204974669,5697024.290406496,32,30,20.0,33052.12695819646,0.11309847649300514,ground_equivalent_excess_gamma_dose_rate,uSv/h,50.0,1.0,6360,0.00033599999733269215,False,,3,0.30000000000000004,0.2700000000000001,False,,,
1362,NORMAL,NORMAL,522980.9204974669,5697004.290406496,31,30,20.0,33072.12695819646,0.1223253037409599,ground_equivalent_excess_gamma_dose_rate,uSv/h,50.0,1.0,6360,0.00031289999606087804,False,,3,0.30000000000000004,0.2700000000000001,False,,,
1363,NORMAL,NORMAL,523000.920497467,5697024.290406496,32,31,28.28427124750306,33100.41122944396,0.11706255271152993,ground_equivalent_excess_gamma_dose_rate,uSv/h,50.0,1.0,6360,0.0003111999831162393,False,,3,0.30000000000000004,0.2700000000000001,False,,,
1364,NORMAL,NORMAL,523000.920497467,5697004.290406496,31,31,20.0,33120.41122944396,0.12697585793740523,ground_equivalent_excess_gamma_dose_rate,uSv/h,50.0,1.0,6360,0.0003082000184804201,False,,3,0.30000000000000004,0.2700000000000001,False,,,
1365,NORMAL,NORMAL,522980.9204974669,5696984.290406497,30,30,28.284271246844515,33148.6955006908,0.13262608416489968,ground_equivalent_excess_gamma_dose_rate,uSv/h,50.0,1.0,6360,0.00039220001781359315,False,,3,0.30000000000000004,0.2700000000000001,False,,,
1366,NORMAL,NORMAL,522980.9204974669,5696964.290406497,29,30,20.0,33168.6955006908,0.14415315533054746,ground_equivalent_excess_gamma_dose_rate,uSv/h,50.0,1.0,6360,0.00031990002025850117,False,,3,0.30000000000000004,0.2700000000000001,False,,,
1367,NORMAL,NORMAL,522980.9204974669,5696984.290406497,30,30,20.0,33188.6955006908,0.13262608416489968,ground_equivalent_excess_gamma_dose_rate,uSv/h,50.0,1.0,6360,0.00030910002533346415,False,,3,0.30000000000000004,0.2700000000000001,False,,,
1368,NORMAL,NORMAL,523000.920497467,5696984.290406497,30,31,20.000000000058208,33208.69550069086,0.13811040163127036,ground_equivalent_excess_gamma_dose_rate,uSv/h,50.0,1.0,6360,0.0003003000165335834,False,,3,0.30000000000000004,0.2700000000000001,False,,,
1369,NORMAL,NORMAL,523020.920497467,5696964.290406497,29,32,28.284271247461902,33236.97977193832,0.15697983312304825,ground_equivalent_excess_gamma_dose_rate,uSv/h,50.0,1.0,6360,0.0003065000055357814,False,,3,0.30000000000000004,0.2700000000000001,False,,,
1370,NORMAL,NORMAL,523000.920497467,5696984.290406497,30,31,28.284271247461902,33265.26404318578,0.13811040163127036,ground_equivalent_excess_gamma_dose_rate,uSv/h,50.0,1.0,6360,0.00029180001001805067,False,,3,0.30000000000000004,0.2700000000000001,False,,,
1371,NORMAL,NORMAL,522980.9204974669,5697004.290406496,31,30,28.284271246844515,33293.54831443262,0.1223253037409599,ground_equivalent_excess_gamma_dose_rate,uSv/h,50.0,1.0,6360,0.00032369999098591506,False,,3,0.30000000000000004,0.2700000000000001,False,,,
1372,NORMAL,NORMAL,523000.920497467,5697004.290406496,31,31,20.000000000058208,33313.54831443268,0.12697585793740523,ground_equivalent_excess_gamma_dose_rate,uSv/h,50.0,1.0,6360,0.00030270000570453703,False,,3,0.30000000000000004,0.2700000000000001,False,,,
1373,NORMAL,NORMAL,523020.920497467,5697004.290406496,31,32,20.0,33333.54831443268,0.13143882340306762,ground_equivalent_excess_gamma_dose_rate,uSv/h,50.0,1.0,6360,0.0004304999893065542,False,,3,0.30000000000000004,0.2700000000000001,False,,,
1374,NORMAL,NORMAL,523000.920497467,5696984.290406497,30,31,28.284271246803357,33361.83258567948,0.13811040163127036,ground_equivalent_excess_gamma_dose_rate,uSv/h,50.0,1.0,6360,0.0003643999807536602,False,,3,0.30000000000000004,0.2700000000000001,False,,,
1375,NORMAL,NORMAL,523020.920497467,5696964.290406497,29,32,28.284271247461902,33390.11685692694,0.15697983312304825,ground_equivalent_excess_gamma_dose_rate,uSv/h,50.0,1.0,6360,0.00032980000833049417,False,,3,0.30000000000000004,0.2700000000000001,False,,,
1376,NORMAL,NORMAL,523040.920497467,5696964.290406497,29,33,20.0,33410.11685692694,0.1630035858650079,ground_equivalent_excess_gamma_dose_rate,uSv/h,50.0,1.0,6360,0.0003350999904796481,False,,3,0.30000000000000004,0.2700000000000001,False,,,
1377,NORMAL,NORMAL,523040.920497467,5696944.290406497,28,33,20.0,33430.11685692694,0.17972985879513753,ground_equivalent_excess_gamma_dose_rate,uSv/h,50.0,1.0,6360,0.00031090000993572176,False,,3,0.30000000000000004,0.2700000000000001,False,,,
1378,NORMAL,NORMAL,523020.920497467,5696944.290406497,28,32,20.0,33450.11685692694,0.17243411553886134,ground_equivalent_excess_gamma_dose_rate,uSv/h,50.0,1.0,6360,0.0003157000173814595,False,,3,0.30000000000000004,0.2700000000000001,False,,,
1379,NORMAL,NORMAL,523000.920497467,5696924.290406497,27,31,28.284271247461902,33478.4011281744,0.18090384432618228,ground_equivalent_excess_gamma_dose_rate,uSv/h,50.0,1.0,6360,0.00030350001179613173,False,,3,0.30000000000000004,0.2700000000000001,False,,,
1380,NORMAL,NORMAL,523000.920497467,5696944.290406497,28,31,20.0,33498.4011281744,0.16483352314561694,ground_equivalent_excess_gamma_dose_rate,uSv/h,50.0,1.0,6360,0.00029189998167566955,False,,3,0.30000000000000004,0.2700000000000001,False,,,
1381,NORMAL,NORMAL,522980.9204974669,5696924.290406497,27,30,28.28427124750306,33526.685399421905,0.17160873632031343,ground_equivalent_excess_gamma_dose_rate,uSv/h,50.0,1.0,6360,0.0002997000119648874,False,,3,0.30000000000000004,0.2700000000000001,False,,,
1382,NORMAL,NORMAL,522960.9204974669,5696904.290406497,26,29,28.284271247461902,33554.969670669365,0.17693818709103892,ground_equivalent_excess_gamma_dose_rate,uSv/h,50.0,1.0,6360,0.00042719999328255653,False,,3,0.30000000000000004,0.2700000000000001,False,,,
1383,NORMAL,NORMAL,522940.9204974669,5696924.290406497,27,28,28.284271247461902,33583.253941916824,0.1533264839577107,ground_equivalent_excess_gamma_dose_rate,uSv/h,50.0,1.0,6360,0.00033400001120753586,False,,3,0.30000000000000004,0.2700000000000001,False,,,
1384,NORMAL,NORMAL,522940.9204974669,5696904.290406497,26,28,20.0,33603.253941916824,0.1662482231151296,ground_equivalent_excess_gamma_dose_rate,uSv/h,50.0,1.0,6360,0.00034410000080242753,False,,3,0.30000000000000004,0.2700000000000001,False,,,
1385,NORMAL,NORMAL,522960.9204974669,5696884.290406497,25,29,28.284271247461902,33631.538213164284,0.1931709195143692,ground_equivalent_excess_gamma_dose_rate,uSv/h,50.0,1.0,6360,0.00048359998618252575,False,,3,0.30000000000000004,0.2700000000000001,False,,,
1386,NORMAL,NORMAL,522980.9204974669,5696864.290406497,24,30,28.284271247461902,33659.82248441174,0.22714762035593244,ground_equivalent_excess_gamma_dose_rate,uSv/h,50.0,1.0,6360,0.0004172000044491142,False,,3,0.30000000000000004,0.2700000000000001,False,,,
1387,NORMAL,NORMAL,522980.9204974669,5696844.290406497,23,30,20.0,33679.82248441174,0.2505327065042766,ground_equivalent_excess_gamma_dose_rate,uSv/h,50.0,1.0,6360,0.00033569999504834414,False,,3,0.30000000000000004,0.2700000000000001,False,,,
1388,NORMAL,NORMAL,522980.9204974669,5696864.290406497,24,30,20.0,33699.82248441174,0.22714762035593244,ground_equivalent_excess_gamma_dose_rate,uSv/h,50.0,1.0,6360,0.0003147000097669661,False,,3,0.30000000000000004,0.2700000000000001,False,,,
1389,NORMAL,NORMAL,522960.9204974669,5696884.290406497,25,29,28.284271247461902,33728.1067556592,0.1931709195143692,ground_equivalent_excess_gamma_dose_rate,uSv/h,50.0,1.0,6360,0.0005450000171549618,False,,3,0.30000000000000004,0.2700000000000001,False,,,
1390,NORMAL,NORMAL,522960.9204974669,5696864.290406497,24,29,20.0,33748.1067556592,0.21124525861599797,ground_equivalent_excess_gamma_dose_rate,uSv/h,50.0,1.0,6360,0.0003547999949660152,False,,3,0.30000000000000004,0.2700000000000001,False,,,
1391,NORMAL,NORMAL,522940.9204974669,5696884.290406497,25,28,28.284271247461902,33776.39102690666,0.18049976888723773,ground_equivalent_excess_gamma_dose_rate,uSv/h,50.0,1.0,6360,0.0003100000030826777,False,,3,0.30000000000000004,0.2700000000000001,False,,,
1392,NORMAL,NORMAL,522920.9204974669,5696904.290406497,26,27,28.284271247461902,33804.67529815412,0.1559937671129405,ground_equivalent_excess_gamma_dose_rate,uSv/h,50.0,1.0,6360,0.0003276000206824392,False,,3,0.30000000000000004,0.2700000000000001,False,,,
1393,NORMAL,NORMAL,522940.9204974669,5696904.290406497,26,28,20.0,33824.67529815412,0.1662482231151296,ground_equivalent_excess_gamma_dose_rate,uSv/h,50.0,1.0,6360,0.00029650001670233905,False,,3,0.30000000000000004,0.2700000000000001,False,,,
1394,NORMAL,NORMAL,522960.9204974669,5696904.290406497,26,29,20.0,33844.67529815412,0.17693818709103892,ground_equivalent_excess_gamma_dose_rate,uSv/h,50.0,1.0,6360,0.00033790001180022955,False,,3,0.30000000000000004,0.2700000000000001,False,,,
1395,NORMAL,NORMAL,522980.9204974669,5696924.290406497,27,30,28.284271247461902,33872.95956940158,0.17160873632031343,ground_equivalent_excess_gamma_dose_rate,uSv/h,50.0,1.0,6360,0.0003130999975837767,False,,3,0.30000000000000004,0.2700000000000001,False,,,
1396,NORMAL,NORMAL,522960.9204974669,5696924.290406497,27,29,20.0,33892.95956940158,0.16237404325416688,ground_equivalent_excess_gamma_dose_rate,uSv/h,50.0,1.0,6360,0.0004831000114791095,False,,3,0.30000000000000004,0.2700000000000001,False,,,
1397,NORMAL,NORMAL,522940.9204974669,5696924.290406497,27,28,20.0,33912.95956940158,0.1533264839577107,ground_equivalent_excess_gamma_dose_rate,uSv/h,50.0,1.0,6360,0.0003377000102773309,False,,3,0.30000000000000004,0.2700000000000001,False,,,
1398,NORMAL,NORMAL,522960.9204974669,5696924.290406497,27,29,20.0,33932.95956940158,0.16237404325416688,ground_equivalent_excess_gamma_dose_rate,uSv/h,50.0,1.0,6360,0.0003004999889526516,False,,3,0.30000000000000004,0.2700000000000001,False,,,
1399,NORMAL,NORMAL,522960.9204974669,5696944.290406497,28,29,20.0,33952.95956940158,0.1493083648666369,ground_equivalent_excess_gamma_dose_rate,uSv/h,50.0,1.0,6360,0.0004160999960731715,False,,3,0.30000000000000004,0.2700000000000001,False,,,
1400,NORMAL,NORMAL,522940.9204974669,5696964.290406497,29,28,28.284271247461902,33981.24384064904,0.13102918273772451,ground_equivalent_excess_gamma_dose_rate,uSv/h,50.0,1.0,6360,0.00034729999606497586,False,,3,0.30000000000000004,0.2700000000000001,False,,,
1401,NORMAL,NORMAL,522920.9204974669,5696944.290406497,28,27,28.284271247461902,34009.5281118965,0.1341135216087439,ground_equivalent_excess_gamma_dose_rate,uSv/h,50.0,1.0,6360,0.00032029999420046806,False,,3,0.30000000000000004,0.2700000000000001,False,,,
1402,NORMAL,NORMAL,522900.9204974669,5696944.290406497,28,26,20.0,34029.5281118965,0.12684270158836725,ground_equivalent_excess_gamma_dose_rate,uSv/h,50.0,1.0,6360,0.00029749999521300197,False,,3,0.30000000000000004,0.2700000000000001,False,,,
1403,NORMAL,NORMAL,522880.9204974669,5696964.290406497,29,25,28.284271247461902,34057.81238314396,0.11218157760174147,ground_equivalent_excess_gamma_dose_rate,uSv/h,50.0,1.0,6360,0.00030899999546818435,False,,3,0.30000000000000004,0.2700000000000001,False,,,
1404,NORMAL,NORMAL,522880.9204974669,5696944.290406497,28,25,20.0,34077.81238314396,0.11985821705733896,ground_equivalent_excess_gamma_dose_rate,uSv/h,50.0,1.0,6360,0.0003853000234812498,False,,3,0.30000000000000004,0.2700000000000001,False,,,
1405,NORMAL,NORMAL,522900.9204974669,5696964.290406497,29,26,28.284271247461902,34106.09665439142,0.11827728265194609,ground_equivalent_excess_gamma_dose_rate,uSv/h,50.0,1.0,6360,0.0003203999949619174,False,,3,0.30000000000000004,0.2700000000000001,False,,,
1406,NORMAL,NORMAL,522900.9204974669,5696984.290406497,30,26,20.0,34126.09665439142,0.11040406467450498,ground_equivalent_excess_gamma_dose_rate,uSv/h,50.0,1.0,6360,0.0003037000133190304,False,,3,0.30000000000000004,0.2700000000000001,False,,,
1407,NORMAL,NORMAL,522900.9204974669,5697004.290406496,31,26,19.999999999068677,34146.09665439049,0.10317185230704667,ground_equivalent_excess_gamma_dose_rate,uSv/h,50.0,1.0,6360,0.0003012999950442463,False,,3,0.30000000000000004,0.2700000000000001,False,,,
1408,NORMAL,NORMAL,522880.9204974669,5696984.290406497,30,25,28.284271246803357,34174.38092563729,0.10507459668679958,ground_equivalent_excess_gamma_dose_rate,uSv/h,50.0,1.0,6360,0.000309199996991083,False,,3,0.30000000000000004,0.2700000000000001,False,,,
1409,NORMAL,NORMAL,522900.9204974669,5696984.290406497,30,26,20.0,34194.38092563729,0.11040406467450498,ground_equivalent_excess_gamma_dose_rate,uSv/h,50.0,1.0,6360,0.0002959999837912619,False,,3,0.30000000000000004,0.2700000000000001,False,,,
1410,NORMAL,NORMAL,522920.9204974669,5696984.290406497,30,27,20.0,34214.38092563729,0.11587180894724985,ground_equivalent_excess_gamma_dose_rate,uSv/h,50.0,1.0,6360,0.0003024999750778079,False,,3,0.30000000000000004,0.2700000000000001,False,,,
1411,NORMAL,NORMAL,522900.9204974669,5697004.290406496,31,26,28.284271246803357,34242.665196884096,0.10317185230704667,ground_equivalent_excess_gamma_dose_rate,uSv/h,50.0,1.0,6360,0.00031129998387768865,False,,3,0.30000000000000004,0.2700000000000001,False,,,
1412,NORMAL,NORMAL,522900.9204974669,5697024.290406496,32,26,20.0,34262.665196884096,0.09652980465541833,ground_equivalent_excess_gamma_dose_rate,uSv/h,50.0,1.0,6360,0.00029590001213364303,False,,3,0.30000000000000004,0.2700000000000001,False,,,
1413,NORMAL,NORMAL,522920.9204974669,5697004.290406496,31,27,28.284271247461902,34290.949468131555,0.10793127044493589,ground_equivalent_excess_gamma_dose_rate,uSv/h,50.0,1.0,6360,0.0005340000207070261,False,,3,0.30000000000000004,0.2700000000000001,False,,,
1414,NORMAL,NORMAL,522940.9204974669,5697004.290406496,31,28,20.0,34310.949468131555,0.1127428152247773,ground_equivalent_excess_gamma_dose_rate,uSv/h,50.0,1.0,6360,0.0005603999888990074,False,,3,0.30000000000000004,0.2700000000000001,False,,,
1415,NORMAL,NORMAL,522920.9204974669,5697024.290406496,32,27,28.284271247461902,34339.233739379015,0.1006838036374339,ground_equivalent_excess_gamma_dose_rate,uSv/h,50.0,1.0,6360,0.0005526999884750694,False,,3,0.30000000000000004,0.2700000000000001,False,,,
1416,NORMAL,NORMAL,522920.9204974669,5697044.290406496,33,27,20.0,34359.233739379015,0.09406441648861152,ground_equivalent_excess_gamma_dose_rate,uSv/h,50.0,1.0,6360,0.0005706999800167978,False,,3,0.30000000000000004,0.2700000000000001,False,,,
1417,NORMAL,NORMAL,522920.9204974669,5697064.290406496,34,27,20.0,34379.233739379015,0.08801312916739651,ground_equivalent_excess_gamma_dose_rate,uSv/h,50.0,1.0,6360,0.0005625000048894435,False,,3,0.30000000000000004,0.2700000000000001,False,,,
1418,NORMAL,NORMAL,522940.9204974669,5697044.290406496,33,28,28.284271247461902,34407.518010626474,0.09769821082781455,ground_equivalent_excess_gamma_dose_rate,uSv/h,50.0,1.0,6360,0.0005362000083550811,False,,3,0.30000000000000004,0.2700000000000001,False,,,
1419,NORMAL,NORMAL,522960.9204974669,5697064.290406496,34,29,28.284271247461902,34435.802281873934,0.09431186374105605,ground_equivalent_excess_gamma_dose_rate,uSv/h,50.0,1.0,6360,0.00043719998211599886,False,,3,0.30000000000000004,0.2700000000000001,False,,,
1420,NORMAL,NORMAL,522940.9204974669,5697044.290406496,33,28,28.284271247461902,34464.08655312139,0.09769821082781455,ground_equivalent_excess_gamma_dose_rate,uSv/h,50.0,1.0,6360,0.00034290002076886594,False,,3,0.30000000000000004,0.2700000000000001,False,,,
1421,NORMAL,NORMAL,522920.9204974669,5697044.290406496,33,27,20.0,34484.08655312139,0.09406441648861152,ground_equivalent_excess_gamma_dose_rate,uSv/h,50.0,1.0,6360,0.0003197999903932214,False,,3,0.30000000000000004,0.2700000000000001,False,,,
1422,NORMAL,NORMAL,522940.9204974669,5697044.290406496,33,28,20.0,34504.08655312139,0.09769821082781455,ground_equivalent_excess_gamma_dose_rate,uSv/h,50.0,1.0,6360,0.00030440001864917576,False,,3,0.30000000000000004,0.2700000000000001,False,,,
1423,NORMAL,NORMAL,522920.9204974669,5697024.290406496,32,27,28.284271247461902,34532.37082436885,0.1006838036374339,ground_equivalent_excess_gamma_dose_rate,uSv/h,50.0,1.0,6360,0.0003161000204272568,False,,3,0.30000000000000004,0.2700000000000001,False,,,
1424,NORMAL,NORMAL,522900.9204974669,5697024.290406496,32,26,20.0,34552.37082436885,0.09652980465541833,ground_equivalent_excess_gamma_dose_rate,uSv/h,50.0,1.0,6360,0.00032049999572336674,False,,3,0.30000000000000004,0.2700000000000001,False,,,
1425,NORMAL,NORMAL,522920.9204974669,5697024.290406496,32,27,20.0,34572.37082436885,0.1006838036374339,ground_equivalent_excess_gamma_dose_rate,uSv/h,50.0,1.0,6360,0.0005243999767117202,False,,3,0.30000000000000004,0.2700000000000001,False,,,
1426,NORMAL,NORMAL,522940.9204974669,5697024.290406496,32,28,20.0,34592.37082436885,0.10485836714533509,ground_equivalent_excess_gamma_dose_rate,uSv/h,50.0,1.0,6360,0.00034100000630132854,False,,3,0.30000000000000004,0.2700000000000001,False,,,
1427,NORMAL,NORMAL,522920.9204974669,5697004.290406496,31,27,28.284271247461902,34620.65509561631,0.10793127044493589,ground_equivalent_excess_gamma_dose_rate,uSv/h,50.0,1.0,6360,0.0003077999863307923,False,,3,0.30000000000000004,0.2700000000000001,False,,,
1428,NORMAL,NORMAL,522940.9204974669,5696984.290406497,30,28,28.284271246803357,34648.93936686312,0.12143561834110261,ground_equivalent_excess_gamma_dose_rate,uSv/h,50.0,1.0,6360,0.00029559998074546456,False,,3,0.30000000000000004,0.2700000000000001,False,,,
1429,NORMAL,NORMAL,522940.9204974669,5696964.290406497,29,28,20.0,34668.93936686312,0.13102918273772451,ground_equivalent_excess_gamma_dose_rate,uSv/h,50.0,1.0,6360,0.00030529999639838934,False,,3,0.30000000000000004,0.2700000000000001,False,,,
1430,NORMAL,NORMAL,522920.9204974669,5696984.290406497,30,27,28.284271247461902,34697.223638110576,0.11587180894724985,ground_equivalent_excess_gamma_dose_rate,uSv/h,50.0,1.0,6360,0.00030869999318383634,False,,3,0.30000000000000004,0.2700000000000001,False,,,
1431,NORMAL,NORMAL,522940.9204974669,5696964.290406497,29,28,28.284271247461902,34725.507909358035,0.13102918273772451,ground_equivalent_excess_gamma_dose_rate,uSv/h,50.0,1.0,6360,0.0003504000196699053,False,,3,0.30000000000000004,0.2700000000000001,False,,,
1432,NORMAL,NORMAL,522960.9204974669,5696964.290406497,29,29,20.0,34745.507909358035,0.13758040402073857,ground_equivalent_excess_gamma_dose_rate,uSv/h,50.0,1.0,6360,0.0003065000055357814,False,,3,0.30000000000000004,0.2700000000000001,False,,,
1433,NORMAL,NORMAL,522940.9204974669,5696984.290406497,30,28,28.284271247461902,34773.792180605495,0.12143561834110261,ground_equivalent_excess_gamma_dose_rate,uSv/h,50.0,1.0,6360,0.0003944000054616481,False,,3,0.30000000000000004,0.2700000000000001,False,,,
1434,NORMAL,NORMAL,522940.9204974669,5697004.290406496,31,28,19.999999999068677,34793.79218060456,0.1127428152247773,ground_equivalent_excess_gamma_dose_rate,uSv/h,50.0,1.0,6360,0.0003245999978389591,False,,3,0.30000000000000004,0.2700000000000001,False,,,
1435,NORMAL,NORMAL,522940.9204974669,5696984.290406497,30,28,19.999999999068677,34813.79218060363,0.12143561834110261,ground_equivalent_excess_gamma_dose_rate,uSv/h,50.0,1.0,6360,0.00031109998235478997,False,,3,0.30000000000000004,0.2700000000000001,False,,,
1436,NORMAL,NORMAL,522960.9204974669,5697004.290406496,31,29,28.284271246803357,34842.07645185044,0.11755945416433361,ground_equivalent_excess_gamma_dose_rate,uSv/h,50.0,1.0,6360,0.0003042000171262771,False,,3,0.30000000000000004,0.2700000000000001,False,,,
1437,NORMAL,NORMAL,522960.9204974669,5696984.290406497,30,29,19.999999999068677,34862.076451849505,0.12704211354777967,ground_equivalent_excess_gamma_dose_rate,uSv/h,50.0,1.0,6360,0.000295300007564947,False,,3,0.30000000000000004,0.2700000000000001,False,,,
1438,NORMAL,NORMAL,522940.9204974669,5696964.290406497,29,28,28.284271247461902,34890.360723096965,0.13102918273772451,ground_equivalent_excess_gamma_dose_rate,uSv/h,50.0,1.0,6360,0.0002883999841287732,False,,3,0.30000000000000004,0.2700000000000001,False,,,
1439,NORMAL,NORMAL,522920.9204974669,5696944.290406497,28,27,28.284271247461902,34918.644994344424,0.1341135216087439,ground_equivalent_excess_gamma_dose_rate,uSv/h,50.0,1.0,6360,0.00028810001094825566,False,,3,0.30000000000000004,0.2700000000000001,False,,,
1440,NORMAL,NORMAL,522920.9204974669,5696924.290406497,27,27,20.0,34938.644994344424,0.1445621266826606,ground_equivalent_excess_gamma_dose_rate,uSv/h,50.0,1.0,6360,0.00029529997846111655,False,,3,0.30000000000000004,0.2700000000000001,False,,,
1441,NORMAL,NORMAL,522920.9204974669,5696944.290406497,28,27,20.0,34958.644994344424,0.1341135216087439,ground_equivalent_excess_gamma_dose_rate,uSv/h,50.0,1.0,6360,0.0004557000065688044,False,,3,0.30000000000000004,0.2700000000000001,False,,,
1442,NORMAL,NORMAL,522920.9204974669,5696924.290406497,27,27,20.0,34978.644994344424,0.1445621266826606,ground_equivalent_excess_gamma_dose_rate,uSv/h,50.0,1.0,6360,0.0005323000077623874,False,,3,0.30000000000000004,0.2700000000000001,False,,,
1443,NORMAL,NORMAL,522900.9204974669,5696944.290406497,28,26,28.284271247461902,35006.92926559188,0.12684270158836725,ground_equivalent_excess_gamma_dose_rate,uSv/h,50.0,1.0,6360,0.0004160999960731715,False,,3,0.30000000000000004,0.2700000000000001,False,,,
1444,NORMAL,NORMAL,522880.9204974669,5696944.290406497,28,25,20.0,35026.92926559188,0.11985821705733896,ground_equivalent_excess_gamma_dose_rate,uSv/h,50.0,1.0,6360,0.0003198999911546707,False,,3,0.30000000000000004,0.2700000000000001,False,,,
1445,NORMAL,NORMAL,522860.9204974669,5696924.290406497,27,24,28.284271247461902,35055.21353683934,0.12054476946985176,ground_equivalent_excess_gamma_dose_rate,uSv/h,50.0,1.0,6360,0.00031499998294748366,False,,3,0.30000000000000004,0.2700000000000001,False,,,
1446,NORMAL,NORMAL,522840.9204974669,5696924.290406497,27,23,20.0,35075.21353683934,0.11339046426408744,ground_equivalent_excess_gamma_dose_rate,uSv/h,50.0,1.0,6360,0.0003132999991066754,False,,3,0.30000000000000004,0.2700000000000001,False,,,
1447,NORMAL,NORMAL,522820.9204974669,5696904.290406497,26,22,28.284271247461902,35103.4978080868,0.11277051911363928,ground_equivalent_excess_gamma_dose_rate,uSv/h,50.0,1.0,6360,0.00032380002085119486,False,,3,0.30000000000000004,0.2700000000000001,False,,,
1448,NORMAL,NORMAL,522800.9204974669,5696904.290406497,26,21,20.0,35123.4978080868,0.1057644091872128,ground_equivalent_excess_gamma_dose_rate,uSv/h,50.0,1.0,6360,0.0003240999940317124,False,,3,0.30000000000000004,0.2700000000000001,False,,,
1449,NORMAL,NORMAL,522820.9204974669,5696904.290406497,26,22,20.0,35143.4978080868,0.11277051911363928,ground_equivalent_excess_gamma_dose_rate,uSv/h,50.0,1.0,6360,0.000544599985005334,False,,3,0.30000000000000004,0.2700000000000001,False,,,
1450,NORMAL,NORMAL,522840.9204974669,5696904.290406497,26,23,20.0,35163.4978080868,0.12030574273289235,ground_equivalent_excess_gamma_dose_rate,uSv/h,50.0,1.0,6360,0.0003569000109564513,False,,3,0.30000000000000004,0.2700000000000001,False,,,
1451,NORMAL,NORMAL,522860.9204974669,5696884.290406497,25,24,28.284271247461902,35191.78207933426,0.13672753199986026,ground_equivalent_excess_gamma_dose_rate,uSv/h,50.0,1.0,6360,0.0003263999824412167,False,,3,0.30000000000000004,0.2700000000000001,False,,,
1452,NORMAL,NORMAL,522860.9204974669,5696904.290406497,26,24,20.0,35211.78207933426,0.1283903971423463,ground_equivalent_excess_gamma_dose_rate,uSv/h,50.0,1.0,6360,0.0002996999828610569,False,,3,0.30000000000000004,0.2700000000000001,False,,,
1453,NORMAL,NORMAL,522880.9204974669,5696904.290406497,26,25,20.0,35231.78207933426,0.13703635064454128,ground_equivalent_excess_gamma_dose_rate,uSv/h,50.0,1.0,6360,0.0003831000067293644,False,,3,0.30000000000000004,0.2700000000000001,False,,,
1454,NORMAL,NORMAL,522900.9204974669,5696884.290406497,25,26,28.284271247461902,35260.06635058172,0.15715870616561106,ground_equivalent_excess_gamma_dose_rate,uSv/h,50.0,1.0,6360,0.0003184000088367611,False,,3,0.30000000000000004,0.2700000000000001,False,,,
1455,NORMAL,NORMAL,522880.9204974669,5696884.290406497,25,25,20.0,35280.06635058172,0.14657587191063398,ground_equivalent_excess_gamma_dose_rate,uSv/h,50.0,1.0,6360,0.0003065000055357814,False,,3,0.30000000000000004,0.2700000000000001,False,,,
1456,NORMAL,NORMAL,522860.9204974669,5696864.290406497,24,24,28.284271247461902,35308.35062182918,0.1455416093281326,ground_equivalent_excess_gamma_dose_rate,uSv/h,50.0,1.0,6360,0.00031209998996928334,False,,3,0.30000000000000004,0.2700000000000001,False,,,
1457,NORMAL,NORMAL,522880.9204974669,5696884.290406497,25,25,28.284271247461902,35336.63489307664,0.14657587191063398,ground_equivalent_excess_gamma_dose_rate,uSv/h,50.0,1.0,6360,0.00034849997609853745,False,,3,0.30000000000000004,0.2700000000000001,False,,,
1458,NORMAL,NORMAL,522880.9204974669,5696904.290406497,26,25,20.0,35356.63489307664,0.13703635064454128,ground_equivalent_excess_gamma_dose_rate,uSv/h,50.0,1.0,6360,0.00031949998810887337,False,,3,0.30000000000000004,0.2700000000000001,False,,,
1459,NORMAL,NORMAL,522900.9204974669,5696884.290406497,25,26,28.284271247461902,35384.9191643241,0.15715870616561106,ground_equivalent_excess_gamma_dose_rate,uSv/h,50.0,1.0,6360,0.0004160000244155526,False,,3,0.30000000000000004,0.2700000000000001,False,,,
1460,NORMAL,NORMAL,522880.9204974669,5696904.290406497,26,25,28.284271247461902,35413.20343557156,0.13703635064454128,ground_equivalent_excess_gamma_dose_rate,uSv/h,50.0,1.0,6360,0.0003794000076595694,False,,3,0.30000000000000004,0.2700000000000001,False,,,
1461,NORMAL,NORMAL,522860.9204974669,5696924.290406497,27,24,28.284271247461902,35441.48770681902,0.12054476946985176,ground_equivalent_excess_gamma_dose_rate,uSv/h,50.0,1.0,6360,0.00037540000630542636,False,,3,0.30000000000000004,0.2700000000000001,False,,,
1462,NORMAL,NORMAL,522880.9204974669,5696924.290406497,27,25,20.0,35461.48770681902,0.12813510675240197,ground_equivalent_excess_gamma_dose_rate,uSv/h,50.0,1.0,6360,0.0004014000005554408,False,,3,0.30000000000000004,0.2700000000000001,False,,,
1463,NORMAL,NORMAL,522860.9204974669,5696904.290406497,26,24,28.284271247461902,35489.77197806648,0.1283903971423463,ground_equivalent_excess_gamma_dose_rate,uSv/h,50.0,1.0,6360,0.0004464999947231263,False,,3,0.30000000000000004,0.2700000000000001,False,,,
1464,NORMAL,NORMAL,522880.9204974669,5696924.290406497,27,25,28.284271247461902,35518.05624931394,0.12813510675240197,ground_equivalent_excess_gamma_dose_rate,uSv/h,50.0,1.0,6360,0.00032550000469200313,False,,3,0.30000000000000004,0.2700000000000001,False,,,
1465,NORMAL,NORMAL,522900.9204974669,5696944.290406497,28,26,28.284271247461902,35546.340520561396,0.12684270158836725,ground_equivalent_excess_gamma_dose_rate,uSv/h,50.0,1.0,6360,0.0005275000003166497,False,,3,0.30000000000000004,0.2700000000000001,False,,,
1466,NORMAL,NORMAL,522920.9204974669,5696964.290406497,29,27,28.284271247461902,35574.624791808856,0.12457491468089804,ground_equivalent_excess_gamma_dose_rate,uSv/h,50.0,1.0,6360,0.00033680000342428684,False,,3,0.30000000000000004,0.2700000000000001,False,,,
1467,NORMAL,NORMAL,522940.9204974669,5696984.290406497,30,28,28.284271247461902,35602.909063056315,0.12143561834110261,ground_equivalent_excess_gamma_dose_rate,uSv/h,50.0,1.0,6360,0.0003158000181429088,False,,3,0.30000000000000004,0.2700000000000001,False,,,
1468,NORMAL,NORMAL,522960.9204974669,5697004.290406496,31,29,28.284271246803357,35631.19333430312,0.11755945416433361,ground_equivalent_excess_gamma_dose_rate,uSv/h,50.0,1.0,6360,0.00032049999572336674,False,,3,0.30000000000000004,0.2700000000000001,False,,,
1469,NORMAL,NORMAL,522940.9204974669,5697024.290406496,32,28,28.284271247461902,35659.47760555058,0.10485836714533509,ground_equivalent_excess_gamma_dose_rate,uSv/h,50.0,1.0,6360,0.00048049999168142676,False,,3,0.30000000000000004,0.2700000000000001,False,,,
1470,NORMAL,NORMAL,522920.9204974669,5697004.290406496,31,27,28.284271247461902,35687.76187679804,0.10793127044493589,ground_equivalent_excess_gamma_dose_rate,uSv/h,50.0,1.0,6360,0.0005697000015061349,False,,3,0.30000000000000004,0.2700000000000001,False,,,
1471,NORMAL,NORMAL,522900.9204974669,5697004.290406496,31,26,20.0,35707.76187679804,0.10317185230704667,ground_equivalent_excess_gamma_dose_rate,uSv/h,50.0,1.0,6360,0.0004140000091865659,False,,3,0.30000000000000004,0.2700000000000001,False,,,
1472,NORMAL,NORMAL,522900.9204974669,5696984.290406497,30,26,19.999999999068677,35727.76187679711,0.11040406467450498,ground_equivalent_excess_gamma_dose_rate,uSv/h,50.0,1.0,6360,0.0005332000146154314,False,,3,0.30000000000000004,0.2700000000000001,False,,,
1473,NORMAL,NORMAL,522900.9204974669,5696964.290406497,29,26,20.0,35747.76187679711,0.11827728265194609,ground_equivalent_excess_gamma_dose_rate,uSv/h,50.0,1.0,6360,0.0005074000218883157,False,,3,0.30000000000000004,0.2700000000000001,False,,,
1474,NORMAL,NORMAL,522900.9204974669,5696984.290406497,30,26,20.0,35767.76187679711,0.11040406467450498,ground_equivalent_excess_gamma_dose_rate,uSv/h,50.0,1.0,6360,0.0003485999768599868,False,,3,0.30000000000000004,0.2700000000000001,False,,,
1475,NORMAL,NORMAL,522900.9204974669,5697004.290406496,31,26,19.999999999068677,35787.761876796176,0.10317185230704667,ground_equivalent_excess_gamma_dose_rate,uSv/h,50.0,1.0,6360,0.00031770000350661576,False,,3,0.30000000000000004,0.2700000000000001,False,,,
1476,NORMAL,NORMAL,522920.9204974669,5697004.290406496,31,27,20.0,35807.761876796176,0.10793127044493589,ground_equivalent_excess_gamma_dose_rate,uSv/h,50.0,1.0,6360,0.00044269999489188194,False,,3,0.30000000000000004,0.2700000000000001,False,,,
1477,NORMAL,NORMAL,522900.9204974669,5697024.290406496,32,26,28.284271247461902,35836.046148043635,0.09652980465541833,ground_equivalent_excess_gamma_dose_rate,uSv/h,50.0,1.0,6360,0.0003974999999627471,False,,3,0.30000000000000004,0.2700000000000001,False,,,
1478,NORMAL,NORMAL,522900.9204974669,5697004.290406496,31,26,20.0,35856.046148043635,0.10317185230704667,ground_equivalent_excess_gamma_dose_rate,uSv/h,50.0,1.0,6360,0.0003132999991066754,False,,3,0.30000000000000004,0.2700000000000001,False,,,
1479,NORMAL,NORMAL,522900.9204974669,5696984.290406497,30,26,19.999999999068677,35876.046148042704,0.11040406467450498,ground_equivalent_excess_gamma_dose_rate,uSv/h,50.0,1.0,6360,0.00032550000469200313,False,,3,0.30000000000000004,0.2700000000000001,False,,,
1480,NORMAL,NORMAL,522900.9204974669,5697004.290406496,31,26,19.999999999068677,35896.04614804177,0.10317185230704667,ground_equivalent_excess_gamma_dose_rate,uSv/h,50.0,1.0,6360,0.00031200001831166446,False,,3,0.30000000000000004,0.2700000000000001,False,,,
1481,NORMAL,NORMAL,522880.9204974669,5697004.290406496,31,25,20.0,35916.04614804177,0.09850298344577896,ground_equivalent_excess_gamma_dose_rate,uSv/h,50.0,1.0,6360,0.0004285000031813979,False,,3,0.30000000000000004,0.2700000000000001,False,,,
1482,NORMAL,NORMAL,522900.9204974669,5697004.290406496,31,26,20.0,35936.04614804177,0.10317185230704667,ground_equivalent_excess_gamma_dose_rate,uSv/h,50.0,1.0,6360,0.0003209999995306134,False,,3,0.30000000000000004,0.2700000000000001,False,,,
1483,NORMAL,NORMAL,522880.9204974669,5697004.290406496,31,25,20.0,35956.04614804177,0.09850298344577896,ground_equivalent_excess_gamma_dose_rate,uSv/h,50.0,1.0,6360,0.00031510001281276345,False,,3,0.30000000000000004,0.2700000000000001,False,,,
1484,NORMAL,NORMAL,522880.9204974669,5696984.290406497,30,25,19.999999999068677,35976.04614804084,0.10507459668679958,ground_equivalent_excess_gamma_dose_rate,uSv/h,50.0,1.0,6360,0.00040520000038668513,False,,3,0.30000000000000004,0.2700000000000001,False,,,
1485,NORMAL,NORMAL,522880.9204974669,5697004.290406496,31,25,19.999999999068677,35996.04614803991,0.09850298344577896,ground_equivalent_excess_gamma_dose_rate,uSv/h,50.0,1.0,6360,0.0003285999991931021,False,,3,0.30000000000000004,0.2700000000000001,False,,,
1486,NORMAL,NORMAL,522880.9204974669,5697024.290406496,32,25,20.0,36016.04614803991,0.09243079285089012,ground_equivalent_excess_gamma_dose_rate,uSv/h,50.0,1.0,6360,0.00031740000122226775,False,,3,0.30000000000000004,0.2700000000000001,False,,,
1487,NORMAL,NORMAL,522860.9204974669,5697044.290406496,33,24,28.284271247461902,36044.33041928737,0.0832691841581874,ground_equivalent_excess_gamma_dose_rate,uSv/h,50.0,1.0,6360,0.0003056999994441867,False,,3,0.30000000000000004,0.2700000000000001,False,,,
1488,NORMAL,NORMAL,522880.9204974669,5697024.290406496,32,25,28.284271247461902,36072.61469053483,0.09243079285089012,ground_equivalent_excess_gamma_dose_rate,uSv/h,50.0,1.0,6360,0.0003266999847255647,False,,3,0.30000000000000004,0.2700000000000001,False,,,
1489,NORMAL,NORMAL,522860.9204974669,5697044.290406496,33,24,28.284271247461902,36100.89896178229,0.0832691841581874,ground_equivalent_excess_gamma_dose_rate,uSv/h,50.0,1.0,6360,0.000295600009849295,False,,3,0.30000000000000004,0.2700000000000001,False,,,
1490,NORMAL,NORMAL,522880.9204974669,5697064.290406496,34,25,28.284271247461902,36129.18323302975,0.08164090027400106,ground_equivalent_excess_gamma_dose_rate,uSv/h,50.0,1.0,6360,0.00029669998912140727,False,,3,0.30000000000000004,0.2700000000000001,False,,,
1491,NORMAL,NORMAL,522860.9204974669,5697084.290406496,35,24,28.284271247461902,36157.46750427721,0.07405705868326312,ground_equivalent_excess_gamma_dose_rate,uSv/h,50.0,1.0,6360,0.00029399999766610563,False,,3,0.30000000000000004,0.2700000000000001,False,,,
1492,NORMAL,NORMAL,522840.9204974669,5697084.290406496,35,23,20.0,36177.46750427721,0.07129355964531098,ground_equivalent_excess_gamma_dose_rate,uSv/h,50.0,1.0,6360,0.0004340999876148999,False,,3,0.30000000000000004,0.2700000000000001,False,,,
1493,NORMAL,NORMAL,522860.9204974669,5697064.290406496,34,24,28.284271247461902,36205.751775524666,0.07849186864820906,ground_equivalent_excess_gamma_dose_rate,uSv/h,50.0,1.0,6360,0.000319099985063076,False,,3,0.30000000000000004,0.2700000000000001,False,,,
1494,NORMAL,NORMAL,522880.9204974669,5697064.290406496,34,25,20.0,36225.751775524666,0.08164090027400106,ground_equivalent_excess_gamma_dose_rate,uSv/h,50.0,1.0,6360,0.0003110000106971711,False,,3,0.30000000000000004,0.2700000000000001,False,,,
1495,NORMAL,NORMAL,522900.9204974669,5697044.290406496,33,26,28.284271247461902,36254.036046772126,0.09042880471943521,ground_equivalent_excess_gamma_dose_rate,uSv/h,50.0,1.0,6360,0.00029009999707341194,False,,3,0.30000000000000004,0.2700000000000001,False,,,
1496,NORMAL,NORMAL,522920.9204974669,5697044.290406496,33,27,20.0,36274.036046772126,0.09406441648861152,ground_equivalent_excess_gamma_dose_rate,uSv/h,50.0,1.0,6360,0.0003392999933566898,False,,3,0.30000000000000004,0.2700000000000001,False,,,
1497,NORMAL,NORMAL,522900.9204974669,5697024.290406496,32,26,28.284271247461902,36302.320318019585,0.09652980465541833,ground_equivalent_excess_gamma_dose_rate,uSv/h,50.0,1.0,6360,0.0005683999916072935,False,,3,0.30000000000000004,0.2700000000000001,False,,,
1498,NORMAL,NORMAL,522900.9204974669,5697004.290406496,31,26,20.0,36322.320318019585,0.10317185230704667,ground_equivalent_excess_gamma_dose_rate,uSv/h,50.0,1.0,6360,0.0005085000011604279,False,,3,0.30000000000000004,0.2700000000000001,False,,,
1499,NORMAL,NORMAL,522900.9204974669,5697024.290406496,32,26,20.0,36342.320318019585,0.09652980465541833,ground_equivalent_excess_gamma_dose_rate,uSv/h,50.0,1.0,6360,0.0005938999820500612,False,,3,0.30000000000000004,0.2700000000000001,False,,,
1500,NORMAL,NORMAL,522880.9204974669,5697024.290406496,32,25,20.0,36362.320318019585,0.09243079285089012,ground_equivalent_excess_gamma_dose_rate,uSv/h,50.0,1.0,6360,0.00035769998794421554,False,,3,0.30000000000000004,0.2700000000000001,False,,,
1501,NORMAL,NORMAL,522860.9204974669,5697024.290406496,32,24,20.0,36382.320318019585,0.08841485939718319,ground_equivalent_excess_gamma_dose_rate,uSv/h,50.0,1.0,6360,0.0005184000183362514,False,,3,0.30000000000000004,0.2700000000000001,False,,,
1502,NORMAL,NORMAL,522880.9204974669,5697024.290406496,32,25,20.0,36402.320318019585,0.09243079285089012,ground_equivalent_excess_gamma_dose_rate,uSv/h,50.0,1.0,6360,0.0003243999963160604,False,,3,0.30000000000000004,0.2700000000000001,False,,,
1503,NORMAL,NORMAL,522860.9204974669,5697024.290406496,32,24,20.0,36422.320318019585,0.08841485939718319,ground_equivalent_excess_gamma_dose_rate,uSv/h,50.0,1.0,6360,0.0003583999932743609,False,,3,0.30000000000000004,0.2700000000000001,False,,,
1504,NORMAL,NORMAL,522860.9204974669,5697044.290406496,33,24,20.0,36442.320318019585,0.0832691841581874,ground_equivalent_excess_gamma_dose_rate,uSv/h,50.0,1.0,6360,0.0005177999846637249,False,,3,0.30000000000000004,0.2700000000000001,False,,,
1505,NORMAL,NORMAL,522860.9204974669,5697024.290406496,32,24,20.0,36462.320318019585,0.08841485939718319,ground_equivalent_excess_gamma_dose_rate,uSv/h,50.0,1.0,6360,0.0003493000112939626,False,,3,0.30000000000000004,0.2700000000000001,False,,,
1506,NORMAL,NORMAL,522860.9204974669,5697044.290406496,33,24,20.0,36482.320318019585,0.0832691841581874,ground_equivalent_excess_gamma_dose_rate,uSv/h,50.0,1.0,6360,0.00033450001501478255,False,,3,0.30000000000000004,0.2700000000000001,False,,,
1507,NORMAL,NORMAL,522860.9204974669,5697024.290406496,32,24,20.0,36502.320318019585,0.08841485939718319,ground_equivalent_excess_gamma_dose_rate,uSv/h,50.0,1.0,6360,0.00030270000570453703,False,,3,0.30000000000000004,0.2700000000000001,False,,,
1508,NORMAL,NORMAL,522880.9204974669,5697004.290406496,31,25,28.284271247461902,36530.604589267045,0.09850298344577896,ground_equivalent_excess_gamma_dose_rate,uSv/h,50.0,1.0,6360,0.00039140001172199845,False,,3,0.30000000000000004,0.2700000000000001,False,,,
1509,NORMAL,NORMAL,522900.9204974669,5697004.290406496,31,26,20.0,36550.604589267045,0.10317185230704667,ground_equivalent_excess_gamma_dose_rate,uSv/h,50.0,1.0,6360,0.00032500000088475645,False,,3,0.30000000000000004,0.2700000000000001,False,,,
1510,NORMAL,NORMAL,522920.9204974669,5697024.290406496,32,27,28.284271247461902,36578.888860514504,0.1006838036374339,ground_equivalent_excess_gamma_dose_rate,uSv/h,50.0,1.0,6360,0.00032240001019090414,False,,3,0.30000000000000004,0.2700000000000001,False,,,
1511,NORMAL,NORMAL,522920.9204974669,5697004.290406496,31,27,20.0,36598.888860514504,0.10793127044493589,ground_equivalent_excess_gamma_dose_rate,uSv/h,50.0,1.0,6360,0.0002938999969046563,False,,3,0.30000000000000004,0.2700000000000001,False,,,
1512,NORMAL,NORMAL,522940.9204974669,5697004.290406496,31,28,20.0,36618.888860514504,0.1127428152247773,ground_equivalent_excess_gamma_dose_rate,uSv/h,50.0,1.0,6360,0.00036380000528879464,False,,3,0.30000000000000004,0.2700000000000001,False,,,
1513,NORMAL,NORMAL,522920.9204974669,5696984.290406497,30,27,28.284271246803357,36647.17313176131,0.11587180894724985,ground_equivalent_excess_gamma_dose_rate,uSv/h,50.0,1.0,6360,0.0003352000203449279,False,,3,0.30000000000000004,0.2700000000000001,False,,,
1514,NORMAL,NORMAL,522900.9204974669,5696964.290406497,29,26,28.284271247461902,36675.45740300877,0.11827728265194609,ground_equivalent_excess_gamma_dose_rate,uSv/h,50.0,1.0,6360,0.00031620002118870616,False,,3,0.30000000000000004,0.2700000000000001,False,,,
1515,NORMAL,NORMAL,522900.9204974669,5696984.290406497,30,26,20.0,36695.45740300877,0.11040406467450498,ground_equivalent_excess_gamma_dose_rate,uSv/h,50.0,1.0,6360,0.00030590000096708536,False,,3,0.30000000000000004,0.2700000000000001,False,,,
1516,NORMAL,NORMAL,522880.9204974669,5697004.290406496,31,25,28.284271246803357,36723.74167425557,0.09850298344577896,ground_equivalent_excess_gamma_dose_rate,uSv/h,50.0,1.0,6360,0.000304899993352592,False,,3,0.30000000000000004,0.2700000000000001,False,,,
1517,NORMAL,NORMAL,522860.9204974669,5697004.290406496,31,24,20.0,36743.74167425557,0.09395505019306477,ground_equivalent_excess_gamma_dose_rate,uSv/h,50.0,1.0,6360,0.0003029999788850546,False,,3,0.30000000000000004,0.2700000000000001,False,,,
1518,NORMAL,NORMAL,522880.9204974669,5697004.290406496,31,25,20.0,36763.74167425557,0.09850298344577896,ground_equivalent_excess_gamma_dose_rate,uSv/h,50.0,1.0,6360,0.0003046999918296933,False,,3,0.30000000000000004,0.2700000000000001,False,,,
1519,NORMAL,NORMAL,522860.9204974669,5697004.290406496,31,24,20.0,36783.74167425557,0.09395505019306477,ground_equivalent_excess_gamma_dose_rate,uSv/h,50.0,1.0,6360,0.0002862999972421676,False,,3,0.30000000000000004,0.2700000000000001,False,,,
1520,NORMAL,NORMAL,522880.9204974669,5696984.290406497,30,25,28.284271246803357,36812.02594550238,0.10507459668679958,ground_equivalent_excess_gamma_dose_rate,uSv/h,50.0,1.0,6360,0.00044919998617842793,False,,3,0.30000000000000004,0.2700000000000001,False,,,
1521,NORMAL,NORMAL,522860.9204974669,5696984.290406497,30,24,20.0,36832.02594550238,0.0999154830628729,ground_equivalent_excess_gamma_dose_rate,uSv/h,50.0,1.0,6360,0.00037799999699927866,False,,3,0.30000000000000004,0.2700000000000001,False,,,
1522,NORMAL,NORMAL,522880.9204974669,5696964.290406497,29,25,28.284271247461902,36860.31021674984,0.11218157760174147,ground_equivalent_excess_gamma_dose_rate,uSv/h,50.0,1.0,6360,0.0005296000163070858,False,,3,0.30000000000000004,0.2700000000000001,False,,,
1523,NORMAL,NORMAL,522880.9204974669,5696984.290406497,30,25,20.0,36880.31021674984,0.10507459668679958,ground_equivalent_excess_gamma_dose_rate,uSv/h,50.0,1.0,6360,0.0004495000175666064,False,,3,0.30000000000000004,0.2700000000000001,False,,,
1524,NORMAL,NORMAL,522860.9204974669,5696984.290406497,30,24,20.0,36900.31021674984,0.0999154830628729,ground_equivalent_excess_gamma_dose_rate,uSv/h,50.0,1.0,6360,0.0003946000069845468,False,,3,0.30000000000000004,0.2700000000000001,False,,,
1525,NORMAL,NORMAL,522880.9204974669,5696964.290406497,29,25,28.284271247461902,36928.594487997296,0.11218157760174147,ground_equivalent_excess_gamma_dose_rate,uSv/h,50.0,1.0,6360,0.00032029999420046806,False,,3,0.30000000000000004,0.2700000000000001,False,,,
1526,NORMAL,NORMAL,522900.9204974669,5696964.290406497,29,26,20.0,36948.594487997296,0.11827728265194609,ground_equivalent_excess_gamma_dose_rate,uSv/h,50.0,1.0,6360,0.00038610000046901405,False,,3,0.30000000000000004,0.2700000000000001,False,,,
1527,NORMAL,NORMAL,522900.9204974669,5696984.290406497,30,26,20.0,36968.594487997296,0.11040406467450498,ground_equivalent_excess_gamma_dose_rate,uSv/h,50.0,1.0,6360,0.00033710000570863485,False,,3,0.30000000000000004,0.2700000000000001,False,,,
1528,NORMAL,NORMAL,522920.9204974669,5696964.290406497,29,27,28.284271247461902,36996.878759244755,0.12457491468089804,ground_equivalent_excess_gamma_dose_rate,uSv/h,50.0,1.0,6360,0.00047989998711273074,False,,3,0.30000000000000004,0.2700000000000001,False,,,
1529,NORMAL,NORMAL,522940.9204974669,5696984.290406497,30,28,28.284271247461902,37025.163030492215,0.12143561834110261,ground_equivalent_excess_gamma_dose_rate,uSv/h,50.0,1.0,6360,0.0004214000073261559,False,,3,0.30000000000000004,0.2700000000000001,False,,,
1530,NORMAL,NORMAL,522920.9204974669,5696984.290406497,30,27,20.0,37045.163030492215,0.11587180894724985,ground_equivalent_excess_gamma_dose_rate,uSv/h,50.0,1.0,6360,0.0003031000087503344,False,,3,0.30000000000000004,0.2700000000000001,False,,,
1531,NORMAL,NORMAL,522900.9204974669,5697004.290406496,31,26,28.284271246803357,37073.44730173902,0.10317185230704667,ground_equivalent_excess_gamma_dose_rate,uSv/h,50.0,1.0,6360,0.00030670000705868006,False,,3,0.30000000000000004,0.2700000000000001,False,,,
1532,NORMAL,NORMAL,522920.9204974669,5697024.290406496,32,27,28.284271247461902,37101.73157298648,0.1006838036374339,ground_equivalent_excess_gamma_dose_rate,uSv/h,50.0,1.0,6360,0.00029779999749735,False,,3,0.30000000000000004,0.2700000000000001,False,,,
1533,NORMAL,NORMAL,522900.9204974669,5697024.290406496,32,26,20.0,37121.73157298648,0.09652980465541833,ground_equivalent_excess_gamma_dose_rate,uSv/h,50.0,1.0,6360,0.00029999998514540493,False,,3,0.30000000000000004,0.2700000000000001,False,,,
1534,NORMAL,NORMAL,522900.9204974669,5697004.290406496,31,26,20.0,37141.73157298648,0.10317185230704667,ground_equivalent_excess_gamma_dose_rate,uSv/h,50.0,1.0,6360,0.0003798999823629856,False,,3,0.30000000000000004,0.2700000000000001,False,,,
1535,NORMAL,NORMAL,522880.9204974669,5697024.290406496,32,25,28.284271247461902,37170.01584423394,0.09243079285089012,ground_equivalent_excess_gamma_dose_rate,uSv/h,50.0,1.0,6360,0.00037689998862333596,False,,3,0.30000000000000004,0.2700000000000001,False,,,
1536,NORMAL,NORMAL,522860.9204974669,5697004.290406496,31,24,28.284271247461902,37198.3001154814,0.09395505019306477,ground_equivalent_excess_gamma_dose_rate,uSv/h,50.0,1.0,6360,0.0003217000048607588,False,,3,0.30000000000000004,0.2700000000000001,False,,,
1537,NORMAL,NORMAL,522840.9204974669,5697004.290406496,31,23,20.0,37218.3001154814,0.08955118491420261,ground_equivalent_excess_gamma_dose_rate,uSv/h,50.0,1.0,6360,0.00037230001180432737,False,,3,0.30000000000000004,0.2700000000000001,False,,,
1538,NORMAL,NORMAL,522860.9204974669,5697024.290406496,32,24,28.284271247461902,37246.58438672886,0.08841485939718319,ground_equivalent_excess_gamma_dose_rate,uSv/h,50.0,1.0,6360,0.00032210000790655613,False,,3,0.30000000000000004,0.2700000000000001,False,,,
1539,NORMAL,NORMAL,522840.9204974669,5697024.290406496,32,23,20.0,37266.58438672886,0.08450423337382518,ground_equivalent_excess_gamma_dose_rate,uSv/h,50.0,1.0,6360,0.00031869998201727867,False,,3,0.30000000000000004,0.2700000000000001,False,,,
1540,NORMAL,NORMAL,522820.9204974669,5697044.290406496,33,22,28.284271247461902,37294.868657976316,0.07640548321457419,ground_equivalent_excess_gamma_dose_rate,uSv/h,50.0,1.0,6360,0.00032699998700991273,False,,3,0.30000000000000004,0.2700000000000001,False,,,
1541,NORMAL,NORMAL,522840.9204974669,5697044.290406496,33,23,20.0,37314.868657976316,0.07979155094042967,ground_equivalent_excess_gamma_dose_rate,uSv/h,50.0,1.0,6360,0.00031090000993572176,False,,3,0.30000000000000004,0.2700000000000001,False,,,
1542,NORMAL,NORMAL,522840.9204974669,5697024.290406496,32,23,20.0,37334.868657976316,0.08450423337382518,ground_equivalent_excess_gamma_dose_rate,uSv/h,50.0,1.0,6360,0.00043330001062713563,False,,3,0.30000000000000004,0.2700000000000001,False,,,
1543,NORMAL,NORMAL,522860.9204974669,5697004.290406496,31,24,28.284271247461902,37363.152929223776,0.09395505019306477,ground_equivalent_excess_gamma_dose_rate,uSv/h,50.0,1.0,6360,0.00033179999445565045,False,,3,0.30000000000000004,0.2700000000000001,False,,,
1544,NORMAL,NORMAL,522880.9204974669,5697004.290406496,31,25,20.0,37383.152929223776,0.09850298344577896,ground_equivalent_excess_gamma_dose_rate,uSv/h,50.0,1.0,6360,0.000314799981424585,False,,3,0.30000000000000004,0.2700000000000001,False,,,
1545,NORMAL,NORMAL,522860.9204974669,5696984.290406497,30,24,28.284271246803357,37411.43720047058,0.0999154830628729,ground_equivalent_excess_gamma_dose_rate,uSv/h,50.0,1.0,6360,0.0002930999908130616,False,,3,0.30000000000000004,0.2700000000000001,False,,,
1546,NORMAL,NORMAL,522840.9204974669,5696984.290406497,30,23,20.0,37431.43720047058,0.09494990421333888,ground_equivalent_excess_gamma_dose_rate,uSv/h,50.0,1.0,6360,0.00031010000384412706,False,,3,0.30000000000000004,0.2700000000000001,False,,,
1547,NORMAL,NORMAL,522820.9204974669,5696984.290406497,30,22,20.0,37451.43720047058,0.09019344566306448,ground_equivalent_excess_gamma_dose_rate,uSv/h,50.0,1.0,6360,0.00031549998675473034,False,,3,0.30000000000000004,0.2700000000000001,False,,,
1548,NORMAL,NORMAL,522820.9204974669,5697004.290406496,31,22,19.999999999068677,37471.43720046965,0.08530815500632233,ground_equivalent_excess_gamma_dose_rate,uSv/h,50.0,1.0,6360,0.00030360001255758107,False,,3,0.30000000000000004,0.2700000000000001,False,,,
1549,NORMAL,NORMAL,522800.9204974669,5696984.290406497,30,21,28.284271246803357,37499.72147171645,0.08565537336140261,ground_equivalent_excess_gamma_dose_rate,uSv/h,50.0,1.0,6360,0.0003008000203408301,False,,3,0.30000000000000004,0.2700000000000001,False,,,
1550,NORMAL,NORMAL,522800.9204974669,5697004.290406496,31,21,19.999999999068677,37519.72147171552,0.08123728022111815,ground_equivalent_excess_gamma_dose_rate,uSv/h,50.0,1.0,6360,0.0004805999924428761,False,,3,0.30000000000000004,0.2700000000000001,False,,,
1551,NORMAL,NORMAL,522780.9204974669,5697004.290406496,31,20,20.0,37539.72147171552,0.07734532260639998,ground_equivalent_excess_gamma_dose_rate,uSv/h,50.0,1.0,6360,0.0005013999762013555,False,,3,0.30000000000000004,0.2700000000000001,False,,,
1552,NORMAL,NORMAL,522760.9204974669,5697024.290406496,32,19,28.284271247461902,37568.00574296298,0.07018839617643852,ground_equivalent_excess_gamma_dose_rate,uSv/h,50.0,1.0,6360,0.0004844999930355698,False,,3,0.30000000000000004,0.2700000000000001,False,,,
1553,NORMAL,NORMAL,522780.9204974669,5697024.290406496,32,20,20.0,37588.00574296298,0.07355126821481212,ground_equivalent_excess_gamma_dose_rate,uSv/h,50.0,1.0,6360,0.00041920001967810094,False,,3,0.30000000000000004,0.2700000000000001,False,,,
1554,NORMAL,NORMAL,522800.9204974669,5697004.290406496,31,21,28.284271247461902,37616.29001421044,0.08123728022111815,ground_equivalent_excess_gamma_dose_rate,uSv/h,50.0,1.0,6360,0.0003397999971639365,False,,3,0.30000000000000004,0.2700000000000001,False,,,
1555,NORMAL,NORMAL,522820.9204974669,5697024.290406496,32,22,28.284271247461902,37644.5742854579,0.08071587019906046,ground_equivalent_excess_gamma_dose_rate,uSv/h,50.0,1.0,6360,0.00030769998556934297,False,,3,0.30000000000000004,0.2700000000000001,False,,,
1556,NORMAL,NORMAL,522820.9204974669,5697004.290406496,31,22,20.0,37664.5742854579,0.08530815500632233,ground_equivalent_excess_gamma_dose_rate,uSv/h,50.0,1.0,6360,0.0003142000059597194,False,,3,0.30000000000000004,0.2700000000000001,False,,,
1557,NORMAL,NORMAL,522800.9204974669,5696984.290406497,30,21,28.284271246803357,37692.858556704705,0.08565537336140261,ground_equivalent_excess_gamma_dose_rate,uSv/h,50.0,1.0,6360,0.00037689998862333596,False,,3,0.30000000000000004,0.2700000000000001,False,,,
1558,NORMAL,NORMAL,522800.9204974669,5697004.290406496,31,21,19.999999999068677,37712.85855670377,0.08123728022111815,ground_equivalent_excess_gamma_dose_rate,uSv/h,50.0,1.0,6360,0.0003555000002961606,False,,3,0.30000000000000004,0.2700000000000001,False,,,
1559,NORMAL,NORMAL,522820.9204974669,5697004.290406496,31,22,20.0,37732.85855670377,0.08530815500632233,ground_equivalent_excess_gamma_dose_rate,uSv/h,50.0,1.0,6360,0.00033409998286515474,False,,3,0.30000000000000004,0.2700000000000001,False,,,
1560,NORMAL,NORMAL,522840.9204974669,5697024.290406496,32,23,28.284271247461902,37761.14282795123,0.08450423337382518,ground_equivalent_excess_gamma_dose_rate,uSv/h,50.0,1.0,6360,0.00031609999132342637,False,,3,0.30000000000000004,0.2700000000000001,False,,,
1561,NORMAL,NORMAL,522820.9204974669,5697024.290406496,32,22,20.0,37781.14282795123,0.08071587019906046,ground_equivalent_excess_gamma_dose_rate,uSv/h,50.0,1.0,6360,0.00030479999259114265,False,,3,0.30000000000000004,0.2700000000000001,False,,,
1562,NORMAL,NORMAL,522800.9204974669,5697004.290406496,31,21,28.284271247461902,37809.42709919869,0.08123728022111815,ground_equivalent_excess_gamma_dose_rate,uSv/h,50.0,1.0,6360,0.00030220000189729035,False,,3,0.30000000000000004,0.2700000000000001,False,,,
1563,NORMAL,NORMAL,522780.9204974669,5696984.290406497,30,20,28.284271246803357,37837.7113704455,0.08133981999858386,ground_equivalent_excess_gamma_dose_rate,uSv/h,50.0,1.0,6360,0.00030800001695752144,False,,3,0.30000000000000004,0.2700000000000001,False,,,
1564,NORMAL,NORMAL,522760.9204974669,5696984.290406497,30,19,20.0,37857.7113704455,0.07724684747389166,ground_equivalent_excess_gamma_dose_rate,uSv/h,50.0,1.0,6360,0.0003305000136606395,False,,3,0.30000000000000004,0.2700000000000001,False,,,
1565,NORMAL,NORMAL,522760.9204974669,5696964.290406497,29,19,20.0,37877.7113704455,0.08102031453735709,ground_equivalent_excess_gamma_dose_rate,uSv/h,50.0,1.0,6360,0.0004351999959908426,False,,3,0.30000000000000004,0.2700000000000001,False,,,
1566,NORMAL,NORMAL,522780.9204974669,5696984.290406497,30,20,28.284271247461902,37905.995641692956,0.08133981999858386,ground_equivalent_excess_gamma_dose_rate,uSv/h,50.0,1.0,6360,0.00032989997998811305,False,,3,0.30000000000000004,0.2700000000000001,False,,,
1567,NORMAL,NORMAL,522760.9204974669,5696964.290406497,29,19,28.284271247461902,37934.279912940416,0.08102031453735709,ground_equivalent_excess_gamma_dose_rate,uSv/h,50.0,1.0,6360,0.0003139000036753714,False,,3,0.30000000000000004,0.2700000000000001,False,,,
1568,NORMAL,NORMAL,522780.9204974669,5696984.290406497,30,20,28.284271247461902,37962.564184187875,0.08133981999858386,ground_equivalent_excess_gamma_dose_rate,uSv/h,50.0,1.0,6360,0.00030599997262470424,False,,3,0.30000000000000004,0.2700000000000001,False,,,
1569,NORMAL,NORMAL,522780.9204974669,5696964.290406497,29,20,20.0,37982.564184187875,0.0855346174824535,ground_equivalent_excess_gamma_dose_rate,uSv/h,50.0,1.0,6360,0.00030189999961294234,False,,3,0.30000000000000004,0.2700000000000001,False,,,
1570,NORMAL,NORMAL,522760.9204974669,5696944.290406497,28,19,28.284271247461902,38010.848455435334,0.08494982264268702,ground_equivalent_excess_gamma_dose_rate,uSv/h,50.0,1.0,6360,0.00031010000384412706,False,,3,0.30000000000000004,0.2700000000000001,False,,,
1571,NORMAL,NORMAL,522780.9204974669,5696924.290406497,27,20,28.284271247461902,38039.132726682794,0.09450620580914681,ground_equivalent_excess_gamma_dose_rate,uSv/h,50.0,1.0,6360,0.0003006999904755503,False,,3,0.30000000000000004,0.2700000000000001,False,,,
1572,NORMAL,NORMAL,522780.9204974669,5696904.290406497,26,20,20.0,38059.132726682794,0.09926162135891353,ground_equivalent_excess_gamma_dose_rate,uSv/h,50.0,1.0,6360,0.00029200001154094934,False,,3,0.30000000000000004,0.2700000000000001,False,,,
1573,NORMAL,NORMAL,522760.9204974669,5696904.290406497,26,19,20.0,38079.132726682794,0.09323315810462196,ground_equivalent_excess_gamma_dose_rate,uSv/h,50.0,1.0,6360,0.0003386000171303749,False,,3,0.30000000000000004,0.2700000000000001,False,,,
1574,NORMAL,NORMAL,522780.9204974669,5696884.290406497,25,20,28.284271247461902,38107.41699793025,0.10417254223888467,ground_equivalent_excess_gamma_dose_rate,uSv/h,50.0,1.0,6360,0.000301199994282797,False,,3,0.30000000000000004,0.2700000000000001,False,,,
1575,NORMAL,NORMAL,522800.9204974669,5696884.290406497,25,21,20.0,38127.41699793025,0.11135798083026688,ground_equivalent_excess_gamma_dose_rate,uSv/h,50.0,1.0,6360,0.0003023000026587397,False,,3,0.30000000000000004,0.2700000000000001,False,,,
1576,NORMAL,NORMAL,522820.9204974669,5696884.290406497,25,22,20.0,38147.41699793025,0.11915205826626118,ground_equivalent_excess_gamma_dose_rate,uSv/h,50.0,1.0,6360,0.00029779999749735,False,,3,0.30000000000000004,0.2700000000000001,False,,,
1577,NORMAL,NORMAL,522800.9204974669,5696864.290406497,24,21,28.284271247461902,38175.70126917771,0.11713553074471428,ground_equivalent_excess_gamma_dose_rate,uSv/h,50.0,1.0,6360,0.000315399985993281,False,,3,0.30000000000000004,0.2700000000000001,False,,,
1578,NORMAL,NORMAL,522780.9204974669,5696844.290406497,23,20,28.284271247461902,38203.98554042517,0.11434319470184223,ground_equivalent_excess_gamma_dose_rate,uSv/h,50.0,1.0,6360,0.00037990001146681607,False,,3,0.30000000000000004,0.2700000000000001,False,,,
1579,NORMAL,NORMAL,522760.9204974669,5696824.290406497,22,19,28.284271247461902,38232.26981167263,0.11088830646605835,ground_equivalent_excess_gamma_dose_rate,uSv/h,50.0,1.0,6360,0.0004712000081781298,False,,3,0.30000000000000004,0.2700000000000001,False,,,
1580,NORMAL,NORMAL,522740.9204974669,5696804.290406497,21,18,28.284271247461902,38260.55408292009,0.10689967365747205,ground_equivalent_excess_gamma_dose_rate,uSv/h,50.0,1.0,6360,0.0005828000139445066,False,,3,0.30000000000000004,0.2700000000000001,False,,,
1581,NORMAL,NORMAL,522720.9204974669,5696784.290406497,20,17,28.284271247461902,38288.83835416755,0.10251103257259098,ground_equivalent_excess_gamma_dose_rate,uSv/h,50.0,1.0,6360,0.0005392000020947307,False,,3,0.30000000000000004,0.2700000000000001,False,,,
1582,NORMAL,NORMAL,522720.9204974669,5696764.290406497,19,17,20.0,38308.83835416755,0.10557299805328585,ground_equivalent_excess_gamma_dose_rate,uSv/h,50.0,1.0,6360,0.0004861000052187592,False,,3,0.30000000000000004,0.2700000000000001,False,,,
1583,NORMAL,NORMAL,522700.9204974669,5696744.290406497,18,16,28.284271247461902,38337.12262541501,0.10031497836973813,ground_equivalent_excess_gamma_dose_rate,uSv/h,50.0,1.0,6360,0.00035459999344311655,False,,3,0.30000000000000004,0.2700000000000001,False,,,
1584,NORMAL,NORMAL,522720.9204974669,5696724.290406497,17,17,28.284271247461902,38365.40689666247,0.11108319438545927,ground_equivalent_excess_gamma_dose_rate,uSv/h,50.0,1.0,6360,0.0003431999939493835,False,,3,0.30000000000000004,0.2700000000000001,False,,,
1585,NORMAL,NORMAL,522740.9204974669,5696704.290406497,16,18,28.284271247461902,38393.69116790993,0.12345797008843562,ground_equivalent_excess_gamma_dose_rate,uSv/h,50.0,1.0,6360,0.0004124999977648258,False,,3,0.30000000000000004,0.2700000000000001,False,,,
1586,NORMAL,NORMAL,522760.9204974669,5696684.290406497,15,19,28.284271247461902,38421.97543915739,0.13771101324714013,ground_equivalent_excess_gamma_dose_rate,uSv/h,50.0,1.0,6360,0.0004622999986167997,False,,3,0.30000000000000004,0.2700000000000001,False,,,
1587,NORMAL,NORMAL,522760.9204974669,5696664.290406497,14,19,20.0,38441.97543915739,0.14008241522136555,ground_equivalent_excess_gamma_dose_rate,uSv/h,50.0,1.0,6360,0.000367300002835691,False,,3,0.30000000000000004,0.2700000000000001,False,,,
1588,NORMAL,NORMAL,522760.9204974669,5696644.290406497,13,19,20.0,38461.97543915739,0.14188973512509312,ground_equivalent_excess_gamma_dose_rate,uSv/h,50.0,1.0,6360,0.00033850001636892557,False,,3,0.30000000000000004,0.2700000000000001,False,,,
1589,NORMAL,NORMAL,522760.9204974669,5696624.290406497,12,19,20.0,38481.97543915739,0.14308612995565057,ground_equivalent_excess_gamma_dose_rate,uSv/h,50.0,1.0,6360,0.0003400999994482845,False,,3,0.30000000000000004,0.2700000000000001,False,,,
1590,NORMAL,NORMAL,522780.9204974669,5696604.290406497,11,20,28.284271247461902,38510.25971040485,0.158467094579551,ground_equivalent_excess_gamma_dose_rate,uSv/h,50.0,1.0,6360,0.00037980001070536673,False,,3,0.30000000000000004,0.2700000000000001,False,,,
1591,NORMAL,NORMAL,522760.9204974669,5696604.290406497,11,19,20.0,38530.25971040485,0.14363958866057575,ground_equivalent_excess_gamma_dose_rate,uSv/h,50.0,1.0,6360,0.00036450001061894,False,,3,0.30000000000000004,0.2700000000000001,False,,,
1592,NORMAL,NORMAL,522740.9204974669,5696604.290406497,11,18,20.0,38550.25971040485,0.13079966262266912,ground_equivalent_excess_gamma_dose_rate,uSv/h,50.0,1.0,6360,0.0003242999955546111,False,,3,0.30000000000000004,0.2700000000000001,False,,,
1593,NORMAL,NORMAL,522720.9204974669,5696624.290406497,12,17,28.284271247461902,38578.54398165231,0.11922334718719901,ground_equivalent_excess_gamma_dose_rate,uSv/h,50.0,1.0,6360,0.0003460999869275838,False,,3,0.30000000000000004,0.2700000000000001,False,,,
1594,NORMAL,NORMAL,522700.9204974669,5696644.290406497,13,16,28.284271247461902,38606.828252899766,0.10876708213848496,ground_equivalent_excess_gamma_dose_rate,uSv/h,50.0,1.0,6360,0.00053779999143444,False,,3,0.30000000000000004,0.2700000000000001,False,,,
1595,NORMAL,NORMAL,522700.9204974669,5696664.290406497,14,16,20.0,38626.828252899766,0.10770190631452942,ground_equivalent_excess_gamma_dose_rate,uSv/h,50.0,1.0,6360,0.0005328000115696341,False,,3,0.30000000000000004,0.2700000000000001,False,,,
1596,NORMAL,NORMAL,522700.9204974669,5696684.290406497,15,16,20.0,38646.828252899766,0.10629460371517019,ground_equivalent_excess_gamma_dose_rate,uSv/h,50.0,1.0,6360,0.00035700001171790063,False,,3,0.30000000000000004,0.2700000000000001,False,,,
1597,NORMAL,NORMAL,522680.9204974669,5696704.290406497,16,15,28.284271247461902,38675.112524147225,0.09669165118023654,ground_equivalent_excess_gamma_dose_rate,uSv/h,50.0,1.0,6360,0.0003100000030826777,False,,3,0.30000000000000004,0.2700000000000001,False,,,
1598,NORMAL,NORMAL,522660.9204974669,5696684.290406497,15,14,28.284271247461902,38703.396795394685,0.09092035992655062,ground_equivalent_excess_gamma_dose_rate,uSv/h,50.0,1.0,6360,0.0003192999865859747,False,,3,0.30000000000000004,0.2700000000000001,False,,,
1599,NORMAL,NORMAL,522660.9204974669,5696664.290406497,14,14,20.0,38723.396795394685,0.09194803657556644,ground_equivalent_excess_gamma_dose_rate,uSv/h,50.0,1.0,6360,0.00030280000646598637,False,,3,0.30000000000000004,0.2700000000000001,False,,,
1600,NORMAL,NORMAL,522680.9204974669,5696644.290406497,13,15,28.284271247461902,38751.681066642144,0.10026702318358455,ground_equivalent_excess_gamma_dose_rate,uSv/h,50.0,1.0,6360,0.0003488999791443348,False,,3,0.30000000000000004,0.2700000000000001,False,,,
1601,NORMAL,NORMAL,522680.9204974669,5696624.290406497,12,15,20.0,38771.681066642144,0.1008629815702558,ground_equivalent_excess_gamma_dose_rate,uSv/h,50.0,1.0,6360,0.0004178999806754291,False,,3,0.30000000000000004,0.2700000000000001,False,,,
1602,NORMAL,NORMAL,522680.9204974669,5696604.290406497,11,15,20.0,38791.681066642144,0.10113768136013951,ground_equivalent_excess_gamma_dose_rate,uSv/h,50.0,1.0,6360,0.0003243999963160604,False,,3,0.30000000000000004,0.2700000000000001,False,,,
1603,NORMAL,NORMAL,522700.9204974669,5696584.290406497,10,16,28.284271247461902,38819.965337889604,0.10973127226424478,ground_equivalent_excess_gamma_dose_rate,uSv/h,50.0,1.0,6360,0.0002972999936901033,False,,3,0.30000000000000004,0.2700000000000001,False,,,
1604,NORMAL,NORMAL,522680.9204974669,5696584.290406497,10,15,20.0,38839.965337889604,0.10108583330796478,ground_equivalent_excess_gamma_dose_rate,uSv/h,50.0,1.0,6360,0.00033469998743385077,False,,3,0.30000000000000004,0.2700000000000001,False,,,
1605,NORMAL,NORMAL,522660.9204974669,5696604.290406497,11,14,28.284271247461902,38868.24960913706,0.09346735811324125,ground_equivalent_excess_gamma_dose_rate,uSv/h,50.0,1.0,6360,0.00040469999657943845,False,,3,0.30000000000000004,0.2700000000000001,False,,,
1606,NORMAL,NORMAL,522640.9204974669,5696584.290406497,10,13,28.284271247461902,38896.53388038452,0.08659954824919996,ground_equivalent_excess_gamma_dose_rate,uSv/h,50.0,1.0,6360,0.0005372999876271933,False,,3,0.30000000000000004,0.2700000000000001,False,,,
1607,NORMAL,NORMAL,522640.9204974669,5696564.290406497,9,13,20.0,38916.53388038452,0.08632242152687403,ground_equivalent_excess_gamma_dose_rate,uSv/h,50.0,1.0,6360,0.00048249997780658305,False,,3,0.30000000000000004,0.2700000000000001,False,,,
1608,NORMAL,NORMAL,522640.9204974669,5696544.290406497,8,13,20.0,38936.53388038452,0.08581078230526923,ground_equivalent_excess_gamma_dose_rate,uSv/h,50.0,1.0,6360,0.0004428999964147806,False,,3,0.30000000000000004,0.2700000000000001,False,,,
1609,NORMAL,NORMAL,522620.9204974669,5696524.290406497,7,12,28.284271247461902,38964.81815163198,0.0791763803823668,ground_equivalent_excess_gamma_dose_rate,uSv/h,50.0,1.0,6360,0.0003667999990284443,False,,3,0.30000000000000004,0.2700000000000001,False,,,
1610,NORMAL,NORMAL,522640.9204974669,5696504.290406497,6,13,28.284271247461902,38993.10242287944,0.08412063229198291,ground_equivalent_excess_gamma_dose_rate,uSv/h,50.0,1.0,6360,0.0004658999969251454,False,,3,0.30000000000000004,0.2700000000000001,False,,,
1611,NORMAL,NORMAL,522660.9204974669,5696484.290406497,5,14,28.284271247461902,39021.3866941269,0.08921123271482984,ground_equivalent_excess_gamma_dose_rate,uSv/h,50.0,1.0,6360,0.0003727000148501247,False,,3,0.30000000000000004,0.2700000000000001,False,,,
1612,NORMAL,NORMAL,522680.9204974669,5696484.290406497,5,15,20.0,39041.3866941269,0.09617289473342078,ground_equivalent_excess_gamma_dose_rate,uSv/h,50.0,1.0,6360,0.00031790000502951443,False,,3,0.30000000000000004,0.2700000000000001,False,,,
1613,NORMAL,NORMAL,522700.9204974669,5696484.290406497,5,16,20.0,39061.3866941269,0.10396599649480343,ground_equivalent_excess_gamma_dose_rate,uSv/h,50.0,1.0,6360,0.000309199996991083,False,,3,0.30000000000000004,0.2700000000000001,False,,,
1614,NORMAL,NORMAL,522720.9204974669,5696484.290406497,5,17,20.0,39081.3866941269,0.11272535314920273,ground_equivalent_excess_gamma_dose_rate,uSv/h,50.0,1.0,6360,0.00035659997956827283,False,,3,0.30000000000000004,0.2700000000000001,False,,,
1615,NORMAL,NORMAL,522740.9204974669,5696484.290406497,5,18,20.0,39101.3866941269,0.12261350967053292,ground_equivalent_excess_gamma_dose_rate,uSv/h,50.0,1.0,6360,0.000441400014096871,False,,3,0.30000000000000004,0.2700000000000001,False,,,
1616,NORMAL,NORMAL,522760.9204974669,5696484.290406497,5,19,20.0,39121.3866941269,0.1338276481612533,ground_equivalent_excess_gamma_dose_rate,uSv/h,50.0,1.0,6360,0.0003403000009711832,False,,3,0.30000000000000004,0.2700000000000001,False,,,
1617,NORMAL,NORMAL,522780.9204974669,5696484.290406497,5,20,20.0,39141.3866941269,0.14660850173449652,ground_equivalent_excess_gamma_dose_rate,uSv/h,50.0,1.0,6360,0.0003428000200074166,False,,3,0.30000000000000004,0.2700000000000001,False,,,
1618,NORMAL,NORMAL,522800.9204974669,5696484.290406497,5,21,20.0,39161.3866941269,0.16125192942386274,ground_equivalent_excess_gamma_dose_rate,uSv/h,50.0,1.0,6360,0.00045739999040961266,False,,3,0.30000000000000004,0.2700000000000001,False,,,
1619,NORMAL,NORMAL,522820.9204974669,5696484.290406497,5,22,20.0,39181.3866941269,0.17812403413467442,ground_equivalent_excess_gamma_dose_rate,uSv/h,50.0,1.0,6360,0.0003381999849807471,False,,3,0.30000000000000004,0.2700000000000001,False,,,
1620,NORMAL,NORMAL,522840.9204974669,5696464.290406497,4,23,28.284271247461902,39209.67096537436,0.19026866029460282,ground_equivalent_excess_gamma_dose_rate,uSv/h,50.0,1.0,6360,0.0003555000002961606,False,,3,0.30000000000000004,0.2700000000000001,False,,,
1621,NORMAL,NORMAL,522860.9204974669,5696484.290406497,5,24,28.284271247461902,39237.95523662182,0.2204952923302016,ground_equivalent_excess_gamma_dose_rate,uSv/h,50.0,1.0,6360,0.00032419999479316175,False,,3,0.30000000000000004,0.2700000000000001,False,,,
1622,NORMAL,NORMAL,522880.9204974669,5696484.290406497,5,25,20.0,39257.95523662182,0.24729009836520827,ground_equivalent_excess_gamma_dose_rate,uSv/h,50.0,1.0,6360,0.0003141000051982701,False,,3,0.30000000000000004,0.2700000000000001,False,,,
1623,NORMAL,NORMAL,522900.9204974669,5696484.290406497,5,26,20.0,39277.95523662182,0.27898493708715655,ground_equivalent_excess_gamma_dose_rate,uSv/h,50.0,1.0,6360,0.0005032999906688929,False,,3,0.30000000000000004,0.2700000000000001,False,,,
1624,NORMAL,RADIATION,522920.9204974669,5696484.290406497,5,27,20.0,39297.95523662182,0.31675518472526903,ground_equivalent_excess_gamma_dose_rate,uSv/h,50.0,1.0,6360,0.0003764999855775386,True,enter,3,0.30000000000000004,0.2700000000000001,True,hazard_enter_threshold,,
1625,RADIATION,RADIATION,522940.9204974669,5696504.290406497,6,28,28.284271247461902,39326.23950786928,0.3851293567774758,ground_equivalent_excess_gamma_dose_rate,uSv/h,50.0,1.0,6360,0.0003446000046096742,True,,3,0.30000000000000004,0.2700000000000001,False,,0.000668499997118488,
1626,RADIATION,RADIATION,522960.9204974669,5696504.290406497,6,29,20.0,39346.23950786928,0.44780406356303154,ground_equivalent_excess_gamma_dose_rate,uSv/h,50.0,1.0,6360,0.00035170000046491623,True,,3,0.30000000000000004,0.2700000000000001,False,,0.0006200999778229743,
1627,RADIATION,RADIATION,522980.9204974669,5696504.290406497,6,30,20.0,39366.23950786928,0.5258428422138892,ground_equivalent_excess_gamma_dose_rate,uSv/h,50.0,1.0,6360,0.0005124000017531216,True,,3,0.30000000000000004,0.2700000000000001,False,,0.0008225000055972487,
1628,RADIATION,RADIATION,522980.9204974669,5696484.290406497,5,30,20.0,39386.23950786928,0.4838443663827707,ground_equivalent_excess_gamma_dose_rate,uSv/h,50.0,1.0,6360,0.0005174999823793769,True,,3,0.30000000000000004,0.2700000000000001,False,,0.000990300002740696,
1629,RADIATION,RADIATION,523000.920497467,5696464.290406497,4,31,28.28427124750306,39414.52377911678,0.5090506532489549,ground_equivalent_excess_gamma_dose_rate,uSv/h,50.0,1.0,6360,0.0006231000006664544,True,,3,0.30000000000000004,0.2700000000000001,False,,0.0006632999866269529,
1630,RADIATION,RADIATION,522980.9204974669,5696464.290406497,4,30,20.000000000058208,39434.52377911684,0.44172504658274053,ground_equivalent_excess_gamma_dose_rate,uSv/h,50.0,1.0,6360,0.00037090000114403665,True,,3,0.30000000000000004,0.2700000000000001,False,,0.0006540000031236559,
1631,RADIATION,RADIATION,522960.9204974669,5696464.290406497,4,29,20.0,39454.52377911684,0.3853174982691347,ground_equivalent_excess_gamma_dose_rate,uSv/h,50.0,1.0,6360,0.00036589999217540026,True,,3,0.30000000000000004,0.2700000000000001,False,,0.0005988000193610787,
1632,RADIATION,RADIATION,522940.9204974669,5696444.290406497,3,28,28.284271247461902,39482.8080503643,0.3137014343194751,ground_equivalent_excess_gamma_dose_rate,uSv/h,50.0,1.0,6360,0.0004878999898210168,True,,3,0.30000000000000004,0.2700000000000001,False,,0.0005935000081080943,
1633,RADIATION,RADIATION,522960.9204974669,5696424.290406497,2,29,28.284271247461902,39511.09232161176,0.324106539755914,ground_equivalent_excess_gamma_dose_rate,uSv/h,50.0,1.0,6360,0.0003992999845650047,True,,3,0.30000000000000004,0.2700000000000001,False,,0.0007790999952703714,
1634,RADIATION,RADIATION,522980.9204974669,5696404.290406497,1,30,28.284271247461902,39539.37659285922,0.32818456056608797,ground_equivalent_excess_gamma_dose_rate,uSv/h,50.0,1.0,5680,0.0003208999987691641,True,,3,0.30000000000000004,0.2700000000000001,False,,0.000604200002271682,
1635,RADIATION,RADIATION,523000.920497467,5696404.290406497,1,31,20.000000000058208,39559.37659285928,0.36394667175998546,ground_equivalent_excess_gamma_dose_rate,uSv/h,50.0,1.0,5680,0.00032610000926069915,True,,3,0.30000000000000004,0.2700000000000001,False,,0.0005704000068362802,
1636,RADIATION,RADIATION,523020.920497467,5696404.290406497,1,32,20.0,39579.37659285928,0.4031860339755912,ground_equivalent_excess_gamma_dose_rate,uSv/h,50.0,1.0,5680,0.00033909999183379114,True,,3,0.30000000000000004,0.2700000000000001,False,,0.0007733999809715897,
1637,RADIATION,RADIATION,523040.920497467,5696384.290406497,0,33,28.284271247461902,39607.660864106736,0.3891193814500839,ground_equivalent_excess_gamma_dose_rate,uSv/h,50.0,1.0,4095,0.00029669998912140727,True,,3,0.30000000000000004,0.2700000000000001,False,,0.0005628000071737915,
1638,RADIATION,RADIATION,523060.920497467,5696384.290406497,0,34,20.0,39627.660864106736,0.4225659075180139,ground_equivalent_excess_gamma_dose_rate,uSv/h,50.0,1.0,4095,0.00027200000477023423,True,,3,0.30000000000000004,0.2700000000000001,False,,0.0003853000234812498,
1639,RADIATION,RADIATION,523060.920497467,5696404.290406497,1,34,20.0,39647.660864106736,0.48985430156808835,ground_equivalent_excess_gamma_dose_rate,uSv/h,50.0,1.0,5680,0.0004894999729003757,True,,3,0.30000000000000004,0.2700000000000001,False,,0.0003680999798234552,
1640,RADIATION,RADIATION,523040.920497467,5696424.290406497,2,33,28.284271247461902,39675.945135354195,0.5123574019508017,ground_equivalent_excess_gamma_dose_rate,uSv/h,50.0,1.0,6360,0.0005615999980363995,True,,3,0.30000000000000004,0.2700000000000001,False,,0.0007756999984849244,
1641,RADIATION,RADIATION,523040.920497467,5696444.290406497,3,33,20.0,39695.945135354195,0.5914740824256686,ground_equivalent_excess_gamma_dose_rate,uSv/h,50.0,1.0,6360,0.00035370001569390297,True,,3,0.30000000000000004,0.2700000000000001,False,,0.0007474000158254057,
1642,RADIATION,RADIATION,523020.920497467,5696444.290406497,3,32,20.0,39715.945135354195,0.5191833549420666,ground_equivalent_excess_gamma_dose_rate,uSv/h,50.0,1.0,6360,0.0003412000078242272,True,,3,0.30000000000000004,0.2700000000000001,False,,0.0007645000005140901,
1643,RADIATION,RADIATION,523020.920497467,5696464.290406497,4,32,20.0,39735.945135354195,0.5892646369919454,ground_equivalent_excess_gamma_dose_rate,uSv/h,50.0,1.0,6360,0.00036199999158270657,True,,3,0.30000000000000004,0.2700000000000001,False,,0.0007189000025391579,
1644,RADIATION,RADIATION,523040.920497467,5696444.290406497,3,33,28.284271247461902,39764.229406601655,0.5914740824256686,ground_equivalent_excess_gamma_dose_rate,uSv/h,50.0,1.0,6360,0.00036800000816583633,True,,3,0.30000000000000004,0.2700000000000001,False,,0.0009375999798066914,
1645,RADIATION,RADIATION,523020.920497467,5696444.290406497,3,32,20.0,39784.229406601655,0.5191833549420666,ground_equivalent_excess_gamma_dose_rate,uSv/h,50.0,1.0,6360,0.00042130000656470656,True,,3,0.30000000000000004,0.2700000000000001,False,,0.0012173000141046941,
1646,RADIATION,RADIATION,523000.920497467,5696444.290406497,3,31,20.0,39804.229406601655,0.4558898185987578,ground_equivalent_excess_gamma_dose_rate,uSv/h,50.0,1.0,6360,0.0005335999885573983,True,,3,0.30000000000000004,0.2700000000000001,False,,0.0007658000104129314,
1647,RADIATION,RADIATION,522980.9204974669,5696464.290406497,4,30,28.28427124750306,39832.51367784916,0.44172504658274053,ground_equivalent_excess_gamma_dose_rate,uSv/h,50.0,1.0,6360,0.0005157999985385686,True,,3,0.30000000000000004,0.2700000000000001,False,,0.0010268999903928488,
1648,RADIATION,RADIATION,523000.920497467,5696464.290406497,4,31,20.000000000058208,39852.513677849216,0.5090506532489549,ground_equivalent_excess_gamma_dose_rate,uSv/h,50.0,1.0,6360,0.00044999999227002263,True,,3,0.30000000000000004,0.2700000000000001,False,,0.0008815000182949007,
1649,RADIATION,RADIATION,522980.9204974669,5696444.290406497,3,30,28.28427124750306,39880.79794909672,0.4011355150948234,ground_equivalent_excess_gamma_dose_rate,uSv/h,50.0,1.0,6360,0.0005466000002343208,True,,3,0.30000000000000004,0.2700000000000001,False,,0.0008876000065356493,
1650,RADIATION,RADIATION,522980.9204974669,5696464.290406497,4,30,20.0,39900.79794909672,0.44172504658274053,ground_equivalent_excess_gamma_dose_rate,uSv/h,50.0,1.0,6360,0.0004282000008970499,True,,3,0.30000000000000004,0.2700000000000001,False,,0.0008941999985836446,
1651,RADIATION,RADIATION,522980.9204974669,5696484.290406497,5,30,20.0,39920.79794909672,0.4838443663827707,ground_equivalent_excess_gamma_dose_rate,uSv/h,50.0,1.0,6360,0.0004749000072479248,True,,3,0.30000000000000004,0.2700000000000001,False,,0.000816700019640848,
1652,RADIATION,RADIATION,522960.9204974669,5696464.290406497,4,29,28.284271247461902,39949.08222034418,0.3853174982691347,ground_equivalent_excess_gamma_dose_rate,uSv/h,50.0,1.0,6360,0.00041000000783242285,True,,3,0.30000000000000004,0.2700000000000001,False,,0.0008575000101700425,
1653,RADIATION,RADIATION,522980.9204974669,5696484.290406497,5,30,28.284271247461902,39977.36649159164,0.4838443663827707,ground_equivalent_excess_gamma_dose_rate,uSv/h,50.0,1.0,6360,0.0005700000037904829,True,,3,0.30000000000000004,0.2700000000000001,False,,0.0009193999867420644,
1654,RADIATION,RADIATION,522960.9204974669,5696504.290406497,6,29,28.284271247461902,40005.6507628391,0.44780406356303154,ground_equivalent_excess_gamma_dose_rate,uSv/h,50.0,1.0,6360,0.0005700999754481018,True,,3,0.30000000000000004,0.2700000000000001,False,,0.0008929000177886337,
1655,RADIATION,RADIATION,522940.9204974669,5696524.290406497,7,28,28.284271247461902,40033.93503408656,0.4059333211537271,ground_equivalent_excess_gamma_dose_rate,uSv/h,50.0,1.0,6360,0.0005651000246871263,True,,3,0.30000000000000004,0.2700000000000001,False,,0.0009659999923314899,
1656,RADIATION,RADIATION,522920.9204974669,5696544.290406497,8,27,28.284271247461902,40062.219305334016,0.3626081375306051,ground_equivalent_excess_gamma_dose_rate,uSv/h,50.0,1.0,6360,0.0004709000058937818,True,,3,0.30000000000000004,0.2700000000000001,False,,0.0006456999981310219,
1657,RADIATION,RADIATION,522900.9204974669,5696524.290406497,7,26,28.284271247461902,40090.503576581475,0.3042954269701434,ground_equivalent_excess_gamma_dose_rate,uSv/h,50.0,1.0,6360,0.000514000013936311,True,,3,0.30000000000000004,0.2700000000000001,False,,0.001082399976439774,
1658,RADIATION,NORMAL,522880.9204974669,5696504.290406497,6,25,28.284271247461902,40118.787847828935,0.25781421015525446,ground_equivalent_excess_gamma_dose_rate,uSv/h,50.0,1.0,6360,0.0007221999985631555,False,exit,3,0.30000000000000004,0.2700000000000001,False,hazard_exit_threshold,0.0010106000117957592,0.5343548999808263
1659,NORMAL,NORMAL,522860.9204974669,5696504.290406497,6,24,20.0,40138.787847828935,0.2288239034742206,ground_equivalent_excess_gamma_dose_rate,uSv/h,50.0,1.0,6360,0.0006895000115036964,False,,4,0.4,0.36000000000000004,False,,,
1660,NORMAL,NORMAL,522860.9204974669,5696524.290406497,7,24,20.0,40158.787847828935,0.2360104014685453,ground_equivalent_excess_gamma_dose_rate,uSv/h,50.0,1.0,6360,0.0004082999948877841,False,,4,0.4,0.36000000000000004,False,,,
1661,NORMAL,NORMAL,522880.9204974669,5696504.290406497,6,25,28.284271247461902,40187.072119076394,0.25781421015525446,ground_equivalent_excess_gamma_dose_rate,uSv/h,50.0,1.0,6360,0.00033930002246052027,False,,4,0.4,0.36000000000000004,False,,,
1662,NORMAL,NORMAL,522900.9204974669,5696524.290406497,7,26,28.284271247461902,40215.356390323854,0.3042954269701434,ground_equivalent_excess_gamma_dose_rate,uSv/h,50.0,1.0,6360,0.00046549999387934804,False,,4,0.4,0.36000000000000004,False,,,
1663,NORMAL,NORMAL,522880.9204974669,5696524.290406497,7,25,20.0,40235.356390323854,0.2669734558596114,ground_equivalent_excess_gamma_dose_rate,uSv/h,50.0,1.0,6360,0.00046060001477599144,False,,4,0.4,0.36000000000000004,False,,,
1664,NORMAL,NORMAL,522880.9204974669,5696504.290406497,6,25,20.0,40255.356390323854,0.25781421015525446,ground_equivalent_excess_gamma_dose_rate,uSv/h,50.0,1.0,6360,0.0003575000155251473,False,,4,0.4,0.36000000000000004,False,,,
1665,NORMAL,NORMAL,522900.9204974669,5696484.290406497,5,26,28.284271247461902,40283.64066157131,0.27898493708715655,ground_equivalent_excess_gamma_dose_rate,uSv/h,50.0,1.0,6360,0.00032289998489432037,False,,4,0.4,0.36000000000000004,False,,,
1666,NORMAL,NORMAL,522900.9204974669,5696464.290406497,4,26,20.0,40303.64066157131,0.2644457227948362,ground_equivalent_excess_gamma_dose_rate,uSv/h,50.0,1.0,6360,0.0003254000039305538,False,,4,0.4,0.36000000000000004,False,,,
1667,NORMAL,NORMAL,522880.9204974669,5696444.290406497,3,25,28.284271247461902,40331.92493281877,0.22371482792219016,ground_equivalent_excess_gamma_dose_rate,uSv/h,50.0,1.0,6360,0.0003538999881129712,False,,4,0.4,0.36000000000000004,False,,,
1668,NORMAL,NORMAL,522860.9204974669,5696424.290406497,2,24,28.284271247461902,40360.20920406623,0.19148069950741692,ground_equivalent_excess_gamma_dose_rate,uSv/h,50.0,1.0,6360,0.00036040000850334764,False,,4,0.4,0.36000000000000004,False,,,
1669,NORMAL,NORMAL,522840.9204974669,5696404.290406497,1,23,28.284271247461902,40388.49347531369,0.16559196008518656,ground_equivalent_excess_gamma_dose_rate,uSv/h,50.0,1.0,5680,0.00039179998566396534,False,,4,0.4,0.36000000000000004,False,,,
1670,NORMAL,NORMAL,522820.9204974669,5696404.290406497,1,22,20.0,40408.49347531369,0.15164494143994306,ground_equivalent_excess_gamma_dose_rate,uSv/h,50.0,1.0,5680,0.0003595000016503036,False,,4,0.4,0.36000000000000004,False,,,
1671,NORMAL,NORMAL,522800.9204974669,5696424.290406497,2,21,28.284271247461902,40436.77774656115,0.14516547233864735,ground_equivalent_excess_gamma_dose_rate,uSv/h,50.0,1.0,6360,0.0003792000061366707,False,,4,0.4,0.36000000000000004,False,,,
1672,NORMAL,NORMAL,522780.9204974669,5696444.290406497,3,20,28.284271247461902,40465.06201780861,0.13798756809652424,ground_equivalent_excess_gamma_dose_rate,uSv/h,50.0,1.0,6360,0.0003404000017326325,False,,4,0.4,0.36000000000000004,False,,,
1673,NORMAL,NORMAL,522760.9204974669,5696444.290406497,3,19,20.0,40485.06201780861,0.12660727421432177,ground_equivalent_excess_gamma_dose_rate,uSv/h,50.0,1.0,6360,0.0003358999965712428,False,,4,0.4,0.36000000000000004,False,,,
1674,NORMAL,NORMAL,522740.9204974669,5696444.290406497,3,18,20.0,40505.06201780861,0.11652497840244674,ground_equivalent_excess_gamma_dose_rate,uSv/h,50.0,1.0,6360,0.00035180000122636557,False,,4,0.4,0.36000000000000004,False,,,
1675,NORMAL,NORMAL,522720.9204974669,5696444.290406497,3,17,20.0,40525.06201780861,0.10755855211567844,ground_equivalent_excess_gamma_dose_rate,uSv/h,50.0,1.0,6360,0.0003307999868411571,False,,4,0.4,0.36000000000000004,False,,,
1676,NORMAL,NORMAL,522700.9204974669,5696444.290406497,3,16,20.0,40545.06201780861,0.09955526384864355,ground_equivalent_excess_gamma_dose_rate,uSv/h,50.0,1.0,6360,0.00035370001569390297,False,,4,0.4,0.36000000000000004,False,,,
1677,NORMAL,NORMAL,522700.9204974669,5696464.290406497,4,16,20.0,40565.06201780861,0.10187863309120043,ground_equivalent_excess_gamma_dose_rate,uSv/h,50.0,1.0,6360,0.0005726999952457845,False,,4,0.4,0.36000000000000004,False,,,
1678,NORMAL,NORMAL,522680.9204974669,5696484.290406497,5,15,28.284271247461902,40593.34628905607,0.09617289473342078,ground_equivalent_excess_gamma_dose_rate,uSv/h,50.0,1.0,6360,0.00037319998955354095,False,,4,0.4,0.36000000000000004,False,,,
1679,NORMAL,NORMAL,522660.9204974669,5696464.290406497,4,14,28.284271247461902,40621.63056030353,0.08766990945077247,ground_equivalent_excess_gamma_dose_rate,uSv/h,50.0,1.0,6360,0.0003564000071492046,False,,4,0.4,0.36000000000000004,False,,,
1680,NORMAL,NORMAL,522680.9204974669,5696484.290406497,5,15,28.284271247461902,40649.91483155099,0.09617289473342078,ground_equivalent_excess_gamma_dose_rate,uSv/h,50.0,1.0,6360,0.0003166999958921224,False,,4,0.4,0.36000000000000004,False,,,
1681,NORMAL,NORMAL,522680.9204974669,5696464.290406497,4,15,20.0,40669.91483155099,0.09438404076142398,ground_equivalent_excess_gamma_dose_rate,uSv/h,50.0,1.0,6360,0.0003178000042680651,False,,4,0.4,0.36000000000000004,False,,,
1682,NORMAL,NORMAL,522700.9204974669,5696484.290406497,5,16,28.284271247461902,40698.19910279845,0.10396599649480343,ground_equivalent_excess_gamma_dose_rate,uSv/h,50.0,1.0,6360,0.00031200001831166446,False,,4,0.4,0.36000000000000004,False,,,
1683,NORMAL,NORMAL,522720.9204974669,5696484.290406497,5,17,20.0,40718.19910279845,0.11272535314920273,ground_equivalent_excess_gamma_dose_rate,uSv/h,50.0,1.0,6360,0.00029680001898668706,False,,4,0.4,0.36000000000000004,False,,,
1684,NORMAL,NORMAL,522720.9204974669,5696464.290406497,4,17,20.0,40738.19910279845,0.11027558706324242,ground_equivalent_excess_gamma_dose_rate,uSv/h,50.0,1.0,6360,0.00045250001130625606,False,,4,0.4,0.36000000000000004,False,,,
1685,NORMAL,NORMAL,522740.9204974669,5696484.290406497,5,18,28.284271247461902,40766.48337404591,0.12261350967053292,ground_equivalent_excess_gamma_dose_rate,uSv/h,50.0,1.0,6360,0.000513700011651963,False,,4,0.4,0.36000000000000004,False,,,
1686,NORMAL,NORMAL,522760.9204974669,5696464.290406497,4,19,28.284271247461902,40794.76764529337,0.1303888249267675,ground_equivalent_excess_gamma_dose_rate,uSv/h,50.0,1.0,6360,0.0005110000201966614,False,,4,0.4,0.36000000000000004,False,,,
1687,NORMAL,NORMAL,522780.9204974669,5696464.290406497,4,20,20.0,40814.76764529337,0.14249158569547932,ground_equivalent_excess_gamma_dose_rate,uSv/h,50.0,1.0,6360,0.00042050000047311187,False,,4,0.4,0.36000000000000004,False,,,
1688,NORMAL,NORMAL,522800.9204974669,5696444.290406497,3,21,28.284271247461902,40843.051916540826,0.15088374841941604,ground_equivalent_excess_gamma_dose_rate,uSv/h,50.0,1.0,6360,0.0003249000001233071,False,,4,0.4,0.36000000000000004,False,,,
1689,NORMAL,NORMAL,522780.9204974669,5696464.290406497,4,20,28.284271247461902,40871.336187788285,0.14249158569547932,ground_equivalent_excess_gamma_dose_rate,uSv/h,50.0,1.0,6360,0.0003152000135742128,False,,4,0.4,0.36000000000000004,False,,,
1690,NORMAL,NORMAL,522760.9204974669,5696444.290406497,3,19,28.284271247461902,40899.620459035745,0.12660727421432177,ground_equivalent_excess_gamma_dose_rate,uSv/h,50.0,1.0,6360,0.00045599997974932194,False,,4,0.4,0.36000000000000004,False,,,
1691,NORMAL,NORMAL,522760.9204974669,5696424.290406497,2,19,20.0,40919.620459035745,0.12255635287327132,ground_equivalent_excess_gamma_dose_rate,uSv/h,50.0,1.0,6360,0.00039430000470019877,False,,4,0.4,0.36000000000000004,False,,,
1692,NORMAL,NORMAL,522760.9204974669,5696444.290406497,3,19,20.0,40939.620459035745,0.12660727421432177,ground_equivalent_excess_gamma_dose_rate,uSv/h,50.0,1.0,6360,0.0003533000126481056,False,,4,0.4,0.36000000000000004,False,,,
1693,NORMAL,NORMAL,522780.9204974669,5696424.290406497,2,20,28.284271247461902,40967.904730283204,0.13318946944814097,ground_equivalent_excess_gamma_dose_rate,uSv/h,50.0,1.0,6360,0.00033650000113993883,False,,4,0.4,0.36000000000000004,False,,,
1694,NORMAL,NORMAL,522800.9204974669,5696404.290406497,1,21,28.284271247461902,40996.18900153066,0.13924159859871793,ground_equivalent_excess_gamma_dose_rate,uSv/h,50.0,1.0,5680,0.00045039999531582,False,,4,0.4,0.36000000000000004,False,,,
1695,NORMAL,NORMAL,522820.9204974669,5696404.290406497,1,22,20.0,41016.18900153066,0.15164494143994306,ground_equivalent_excess_gamma_dose_rate,uSv/h,50.0,1.0,5680,0.0004910000134259462,False,,4,0.4,0.36000000000000004,False,,,
1696,NORMAL,NORMAL,522840.9204974669,5696424.290406497,2,23,28.284271247461902,41044.47327277812,0.17403807486001016,ground_equivalent_excess_gamma_dose_rate,uSv/h,50.0,1.0,6360,0.00047069997526705265,False,,4,0.4,0.36000000000000004,False,,,
1697,NORMAL,NORMAL,522860.9204974669,5696404.290406497,1,24,28.284271247461902,41072.75754402558,0.18130624287585384,ground_equivalent_excess_gamma_dose_rate,uSv/h,50.0,1.0,5680,0.0003693000180646777,False,,4,0.4,0.36000000000000004,False,,,
1698,NORMAL,NORMAL,522880.9204974669,5696384.290406497,0,25,28.284271247461902,41101.04181527304,0.18694416917993034,ground_equivalent_excess_gamma_dose_rate,uSv/h,50.0,1.0,4095,0.0003698000218719244,False,,4,0.4,0.36000000000000004,False,,,
1699,NORMAL,NORMAL,522900.9204974669,5696404.290406497,1,26,28.284271247461902,41129.3260865205,0.21907203595455732,ground_equivalent_excess_gamma_dose_rate,uSv/h,50.0,1.0,5680,0.0003184000088367611,False,,4,0.4,0.36000000000000004,False,,,
1700,NORMAL,NORMAL,522920.9204974669,5696404.290406497,1,27,20.0,41149.3260865205,0.24170364824711527,ground_equivalent_excess_gamma_dose_rate,uSv/h,50.0,1.0,5680,0.0002975000243168324,False,,4,0.4,0.36000000000000004,False,,,
1701,NORMAL,NORMAL,522940.9204974669,5696384.290406497,0,28,28.284271247461902,41177.61035776796,0.24588398353874952,ground_equivalent_excess_gamma_dose_rate,uSv/h,50.0,1.0,4095,0.00025770001229830086,False,,4,0.4,0.36000000000000004,False,,,
1702,NORMAL,NORMAL,522920.9204974669,5696384.290406497,0,27,20.0,41197.61035776796,0.2240961977768548,ground_equivalent_excess_gamma_dose_rate,uSv/h,50.0,1.0,4095,0.00023750000400468707,False,,4,0.4,0.36000000000000004,False,,,
1703,NORMAL,NORMAL,522900.9204974669,5696384.290406497,0,26,20.0,41217.61035776796,0.20450817890052986,ground_equivalent_excess_gamma_dose_rate,uSv/h,50.0,1.0,4095,0.0002300000051036477,False,,4,0.4,0.36000000000000004,False,,,
1704,NORMAL,NORMAL,522880.9204974669,5696404.290406497,1,25,28.284271247461902,41245.89462901542,0.1990398625527694,ground_equivalent_excess_gamma_dose_rate,uSv/h,50.0,1.0,5680,0.0002659000165294856,False,,4,0.4,0.36000000000000004,False,,,
1705,NORMAL,NORMAL,522880.9204974669,5696384.290406497,0,25,20.0,41265.89462901542,0.18694416917993034,ground_equivalent_excess_gamma_dose_rate,uSv/h,50.0,1.0,4095,0.0002423000114504248,False,,4,0.4,0.36000000000000004,False,,,
1706,NORMAL,NORMAL,522880.9204974669,5696404.290406497,1,25,20.0,41285.89462901542,0.1990398625527694,ground_equivalent_excess_gamma_dose_rate,uSv/h,50.0,1.0,5680,0.0005170000076759607,False,,4,0.4,0.36000000000000004,False,,,
1707,NORMAL,NORMAL,522900.9204974669,5696404.290406497,1,26,20.0,41305.89462901542,0.21907203595455732,ground_equivalent_excess_gamma_dose_rate,uSv/h,50.0,1.0,5680,0.0003302000113762915,False,,4,0.4,0.36000000000000004,False,,,
1708,NORMAL,NORMAL,522880.9204974669,5696424.290406497,2,25,28.284271247461902,41334.17890026288,0.21136966696756404,ground_equivalent_excess_gamma_dose_rate,uSv/h,50.0,1.0,6360,0.0003265999839641154,False,,4,0.4,0.36000000000000004,False,,,
1709,NORMAL,NORMAL,522860.9204974669,5696424.290406497,2,24,20.0,41354.17890026288,0.19148069950741692,ground_equivalent_excess_gamma_dose_rate,uSv/h,50.0,1.0,6360,0.00032500000088475645,False,,4,0.4,0.36000000000000004,False,,,
1710,NORMAL,NORMAL,522860.9204974669,5696444.290406497,3,24,20.0,41374.17890026288,0.20155653851726424,ground_equivalent_excess_gamma_dose_rate,uSv/h,50.0,1.0,6360,0.0003127999952994287,False,,4,0.4,0.36000000000000004,False,,,
1711,NORMAL,NORMAL,522840.9204974669,5696464.290406497,4,23,28.284271247461902,41402.46317151034,0.19026866029460282,ground_equivalent_excess_gamma_dose_rate,uSv/h,50.0,1.0,6360,0.0002906999725382775,False,,4,0.4,0.36000000000000004,False,,,
1712,NORMAL,NORMAL,522820.9204974669,5696464.290406497,4,22,20.0,41422.46317151034,0.172083365019438,ground_equivalent_excess_gamma_dose_rate,uSv/h,50.0,1.0,6360,0.000291300006210804,False,,4,0.4,0.36000000000000004,False,,,
1713,NORMAL,NORMAL,522800.9204974669,5696444.290406497,3,21,28.284271247461902,41450.7474427578,0.15088374841941604,ground_equivalent_excess_gamma_dose_rate,uSv/h,50.0,1.0,6360,0.0005479000101331621,False,,4,0.4,0.36000000000000004,False,,,
1714,NORMAL,NORMAL,522820.9204974669,5696424.290406497,2,22,28.284271247461902,41479.03171400526,0.15869792101957864,ground_equivalent_excess_gamma_dose_rate,uSv/h,50.0,1.0,6360,0.0004808999947272241,False,,4,0.4,0.36000000000000004,False,,,
1715,NORMAL,NORMAL,522820.9204974669,5696404.290406497,1,22,20.0,41499.03171400526,0.15164494143994306,ground_equivalent_excess_gamma_dose_rate,uSv/h,50.0,1.0,5680,0.00043100002221763134,False,,4,0.4,0.36000000000000004,False,,,
1716,NORMAL,NORMAL,522800.9204974669,5696404.290406497,1,21,20.0,41519.03171400526,0.13924159859871793,ground_equivalent_excess_gamma_dose_rate,uSv/h,50.0,1.0,5680,0.00031709999893791974,False,,4,0.4,0.36000000000000004,False,,,
1717,NORMAL,NORMAL,522780.9204974669,5696424.290406497,2,20,28.284271247461902,41547.31598525272,0.13318946944814097,ground_equivalent_excess_gamma_dose_rate,uSv/h,50.0,1.0,6360,0.0003566000086721033,False,,4,0.4,0.36000000000000004,False,,,
1718,NORMAL,NORMAL,522760.9204974669,5696424.290406497,2,19,20.0,41567.31598525272,0.12255635287327132,ground_equivalent_excess_gamma_dose_rate,uSv/h,50.0,1.0,6360,0.0003037999849766493,False,,4,0.4,0.36000000000000004,False,,,
1719,NORMAL,NORMAL,522740.9204974669,5696424.290406497,2,18,20.0,41587.31598525272,0.11308478751911366,ground_equivalent_excess_gamma_dose_rate,uSv/h,50.0,1.0,6360,0.000450999999884516,False,,4,0.4,0.36000000000000004,False,,,
1720,NORMAL,NORMAL,522720.9204974669,5696444.290406497,3,17,28.284271247461902,41615.600256500176,0.10755855211567844,ground_equivalent_excess_gamma_dose_rate,uSv/h,50.0,1.0,6360,0.000368500011973083,False,,4,0.4,0.36000000000000004,False,,,
1721,NORMAL,NORMAL,522700.9204974669,5696464.290406497,4,16,28.284271247461902,41643.884527747636,0.10187863309120043,ground_equivalent_excess_gamma_dose_rate,uSv/h,50.0,1.0,6360,0.0003068999794777483,False,,4,0.4,0.36000000000000004,False,,,
1722,NORMAL,NORMAL,522720.9204974669,5696444.290406497,3,17,28.284271247461902,41672.168798995095,0.10755855211567844,ground_equivalent_excess_gamma_dose_rate,uSv/h,50.0,1.0,6360,0.00040550000267103314,False,,4,0.4,0.36000000000000004,False,,,
1723,NORMAL,NORMAL,522700.9204974669,5696444.290406497,3,16,20.0,41692.168798995095,0.09955526384864355,ground_equivalent_excess_gamma_dose_rate,uSv/h,50.0,1.0,6360,0.0003463999892119318,False,,4,0.4,0.36000000000000004,False,,,
1724,NORMAL,NORMAL,522720.9204974669,5696444.290406497,3,17,20.0,41712.168798995095,0.10755855211567844,ground_equivalent_excess_gamma_dose_rate,uSv/h,50.0,1.0,6360,0.00031999999191612005,False,,4,0.4,0.36000000000000004,False,,,
1725,NORMAL,NORMAL,522740.9204974669,5696424.290406497,2,18,28.284271247461902,41740.453070242555,0.11308478751911366,ground_equivalent_excess_gamma_dose_rate,uSv/h,50.0,1.0,6360,0.00030869999318383634,False,,4,0.4,0.36000000000000004,False,,,
1726,NORMAL,NORMAL,522760.9204974669,5696424.290406497,2,19,20.0,41760.453070242555,0.12255635287327132,ground_equivalent_excess_gamma_dose_rate,uSv/h,50.0,1.0,6360,0.00030499999411404133,False,,4,0.4,0.36000000000000004,False,,,
1727,NORMAL,NORMAL,522740.9204974669,5696444.290406497,3,18,28.284271247461902,41788.737341490014,0.11652497840244674,ground_equivalent_excess_gamma_dose_rate,uSv/h,50.0,1.0,6360,0.000309199996991083,False,,4,0.4,0.36000000000000004,False,,,
1728,NORMAL,NORMAL,522720.9204974669,5696464.290406497,4,17,28.284271247461902,41817.02161273747,0.11027558706324242,ground_equivalent_excess_gamma_dose_rate,uSv/h,50.0,1.0,6360,0.0004017000028397888,False,,4,0.4,0.36000000000000004,False,,,
1729,NORMAL,NORMAL,522720.9204974669,5696484.290406497,5,17,20.0,41837.02161273747,0.11272535314920273,ground_equivalent_excess_gamma_dose_rate,uSv/h,50.0,1.0,6360,0.0004054000019095838,False,,4,0.4,0.36000000000000004,False,,,
1730,NORMAL,NORMAL,522700.9204974669,5696504.290406497,6,16,28.284271247461902,41865.30588398493,0.10578139717477436,ground_equivalent_excess_gamma_dose_rate,uSv/h,50.0,1.0,6360,0.0003414000093471259,False,,4,0.4,0.36000000000000004,False,,,
1731,NORMAL,NORMAL,522720.9204974669,5696504.290406497,6,17,20.0,41885.30588398493,0.11486268743279282,ground_equivalent_excess_gamma_dose_rate,uSv/h,50.0,1.0,6360,0.000309199996991083,False,,4,0.4,0.36000000000000004,False,,,
1732,NORMAL,NORMAL,522740.9204974669,5696524.290406497,7,18,28.284271247461902,41913.59015523239,0.1272658844588192,ground_equivalent_excess_gamma_dose_rate,uSv/h,50.0,1.0,6360,0.0003209999995306134,False,,4,0.4,0.36000000000000004,False,,,
1733,NORMAL,NORMAL,522760.9204974669,5696504.290406497,6,19,28.284271247461902,41941.87442647985,0.13685083630660866,ground_equivalent_excess_gamma_dose_rate,uSv/h,50.0,1.0,6360,0.000295600009849295,False,,4,0.4,0.36000000000000004,False,,,
1734,NORMAL,NORMAL,522780.9204974669,5696524.290406497,7,20,28.284271247461902,41970.15869772731,0.15330971115941971,ground_equivalent_excess_gamma_dose_rate,uSv/h,50.0,1.0,6360,0.0003071000101044774,False,,4,0.4,0.36000000000000004,False,,,
1735,NORMAL,NORMAL,522780.9204974669,5696544.290406497,8,20,20.0,41990.15869772731,0.15572266965647497,ground_equivalent_excess_gamma_dose_rate,uSv/h,50.0,1.0,6360,0.0003158999898005277,False,,4,0.4,0.36000000000000004,False,,,
1736,NORMAL,NORMAL,522800.9204974669,5696564.290406497,9,21,28.284271247461902,42018.44296897477,0.1744229492819489,ground_equivalent_excess_gamma_dose_rate,uSv/h,50.0,1.0,6360,0.0005043999990448356,False,,4,0.4,0.36000000000000004,False,,,
1737,NORMAL,NORMAL,522820.9204974669,5696564.290406497,9,22,20.0,42038.44296897477,0.1943340028971079,ground_equivalent_excess_gamma_dose_rate,uSv/h,50.0,1.0,6360,0.0003504000196699053,False,,4,0.4,0.36000000000000004,False,,,
1738,NORMAL,NORMAL,522820.9204974669,5696584.290406497,10,22,20.0,42058.44296897477,0.19574419033461715,ground_equivalent_excess_gamma_dose_rate,uSv/h,50.0,1.0,6360,0.00032950000604614615,False,,4,0.4,0.36000000000000004,False,,,
1739,NORMAL,NORMAL,522820.9204974669,5696564.290406497,9,22,20.0,42078.44296897477,0.1943340028971079,ground_equivalent_excess_gamma_dose_rate,uSv/h,50.0,1.0,6360,0.0003108000091742724,False,,4,0.4,0.36000000000000004,False,,,
1740,NORMAL,NORMAL,522840.9204974669,5696584.290406497,10,23,28.284271247461902,42106.72724022223,0.21962104042010128,ground_equivalent_excess_gamma_dose_rate,uSv/h,50.0,1.0,6360,0.0002954999799840152,False,,4,0.4,0.36000000000000004,False,,,
1741,NORMAL,NORMAL,522860.9204974669,5696584.290406497,10,24,20.0,42126.72724022223,0.248145906869021,ground_equivalent_excess_gamma_dose_rate,uSv/h,50.0,1.0,6360,0.00028700000257231295,False,,4,0.4,0.36000000000000004,False,,,
1742,NORMAL,NORMAL,522860.9204974669,5696564.290406497,9,24,20.0,42146.72724022223,0.24588399055551918,ground_equivalent_excess_gamma_dose_rate,uSv/h,50.0,1.0,6360,0.0005707000091206282,False,,4,0.4,0.36000000000000004,False,,,
1743,NORMAL,NORMAL,522840.9204974669,5696544.290406497,8,23,28.284271247461902,42175.01151146969,0.21461803670281626,ground_equivalent_excess_gamma_dose_rate,uSv/h,50.0,1.0,6360,0.0005506999732460827,False,,4,0.4,0.36000000000000004,False,,,
1744,NORMAL,NORMAL,522820.9204974669,5696564.290406497,9,22,28.284271247461902,42203.29578271715,0.1943340028971079,ground_equivalent_excess_gamma_dose_rate,uSv/h,50.0,1.0,6360,0.00039289999403990805,False,,4,0.4,0.36000000000000004,False,,,
1745,NORMAL,NORMAL,522800.9204974669,5696564.290406497,9,21,20.0,42223.29578271715,0.1744229492819489,ground_equivalent_excess_gamma_dose_rate,uSv/h,50.0,1.0,6360,0.00031949998810887337,False,,4,0.4,0.36000000000000004,False,,,
1746,NORMAL,NORMAL,522820.9204974669,5696544.290406497,8,22,28.284271247461902,42251.58005396461,0.1917600225772555,ground_equivalent_excess_gamma_dose_rate,uSv/h,50.0,1.0,6360,0.000307999987853691,False,,4,0.4,0.36000000000000004,False,,,
1747,NORMAL,NORMAL,522800.9204974669,5696544.290406497,8,21,20.0,42271.58005396461,0.17234657974637763,ground_equivalent_excess_gamma_dose_rate,uSv/h,50.0,1.0,6360,0.0002992999798152596,False,,4,0.4,0.36000000000000004,False,,,
1748,NORMAL,NORMAL,522820.9204974669,5696564.290406497,9,22,28.284271247461902,42299.86432521207,0.1943340028971079,ground_equivalent_excess_gamma_dose_rate,uSv/h,50.0,1.0,6360,0.0003144000074826181,False,,4,0.4,0.36000000000000004,False,,,
1749,NORMAL,NORMAL,522800.9204974669,5696564.290406497,9,21,20.0,42319.86432521207,0.1744229492819489,ground_equivalent_excess_gamma_dose_rate,uSv/h,50.0,1.0,6360,0.0003127999952994287,False,,4,0.4,0.36000000000000004,False,,,
1750,NORMAL,NORMAL,522780.9204974669,5696544.290406497,8,20,28.284271247461902,42348.14859645953,0.15572266965647497,ground_equivalent_excess_gamma_dose_rate,uSv/h,50.0,1.0,6360,0.0003464000183157623,False,,4,0.4,0.36000000000000004,False,,,
1751,NORMAL,NORMAL,522800.9204974669,5696524.290406497,7,21,28.284271247461902,42376.432867706986,0.1693958209712057,ground_equivalent_excess_gamma_dose_rate,uSv/h,50.0,1.0,6360,0.00032900000223889947,False,,4,0.4,0.36000000000000004,False,,,
1752,NORMAL,NORMAL,522800.9204974669,5696504.290406497,6,21,20.0,42396.432867706986,0.16566152175413434,ground_equivalent_excess_gamma_dose_rate,uSv/h,50.0,1.0,6360,0.00030150002567097545,False,,4,0.4,0.36000000000000004,False,,,
1753,NORMAL,NORMAL,522780.9204974669,5696524.290406497,7,20,28.284271247461902,42424.717138954446,0.15330971115941971,ground_equivalent_excess_gamma_dose_rate,uSv/h,50.0,1.0,6360,0.00032140000257641077,False,,4,0.4,0.36000000000000004,False,,,
1754,NORMAL,NORMAL,522780.9204974669,5696544.290406497,8,20,20.0,42444.717138954446,0.15572266965647497,ground_equivalent_excess_gamma_dose_rate,uSv/h,50.0,1.0,6360,0.0003079000161960721,False,,4,0.4,0.36000000000000004,False,,,
1755,NORMAL,NORMAL,522780.9204974669,5696564.290406497,9,20,20.0,42464.717138954446,0.1574158320082193,ground_equivalent_excess_gamma_dose_rate,uSv/h,50.0,1.0,6360,0.00029910000739619136,False,,4,0.4,0.36000000000000004,False,,,
1756,NORMAL,NORMAL,522760.9204974669,5696584.290406497,10,19,28.284271247461902,42493.001410201905,0.14353502971059678,ground_equivalent_excess_gamma_dose_rate,uSv/h,50.0,1.0,6360,0.00031629999284632504,False,,4,0.4,0.36000000000000004,False,,,
1757,NORMAL,NORMAL,522760.9204974669,5696604.290406497,11,19,20.0,42513.001410201905,0.14363958866057575,ground_equivalent_excess_gamma_dose_rate,uSv/h,50.0,1.0,6360,0.0003090999962296337,False,,4,0.4,0.36000000000000004,False,,,
1758,NORMAL,NORMAL,522740.9204974669,5696604.290406497,11,18,20.0,42533.001410201905,0.13079966262266912,ground_equivalent_excess_gamma_dose_rate,uSv/h,50.0,1.0,6360,0.00033310000435449183,False,,4,0.4,0.36000000000000004,False,,,
1759,NORMAL,NORMAL,522720.9204974669,5696624.290406497,12,17,28.284271247461902,42561.285681449364,0.11922334718719901,ground_equivalent_excess_gamma_dose_rate,uSv/h,50.0,1.0,6360,0.0004695999959949404,False,,4,0.4,0.36000000000000004,False,,,
1760,NORMAL,NORMAL,522700.9204974669,5696604.290406497,11,16,28.284271247461902,42589.569952696824,0.10979237093123073,ground_equivalent_excess_gamma_dose_rate,uSv/h,50.0,1.0,6360,0.0003527000080794096,False,,4,0.4,0.36000000000000004,False,,,
1761,NORMAL,NORMAL,522720.9204974669,5696604.290406497,11,17,20.0,42609.569952696824,0.11960734849688126,ground_equivalent_excess_gamma_dose_rate,uSv/h,50.0,1.0,6360,0.0004257999826222658,False,,4,0.4,0.36000000000000004,False,,,
1762,NORMAL,NORMAL,522740.9204974669,5696604.290406497,11,18,20.0,42629.569952696824,0.13079966262266912,ground_equivalent_excess_gamma_dose_rate,uSv/h,50.0,1.0,6360,0.0003683999821078032,False,,4,0.4,0.36000000000000004,False,,,
1763,NORMAL,NORMAL,522720.9204974669,5696584.290406497,10,17,28.284271247461902,42657.85422394428,0.11953484123101915,ground_equivalent_excess_gamma_dose_rate,uSv/h,50.0,1.0,6360,0.0003310999891255051,False,,4,0.4,0.36000000000000004,False,,,
1764,NORMAL,NORMAL,522740.9204974669,5696584.290406497,10,18,20.0,42677.85422394428,0.13071295557171897,ground_equivalent_excess_gamma_dose_rate,uSv/h,50.0,1.0,6360,0.00031220001983456314,False,,4,0.4,0.36000000000000004,False,,,
1765,NORMAL,NORMAL,522720.9204974669,5696604.290406497,11,17,28.284271247461902,42706.13849519174,0.11960734849688126,ground_equivalent_excess_gamma_dose_rate,uSv/h,50.0,1.0,6360,0.00030040001729503274,False,,4,0.4,0.36000000000000004,False,,,
1766,NORMAL,NORMAL,522740.9204974669,5696584.290406497,10,18,28.284271247461902,42734.4227664392,0.13071295557171897,ground_equivalent_excess_gamma_dose_rate,uSv/h,50.0,1.0,6360,0.0002953999792225659,False,,4,0.4,0.36000000000000004,False,,,
1767,NORMAL,NORMAL,522760.9204974669,5696584.290406497,10,19,20.0,42754.4227664392,0.14353502971059678,ground_equivalent_excess_gamma_dose_rate,uSv/h,50.0,1.0,6360,0.0005066999874543399,False,,4,0.4,0.36000000000000004,False,,,
1768,NORMAL,NORMAL,522780.9204974669,5696564.290406497,9,20,28.284271247461902,42782.70703768666,0.1574158320082193,ground_equivalent_excess_gamma_dose_rate,uSv/h,50.0,1.0,6360,0.0005441999819595367,False,,4,0.4,0.36000000000000004,False,,,
1769,NORMAL,NORMAL,522800.9204974669,5696544.290406497,8,21,28.284271247461902,42810.99130893412,0.17234657974637763,ground_equivalent_excess_gamma_dose_rate,uSv/h,50.0,1.0,6360,0.0005585000035353005,False,,4,0.4,0.36000000000000004,False,,,
1770,NORMAL,NORMAL,522800.9204974669,5696524.290406497,7,21,20.0,42830.99130893412,0.1693958209712057,ground_equivalent_excess_gamma_dose_rate,uSv/h,50.0,1.0,6360,0.0004875999875366688,False,,4,0.4,0.36000000000000004,False,,,
1771,NORMAL,NORMAL,522820.9204974669,5696504.290406497,6,22,28.284271247461902,42859.27558018158,0.18352011013616482,ground_equivalent_excess_gamma_dose_rate,uSv/h,50.0,1.0,6360,0.000360800011549145,False,,4,0.4,0.36000000000000004,False,,,
1772,NORMAL,NORMAL,522820.9204974669,5696524.290406497,7,22,20.0,42879.27558018158,0.1881140973198147,ground_equivalent_excess_gamma_dose_rate,uSv/h,50.0,1.0,6360,0.0004220999835524708,False,,4,0.4,0.36000000000000004,False,,,
1773,NORMAL,NORMAL,522840.9204974669,5696544.290406497,8,23,28.284271247461902,42907.55985142904,0.21461803670281626,ground_equivalent_excess_gamma_dose_rate,uSv/h,50.0,1.0,6360,0.00036349997390061617,False,,4,0.4,0.36000000000000004,False,,,
1774,NORMAL,NORMAL,522820.9204974669,5696564.290406497,9,22,28.284271247461902,42935.8441226765,0.1943340028971079,ground_equivalent_excess_gamma_dose_rate,uSv/h,50.0,1.0,6360,0.0004591000033542514,False,,4,0.4,0.36000000000000004,False,,,
1775,NORMAL,NORMAL,522840.9204974669,5696564.290406497,9,23,20.0,42955.8441226765,0.2178474003559227,ground_equivalent_excess_gamma_dose_rate,uSv/h,50.0,1.0,6360,0.00033439998514950275,False,,4,0.4,0.36000000000000004,False,,,
1776,NORMAL,NORMAL,522860.9204974669,5696564.290406497,9,24,20.0,42975.8441226765,0.24588399055551918,ground_equivalent_excess_gamma_dose_rate,uSv/h,50.0,1.0,6360,0.00031939998734742403,False,,4,0.4,0.36000000000000004,False,,,
1777,NORMAL,NORMAL,522840.9204974669,5696564.290406497,9,23,20.0,42995.8441226765,0.2178474003559227,ground_equivalent_excess_gamma_dose_rate,uSv/h,50.0,1.0,6360,0.0003194000164512545,False,,4,0.4,0.36000000000000004,False,,,
1778,NORMAL,NORMAL,522820.9204974669,5696564.290406497,9,22,20.0,43015.8441226765,0.1943340028971079,ground_equivalent_excess_gamma_dose_rate,uSv/h,50.0,1.0,6360,0.00031480001052841544,False,,4,0.4,0.36000000000000004,False,,,
1779,NORMAL,NORMAL,522840.9204974669,5696564.290406497,9,23,20.0,43035.8441226765,0.2178474003559227,ground_equivalent_excess_gamma_dose_rate,uSv/h,50.0,1.0,6360,0.00029319999157451093,False,,4,0.4,0.36000000000000004,False,,,
1780,NORMAL,NORMAL,522840.9204974669,5696584.290406497,10,23,20.0,43055.8441226765,0.21962104042010128,ground_equivalent_excess_gamma_dose_rate,uSv/h,50.0,1.0,6360,0.000381799996830523,False,,4,0.4,0.36000000000000004,False,,,
1781,NORMAL,NORMAL,522820.9204974669,5696584.290406497,10,22,20.0,43075.8441226765,0.19574419033461715,ground_equivalent_excess_gamma_dose_rate,uSv/h,50.0,1.0,6360,0.0003200999926775694,False,,4,0.4,0.36000000000000004,False,,,
1782,NORMAL,NORMAL,522840.9204974669,5696584.290406497,10,23,20.0,43095.8441226765,0.21962104042010128,ground_equivalent_excess_gamma_dose_rate,uSv/h,50.0,1.0,6360,0.00031030000536702573,False,,4,0.4,0.36000000000000004,False,,,
1783,NORMAL,NORMAL,522820.9204974669,5696584.290406497,10,22,20.0,43115.8441226765,0.19574419033461715,ground_equivalent_excess_gamma_dose_rate,uSv/h,50.0,1.0,6360,0.0002972999936901033,False,,4,0.4,0.36000000000000004,False,,,
1784,NORMAL,NORMAL,522840.9204974669,5696564.290406497,9,23,28.284271247461902,43144.12839392396,0.2178474003559227,ground_equivalent_excess_gamma_dose_rate,uSv/h,50.0,1.0,6360,0.00031259999377653003,False,,4,0.4,0.36000000000000004,False,,,
1785,NORMAL,NORMAL,522860.9204974669,5696544.290406497,8,24,28.284271247461902,43172.41266517142,0.24177774488612075,ground_equivalent_excess_gamma_dose_rate,uSv/h,50.0,1.0,6360,0.0003129999968223274,False,,4,0.4,0.36000000000000004,False,,,
1786,NORMAL,NORMAL,522840.9204974669,5696524.290406497,7,23,28.284271247461902,43200.69693641888,0.21006143681040162,ground_equivalent_excess_gamma_dose_rate,uSv/h,50.0,1.0,6360,0.00030559999868273735,False,,4,0.4,0.36000000000000004,False,,,
1787,NORMAL,NORMAL,522820.9204974669,5696524.290406497,7,22,20.0,43220.69693641888,0.1881140973198147,ground_equivalent_excess_gamma_dose_rate,uSv/h,50.0,1.0,6360,0.0002936999953817576,False,,4,0.4,0.36000000000000004,False,,,
1788,NORMAL,NORMAL,522800.9204974669,5696544.290406497,8,21,28.284271247461902,43248.98120766634,0.17234657974637763,ground_equivalent_excess_gamma_dose_rate,uSv/h,50.0,1.0,6360,0.0003071000101044774,False,,4,0.4,0.36000000000000004,False,,,
1789,NORMAL,NORMAL,522780.9204974669,5696564.290406497,9,20,28.284271247461902,43277.265478913796,0.1574158320082193,ground_equivalent_excess_gamma_dose_rate,uSv/h,50.0,1.0,6360,0.0003688999859150499,False,,4,0.4,0.36000000000000004,False,,,
1790,NORMAL,NORMAL,522800.9204974669,5696584.290406497,10,21,28.284271247461902,43305.549750161255,0.17555812665922327,ground_equivalent_excess_gamma_dose_rate,uSv/h,50.0,1.0,6360,0.00041099998634308577,False,,4,0.4,0.36000000000000004,False,,,
1791,NORMAL,NORMAL,522780.9204974669,5696564.290406497,9,20,28.284271247461902,43333.834021408715,0.1574158320082193,ground_equivalent_excess_gamma_dose_rate,uSv/h,50.0,1.0,6360,0.00034860000596381724,False,,4,0.4,0.36000000000000004,False,,,
1792,NORMAL,NORMAL,522780.9204974669,5696584.290406497,10,20,20.0,43353.834021408715,0.15833984438173931,ground_equivalent_excess_gamma_dose_rate,uSv/h,50.0,1.0,6360,0.0003243999963160604,False,,4,0.4,0.36000000000000004,False,,,
1793,NORMAL,NORMAL,522780.9204974669,5696604.290406497,11,20,20.0,43373.834021408715,0.158467094579551,ground_equivalent_excess_gamma_dose_rate,uSv/h,50.0,1.0,6360,0.00031770000350661576,False,,4,0.4,0.36000000000000004,False,,,
1794,NORMAL,NORMAL,522760.9204974669,5696604.290406497,11,19,20.0,43393.834021408715,0.14363958866057575,ground_equivalent_excess_gamma_dose_rate,uSv/h,50.0,1.0,6360,0.00033340000663883984,False,,4,0.4,0.36000000000000004,False,,,
1795,NORMAL,NORMAL,522780.9204974669,5696584.290406497,10,20,28.284271247461902,43422.118292656174,0.15833984438173931,ground_equivalent_excess_gamma_dose_rate,uSv/h,50.0,1.0,6360,0.0002941999991890043,False,,4,0.4,0.36000000000000004,False,,,
1796,NORMAL,NORMAL,522800.9204974669,5696564.290406497,9,21,28.284271247461902,43450.40256390363,0.1744229492819489,ground_equivalent_excess_gamma_dose_rate,uSv/h,50.0,1.0,6360,0.0004042999935336411,False,,4,0.4,0.36000000000000004,False,,,
1797,NORMAL,NORMAL,522780.9204974669,5696584.290406497,10,20,28.284271247461902,43478.68683515109,0.15833984438173931,ground_equivalent_excess_gamma_dose_rate,uSv/h,50.0,1.0,6360,0.0006292999896686524,False,,4,0.4,0.36000000000000004,False,,,
1798,NORMAL,NORMAL,522780.9204974669,5696604.290406497,11,20,20.0,43498.68683515109,0.158467094579551,ground_equivalent_excess_gamma_dose_rate,uSv/h,50.0,1.0,6360,0.00040729998727329075,False,,4,0.4,0.36000000000000004,False,,,
1799,NORMAL,NORMAL,522760.9204974669,5696624.290406497,12,19,28.284271247461902,43526.97110639855,0.14308612995565057,ground_equivalent_excess_gamma_dose_rate,uSv/h,50.0,1.0,6360,0.0003327000013086945,False,,4,0.4,0.36000000000000004,False,,,
1800,NORMAL,NORMAL,522780.9204974669,5696624.290406497,12,20,20.0,43546.97110639855,0.15779374219323944,ground_equivalent_excess_gamma_dose_rate,uSv/h,50.0,1.0,6360,0.0003176000027451664,False,,4,0.4,0.36000000000000004,False,,,
1801,NORMAL,NORMAL,522760.9204974669,5696644.290406497,13,19,28.284271247461902,43575.25537764601,0.14188973512509312,ground_equivalent_excess_gamma_dose_rate,uSv/h,50.0,1.0,6360,0.0002972999936901033,False,,4,0.4,0.36000000000000004,False,,,
1802,NORMAL,NORMAL,522740.9204974669,5696624.290406497,12,18,28.284271247461902,43603.53964889347,0.13034057057096837,ground_equivalent_excess_gamma_dose_rate,uSv/h,50.0,1.0,6360,0.00029540000832639635,False,,4,0.4,0.36000000000000004,False,,,
1803,NORMAL,NORMAL,522760.9204974669,5696624.290406497,12,19,20.0,43623.53964889347,0.14308612995565057,ground_equivalent_excess_gamma_dose_rate,uSv/h,50.0,1.0,6360,0.00036970002111047506,False,,4,0.4,0.36000000000000004,False,,,
1804,NORMAL,NORMAL,522740.9204974669,5696604.290406497,11,18,28.284271247461902,43651.82392014093,0.13079966262266912,ground_equivalent_excess_gamma_dose_rate,uSv/h,50.0,1.0,6360,0.0003656999906525016,False,,4,0.4,0.36000000000000004,False,,,
1805,NORMAL,NORMAL,522760.9204974669,5696624.290406497,12,19,28.284271247461902,43680.10819138839,0.14308612995565057,ground_equivalent_excess_gamma_dose_rate,uSv/h,50.0,1.0,6360,0.0003471999953035265,False,,4,0.4,0.36000000000000004,False,,,
1806,NORMAL,NORMAL,522780.9204974669,5696644.290406497,13,20,28.284271247461902,43708.39246263585,0.15634000497359446,ground_equivalent_excess_gamma_dose_rate,uSv/h,50.0,1.0,6360,0.00045579997822642326,False,,4,0.4,0.36000000000000004,False,,,
1807,NORMAL,NORMAL,522800.9204974669,5696644.290406497,13,21,20.0,43728.39246263585,0.1731030757097058,ground_equivalent_excess_gamma_dose_rate,uSv/h,50.0,1.0,6360,0.0004977000062353909,False,,4,0.4,0.36000000000000004,False,,,
1808,NORMAL,NORMAL,522820.9204974669,5696624.290406497,12,22,28.284271247461902,43756.67673388331,0.19491028344590638,ground_equivalent_excess_gamma_dose_rate,uSv/h,50.0,1.0,6360,0.00043280000681988895,False,,4,0.4,0.36000000000000004,False,,,
1809,NORMAL,NORMAL,522800.9204974669,5696644.290406497,13,21,28.284271247461902,43784.96100513077,0.1731030757097058,ground_equivalent_excess_gamma_dose_rate,uSv/h,50.0,1.0,6360,0.000311999989207834,False,,4,0.4,0.36000000000000004,False,,,
1810,NORMAL,NORMAL,522780.9204974669,5696664.290406497,14,20,28.284271247461902,43813.24527637823,0.15414866221031726,ground_equivalent_excess_gamma_dose_rate,uSv/h,50.0,1.0,6360,0.00043960000039078295,False,,4,0.4,0.36000000000000004,False,,,
1811,NORMAL,NORMAL,522780.9204974669,5696684.290406497,15,20,20.0,43833.24527637823,0.15128197811489275,ground_equivalent_excess_gamma_dose_rate,uSv/h,50.0,1.0,6360,0.00034690002212300897,False,,4,0.4,0.36000000000000004,False,,,
1812,NORMAL,NORMAL,522780.9204974669,5696704.290406497,16,20,20.0,43853.24527637823,0.14781744715708328,ground_equivalent_excess_gamma_dose_rate,uSv/h,50.0,1.0,6360,0.00035650000791065395,False,,4,0.4,0.36000000000000004,False,,,
1813,NORMAL,NORMAL,522780.9204974669,5696724.290406497,17,20,20.0,43873.24527637823,0.14384288047832045,ground_equivalent_excess_gamma_dose_rate,uSv/h,50.0,1.0,6360,0.0003349999897181988,False,,4,0.4,0.36000000000000004,False,,,
1814,NORMAL,NORMAL,522760.9204974669,5696744.290406497,18,19,28.284271247461902,43901.52954762569,0.12783850869810592,ground_equivalent_excess_gamma_dose_rate,uSv/h,50.0,1.0,6360,0.0003191000141669065,False,,4,0.4,0.36000000000000004,False,,,
1815,NORMAL,NORMAL,522780.9204974669,5696764.290406497,19,20,28.284271247461902,43929.81381887315,0.13473662374487588,ground_equivalent_excess_gamma_dose_rate,uSv/h,50.0,1.0,6360,0.00031460000900551677,False,,4,0.4,0.36000000000000004,False,,,
1816,NORMAL,NORMAL,522780.9204974669,5696744.290406497,18,20,20.0,43949.81381887315,0.13945137291009468,ground_equivalent_excess_gamma_dose_rate,uSv/h,50.0,1.0,6360,0.0002972000220324844,False,,4,0.4,0.36000000000000004,False,,,
1817,NORMAL,NORMAL,522760.9204974669,5696764.290406497,19,19,28.284271247461902,43978.098090120606,0.12386512169491609,ground_equivalent_excess_gamma_dose_rate,uSv/h,50.0,1.0,6360,0.00032240001019090414,False,,4,0.4,0.36000000000000004,False,,,
1818,NORMAL,NORMAL,522740.9204974669,5696784.290406497,20,18,28.284271247461902,44006.382361368065,0.11062391205789018,ground_equivalent_excess_gamma_dose_rate,uSv/h,50.0,1.0,6360,0.0006172000139486045,False,,4,0.4,0.36000000000000004,False,,,
1819,NORMAL,NORMAL,522720.9204974669,5696804.290406497,21,17,28.284271247461902,44034.666632615525,0.09930510100871986,ground_equivalent_excess_gamma_dose_rate,uSv/h,50.0,1.0,6360,0.00037349999183788896,False,,4,0.4,0.36000000000000004,False,,,
1820,NORMAL,NORMAL,522700.9204974669,5696824.290406497,22,16,28.284271247461902,44062.950903862984,0.08957109898265381,ground_equivalent_excess_gamma_dose_rate,uSv/h,50.0,1.0,6360,0.0005186999915167689,False,,4,0.4,0.36000000000000004,False,,,
1821,NORMAL,NORMAL,522720.9204974669,5696844.290406497,23,17,28.284271247461902,44091.23517511044,0.09262832883655986,ground_equivalent_excess_gamma_dose_rate,uSv/h,50.0,1.0,6360,0.0005249999812804163,False,,4,0.4,0.36000000000000004,False,,,
1822,NORMAL,NORMAL,522700.9204974669,5696844.290406497,23,16,20.0,44111.23517511044,0.0866307600428653,ground_equivalent_excess_gamma_dose_rate,uSv/h,50.0,1.0,6360,0.0004947999841533601,False,,4,0.4,0.36000000000000004,False,,,
1823,NORMAL,NORMAL,522720.9204974669,5696844.290406497,23,17,20.0,44131.23517511044,0.09262832883655986,ground_equivalent_excess_gamma_dose_rate,uSv/h,50.0,1.0,6360,0.0006052000098861754,False,,4,0.4,0.36000000000000004,False,,,
1824,NORMAL,NORMAL,522720.9204974669,5696824.290406497,22,17,20.0,44151.23517511044,0.09599780589528856,ground_equivalent_excess_gamma_dose_rate,uSv/h,50.0,1.0,6360,0.00045449999743141234,False,,4,0.4,0.36000000000000004,False,,,
1825,NORMAL,NORMAL,522700.9204974669,5696804.290406497,21,16,28.284271247461902,44179.5194463579,0.09244376824597367,ground_equivalent_excess_gamma_dose_rate,uSv/h,50.0,1.0,6360,0.0004060999781358987,False,,4,0.4,0.36000000000000004,False,,,
1826,NORMAL,NORMAL,522720.9204974669,5696784.290406497,20,17,28.284271247461902,44207.80371760536,0.10251103257259098,ground_equivalent_excess_gamma_dose_rate,uSv/h,50.0,1.0,6360,0.00036150001687929034,False,,4,0.4,0.36000000000000004,False,,,
1827,NORMAL,NORMAL,522740.9204974669,5696784.290406497,20,18,20.0,44227.80371760536,0.11062391205789018,ground_equivalent_excess_gamma_dose_rate,uSv/h,50.0,1.0,6360,0.000443600001744926,False,,4,0.4,0.36000000000000004,False,,,
1828,NORMAL,NORMAL,522720.9204974669,5696784.290406497,20,17,20.0,44247.80371760536,0.10251103257259098,ground_equivalent_excess_gamma_dose_rate,uSv/h,50.0,1.0,6360,0.00037700001848861575,False,,4,0.4,0.36000000000000004,False,,,
1829,NORMAL,NORMAL,522740.9204974669,5696784.290406497,20,18,20.0,44267.80371760536,0.11062391205789018,ground_equivalent_excess_gamma_dose_rate,uSv/h,50.0,1.0,6360,0.000514000013936311,False,,4,0.4,0.36000000000000004,False,,,
1830,NORMAL,NORMAL,522760.9204974669,5696764.290406497,19,19,28.284271247461902,44296.08798885282,0.12386512169491609,ground_equivalent_excess_gamma_dose_rate,uSv/h,50.0,1.0,6360,0.0004707000043708831,False,,4,0.4,0.36000000000000004,False,,,
1831,NORMAL,NORMAL,522780.9204974669,5696784.290406497,20,20,28.284271247461902,44324.37226010028,0.12978895929602086,ground_equivalent_excess_gamma_dose_rate,uSv/h,50.0,1.0,6360,0.000460899987956509,False,,4,0.4,0.36000000000000004,False,,,
1832,NORMAL,NORMAL,522800.9204974669,5696764.290406497,19,21,28.284271247461902,44352.65653134774,0.14700528823878656,ground_equivalent_excess_gamma_dose_rate,uSv/h,50.0,1.0,6360,0.0004591000033542514,False,,4,0.4,0.36000000000000004,False,,,
1833,NORMAL,NORMAL,522800.9204974669,5696784.290406497,20,21,20.0,44372.65653134774,0.14113519352670828,ground_equivalent_excess_gamma_dose_rate,uSv/h,50.0,1.0,6360,0.0004876999882981181,False,,4,0.4,0.36000000000000004,False,,,
1834,NORMAL,NORMAL,522780.9204974669,5696784.290406497,20,20,20.0,44392.65653134774,0.12978895929602086,ground_equivalent_excess_gamma_dose_rate,uSv/h,50.0,1.0,6360,0.0004005999944638461,False,,4,0.4,0.36000000000000004,False,,,
1835,NORMAL,NORMAL,522760.9204974669,5696784.290406497,20,19,20.0,44412.65653134774,0.11967124488031367,ground_equivalent_excess_gamma_dose_rate,uSv/h,50.0,1.0,6360,0.0005090000049676746,False,,4,0.4,0.36000000000000004,False,,,
1836,NORMAL,NORMAL,522780.9204974669,5696784.290406497,20,20,20.0,44432.65653134774,0.12978895929602086,ground_equivalent_excess_gamma_dose_rate,uSv/h,50.0,1.0,6360,0.0004718999844044447,False,,4,0.4,0.36000000000000004,False,,,
1837,NORMAL,NORMAL,522800.9204974669,5696764.290406497,19,21,28.284271247461902,44460.9408025952,0.14700528823878656,ground_equivalent_excess_gamma_dose_rate,uSv/h,50.0,1.0,6360,0.0004107999848201871,False,,4,0.4,0.36000000000000004,False,,,
1838,NORMAL,NORMAL,522800.9204974669,5696744.290406497,18,21,20.0,44480.9408025952,0.15263568736677197,ground_equivalent_excess_gamma_dose_rate,uSv/h,50.0,1.0,6360,0.0003282999969087541,False,,4,0.4,0.36000000000000004,False,,,
1839,NORMAL,NORMAL,522780.9204974669,5696744.290406497,18,20,20.0,44500.9408025952,0.13945137291009468,ground_equivalent_excess_gamma_dose_rate,uSv/h,50.0,1.0,6360,0.0003136000013910234,False,,4,0.4,0.36000000000000004,False,,,
1840,NORMAL,NORMAL,522780.9204974669,5696764.290406497,19,20,20.0,44520.9408025952,0.13473662374487588,ground_equivalent_excess_gamma_dose_rate,uSv/h,50.0,1.0,6360,0.00029429999995045364,False,,4,0.4,0.36000000000000004,False,,,
1841,NORMAL,NORMAL,522780.9204974669,5696744.290406497,18,20,20.0,44540.9408025952,0.13945137291009468,ground_equivalent_excess_gamma_dose_rate,uSv/h,50.0,1.0,6360,0.00039720002678222954,False,,4,0.4,0.36000000000000004,False,,,
1842,NORMAL,NORMAL,522760.9204974669,5696744.290406497,18,19,20.0,44560.9408025952,0.12783850869810592,ground_equivalent_excess_gamma_dose_rate,uSv/h,50.0,1.0,6360,0.0004015000013168901,False,,4,0.4,0.36000000000000004,False,,,
1843,NORMAL,NORMAL,522740.9204974669,5696764.290406497,19,18,28.284271247461902,44589.22507384266,0.11419816230006402,ground_equivalent_excess_gamma_dose_rate,uSv/h,50.0,1.0,6360,0.00033310000435449183,False,,4,0.4,0.36000000000000004,False,,,
1844,NORMAL,NORMAL,522720.9204974669,5696784.290406497,20,17,28.284271247461902,44617.50934509012,0.10251103257259098,ground_equivalent_excess_gamma_dose_rate,uSv/h,50.0,1.0,6360,0.00033320000511594117,False,,4,0.4,0.36000000000000004,False,,,
1845,NORMAL,NORMAL,522700.9204974669,5696784.290406497,20,16,20.0,44637.50934509012,0.09521580356132714,ground_equivalent_excess_gamma_dose_rate,uSv/h,50.0,1.0,6360,0.0005723999929614365,False,,4,0.4,0.36000000000000004,False,,,
1846,NORMAL,NORMAL,522680.9204974669,5696764.290406497,19,15,28.284271247461902,44665.79361633758,0.09091784958170379,ground_equivalent_excess_gamma_dose_rate,uSv/h,50.0,1.0,6360,0.0005843999970238656,False,,4,0.4,0.36000000000000004,False,,,
1847,NORMAL,NORMAL,522660.9204974669,5696744.290406497,18,14,28.284271247461902,44694.07788758504,0.08650951299812798,ground_equivalent_excess_gamma_dose_rate,uSv/h,50.0,1.0,6360,0.0006113999988883734,False,,4,0.4,0.36000000000000004,False,,,
1848,NORMAL,NORMAL,522640.9204974669,5696764.290406497,19,13,28.284271247461902,44722.3621588325,0.07902788361462404,ground_equivalent_excess_gamma_dose_rate,uSv/h,50.0,1.0,6360,0.0003825000021606684,False,,4,0.4,0.36000000000000004,False,,,
1849,NORMAL,NORMAL,522620.9204974669,5696784.290406497,20,12,28.284271247461902,44750.646430079956,0.0724002822374103,ground_equivalent_excess_gamma_dose_rate,uSv/h,50.0,1.0,6360,0.0003297999792266637,False,,4,0.4,0.36000000000000004,False,,,
1850,NORMAL,NORMAL,522600.9204974669,5696804.290406497,21,11,28.284271247461902,44778.930701327416,0.06651395022832202,ground_equivalent_excess_gamma_dose_rate,uSv/h,50.0,1.0,6360,0.0003307999868411571,False,,4,0.4,0.36000000000000004,False,,,
1851,NORMAL,NORMAL,522600.9204974669,5696824.290406497,22,11,20.0,44798.930701327416,0.06501372023480245,ground_equivalent_excess_gamma_dose_rate,uSv/h,50.0,1.0,6360,0.0003318999952170998,False,,4,0.4,0.36000000000000004,False,,,
1852,NORMAL,NORMAL,522600.9204974669,5696844.290406497,23,11,20.0,44818.930701327416,0.0634505798574368,ground_equivalent_excess_gamma_dose_rate,uSv/h,50.0,1.0,6360,0.0003189000126440078,False,,4,0.4,0.36000000000000004,False,,,
1853,NORMAL,NORMAL,522600.9204974669,5696864.290406497,24,11,20.0,44838.930701327416,0.061838231032398994,ground_equivalent_excess_gamma_dose_rate,uSv/h,50.0,1.0,6360,0.0003056999994441867,False,,4,0.4,0.36000000000000004,False,,,
1854,NORMAL,NORMAL,522580.9204974669,5696884.290406497,25,10,28.284271247461902,44867.214972574875,0.056968484467817715,ground_equivalent_excess_gamma_dose_rate,uSv/h,50.0,1.0,6360,0.000448200007667765,False,,4,0.4,0.36000000000000004,False,,,
1855,NORMAL,NORMAL,522560.9204974669,5696884.290406497,25,9,20.0,44887.214972574875,0.05398117730061597,ground_equivalent_excess_gamma_dose_rate,uSv/h,50.0,1.0,6360,0.00042130000656470656,False,,4,0.4,0.36000000000000004,False,,,
1856,NORMAL,NORMAL,522540.9204974669,5696864.290406497,24,8,28.284271247461902,44915.499243822334,0.052395913677845296,ground_equivalent_excess_gamma_dose_rate,uSv/h,50.0,1.0,6360,0.00036360000376589596,False,,4,0.4,0.36000000000000004,False,,,
1857,NORMAL,NORMAL,522520.9204974669,5696864.290406497,24,7,20.0,44935.499243822334,0.04969964401208499,ground_equivalent_excess_gamma_dose_rate,uSv/h,50.0,1.0,6360,0.00034410000080242753,False,,4,0.4,0.36000000000000004,False,,,
1858,NORMAL,NORMAL,522500.9204974669,5696844.290406497,23,6,28.284271247461902,44963.783515069794,0.048129331901290595,ground_equivalent_excess_gamma_dose_rate,uSv/h,50.0,1.0,6360,0.0003257000062149018,False,,4,0.4,0.36000000000000004,False,,,
1859,NORMAL,NORMAL,522500.9204974669,5696824.290406497,22,6,20.0,44983.783515069794,0.049023400063731626,ground_equivalent_excess_gamma_dose_rate,uSv/h,50.0,1.0,6360,0.00032530000316910446,False,,4,0.4,0.36000000000000004,False,,,
1860,NORMAL,NORMAL,522500.9204974669,5696804.290406497,21,6,20.0,45003.783515069794,0.04987159717810791,ground_equivalent_excess_gamma_dose_rate,uSv/h,50.0,1.0,6360,0.00031689999741502106,False,,4,0.4,0.36000000000000004,False,,,
1861,NORMAL,NORMAL,522500.9204974669,5696784.290406497,20,6,20.0,45023.783515069794,0.050667378597071155,ground_equivalent_excess_gamma_dose_rate,uSv/h,50.0,1.0,6360,0.0003093999985139817,False,,4,0.4,0.36000000000000004,False,,,
1862,NORMAL,NORMAL,522480.9204974669,5696764.290406497,19,5,28.284271247461902,45052.06778631725,0.048654586700312946,ground_equivalent_excess_gamma_dose_rate,uSv/h,50.0,1.0,6360,0.00040940000326372683,False,,4,0.4,0.36000000000000004,False,,,
1863,NORMAL,NORMAL,522500.9204974669,5696744.290406497,18,6,28.284271247461902,45080.35205756471,0.05207598950177794,ground_equivalent_excess_gamma_dose_rate,uSv/h,50.0,1.0,6360,0.0004104000108782202,False,,4,0.4,0.36000000000000004,False,,,
1864,NORMAL,NORMAL,522520.9204974669,5696724.290406497,17,7,28.284271247461902,45108.63632881217,0.05581488275055946,ground_equivalent_excess_gamma_dose_rate,uSv/h,50.0,1.0,6360,0.00034199998481199145,False,,4,0.4,0.36000000000000004,False,,,
1865,NORMAL,NORMAL,522520.9204974669,5696704.290406497,16,7,20.0,45128.63632881217,0.056403361415188646,ground_equivalent_excess_gamma_dose_rate,uSv/h,50.0,1.0,6360,0.0003252000024076551,False,,4,0.4,0.36000000000000004,False,,,
1866,NORMAL,NORMAL,522540.9204974669,5696684.290406497,15,8,28.284271247461902,45156.92060005963,0.060462780133796024,ground_equivalent_excess_gamma_dose_rate,uSv/h,50.0,1.0,6360,0.00033179999445565045,False,,4,0.4,0.36000000000000004,False,,,
1867,NORMAL,NORMAL,522540.9204974669,5696664.290406497,14,8,20.0,45176.92060005963,0.0609155412293646,ground_equivalent_excess_gamma_dose_rate,uSv/h,50.0,1.0,6360,0.00032229998032562435,False,,4,0.4,0.36000000000000004,False,,,
1868,NORMAL,NORMAL,522560.9204974669,5696644.290406497,13,9,28.284271247461902,45205.20487130709,0.06526634366205863,ground_equivalent_excess_gamma_dose_rate,uSv/h,50.0,1.0,6360,0.0003209999995306134,False,,4,0.4,0.36000000000000004,False,,,
1869,NORMAL,NORMAL,522560.9204974669,5696624.290406497,12,9,20.0,45225.20487130709,0.06551833065226792,ground_equivalent_excess_gamma_dose_rate,uSv/h,50.0,1.0,6360,0.00031859998125582933,False,,4,0.4,0.36000000000000004,False,,,
1870,NORMAL,NORMAL,522540.9204974669,5696604.290406497,11,8,28.284271247461902,45253.48914255455,0.061578682052350286,ground_equivalent_excess_gamma_dose_rate,uSv/h,50.0,1.0,6360,0.00046859998838044703,False,,4,0.4,0.36000000000000004,False,,,
1871,NORMAL,NORMAL,522520.9204974669,5696624.290406497,12,7,28.284271247461902,45281.77341380201,0.05779770364763226,ground_equivalent_excess_gamma_dose_rate,uSv/h,50.0,1.0,6360,0.00033149999217130244,False,,4,0.4,0.36000000000000004,False,,,
1872,NORMAL,NORMAL,522500.9204974669,5696644.290406497,13,6,28.284271247461902,45310.05768504947,0.05426505805000237,ground_equivalent_excess_gamma_dose_rate,uSv/h,50.0,1.0,6360,0.0005227000219747424,False,,4,0.4,0.36000000000000004,False,,,
1873,NORMAL,NORMAL,522480.9204974669,5696664.290406497,14,5,28.284271247461902,45338.34195629693,0.05097254617245389,ground_equivalent_excess_gamma_dose_rate,uSv/h,50.0,1.0,6360,0.0005659000016748905,False,,4,0.4,0.36000000000000004,False,,,
1874,NORMAL,NORMAL,522480.9204974669,5696684.290406497,15,5,20.0,45358.34195629693,0.05065514191580578,ground_equivalent_excess_gamma_dose_rate,uSv/h,50.0,1.0,6360,0.0003470999945420772,False,,4,0.4,0.36000000000000004,False,,,
1875,NORMAL,NORMAL,522460.9204974669,5696704.290406497,16,4,28.284271247461902,45386.62622754439,0.04755638245663402,ground_equivalent_excess_gamma_dose_rate,uSv/h,50.0,1.0,6360,0.00033170002279803157,False,,4,0.4,0.36000000000000004,False,,,
1876,NORMAL,NORMAL,522460.9204974669,5696724.290406497,17,4,20.0,45406.62622754439,0.047137348058820194,ground_equivalent_excess_gamma_dose_rate,uSv/h,50.0,1.0,6360,0.00042550000944174826,False,,4,0.4,0.36000000000000004,False,,,
1877,NORMAL,NORMAL,522440.9204974669,5696744.290406497,18,3,28.284271247461902,45434.91049879185,0.04425378032336247,ground_equivalent_excess_gamma_dose_rate,uSv/h,50.0,1.0,6360,0.000458399998024106,False,,4,0.4,0.36000000000000004,False,,,
1878,NORMAL,NORMAL,522420.9204974669,5696764.290406497,19,2,28.284271247461902,45463.19477003931,0.04159166508187914,ground_equivalent_excess_gamma_dose_rate,uSv/h,50.0,1.0,6360,0.0003876000118907541,False,,4,0.4,0.36000000000000004,False,,,
1879,NORMAL,NORMAL,522440.9204974669,5696784.290406497,20,3,28.284271247461902,45491.479041286766,0.043232406171059556,ground_equivalent_excess_gamma_dose_rate,uSv/h,50.0,1.0,6360,0.0003301000106148422,False,,4,0.4,0.36000000000000004,False,,,
1880,NORMAL,NORMAL,522440.9204974669,5696804.290406497,21,3,20.0,45511.479041286766,0.04265169816112932,ground_equivalent_excess_gamma_dose_rate,uSv/h,50.0,1.0,6360,0.0003428000200074166,False,,4,0.4,0.36000000000000004,False,,,
1881,NORMAL,NORMAL,522440.9204974669,5696824.290406497,22,3,20.0,45531.479041286766,0.04202977959164392,ground_equivalent_excess_gamma_dose_rate,uSv/h,50.0,1.0,6360,0.00032210000790655613,False,,4,0.4,0.36000000000000004,False,,,
1882,NORMAL,NORMAL,522440.9204974669,5696844.290406497,23,3,20.0,45551.479041286766,0.041370894932157565,ground_equivalent_excess_gamma_dose_rate,uSv/h,50.0,1.0,6360,0.0003152000135742128,False,,4,0.4,0.36000000000000004,False,,,
1883,NORMAL,NORMAL,522460.9204974669,5696864.290406497,24,4,28.284271247461902,45579.763312534225,0.04270018837561729,ground_equivalent_excess_gamma_dose_rate,uSv/h,50.0,1.0,6360,0.0003704999980982393,False,,4,0.4,0.36000000000000004,False,,,
1884,NORMAL,NORMAL,522480.9204974669,5696884.290406497,25,5,28.284271247461902,45608.047583781685,0.04399352380598756,ground_equivalent_excess_gamma_dose_rate,uSv/h,50.0,1.0,6360,0.00033439998514950275,False,,4,0.4,0.36000000000000004,False,,,
1885,NORMAL,NORMAL,522480.9204974669,5696904.290406497,26,5,20.0,45628.047583781685,0.04309314502777223,ground_equivalent_excess_gamma_dose_rate,uSv/h,50.0,1.0,6360,0.00031850000959821045,False,,4,0.4,0.36000000000000004,False,,,
1886,NORMAL,NORMAL,522480.9204974669,5696924.290406497,27,5,20.0,45648.047583781685,0.04217189380706299,ground_equivalent_excess_gamma_dose_rate,uSv/h,50.0,1.0,6360,0.0004014000005554408,False,,4,0.4,0.36000000000000004,False,,,
1887,NORMAL,NORMAL,522480.9204974669,5696944.290406497,28,5,20.0,45668.047583781685,0.04123472584167537,ground_equivalent_excess_gamma_dose_rate,uSv/h,50.0,1.0,6360,0.00035570000181905925,False,,4,0.4,0.36000000000000004,False,,,
1888,NORMAL,NORMAL,522480.9204974669,5696964.290406497,29,5,20.0,45688.047583781685,0.040286302341018265,ground_equivalent_excess_gamma_dose_rate,uSv/h,50.0,1.0,6360,0.000311699986923486,False,,4,0.4,0.36000000000000004,False,,,
1889,NORMAL,NORMAL,522500.9204974669,5696984.290406497,30,6,28.284271247461902,45716.331855029144,0.041108531626274813,ground_equivalent_excess_gamma_dose_rate,uSv/h,50.0,1.0,6360,0.00031370000215247273,False,,4,0.4,0.36000000000000004,False,,,
1890,NORMAL,NORMAL,522520.9204974669,5696984.290406497,30,7,20.0,45736.331855029144,0.04299514503242338,ground_equivalent_excess_gamma_dose_rate,uSv/h,50.0,1.0,6360,0.00030849999166093767,False,,4,0.4,0.36000000000000004,False,,,
1891,NORMAL,NORMAL,522540.9204974669,5696984.290406497,30,8,20.0,45756.331855029144,0.0449983656839342,ground_equivalent_excess_gamma_dose_rate,uSv/h,50.0,1.0,6360,0.0004493999877013266,False,,4,0.4,0.36000000000000004,False,,,
1892,NORMAL,NORMAL,522560.9204974669,5696984.290406497,30,9,20.0,45776.331855029144,0.04712620032084275,ground_equivalent_excess_gamma_dose_rate,uSv/h,50.0,1.0,6360,0.0003759999817702919,False,,4,0.4,0.36000000000000004,False,,,
1893,NORMAL,NORMAL,522560.9204974669,5697004.290406496,31,9,19.999999999068677,45796.33185502821,0.04575706778574923,ground_equivalent_excess_gamma_dose_rate,uSv/h,50.0,1.0,6360,0.0004267999902367592,False,,4,0.4,0.36000000000000004,False,,,
1894,NORMAL,NORMAL,522540.9204974669,5697024.290406496,32,8,28.284271247461902,45824.61612627567,0.042508175347907295,ground_equivalent_excess_gamma_dose_rate,uSv/h,50.0,1.0,6360,0.0003643999807536602,False,,4,0.4,0.36000000000000004,False,,,
1895,NORMAL,NORMAL,522540.9204974669,5697044.290406496,33,8,20.0,45844.61612627567,0.041281688985185166,ground_equivalent_excess_gamma_dose_rate,uSv/h,50.0,1.0,6360,0.0003157000173814595,False,,4,0.4,0.36000000000000004,False,,,
1896,NORMAL,NORMAL,522520.9204974669,5697024.290406496,32,7,28.284271247461902,45872.90039752313,0.04071611976267153,ground_equivalent_excess_gamma_dose_rate,uSv/h,50.0,1.0,6360,0.0003969999961555004,False,,4,0.4,0.36000000000000004,False,,,
1897,NORMAL,NORMAL,522500.9204974669,5697024.290406496,32,6,20.0,45892.90039752313,0.039020266961536515,ground_equivalent_excess_gamma_dose_rate,uSv/h,50.0,1.0,6360,0.00031370000215247273,False,,4,0.4,0.36000000000000004,False,,,
1898,NORMAL,NORMAL,522480.9204974669,5697024.290406496,32,5,20.0,45912.90039752313,0.037415181949268045,ground_equivalent_excess_gamma_dose_rate,uSv/h,50.0,1.0,6360,0.000443600001744926,False,,4,0.4,0.36000000000000004,False,,,
1899,NORMAL,NORMAL,522460.9204974669,5697004.290406496,31,4,28.284271247461902,45941.18466877059,0.036776062485019384,ground_equivalent_excess_gamma_dose_rate,uSv/h,50.0,1.0,6360,0.00033760000951588154,False,,4,0.4,0.36000000000000004,False,,,
1900,NORMAL,NORMAL,522440.9204974669,5696984.290406497,30,3,28.284271246803357,45969.468940017396,0.03607492858466599,ground_equivalent_excess_gamma_dose_rate,uSv/h,50.0,1.0,6360,0.00048260000767186284,False,,4,0.4,0.36000000000000004,False,,,
1901,NORMAL,NORMAL,522420.9204974669,5696964.290406497,29,2,28.284271247461902,45997.753211264855,0.03532000762945897,ground_equivalent_excess_gamma_dose_rate,uSv/h,50.0,1.0,6360,0.0005229000234976411,False,,4,0.4,0.36000000000000004,False,,,
1902,NORMAL,NORMAL,522400.9204974669,5696964.290406497,29,1,20.0,46017.753211264855,0.03385243180297373,ground_equivalent_excess_gamma_dose_rate,uSv/h,50.0,1.0,5725,0.00039579998701810837,False,,4,0.4,0.36000000000000004,False,,,
1903,NORMAL,NORMAL,522420.9204974669,5696944.290406497,28,2,28.284271247461902,46046.037482512314,0.036046900661899195,ground_equivalent_excess_gamma_dose_rate,uSv/h,50.0,1.0,6360,0.0003412000078242272,False,,4,0.4,0.36000000000000004,False,,,
1904,NORMAL,NORMAL,522420.9204974669,5696924.290406497,27,2,20.0,46066.037482512314,0.03676104667724703,ground_equivalent_excess_gamma_dose_rate,uSv/h,50.0,1.0,6360,0.00045980000868439674,False,,4,0.4,0.36000000000000004,False,,,
1905,NORMAL,NORMAL,522420.9204974669,5696904.290406497,26,2,20.0,46086.037482512314,0.03745910555145435,ground_equivalent_excess_gamma_dose_rate,uSv/h,50.0,1.0,6360,0.00044319999869912863,False,,4,0.4,0.36000000000000004,False,,,
1906,NORMAL,NORMAL,522420.9204974669,5696884.290406497,25,2,20.0,46106.037482512314,0.03813758850571081,ground_equivalent_excess_gamma_dose_rate,uSv/h,50.0,1.0,6360,0.00041179999243468046,False,,4,0.4,0.36000000000000004,False,,,
1907,NORMAL,NORMAL,522400.9204974669,5696864.290406497,24,1,28.284271247461902,46134.321753759774,0.037029723809364756,ground_equivalent_excess_gamma_dose_rate,uSv/h,50.0,1.0,5725,0.0003428999916650355,False,,4,0.4,0.36000000000000004,False,,,
1908,NORMAL,NORMAL,522380.9204974669,5696884.290406497,25,0,28.284271247461902,46162.60602500723,0.03483389432237452,ground_equivalent_excess_gamma_dose_rate,uSv/h,50.0,1.0,4153,0.0002677000011317432,False,,4,0.4,0.36000000000000004,False,,,
1909,NORMAL,NORMAL,522380.9204974669,5696904.290406497,26,0,20.0,46182.60602500723,0.03426699445694098,ground_equivalent_excess_gamma_dose_rate,uSv/h,50.0,1.0,4153,0.0002491000050213188,False,,4,0.4,0.36000000000000004,False,,,
1910,NORMAL,NORMAL,522380.9204974669,5696924.290406497,27,0,20.0,46202.60602500723,0.0336819087479836,ground_equivalent_excess_gamma_dose_rate,uSv/h,50.0,1.0,4153,0.0002429999876767397,False,,4,0.4,0.36000000000000004,False,,,
1911,NORMAL,NORMAL,522400.9204974669,5696924.290406497,27,1,20.0,46222.60602500723,0.03517396567611908,ground_equivalent_excess_gamma_dose_rate,uSv/h,50.0,1.0,5725,0.0003215000033378601,False,,4,0.4,0.36000000000000004,False,,,
1912,NORMAL,NORMAL,522400.9204974669,5696944.290406497,28,1,20.0,46242.60602500723,0.03451960325538864,ground_equivalent_excess_gamma_dose_rate,uSv/h,50.0,1.0,5725,0.0004197999951429665,False,,4,0.4,0.36000000000000004,False,,,
1913,NORMAL,NORMAL,522380.9204974669,5696964.290406497,29,0,28.284271247461902,46270.89029625469,0.03246817974870231,ground_equivalent_excess_gamma_dose_rate,uSv/h,50.0,1.0,4153,0.0002775999892037362,False,,4,0.4,0.36000000000000004,False,,,
1914,NORMAL,NORMAL,522400.9204974669,5696984.290406497,30,1,28.284271247461902,46299.17456750215,0.03317530398319307,ground_equivalent_excess_gamma_dose_rate,uSv/h,50.0,1.0,5725,0.00028799998108297586,False,,4,0.4,0.36000000000000004,False,,,
1915,NORMAL,NORMAL,522400.9204974669,5697004.290406496,31,1,19.999999999068677,46319.17456750122,0.03249091697126749,ground_equivalent_excess_gamma_dose_rate,uSv/h,50.0,1.0,5725,0.0003318999952170998,False,,4,0.4,0.36000000000000004,False,,,
1916,NORMAL,NORMAL,522420.9204974669,5697024.290406496,32,2,28.284271247461902,46347.45883874868,0.033093569955260776,ground_equivalent_excess_gamma_dose_rate,uSv/h,50.0,1.0,6360,0.00032869999995455146,False,,4,0.4,0.36000000000000004,False,,,
1917,NORMAL,NORMAL,522440.9204974669,5697044.290406496,33,3,28.284271247461902,46375.74310999614,0.03364639243407608,ground_equivalent_excess_gamma_dose_rate,uSv/h,50.0,1.0,6360,0.0003237999917473644,False,,4,0.4,0.36000000000000004,False,,,
1918,NORMAL,NORMAL,522420.9204974669,5697064.290406496,34,2,28.284271247461902,46404.0273812436,0.03159836447333403,ground_equivalent_excess_gamma_dose_rate,uSv/h,50.0,1.0,6360,0.00031370000215247273,False,,4,0.4,0.36000000000000004,False,,,
1919,NORMAL,NORMAL,522400.9204974669,5697084.290406496,35,1,28.284271247461902,46432.31165249106,0.029728683992673227,ground_equivalent_excess_gamma_dose_rate,uSv/h,50.0,1.0,5725,0.0003029000072274357,False,,4,0.4,0.36000000000000004,False,,,
1920,NORMAL,NORMAL,522400.9204974669,5697064.290406496,34,1,20.0,46452.31165249106,0.030418604180982356,ground_equivalent_excess_gamma_dose_rate,uSv/h,50.0,1.0,5725,0.0004181999829597771,False,,4,0.4,0.36000000000000004,False,,,
1921,NORMAL,NORMAL,522380.9204974669,5697044.290406496,33,0,28.284271247461902,46480.59592373852,0.029937340862564082,ground_equivalent_excess_gamma_dose_rate,uSv/h,50.0,1.0,4153,0.00027820002287626266,False,,4,0.4,0.36000000000000004,False,,,
1922,NORMAL,NORMAL,522380.9204974669,5697024.290406496,32,0,20.0,46500.59592373852,0.030577138850973157,ground_equivalent_excess_gamma_dose_rate,uSv/h,50.0,1.0,4153,0.0002525000018067658,False,,4,0.4,0.36000000000000004,False,,,
1923,NORMAL,NORMAL,522400.9204974669,5697044.290406496,33,1,28.284271247461902,46528.88019498598,0.031110305337398947,ground_equivalent_excess_gamma_dose_rate,uSv/h,50.0,1.0,5725,0.00032660001306794584,False,,4,0.4,0.36000000000000004,False,,,
1924,NORMAL,NORMAL,522380.9204974669,5697064.290406496,34,0,28.284271247461902,46557.16446623344,0.029296278002471005,ground_equivalent_excess_gamma_dose_rate,uSv/h,50.0,1.0,4153,0.00027200000477023423,False,,4,0.4,0.36000000000000004,False,,,
1925,NORMAL,NORMAL,522380.9204974669,5697044.290406496,33,0,20.0,46577.16446623344,0.029937340862564082,ground_equivalent_excess_gamma_dose_rate,uSv/h,50.0,1.0,4153,0.00024500000290572643,False,,4,0.4,0.36000000000000004,False,,,
1926,NORMAL,NORMAL,522400.9204974669,5697024.290406496,32,1,28.284271247461902,46605.448737480896,0.03180179991209334,ground_equivalent_excess_gamma_dose_rate,uSv/h,50.0,1.0,5725,0.00030079999123699963,False,,4,0.4,0.36000000000000004,False,,,
1927,NORMAL,NORMAL,522400.9204974669,5697004.290406496,31,1,20.0,46625.448737480896,0.03249091697126749,ground_equivalent_excess_gamma_dose_rate,uSv/h,50.0,1.0,5725,0.0002806999837048352,False,,4,0.4,0.36000000000000004,False,,,
1928,NORMAL,NORMAL,522420.9204974669,5697024.290406496,32,2,28.284271247461902,46653.733008728355,0.033093569955260776,ground_equivalent_excess_gamma_dose_rate,uSv/h,50.0,1.0,6360,0.00037739999243058264,False,,4,0.4,0.36000000000000004,False,,,
1929,NORMAL,NORMAL,522440.9204974669,5697024.290406496,32,3,20.0,46673.733008728355,0.03445669063060852,ground_equivalent_excess_gamma_dose_rate,uSv/h,50.0,1.0,6360,0.0004986999847460538,False,,4,0.4,0.36000000000000004,False,,,
1930,NORMAL,NORMAL,522460.9204974669,5697004.290406496,31,4,28.284271247461902,46702.017279975815,0.036776062485019384,ground_equivalent_excess_gamma_dose_rate,uSv/h,50.0,1.0,6360,0.0004068000125698745,False,,4,0.4,0.36000000000000004,False,,,
1931,NORMAL,NORMAL,522480.9204974669,5696984.290406497,30,5,28.284271246803357,46730.30155122262,0.03933096257127633,ground_equivalent_excess_gamma_dose_rate,uSv/h,50.0,1.0,6360,0.0003381000133231282,False,,4,0.4,0.36000000000000004,False,,,
1932,NORMAL,NORMAL,522500.9204974669,5696984.290406497,30,6,20.0,46750.30155122262,0.041108531626274813,ground_equivalent_excess_gamma_dose_rate,uSv/h,50.0,1.0,6360,0.00032210000790655613,False,,4,0.4,0.36000000000000004,False,,,
1933,NORMAL,NORMAL,522520.9204974669,5696964.290406497,29,7,28.284271247461902,46778.58582247008,0.04413937000733695,ground_equivalent_excess_gamma_dose_rate,uSv/h,50.0,1.0,6360,0.0003312000189907849,False,,4,0.4,0.36000000000000004,False,,,
1934,NORMAL,NORMAL,522540.9204974669,5696944.290406497,28,8,28.284271247461902,46806.87009371754,0.047507806616346404,ground_equivalent_excess_gamma_dose_rate,uSv/h,50.0,1.0,6360,0.0003096000000368804,False,,4,0.4,0.36000000000000004,False,,,
1935,NORMAL,NORMAL,522540.9204974669,5696924.290406497,27,8,20.0,46826.87009371754,0.04875612504366872,ground_equivalent_excess_gamma_dose_rate,uSv/h,50.0,1.0,6360,0.00045429999590851367,False,,4,0.4,0.36000000000000004,False,,,
1936,NORMAL,NORMAL,522520.9204974669,5696904.290406497,26,7,28.284271247461902,46855.154364965,0.047531396021009475,ground_equivalent_excess_gamma_dose_rate,uSv/h,50.0,1.0,6360,0.0003986000083386898,False,,4,0.4,0.36000000000000004,False,,,
1937,NORMAL,NORMAL,522500.9204974669,5696884.290406497,25,6,28.284271247461902,46883.43863621246,0.04622950385274749,ground_equivalent_excess_gamma_dose_rate,uSv/h,50.0,1.0,6360,0.0003646999830380082,False,,4,0.4,0.36000000000000004,False,,,
1938,NORMAL,NORMAL,522520.9204974669,5696864.290406497,24,7,28.284271247461902,46911.722907459916,0.04969964401208499,ground_equivalent_excess_gamma_dose_rate,uSv/h,50.0,1.0,6360,0.00035879999632015824,False,,4,0.4,0.36000000000000004,False,,,
1939,NORMAL,NORMAL,522540.9204974669,5696844.290406497,23,8,28.284271247461902,46940.007178707376,0.05354887332691166,ground_equivalent_excess_gamma_dose_rate,uSv/h,50.0,1.0,6360,0.0003169999981764704,False,,4,0.4,0.36000000000000004,False,,,
1940,NORMAL,NORMAL,522560.9204974669,5696824.290406497,22,9,28.284271247461902,46968.291449954835,0.05782957512953918,ground_equivalent_excess_gamma_dose_rate,uSv/h,50.0,1.0,6360,0.0003457999846432358,False,,4,0.4,0.36000000000000004,False,,,
1941,NORMAL,NORMAL,522560.9204974669,5696804.290406497,21,9,20.0,46988.291449954835,0.059013548170192665,ground_equivalent_excess_gamma_dose_rate,uSv/h,50.0,1.0,6360,0.0003115000145044178,False,,4,0.4,0.36000000000000004,False,,,
1942,NORMAL,NORMAL,522560.9204974669,5696784.290406497,20,9,20.0,47008.291449954835,0.060131087633855995,ground_equivalent_excess_gamma_dose_rate,uSv/h,50.0,1.0,6360,0.00033850001636892557,False,,4,0.4,0.36000000000000004,False,,,
1943,NORMAL,NORMAL,522580.9204974669,5696764.290406497,19,10,28.284271247461902,47036.575721202295,0.0650364475622291,ground_equivalent_excess_gamma_dose_rate,uSv/h,50.0,1.0,6360,0.0003443000023253262,False,,4,0.4,0.36000000000000004,False,,,
1944,NORMAL,NORMAL,522580.9204974669,5696744.290406497,18,10,20.0,47056.575721202295,0.06611541838079671,ground_equivalent_excess_gamma_dose_rate,uSv/h,50.0,1.0,6360,0.00039850000757724047,False,,4,0.4,0.36000000000000004,False,,,
1945,NORMAL,NORMAL,522580.9204974669,5696724.290406497,17,10,20.0,47076.575721202295,0.0670864651089727,ground_equivalent_excess_gamma_dose_rate,uSv/h,50.0,1.0,6360,0.0003267000138293952,False,,4,0.4,0.36000000000000004,False,,,
1946,NORMAL,NORMAL,522580.9204974669,5696704.290406497,16,10,20.0,47096.575721202295,0.06793843881177014,ground_equivalent_excess_gamma_dose_rate,uSv/h,50.0,1.0,6360,0.0003245999978389591,False,,4,0.4,0.36000000000000004,False,,,
1947,NORMAL,NORMAL,522580.9204974669,5696684.290406497,15,10,20.0,47116.575721202295,0.06866113892042353,ground_equivalent_excess_gamma_dose_rate,uSv/h,50.0,1.0,6360,0.0002927999885287136,False,,4,0.4,0.36000000000000004,False,,,
1948,NORMAL,NORMAL,522580.9204974669,5696664.290406497,14,10,20.0,47136.575721202295,0.06924560064080981,ground_equivalent_excess_gamma_dose_rate,uSv/h,50.0,1.0,6360,0.00032259998260997236,False,,4,0.4,0.36000000000000004,False,,,
1949,NORMAL,NORMAL,522600.9204974669,5696664.290406497,14,11,20.0,47156.575721202295,0.07406343089764306,ground_equivalent_excess_gamma_dose_rate,uSv/h,50.0,1.0,6360,0.000294700002996251,False,,4,0.4,0.36000000000000004,False,,,
1950,NORMAL,NORMAL,522580.9204974669,5696684.290406497,15,10,28.284271247461902,47184.859992449754,0.06866113892042353,ground_equivalent_excess_gamma_dose_rate,uSv/h,50.0,1.0,6360,0.0003446999762672931,False,,4,0.4,0.36000000000000004,False,,,
1951,NORMAL,NORMAL,522560.9204974669,5696684.290406497,15,9,20.0,47204.859992449754,0.06436791715900525,ground_equivalent_excess_gamma_dose_rate,uSv/h,50.0,1.0,6360,0.0003965000214520842,False,,4,0.4,0.36000000000000004,False,,,
1952,NORMAL,NORMAL,522560.9204974669,5696664.290406497,14,9,20.0,47224.859992449754,0.06488130063477165,ground_equivalent_excess_gamma_dose_rate,uSv/h,50.0,1.0,6360,0.00034219998633489013,False,,4,0.4,0.36000000000000004,False,,,
1953,NORMAL,NORMAL,522580.9204974669,5696644.290406497,13,10,28.284271247461902,47253.14426369721,0.06968436156708413,ground_equivalent_excess_gamma_dose_rate,uSv/h,50.0,1.0,6360,0.00037310001789592206,False,,4,0.4,0.36000000000000004,False,,,
1954,NORMAL,NORMAL,522580.9204974669,5696664.290406497,14,10,20.0,47273.14426369721,0.06924560064080981,ground_equivalent_excess_gamma_dose_rate,uSv/h,50.0,1.0,6360,0.0003364000003784895,False,,4,0.4,0.36000000000000004,False,,,
1955,NORMAL,NORMAL,522580.9204974669,5696644.290406497,13,10,20.0,47293.14426369721,0.06968436156708413,ground_equivalent_excess_gamma_dose_rate,uSv/h,50.0,1.0,6360,0.00031350000062957406,False,,4,0.4,0.36000000000000004,False,,,
1956,NORMAL,NORMAL,522580.9204974669,5696624.290406497,12,10,20.0,47313.14426369721,0.06997169338609871,ground_equivalent_excess_gamma_dose_rate,uSv/h,50.0,1.0,6360,0.0003073000116273761,False,,4,0.4,0.36000000000000004,False,,,
1957,NORMAL,NORMAL,522560.9204974669,5696604.290406497,11,9,28.284271247461902,47341.42853494467,0.06563412999345658,ground_equivalent_excess_gamma_dose_rate,uSv/h,50.0,1.0,6360,0.0003005000180564821,False,,4,0.4,0.36000000000000004,False,,,
1958,NORMAL,NORMAL,522540.9204974669,5696584.290406497,10,8,28.284271247461902,47369.71280619213,0.06155945758432074,ground_equivalent_excess_gamma_dose_rate,uSv/h,50.0,1.0,6360,0.0005048000020906329,False,,4,0.4,0.36000000000000004,False,,,
1959,NORMAL,NORMAL,522540.9204974669,5696564.290406497,9,8,20.0,47389.71280619213,0.06141929284927755,ground_equivalent_excess_gamma_dose_rate,uSv/h,50.0,1.0,6360,0.0005333999870344996,False,,4,0.4,0.36000000000000004,False,,,
1960,NORMAL,NORMAL,522560.9204974669,5696544.290406497,8,9,28.284271247461902,47417.99707743959,0.06515850870228795,ground_equivalent_excess_gamma_dose_rate,uSv/h,50.0,1.0,6360,0.000527900003362447,False,,4,0.4,0.36000000000000004,False,,,
1961,NORMAL,NORMAL,522580.9204974669,5696524.290406497,7,10,28.284271247461902,47446.28134868705,0.06907579766680882,ground_equivalent_excess_gamma_dose_rate,uSv/h,50.0,1.0,6360,0.0003525999782141298,False,,4,0.4,0.36000000000000004,False,,,
1962,NORMAL,NORMAL,522600.9204974669,5696504.290406497,6,11,28.284271247461902,47474.56561993451,0.07315015340116154,ground_equivalent_excess_gamma_dose_rate,uSv/h,50.0,1.0,6360,0.00033850001636892557,False,,4,0.4,0.36000000000000004,False,,,
1963,NORMAL,NORMAL,522620.9204974669,5696504.290406497,6,12,20.0,47494.56561993451,0.07835086679788383,ground_equivalent_excess_gamma_dose_rate,uSv/h,50.0,1.0,6360,0.0003369000041857362,False,,4,0.4,0.36000000000000004,False,,,
1964,NORMAL,NORMAL,522620.9204974669,5696524.290406497,7,12,20.0,47514.56561993451,0.0791763803823668,ground_equivalent_excess_gamma_dose_rate,uSv/h,50.0,1.0,6360,0.0004737999988719821,False,,4,0.4,0.36000000000000004,False,,,
1965,NORMAL,NORMAL,522600.9204974669,5696504.290406497,6,11,28.284271247461902,47542.84989118197,0.07315015340116154,ground_equivalent_excess_gamma_dose_rate,uSv/h,50.0,1.0,6360,0.0003995999868493527,False,,4,0.4,0.36000000000000004,False,,,
1966,NORMAL,NORMAL,522600.9204974669,5696524.290406497,7,11,20.0,47562.84989118197,0.07386921065980195,ground_equivalent_excess_gamma_dose_rate,uSv/h,50.0,1.0,6360,0.00041710000368766487,False,,4,0.4,0.36000000000000004,False,,,
1967,NORMAL,NORMAL,522620.9204974669,5696544.290406497,8,12,28.284271247461902,47591.13416242943,0.07981509821604543,ground_equivalent_excess_gamma_dose_rate,uSv/h,50.0,1.0,6360,0.00033129999064840376,False,,4,0.4,0.36000000000000004,False,,,
1968,NORMAL,NORMAL,522600.9204974669,5696564.290406497,9,11,28.284271247461902,47619.41843367689,0.07480943937570478,ground_equivalent_excess_gamma_dose_rate,uSv/h,50.0,1.0,6360,0.00035769998794421554,False,,4,0.4,0.36000000000000004,False,,,
1969,NORMAL,NORMAL,522580.9204974669,5696564.290406497,9,10,20.0,47639.41843367689,0.06989728308000792,ground_equivalent_excess_gamma_dose_rate,uSv/h,50.0,1.0,6360,0.000314799981424585,False,,4,0.4,0.36000000000000004,False,,,
1970,NORMAL,NORMAL,522580.9204974669,5696544.290406497,8,10,20.0,47659.41843367689,0.06956144707390682,ground_equivalent_excess_gamma_dose_rate,uSv/h,50.0,1.0,6360,0.000309199996991083,False,,4,0.4,0.36000000000000004,False,,,
1971,NORMAL,NORMAL,522580.9204974669,5696524.290406497,7,10,20.0,47679.41843367689,0.06907579766680882,ground_equivalent_excess_gamma_dose_rate,uSv/h,50.0,1.0,6360,0.00033239999902434647,False,,4,0.4,0.36000000000000004,False,,,
1972,NORMAL,NORMAL,522600.9204974669,5696504.290406497,6,11,28.284271247461902,47707.70270492435,0.07315015340116154,ground_equivalent_excess_gamma_dose_rate,uSv/h,50.0,1.0,6360,0.0003588999970816076,False,,4,0.4,0.36000000000000004,False,,,
1973,NORMAL,NORMAL,522620.9204974669,5696524.290406497,7,12,28.284271247461902,47735.98697617181,0.0791763803823668,ground_equivalent_excess_gamma_dose_rate,uSv/h,50.0,1.0,6360,0.0003973000275436789,False,,4,0.4,0.36000000000000004,False,,,
1974,NORMAL,NORMAL,522620.9204974669,5696504.290406497,6,12,20.0,47755.98697617181,0.07835086679788383,ground_equivalent_excess_gamma_dose_rate,uSv/h,50.0,1.0,6360,0.0003479000006336719,False,,4,0.4,0.36000000000000004,False,,,
1975,NORMAL,NORMAL,522640.9204974669,5696484.290406497,5,13,28.284271247461902,47784.27124741927,0.08296853848366709,ground_equivalent_excess_gamma_dose_rate,uSv/h,50.0,1.0,6360,0.00033840001560747623,False,,4,0.4,0.36000000000000004,False,,,
1976,NORMAL,NORMAL,522660.9204974669,5696504.290406497,6,14,28.284271247461902,47812.555518666726,0.09054461300638977,ground_equivalent_excess_gamma_dose_rate,uSv/h,50.0,1.0,6360,0.0003183000080753118,False,,4,0.4,0.36000000000000004,False,,,
1977,NORMAL,NORMAL,522640.9204974669,5696504.290406497,6,13,20.0,47832.555518666726,0.08412063229198291,ground_equivalent_excess_gamma_dose_rate,uSv/h,50.0,1.0,6360,0.00030100002186372876,False,,4,0.4,0.36000000000000004,False,,,
1978,NORMAL,NORMAL,522620.9204974669,5696504.290406497,6,12,20.0,47852.555518666726,0.07835086679788383,ground_equivalent_excess_gamma_dose_rate,uSv/h,50.0,1.0,6360,0.00031439997837878764,False,,4,0.4,0.36000000000000004,False,,,
1979,NORMAL,NORMAL,522620.9204974669,5696524.290406497,7,12,20.0,47872.555518666726,0.0791763803823668,ground_equivalent_excess_gamma_dose_rate,uSv/h,50.0,1.0,6360,0.0004388999950606376,False,,4,0.4,0.36000000000000004,False,,,
1980,NORMAL,NORMAL,522640.9204974669,5696524.290406497,7,13,20.0,47892.555518666726,0.08507294320593328,ground_equivalent_excess_gamma_dose_rate,uSv/h,50.0,1.0,6360,0.00031900001340545714,False,,4,0.4,0.36000000000000004,False,,,
1981,NORMAL,NORMAL,522660.9204974669,5696544.290406497,8,14,28.284271247461902,47920.839789914186,0.09250576973161634,ground_equivalent_excess_gamma_dose_rate,uSv/h,50.0,1.0,6360,0.00030860002152621746,False,,4,0.4,0.36000000000000004,False,,,
1982,NORMAL,NORMAL,522640.9204974669,5696544.290406497,8,13,20.0,47940.839789914186,0.08581078230526923,ground_equivalent_excess_gamma_dose_rate,uSv/h,50.0,1.0,6360,0.00034779999987222254,False,,4,0.4,0.36000000000000004,False,,,
1983,NORMAL,NORMAL,522620.9204974669,5696564.290406497,9,12,28.284271247461902,47969.124061161645,0.08025755343536556,ground_equivalent_excess_gamma_dose_rate,uSv/h,50.0,1.0,6360,0.0004572999896481633,False,,4,0.4,0.36000000000000004,False,,,
1984,NORMAL,NORMAL,522640.9204974669,5696584.290406497,10,13,28.284271247461902,47997.408332409104,0.08659954824919996,ground_equivalent_excess_gamma_dose_rate,uSv/h,50.0,1.0,6360,0.00047870000707916915,False,,4,0.4,0.36000000000000004,False,,,
1985,NORMAL,NORMAL,522620.9204974669,5696584.290406497,10,12,20.0,48017.408332409104,0.08049705318443795,ground_equivalent_excess_gamma_dose_rate,uSv/h,50.0,1.0,6360,0.0005430000019259751,False,,4,0.4,0.36000000000000004,False,,,
1986,NORMAL,NORMAL,522640.9204974669,5696564.290406497,9,13,28.284271247461902,48045.692603656564,0.08632242152687403,ground_equivalent_excess_gamma_dose_rate,uSv/h,50.0,1.0,6360,0.0003420000139158219,False,,4,0.4,0.36000000000000004,False,,,
1987,NORMAL,NORMAL,522660.9204974669,5696584.290406497,10,14,28.284271247461902,48073.97687490402,0.09342307447648063,ground_equivalent_excess_gamma_dose_rate,uSv/h,50.0,1.0,6360,0.00039569998625665903,False,,4,0.4,0.36000000000000004,False,,,
1988,NORMAL,NORMAL,522660.9204974669,5696564.290406497,9,14,20.0,48093.97687490402,0.09310063666084334,ground_equivalent_excess_gamma_dose_rate,uSv/h,50.0,1.0,6360,0.00034290002076886594,False,,4,0.4,0.36000000000000004,False,,,
1989,NORMAL,NORMAL,522640.9204974669,5696544.290406497,8,13,28.284271247461902,48122.26114615148,0.08581078230526923,ground_equivalent_excess_gamma_dose_rate,uSv/h,50.0,1.0,6360,0.0003415000101085752,False,,4,0.4,0.36000000000000004,False,,,
1990,NORMAL,NORMAL,522660.9204974669,5696544.290406497,8,14,20.0,48142.26114615148,0.09250576973161634,ground_equivalent_excess_gamma_dose_rate,uSv/h,50.0,1.0,6360,0.0002995000104419887,False,,4,0.4,0.36000000000000004,False,,,
1991,NORMAL,NORMAL,522680.9204974669,5696564.290406497,9,15,28.284271247461902,48170.54541739894,0.1007084390187723,ground_equivalent_excess_gamma_dose_rate,uSv/h,50.0,1.0,6360,0.00030929999775253236,False,,4,0.4,0.36000000000000004,False,,,
1992,NORMAL,NORMAL,522660.9204974669,5696544.290406497,8,14,28.284271247461902,48198.8296886464,0.09250576973161634,ground_equivalent_excess_gamma_dose_rate,uSv/h,50.0,1.0,6360,0.0002933999930974096,False,,4,0.4,0.36000000000000004,False,,,
1993,NORMAL,NORMAL,522660.9204974669,5696564.290406497,9,14,20.0,48218.8296886464,0.09310063666084334,ground_equivalent_excess_gamma_dose_rate,uSv/h,50.0,1.0,6360,0.0004110999871045351,False,,4,0.4,0.36000000000000004,False,,,
1994,NORMAL,NORMAL,522660.9204974669,5696584.290406497,10,14,20.0,48238.8296886464,0.09342307447648063,ground_equivalent_excess_gamma_dose_rate,uSv/h,50.0,1.0,6360,0.00044380000326782465,False,,4,0.4,0.36000000000000004,False,,,
1995,NORMAL,NORMAL,522680.9204974669,5696604.290406497,11,15,28.284271247461902,48267.11395989386,0.10113768136013951,ground_equivalent_excess_gamma_dose_rate,uSv/h,50.0,1.0,6360,0.0003467000206001103,False,,4,0.4,0.36000000000000004,False,,,
1996,NORMAL,NORMAL,522660.9204974669,5696604.290406497,11,14,20.0,48287.11395989386,0.09346735811324125,ground_equivalent_excess_gamma_dose_rate,uSv/h,50.0,1.0,6360,0.0003417000116314739,False,,4,0.4,0.36000000000000004,False,,,
1997,NORMAL,NORMAL,522680.9204974669,5696584.290406497,10,15,28.284271247461902,48315.39823114132,0.10108583330796478,ground_equivalent_excess_gamma_dose_rate,uSv/h,50.0,1.0,6360,0.0003293000045232475,False,,4,0.4,0.36000000000000004,False,,,
1998,NORMAL,NORMAL,522700.9204974669,5696584.290406497,10,16,20.0,48335.39823114132,0.10973127226424478,ground_equivalent_excess_gamma_dose_rate,uSv/h,50.0,1.0,6360,0.0003206999972462654,False,,4,0.4,0.36000000000000004,False,,,
1999,NORMAL,NORMAL,522700.9204974669,5696564.290406497,9,16,20.0,48355.39823114132,0.1092867055805623,ground_equivalent_excess_gamma_dose_rate,uSv/h,50.0,1.0,6360,0.00029579998226836324,False,,4,0.4,0.36000000000000004,False,,,
2000,NORMAL,NORMAL,522700.9204974669,5696584.290406497,10,16,20.0,48375.39823114132,0.10973127226424478,ground_equivalent_excess_gamma_dose_rate,uSv/h,50.0,1.0,6360,0.00030330001027323306,False,,4,0.4,0.36000000000000004,False,,,
2001,NORMAL,NORMAL,522680.9204974669,5696604.290406497,11,15,28.284271247461902,48403.68250238878,0.10113768136013951,ground_equivalent_excess_gamma_dose_rate,uSv/h,50.0,1.0,6360,0.0006226999976206571,False,,4,0.4,0.36000000000000004,False,,,
2002,NORMAL,NORMAL,522660.9204974669,5696604.290406497,11,14,20.0,48423.68250238878,0.09346735811324125,ground_equivalent_excess_gamma_dose_rate,uSv/h,50.0,1.0,6360,0.0004560000088531524,False,,4,0.4,0.36000000000000004,False,,,
2003,NORMAL,NORMAL,522680.9204974669,5696604.290406497,11,15,20.0,48443.68250238878,0.10113768136013951,ground_equivalent_excess_gamma_dose_rate,uSv/h,50.0,1.0,6360,0.00040439999429509044,False,,4,0.4,0.36000000000000004,False,,,
2004,NORMAL,NORMAL,522660.9204974669,5696624.290406497,12,14,28.284271247461902,48471.96677363624,0.09323269666557171,ground_equivalent_excess_gamma_dose_rate,uSv/h,50.0,1.0,6360,0.0003890000225510448,False,,4,0.4,0.36000000000000004,False,,,
2005,NORMAL,NORMAL,522680.9204974669,5696624.290406497,12,15,20.0,48491.96677363624,0.1008629815702558,ground_equivalent_excess_gamma_dose_rate,uSv/h,50.0,1.0,6360,0.00031939998734742403,False,,4,0.4,0.36000000000000004,False,,,
2006,NORMAL,NORMAL,522680.9204974669,5696644.290406497,13,15,20.0,48511.96677363624,0.10026702318358455,ground_equivalent_excess_gamma_dose_rate,uSv/h,50.0,1.0,6360,0.0003181000065524131,False,,4,0.4,0.36000000000000004,False,,,
2007,NORMAL,NORMAL,522700.9204974669,5696664.290406497,14,16,28.284271247461902,48540.2510448837,0.10770190631452942,ground_equivalent_excess_gamma_dose_rate,uSv/h,50.0,1.0,6360,0.0004183999844826758,False,,4,0.4,0.36000000000000004,False,,,
2008,NORMAL,NORMAL,522720.9204974669,5696684.290406497,15,17,28.284271247461902,48568.53531613116,0.11546804566804986,ground_equivalent_excess_gamma_dose_rate,uSv/h,50.0,1.0,6360,0.0003468999930191785,False,,4,0.4,0.36000000000000004,False,,,
2009,NORMAL,NORMAL,522740.9204974669,5696684.290406497,15,18,20.0,48588.53531613116,0.1258654191825515,ground_equivalent_excess_gamma_dose_rate,uSv/h,50.0,1.0,6360,0.0005572999943979084,False,,4,0.4,0.36000000000000004,False,,,
2010,NORMAL,NORMAL,522720.9204974669,5696704.290406497,16,17,28.284271247461902,48616.81958737862,0.11343870651131088,ground_equivalent_excess_gamma_dose_rate,uSv/h,50.0,1.0,6360,0.0006064999906811863,False,,4,0.4,0.36000000000000004,False,,,
2011,NORMAL,NORMAL,522740.9204974669,5696684.290406497,15,18,28.284271247461902,48645.10385862608,0.1258654191825515,ground_equivalent_excess_gamma_dose_rate,uSv/h,50.0,1.0,6360,0.0005133999802637845,False,,4,0.4,0.36000000000000004,False,,,
2012,NORMAL,NORMAL,522720.9204974669,5696664.290406497,14,17,28.284271247461902,48673.388129873536,0.11713063579948385,ground_equivalent_excess_gamma_dose_rate,uSv/h,50.0,1.0,6360,0.00034410000080242753,False,,4,0.4,0.36000000000000004,False,,,
2013,NORMAL,NORMAL,522700.9204974669,5696664.290406497,14,16,20.0,48693.388129873536,0.10770190631452942,ground_equivalent_excess_gamma_dose_rate,uSv/h,50.0,1.0,6360,0.00039430000470019877,False,,4,0.4,0.36000000000000004,False,,,
2014,NORMAL,NORMAL,522700.9204974669,5696684.290406497,15,16,20.0,48713.388129873536,0.10629460371517019,ground_equivalent_excess_gamma_dose_rate,uSv/h,50.0,1.0,6360,0.00040869999793358147,False,,4,0.4,0.36000000000000004,False,,,
2015,NORMAL,NORMAL,522700.9204974669,5696664.290406497,14,16,20.0,48733.388129873536,0.10770190631452942,ground_equivalent_excess_gamma_dose_rate,uSv/h,50.0,1.0,6360,0.0003412999794818461,False,,4,0.4,0.36000000000000004,False,,,
2016,NORMAL,NORMAL,522720.9204974669,5696664.290406497,14,17,20.0,48753.388129873536,0.11713063579948385,ground_equivalent_excess_gamma_dose_rate,uSv/h,50.0,1.0,6360,0.00032220000866800547,False,,4,0.4,0.36000000000000004,False,,,
2017,NORMAL,NORMAL,522720.9204974669,5696644.290406497,13,17,20.0,48773.388129873536,0.11839156791240424,ground_equivalent_excess_gamma_dose_rate,uSv/h,50.0,1.0,6360,0.00031880001188255847,False,,4,0.4,0.36000000000000004,False,,,
2018,NORMAL,NORMAL,522700.9204974669,5696644.290406497,13,16,20.0,48793.388129873536,0.10876708213848496,ground_equivalent_excess_gamma_dose_rate,uSv/h,50.0,1.0,6360,0.0003302000113762915,False,,4,0.4,0.36000000000000004,False,,,
2019,NORMAL,NORMAL,522700.9204974669,5696624.290406497,12,16,20.0,48813.388129873536,0.10946872083596809,ground_equivalent_excess_gamma_dose_rate,uSv/h,50.0,1.0,6360,0.000314499979140237,False,,4,0.4,0.36000000000000004,False,,,
2020,NORMAL,NORMAL,522680.9204974669,5696644.290406497,13,15,28.284271247461902,48841.672401120995,0.10026702318358455,ground_equivalent_excess_gamma_dose_rate,uSv/h,50.0,1.0,6360,0.0003732999903149903,False,,4,0.4,0.36000000000000004,False,,,
2021,NORMAL,NORMAL,522680.9204974669,5696664.290406497,14,15,20.0,48861.672401120995,0.09936113396046037,ground_equivalent_excess_gamma_dose_rate,uSv/h,50.0,1.0,6360,0.0006261000235099345,False,,4,0.4,0.36000000000000004,False,,,
2022,NORMAL,NORMAL,522680.9204974669,5696684.290406497,15,15,20.0,48881.672401120995,0.09816214969928377,ground_equivalent_excess_gamma_dose_rate,uSv/h,50.0,1.0,6360,0.0003635999746620655,False,,4,0.4,0.36000000000000004,False,,,
2023,NORMAL,NORMAL,522660.9204974669,5696704.290406497,16,14,28.284271247461902,48909.956672368455,0.0896574307690578,ground_equivalent_excess_gamma_dose_rate,uSv/h,50.0,1.0,6360,0.00034130000858567655,False,,4,0.4,0.36000000000000004,False,,,
2024,NORMAL,NORMAL,522660.9204974669,5696684.290406497,15,14,20.0,48929.956672368455,0.09092035992655062,ground_equivalent_excess_gamma_dose_rate,uSv/h,50.0,1.0,6360,0.00031469998066313565,False,,4,0.4,0.36000000000000004,False,,,
2025,NORMAL,NORMAL,522680.9204974669,5696684.290406497,15,15,20.0,48949.956672368455,0.09816214969928377,ground_equivalent_excess_gamma_dose_rate,uSv/h,50.0,1.0,6360,0.00036609999369829893,False,,4,0.4,0.36000000000000004,False,,,
2026,NORMAL,NORMAL,522660.9204974669,5696664.290406497,14,14,28.284271247461902,48978.240943615914,0.09194803657556644,ground_equivalent_excess_gamma_dose_rate,uSv/h,50.0,1.0,6360,0.0005057999806012958,False,,4,0.4,0.36000000000000004,False,,,
2027,NORMAL,NORMAL,522680.9204974669,5696644.290406497,13,15,28.284271247461902,49006.52521486337,0.10026702318358455,ground_equivalent_excess_gamma_dose_rate,uSv/h,50.0,1.0,6360,0.0005050000036135316,False,,4,0.4,0.36000000000000004,False,,,
2028,NORMAL,NORMAL,522700.9204974669,5696644.290406497,13,16,20.0,49026.52521486337,0.10876708213848496,ground_equivalent_excess_gamma_dose_rate,uSv/h,50.0,1.0,6360,0.0005101000133436173,False,,4,0.4,0.36000000000000004,False,,,
2029,NORMAL,NORMAL,522680.9204974669,5696664.290406497,14,15,28.284271247461902,49054.80948611083,0.09936113396046037,ground_equivalent_excess_gamma_dose_rate,uSv/h,50.0,1.0,6360,0.0004833000130020082,False,,4,0.4,0.36000000000000004,False,,,
2030,NORMAL,NORMAL,522660.9204974669,5696644.290406497,13,14,28.284271247461902,49083.09375735829,0.09272326845611484,ground_equivalent_excess_gamma_dose_rate,uSv/h,50.0,1.0,6360,0.00047580001410096884,False,,4,0.4,0.36000000000000004,False,,,
2031,NORMAL,NORMAL,522660.9204974669,5696664.290406497,14,14,20.0,49103.09375735829,0.09194803657556644,ground_equivalent_excess_gamma_dose_rate,uSv/h,50.0,1.0,6360,0.0005002999969292432,False,,4,0.4,0.36000000000000004,False,,,
2032,NORMAL,NORMAL,522640.9204974669,5696664.290406497,14,13,20.0,49123.09375735829,0.08533064871474466,ground_equivalent_excess_gamma_dose_rate,uSv/h,50.0,1.0,6360,0.00034229998709633946,False,,4,0.4,0.36000000000000004,False,,,
2033,NORMAL,NORMAL,522660.9204974669,5696684.290406497,15,14,28.284271247461902,49151.37802860575,0.09092035992655062,ground_equivalent_excess_gamma_dose_rate,uSv/h,50.0,1.0,6360,0.0004872000135947019,False,,4,0.4,0.36000000000000004,False,,,
2034,NORMAL,NORMAL,522680.9204974669,5696684.290406497,15,15,20.0,49171.37802860575,0.09816214969928377,ground_equivalent_excess_gamma_dose_rate,uSv/h,50.0,1.0,6360,0.000590000010561198,False,,4,0.4,0.36000000000000004,False,,,
2035,NORMAL,NORMAL,522700.9204974669,5696684.290406497,15,16,20.0,49191.37802860575,0.10629460371517019,ground_equivalent_excess_gamma_dose_rate,uSv/h,50.0,1.0,6360,0.0005333999870344996,False,,4,0.4,0.36000000000000004,False,,,
2036,NORMAL,NORMAL,522680.9204974669,5696704.290406497,16,15,28.284271247461902,49219.66229985321,0.09669165118023654,ground_equivalent_excess_gamma_dose_rate,uSv/h,50.0,1.0,6360,0.0005722999921999872,False,,4,0.4,0.36000000000000004,False,,,
2037,NORMAL,NORMAL,522680.9204974669,5696724.290406497,17,15,20.0,49239.66229985321,0.0949750312902145,ground_equivalent_excess_gamma_dose_rate,uSv/h,50.0,1.0,6360,0.0004197999951429665,False,,4,0.4,0.36000000000000004,False,,,
2038,NORMAL,NORMAL,522680.9204974669,5696704.290406497,16,15,20.0,49259.66229985321,0.09669165118023654,ground_equivalent_excess_gamma_dose_rate,uSv/h,50.0,1.0,6360,0.00039250002009794116,False,,4,0.4,0.36000000000000004,False,,,
2039,NORMAL,NORMAL,522700.9204974669,5696704.290406497,16,16,20.0,49279.66229985321,0.10457249626114068,ground_equivalent_excess_gamma_dose_rate,uSv/h,50.0,1.0,6360,0.0003753999772015959,False,,4,0.4,0.36000000000000004,False,,,
2040,NORMAL,NORMAL,522680.9204974669,5696684.290406497,15,15,28.284271247461902,49307.94657110067,0.09816214969928377,ground_equivalent_excess_gamma_dose_rate,uSv/h,50.0,1.0,6360,0.00031269999453797936,False,,4,0.4,0.36000000000000004,False,,,
2041,NORMAL,NORMAL,522660.9204974669,5696684.290406497,15,14,20.0,49327.94657110067,0.09092035992655062,ground_equivalent_excess_gamma_dose_rate,uSv/h,50.0,1.0,6360,0.0003090000245720148,False,,4,0.4,0.36000000000000004,False,,,
2042,NORMAL,NORMAL,522660.9204974669,5696704.290406497,16,14,20.0,49347.94657110067,0.0896574307690578,ground_equivalent_excess_gamma_dose_rate,uSv/h,50.0,1.0,6360,0.00029700002050958574,False,,4,0.4,0.36000000000000004,False,,,
2043,NORMAL,NORMAL,522660.9204974669,5696724.290406497,17,14,20.0,49367.94657110067,0.08817958183446217,ground_equivalent_excess_gamma_dose_rate,uSv/h,50.0,1.0,6360,0.00032550000469200313,False,,4,0.4,0.36000000000000004,False,,,
2044,NORMAL,NORMAL,522680.9204974669,5696704.290406497,16,15,28.284271247461902,49396.23084234813,0.09669165118023654,ground_equivalent_excess_gamma_dose_rate,uSv/h,50.0,1.0,6360,0.0004425999941304326,False,,4,0.4,0.36000000000000004,False,,,
2045,NORMAL,NORMAL,522660.9204974669,5696704.290406497,16,14,20.0,49416.23084234813,0.0896574307690578,ground_equivalent_excess_gamma_dose_rate,uSv/h,50.0,1.0,6360,0.0003578999894671142,False,,4,0.4,0.36000000000000004,False,,,
2046,NORMAL,NORMAL,522680.9204974669,5696704.290406497,16,15,20.0,49436.23084234813,0.09669165118023654,ground_equivalent_excess_gamma_dose_rate,uSv/h,50.0,1.0,6360,0.0003567000094335526,False,,4,0.4,0.36000000000000004,False,,,
2047,NORMAL,NORMAL,522660.9204974669,5696704.290406497,16,14,20.0,49456.23084234813,0.0896574307690578,ground_equivalent_excess_gamma_dose_rate,uSv/h,50.0,1.0,6360,0.00033340000663883984,False,,4,0.4,0.36000000000000004,False,,,
2048,NORMAL,NORMAL,522660.9204974669,5696684.290406497,15,14,20.0,49476.23084234813,0.09092035992655062,ground_equivalent_excess_gamma_dose_rate,uSv/h,50.0,1.0,6360,0.00031400000443682075,False,,4,0.4,0.36000000000000004,False,,,
2049,NORMAL,NORMAL,522680.9204974669,5696664.290406497,14,15,28.284271247461902,49504.51511359559,0.09936113396046037,ground_equivalent_excess_gamma_dose_rate,uSv/h,50.0,1.0,6360,0.00029700002050958574,False,,4,0.4,0.36000000000000004,False,,,
2050,NORMAL,NORMAL,522660.9204974669,5696664.290406497,14,14,20.0,49524.51511359559,0.09194803657556644,ground_equivalent_excess_gamma_dose_rate,uSv/h,50.0,1.0,6360,0.00030640000477433205,False,,4,0.4,0.36000000000000004,False,,,
2051,NORMAL,NORMAL,522680.9204974669,5696664.290406497,14,15,20.0,49544.51511359559,0.09936113396046037,ground_equivalent_excess_gamma_dose_rate,uSv/h,50.0,1.0,6360,0.0003671999729704112,False,,4,0.4,0.36000000000000004,False,,,
2052,NORMAL,NORMAL,522700.9204974669,5696684.290406497,15,16,28.284271247461902,49572.79938484305,0.10629460371517019,ground_equivalent_excess_gamma_dose_rate,uSv/h,50.0,1.0,6360,0.0003825000021606684,False,,4,0.4,0.36000000000000004,False,,,
2053,NORMAL,NORMAL,522720.9204974669,5696684.290406497,15,17,20.0,49592.79938484305,0.11546804566804986,ground_equivalent_excess_gamma_dose_rate,uSv/h,50.0,1.0,6360,0.0004698999982792884,False,,4,0.4,0.36000000000000004,False,,,
2054,NORMAL,NORMAL,522700.9204974669,5696684.290406497,15,16,20.0,49612.79938484305,0.10629460371517019,ground_equivalent_excess_gamma_dose_rate,uSv/h,50.0,1.0,6360,0.0004994999908376485,False,,4,0.4,0.36000000000000004,False,,,
2055,NORMAL,NORMAL,522680.9204974669,5696704.290406497,16,15,28.284271247461902,49641.08365609051,0.09669165118023654,ground_equivalent_excess_gamma_dose_rate,uSv/h,50.0,1.0,6360,0.0004970000009052455,False,,4,0.4,0.36000000000000004,False,,,
2056,NORMAL,NORMAL,522680.9204974669,5696724.290406497,17,15,20.0,49661.08365609051,0.0949750312902145,ground_equivalent_excess_gamma_dose_rate,uSv/h,50.0,1.0,6360,0.00048359998618252575,False,,4,0.4,0.36000000000000004,False,,,
2057,NORMAL,NORMAL,522660.9204974669,5696724.290406497,17,14,20.0,49681.08365609051,0.08817958183446217,ground_equivalent_excess_gamma_dose_rate,uSv/h,50.0,1.0,6360,0.000523299997439608,False,,4,0.4,0.36000000000000004,False,,,
2058,NORMAL,NORMAL,522640.9204974669,5696724.290406497,17,13,20.0,49701.08365609051,0.08207549597154973,ground_equivalent_excess_gamma_dose_rate,uSv/h,50.0,1.0,6360,0.0004958999925293028,False,,4,0.4,0.36000000000000004,False,,,
2059,NORMAL,NORMAL,522640.9204974669,5696704.290406497,16,13,20.0,49721.08365609051,0.08335433961525224,ground_equivalent_excess_gamma_dose_rate,uSv/h,50.0,1.0,6360,0.0004760000156238675,False,,4,0.4,0.36000000000000004,False,,,
2060,NORMAL,NORMAL,522640.9204974669,5696724.290406497,17,13,20.0,49741.08365609051,0.08207549597154973,ground_equivalent_excess_gamma_dose_rate,uSv/h,50.0,1.0,6360,0.00038040001527406275,False,,4,0.4,0.36000000000000004,False,,,
2061,NORMAL,NORMAL,522640.9204974669,5696744.290406497,18,13,20.0,49761.08365609051,0.08062674050169577,ground_equivalent_excess_gamma_dose_rate,uSv/h,50.0,1.0,6360,0.000519900000654161,False,,4,0.4,0.36000000000000004,False,,,
2062,NORMAL,NORMAL,522640.9204974669,5696724.290406497,17,13,20.0,49781.08365609051,0.08207549597154973,ground_equivalent_excess_gamma_dose_rate,uSv/h,50.0,1.0,6360,0.0004474000015761703,False,,4,0.4,0.36000000000000004,False,,,
2063,NORMAL,NORMAL,522660.9204974669,5696704.290406497,16,14,28.284271247461902,49809.36792733797,0.0896574307690578,ground_equivalent_excess_gamma_dose_rate,uSv/h,50.0,1.0,6360,0.0004394999996293336,False,,4,0.4,0.36000000000000004,False,,,
2064,NORMAL,NORMAL,522680.9204974669,5696684.290406497,15,15,28.284271247461902,49837.65219858543,0.09816214969928377,ground_equivalent_excess_gamma_dose_rate,uSv/h,50.0,1.0,6360,0.000583200016990304,False,,4,0.4,0.36000000000000004,False,,,
2065,NORMAL,NORMAL,522700.9204974669,5696704.290406497,16,16,28.284271247461902,49865.936469832886,0.10457249626114068,ground_equivalent_excess_gamma_dose_rate,uSv/h,50.0,1.0,6360,0.0005413999897427857,False,,4,0.4,0.36000000000000004,False,,,
2066,NORMAL,NORMAL,522680.9204974669,5696684.290406497,15,15,28.284271247461902,49894.220741080346,0.09816214969928377,ground_equivalent_excess_gamma_dose_rate,uSv/h,50.0,1.0,6360,0.0005611999949906021,False,,4,0.4,0.36000000000000004,False,,,
2067,NORMAL,NORMAL,522680.9204974669,5696664.290406497,14,15,20.0,49914.220741080346,0.09936113396046037,ground_equivalent_excess_gamma_dose_rate,uSv/h,50.0,1.0,6360,0.0005419999943114817,False,,4,0.4,0.36000000000000004,False,,,
2068,NORMAL,NORMAL,522700.9204974669,5696644.290406497,13,16,28.284271247461902,49942.505012327805,0.10876708213848496,ground_equivalent_excess_gamma_dose_rate,uSv/h,50.0,1.0,6360,0.0004655999946407974,False,,4,0.4,0.36000000000000004,False,,,
2069,NORMAL,NORMAL,522720.9204974669,5696644.290406497,13,17,20.0,49962.505012327805,0.11839156791240424,ground_equivalent_excess_gamma_dose_rate,uSv/h,50.0,1.0,6360,0.000451600004453212,False,,4,0.4,0.36000000000000004,False,,,
2070,NORMAL,NORMAL,522720.9204974669,5696624.290406497,12,17,20.0,49982.505012327805,0.11922334718719901,ground_equivalent_excess_gamma_dose_rate,uSv/h,50.0,1.0,6360,0.0003336000081617385,False,,4,0.4,0.36000000000000004,False,,,
2071,NORMAL,NORMAL,522740.9204974669,5696624.290406497,12,18,20.0,50002.505012327805,0.13034057057096837,ground_equivalent_excess_gamma_dose_rate,uSv/h,50.0,1.0,6360,0.0004778000002261251,False,,4,0.4,0.36000000000000004,False,,,
2072,NORMAL,NORMAL,522720.9204974669,5696644.290406497,13,17,28.284271247461902,50030.789283575265,0.11839156791240424,ground_equivalent_excess_gamma_dose_rate,uSv/h,50.0,1.0,6360,0.00033920002169907093,False,,4,0.4,0.36000000000000004,False,,,
2073,NORMAL,NORMAL,522720.9204974669,5696664.290406497,14,17,20.0,50050.789283575265,0.11713063579948385,ground_equivalent_excess_gamma_dose_rate,uSv/h,50.0,1.0,6360,0.00041080001392401755,False,,4,0.4,0.36000000000000004,False,,,
2074,NORMAL,NORMAL,522700.9204974669,5696644.290406497,13,16,28.284271247461902,50079.073554822724,0.10876708213848496,ground_equivalent_excess_gamma_dose_rate,uSv/h,50.0,1.0,6360,0.0004109000146854669,False,,4,0.4,0.36000000000000004,False,,,
2075,NORMAL,NORMAL,522700.9204974669,5696624.290406497,12,16,20.0,50099.073554822724,0.10946872083596809,ground_equivalent_excess_gamma_dose_rate,uSv/h,50.0,1.0,6360,0.000535300001502037,False,,4,0.4,0.36000000000000004,False,,,
2076,NORMAL,NORMAL,522680.9204974669,5696604.290406497,11,15,28.284271247461902,50127.35782607018,0.10113768136013951,ground_equivalent_excess_gamma_dose_rate,uSv/h,50.0,1.0,6360,0.00040889999945648015,False,,4,0.4,0.36000000000000004,False,,,
2077,NORMAL,NORMAL,522700.9204974669,5696624.290406497,12,16,28.284271247461902,50155.64209731764,0.10946872083596809,ground_equivalent_excess_gamma_dose_rate,uSv/h,50.0,1.0,6360,0.0003479000006336719,False,,4,0.4,0.36000000000000004,False,,,
2078,NORMAL,NORMAL,522680.9204974669,5696644.290406497,13,15,28.284271247461902,50183.9263685651,0.10026702318358455,ground_equivalent_excess_gamma_dose_rate,uSv/h,50.0,1.0,6360,0.0004112999886274338,False,,4,0.4,0.36000000000000004,False,,,
2079,NORMAL,NORMAL,522700.9204974669,5696644.290406497,13,16,20.0,50203.9263685651,0.10876708213848496,ground_equivalent_excess_gamma_dose_rate,uSv/h,50.0,1.0,6360,0.0005932999774813652,False,,4,0.4,0.36000000000000004,False,,,
2080,NORMAL,NORMAL,522700.9204974669,5696664.290406497,14,16,20.0,50223.9263685651,0.10770190631452942,ground_equivalent_excess_gamma_dose_rate,uSv/h,50.0,1.0,6360,0.000596800004132092,False,,4,0.4,0.36000000000000004,False,,,
2081,NORMAL,NORMAL,522720.9204974669,5696664.290406497,14,17,20.0,50243.9263685651,0.11713063579948385,ground_equivalent_excess_gamma_dose_rate,uSv/h,50.0,1.0,6360,0.0005031999899074435,False,,4,0.4,0.36000000000000004,False,,,
2082,NORMAL,NORMAL,522720.9204974669,5696644.290406497,13,17,20.0,50263.9263685651,0.11839156791240424,ground_equivalent_excess_gamma_dose_rate,uSv/h,50.0,1.0,6360,0.0004957999917678535,False,,4,0.4,0.36000000000000004,False,,,
2083,NORMAL,NORMAL,522740.9204974669,5696644.290406497,13,18,20.0,50283.9263685651,0.12934708338363843,ground_equivalent_excess_gamma_dose_rate,uSv/h,50.0,1.0,6360,0.0005332999862730503,False,,4,0.4,0.36000000000000004,False,,,
2084,NORMAL,NORMAL,522720.9204974669,5696664.290406497,14,17,28.284271247461902,50312.21063981256,0.11713063579948385,ground_equivalent_excess_gamma_dose_rate,uSv/h,50.0,1.0,6360,0.0005495999939739704,False,,4,0.4,0.36000000000000004,False,,,
2085,NORMAL,NORMAL,522700.9204974669,5696644.290406497,13,16,28.284271247461902,50340.49491106002,0.10876708213848496,ground_equivalent_excess_gamma_dose_rate,uSv/h,50.0,1.0,6360,0.0003772999916691333,False,,4,0.4,0.36000000000000004,False,,,
2086,NORMAL,NORMAL,522720.9204974669,5696644.290406497,13,17,20.0,50360.49491106002,0.11839156791240424,ground_equivalent_excess_gamma_dose_rate,uSv/h,50.0,1.0,6360,0.0005182999884709716,False,,4,0.4,0.36000000000000004,False,,,
2087,NORMAL,NORMAL,522700.9204974669,5696644.290406497,13,16,20.0,50380.49491106002,0.10876708213848496,ground_equivalent_excess_gamma_dose_rate,uSv/h,50.0,1.0,6360,0.0005090000049676746,False,,4,0.4,0.36000000000000004,False,,,
2088,NORMAL,NORMAL,522680.9204974669,5696624.290406497,12,15,28.284271247461902,50408.77918230748,0.1008629815702558,ground_equivalent_excess_gamma_dose_rate,uSv/h,50.0,1.0,6360,0.0004524000105448067,False,,4,0.4,0.36000000000000004,False,,,
2089,NORMAL,NORMAL,522700.9204974669,5696604.290406497,11,16,28.284271247461902,50437.06345355494,0.10979237093123073,ground_equivalent_excess_gamma_dose_rate,uSv/h,50.0,1.0,6360,0.00044389997492544353,False,,4,0.4,0.36000000000000004,False,,,
2090,NORMAL,NORMAL,522680.9204974669,5696604.290406497,11,15,20.0,50457.06345355494,0.10113768136013951,ground_equivalent_excess_gamma_dose_rate,uSv/h,50.0,1.0,6360,0.0005006999999750406,False,,4,0.4,0.36000000000000004,False,,,
2091,NORMAL,NORMAL,522700.9204974669,5696584.290406497,10,16,28.284271247461902,50485.3477248024,0.10973127226424478,ground_equivalent_excess_gamma_dose_rate,uSv/h,50.0,1.0,6360,0.00043860002188012004,False,,4,0.4,0.36000000000000004,False,,,
2092,NORMAL,NORMAL,522720.9204974669,5696564.290406497,9,17,28.284271247461902,50513.63199604986,0.11900748032321601,ground_equivalent_excess_gamma_dose_rate,uSv/h,50.0,1.0,6360,0.00043330001062713563,False,,4,0.4,0.36000000000000004,False,,,
2093,NORMAL,NORMAL,522700.9204974669,5696584.290406497,10,16,28.284271247461902,50541.91626729732,0.10973127226424478,ground_equivalent_excess_gamma_dose_rate,uSv/h,50.0,1.0,6360,0.0004725000180769712,False,,4,0.4,0.36000000000000004,False,,,
2094,NORMAL,NORMAL,522680.9204974669,5696584.290406497,10,15,20.0,50561.91626729732,0.10108583330796478,ground_equivalent_excess_gamma_dose_rate,uSv/h,50.0,1.0,6360,0.0004398000019136816,False,,4,0.4,0.36000000000000004,False,,,
2095,NORMAL,NORMAL,522660.9204974669,5696584.290406497,10,14,20.0,50581.91626729732,0.09342307447648063,ground_equivalent_excess_gamma_dose_rate,uSv/h,50.0,1.0,6360,0.00043990000267513096,False,,4,0.4,0.36000000000000004,False,,,
2096,NORMAL,NORMAL,522660.9204974669,5696604.290406497,11,14,20.0,50601.91626729732,0.09346735811324125,ground_equivalent_excess_gamma_dose_rate,uSv/h,50.0,1.0,6360,0.0004440000047907233,False,,4,0.4,0.36000000000000004,False,,,
2097,NORMAL,NORMAL,522640.9204974669,5696584.290406497,10,13,28.284271247461902,50630.20053854478,0.08659954824919996,ground_equivalent_excess_gamma_dose_rate,uSv/h,50.0,1.0,6360,0.00043230000301264226,False,,4,0.4,0.36000000000000004,False,,,
2098,NORMAL,NORMAL,522660.9204974669,5696564.290406497,9,14,28.284271247461902,50658.48480979224,0.09310063666084334,ground_equivalent_excess_gamma_dose_rate,uSv/h,50.0,1.0,6360,0.0004174000059720129,False,,4,0.4,0.36000000000000004,False,,,
2099,NORMAL,NORMAL,522640.9204974669,5696544.290406497,8,13,28.284271247461902,50686.769081039696,0.08581078230526923,ground_equivalent_excess_gamma_dose_rate,uSv/h,50.0,1.0,6360,0.0005523999861907214,False,,4,0.4,0.36000000000000004,False,,,
2100,NORMAL,NORMAL,522660.9204974669,5696564.290406497,9,14,28.284271247461902,50715.053352287156,0.09310063666084334,ground_equivalent_excess_gamma_dose_rate,uSv/h,50.0,1.0,6360,0.0005013999762013555,False,,4,0.4,0.36000000000000004,False,,,
2101,NORMAL,NORMAL,522660.9204974669,5696544.290406497,8,14,20.0,50735.053352287156,0.09250576973161634,ground_equivalent_excess_gamma_dose_rate,uSv/h,50.0,1.0,6360,0.0005221999890636653,False,,4,0.4,0.36000000000000004,False,,,
2102,NORMAL,NORMAL,522660.9204974669,5696564.290406497,9,14,20.0,50755.053352287156,0.09310063666084334,ground_equivalent_excess_gamma_dose_rate,uSv/h,50.0,1.0,6360,0.0004070999857503921,False,,4,0.4,0.36000000000000004,False,,,
2103,NORMAL,NORMAL,522660.9204974669,5696544.290406497,8,14,20.0,50775.053352287156,0.09250576973161634,ground_equivalent_excess_gamma_dose_rate,uSv/h,50.0,1.0,6360,0.0003353999927639961,False,,4,0.4,0.36000000000000004,False,,,
2104,NORMAL,NORMAL,522680.9204974669,5696524.290406497,7,15,28.284271247461902,50803.337623534615,0.09901188825118828,ground_equivalent_excess_gamma_dose_rate,uSv/h,50.0,1.0,6360,0.00033660000190138817,False,,4,0.4,0.36000000000000004,False,,,
2105,NORMAL,NORMAL,522700.9204974669,5696524.290406497,7,16,20.0,50823.337623534615,0.1072916864761812,ground_equivalent_excess_gamma_dose_rate,uSv/h,50.0,1.0,6360,0.00046880001900717616,False,,4,0.4,0.36000000000000004,False,,,
2106,NORMAL,NORMAL,522700.9204974669,5696544.290406497,8,16,20.0,50843.337623534615,0.10846792596103222,ground_equivalent_excess_gamma_dose_rate,uSv/h,50.0,1.0,6360,0.0003637000045273453,False,,4,0.4,0.36000000000000004,False,,,
2107,NORMAL,NORMAL,522700.9204974669,5696524.290406497,7,16,20.0,50863.337623534615,0.1072916864761812,ground_equivalent_excess_gamma_dose_rate,uSv/h,50.0,1.0,6360,0.0003240999940317124,False,,4,0.4,0.36000000000000004,False,,,
2108,NORMAL,NORMAL,522700.9204974669,5696504.290406497,6,16,20.0,50883.337623534615,0.10578139717477436,ground_equivalent_excess_gamma_dose_rate,uSv/h,50.0,1.0,6360,0.0005148999916855246,False,,4,0.4,0.36000000000000004,False,,,
2109,NORMAL,NORMAL,522720.9204974669,5696524.290406497,7,17,28.284271247461902,50911.621894782074,0.11664560860302825,ground_equivalent_excess_gamma_dose_rate,uSv/h,50.0,1.0,6360,0.0005703000060748309,False,,4,0.4,0.36000000000000004,False,,,
2110,NORMAL,NORMAL,522740.9204974669,5696504.290406497,6,18,28.284271247461902,50939.906166029534,0.12514647246462002,ground_equivalent_excess_gamma_dose_rate,uSv/h,50.0,1.0,6360,0.000512800004798919,False,,4,0.4,0.36000000000000004,False,,,
2111,NORMAL,NORMAL,522740.9204974669,5696484.290406497,5,18,20.0,50959.906166029534,0.12261350967053292,ground_equivalent_excess_gamma_dose_rate,uSv/h,50.0,1.0,6360,0.0005581000004895031,False,,4,0.4,0.36000000000000004,False,,,
2112,NORMAL,NORMAL,522720.9204974669,5696504.290406497,6,17,28.284271247461902,50988.19043727699,0.11486268743279282,ground_equivalent_excess_gamma_dose_rate,uSv/h,50.0,1.0,6360,0.0005400999798439443,False,,4,0.4,0.36000000000000004,False,,,
2113,NORMAL,NORMAL,522700.9204974669,5696484.290406497,5,16,28.284271247461902,51016.47470852445,0.10396599649480343,ground_equivalent_excess_gamma_dose_rate,uSv/h,50.0,1.0,6360,0.0005231000250205398,False,,4,0.4,0.36000000000000004,False,,,
2114,NORMAL,NORMAL,522700.9204974669,5696504.290406497,6,16,20.0,51036.47470852445,0.10578139717477436,ground_equivalent_excess_gamma_dose_rate,uSv/h,50.0,1.0,6360,0.0005599999858532101,False,,4,0.4,0.36000000000000004,False,,,
2115,NORMAL,NORMAL,522720.9204974669,5696524.290406497,7,17,28.284271247461902,51064.75897977191,0.11664560860302825,ground_equivalent_excess_gamma_dose_rate,uSv/h,50.0,1.0,6360,0.0005858000076841563,False,,4,0.4,0.36000000000000004,False,,,
2116,NORMAL,NORMAL,522720.9204974669,5696544.290406497,8,17,20.0,51084.75897977191,0.11803721265636208,ground_equivalent_excess_gamma_dose_rate,uSv/h,50.0,1.0,6360,0.0005683999916072935,False,,4,0.4,0.36000000000000004,False,,,
2117,NORMAL,NORMAL,522740.9204974669,5696524.290406497,7,18,28.284271247461902,51113.04325101937,0.1272658844588192,ground_equivalent_excess_gamma_dose_rate,uSv/h,50.0,1.0,6360,0.0005697000015061349,False,,4,0.4,0.36000000000000004,False,,,
2118,NORMAL,NORMAL,522720.9204974669,5696504.290406497,6,17,28.284271247461902,51141.32752226683,0.11486268743279282,ground_equivalent_excess_gamma_dose_rate,uSv/h,50.0,1.0,6360,0.0007750999939162284,False,,4,0.4,0.36000000000000004,False,,,
2119,NORMAL,NORMAL,522700.9204974669,5696504.290406497,6,16,20.0,51161.32752226683,0.10578139717477436,ground_equivalent_excess_gamma_dose_rate,uSv/h,50.0,1.0,6360,0.0005437999789137393,False,,4,0.4,0.36000000000000004,False,,,
2120,NORMAL,NORMAL,522720.9204974669,5696484.290406497,5,17,28.284271247461902,51189.61179351429,0.11272535314920273,ground_equivalent_excess_gamma_dose_rate,uSv/h,50.0,1.0,6360,0.0005288000102154911,False,,4,0.4,0.36000000000000004,False,,,
2121,NORMAL,NORMAL,522740.9204974669,5696504.290406497,6,18,28.284271247461902,51217.89606476175,0.12514647246462002,ground_equivalent_excess_gamma_dose_rate,uSv/h,50.0,1.0,6360,0.0005710000114049762,False,,4,0.4,0.36000000000000004,False,,,
2122,NORMAL,NORMAL,522720.9204974669,5696524.290406497,7,17,28.284271247461902,51246.18033600921,0.11664560860302825,ground_equivalent_excess_gamma_dose_rate,uSv/h,50.0,1.0,6360,0.00040950000402517617,False,,4,0.4,0.36000000000000004,False,,,
2123,NORMAL,NORMAL,522740.9204974669,5696544.290406497,8,18,28.284271247461902,51274.46460725667,0.12892422947811016,ground_equivalent_excess_gamma_dose_rate,uSv/h,50.0,1.0,6360,0.0003809999907389283,False,,4,0.4,0.36000000000000004,False,,,
2124,NORMAL,NORMAL,522740.9204974669,5696564.290406497,9,18,20.0,51294.46460725667,0.13008261240555613,ground_equivalent_excess_gamma_dose_rate,uSv/h,50.0,1.0,6360,0.0005833999894093722,False,,4,0.4,0.36000000000000004,False,,,
2125,NORMAL,NORMAL,522720.9204974669,5696584.290406497,10,17,28.284271247461902,51322.74887850413,0.11953484123101915,ground_equivalent_excess_gamma_dose_rate,uSv/h,50.0,1.0,6360,0.0007158000080380589,False,,4,0.4,0.36000000000000004,False,,,
2126,NORMAL,NORMAL,522700.9204974669,5696564.290406497,9,16,28.284271247461902,51351.03314975159,0.1092867055805623,ground_equivalent_excess_gamma_dose_rate,uSv/h,50.0,1.0,6360,0.000589400005992502,False,,4,0.4,0.36000000000000004,False,,,
2127,NORMAL,NORMAL,522680.9204974669,5696544.290406497,8,15,28.284271247461902,51379.31742099905,0.10001274293867912,ground_equivalent_excess_gamma_dose_rate,uSv/h,50.0,1.0,6360,0.0005650999955832958,False,,4,0.4,0.36000000000000004,False,,,
2128,NORMAL,NORMAL,522660.9204974669,5696524.290406497,7,14,28.284271247461902,51407.601692246506,0.09164888119079151,ground_equivalent_excess_gamma_dose_rate,uSv/h,50.0,1.0,6360,0.0005612999957520515,False,,4,0.4,0.36000000000000004,False,,,
2129,NORMAL,NORMAL,522680.9204974669,5696524.290406497,7,15,20.0,51427.601692246506,0.09901188825118828,ground_equivalent_excess_gamma_dose_rate,uSv/h,50.0,1.0,6360,0.000509400008013472,False,,4,0.4,0.36000000000000004,False,,,
2130,NORMAL,NORMAL,522680.9204974669,5696504.290406497,6,15,20.0,51447.601692246506,0.09772430678537586,ground_equivalent_excess_gamma_dose_rate,uSv/h,50.0,1.0,6360,0.00048639997839927673,False,,4,0.4,0.36000000000000004,False,,,
2131,NORMAL,NORMAL,522700.9204974669,5696524.290406497,7,16,28.284271247461902,51475.885963493965,0.1072916864761812,ground_equivalent_excess_gamma_dose_rate,uSv/h,50.0,1.0,6360,0.0003756999794859439,False,,4,0.4,0.36000000000000004,False,,,
2132,NORMAL,NORMAL,522700.9204974669,5696504.290406497,6,16,20.0,51495.885963493965,0.10578139717477436,ground_equivalent_excess_gamma_dose_rate,uSv/h,50.0,1.0,6360,0.00039500001003034413,False,,4,0.4,0.36000000000000004,False,,,
2133,NORMAL,NORMAL,522720.9204974669,5696524.290406497,7,17,28.284271247461902,51524.170234741425,0.11664560860302825,ground_equivalent_excess_gamma_dose_rate,uSv/h,50.0,1.0,6360,0.0005327000108081847,False,,4,0.4,0.36000000000000004,False,,,
2134,NORMAL,NORMAL,522700.9204974669,5696544.290406497,8,16,28.284271247461902,51552.454505988884,0.10846792596103222,ground_equivalent_excess_gamma_dose_rate,uSv/h,50.0,1.0,6360,0.0005345999961718917,False,,4,0.4,0.36000000000000004,False,,,
2135,NORMAL,NORMAL,522680.9204974669,5696524.290406497,7,15,28.284271247461902,51580.73877723634,0.09901188825118828,ground_equivalent_excess_gamma_dose_rate,uSv/h,50.0,1.0,6360,0.0004446999810170382,False,,4,0.4,0.36000000000000004,False,,,
2136,NORMAL,NORMAL,522660.9204974669,5696504.290406497,6,14,28.284271247461902,51609.0230484838,0.09054461300638977,ground_equivalent_excess_gamma_dose_rate,uSv/h,50.0,1.0,6360,0.00035879999632015824,False,,4,0.4,0.36000000000000004,False,,,
2137,NORMAL,NORMAL,522640.9204974669,5696504.290406497,6,13,20.0,51629.0230484838,0.08412063229198291,ground_equivalent_excess_gamma_dose_rate,uSv/h,50.0,1.0,6360,0.00047790000098757446,False,,4,0.4,0.36000000000000004,False,,,
2138,NORMAL,NORMAL,522620.9204974669,5696504.290406497,6,12,20.0,51649.0230484838,0.07835086679788383,ground_equivalent_excess_gamma_dose_rate,uSv/h,50.0,1.0,6360,0.0005378999921958894,False,,4,0.4,0.36000000000000004,False,,,
2139,NORMAL,NORMAL,522600.9204974669,5696504.290406497,6,11,20.0,51669.0230484838,0.07315015340116154,ground_equivalent_excess_gamma_dose_rate,uSv/h,50.0,1.0,6360,0.0005642999894917011,False,,4,0.4,0.36000000000000004,False,,,
2140,NORMAL,NORMAL,522600.9204974669,5696524.290406497,7,11,20.0,51689.0230484838,0.07386921065980195,ground_equivalent_excess_gamma_dose_rate,uSv/h,50.0,1.0,6360,0.0005265000218059868,False,,4,0.4,0.36000000000000004,False,,,
2141,NORMAL,NORMAL,522600.9204974669,5696504.290406497,6,11,20.0,51709.0230484838,0.07315015340116154,ground_equivalent_excess_gamma_dose_rate,uSv/h,50.0,1.0,6360,0.0004676000098697841,False,,4,0.4,0.36000000000000004,False,,,
2142,NORMAL,NORMAL,522620.9204974669,5696504.290406497,6,12,20.0,51729.0230484838,0.07835086679788383,ground_equivalent_excess_gamma_dose_rate,uSv/h,50.0,1.0,6360,0.0005859999801032245,False,,4,0.4,0.36000000000000004,False,,,
2143,NORMAL,NORMAL,522620.9204974669,5696524.290406497,7,12,20.0,51749.0230484838,0.0791763803823668,ground_equivalent_excess_gamma_dose_rate,uSv/h,50.0,1.0,6360,0.0007161000103224069,False,,4,0.4,0.36000000000000004,False,,,
2144,NORMAL,NORMAL,522640.9204974669,5696544.290406497,8,13,28.284271247461902,51777.30731973126,0.08581078230526923,ground_equivalent_excess_gamma_dose_rate,uSv/h,50.0,1.0,6360,0.0005568999913521111,False,,4,0.4,0.36000000000000004,False,,,
2145,NORMAL,NORMAL,522660.9204974669,5696524.290406497,7,14,28.284271247461902,51805.59159097872,0.09164888119079151,ground_equivalent_excess_gamma_dose_rate,uSv/h,50.0,1.0,6360,0.0003561000048648566,False,,4,0.4,0.36000000000000004,False,,,
2146,NORMAL,NORMAL,522680.9204974669,5696544.290406497,8,15,28.284271247461902,51833.87586222618,0.10001274293867912,ground_equivalent_excess_gamma_dose_rate,uSv/h,50.0,1.0,6360,0.00033519999124109745,False,,4,0.4,0.36000000000000004,False,,,
2147,NORMAL,NORMAL,522700.9204974669,5696524.290406497,7,16,28.284271247461902,51862.16013347364,0.1072916864761812,ground_equivalent_excess_gamma_dose_rate,uSv/h,50.0,1.0,6360,0.0005068999889772385,False,,4,0.4,0.36000000000000004,False,,,
2148,NORMAL,NORMAL,522720.9204974669,5696504.290406497,6,17,28.284271247461902,51890.4444047211,0.11486268743279282,ground_equivalent_excess_gamma_dose_rate,uSv/h,50.0,1.0,6360,0.00036559998989105225,False,,4,0.4,0.36000000000000004,False,,,
2149,NORMAL,NORMAL,522700.9204974669,5696484.290406497,5,16,28.284271247461902,51918.72867596856,0.10396599649480343,ground_equivalent_excess_gamma_dose_rate,uSv/h,50.0,1.0,6360,0.0003347999881953001,False,,4,0.4,0.36000000000000004,False,,,
2150,NORMAL,NORMAL,522680.9204974669,5696484.290406497,5,15,20.0,51938.72867596856,0.09617289473342078,ground_equivalent_excess_gamma_dose_rate,uSv/h,50.0,1.0,6360,0.0003395999956410378,False,,4,0.4,0.36000000000000004,False,,,
2151,NORMAL,NORMAL,522660.9204974669,5696484.290406497,5,14,20.0,51958.72867596856,0.08921123271482984,ground_equivalent_excess_gamma_dose_rate,uSv/h,50.0,1.0,6360,0.0003240999940317124,False,,4,0.4,0.36000000000000004,False,,,
2152,NORMAL,NORMAL,522640.9204974669,5696504.290406497,6,13,28.284271247461902,51987.01294721602,0.08412063229198291,ground_equivalent_excess_gamma_dose_rate,uSv/h,50.0,1.0,6360,0.0003305000136606395,False,,4,0.4,0.36000000000000004,False,,,
2153,NORMAL,NORMAL,522660.9204974669,5696484.290406497,5,14,28.284271247461902,52015.29721846348,0.08921123271482984,ground_equivalent_excess_gamma_dose_rate,uSv/h,50.0,1.0,6360,0.0002982000005431473,False,,4,0.4,0.36000000000000004,False,,,
2154,NORMAL,NORMAL,522680.9204974669,5696464.290406497,4,15,28.284271247461902,52043.58148971094,0.09438404076142398,ground_equivalent_excess_gamma_dose_rate,uSv/h,50.0,1.0,6360,0.00032079999800771475,False,,4,0.4,0.36000000000000004,False,,,
2155,NORMAL,NORMAL,522700.9204974669,5696464.290406497,4,16,20.0,52063.58148971094,0.10187863309120043,ground_equivalent_excess_gamma_dose_rate,uSv/h,50.0,1.0,6360,0.0005294000147841871,False,,4,0.4,0.36000000000000004,False,,,
2156,NORMAL,NORMAL,522700.9204974669,5696444.290406497,3,16,20.0,52083.58148971094,0.09955526384864355,ground_equivalent_excess_gamma_dose_rate,uSv/h,50.0,1.0,6360,0.0003513999981805682,False,,4,0.4,0.36000000000000004,False,,,
2157,NORMAL,NORMAL,522720.9204974669,5696444.290406497,3,17,20.0,52103.58148971094,0.10755855211567844,ground_equivalent_excess_gamma_dose_rate,uSv/h,50.0,1.0,6360,0.0003352999920025468,False,,4,0.4,0.36000000000000004,False,,,
2158,NORMAL,NORMAL,522700.9204974669,5696464.290406497,4,16,28.284271247461902,52131.8657609584,0.10187863309120043,ground_equivalent_excess_gamma_dose_rate,uSv/h,50.0,1.0,6360,0.00030980000155977905,False,,4,0.4,0.36000000000000004,False,,,
2159,NORMAL,NORMAL,522720.9204974669,5696484.290406497,5,17,28.284271247461902,52160.15003220586,0.11272535314920273,ground_equivalent_excess_gamma_dose_rate,uSv/h,50.0,1.0,6360,0.0003239999932702631,False,,4,0.4,0.36000000000000004,False,,,
2160,NORMAL,NORMAL,522740.9204974669,5696484.290406497,5,18,20.0,52180.15003220586,0.12261350967053292,ground_equivalent_excess_gamma_dose_rate,uSv/h,50.0,1.0,6360,0.0003063000040128827,False,,4,0.4,0.36000000000000004,False,,,
2161,NORMAL,NORMAL,522740.9204974669,5696464.290406497,4,18,20.0,52200.15003220586,0.11972062620914065,ground_equivalent_excess_gamma_dose_rate,uSv/h,50.0,1.0,6360,0.0005825000116601586,False,,4,0.4,0.36000000000000004,False,,,
2162,NORMAL,NORMAL,522760.9204974669,5696484.290406497,5,19,28.284271247461902,52228.434303453316,0.1338276481612533,ground_equivalent_excess_gamma_dose_rate,uSv/h,50.0,1.0,6360,0.0006466000049840659,False,,4,0.4,0.36000000000000004,False,,,
2163,NORMAL,NORMAL,522780.9204974669,5696484.290406497,5,20,20.0,52248.434303453316,0.14660850173449652,ground_equivalent_excess_gamma_dose_rate,uSv/h,50.0,1.0,6360,0.000599299994064495,False,,4,0.4,0.36000000000000004,False,,,
2164,NORMAL,NORMAL,522760.9204974669,5696504.290406497,6,19,28.284271247461902,52276.718574700775,0.13685083630660866,ground_equivalent_excess_gamma_dose_rate,uSv/h,50.0,1.0,6360,0.0005859000084456056,False,,4,0.4,0.36000000000000004,False,,,
2165,NORMAL,NORMAL,522760.9204974669,5696484.290406497,5,19,20.0,52296.718574700775,0.1338276481612533,ground_equivalent_excess_gamma_dose_rate,uSv/h,50.0,1.0,6360,0.0003507000219542533,False,,4,0.4,0.36000000000000004,False,,,
2166,NORMAL,NORMAL,522780.9204974669,5696484.290406497,5,20,20.0,52316.718574700775,0.14660850173449652,ground_equivalent_excess_gamma_dose_rate,uSv/h,50.0,1.0,6360,0.0003239000216126442,False,,4,0.4,0.36000000000000004,False,,,
2167,NORMAL,NORMAL,522760.9204974669,5696464.290406497,4,19,28.284271247461902,52345.002845948235,0.1303888249267675,ground_equivalent_excess_gamma_dose_rate,uSv/h,50.0,1.0,6360,0.00035859999479725957,False,,4,0.4,0.36000000000000004,False,,,
2168,NORMAL,NORMAL,522740.9204974669,5696484.290406497,5,18,28.284271247461902,52373.287117195694,0.12261350967053292,ground_equivalent_excess_gamma_dose_rate,uSv/h,50.0,1.0,6360,0.000307999987853691,False,,4,0.4,0.36000000000000004,False,,,
2169,NORMAL,NORMAL,522740.9204974669,5696464.290406497,4,18,20.0,52393.287117195694,0.11972062620914065,ground_equivalent_excess_gamma_dose_rate,uSv/h,50.0,1.0,6360,0.00031579998903907835,False,,4,0.4,0.36000000000000004,False,,,
2170,NORMAL,NORMAL,522760.9204974669,5696484.290406497,5,19,28.284271247461902,52421.57138844315,0.1338276481612533,ground_equivalent_excess_gamma_dose_rate,uSv/h,50.0,1.0,6360,0.00030250000418163836,False,,4,0.4,0.36000000000000004,False,,,
2171,NORMAL,NORMAL,522740.9204974669,5696464.290406497,4,18,28.284271247461902,52449.85565969061,0.11972062620914065,ground_equivalent_excess_gamma_dose_rate,uSv/h,50.0,1.0,6360,0.00031209998996928334,False,,4,0.4,0.36000000000000004,False,,,
2172,NORMAL,NORMAL,522720.9204974669,5696484.290406497,5,17,28.284271247461902,52478.13993093807,0.11272535314920273,ground_equivalent_excess_gamma_dose_rate,uSv/h,50.0,1.0,6360,0.000294400000711903,False,,4,0.4,0.36000000000000004,False,,,
2173,NORMAL,NORMAL,522720.9204974669,5696464.290406497,4,17,20.0,52498.13993093807,0.11027558706324242,ground_equivalent_excess_gamma_dose_rate,uSv/h,50.0,1.0,6360,0.00029490000451914966,False,,4,0.4,0.36000000000000004,False,,,
2174,NORMAL,NORMAL,522700.9204974669,5696484.290406497,5,16,28.284271247461902,52526.42420218553,0.10396599649480343,ground_equivalent_excess_gamma_dose_rate,uSv/h,50.0,1.0,6360,0.00034520000917837024,False,,4,0.4,0.36000000000000004,False,,,
2175,NORMAL,NORMAL,522680.9204974669,5696484.290406497,5,15,20.0,52546.42420218553,0.09617289473342078,ground_equivalent_excess_gamma_dose_rate,uSv/h,50.0,1.0,6360,0.0004549000004772097,False,,4,0.4,0.36000000000000004,False,,,
2176,NORMAL,NORMAL,522700.9204974669,5696504.290406497,6,16,28.284271247461902,52574.70847343299,0.10578139717477436,ground_equivalent_excess_gamma_dose_rate,uSv/h,50.0,1.0,6360,0.00034389999927952886,False,,4,0.4,0.36000000000000004,False,,,
2177,NORMAL,NORMAL,522680.9204974669,5696524.290406497,7,15,28.284271247461902,52602.99274468045,0.09901188825118828,ground_equivalent_excess_gamma_dose_rate,uSv/h,50.0,1.0,6360,0.0003239999932702631,False,,4,0.4,0.36000000000000004,False,,,
2178,NORMAL,NORMAL,522700.9204974669,5696504.290406497,6,16,28.284271247461902,52631.27701592791,0.10578139717477436,ground_equivalent_excess_gamma_dose_rate,uSv/h,50.0,1.0,6360,0.0003087000222876668,False,,4,0.4,0.36000000000000004,False,,,
2179,NORMAL,NORMAL,522680.9204974669,5696484.290406497,5,15,28.284271247461902,52659.56128717537,0.09617289473342078,ground_equivalent_excess_gamma_dose_rate,uSv/h,50.0,1.0,6360,0.00031319999834522605,False,,4,0.4,0.36000000000000004,False,,,
2180,NORMAL,NORMAL,522700.9204974669,5696484.290406497,5,16,20.0,52679.56128717537,0.10396599649480343,ground_equivalent_excess_gamma_dose_rate,uSv/h,50.0,1.0,6360,0.00030890002381056547,False,,4,0.4,0.36000000000000004,False,,,
2181,NORMAL,NORMAL,522680.9204974669,5696484.290406497,5,15,20.0,52699.56128717537,0.09617289473342078,ground_equivalent_excess_gamma_dose_rate,uSv/h,50.0,1.0,6360,0.00037140000495128334,False,,4,0.4,0.36000000000000004,False,,,
2182,NORMAL,NORMAL,522660.9204974669,5696464.290406497,4,14,28.284271247461902,52727.84555842283,0.08766990945077247,ground_equivalent_excess_gamma_dose_rate,uSv/h,50.0,1.0,6360,0.0003892999957315624,False,,4,0.4,0.36000000000000004,False,,,
2183,NORMAL,NORMAL,522660.9204974669,5696484.290406497,5,14,20.0,52747.84555842283,0.08921123271482984,ground_equivalent_excess_gamma_dose_rate,uSv/h,50.0,1.0,6360,0.0003986999799963087,False,,4,0.4,0.36000000000000004,False,,,
2184,NORMAL,NORMAL,522680.9204974669,5696464.290406497,4,15,28.284271247461902,52776.12982967029,0.09438404076142398,ground_equivalent_excess_gamma_dose_rate,uSv/h,50.0,1.0,6360,0.0004582999972626567,False,,4,0.4,0.36000000000000004,False,,,
2185,NORMAL,NORMAL,522660.9204974669,5696464.290406497,4,14,20.0,52796.12982967029,0.08766990945077247,ground_equivalent_excess_gamma_dose_rate,uSv/h,50.0,1.0,6360,0.0003460999869275838,False,,4,0.4,0.36000000000000004,False,,,
2186,NORMAL,NORMAL,522680.9204974669,5696464.290406497,4,15,20.0,52816.12982967029,0.09438404076142398,ground_equivalent_excess_gamma_dose_rate,uSv/h,50.0,1.0,6360,0.0003327000013086945,False,,4,0.4,0.36000000000000004,False,,,
2187,NORMAL,NORMAL,522700.9204974669,5696464.290406497,4,16,20.0,52836.12982967029,0.10187863309120043,ground_equivalent_excess_gamma_dose_rate,uSv/h,50.0,1.0,6360,0.000378400000045076,False,,4,0.4,0.36000000000000004,False,,,
2188,NORMAL,NORMAL,522720.9204974669,5696444.290406497,3,17,28.284271247461902,52864.41410091775,0.10755855211567844,ground_equivalent_excess_gamma_dose_rate,uSv/h,50.0,1.0,6360,0.0009604999795556068,False,,4,0.4,0.36000000000000004,False,,,
2189,NORMAL,NORMAL,522740.9204974669,5696424.290406497,2,18,28.284271247461902,52892.69837216521,0.11308478751911366,ground_equivalent_excess_gamma_dose_rate,uSv/h,50.0,1.0,6360,0.0007247999892570078,False,,4,0.4,0.36000000000000004,False,,,
2190,NORMAL,NORMAL,522720.9204974669,5696444.290406497,3,17,28.284271247461902,52920.982643412666,0.10755855211567844,ground_equivalent_excess_gamma_dose_rate,uSv/h,50.0,1.0,6360,0.0005818000063300133,False,,4,0.4,0.36000000000000004,False,,,
2191,NORMAL,NORMAL,522700.9204974669,5696444.290406497,3,16,20.0,52940.982643412666,0.09955526384864355,ground_equivalent_excess_gamma_dose_rate,uSv/h,50.0,1.0,6360,0.0016823000041767955,False,,4,0.4,0.36000000000000004,False,,,
2192,NORMAL,NORMAL,522720.9204974669,5696444.290406497,3,17,20.0,52960.982643412666,0.10755855211567844,ground_equivalent_excess_gamma_dose_rate,uSv/h,50.0,1.0,6360,0.0014990999770816416,False,,4,0.4,0.36000000000000004,False,,,
2193,NORMAL,NORMAL,522740.9204974669,5696444.290406497,3,18,20.0,52980.982643412666,0.11652497840244674,ground_equivalent_excess_gamma_dose_rate,uSv/h,50.0,1.0,6360,0.0009743999980855733,False,,4,0.4,0.36000000000000004,False,,,
2194,NORMAL,NORMAL,522740.9204974669,5696424.290406497,2,18,20.0,53000.982643412666,0.11308478751911366,ground_equivalent_excess_gamma_dose_rate,uSv/h,50.0,1.0,6360,0.0006981999904382974,False,,4,0.4,0.36000000000000004,False,,,
2195,NORMAL,NORMAL,522760.9204974669,5696444.290406497,3,19,28.284271247461902,53029.266914660126,0.12660727421432177,ground_equivalent_excess_gamma_dose_rate,uSv/h,50.0,1.0,6360,0.0005540999991353601,False,,4,0.4,0.36000000000000004,False,,,
2196,NORMAL,NORMAL,522740.9204974669,5696444.290406497,3,18,20.0,53049.266914660126,0.11652497840244674,ground_equivalent_excess_gamma_dose_rate,uSv/h,50.0,1.0,6360,0.0008127999899443239,False,,4,0.4,0.36000000000000004,False,,,
2197,NORMAL,NORMAL,522760.9204974669,5696464.290406497,4,19,28.284271247461902,53077.551185907585,0.1303888249267675,ground_equivalent_excess_gamma_dose_rate,uSv/h,50.0,1.0,6360,0.0008584000170230865,False,,4,0.4,0.36000000000000004,False,,,
2198,NORMAL,NORMAL,522780.9204974669,5696484.290406497,5,20,28.284271247461902,53105.835457155044,0.14660850173449652,ground_equivalent_excess_gamma_dose_rate,uSv/h,50.0,1.0,6360,0.0006113999988883734,False,,4,0.4,0.36000000000000004,False,,,
2199,NORMAL,NORMAL,522800.9204974669,5696504.290406497,6,21,28.284271247461902,53134.119728402504,0.16566152175413434,ground_equivalent_excess_gamma_dose_rate,uSv/h,50.0,1.0,6360,0.0006992999988142401,False,,4,0.4,0.36000000000000004,False,,,
2200,NORMAL,NORMAL,522820.9204974669,5696504.290406497,6,22,20.0,53154.119728402504,0.18352011013616482,ground_equivalent_excess_gamma_dose_rate,uSv/h,50.0,1.0,6360,0.0006606999959331006,False,,4,0.4,0.36000000000000004,False,,,
2201,NORMAL,NORMAL,522800.9204974669,5696504.290406497,6,21,20.0,53174.119728402504,0.16566152175413434,ground_equivalent_excess_gamma_dose_rate,uSv/h,50.0,1.0,6360,0.0005518000107258558,False,,4,0.4,0.36000000000000004,False,,,
2202,NORMAL,NORMAL,522780.9204974669,5696524.290406497,7,20,28.284271247461902,53202.40399964996,0.15330971115941971,ground_equivalent_excess_gamma_dose_rate,uSv/h,50.0,1.0,6360,0.0009324999991804361,False,,4,0.4,0.36000000000000004,False,,,
2203,NORMAL,NORMAL,522760.9204974669,5696504.290406497,6,19,28.284271247461902,53230.68827089742,0.13685083630660866,ground_equivalent_excess_gamma_dose_rate,uSv/h,50.0,1.0,6360,0.0008582999871578068,False,,4,0.4,0.36000000000000004,False,,,
2204,NORMAL,NORMAL,522760.9204974669,5696524.290406497,7,19,20.0,53250.68827089742,0.13938924470368746,ground_equivalent_excess_gamma_dose_rate,uSv/h,50.0,1.0,6360,0.0007225000008475035,False,,4,0.4,0.36000000000000004,False,,,
2205,NORMAL,NORMAL,522780.9204974669,5696504.290406497,6,20,28.284271247461902,53278.97254214488,0.1502445510087806,ground_equivalent_excess_gamma_dose_rate,uSv/h,50.0,1.0,6360,0.0012378999963402748,False,,4,0.4,0.36000000000000004,False,,,
2206,NORMAL,NORMAL,522760.9204974669,5696484.290406497,5,19,28.284271247461902,53307.25681339234,0.1338276481612533,ground_equivalent_excess_gamma_dose_rate,uSv/h,50.0,1.0,6360,0.0007381000032182783,False,,4,0.4,0.36000000000000004,False,,,
2207,NORMAL,NORMAL,522760.9204974669,5696464.290406497,4,19,20.0,53327.25681339234,0.1303888249267675,ground_equivalent_excess_gamma_dose_rate,uSv/h,50.0,1.0,6360,0.0006625000096391886,False,,4,0.4,0.36000000000000004,False,,,
2208,NORMAL,NORMAL,522760.9204974669,5696444.290406497,3,19,20.0,53347.25681339234,0.12660727421432177,ground_equivalent_excess_gamma_dose_rate,uSv/h,50.0,1.0,6360,0.0006322000117506832,False,,4,0.4,0.36000000000000004,False,,,
2209,NORMAL,NORMAL,522740.9204974669,5696424.290406497,2,18,28.284271247461902,53375.5410846398,0.11308478751911366,ground_equivalent_excess_gamma_dose_rate,uSv/h,50.0,1.0,6360,0.0007231000054161996,False,,4,0.4,0.36000000000000004,False,,,
2210,NORMAL,NORMAL,522740.9204974669,5696444.290406497,3,18,20.0,53395.5410846398,0.11652497840244674,ground_equivalent_excess_gamma_dose_rate,uSv/h,50.0,1.0,6360,0.0031495000002905726,False,,4,0.4,0.36000000000000004,False,,,
2211,NORMAL,NORMAL,522740.9204974669,5696424.290406497,2,18,20.0,53415.5410846398,0.11308478751911366,ground_equivalent_excess_gamma_dose_rate,uSv/h,50.0,1.0,6360,0.0011477000080049038,False,,4,0.4,0.36000000000000004,False,,,
2212,NORMAL,NORMAL,522760.9204974669,5696444.290406497,3,19,28.284271247461902,53443.82535588726,0.12660727421432177,ground_equivalent_excess_gamma_dose_rate,uSv/h,50.0,1.0,6360,0.0014702000189572573,False,,4,0.4,0.36000000000000004,False,,,
2213,NORMAL,NORMAL,522740.9204974669,5696444.290406497,3,18,20.0,53463.82535588726,0.11652497840244674,ground_equivalent_excess_gamma_dose_rate,uSv/h,50.0,1.0,6360,0.006475699978182092,False,,4,0.4,0.36000000000000004,False,,,
2214,NORMAL,NORMAL,522740.9204974669,5696464.290406497,4,18,20.0,53483.82535588726,0.11972062620914065,ground_equivalent_excess_gamma_dose_rate,uSv/h,50.0,1.0,6360,0.00059710000641644,False,,4,0.4,0.36000000000000004,False,,,
2215,NORMAL,NORMAL,522760.9204974669,5696444.290406497,3,19,28.284271247461902,53512.10962713472,0.12660727421432177,ground_equivalent_excess_gamma_dose_rate,uSv/h,50.0,1.0,6360,0.0006534999993164092,False,,4,0.4,0.36000000000000004,False,,,
2216,NORMAL,NORMAL,522760.9204974669,5696424.290406497,2,19,20.0,53532.10962713472,0.12255635287327132,ground_equivalent_excess_gamma_dose_rate,uSv/h,50.0,1.0,6360,0.0006167000101413578,False,,4,0.4,0.36000000000000004,False,,,
2217,NORMAL,NORMAL,522740.9204974669,5696424.290406497,2,18,20.0,53552.10962713472,0.11308478751911366,ground_equivalent_excess_gamma_dose_rate,uSv/h,50.0,1.0,6360,0.0006163000070955604,False,,4,0.4,0.36000000000000004,False,,,
2218,NORMAL,NORMAL,522740.9204974669,5696444.290406497,3,18,20.0,53572.10962713472,0.11652497840244674,ground_equivalent_excess_gamma_dose_rate,uSv/h,50.0,1.0,6360,0.0006279000081121922,False,,4,0.4,0.36000000000000004,False,,,
2219,NORMAL,NORMAL,522740.9204974669,5696464.290406497,4,18,20.0,53592.10962713472,0.11972062620914065,ground_equivalent_excess_gamma_dose_rate,uSv/h,50.0,1.0,6360,0.0006685999978799373,False,,4,0.4,0.36000000000000004,False,,,
2220,NORMAL,NORMAL,522760.9204974669,5696444.290406497,3,19,28.284271247461902,53620.39389838218,0.12660727421432177,ground_equivalent_excess_gamma_dose_rate,uSv/h,50.0,1.0,6360,0.0005990999925415963,False,,4,0.4,0.36000000000000004,False,,,
2221,NORMAL,NORMAL,522780.9204974669,5696424.290406497,2,20,28.284271247461902,53648.67816962964,0.13318946944814097,ground_equivalent_excess_gamma_dose_rate,uSv/h,50.0,1.0,6360,0.0006170000124257058,False,,4,0.4,0.36000000000000004,False,,,
2222,NORMAL,NORMAL,522800.9204974669,5696444.290406497,3,21,28.284271247461902,53676.9624408771,0.15088374841941604,ground_equivalent_excess_gamma_dose_rate,uSv/h,50.0,1.0,6360,0.0005746999813709408,False,,4,0.4,0.36000000000000004,False,,,
2223,NORMAL,NORMAL,522800.9204974669,5696464.290406497,4,21,20.0,53696.9624408771,0.1562854670477019,ground_equivalent_excess_gamma_dose_rate,uSv/h,50.0,1.0,6360,0.0005147999909240752,False,,4,0.4,0.36000000000000004,False,,,
2224,NORMAL,NORMAL,522780.9204974669,5696464.290406497,4,20,20.0,53716.9624408771,0.14249158569547932,ground_equivalent_excess_gamma_dose_rate,uSv/h,50.0,1.0,6360,0.0005558999837376177,False,,4,0.4,0.36000000000000004,False,,,
2225,NORMAL,NORMAL,522780.9204974669,5696444.290406497,3,20,20.0,53736.9624408771,0.13798756809652424,ground_equivalent_excess_gamma_dose_rate,uSv/h,50.0,1.0,6360,0.0011901000107172877,False,,4,0.4,0.36000000000000004,False,,,
2226,NORMAL,NORMAL,522800.9204974669,5696424.290406497,2,21,28.284271247461902,53765.24671212456,0.14516547233864735,ground_equivalent_excess_gamma_dose_rate,uSv/h,50.0,1.0,6360,0.0005498999962583184,False,,4,0.4,0.36000000000000004,False,,,
2227,NORMAL,NORMAL,522820.9204974669,5696424.290406497,2,22,20.0,53785.24671212456,0.15869792101957864,ground_equivalent_excess_gamma_dose_rate,uSv/h,50.0,1.0,6360,0.0005016000068280846,False,,4,0.4,0.36000000000000004,False,,,
2228,NORMAL,NORMAL,522840.9204974669,5696424.290406497,2,23,20.0,53805.24671212456,0.17403807486001016,ground_equivalent_excess_gamma_dose_rate,uSv/h,50.0,1.0,6360,0.0005204000044614077,False,,4,0.4,0.36000000000000004,False,,,
2229,NORMAL,NORMAL,522840.9204974669,5696404.290406497,1,23,20.0,53825.24671212456,0.16559196008518656,ground_equivalent_excess_gamma_dose_rate,uSv/h,50.0,1.0,5680,0.00045089999912306666,False,,4,0.4,0.36000000000000004,False,,,
2230,NORMAL,NORMAL,522820.9204974669,5696404.290406497,1,22,20.0,53845.24671212456,0.15164494143994306,ground_equivalent_excess_gamma_dose_rate,uSv/h,50.0,1.0,5680,0.000464299984741956,False,,4,0.4,0.36000000000000004,False,,,
2231,NORMAL,NORMAL,522800.9204974669,5696424.290406497,2,21,28.284271247461902,53873.53098337202,0.14516547233864735,ground_equivalent_excess_gamma_dose_rate,uSv/h,50.0,1.0,6360,0.0005033999914303422,False,,4,0.4,0.36000000000000004,False,,,
2232,NORMAL,NORMAL,522800.9204974669,5696444.290406497,3,21,20.0,53893.53098337202,0.15088374841941604,ground_equivalent_excess_gamma_dose_rate,uSv/h,50.0,1.0,6360,0.001572300010593608,False,,4,0.4,0.36000000000000004,False,,,
2233,NORMAL,NORMAL,522800.9204974669,5696424.290406497,2,21,20.0,53913.53098337202,0.14516547233864735,ground_equivalent_excess_gamma_dose_rate,uSv/h,50.0,1.0,6360,0.0026376000023446977,False,,4,0.4,0.36000000000000004,False,,,
2234,NORMAL,NORMAL,522780.9204974669,5696424.290406497,2,20,20.0,53933.53098337202,0.13318946944814097,ground_equivalent_excess_gamma_dose_rate,uSv/h,50.0,1.0,6360,0.0005332000146154314,False,,4,0.4,0.36000000000000004,False,,,
2235,NORMAL,NORMAL,522800.9204974669,5696404.290406497,1,21,28.284271247461902,53961.815254619476,0.13924159859871793,ground_equivalent_excess_gamma_dose_rate,uSv/h,50.0,1.0,5680,0.00039019997348077595,False,,4,0.4,0.36000000000000004,False,,,
2236,NORMAL,NORMAL,522820.9204974669,5696404.290406497,1,22,20.0,53981.815254619476,0.15164494143994306,ground_equivalent_excess_gamma_dose_rate,uSv/h,50.0,1.0,5680,0.00044750000233761966,False,,4,0.4,0.36000000000000004,False,,,
2237,NORMAL,NORMAL,522820.9204974669,5696424.290406497,2,22,20.0,54001.815254619476,0.15869792101957864,ground_equivalent_excess_gamma_dose_rate,uSv/h,50.0,1.0,6360,0.0005916999944020063,False,,4,0.4,0.36000000000000004,False,,,
2238,NORMAL,NORMAL,522840.9204974669,5696404.290406497,1,23,28.284271247461902,54030.099525866935,0.16559196008518656,ground_equivalent_excess_gamma_dose_rate,uSv/h,50.0,1.0,5680,0.0004830000107176602,False,,4,0.4,0.36000000000000004,False,,,
2239,NORMAL,NORMAL,522860.9204974669,5696404.290406497,1,24,20.0,54050.099525866935,0.18130624287585384,ground_equivalent_excess_gamma_dose_rate,uSv/h,50.0,1.0,5680,0.00045270001282915473,False,,4,0.4,0.36000000000000004,False,,,
2240,NORMAL,NORMAL,522880.9204974669,5696424.290406497,2,25,28.284271247461902,54078.383797114395,0.21136966696756404,ground_equivalent_excess_gamma_dose_rate,uSv/h,50.0,1.0,6360,0.0005075999943073839,False,,4,0.4,0.36000000000000004,False,,,
2241,NORMAL,NORMAL,522880.9204974669,5696404.290406497,1,25,20.0,54098.383797114395,0.1990398625527694,ground_equivalent_excess_gamma_dose_rate,uSv/h,50.0,1.0,5680,0.0003831000067293644,False,,4,0.4,0.36000000000000004,False,,,
2242,NORMAL,NORMAL,522900.9204974669,5696384.290406497,0,26,28.284271247461902,54126.668068361854,0.20450817890052986,ground_equivalent_excess_gamma_dose_rate,uSv/h,50.0,1.0,4095,0.0009106000070460141,False,,4,0.4,0.36000000000000004,False,,,
2243,NORMAL,NORMAL,522920.9204974669,5696404.290406497,1,27,28.284271247461902,54154.952339609314,0.24170364824711527,ground_equivalent_excess_gamma_dose_rate,uSv/h,50.0,1.0,5680,0.001292100001592189,False,,4,0.4,0.36000000000000004,False,,,
2244,NORMAL,NORMAL,522940.9204974669,5696404.290406497,1,28,20.0,54174.952339609314,0.2672448233799823,ground_equivalent_excess_gamma_dose_rate,uSv/h,50.0,1.0,5680,0.0006504000048153102,False,,4,0.4,0.36000000000000004,False,,,
2245,NORMAL,NORMAL,522920.9204974669,5696384.290406497,0,27,28.284271247461902,54203.23661085677,0.2240961977768548,ground_equivalent_excess_gamma_dose_rate,uSv/h,50.0,1.0,4095,0.00044139998499304056,False,,4,0.4,0.36000000000000004,False,,,
2246,NORMAL,NORMAL,522900.9204974669,5696404.290406497,1,26,28.284271247461902,54231.52088210423,0.21907203595455732,ground_equivalent_excess_gamma_dose_rate,uSv/h,50.0,1.0,5680,0.0005261999904178083,False,,4,0.4,0.36000000000000004,False,,,
2247,NORMAL,NORMAL,522920.9204974669,5696404.290406497,1,27,20.0,54251.52088210423,0.24170364824711527,ground_equivalent_excess_gamma_dose_rate,uSv/h,50.0,1.0,5680,0.0007302000012714416,False,,4,0.4,0.36000000000000004,False,,,
2248,NORMAL,NORMAL,522940.9204974669,5696384.290406497,0,28,28.284271247461902,54279.80515335169,0.24588398353874952,ground_equivalent_excess_gamma_dose_rate,uSv/h,50.0,1.0,4095,0.0003793999785557389,False,,4,0.4,0.36000000000000004,False,,,
2249,NORMAL,NORMAL,522920.9204974669,5696404.290406497,1,27,28.284271247461902,54308.08942459915,0.24170364824711527,ground_equivalent_excess_gamma_dose_rate,uSv/h,50.0,1.0,5680,0.000464599987026304,False,,4,0.4,0.36000000000000004,False,,,
2250,NORMAL,NORMAL,522900.9204974669,5696424.290406497,2,26,28.284271247461902,54336.37369584661,0.2341022806239877,ground_equivalent_excess_gamma_dose_rate,uSv/h,50.0,1.0,6360,0.0005577999982051551,False,,4,0.4,0.36000000000000004,False,,,
2251,NORMAL,NORMAL,522920.9204974669,5696404.290406497,1,27,28.284271247461902,54364.65796709407,0.24170364824711527,ground_equivalent_excess_gamma_dose_rate,uSv/h,50.0,1.0,5680,0.0007067999977152795,False,,4,0.4,0.36000000000000004,False,,,
2252,NORMAL,NORMAL,522920.9204974669,5696424.290406497,2,27,20.0,54384.65796709407,0.2601303539098645,ground_equivalent_excess_gamma_dose_rate,uSv/h,50.0,1.0,6360,0.0006485999911092222,False,,4,0.4,0.36000000000000004,False,,,
2253,NORMAL,NORMAL,522900.9204974669,5696424.290406497,2,26,20.0,54404.65796709407,0.2341022806239877,ground_equivalent_excess_gamma_dose_rate,uSv/h,50.0,1.0,6360,0.0005844999977853149,False,,4,0.4,0.36000000000000004,False,,,
2254,NORMAL,NORMAL,522920.9204974669,5696444.290406497,3,27,28.284271247461902,54432.94223834153,0.2790836500930423,ground_equivalent_excess_gamma_dose_rate,uSv/h,50.0,1.0,6360,0.0005654999986290932,False,,4,0.4,0.36000000000000004,False,,,
2255,NORMAL,NORMAL,522900.9204974669,5696424.290406497,2,26,28.284271247461902,54461.22650958899,0.2341022806239877,ground_equivalent_excess_gamma_dose_rate,uSv/h,50.0,1.0,6360,0.002278100000694394,False,,4,0.4,0.36000000000000004,False,,,
2256,NORMAL,NORMAL,522920.9204974669,5696404.290406497,1,27,28.284271247461902,54489.51078083645,0.24170364824711527,ground_equivalent_excess_gamma_dose_rate,uSv/h,50.0,1.0,5680,0.0010724000167101622,False,,4,0.4,0.36000000000000004,False,,,
2257,NORMAL,NORMAL,522900.9204974669,5696424.290406497,2,26,28.284271247461902,54517.79505208391,0.2341022806239877,ground_equivalent_excess_gamma_dose_rate,uSv/h,50.0,1.0,6360,0.0005710999830625951,False,,4,0.4,0.36000000000000004,False,,,
2258,NORMAL,NORMAL,522920.9204974669,5696444.290406497,3,27,28.284271247461902,54546.07932333137,0.2790836500930423,ground_equivalent_excess_gamma_dose_rate,uSv/h,50.0,1.0,6360,0.000520500005222857,False,,4,0.4,0.36000000000000004,False,,,
2259,NORMAL,NORMAL,522920.9204974669,5696424.290406497,2,27,20.0,54566.07932333137,0.2601303539098645,ground_equivalent_excess_gamma_dose_rate,uSv/h,50.0,1.0,6360,0.00042460000258870423,False,,4,0.4,0.36000000000000004,False,,,
2260,NORMAL,NORMAL,522940.9204974669,5696444.290406497,3,28,28.284271247461902,54594.36359457883,0.3137014343194751,ground_equivalent_excess_gamma_dose_rate,uSv/h,50.0,1.0,6360,0.0004970000009052455,False,,4,0.4,0.36000000000000004,False,,,
2261,NORMAL,NORMAL,522940.9204974669,5696424.290406497,2,28,20.0,54614.36359457883,0.28995459452234185,ground_equivalent_excess_gamma_dose_rate,uSv/h,50.0,1.0,6360,0.00047500000800937414,False,,4,0.4,0.36000000000000004,False,,,
2262,NORMAL,NORMAL,522920.9204974669,5696424.290406497,2,27,20.0,54634.36359457883,0.2601303539098645,ground_equivalent_excess_gamma_dose_rate,uSv/h,50.0,1.0,6360,0.0007465000089723617,False,,4,0.4,0.36000000000000004,False,,,
2263,NORMAL,NORMAL,522940.9204974669,5696404.290406497,1,28,28.284271247461902,54662.647865826286,0.2672448233799823,ground_equivalent_excess_gamma_dose_rate,uSv/h,50.0,1.0,5680,0.0005685000214725733,False,,4,0.4,0.36000000000000004,False,,,
2264,NORMAL,NORMAL,522920.9204974669,5696404.290406497,1,27,20.0,54682.647865826286,0.24170364824711527,ground_equivalent_excess_gamma_dose_rate,uSv/h,50.0,1.0,5680,0.0005072999920230359,False,,4,0.4,0.36000000000000004,False,,,
2265,NORMAL,NORMAL,522940.9204974669,5696424.290406497,2,28,28.284271247461902,54710.932137073745,0.28995459452234185,ground_equivalent_excess_gamma_dose_rate,uSv/h,50.0,1.0,6360,0.0005156999977771193,False,,4,0.4,0.36000000000000004,False,,,
2266,NORMAL,NORMAL,522920.9204974669,5696444.290406497,3,27,28.284271247461902,54739.216408321205,0.2790836500930423,ground_equivalent_excess_gamma_dose_rate,uSv/h,50.0,1.0,6360,0.0004881000204477459,False,,4,0.4,0.36000000000000004,False,,,
2267,NORMAL,NORMAL,522920.9204974669,5696464.290406497,4,27,20.0,54759.216408321205,0.2981440233393183,ground_equivalent_excess_gamma_dose_rate,uSv/h,50.0,1.0,6360,0.034815699997125193,False,,4,0.4,0.36000000000000004,False,,,
2268,NORMAL,NORMAL,522940.9204974669,5696444.290406497,3,28,28.284271247461902,54787.500679568664,0.3137014343194751,ground_equivalent_excess_gamma_dose_rate,uSv/h,50.0,1.0,6360,0.001644900010433048,False,,4,0.4,0.36000000000000004,False,,,
2269,NORMAL,NORMAL,522960.9204974669,5696464.290406497,4,29,28.284271247461902,54815.78495081612,0.3853174982691347,ground_equivalent_excess_gamma_dose_rate,uSv/h,50.0,1.0,6360,0.000631399976555258,False,,4,0.4,0.36000000000000004,False,,,
2270,NORMAL,NORMAL,522940.9204974669,5696464.290406497,4,28,20.0,54835.78495081612,0.3379893603936967,ground_equivalent_excess_gamma_dose_rate,uSv/h,50.0,1.0,6360,0.0007143999973777682,False,,4,0.4,0.36000000000000004,False,,,
2271,NORMAL,NORMAL,522920.9204974669,5696484.290406497,5,27,28.284271247461902,54864.06922206358,0.31675518472526903,ground_equivalent_excess_gamma_dose_rate,uSv/h,50.0,1.0,6360,0.0006498000002466142,False,,4,0.4,0.36000000000000004,False,,,
2272,NORMAL,NORMAL,522900.9204974669,5696504.290406497,6,26,28.284271247461902,54892.35349331104,0.2924531161903461,ground_equivalent_excess_gamma_dose_rate,uSv/h,50.0,1.0,6360,0.00924370001303032,False,,4,0.4,0.36000000000000004,False,,,
2273,NORMAL,NORMAL,522880.9204974669,5696524.290406497,7,25,28.284271247461902,54920.6377645585,0.2669734558596114,ground_equivalent_excess_gamma_dose_rate,uSv/h,50.0,1.0,6360,0.0006375999946612865,False,,4,0.4,0.36000000000000004,False,,,
2274,NORMAL,NORMAL,522900.9204974669,5696524.290406497,7,26,20.0,54940.6377645585,0.3042954269701434,ground_equivalent_excess_gamma_dose_rate,uSv/h,50.0,1.0,6360,0.0006343999993987381,False,,4,0.4,0.36000000000000004,False,,,
2275,NORMAL,NORMAL,522880.9204974669,5696524.290406497,7,25,20.0,54960.6377645585,0.2669734558596114,ground_equivalent_excess_gamma_dose_rate,uSv/h,50.0,1.0,6360,0.0006644999957643449,False,,4,0.4,0.36000000000000004,False,,,
2276,NORMAL,NORMAL,522860.9204974669,5696544.290406497,8,24,28.284271247461902,54988.92203580596,0.24177774488612075,ground_equivalent_excess_gamma_dose_rate,uSv/h,50.0,1.0,6360,0.000751899991882965,False,,4,0.4,0.36000000000000004,False,,,
2277,NORMAL,NORMAL,522880.9204974669,5696564.290406497,9,25,28.284271247461902,55017.20630705342,0.2796774163620275,ground_equivalent_excess_gamma_dose_rate,uSv/h,50.0,1.0,6360,0.0006948999944142997,False,,4,0.4,0.36000000000000004,False,,,
2278,NORMAL,NORMAL,522860.9204974669,5696564.290406497,9,24,20.0,55037.20630705342,0.24588399055551918,ground_equivalent_excess_gamma_dose_rate,uSv/h,50.0,1.0,6360,0.0005502999993041158,False,,4,0.4,0.36000000000000004,False,,,
2279,NORMAL,NORMAL,522880.9204974669,5696564.290406497,9,25,20.0,55057.20630705342,0.2796774163620275,ground_equivalent_excess_gamma_dose_rate,uSv/h,50.0,1.0,6360,0.00047709999489597976,False,,4,0.4,0.36000000000000004,False,,,
2280,NORMAL,NORMAL,522880.9204974669,5696544.290406497,8,25,20.0,55077.20630705342,0.2743770781873324,ground_equivalent_excess_gamma_dose_rate,uSv/h,50.0,1.0,6360,0.0004560000088531524,False,,4,0.4,0.36000000000000004,False,,,
2281,NORMAL,NORMAL,522900.9204974669,5696524.290406497,7,26,28.284271247461902,55105.49057830088,0.3042954269701434,ground_equivalent_excess_gamma_dose_rate,uSv/h,50.0,1.0,6360,0.0004732999950647354,False,,4,0.4,0.36000000000000004,False,,,
2282,NORMAL,NORMAL,522900.9204974669,5696544.290406497,8,26,20.0,55125.49057830088,0.3139511740943321,ground_equivalent_excess_gamma_dose_rate,uSv/h,50.0,1.0,6360,0.13465190000715666,False,,4,0.4,0.36000000000000004,False,,,
2283,NORMAL,NORMAL,522880.9204974669,5696564.290406497,9,25,28.284271247461902,55153.77484954834,0.2796774163620275,ground_equivalent_excess_gamma_dose_rate,uSv/h,50.0,1.0,6360,0.0006949000235181302,False,,4,0.4,0.36000000000000004,False,,,
2284,NORMAL,NORMAL,522880.9204974669,5696544.290406497,8,25,20.0,55173.77484954834,0.2743770781873324,ground_equivalent_excess_gamma_dose_rate,uSv/h,50.0,1.0,6360,0.0006328999879769981,False,,4,0.4,0.36000000000000004,False,,,
2285,NORMAL,NORMAL,522900.9204974669,5696544.290406497,8,26,20.0,55193.77484954834,0.3139511740943321,ground_equivalent_excess_gamma_dose_rate,uSv/h,50.0,1.0,6360,0.0005985999887343496,False,,4,0.4,0.36000000000000004,False,,,
2286,NORMAL,NORMAL,522900.9204974669,5696564.290406497,9,26,20.0,55213.77484954834,0.3209101268365257,ground_equivalent_excess_gamma_dose_rate,uSv/h,50.0,1.0,6360,0.0006059000152163208,False,,4,0.4,0.36000000000000004,False,,,
2287,NORMAL,NORMAL,522880.9204974669,5696544.290406497,8,25,28.284271247461902,55242.0591207958,0.2743770781873324,ground_equivalent_excess_gamma_dose_rate,uSv/h,50.0,1.0,6360,0.000604800006840378,False,,4,0.4,0.36000000000000004,False,,,
2288,NORMAL,NORMAL,522860.9204974669,5696524.290406497,7,24,28.284271247461902,55270.34339204326,0.2360104014685453,ground_equivalent_excess_gamma_dose_rate,uSv/h,50.0,1.0,6360,0.000526099989656359,False,,4,0.4,0.36000000000000004,False,,,
2289,NORMAL,NORMAL,522840.9204974669,5696524.290406497,7,23,20.0,55290.34339204326,0.21006143681040162,ground_equivalent_excess_gamma_dose_rate,uSv/h,50.0,1.0,6360,0.0005277000018395483,False,,4,0.4,0.36000000000000004,False,,,
2290,NORMAL,NORMAL,522820.9204974669,5696544.290406497,8,22,28.284271247461902,55318.62766329072,0.1917600225772555,ground_equivalent_excess_gamma_dose_rate,uSv/h,50.0,1.0,6360,0.0007780000159982592,False,,4,0.4,0.36000000000000004,False,,,
2291,NORMAL,NORMAL,522840.9204974669,5696524.290406497,7,23,28.284271247461902,55346.91193453818,0.21006143681040162,ground_equivalent_excess_gamma_dose_rate,uSv/h,50.0,1.0,6360,0.000697499985108152,False,,4,0.4,0.36000000000000004,False,,,
2292,NORMAL,NORMAL,522840.9204974669,5696544.290406497,8,23,20.0,55366.91193453818,0.21461803670281626,ground_equivalent_excess_gamma_dose_rate,uSv/h,50.0,1.0,6360,0.0007886000094003975,False,,4,0.4,0.36000000000000004,False,,,
2293,NORMAL,NORMAL,522840.9204974669,5696564.290406497,9,23,20.0,55386.91193453818,0.2178474003559227,ground_equivalent_excess_gamma_dose_rate,uSv/h,50.0,1.0,6360,0.0007323999889194965,False,,4,0.4,0.36000000000000004,False,,,
2294,NORMAL,NORMAL,522860.9204974669,5696564.290406497,9,24,20.0,55406.91193453818,0.24588399055551918,ground_equivalent_excess_gamma_dose_rate,uSv/h,50.0,1.0,6360,0.0710450999904424,False,,4,0.4,0.36000000000000004,False,,,
2295,NORMAL,NORMAL,522840.9204974669,5696564.290406497,9,23,20.0,55426.91193453818,0.2178474003559227,ground_equivalent_excess_gamma_dose_rate,uSv/h,50.0,1.0,6360,0.0006775000074412674,False,,4,0.4,0.36000000000000004,False,,,
2296,NORMAL,NORMAL,522820.9204974669,5696544.290406497,8,22,28.284271247461902,55455.196205785636,0.1917600225772555,ground_equivalent_excess_gamma_dose_rate,uSv/h,50.0,1.0,6360,0.0005191999953240156,False,,4,0.4,0.36000000000000004,False,,,
2297,NORMAL,NORMAL,522820.9204974669,5696564.290406497,9,22,20.0,55475.196205785636,0.1943340028971079,ground_equivalent_excess_gamma_dose_rate,uSv/h,50.0,1.0,6360,0.00046919999294914305,False,,4,0.4,0.36000000000000004,False,,,
2298,NORMAL,NORMAL,522840.9204974669,5696584.290406497,10,23,28.284271247461902,55503.480477033096,0.21962104042010128,ground_equivalent_excess_gamma_dose_rate,uSv/h,50.0,1.0,6360,0.0007881000055931509,False,,4,0.4,0.36000000000000004,False,,,
2299,NORMAL,NORMAL,522820.9204974669,5696584.290406497,10,22,20.0,55523.480477033096,0.19574419033461715,ground_equivalent_excess_gamma_dose_rate,uSv/h,50.0,1.0,6360,0.0006328000163193792,False,,4,0.4,0.36000000000000004,False,,,
2300,NORMAL,NORMAL,522840.9204974669,5696584.290406497,10,23,20.0,55543.480477033096,0.21962104042010128,ground_equivalent_excess_gamma_dose_rate,uSv/h,50.0,1.0,6360,0.0005332999862730503,False,,4,0.4,0.36000000000000004,False,,,
2301,NORMAL,NORMAL,522840.9204974669,5696604.290406497,11,23,20.0,55563.480477033096,0.21986592476847638,ground_equivalent_excess_gamma_dose_rate,uSv/h,50.0,1.0,6360,0.0004947000124957412,False,,4,0.4,0.36000000000000004,False,,,
2302,NORMAL,NORMAL,522820.9204974669,5696624.290406497,12,22,28.284271247461902,55591.764748280555,0.19491028344590638,ground_equivalent_excess_gamma_dose_rate,uSv/h,50.0,1.0,6360,0.0008085000154096633,False,,4,0.4,0.36000000000000004,False,,,
2303,NORMAL,NORMAL,522820.9204974669,5696604.290406497,11,22,20.0,55611.764748280555,0.1959386986880468,ground_equivalent_excess_gamma_dose_rate,uSv/h,50.0,1.0,6360,0.0006714999908581376,False,,4,0.4,0.36000000000000004,False,,,
2304,NORMAL,NORMAL,522800.9204974669,5696624.290406497,12,21,28.284271247461902,55640.049019528014,0.1748870494096587,ground_equivalent_excess_gamma_dose_rate,uSv/h,50.0,1.0,6360,0.0006335999933071434,False,,4,0.4,0.36000000000000004,False,,,
2305,NORMAL,NORMAL,522820.9204974669,5696644.290406497,13,22,28.284271247461902,55668.333290775474,0.19269700663524703,ground_equivalent_excess_gamma_dose_rate,uSv/h,50.0,1.0,6360,0.0005832999886479229,False,,4,0.4,0.36000000000000004,False,,,
2306,NORMAL,NORMAL,522820.9204974669,5696664.290406497,14,22,20.0,55688.333290775474,0.18937877496752126,ground_equivalent_excess_gamma_dose_rate,uSv/h,50.0,1.0,6360,0.0005893000052310526,False,,4,0.4,0.36000000000000004,False,,,
2307,NORMAL,NORMAL,522800.9204974669,5696664.290406497,14,21,20.0,55708.333290775474,0.1704206516329601,ground_equivalent_excess_gamma_dose_rate,uSv/h,50.0,1.0,6360,0.0005749999836552888,False,,4,0.4,0.36000000000000004,False,,,
2308,NORMAL,NORMAL,522820.9204974669,5696664.290406497,14,22,20.0,55728.333290775474,0.18937877496752126,ground_equivalent_excess_gamma_dose_rate,uSv/h,50.0,1.0,6360,0.0005280000041238964,False,,4,0.4,0.36000000000000004,False,,,
2309,NORMAL,NORMAL,522840.9204974669,5696644.290406497,13,23,28.284271247461902,55756.61756202293,0.21579239742938378,ground_equivalent_excess_gamma_dose_rate,uSv/h,50.0,1.0,6360,0.0004969000001437962,False,,4,0.4,0.36000000000000004,False,,,
2310,NORMAL,NORMAL,522820.9204974669,5696664.290406497,14,22,28.284271247461902,55784.90183327039,0.18937877496752126,ground_equivalent_excess_gamma_dose_rate,uSv/h,50.0,1.0,6360,0.0004836000152863562,False,,4,0.4,0.36000000000000004,False,,,
2311,NORMAL,NORMAL,522820.9204974669,5696644.290406497,13,22,20.0,55804.90183327039,0.19269700663524703,ground_equivalent_excess_gamma_dose_rate,uSv/h,50.0,1.0,6360,0.0006031999946571887,False,,4,0.4,0.36000000000000004,False,,,
2312,NORMAL,NORMAL,522840.9204974669,5696624.290406497,12,23,28.284271247461902,55833.18610451785,0.21857183128571162,ground_equivalent_excess_gamma_dose_rate,uSv/h,50.0,1.0,6360,0.0005839000223204494,False,,4,0.4,0.36000000000000004,False,,,
2313,NORMAL,NORMAL,522860.9204974669,5696604.290406497,11,24,28.284271247461902,55861.47037576531,0.24845857979037067,ground_equivalent_excess_gamma_dose_rate,uSv/h,50.0,1.0,6360,0.0009890000219456851,False,,4,0.4,0.36000000000000004,False,,,
2314,NORMAL,NORMAL,522880.9204974669,5696584.290406497,10,25,28.284271247461902,55889.75464701277,0.28260750156085973,ground_equivalent_excess_gamma_dose_rate,uSv/h,50.0,1.0,6360,0.0004689999914262444,False,,4,0.4,0.36000000000000004,False,,,
2315,NORMAL,NORMAL,522900.9204974669,5696564.290406497,9,26,28.284271247461902,55918.03891826023,0.3209101268365257,ground_equivalent_excess_gamma_dose_rate,uSv/h,50.0,1.0,6360,0.0006566999945789576,False,,4,0.4,0.36000000000000004,False,,,
2316,NORMAL,NORMAL,522880.9204974669,5696544.290406497,8,25,28.284271247461902,55946.32318950769,0.2743770781873324,ground_equivalent_excess_gamma_dose_rate,uSv/h,50.0,1.0,6360,0.0007666000165045261,False,,4,0.4,0.36000000000000004,False,,,
2317,NORMAL,NORMAL,522860.9204974669,5696564.290406497,9,24,28.284271247461902,55974.60746075515,0.24588399055551918,ground_equivalent_excess_gamma_dose_rate,uSv/h,50.0,1.0,6360,0.0006064999906811863,False,,4,0.4,0.36000000000000004,False,,,
2318,NORMAL,NORMAL,522840.9204974669,5696564.290406497,9,23,20.0,55994.60746075515,0.2178474003559227,ground_equivalent_excess_gamma_dose_rate,uSv/h,50.0,1.0,6360,0.0005684000207111239,False,,4,0.4,0.36000000000000004,False,,,
2319,NORMAL,NORMAL,522860.9204974669,5696584.290406497,10,24,28.284271247461902,56022.89173200261,0.248145906869021,ground_equivalent_excess_gamma_dose_rate,uSv/h,50.0,1.0,6360,0.0004952999879606068,False,,4,0.4,0.36000000000000004,False,,,
2320,NORMAL,NORMAL,522860.9204974669,5696564.290406497,9,24,20.0,56042.89173200261,0.24588399055551918,ground_equivalent_excess_gamma_dose_rate,uSv/h,50.0,1.0,6360,0.0005548000044655055,False,,4,0.4,0.36000000000000004,False,,,
2321,NORMAL,NORMAL,522840.9204974669,5696584.290406497,10,23,28.284271247461902,56071.17600325007,0.21962104042010128,ground_equivalent_excess_gamma_dose_rate,uSv/h,50.0,1.0,6360,0.0004655999946407974,False,,4,0.4,0.36000000000000004,False,,,
2322,NORMAL,NORMAL,522840.9204974669,5696564.290406497,9,23,20.0,56091.17600325007,0.2178474003559227,ground_equivalent_excess_gamma_dose_rate,uSv/h,50.0,1.0,6360,0.0005249999812804163,False,,4,0.4,0.36000000000000004,False,,,
2323,NORMAL,NORMAL,522860.9204974669,5696564.290406497,9,24,20.0,56111.17600325007,0.24588399055551918,ground_equivalent_excess_gamma_dose_rate,uSv/h,50.0,1.0,6360,0.000526699994225055,False,,4,0.4,0.36000000000000004,False,,,
2324,NORMAL,NORMAL,522840.9204974669,5696564.290406497,9,23,20.0,56131.17600325007,0.2178474003559227,ground_equivalent_excess_gamma_dose_rate,uSv/h,50.0,1.0,6360,0.0005849000008311123,False,,4,0.4,0.36000000000000004,False,,,
2325,NORMAL,NORMAL,522820.9204974669,5696564.290406497,9,22,20.0,56151.17600325007,0.1943340028971079,ground_equivalent_excess_gamma_dose_rate,uSv/h,50.0,1.0,6360,0.0005556000105571002,False,,4,0.4,0.36000000000000004,False,,,
2326,NORMAL,NORMAL,522800.9204974669,5696584.290406497,10,21,28.284271247461902,56179.46027449753,0.17555812665922327,ground_equivalent_excess_gamma_dose_rate,uSv/h,50.0,1.0,6360,0.00045479999971576035,False,,4,0.4,0.36000000000000004,False,,,
2327,NORMAL,NORMAL,522800.9204974669,5696604.290406497,11,21,20.0,56199.46027449753,0.1757145702838941,ground_equivalent_excess_gamma_dose_rate,uSv/h,50.0,1.0,6360,0.0006071999960113317,False,,4,0.4,0.36000000000000004,False,,,
2328,NORMAL,NORMAL,522820.9204974669,5696584.290406497,10,22,28.284271247461902,56227.74454574499,0.19574419033461715,ground_equivalent_excess_gamma_dose_rate,uSv/h,50.0,1.0,6360,0.00048370001604780555,False,,4,0.4,0.36000000000000004,False,,,
2329,NORMAL,NORMAL,522820.9204974669,5696604.290406497,11,22,20.0,56247.74454574499,0.1959386986880468,ground_equivalent_excess_gamma_dose_rate,uSv/h,50.0,1.0,6360,0.0003307000151835382,False,,4,0.4,0.36000000000000004,False,,,
2330,NORMAL,NORMAL,522820.9204974669,5696584.290406497,10,22,20.0,56267.74454574499,0.19574419033461715,ground_equivalent_excess_gamma_dose_rate,uSv/h,50.0,1.0,6360,0.0003580999909900129,False,,4,0.4,0.36000000000000004,False,,,
2331,NORMAL,NORMAL,522840.9204974669,5696564.290406497,9,23,28.284271247461902,56296.028816992446,0.2178474003559227,ground_equivalent_excess_gamma_dose_rate,uSv/h,50.0,1.0,6360,0.0030611000256612897,False,,4,0.4,0.36000000000000004,False,,,
2332,NORMAL,NORMAL,522860.9204974669,5696544.290406497,8,24,28.284271247461902,56324.313088239905,0.24177774488612075,ground_equivalent_excess_gamma_dose_rate,uSv/h,50.0,1.0,6360,0.0005215000128373504,False,,4,0.4,0.36000000000000004,False,,,
2333,NORMAL,NORMAL,522880.9204974669,5696564.290406497,9,25,28.284271247461902,56352.597359487365,0.2796774163620275,ground_equivalent_excess_gamma_dose_rate,uSv/h,50.0,1.0,6360,0.0008157000120263547,False,,4,0.4,0.36000000000000004,False,,,
2334,NORMAL,NORMAL,522860.9204974669,5696544.290406497,8,24,28.284271247461902,56380.881630734824,0.24177774488612075,ground_equivalent_excess_gamma_dose_rate,uSv/h,50.0,1.0,6360,0.0006209999846760184,False,,4,0.4,0.36000000000000004,False,,,
2335,NORMAL,NORMAL,522840.9204974669,5696544.290406497,8,23,20.0,56400.881630734824,0.21461803670281626,ground_equivalent_excess_gamma_dose_rate,uSv/h,50.0,1.0,6360,0.0006041000015102327,False,,4,0.4,0.36000000000000004,False,,,
2336,NORMAL,NORMAL,522820.9204974669,5696544.290406497,8,22,20.0,56420.881630734824,0.1917600225772555,ground_equivalent_excess_gamma_dose_rate,uSv/h,50.0,1.0,6360,0.0005342999938875437,False,,4,0.4,0.36000000000000004,False,,,
2337,NORMAL,NORMAL,522820.9204974669,5696564.290406497,9,22,20.0,56440.881630734824,0.1943340028971079,ground_equivalent_excess_gamma_dose_rate,uSv/h,50.0,1.0,6360,0.0005132000078447163,False,,4,0.4,0.36000000000000004,False,,,
2338,NORMAL,NORMAL,522800.9204974669,5696564.290406497,9,21,20.0,56460.881630734824,0.1744229492819489,ground_equivalent_excess_gamma_dose_rate,uSv/h,50.0,1.0,6360,0.0005220999883022159,False,,4,0.4,0.36000000000000004,False,,,
2339,NORMAL,NORMAL,522820.9204974669,5696584.290406497,10,22,28.284271247461902,56489.165901982284,0.19574419033461715,ground_equivalent_excess_gamma_dose_rate,uSv/h,50.0,1.0,6360,0.0005573999951593578,False,,4,0.4,0.36000000000000004,False,,,
2340,NORMAL,NORMAL,522800.9204974669,5696604.290406497,11,21,28.284271247461902,56517.45017322974,0.1757145702838941,ground_equivalent_excess_gamma_dose_rate,uSv/h,50.0,1.0,6360,0.0005644999910145998,False,,4,0.4,0.36000000000000004,False,,,
2341,NORMAL,NORMAL,522780.9204974669,5696624.290406497,12,20,28.284271247461902,56545.7344444772,0.15779374219323944,ground_equivalent_excess_gamma_dose_rate,uSv/h,50.0,1.0,6360,0.0005182000168133527,False,,4,0.4,0.36000000000000004,False,,,
2342,NORMAL,NORMAL,522780.9204974669,5696644.290406497,13,20,20.0,56565.7344444772,0.15634000497359446,ground_equivalent_excess_gamma_dose_rate,uSv/h,50.0,1.0,6360,0.0005099000118207186,False,,4,0.4,0.36000000000000004,False,,,
2343,NORMAL,NORMAL,522780.9204974669,5696624.290406497,12,20,20.0,56585.7344444772,0.15779374219323944,ground_equivalent_excess_gamma_dose_rate,uSv/h,50.0,1.0,6360,0.0004721000150311738,False,,4,0.4,0.36000000000000004,False,,,
2344,NORMAL,NORMAL,522760.9204974669,5696624.290406497,12,19,20.0,56605.7344444772,0.14308612995565057,ground_equivalent_excess_gamma_dose_rate,uSv/h,50.0,1.0,6360,0.000527600001078099,False,,4,0.4,0.36000000000000004,False,,,
2345,NORMAL,NORMAL,522780.9204974669,5696624.290406497,12,20,20.0,56625.7344444772,0.15779374219323944,ground_equivalent_excess_gamma_dose_rate,uSv/h,50.0,1.0,6360,0.0005116999964229763,False,,4,0.4,0.36000000000000004,False,,,
2346,NORMAL,NORMAL,522780.9204974669,5696604.290406497,11,20,20.0,56645.7344444772,0.158467094579551,ground_equivalent_excess_gamma_dose_rate,uSv/h,50.0,1.0,6360,0.0004768999933730811,False,,4,0.4,0.36000000000000004,False,,,
2347,NORMAL,NORMAL,522760.9204974669,5696584.290406497,10,19,28.284271247461902,56674.01871572466,0.14353502971059678,ground_equivalent_excess_gamma_dose_rate,uSv/h,50.0,1.0,6360,0.0005322000070009381,False,,4,0.4,0.36000000000000004,False,,,
2348,NORMAL,NORMAL,522760.9204974669,5696564.290406497,9,19,20.0,56694.01871572466,0.14277531559390327,ground_equivalent_excess_gamma_dose_rate,uSv/h,50.0,1.0,6360,0.0006830999918747693,False,,4,0.4,0.36000000000000004,False,,,
2349,NORMAL,NORMAL,522760.9204974669,5696584.290406497,10,19,20.0,56714.01871572466,0.14353502971059678,ground_equivalent_excess_gamma_dose_rate,uSv/h,50.0,1.0,6360,0.0005298999894876033,False,,4,0.4,0.36000000000000004,False,,,
2350,NORMAL,NORMAL,522740.9204974669,5696604.290406497,11,18,28.284271247461902,56742.30298697212,0.13079966262266912,ground_equivalent_excess_gamma_dose_rate,uSv/h,50.0,1.0,6360,0.0004606999864336103,False,,4,0.4,0.36000000000000004,False,,,
2351,NORMAL,NORMAL,522760.9204974669,5696584.290406497,10,19,28.284271247461902,56770.58725821958,0.14353502971059678,ground_equivalent_excess_gamma_dose_rate,uSv/h,50.0,1.0,6360,0.0005338000191841274,False,,4,0.4,0.36000000000000004,False,,,
2352,NORMAL,NORMAL,522740.9204974669,5696604.290406497,11,18,28.284271247461902,56798.87152946704,0.13079966262266912,ground_equivalent_excess_gamma_dose_rate,uSv/h,50.0,1.0,6360,0.0005945999873802066,False,,4,0.4,0.36000000000000004,False,,,
2353,NORMAL,NORMAL,522720.9204974669,5696624.290406497,12,17,28.284271247461902,56827.1558007145,0.11922334718719901,ground_equivalent_excess_gamma_dose_rate,uSv/h,50.0,1.0,6360,0.0005028999876230955,False,,4,0.4,0.36000000000000004,False,,,
2354,NORMAL,NORMAL,522720.9204974669,5696644.290406497,13,17,20.0,56847.1558007145,0.11839156791240424,ground_equivalent_excess_gamma_dose_rate,uSv/h,50.0,1.0,6360,0.0005016000068280846,False,,4,0.4,0.36000000000000004,False,,,
2355,NORMAL,NORMAL,522740.9204974669,5696664.290406497,14,18,28.284271247461902,56875.44007196196,0.12784347191592754,ground_equivalent_excess_gamma_dose_rate,uSv/h,50.0,1.0,6360,0.00045020002289675176,False,,4,0.4,0.36000000000000004,False,,,
2356,NORMAL,NORMAL,522760.9204974669,5696684.290406497,15,19,28.284271247461902,56903.72434320942,0.13771101324714013,ground_equivalent_excess_gamma_dose_rate,uSv/h,50.0,1.0,6360,0.00044860001071356237,False,,4,0.4,0.36000000000000004,False,,,
2357,NORMAL,NORMAL,522760.9204974669,5696664.290406497,14,19,20.0,56923.72434320942,0.14008241522136555,ground_equivalent_excess_gamma_dose_rate,uSv/h,50.0,1.0,6360,0.00046320000546984375,False,,4,0.4,0.36000000000000004,False,,,
2358,NORMAL,NORMAL,522760.9204974669,5696684.290406497,15,19,20.0,56943.72434320942,0.13771101324714013,ground_equivalent_excess_gamma_dose_rate,uSv/h,50.0,1.0,6360,0.00034100000630132854,False,,4,0.4,0.36000000000000004,False,,,
2359,NORMAL,NORMAL,522740.9204974669,5696684.290406497,15,18,20.0,56963.72434320942,0.1258654191825515,ground_equivalent_excess_gamma_dose_rate,uSv/h,50.0,1.0,6360,0.0003387999895494431,False,,4,0.4,0.36000000000000004,False,,,
2360,NORMAL,NORMAL,522720.9204974669,5696684.290406497,15,17,20.0,56983.72434320942,0.11546804566804986,ground_equivalent_excess_gamma_dose_rate,uSv/h,50.0,1.0,6360,0.00036639999598264694,False,,4,0.4,0.36000000000000004,False,,,
2361,NORMAL,NORMAL,522700.9204974669,5696704.290406497,16,16,28.284271247461902,57012.00861445688,0.10457249626114068,ground_equivalent_excess_gamma_dose_rate,uSv/h,50.0,1.0,6360,0.0003586999955587089,False,,4,0.4,0.36000000000000004,False,,,
2362,NORMAL,NORMAL,522720.9204974669,5696704.290406497,16,17,20.0,57032.00861445688,0.11343870651131088,ground_equivalent_excess_gamma_dose_rate,uSv/h,50.0,1.0,6360,0.0003375000087544322,False,,4,0.4,0.36000000000000004,False,,,
2363,NORMAL,NORMAL,522700.9204974669,5696704.290406497,16,16,20.0,57052.00861445688,0.10457249626114068,ground_equivalent_excess_gamma_dose_rate,uSv/h,50.0,1.0,6360,0.00051710000843741,False,,4,0.4,0.36000000000000004,False,,,
2364,NORMAL,NORMAL,522720.9204974669,5696724.290406497,17,17,28.284271247461902,57080.29288570434,0.11108319438545927,ground_equivalent_excess_gamma_dose_rate,uSv/h,50.0,1.0,6360,0.00038660000427626073,False,,4,0.4,0.36000000000000004,False,,,
2365,NORMAL,NORMAL,522720.9204974669,5696704.290406497,16,17,20.0,57100.29288570434,0.11343870651131088,ground_equivalent_excess_gamma_dose_rate,uSv/h,50.0,1.0,6360,0.0003482000029180199,False,,4,0.4,0.36000000000000004,False,,,
2366,NORMAL,NORMAL,522700.9204974669,5696684.290406497,15,16,28.284271247461902,57128.5771569518,0.10629460371517019,ground_equivalent_excess_gamma_dose_rate,uSv/h,50.0,1.0,6360,0.00034100000630132854,False,,4,0.4,0.36000000000000004,False,,,
2367,NORMAL,NORMAL,522680.9204974669,5696664.290406497,14,15,28.284271247461902,57156.861428199256,0.09936113396046037,ground_equivalent_excess_gamma_dose_rate,uSv/h,50.0,1.0,6360,0.045896499999798834,False,,4,0.4,0.36000000000000004,False,,,
2368,NORMAL,NORMAL,522680.9204974669,5696684.290406497,15,15,20.0,57176.861428199256,0.09816214969928377,ground_equivalent_excess_gamma_dose_rate,uSv/h,50.0,1.0,6360,0.0011391000007279217,False,,4,0.4,0.36000000000000004,False,,,
2369,NORMAL,NORMAL,522660.9204974669,5696684.290406497,15,14,20.0,57196.861428199256,0.09092035992655062,ground_equivalent_excess_gamma_dose_rate,uSv/h,50.0,1.0,6360,0.0006948999944142997,False,,4,0.4,0.36000000000000004,False,,,
2370,NORMAL,NORMAL,522640.9204974669,5696684.290406497,15,13,20.0,57216.861428199256,0.08444485796793127,ground_equivalent_excess_gamma_dose_rate,uSv/h,50.0,1.0,6360,0.001839799981098622,False,,4,0.4,0.36000000000000004,False,,,
2371,NORMAL,NORMAL,522620.9204974669,5696704.290406497,16,12,28.284271247461902,57245.145699446715,0.07768567227376999,ground_equivalent_excess_gamma_dose_rate,uSv/h,50.0,1.0,6360,0.0008067000017035753,False,,4,0.4,0.36000000000000004,False,,,
2372,NORMAL,NORMAL,522600.9204974669,5696704.290406497,16,11,20.0,57265.145699446715,0.07257000867603797,ground_equivalent_excess_gamma_dose_rate,uSv/h,50.0,1.0,6360,0.0008237000147346407,False,,4,0.4,0.36000000000000004,False,,,
2373,NORMAL,NORMAL,522620.9204974669,5696704.290406497,16,12,20.0,57285.145699446715,0.07768567227376999,ground_equivalent_excess_gamma_dose_rate,uSv/h,50.0,1.0,6360,0.0006913000252097845,False,,4,0.4,0.36000000000000004,False,,,
2374,NORMAL,NORMAL,522600.9204974669,5696684.290406497,15,11,28.284271247461902,57313.429970694175,0.07339520333272825,ground_equivalent_excess_gamma_dose_rate,uSv/h,50.0,1.0,6360,0.000754000007873401,False,,4,0.4,0.36000000000000004,False,,,
2375,NORMAL,NORMAL,522600.9204974669,5696664.290406497,14,11,20.0,57333.429970694175,0.07406343089764306,ground_equivalent_excess_gamma_dose_rate,uSv/h,50.0,1.0,6360,0.0008374000026378781,False,,4,0.4,0.36000000000000004,False,,,
2376,NORMAL,NORMAL,522620.9204974669,5696684.290406497,15,12,28.284271247461902,57361.714241941634,0.0786320666981164,ground_equivalent_excess_gamma_dose_rate,uSv/h,50.0,1.0,6360,0.0005601999873761088,False,,4,0.4,0.36000000000000004,False,,,
2377,NORMAL,NORMAL,522600.9204974669,5696684.290406497,15,11,20.0,57381.714241941634,0.07339520333272825,ground_equivalent_excess_gamma_dose_rate,uSv/h,50.0,1.0,6360,0.0004852999991271645,False,,4,0.4,0.36000000000000004,False,,,
2378,NORMAL,NORMAL,522600.9204974669,5696664.290406497,14,11,20.0,57401.714241941634,0.07406343089764306,ground_equivalent_excess_gamma_dose_rate,uSv/h,50.0,1.0,6360,0.00046049998491071165,False,,4,0.4,0.36000000000000004,False,,,
2379,NORMAL,NORMAL,522620.9204974669,5696644.290406497,13,12,28.284271247461902,57429.99851318909,0.07997696178632457,ground_equivalent_excess_gamma_dose_rate,uSv/h,50.0,1.0,6360,0.002953000017441809,False,,4,0.4,0.36000000000000004,False,,,
2380,NORMAL,NORMAL,522640.9204974669,5696624.290406497,12,13,28.284271247461902,57458.28278443655,0.08643594048281567,ground_equivalent_excess_gamma_dose_rate,uSv/h,50.0,1.0,6360,0.0005939000111538917,False,,4,0.4,0.36000000000000004,False,,,
2381,NORMAL,NORMAL,522660.9204974669,5696604.290406497,11,14,28.284271247461902,57486.56705568401,0.09346735811324125,ground_equivalent_excess_gamma_dose_rate,uSv/h,50.0,1.0,6360,0.002813300001434982,False,,4,0.4,0.36000000000000004,False,,,
2382,NORMAL,NORMAL,522680.9204974669,5696584.290406497,10,15,28.284271247461902,57514.85132693147,0.10108583330796478,ground_equivalent_excess_gamma_dose_rate,uSv/h,50.0,1.0,6360,0.002840899978764355,False,,4,0.4,0.36000000000000004,False,,,
2383,NORMAL,NORMAL,522660.9204974669,5696604.290406497,11,14,28.284271247461902,57543.13559817893,0.09346735811324125,ground_equivalent_excess_gamma_dose_rate,uSv/h,50.0,1.0,6360,0.0005639999872073531,False,,4,0.4,0.36000000000000004,False,,,
2384,NORMAL,NORMAL,522640.9204974669,5696584.290406497,10,13,28.284271247461902,57571.41986942639,0.08659954824919996,ground_equivalent_excess_gamma_dose_rate,uSv/h,50.0,1.0,6360,0.0006576000014320016,False,,4,0.4,0.36000000000000004,False,,,
2385,NORMAL,NORMAL,522660.9204974669,5696564.290406497,9,14,28.284271247461902,57599.70414067385,0.09310063666084334,ground_equivalent_excess_gamma_dose_rate,uSv/h,50.0,1.0,6360,0.0005568999913521111,False,,4,0.4,0.36000000000000004,False,,,
2386,NORMAL,NORMAL,522640.9204974669,5696564.290406497,9,13,20.0,57619.70414067385,0.08632242152687403,ground_equivalent_excess_gamma_dose_rate,uSv/h,50.0,1.0,6360,0.0007820000173524022,False,,4,0.4,0.36000000000000004,False,,,
2387,NORMAL,NORMAL,522660.9204974669,5696564.290406497,9,14,20.0,57639.70414067385,0.09310063666084334,ground_equivalent_excess_gamma_dose_rate,uSv/h,50.0,1.0,6360,0.004049499984830618,False,,4,0.4,0.36000000000000004,False,,,
2388,NORMAL,NORMAL,522680.9204974669,5696584.290406497,10,15,28.284271247461902,57667.98841192131,0.10108583330796478,ground_equivalent_excess_gamma_dose_rate,uSv/h,50.0,1.0,6360,0.0007255999953486025,False,,4,0.4,0.36000000000000004,False,,,
2389,NORMAL,NORMAL,522700.9204974669,5696604.290406497,11,16,28.284271247461902,57696.27268316877,0.10979237093123073,ground_equivalent_excess_gamma_dose_rate,uSv/h,50.0,1.0,6360,0.002618900005472824,False,,4,0.4,0.36000000000000004,False,,,
2390,NORMAL,NORMAL,522720.9204974669,5696584.290406497,10,17,28.284271247461902,57724.55695441623,0.11953484123101915,ground_equivalent_excess_gamma_dose_rate,uSv/h,50.0,1.0,6360,0.0006952999974600971,False,,4,0.4,0.36000000000000004,False,,,
2391,NORMAL,NORMAL,522740.9204974669,5696584.290406497,10,18,20.0,57744.55695441623,0.13071295557171897,ground_equivalent_excess_gamma_dose_rate,uSv/h,50.0,1.0,6360,0.002557100000558421,False,,4,0.4,0.36000000000000004,False,,,
2392,NORMAL,NORMAL,522720.9204974669,5696564.290406497,9,17,28.284271247461902,57772.84122566369,0.11900748032321601,ground_equivalent_excess_gamma_dose_rate,uSv/h,50.0,1.0,6360,0.0006576000014320016,False,,4,0.4,0.36000000000000004,False,,,
2393,NORMAL,NORMAL,522740.9204974669,5696564.290406497,9,18,20.0,57792.84122566369,0.13008261240555613,ground_equivalent_excess_gamma_dose_rate,uSv/h,50.0,1.0,6360,0.00052299999515526,False,,4,0.4,0.36000000000000004,False,,,
2394,NORMAL,NORMAL,522740.9204974669,5696544.290406497,8,18,20.0,57812.84122566369,0.12892422947811016,ground_equivalent_excess_gamma_dose_rate,uSv/h,50.0,1.0,6360,0.0038533999759238213,False,,4,0.4,0.36000000000000004,False,,,
2395,NORMAL,NORMAL,522720.9204974669,5696524.290406497,7,17,28.284271247461902,57841.12549691115,0.11664560860302825,ground_equivalent_excess_gamma_dose_rate,uSv/h,50.0,1.0,6360,0.000519299996085465,False,,4,0.4,0.36000000000000004,False,,,
2396,NORMAL,NORMAL,522700.9204974669,5696544.290406497,8,16,28.284271247461902,57869.409768158606,0.10846792596103222,ground_equivalent_excess_gamma_dose_rate,uSv/h,50.0,1.0,6360,0.002934599993750453,False,,4,0.4,0.36000000000000004,False,,,
2397,NORMAL,NORMAL,522700.9204974669,5696524.290406497,7,16,20.0,57889.409768158606,0.1072916864761812,ground_equivalent_excess_gamma_dose_rate,uSv/h,50.0,1.0,6360,0.0006220999930519611,False,,4,0.4,0.36000000000000004,False,,,
2398,NORMAL,NORMAL,522680.9204974669,5696524.290406497,7,15,20.0,57909.409768158606,0.09901188825118828,ground_equivalent_excess_gamma_dose_rate,uSv/h,50.0,1.0,6360,0.0027553999971132725,False,,4,0.4,0.36000000000000004,False,,,
2399,NORMAL,NORMAL,522660.9204974669,5696504.290406497,6,14,28.284271247461902,57937.694039406066,0.09054461300638977,ground_equivalent_excess_gamma_dose_rate,uSv/h,50.0,1.0,6360,0.0008819999929983169,False,,4,0.4,0.36000000000000004,False,,,
2400,NORMAL,NORMAL,522640.9204974669,5696524.290406497,7,13,28.284271247461902,57965.978310653525,0.08507294320593328,ground_equivalent_excess_gamma_dose_rate,uSv/h,50.0,1.0,6360,0.0005233999982010573,False,,4,0.4,0.36000000000000004,False,,,
2401,NORMAL,NORMAL,522640.9204974669,5696544.290406497,8,13,20.0,57985.978310653525,0.08581078230526923,ground_equivalent_excess_gamma_dose_rate,uSv/h,50.0,1.0,6360,0.0005237000004854053,False,,4,0.4,0.36000000000000004,False,,,
2402,NORMAL,NORMAL,522660.9204974669,5696544.290406497,8,14,20.0,58005.978310653525,0.09250576973161634,ground_equivalent_excess_gamma_dose_rate,uSv/h,50.0,1.0,6360,0.000467699981527403,False,,4,0.4,0.36000000000000004,False,,,
2403,NORMAL,NORMAL,522660.9204974669,5696564.290406497,9,14,20.0,58025.978310653525,0.09310063666084334,ground_equivalent_excess_gamma_dose_rate,uSv/h,50.0,1.0,6360,0.0005533000221475959,False,,4,0.4,0.36000000000000004,False,,,
2404,NORMAL,NORMAL,522640.9204974669,5696564.290406497,9,13,20.0,58045.978310653525,0.08632242152687403,ground_equivalent_excess_gamma_dose_rate,uSv/h,50.0,1.0,6360,0.0005827999848406762,False,,4,0.4,0.36000000000000004,False,,,
2405,NORMAL,NORMAL,522640.9204974669,5696544.290406497,8,13,20.0,58065.978310653525,0.08581078230526923,ground_equivalent_excess_gamma_dose_rate,uSv/h,50.0,1.0,6360,0.0006275000050663948,False,,4,0.4,0.36000000000000004,False,,,
2406,NORMAL,NORMAL,522640.9204974669,5696524.290406497,7,13,20.0,58085.978310653525,0.08507294320593328,ground_equivalent_excess_gamma_dose_rate,uSv/h,50.0,1.0,6360,0.0005521000130102038,False,,4,0.4,0.36000000000000004,False,,,
2407,NORMAL,NORMAL,522640.9204974669,5696504.290406497,6,13,20.0,58105.978310653525,0.08412063229198291,ground_equivalent_excess_gamma_dose_rate,uSv/h,50.0,1.0,6360,0.0006142000202089548,False,,4,0.4,0.36000000000000004,False,,,
2408,NORMAL,NORMAL,522660.9204974669,5696484.290406497,5,14,28.284271247461902,58134.262581900985,0.08921123271482984,ground_equivalent_excess_gamma_dose_rate,uSv/h,50.0,1.0,6360,0.0005421000241767615,False,,4,0.4,0.36000000000000004,False,,,
2409,NORMAL,NORMAL,522640.9204974669,5696484.290406497,5,13,20.0,58154.262581900985,0.08296853848366709,ground_equivalent_excess_gamma_dose_rate,uSv/h,50.0,1.0,6360,0.0005268999957479537,False,,4,0.4,0.36000000000000004,False,,,
2410,NORMAL,NORMAL,522660.9204974669,5696484.290406497,5,14,20.0,58174.262581900985,0.08921123271482984,ground_equivalent_excess_gamma_dose_rate,uSv/h,50.0,1.0,6360,0.0005147999909240752,False,,4,0.4,0.36000000000000004,False,,,
2411,NORMAL,NORMAL,522640.9204974669,5696504.290406497,6,13,28.284271247461902,58202.546853148444,0.08412063229198291,ground_equivalent_excess_gamma_dose_rate,uSv/h,50.0,1.0,6360,0.0005287999811116606,False,,4,0.4,0.36000000000000004,False,,,
2412,NORMAL,NORMAL,522660.9204974669,5696484.290406497,5,14,28.284271247461902,58230.8311243959,0.08921123271482984,ground_equivalent_excess_gamma_dose_rate,uSv/h,50.0,1.0,6360,0.0008493000059388578,False,,4,0.4,0.36000000000000004,False,,,
2413,NORMAL,NORMAL,522640.9204974669,5696504.290406497,6,13,28.284271247461902,58259.11539564336,0.08412063229198291,ground_equivalent_excess_gamma_dose_rate,uSv/h,50.0,1.0,6360,0.0005361000075936317,False,,4,0.4,0.36000000000000004,False,,,
2414,NORMAL,NORMAL,522620.9204974669,5696504.290406497,6,12,20.0,58279.11539564336,0.07835086679788383,ground_equivalent_excess_gamma_dose_rate,uSv/h,50.0,1.0,6360,0.0006308000010903925,False,,4,0.4,0.36000000000000004,False,,,
2415,NORMAL,NORMAL,522620.9204974669,5696524.290406497,7,12,20.0,58299.11539564336,0.0791763803823668,ground_equivalent_excess_gamma_dose_rate,uSv/h,50.0,1.0,6360,0.0005507000023499131,False,,4,0.4,0.36000000000000004,False,,,
2416,NORMAL,NORMAL,522640.9204974669,5696524.290406497,7,13,20.0,58319.11539564336,0.08507294320593328,ground_equivalent_excess_gamma_dose_rate,uSv/h,50.0,1.0,6360,0.0005204000044614077,False,,4,0.4,0.36000000000000004,False,,,
2417,NORMAL,NORMAL,522660.9204974669,5696544.290406497,8,14,28.284271247461902,58347.39966689082,0.09250576973161634,ground_equivalent_excess_gamma_dose_rate,uSv/h,50.0,1.0,6360,0.0005302999925334007,False,,4,0.4,0.36000000000000004,False,,,
2418,NORMAL,NORMAL,522640.9204974669,5696544.290406497,8,13,20.0,58367.39966689082,0.08581078230526923,ground_equivalent_excess_gamma_dose_rate,uSv/h,50.0,1.0,6360,0.0004970000009052455,False,,4,0.4,0.36000000000000004,False,,,
2419,NORMAL,NORMAL,522660.9204974669,5696524.290406497,7,14,28.284271247461902,58395.68393813828,0.09164888119079151,ground_equivalent_excess_gamma_dose_rate,uSv/h,50.0,1.0,6360,0.0005049000028520823,False,,4,0.4,0.36000000000000004,False,,,
2420,NORMAL,NORMAL,522680.9204974669,5696524.290406497,7,15,20.0,58415.68393813828,0.09901188825118828,ground_equivalent_excess_gamma_dose_rate,uSv/h,50.0,1.0,6360,0.0005333000153768808,False,,4,0.4,0.36000000000000004,False,,,
2421,NORMAL,NORMAL,522660.9204974669,5696544.290406497,8,14,28.284271247461902,58443.96820938574,0.09250576973161634,ground_equivalent_excess_gamma_dose_rate,uSv/h,50.0,1.0,6360,0.000516500003868714,False,,4,0.4,0.36000000000000004,False,,,
2422,NORMAL,NORMAL,522640.9204974669,5696544.290406497,8,13,20.0,58463.96820938574,0.08581078230526923,ground_equivalent_excess_gamma_dose_rate,uSv/h,50.0,1.0,6360,0.0005524999869521707,False,,4,0.4,0.36000000000000004,False,,,
2423,NORMAL,NORMAL,522660.9204974669,5696544.290406497,8,14,20.0,58483.96820938574,0.09250576973161634,ground_equivalent_excess_gamma_dose_rate,uSv/h,50.0,1.0,6360,0.0005038999952375889,False,,4,0.4,0.36000000000000004,False,,,
2424,NORMAL,NORMAL,522640.9204974669,5696544.290406497,8,13,20.0,58503.96820938574,0.08581078230526923,ground_equivalent_excess_gamma_dose_rate,uSv/h,50.0,1.0,6360,0.0005320000054780394,False,,4,0.4,0.36000000000000004,False,,,
2425,NORMAL,NORMAL,522660.9204974669,5696524.290406497,7,14,28.284271247461902,58532.2524806332,0.09164888119079151,ground_equivalent_excess_gamma_dose_rate,uSv/h,50.0,1.0,6360,0.0005458999949041754,False,,4,0.4,0.36000000000000004,False,,,
2426,NORMAL,NORMAL,522680.9204974669,5696504.290406497,6,15,28.284271247461902,58560.53675188066,0.09772430678537586,ground_equivalent_excess_gamma_dose_rate,uSv/h,50.0,1.0,6360,0.0008654999837744981,False,,4,0.4,0.36000000000000004,False,,,
2427,NORMAL,NORMAL,522700.9204974669,5696524.290406497,7,16,28.284271247461902,58588.82102312812,0.1072916864761812,ground_equivalent_excess_gamma_dose_rate,uSv/h,50.0,1.0,6360,0.0005104999872855842,False,,4,0.4,0.36000000000000004,False,,,
2428,NORMAL,NORMAL,522680.9204974669,5696544.290406497,8,15,28.284271247461902,58617.10529437558,0.10001274293867912,ground_equivalent_excess_gamma_dose_rate,uSv/h,50.0,1.0,6360,0.00058230001013726,False,,4,0.4,0.36000000000000004,False,,,
2429,NORMAL,NORMAL,522660.9204974669,5696524.290406497,7,14,28.284271247461902,58645.38956562304,0.09164888119079151,ground_equivalent_excess_gamma_dose_rate,uSv/h,50.0,1.0,6360,0.0006176000169944018,False,,4,0.4,0.36000000000000004,False,,,
2430,NORMAL,NORMAL,522680.9204974669,5696544.290406497,8,15,28.284271247461902,58673.6738368705,0.10001274293867912,ground_equivalent_excess_gamma_dose_rate,uSv/h,50.0,1.0,6360,0.0006098999874666333,False,,4,0.4,0.36000000000000004,False,,,
2431,NORMAL,NORMAL,522660.9204974669,5696564.290406497,9,14,28.284271247461902,58701.95810811796,0.09310063666084334,ground_equivalent_excess_gamma_dose_rate,uSv/h,50.0,1.0,6360,0.0005135000101290643,False,,4,0.4,0.36000000000000004,False,,,
2432,NORMAL,NORMAL,522640.9204974669,5696544.290406497,8,13,28.284271247461902,58730.242379365416,0.08581078230526923,ground_equivalent_excess_gamma_dose_rate,uSv/h,50.0,1.0,6360,0.0005055999790783972,False,,4,0.4,0.36000000000000004,False,,,
2433,NORMAL,NORMAL,522620.9204974669,5696564.290406497,9,12,28.284271247461902,58758.526650612876,0.08025755343536556,ground_equivalent_excess_gamma_dose_rate,uSv/h,50.0,1.0,6360,0.000524800008861348,False,,4,0.4,0.36000000000000004,False,,,
2434,NORMAL,NORMAL,522640.9204974669,5696564.290406497,9,13,20.0,58778.526650612876,0.08632242152687403,ground_equivalent_excess_gamma_dose_rate,uSv/h,50.0,1.0,6360,0.0008650999807287008,False,,4,0.4,0.36000000000000004,False,,,
2435,NORMAL,NORMAL,522660.9204974669,5696584.290406497,10,14,28.284271247461902,58806.810921860335,0.09342307447648063,ground_equivalent_excess_gamma_dose_rate,uSv/h,50.0,1.0,6360,0.0005283000064082444,False,,4,0.4,0.36000000000000004,False,,,
2436,NORMAL,NORMAL,522640.9204974669,5696584.290406497,10,13,20.0,58826.810921860335,0.08659954824919996,ground_equivalent_excess_gamma_dose_rate,uSv/h,50.0,1.0,6360,0.0005139999848324805,False,,4,0.4,0.36000000000000004,False,,,
2437,NORMAL,NORMAL,522660.9204974669,5696584.290406497,10,14,20.0,58846.810921860335,0.09342307447648063,ground_equivalent_excess_gamma_dose_rate,uSv/h,50.0,1.0,6360,0.0004957999917678535,False,,4,0.4,0.36000000000000004,False,,,
2438,NORMAL,NORMAL,522680.9204974669,5696564.290406497,9,15,28.284271247461902,58875.095193107794,0.1007084390187723,ground_equivalent_excess_gamma_dose_rate,uSv/h,50.0,1.0,6360,0.00047759999870322645,False,,4,0.4,0.36000000000000004,False,,,
2439,NORMAL,NORMAL,522700.9204974669,5696544.290406497,8,16,28.284271247461902,58903.379464355254,0.10846792596103222,ground_equivalent_excess_gamma_dose_rate,uSv/h,50.0,1.0,6360,0.0005444000125862658,False,,4,0.4,0.36000000000000004,False,,,
2440,NORMAL,NORMAL,522720.9204974669,5696544.290406497,8,17,20.0,58923.379464355254,0.11803721265636208,ground_equivalent_excess_gamma_dose_rate,uSv/h,50.0,1.0,6360,0.0005061999836470932,False,,4,0.4,0.36000000000000004,False,,,
2441,NORMAL,NORMAL,522720.9204974669,5696564.290406497,9,17,20.0,58943.379464355254,0.11900748032321601,ground_equivalent_excess_gamma_dose_rate,uSv/h,50.0,1.0,6360,0.0005317000031936914,False,,4,0.4,0.36000000000000004,False,,,
2442,NORMAL,NORMAL,522740.9204974669,5696584.290406497,10,18,28.284271247461902,58971.66373560271,0.13071295557171897,ground_equivalent_excess_gamma_dose_rate,uSv/h,50.0,1.0,6360,0.0005216999852564186,False,,4,0.4,0.36000000000000004,False,,,
2443,NORMAL,NORMAL,522740.9204974669,5696604.290406497,11,18,20.0,58991.66373560271,0.13079966262266912,ground_equivalent_excess_gamma_dose_rate,uSv/h,50.0,1.0,6360,0.0004935000033583492,False,,4,0.4,0.36000000000000004,False,,,
2444,NORMAL,NORMAL,522760.9204974669,5696604.290406497,11,19,20.0,59011.66373560271,0.14363958866057575,ground_equivalent_excess_gamma_dose_rate,uSv/h,50.0,1.0,6360,0.0005126000032760203,False,,4,0.4,0.36000000000000004,False,,,
2445,NORMAL,NORMAL,522780.9204974669,5696604.290406497,11,20,20.0,59031.66373560271,0.158467094579551,ground_equivalent_excess_gamma_dose_rate,uSv/h,50.0,1.0,6360,0.0005173000099603087,False,,4,0.4,0.36000000000000004,False,,,
2446,NORMAL,NORMAL,522800.9204974669,5696584.290406497,10,21,28.284271247461902,59059.94800685017,0.17555812665922327,ground_equivalent_excess_gamma_dose_rate,uSv/h,50.0,1.0,6360,0.0005287999811116606,False,,4,0.4,0.36000000000000004,False,,,
2447,NORMAL,NORMAL,522800.9204974669,5696604.290406497,11,21,20.0,59079.94800685017,0.1757145702838941,ground_equivalent_excess_gamma_dose_rate,uSv/h,50.0,1.0,6360,0.0004933000018354505,False,,4,0.4,0.36000000000000004,False,,,
2448,NORMAL,NORMAL,522820.9204974669,5696584.290406497,10,22,28.284271247461902,59108.23227809763,0.19574419033461715,ground_equivalent_excess_gamma_dose_rate,uSv/h,50.0,1.0,6360,0.0005018000083509833,False,,4,0.4,0.36000000000000004,False,,,
2449,NORMAL,NORMAL,522840.9204974669,5696564.290406497,9,23,28.284271247461902,59136.51654934509,0.2178474003559227,ground_equivalent_excess_gamma_dose_rate,uSv/h,50.0,1.0,6360,0.0007984999974723905,False,,4,0.4,0.36000000000000004,False,,,
2450,NORMAL,NORMAL,522840.9204974669,5696584.290406497,10,23,20.0,59156.51654934509,0.21962104042010128,ground_equivalent_excess_gamma_dose_rate,uSv/h,50.0,1.0,6360,0.0004963999963365495,False,,4,0.4,0.36000000000000004,False,,,
2451,NORMAL,NORMAL,522860.9204974669,5696584.290406497,10,24,20.0,59176.51654934509,0.248145906869021,ground_equivalent_excess_gamma_dose_rate,uSv/h,50.0,1.0,6360,0.000521400012075901,False,,4,0.4,0.36000000000000004,False,,,
2452,NORMAL,NORMAL,522880.9204974669,5696564.290406497,9,25,28.284271247461902,59204.80082059255,0.2796774163620275,ground_equivalent_excess_gamma_dose_rate,uSv/h,50.0,1.0,6360,0.0005207000067457557,False,,4,0.4,0.36000000000000004,False,,,
2453,NORMAL,NORMAL,522880.9204974669,5696584.290406497,10,25,20.0,59224.80082059255,0.28260750156085973,ground_equivalent_excess_gamma_dose_rate,uSv/h,50.0,1.0,6360,0.0006203000084497035,False,,4,0.4,0.36000000000000004,False,,,
2454,NORMAL,NORMAL,522900.9204974669,5696604.290406497,11,26,28.284271247461902,59253.08509184001,0.32530963416183584,ground_equivalent_excess_gamma_dose_rate,uSv/h,50.0,1.0,6360,0.0005139000131748617,False,,4,0.4,0.36000000000000004,False,,,
2455,NORMAL,NORMAL,522920.9204974669,5696584.290406497,10,27,28.284271247461902,59281.36936308747,0.3771229410564138,ground_equivalent_excess_gamma_dose_rate,uSv/h,50.0,1.0,6360,0.00048010001773945987,False,,4,0.4,0.36000000000000004,False,,,
2456,NORMAL,RADIATION,522940.9204974669,5696584.290406497,10,28,20.0,59301.36936308747,0.44321437195683105,ground_equivalent_excess_gamma_dose_rate,uSv/h,50.0,1.0,6360,0.0005120999994687736,True,enter,4,0.4,0.36000000000000004,True,hazard_enter_threshold,,
2457,RADIATION,RADIATION,522960.9204974669,5696564.290406497,9,29,28.284271247461902,59329.65363433493,0.5181601438330232,ground_equivalent_excess_gamma_dose_rate,uSv/h,50.0,1.0,6360,0.0005700999754481018,True,,4,0.4,0.36000000000000004,False,,0.0011224999907426536,
2458,RADIATION,RADIATION,522940.9204974669,5696584.290406497,10,28,28.284271247461902,59357.93790558239,0.44321437195683105,ground_equivalent_excess_gamma_dose_rate,uSv/h,50.0,1.0,6360,0.0005446999857667834,True,,4,0.4,0.36000000000000004,False,,0.0011032999900635332,
2459,RADIATION,RADIATION,522940.9204974669,5696604.290406497,11,28,20.0,59377.93790558239,0.44421283983834864,ground_equivalent_excess_gamma_dose_rate,uSv/h,50.0,1.0,6360,0.0005428000004030764,True,,4,0.4,0.36000000000000004,False,,0.0012698999780695885,
2460,RADIATION,RADIATION,522960.9204974669,5696624.290406497,12,29,28.284271247461902,59406.22217682985,0.5222774741619556,ground_equivalent_excess_gamma_dose_rate,uSv/h,50.0,1.0,6360,0.0005702000053133816,True,,4,0.4,0.36000000000000004,False,,0.0012314000050537288,
2461,RADIATION,RADIATION,522940.9204974669,5696624.290406497,12,28,20.0,59426.22217682985,0.4389619666167605,ground_equivalent_excess_gamma_dose_rate,uSv/h,50.0,1.0,6360,0.000662000005831942,True,,4,0.4,0.36000000000000004,False,,0.0016333000094164163,
2462,RADIATION,RADIATION,522920.9204974669,5696624.290406497,12,27,20.0,59446.22217682985,0.37403979083960887,ground_equivalent_excess_gamma_dose_rate,uSv/h,50.0,1.0,6360,0.000555399979930371,True,,4,0.4,0.36000000000000004,False,,0.0011005999986082315,
2463,RADIATION,RADIATION,522920.9204974669,5696604.290406497,11,27,20.0,59466.22217682985,0.3778455884906626,ground_equivalent_excess_gamma_dose_rate,uSv/h,50.0,1.0,6360,0.0005899999814573675,True,,4,0.4,0.36000000000000004,False,,0.0012596999877132475,
2464,RADIATION,NORMAL,522900.9204974669,5696584.290406497,10,26,28.284271247461902,59494.50644807731,0.3247738287357205,ground_equivalent_excess_gamma_dose_rate,uSv/h,50.0,1.0,6360,0.0008473999914713204,False,exit,4,0.4,0.36000000000000004,False,hazard_exit_threshold,0.00107709999429062,1.9094041000062134
2465,NORMAL,NORMAL,522880.9204974669,5696584.290406497,10,25,20.0,59514.50644807731,0.28260750156085973,ground_equivalent_excess_gamma_dose_rate,uSv/h,50.0,1.0,6360,0.0006953999982215464,False,,5,0.5,0.45,False,,,
2466,NORMAL,NORMAL,522900.9204974669,5696584.290406497,10,26,20.0,59534.50644807731,0.3247738287357205,ground_equivalent_excess_gamma_dose_rate,uSv/h,50.0,1.0,6360,0.0006052000098861754,False,,5,0.5,0.45,False,,,
2467,NORMAL,NORMAL,522880.9204974669,5696564.290406497,9,25,28.284271247461902,59562.79071932477,0.2796774163620275,ground_equivalent_excess_gamma_dose_rate,uSv/h,50.0,1.0,6360,0.0005467000009957701,False,,5,0.5,0.45,False,,,
2468,NORMAL,NORMAL,522860.9204974669,5696564.290406497,9,24,20.0,59582.79071932477,0.24588399055551918,ground_equivalent_excess_gamma_dose_rate,uSv/h,50.0,1.0,6360,0.0004631000047083944,False,,5,0.5,0.45,False,,,
2469,NORMAL,NORMAL,522840.9204974669,5696584.290406497,10,23,28.284271247461902,59611.074990572226,0.21962104042010128,ground_equivalent_excess_gamma_dose_rate,uSv/h,50.0,1.0,6360,0.00036210002144798636,False,,5,0.5,0.45,False,,,
2470,NORMAL,NORMAL,522840.9204974669,5696604.290406497,11,23,20.0,59631.074990572226,0.21986592476847638,ground_equivalent_excess_gamma_dose_rate,uSv/h,50.0,1.0,6360,0.0005378000205382705,False,,5,0.5,0.45,False,,,
2471,NORMAL,NORMAL,522860.9204974669,5696624.290406497,12,24,28.284271247461902,59659.359261819685,0.246807281621379,ground_equivalent_excess_gamma_dose_rate,uSv/h,50.0,1.0,6360,0.0006983000203035772,False,,5,0.5,0.45,False,,,
2472,NORMAL,NORMAL,522880.9204974669,5696604.290406497,11,25,28.284271247461902,59687.643533067145,0.283013121610783,ground_equivalent_excess_gamma_dose_rate,uSv/h,50.0,1.0,6360,0.0005256999866105616,False,,5,0.5,0.45,False,,,
2473,NORMAL,NORMAL,522860.9204974669,5696604.290406497,11,24,20.0,59707.643533067145,0.24845857979037067,ground_equivalent_excess_gamma_dose_rate,uSv/h,50.0,1.0,6360,0.0004346999921835959,False,,5,0.5,0.45,False,,,
2474,NORMAL,NORMAL,522860.9204974669,5696624.290406497,12,24,20.0,59727.643533067145,0.246807281621379,ground_equivalent_excess_gamma_dose_rate,uSv/h,50.0,1.0,6360,0.00037969998084008694,False,,5,0.5,0.45,False,,,
2475,NORMAL,NORMAL,522840.9204974669,5696644.290406497,13,23,28.284271247461902,59755.927804314604,0.21579239742938378,ground_equivalent_excess_gamma_dose_rate,uSv/h,50.0,1.0,6360,0.0003905999765265733,False,,5,0.5,0.45,False,,,
2476,NORMAL,NORMAL,522860.9204974669,5696624.290406497,12,24,28.284271247461902,59784.21207556206,0.246807281621379,ground_equivalent_excess_gamma_dose_rate,uSv/h,50.0,1.0,6360,0.00044559998787008226,False,,5,0.5,0.45,False,,,
2477,NORMAL,NORMAL,522840.9204974669,5696644.290406497,13,23,28.284271247461902,59812.49634680952,0.21579239742938378,ground_equivalent_excess_gamma_dose_rate,uSv/h,50.0,1.0,6360,0.0003893999964930117,False,,5,0.5,0.45,False,,,
2478,NORMAL,NORMAL,522840.9204974669,5696624.290406497,12,23,20.0,59832.49634680952,0.21857183128571162,ground_equivalent_excess_gamma_dose_rate,uSv/h,50.0,1.0,6360,0.0003360999980941415,False,,5,0.5,0.45,False,,,
2479,NORMAL,NORMAL,522820.9204974669,5696624.290406497,12,22,20.0,59852.49634680952,0.19491028344590638,ground_equivalent_excess_gamma_dose_rate,uSv/h,50.0,1.0,6360,0.0006234000029508024,False,,5,0.5,0.45,False,,,
2480,NORMAL,NORMAL,522840.9204974669,5696604.290406497,11,23,28.284271247461902,59880.78061805698,0.21986592476847638,ground_equivalent_excess_gamma_dose_rate,uSv/h,50.0,1.0,6360,0.00039430000470019877,False,,5,0.5,0.45,False,,,
2481,NORMAL,NORMAL,522860.9204974669,5696624.290406497,12,24,28.284271247461902,59909.06488930444,0.246807281621379,ground_equivalent_excess_gamma_dose_rate,uSv/h,50.0,1.0,6360,0.00039549998473376036,False,,5,0.5,0.45,False,,,
2482,NORMAL,NORMAL,522840.9204974669,5696604.290406497,11,23,28.284271247461902,59937.3491605519,0.21986592476847638,ground_equivalent_excess_gamma_dose_rate,uSv/h,50.0,1.0,6360,0.00033809998421929777,False,,5,0.5,0.45,False,,,
2483,NORMAL,NORMAL,522840.9204974669,5696624.290406497,12,23,20.0,59957.3491605519,0.21857183128571162,ground_equivalent_excess_gamma_dose_rate,uSv/h,50.0,1.0,6360,0.00032339998870156705,False,,5,0.5,0.45,False,,,
2484,NORMAL,NORMAL,522860.9204974669,5696604.290406497,11,24,28.284271247461902,59985.63343179936,0.24845857979037067,ground_equivalent_excess_gamma_dose_rate,uSv/h,50.0,1.0,6360,0.00031269999453797936,False,,5,0.5,0.45,False,,,
2485,NORMAL,NORMAL,522840.9204974669,5696584.290406497,10,23,28.284271247461902,60013.91770304682,0.21962104042010128,ground_equivalent_excess_gamma_dose_rate,uSv/h,50.0,1.0,6360,0.00043709998135454953,False,,5,0.5,0.45,False,,,
2486,NORMAL,NORMAL,522820.9204974669,5696604.290406497,11,22,28.284271247461902,60042.20197429428,0.1959386986880468,ground_equivalent_excess_gamma_dose_rate,uSv/h,50.0,1.0,6360,0.0004110000154469162,False,,5,0.5,0.45,False,,,
2487,NORMAL,NORMAL,522800.9204974669,5696624.290406497,12,21,28.284271247461902,60070.48624554174,0.1748870494096587,ground_equivalent_excess_gamma_dose_rate,uSv/h,50.0,1.0,6360,0.00035680001019500196,False,,5,0.5,0.45,False,,,
2488,NORMAL,NORMAL,522800.9204974669,5696604.290406497,11,21,20.0,60090.48624554174,0.1757145702838941,ground_equivalent_excess_gamma_dose_rate,uSv/h,50.0,1.0,6360,0.00035680001019500196,False,,5,0.5,0.45,False,,,
2489,NORMAL,NORMAL,522780.9204974669,5696584.290406497,10,20,28.284271247461902,60118.7705167892,0.15833984438173931,ground_equivalent_excess_gamma_dose_rate,uSv/h,50.0,1.0,6360,0.0006061999883968383,False,,5,0.5,0.45,False,,,
2490,NORMAL,NORMAL,522760.9204974669,5696564.290406497,9,19,28.284271247461902,60147.05478803666,0.14277531559390327,ground_equivalent_excess_gamma_dose_rate,uSv/h,50.0,1.0,6360,0.0004017000028397888,False,,5,0.5,0.45,False,,,
2491,NORMAL,NORMAL,522740.9204974669,5696564.290406497,9,18,20.0,60167.05478803666,0.13008261240555613,ground_equivalent_excess_gamma_dose_rate,uSv/h,50.0,1.0,6360,0.0004532000166364014,False,,5,0.5,0.45,False,,,
2492,NORMAL,NORMAL,522740.9204974669,5696544.290406497,8,18,20.0,60187.05478803666,0.12892422947811016,ground_equivalent_excess_gamma_dose_rate,uSv/h,50.0,1.0,6360,0.0006401000136975199,False,,5,0.5,0.45,False,,,
2493,NORMAL,NORMAL,522720.9204974669,5696564.290406497,9,17,28.284271247461902,60215.33905928412,0.11900748032321601,ground_equivalent_excess_gamma_dose_rate,uSv/h,50.0,1.0,6360,0.000524200004292652,False,,5,0.5,0.45,False,,,
2494,NORMAL,NORMAL,522700.9204974669,5696544.290406497,8,16,28.284271247461902,60243.623330531576,0.10846792596103222,ground_equivalent_excess_gamma_dose_rate,uSv/h,50.0,1.0,6360,0.0005329000123310834,False,,5,0.5,0.45,False,,,
2495,NORMAL,NORMAL,522700.9204974669,5696564.290406497,9,16,20.0,60263.623330531576,0.1092867055805623,ground_equivalent_excess_gamma_dose_rate,uSv/h,50.0,1.0,6360,0.0010985999833792448,False,,5,0.5,0.45,False,,,
2496,NORMAL,NORMAL,522700.9204974669,5696584.290406497,10,16,20.0,60283.623330531576,0.10973127226424478,ground_equivalent_excess_gamma_dose_rate,uSv/h,50.0,1.0,6360,0.0005967000033706427,False,,5,0.5,0.45,False,,,
2497,NORMAL,NORMAL,522680.9204974669,5696604.290406497,11,15,28.284271247461902,60311.907601779036,0.10113768136013951,ground_equivalent_excess_gamma_dose_rate,uSv/h,50.0,1.0,6360,0.0005043999990448356,False,,5,0.5,0.45,False,,,
2498,NORMAL,NORMAL,522700.9204974669,5696624.290406497,12,16,28.284271247461902,60340.191873026495,0.10946872083596809,ground_equivalent_excess_gamma_dose_rate,uSv/h,50.0,1.0,6360,0.0003981000045314431,False,,5,0.5,0.45,False,,,
2499,NORMAL,NORMAL,522720.9204974669,5696644.290406497,13,17,28.284271247461902,60368.476144273955,0.11839156791240424,ground_equivalent_excess_gamma_dose_rate,uSv/h,50.0,1.0,6360,0.00040970000554807484,False,,5,0.5,0.45,False,,,
2500,NORMAL,NORMAL,522700.9204974669,5696624.290406497,12,16,28.284271247461902,60396.760415521414,0.10946872083596809,ground_equivalent_excess_gamma_dose_rate,uSv/h,50.0,1.0,6360,0.0004610000178217888,False,,5,0.5,0.45,False,,,
2501,NORMAL,NORMAL,522720.9204974669,5696604.290406497,11,17,28.284271247461902,60425.04468676887,0.11960734849688126,ground_equivalent_excess_gamma_dose_rate,uSv/h,50.0,1.0,6360,0.00039469997864216566,False,,5,0.5,0.45,False,,,
2502,NORMAL,NORMAL,522720.9204974669,5696624.290406497,12,17,20.0,60445.04468676887,0.11922334718719901,ground_equivalent_excess_gamma_dose_rate,uSv/h,50.0,1.0,6360,0.0004096000047866255,False,,5,0.5,0.45,False,,,
2503,NORMAL,NORMAL,522740.9204974669,5696604.290406497,11,18,28.284271247461902,60473.32895801633,0.13079966262266912,ground_equivalent_excess_gamma_dose_rate,uSv/h,50.0,1.0,6360,0.0004072000156156719,False,,5,0.5,0.45,False,,,
2504,NORMAL,NORMAL,522720.9204974669,5696624.290406497,12,17,28.284271247461902,60501.61322926379,0.11922334718719901,ground_equivalent_excess_gamma_dose_rate,uSv/h,50.0,1.0,6360,0.0003380000125616789,False,,5,0.5,0.45,False,,,
2505,NORMAL,NORMAL,522720.9204974669,5696644.290406497,13,17,20.0,60521.61322926379,0.11839156791240424,ground_equivalent_excess_gamma_dose_rate,uSv/h,50.0,1.0,6360,0.0004071999865118414,False,,5,0.5,0.45,False,,,
2506,NORMAL,NORMAL,522740.9204974669,5696664.290406497,14,18,28.284271247461902,60549.89750051125,0.12784347191592754,ground_equivalent_excess_gamma_dose_rate,uSv/h,50.0,1.0,6360,0.00038979999953880906,False,,5,0.5,0.45,False,,,
2507,NORMAL,NORMAL,522760.9204974669,5696644.290406497,13,19,28.284271247461902,60578.18177175871,0.14188973512509312,ground_equivalent_excess_gamma_dose_rate,uSv/h,50.0,1.0,6360,0.0003274999908171594,False,,5,0.5,0.45,False,,,
2508,NORMAL,NORMAL,522780.9204974669,5696624.290406497,12,20,28.284271247461902,60606.46604300617,0.15779374219323944,ground_equivalent_excess_gamma_dose_rate,uSv/h,50.0,1.0,6360,0.00033760000951588154,False,,5,0.5,0.45,False,,,
2509,NORMAL,NORMAL,522760.9204974669,5696604.290406497,11,19,28.284271247461902,60634.75031425363,0.14363958866057575,ground_equivalent_excess_gamma_dose_rate,uSv/h,50.0,1.0,6360,0.00031450000824406743,False,,5,0.5,0.45,False,,,
2510,NORMAL,NORMAL,522780.9204974669,5696584.290406497,10,20,28.284271247461902,60663.03458550109,0.15833984438173931,ground_equivalent_excess_gamma_dose_rate,uSv/h,50.0,1.0,6360,0.0003163999936077744,False,,5,0.5,0.45,False,,,
2511,NORMAL,NORMAL,522800.9204974669,5696564.290406497,9,21,28.284271247461902,60691.31885674855,0.1744229492819489,ground_equivalent_excess_gamma_dose_rate,uSv/h,50.0,1.0,6360,0.00031919998582452536,False,,5,0.5,0.45,False,,,
2512,NORMAL,NORMAL,522780.9204974669,5696564.290406497,9,20,20.0,60711.31885674855,0.1574158320082193,ground_equivalent_excess_gamma_dose_rate,uSv/h,50.0,1.0,6360,0.0003252000024076551,False,,5,0.5,0.45,False,,,
2513,NORMAL,NORMAL,522760.9204974669,5696564.290406497,9,19,20.0,60731.31885674855,0.14277531559390327,ground_equivalent_excess_gamma_dose_rate,uSv/h,50.0,1.0,6360,0.0003144000074826181,False,,5,0.5,0.45,False,,,
2514,NORMAL,NORMAL,522760.9204974669,5696584.290406497,10,19,20.0,60751.31885674855,0.14353502971059678,ground_equivalent_excess_gamma_dose_rate,uSv/h,50.0,1.0,6360,0.0002958000113721937,False,,5,0.5,0.45,False,,,
2515,NORMAL,NORMAL,522760.9204974669,5696604.290406497,11,19,20.0,60771.31885674855,0.14363958866057575,ground_equivalent_excess_gamma_dose_rate,uSv/h,50.0,1.0,6360,0.0002902999985963106,False,,5,0.5,0.45,False,,,
2516,NORMAL,NORMAL,522740.9204974669,5696624.290406497,12,18,28.284271247461902,60799.60312799601,0.13034057057096837,ground_equivalent_excess_gamma_dose_rate,uSv/h,50.0,1.0,6360,0.00029830000130459666,False,,5,0.5,0.45,False,,,
2517,NORMAL,NORMAL,522720.9204974669,5696604.290406497,11,17,28.284271247461902,60827.88739924347,0.11960734849688126,ground_equivalent_excess_gamma_dose_rate,uSv/h,50.0,1.0,6360,0.00030620000325143337,False,,5,0.5,0.45,False,,,
2518,NORMAL,NORMAL,522700.9204974669,5696604.290406497,11,16,20.0,60847.88739924347,0.10979237093123073,ground_equivalent_excess_gamma_dose_rate,uSv/h,50.0,1.0,6360,0.00031060000765137374,False,,5,0.5,0.45,False,,,
2519,NORMAL,NORMAL,522680.9204974669,5696624.290406497,12,15,28.284271247461902,60876.17167049093,0.1008629815702558,ground_equivalent_excess_gamma_dose_rate,uSv/h,50.0,1.0,6360,0.00032209997880272567,False,,5,0.5,0.45,False,,,
2520,NORMAL,NORMAL,522680.9204974669,5696604.290406497,11,15,20.0,60896.17167049093,0.10113768136013951,ground_equivalent_excess_gamma_dose_rate,uSv/h,50.0,1.0,6360,0.000301799998851493,False,,5,0.5,0.45,False,,,
2521,NORMAL,NORMAL,522660.9204974669,5696604.290406497,11,14,20.0,60916.17167049093,0.09346735811324125,ground_equivalent_excess_gamma_dose_rate,uSv/h,50.0,1.0,6360,0.0003463999892119318,False,,5,0.5,0.45,False,,,
2522,NORMAL,NORMAL,522640.9204974669,5696624.290406497,12,13,28.284271247461902,60944.455941738386,0.08643594048281567,ground_equivalent_excess_gamma_dose_rate,uSv/h,50.0,1.0,6360,0.0003129999968223274,False,,5,0.5,0.45,False,,,
2523,NORMAL,NORMAL,522640.9204974669,5696644.290406497,13,13,20.0,60964.455941738386,0.0859979060497219,ground_equivalent_excess_gamma_dose_rate,uSv/h,50.0,1.0,6360,0.0003032999811694026,False,,5,0.5,0.45,False,,,
2524,NORMAL,NORMAL,522640.9204974669,5696664.290406497,14,13,20.0,60984.455941738386,0.08533064871474466,ground_equivalent_excess_gamma_dose_rate,uSv/h,50.0,1.0,6360,0.0003012999950442463,False,,5,0.5,0.45,False,,,
2525,NORMAL,NORMAL,522620.9204974669,5696664.290406497,14,12,20.0,61004.455941738386,0.07939955299523543,ground_equivalent_excess_gamma_dose_rate,uSv/h,50.0,1.0,6360,0.00038320000749081373,False,,5,0.5,0.45,False,,,
2526,NORMAL,NORMAL,522600.9204974669,5696664.290406497,14,11,20.0,61024.455941738386,0.07406343089764306,ground_equivalent_excess_gamma_dose_rate,uSv/h,50.0,1.0,6360,0.00037460000021383166,False,,5,0.5,0.45,False,,,
2527,NORMAL,NORMAL,522580.9204974669,5696664.290406497,14,10,20.0,61044.455941738386,0.06924560064080981,ground_equivalent_excess_gamma_dose_rate,uSv/h,50.0,1.0,6360,0.00034119997872039676,False,,5,0.5,0.45,False,,,
2528,NORMAL,NORMAL,522560.9204974669,5696684.290406497,15,9,28.284271247461902,61072.740212985846,0.06436791715900525,ground_equivalent_excess_gamma_dose_rate,uSv/h,50.0,1.0,6360,0.00034580001374706626,False,,5,0.5,0.45,False,,,
2529,NORMAL,NORMAL,522540.9204974669,5696684.290406497,15,8,20.0,61092.740212985846,0.060462780133796024,ground_equivalent_excess_gamma_dose_rate,uSv/h,50.0,1.0,6360,0.0003189000126440078,False,,5,0.5,0.45,False,,,
2530,NORMAL,NORMAL,522520.9204974669,5696684.290406497,15,7,20.0,61112.740212985846,0.056900586792825836,ground_equivalent_excess_gamma_dose_rate,uSv/h,50.0,1.0,6360,0.00031140001374296844,False,,5,0.5,0.45,False,,,
2531,NORMAL,NORMAL,522520.9204974669,5696664.290406497,14,7,20.0,61132.740212985846,0.0573013933425513,ground_equivalent_excess_gamma_dose_rate,uSv/h,50.0,1.0,6360,0.0003076000139117241,False,,5,0.5,0.45,False,,,
2532,NORMAL,NORMAL,522500.9204974669,5696664.290406497,14,6,20.0,61152.740212985846,0.053998615653968185,ground_equivalent_excess_gamma_dose_rate,uSv/h,50.0,1.0,6360,0.00032419999479316175,False,,5,0.5,0.45,False,,,
2533,NORMAL,NORMAL,522500.9204974669,5696644.290406497,13,6,20.0,61172.740212985846,0.05426505805000237,ground_equivalent_excess_gamma_dose_rate,uSv/h,50.0,1.0,6360,0.00030009998590685427,False,,5,0.5,0.45,False,,,
2534,NORMAL,NORMAL,522500.9204974669,5696624.290406497,12,6,20.0,61192.740212985846,0.05443914152699131,ground_equivalent_excess_gamma_dose_rate,uSv/h,50.0,1.0,6360,0.00031370000215247273,False,,5,0.5,0.45,False,,,
2535,NORMAL,NORMAL,522500.9204974669,5696604.290406497,11,6,20.0,61212.740212985846,0.0545190647883913,ground_equivalent_excess_gamma_dose_rate,uSv/h,50.0,1.0,6360,0.0003212000010535121,False,,5,0.5,0.45,False,,,
2536,NORMAL,NORMAL,522500.9204974669,5696624.290406497,12,6,20.0,61232.740212985846,0.05443914152699131,ground_equivalent_excess_gamma_dose_rate,uSv/h,50.0,1.0,6360,0.0002951999776996672,False,,5,0.5,0.45,False,,,
2537,NORMAL,NORMAL,522520.9204974669,5696644.290406497,13,7,28.284271247461902,61261.024484233305,0.05760151651771467,ground_equivalent_excess_gamma_dose_rate,uSv/h,50.0,1.0,6360,0.0002894999925047159,False,,5,0.5,0.45,False,,,
2538,NORMAL,NORMAL,522520.9204974669,5696664.290406497,14,7,20.0,61281.024484233305,0.0573013933425513,ground_equivalent_excess_gamma_dose_rate,uSv/h,50.0,1.0,6360,0.00040749998879618943,False,,5,0.5,0.45,False,,,
2539,NORMAL,NORMAL,522500.9204974669,5696664.290406497,14,6,20.0,61301.024484233305,0.053998615653968185,ground_equivalent_excess_gamma_dose_rate,uSv/h,50.0,1.0,6360,0.00036269999691285193,False,,5,0.5,0.45,False,,,
2540,NORMAL,NORMAL,522520.9204974669,5696684.290406497,15,7,28.284271247461902,61329.308755480764,0.056900586792825836,ground_equivalent_excess_gamma_dose_rate,uSv/h,50.0,1.0,6360,0.0003220000071451068,False,,5,0.5,0.45,False,,,
2541,NORMAL,NORMAL,522540.9204974669,5696704.290406497,16,8,28.284271247461902,61357.593026728224,0.05990165657921165,ground_equivalent_excess_gamma_dose_rate,uSv/h,50.0,1.0,6360,0.0003130999975837767,False,,5,0.5,0.45,False,,,
2542,NORMAL,NORMAL,522540.9204974669,5696724.290406497,17,8,20.0,61377.593026728224,0.059238345167212436,ground_equivalent_excess_gamma_dose_rate,uSv/h,50.0,1.0,6360,0.0003136000013910234,False,,5,0.5,0.45,False,,,
2543,NORMAL,NORMAL,522540.9204974669,5696744.290406497,18,8,20.0,61397.593026728224,0.05847992099690513,ground_equivalent_excess_gamma_dose_rate,uSv/h,50.0,1.0,6360,0.00031460000900551677,False,,5,0.5,0.45,False,,,
2544,NORMAL,NORMAL,522520.9204974669,5696744.290406497,18,7,20.0,61417.593026728224,0.05514108770173526,ground_equivalent_excess_gamma_dose_rate,uSv/h,50.0,1.0,6360,0.0003074000123888254,False,,5,0.5,0.45,False,,,
2545,NORMAL,NORMAL,522500.9204974669,5696744.290406497,18,6,20.0,61437.593026728224,0.05207598950177794,ground_equivalent_excess_gamma_dose_rate,uSv/h,50.0,1.0,6360,0.0003339000104460865,False,,5,0.5,0.45,False,,,
2546,NORMAL,NORMAL,522500.9204974669,5696764.290406497,19,6,20.0,61457.593026728224,0.051404271668552604,ground_equivalent_excess_gamma_dose_rate,uSv/h,50.0,1.0,6360,0.00030949999927543104,False,,5,0.5,0.45,False,,,
2547,NORMAL,NORMAL,522520.9204974669,5696744.290406497,18,7,28.284271247461902,61485.87729797568,0.05514108770173526,ground_equivalent_excess_gamma_dose_rate,uSv/h,50.0,1.0,6360,0.00029170000925660133,False,,5,0.5,0.45,False,,,
2548,NORMAL,NORMAL,522540.9204974669,5696764.290406497,19,8,28.284271247461902,61514.16156922314,0.057634180671849056,ground_equivalent_excess_gamma_dose_rate,uSv/h,50.0,1.0,6360,0.00029239998548291624,False,,5,0.5,0.45,False,,,
2549,NORMAL,NORMAL,522560.9204974669,5696744.290406497,18,9,28.284271247461902,61542.4458404706,0.062125400734956704,ground_equivalent_excess_gamma_dose_rate,uSv/h,50.0,1.0,6360,0.00036789997830055654,False,,5,0.5,0.45,False,,,
2550,NORMAL,NORMAL,522580.9204974669,5696724.290406497,17,10,28.284271247461902,61570.73011171806,0.0670864651089727,ground_equivalent_excess_gamma_dose_rate,uSv/h,50.0,1.0,6360,0.0003640000068116933,False,,5,0.5,0.45,False,,,
2551,NORMAL,NORMAL,522580.9204974669,5696704.290406497,16,10,20.0,61590.73011171806,0.06793843881177014,ground_equivalent_excess_gamma_dose_rate,uSv/h,50.0,1.0,6360,0.0003200999926775694,False,,5,0.5,0.45,False,,,
2552,NORMAL,NORMAL,522580.9204974669,5696724.290406497,17,10,20.0,61610.73011171806,0.0670864651089727,ground_equivalent_excess_gamma_dose_rate,uSv/h,50.0,1.0,6360,0.00032220000866800547,False,,5,0.5,0.45,False,,,
2553,NORMAL,NORMAL,522600.9204974669,5696704.290406497,16,11,28.284271247461902,61639.01438296552,0.07257000867603797,ground_equivalent_excess_gamma_dose_rate,uSv/h,50.0,1.0,6360,0.00030100002186372876,False,,5,0.5,0.45,False,,,
2554,NORMAL,NORMAL,522600.9204974669,5696724.290406497,17,11,20.0,61659.01438296552,0.07159874244868203,ground_equivalent_excess_gamma_dose_rate,uSv/h,50.0,1.0,6360,0.00029460000223480165,False,,5,0.5,0.45,False,,,
2555,NORMAL,NORMAL,522580.9204974669,5696704.290406497,16,10,28.284271247461902,61687.29865421298,0.06793843881177014,ground_equivalent_excess_gamma_dose_rate,uSv/h,50.0,1.0,6360,0.00029719999292865396,False,,5,0.5,0.45,False,,,
2556,NORMAL,NORMAL,522600.9204974669,5696704.290406497,16,11,20.0,61707.29865421298,0.07257000867603797,ground_equivalent_excess_gamma_dose_rate,uSv/h,50.0,1.0,6360,0.0002914000069722533,False,,5,0.5,0.45,False,,,
2557,NORMAL,NORMAL,522580.9204974669,5696704.290406497,16,10,20.0,61727.29865421298,0.06793843881177014,ground_equivalent_excess_gamma_dose_rate,uSv/h,50.0,1.0,6360,0.000294700002996251,False,,5,0.5,0.45,False,,,
2558,NORMAL,NORMAL,522560.9204974669,5696704.290406497,16,9,20.0,61747.29865421298,0.0637323507321822,ground_equivalent_excess_gamma_dose_rate,uSv/h,50.0,1.0,6360,0.00028769997879862785,False,,5,0.5,0.45,False,,,
2559,NORMAL,NORMAL,522560.9204974669,5696684.290406497,15,9,20.0,61767.29865421298,0.06436791715900525,ground_equivalent_excess_gamma_dose_rate,uSv/h,50.0,1.0,6360,0.0002887000155169517,False,,5,0.5,0.45,False,,,
2560,NORMAL,NORMAL,522540.9204974669,5696664.290406497,14,8,28.284271247461902,61795.58292546044,0.0609155412293646,ground_equivalent_excess_gamma_dose_rate,uSv/h,50.0,1.0,6360,0.00030259997583925724,False,,5,0.5,0.45,False,,,
2561,NORMAL,NORMAL,522560.9204974669,5696644.290406497,13,9,28.284271247461902,61823.8671967079,0.06526634366205863,ground_equivalent_excess_gamma_dose_rate,uSv/h,50.0,1.0,6360,0.0003141000051982701,False,,5,0.5,0.45,False,,,
2562,NORMAL,NORMAL,522540.9204974669,5696644.290406497,13,8,20.0,61843.8671967079,0.061254829522721654,ground_equivalent_excess_gamma_dose_rate,uSv/h,50.0,1.0,6360,0.0002998999843839556,False,,5,0.5,0.45,False,,,
2563,NORMAL,NORMAL,522540.9204974669,5696664.290406497,14,8,20.0,61863.8671967079,0.0609155412293646,ground_equivalent_excess_gamma_dose_rate,uSv/h,50.0,1.0,6360,0.00028799998108297586,False,,5,0.5,0.45,False,,,
2564,NORMAL,NORMAL,522520.9204974669,5696664.290406497,14,7,20.0,61883.8671967079,0.0573013933425513,ground_equivalent_excess_gamma_dose_rate,uSv/h,50.0,1.0,6360,0.0002938999969046563,False,,5,0.5,0.45,False,,,
2565,NORMAL,NORMAL,522520.9204974669,5696644.290406497,13,7,20.0,61903.8671967079,0.05760151651771467,ground_equivalent_excess_gamma_dose_rate,uSv/h,50.0,1.0,6360,0.000291600008495152,False,,5,0.5,0.45,False,,,
2566,NORMAL,NORMAL,522540.9204974669,5696624.290406497,12,8,28.284271247461902,61932.15146795536,0.06147673967691947,ground_equivalent_excess_gamma_dose_rate,uSv/h,50.0,1.0,6360,0.0002941999991890043,False,,5,0.5,0.45,False,,,
2567,NORMAL,NORMAL,522560.9204974669,5696624.290406497,12,9,20.0,61952.15146795536,0.06551833065226792,ground_equivalent_excess_gamma_dose_rate,uSv/h,50.0,1.0,6360,0.0002888999879360199,False,,5,0.5,0.45,False,,,
2568,NORMAL,NORMAL,522540.9204974669,5696624.290406497,12,8,20.0,61972.15146795536,0.06147673967691947,ground_equivalent_excess_gamma_dose_rate,uSv/h,50.0,1.0,6360,0.0002928999892901629,False,,5,0.5,0.45,False,,,
2569,NORMAL,NORMAL,522560.9204974669,5696644.290406497,13,9,28.284271247461902,62000.43573920282,0.06526634366205863,ground_equivalent_excess_gamma_dose_rate,uSv/h,50.0,1.0,6360,0.0005641999887302518,False,,5,0.5,0.45,False,,,
2570,NORMAL,NORMAL,522540.9204974669,5696644.290406497,13,8,20.0,62020.43573920282,0.061254829522721654,ground_equivalent_excess_gamma_dose_rate,uSv/h,50.0,1.0,6360,0.00040279998211190104,False,,5,0.5,0.45,False,,,
2571,NORMAL,NORMAL,522560.9204974669,5696644.290406497,13,9,20.0,62040.43573920282,0.06526634366205863,ground_equivalent_excess_gamma_dose_rate,uSv/h,50.0,1.0,6360,0.00034459997550584376,False,,5,0.5,0.45,False,,,
2572,NORMAL,NORMAL,522540.9204974669,5696624.290406497,12,8,28.284271247461902,62068.72001045028,0.06147673967691947,ground_equivalent_excess_gamma_dose_rate,uSv/h,50.0,1.0,6360,0.00031549998675473034,False,,5,0.5,0.45,False,,,
2573,NORMAL,NORMAL,522540.9204974669,5696604.290406497,11,8,20.0,62088.72001045028,0.061578682052350286,ground_equivalent_excess_gamma_dose_rate,uSv/h,50.0,1.0,6360,0.000325299974065274,False,,5,0.5,0.45,False,,,
2574,NORMAL,NORMAL,522540.9204974669,5696624.290406497,12,8,20.0,62108.72001045028,0.06147673967691947,ground_equivalent_excess_gamma_dose_rate,uSv/h,50.0,1.0,6360,0.00029680001898668706,False,,5,0.5,0.45,False,,,
2575,NORMAL,NORMAL,522560.9204974669,5696604.290406497,11,9,28.284271247461902,62137.00428169774,0.06563412999345658,ground_equivalent_excess_gamma_dose_rate,uSv/h,50.0,1.0,6360,0.00040249997982755303,False,,5,0.5,0.45,False,,,
2576,NORMAL,NORMAL,522540.9204974669,5696604.290406497,11,8,20.0,62157.00428169774,0.061578682052350286,ground_equivalent_excess_gamma_dose_rate,uSv/h,50.0,1.0,6360,0.00036619999445974827,False,,5,0.5,0.45,False,,,
2577,NORMAL,NORMAL,522560.9204974669,5696604.290406497,11,9,20.0,62177.00428169774,0.06563412999345658,ground_equivalent_excess_gamma_dose_rate,uSv/h,50.0,1.0,6360,0.00037039999733678997,False,,5,0.5,0.45,False,,,
2578,NORMAL,NORMAL,522540.9204974669,5696584.290406497,10,8,28.284271247461902,62205.288552945196,0.06155945758432074,ground_equivalent_excess_gamma_dose_rate,uSv/h,50.0,1.0,6360,0.0003391999925952405,False,,5,0.5,0.45,False,,,
2579,NORMAL,NORMAL,522560.9204974669,5696584.290406497,10,9,20.0,62225.288552945196,0.0656122904232001,ground_equivalent_excess_gamma_dose_rate,uSv/h,50.0,1.0,6360,0.0003082000184804201,False,,5,0.5,0.45,False,,,
2580,NORMAL,NORMAL,522580.9204974669,5696564.290406497,9,10,28.284271247461902,62253.572824192655,0.06989728308000792,ground_equivalent_excess_gamma_dose_rate,uSv/h,50.0,1.0,6360,0.000307999987853691,False,,5,0.5,0.45,False,,,
2581,NORMAL,NORMAL,522580.9204974669,5696544.290406497,8,10,20.0,62273.572824192655,0.06956144707390682,ground_equivalent_excess_gamma_dose_rate,uSv/h,50.0,1.0,6360,0.0003020000003743917,False,,5,0.5,0.45,False,,,
2582,NORMAL,NORMAL,522560.9204974669,5696544.290406497,8,9,20.0,62293.572824192655,0.06515850870228795,ground_equivalent_excess_gamma_dose_rate,uSv/h,50.0,1.0,6360,0.00033469998743385077,False,,5,0.5,0.45,False,,,
2583,NORMAL,NORMAL,522540.9204974669,5696564.290406497,9,8,28.284271247461902,62321.857095440115,0.06141929284927755,ground_equivalent_excess_gamma_dose_rate,uSv/h,50.0,1.0,6360,0.0003541999903973192,False,,5,0.5,0.45,False,,,
2584,NORMAL,NORMAL,522560.9204974669,5696544.290406497,8,9,28.284271247461902,62350.141366687574,0.06515850870228795,ground_equivalent_excess_gamma_dose_rate,uSv/h,50.0,1.0,6360,0.0003218000056222081,False,,5,0.5,0.45,False,,,
2585,NORMAL,NORMAL,522540.9204974669,5696564.290406497,9,8,28.284271247461902,62378.42563793503,0.06141929284927755,ground_equivalent_excess_gamma_dose_rate,uSv/h,50.0,1.0,6360,0.00030010001501068473,False,,5,0.5,0.45,False,,,
2586,NORMAL,NORMAL,522540.9204974669,5696584.290406497,10,8,20.0,62398.42563793503,0.06155945758432074,ground_equivalent_excess_gamma_dose_rate,uSv/h,50.0,1.0,6360,0.0003090999962296337,False,,5,0.5,0.45,False,,,
2587,NORMAL,NORMAL,522560.9204974669,5696564.290406497,9,9,28.284271247461902,62426.70990918249,0.06545308623384205,ground_equivalent_excess_gamma_dose_rate,uSv/h,50.0,1.0,6360,0.0002905000001192093,False,,5,0.5,0.45,False,,,
2588,NORMAL,NORMAL,522580.9204974669,5696584.290406497,10,10,28.284271247461902,62454.99418042995,0.07007887083295422,ground_equivalent_excess_gamma_dose_rate,uSv/h,50.0,1.0,6360,0.0005768999981228262,False,,5,0.5,0.45,False,,,
2589,NORMAL,NORMAL,522600.9204974669,5696584.290406497,10,11,20.0,62474.99418042995,0.07501748474939196,ground_equivalent_excess_gamma_dose_rate,uSv/h,50.0,1.0,6360,0.0009348999883513898,False,,5,0.5,0.45,False,,,
2590,NORMAL,NORMAL,522600.9204974669,5696604.290406497,11,11,20.0,62494.99418042995,0.07504603562361278,ground_equivalent_excess_gamma_dose_rate,uSv/h,50.0,1.0,6360,0.00033740000799298286,False,,5,0.5,0.45,False,,,
2591,NORMAL,NORMAL,522580.9204974669,5696584.290406497,10,10,28.284271247461902,62523.27845167741,0.07007887083295422,ground_equivalent_excess_gamma_dose_rate,uSv/h,50.0,1.0,6360,0.00042520000715740025,False,,5,0.5,0.45,False,,,
2592,NORMAL,NORMAL,522580.9204974669,5696604.290406497,11,10,20.0,62543.27845167741,0.07010378565119518,ground_equivalent_excess_gamma_dose_rate,uSv/h,50.0,1.0,6360,0.00033290000283159316,False,,5,0.5,0.45,False,,,
2593,NORMAL,NORMAL,522600.9204974669,5696584.290406497,10,11,28.284271247461902,62571.56272292487,0.07501748474939196,ground_equivalent_excess_gamma_dose_rate,uSv/h,50.0,1.0,6360,0.0003110000106971711,False,,5,0.5,0.45,False,,,
2594,NORMAL,NORMAL,522580.9204974669,5696604.290406497,11,10,28.284271247461902,62599.84699417233,0.07010378565119518,ground_equivalent_excess_gamma_dose_rate,uSv/h,50.0,1.0,6360,0.0006030999938957393,False,,5,0.5,0.45,False,,,
2595,NORMAL,NORMAL,522580.9204974669,5696624.290406497,12,10,20.0,62619.84699417233,0.06997169338609871,ground_equivalent_excess_gamma_dose_rate,uSv/h,50.0,1.0,6360,0.0008784999954514205,False,,5,0.5,0.45,False,,,
2596,NORMAL,NORMAL,522600.9204974669,5696604.290406497,11,11,28.284271247461902,62648.13126541979,0.07504603562361278,ground_equivalent_excess_gamma_dose_rate,uSv/h,50.0,1.0,6360,0.0005394000036176294,False,,5,0.5,0.45,False,,,
2597,NORMAL,NORMAL,522620.9204974669,5696584.290406497,10,12,28.284271247461902,62676.41553666725,0.08049705318443795,ground_equivalent_excess_gamma_dose_rate,uSv/h,50.0,1.0,6360,0.00033260000054724514,False,,5,0.5,0.45,False,,,
2598,NORMAL,NORMAL,522600.9204974669,5696564.290406497,9,11,28.284271247461902,62704.69980791471,0.07480943937570478,ground_equivalent_excess_gamma_dose_rate,uSv/h,50.0,1.0,6360,0.00031430000672116876,False,,5,0.5,0.45,False,,,
2599,NORMAL,NORMAL,522620.9204974669,5696564.290406497,9,12,20.0,62724.69980791471,0.08025755343536556,ground_equivalent_excess_gamma_dose_rate,uSv/h,50.0,1.0,6360,0.00030369998421519995,False,,5,0.5,0.45,False,,,
2600,NORMAL,NORMAL,522620.9204974669,5696584.290406497,10,12,20.0,62744.69980791471,0.08049705318443795,ground_equivalent_excess_gamma_dose_rate,uSv/h,50.0,1.0,6360,0.0007114000036381185,False,,5,0.5,0.45,False,,,
2601,NORMAL,NORMAL,522600.9204974669,5696584.290406497,10,11,20.0,62764.69980791471,0.07501748474939196,ground_equivalent_excess_gamma_dose_rate,uSv/h,50.0,1.0,6360,0.0008866999996826053,False,,5,0.5,0.45,False,,,
2602,NORMAL,NORMAL,522600.9204974669,5696564.290406497,9,11,20.0,62784.69980791471,0.07480943937570478,ground_equivalent_excess_gamma_dose_rate,uSv/h,50.0,1.0,6360,0.00032279998413287103,False,,5,0.5,0.45,False,,,
2603,NORMAL,NORMAL,522620.9204974669,5696544.290406497,8,12,28.284271247461902,62812.98407916217,0.07981509821604543,ground_equivalent_excess_gamma_dose_rate,uSv/h,50.0,1.0,6360,0.00031960001797415316,False,,5,0.5,0.45,False,,,
2604,NORMAL,NORMAL,522600.9204974669,5696544.290406497,8,11,20.0,62832.98407916217,0.07442487163755823,ground_equivalent_excess_gamma_dose_rate,uSv/h,50.0,1.0,6360,0.00030040001729503274,False,,5,0.5,0.45,False,,,
2605,NORMAL,NORMAL,522620.9204974669,5696564.290406497,9,12,28.284271247461902,62861.26835040963,0.08025755343536556,ground_equivalent_excess_gamma_dose_rate,uSv/h,50.0,1.0,6360,0.0002945999731309712,False,,5,0.5,0.45,False,,,
2606,NORMAL,NORMAL,522600.9204974669,5696544.290406497,8,11,28.284271247461902,62889.55262165709,0.07442487163755823,ground_equivalent_excess_gamma_dose_rate,uSv/h,50.0,1.0,6360,0.000291600008495152,False,,5,0.5,0.45,False,,,
2607,NORMAL,NORMAL,522620.9204974669,5696524.290406497,7,12,28.284271247461902,62917.83689290455,0.0791763803823668,ground_equivalent_excess_gamma_dose_rate,uSv/h,50.0,1.0,6360,0.00033829998574219644,False,,5,0.5,0.45,False,,,
2608,NORMAL,NORMAL,522600.9204974669,5696544.290406497,8,11,28.284271247461902,62946.121164152006,0.07442487163755823,ground_equivalent_excess_gamma_dose_rate,uSv/h,50.0,1.0,6360,0.0003404000017326325,False,,5,0.5,0.45,False,,,
2609,NORMAL,NORMAL,522600.9204974669,5696524.290406497,7,11,20.0,62966.121164152006,0.07386921065980195,ground_equivalent_excess_gamma_dose_rate,uSv/h,50.0,1.0,6360,0.0003163999936077744,False,,5,0.5,0.45,False,,,
2610,NORMAL,NORMAL,522620.9204974669,5696544.290406497,8,12,28.284271247461902,62994.405435399465,0.07981509821604543,ground_equivalent_excess_gamma_dose_rate,uSv/h,50.0,1.0,6360,0.0002998000127263367,False,,5,0.5,0.45,False,,,
2611,NORMAL,NORMAL,522640.9204974669,5696564.290406497,9,13,28.284271247461902,63022.689706646925,0.08632242152687403,ground_equivalent_excess_gamma_dose_rate,uSv/h,50.0,1.0,6360,0.00029659998835995793,False,,5,0.5,0.45,False,,,
2612,NORMAL,NORMAL,522620.9204974669,5696564.290406497,9,12,20.0,63042.689706646925,0.08025755343536556,ground_equivalent_excess_gamma_dose_rate,uSv/h,50.0,1.0,6360,0.00028700000257231295,False,,5,0.5,0.45,False,,,
2613,NORMAL,NORMAL,522600.9204974669,5696584.290406497,10,11,28.284271247461902,63070.973977894384,0.07501748474939196,ground_equivalent_excess_gamma_dose_rate,uSv/h,50.0,1.0,6360,0.0006362999847624451,False,,5,0.5,0.45,False,,,
2614,NORMAL,NORMAL,522600.9204974669,5696604.290406497,11,11,20.0,63090.973977894384,0.07504603562361278,ground_equivalent_excess_gamma_dose_rate,uSv/h,50.0,1.0,6360,0.00032270001247525215,False,,5,0.5,0.45,False,,,
2615,NORMAL,NORMAL,522580.9204974669,5696624.290406497,12,10,28.284271247461902,63119.25824914184,0.06997169338609871,ground_equivalent_excess_gamma_dose_rate,uSv/h,50.0,1.0,6360,0.0008576000109314919,False,,5,0.5,0.45,False,,,
2616,NORMAL,NORMAL,522580.9204974669,5696604.290406497,11,10,20.0,63139.25824914184,0.07010378565119518,ground_equivalent_excess_gamma_dose_rate,uSv/h,50.0,1.0,6360,0.0003505999920889735,False,,5,0.5,0.45,False,,,
2617,NORMAL,NORMAL,522560.9204974669,5696584.290406497,10,9,28.284271247461902,63167.5425203893,0.0656122904232001,ground_equivalent_excess_gamma_dose_rate,uSv/h,50.0,1.0,6360,0.0003386000171303749,False,,5,0.5,0.45,False,,,
2618,NORMAL,NORMAL,522580.9204974669,5696564.290406497,9,10,28.284271247461902,63195.82679163676,0.06989728308000792,ground_equivalent_excess_gamma_dose_rate,uSv/h,50.0,1.0,6360,0.0003034000110346824,False,,5,0.5,0.45,False,,,
2619,NORMAL,NORMAL,522580.9204974669,5696544.290406497,8,10,20.0,63215.82679163676,0.06956144707390682,ground_equivalent_excess_gamma_dose_rate,uSv/h,50.0,1.0,6360,0.0006213999877218157,False,,5,0.5,0.45,False,,,
2620,NORMAL,NORMAL,522560.9204974669,5696544.290406497,8,9,20.0,63235.82679163676,0.06515850870228795,ground_equivalent_excess_gamma_dose_rate,uSv/h,50.0,1.0,6360,0.0003829000052064657,False,,5,0.5,0.45,False,,,
2621,NORMAL,NORMAL,522560.9204974669,5696564.290406497,9,9,20.0,63255.82679163676,0.06545308623384205,ground_equivalent_excess_gamma_dose_rate,uSv/h,50.0,1.0,6360,0.00036689999978989363,False,,5,0.5,0.45,False,,,
2622,NORMAL,NORMAL,522540.9204974669,5696584.290406497,10,8,28.284271247461902,63284.11106288422,0.06155945758432074,ground_equivalent_excess_gamma_dose_rate,uSv/h,50.0,1.0,6360,0.00033989999792538583,False,,5,0.5,0.45,False,,,
2623,NORMAL,NORMAL,522560.9204974669,5696564.290406497,9,9,28.284271247461902,63312.39533413168,0.06545308623384205,ground_equivalent_excess_gamma_dose_rate,uSv/h,50.0,1.0,6360,0.0003451000084169209,False,,5,0.5,0.45,False,,,
2624,NORMAL,NORMAL,522560.9204974669,5696544.290406497,8,9,20.0,63332.39533413168,0.06515850870228795,ground_equivalent_excess_gamma_dose_rate,uSv/h,50.0,1.0,6360,0.0003092000260949135,False,,5,0.5,0.45,False,,,
2625,NORMAL,NORMAL,522580.9204974669,5696544.290406497,8,10,20.0,63352.39533413168,0.06956144707390682,ground_equivalent_excess_gamma_dose_rate,uSv/h,50.0,1.0,6360,0.00033340000663883984,False,,5,0.5,0.45,False,,,
2626,NORMAL,NORMAL,522600.9204974669,5696544.290406497,8,11,20.0,63372.39533413168,0.07442487163755823,ground_equivalent_excess_gamma_dose_rate,uSv/h,50.0,1.0,6360,0.0012301999959163368,False,,5,0.5,0.45,False,,,
2627,NORMAL,NORMAL,522600.9204974669,5696564.290406497,9,11,20.0,63392.39533413168,0.07480943937570478,ground_equivalent_excess_gamma_dose_rate,uSv/h,50.0,1.0,6360,0.00031960001797415316,False,,5,0.5,0.45,False,,,
2628,NORMAL,NORMAL,522620.9204974669,5696544.290406497,8,12,28.284271247461902,63420.67960537914,0.07981509821604543,ground_equivalent_excess_gamma_dose_rate,uSv/h,50.0,1.0,6360,0.0003102000046055764,False,,5,0.5,0.45,False,,,
2629,NORMAL,NORMAL,522640.9204974669,5696524.290406497,7,13,28.284271247461902,63448.9638766266,0.08507294320593328,ground_equivalent_excess_gamma_dose_rate,uSv/h,50.0,1.0,6360,0.00030929999775253236,False,,5,0.5,0.45,False,,,
2630,NORMAL,NORMAL,522660.9204974669,5696524.290406497,7,14,20.0,63468.9638766266,0.09164888119079151,ground_equivalent_excess_gamma_dose_rate,uSv/h,50.0,1.0,6360,0.00033579999580979347,False,,5,0.5,0.45,False,,,
2631,NORMAL,NORMAL,522640.9204974669,5696504.290406497,6,13,28.284271247461902,63497.24814787406,0.08412063229198291,ground_equivalent_excess_gamma_dose_rate,uSv/h,50.0,1.0,6360,0.000378099997760728,False,,5,0.5,0.45,False,,,
2632,NORMAL,NORMAL,522660.9204974669,5696484.290406497,5,14,28.284271247461902,63525.53241912152,0.08921123271482984,ground_equivalent_excess_gamma_dose_rate,uSv/h,50.0,1.0,6360,0.0003305000136606395,False,,5,0.5,0.45,False,,,
2633,NORMAL,NORMAL,522660.9204974669,5696464.290406497,4,14,20.0,63545.53241912152,0.08766990945077247,ground_equivalent_excess_gamma_dose_rate,uSv/h,50.0,1.0,6360,0.00031480001052841544,False,,5,0.5,0.45,False,,,
2634,NORMAL,NORMAL,522660.9204974669,5696484.290406497,5,14,20.0,63565.53241912152,0.08921123271482984,ground_equivalent_excess_gamma_dose_rate,uSv/h,50.0,1.0,6360,0.0003053999971598387,False,,5,0.5,0.45,False,,,
2635,NORMAL,NORMAL,522680.9204974669,5696484.290406497,5,15,20.0,63585.53241912152,0.09617289473342078,ground_equivalent_excess_gamma_dose_rate,uSv/h,50.0,1.0,6360,0.001208100002259016,False,,5,0.5,0.45,False,,,
2636,NORMAL,NORMAL,522700.9204974669,5696484.290406497,5,16,20.0,63605.53241912152,0.10396599649480343,ground_equivalent_excess_gamma_dose_rate,uSv/h,50.0,1.0,6360,0.0004017000028397888,False,,5,0.5,0.45,False,,,
2637,NORMAL,NORMAL,522720.9204974669,5696484.290406497,5,17,20.0,63625.53241912152,0.11272535314920273,ground_equivalent_excess_gamma_dose_rate,uSv/h,50.0,1.0,6360,0.0003302999830339104,False,,5,0.5,0.45,False,,,
2638,NORMAL,NORMAL,522700.9204974669,5696484.290406497,5,16,20.0,63645.53241912152,0.10396599649480343,ground_equivalent_excess_gamma_dose_rate,uSv/h,50.0,1.0,6360,0.00031659999513067305,False,,5,0.5,0.45,False,,,
2639,NORMAL,NORMAL,522700.9204974669,5696504.290406497,6,16,20.0,63665.53241912152,0.10578139717477436,ground_equivalent_excess_gamma_dose_rate,uSv/h,50.0,1.0,6360,0.00032049999572336674,False,,5,0.5,0.45,False,,,
2640,NORMAL,NORMAL,522720.9204974669,5696524.290406497,7,17,28.284271247461902,63693.81669036898,0.11664560860302825,ground_equivalent_excess_gamma_dose_rate,uSv/h,50.0,1.0,6360,0.00035009998828172684,False,,5,0.5,0.45,False,,,
2641,NORMAL,NORMAL,522700.9204974669,5696504.290406497,6,16,28.284271247461902,63722.10096161644,0.10578139717477436,ground_equivalent_excess_gamma_dose_rate,uSv/h,50.0,1.0,6360,0.0009198000188916922,False,,5,0.5,0.45,False,,,
2642,NORMAL,NORMAL,522720.9204974669,5696524.290406497,7,17,28.284271247461902,63750.3852328639,0.11664560860302825,ground_equivalent_excess_gamma_dose_rate,uSv/h,50.0,1.0,6360,0.00034219998633489013,False,,5,0.5,0.45,False,,,
2643,NORMAL,NORMAL,522720.9204974669,5696504.290406497,6,17,20.0,63770.3852328639,0.11486268743279282,ground_equivalent_excess_gamma_dose_rate,uSv/h,50.0,1.0,6360,0.00030280000646598637,False,,5,0.5,0.45,False,,,
2644,NORMAL,NORMAL,522720.9204974669,5696484.290406497,5,17,20.0,63790.3852328639,0.11272535314920273,ground_equivalent_excess_gamma_dose_rate,uSv/h,50.0,1.0,6360,0.00029510000604204834,False,,5,0.5,0.45,False,,,
2645,NORMAL,NORMAL,522740.9204974669,5696484.290406497,5,18,20.0,63810.3852328639,0.12261350967053292,ground_equivalent_excess_gamma_dose_rate,uSv/h,50.0,1.0,6360,0.00030499999411404133,False,,5,0.5,0.45,False,,,
2646,NORMAL,NORMAL,522720.9204974669,5696464.290406497,4,17,28.284271247461902,63838.669504111356,0.11027558706324242,ground_equivalent_excess_gamma_dose_rate,uSv/h,50.0,1.0,6360,0.0005972999788355082,False,,5,0.5,0.45,False,,,
2647,NORMAL,NORMAL,522740.9204974669,5696444.290406497,3,18,28.284271247461902,63866.953775358816,0.11652497840244674,ground_equivalent_excess_gamma_dose_rate,uSv/h,50.0,1.0,6360,0.0003234000178053975,False,,5,0.5,0.45,False,,,
2648,NORMAL,NORMAL,522760.9204974669,5696424.290406497,2,19,28.284271247461902,63895.238046606275,0.12255635287327132,ground_equivalent_excess_gamma_dose_rate,uSv/h,50.0,1.0,6360,0.00031040000612847507,False,,5,0.5,0.45,False,,,
2649,NORMAL,NORMAL,522740.9204974669,5696444.290406497,3,18,28.284271247461902,63923.522317853734,0.11652497840244674,ground_equivalent_excess_gamma_dose_rate,uSv/h,50.0,1.0,6360,0.0008936999947763979,False,,5,0.5,0.45,False,,,
2650,NORMAL,NORMAL,522740.9204974669,5696464.290406497,4,18,20.0,63943.522317853734,0.11972062620914065,ground_equivalent_excess_gamma_dose_rate,uSv/h,50.0,1.0,6360,0.0003200999926775694,False,,5,0.5,0.45,False,,,
2651,NORMAL,NORMAL,522760.9204974669,5696484.290406497,5,19,28.284271247461902,63971.806589101194,0.1338276481612533,ground_equivalent_excess_gamma_dose_rate,uSv/h,50.0,1.0,6360,0.00029930000891909003,False,,5,0.5,0.45,False,,,
2652,NORMAL,NORMAL,522760.9204974669,5696464.290406497,4,19,20.0,63991.806589101194,0.1303888249267675,ground_equivalent_excess_gamma_dose_rate,uSv/h,50.0,1.0,6360,0.0002964999875985086,False,,5,0.5,0.45,False,,,
2653,NORMAL,NORMAL,522780.9204974669,5696464.290406497,4,20,20.0,64011.806589101194,0.14249158569547932,ground_equivalent_excess_gamma_dose_rate,uSv/h,50.0,1.0,6360,0.00034470000537112355,False,,5,0.5,0.45,False,,,
2654,NORMAL,NORMAL,522760.9204974669,5696464.290406497,4,19,20.0,64031.806589101194,0.1303888249267675,ground_equivalent_excess_gamma_dose_rate,uSv/h,50.0,1.0,6360,0.0008399999933317304,False,,5,0.5,0.45,False,,,
2655,NORMAL,NORMAL,522740.9204974669,5696464.290406497,4,18,20.0,64051.806589101194,0.11972062620914065,ground_equivalent_excess_gamma_dose_rate,uSv/h,50.0,1.0,6360,0.0005629000079352409,False,,5,0.5,0.45,False,,,
2656,NORMAL,NORMAL,522720.9204974669,5696484.290406497,5,17,28.284271247461902,64080.09086034865,0.11272535314920273,ground_equivalent_excess_gamma_dose_rate,uSv/h,50.0,1.0,6360,0.00032389999250881374,False,,5,0.5,0.45,False,,,
2657,NORMAL,NORMAL,522740.9204974669,5696504.290406497,6,18,28.284271247461902,64108.37513159611,0.12514647246462002,ground_equivalent_excess_gamma_dose_rate,uSv/h,50.0,1.0,6360,0.0005633000109810382,False,,5,0.5,0.45,False,,,
2658,NORMAL,NORMAL,522720.9204974669,5696504.290406497,6,17,20.0,64128.37513159611,0.11486268743279282,ground_equivalent_excess_gamma_dose_rate,uSv/h,50.0,1.0,6360,0.00035360001493245363,False,,5,0.5,0.45,False,,,
2659,NORMAL,NORMAL,522700.9204974669,5696484.290406497,5,16,28.284271247461902,64156.65940284357,0.10396599649480343,ground_equivalent_excess_gamma_dose_rate,uSv/h,50.0,1.0,6360,0.0011415999906603247,False,,5,0.5,0.45,False,,,
2660,NORMAL,NORMAL,522720.9204974669,5696504.290406497,6,17,28.284271247461902,64184.94367409103,0.11486268743279282,ground_equivalent_excess_gamma_dose_rate,uSv/h,50.0,1.0,6360,0.0003930999955628067,False,,5,0.5,0.45,False,,,
2661,NORMAL,NORMAL,522740.9204974669,5696524.290406497,7,18,28.284271247461902,64213.22794533849,0.1272658844588192,ground_equivalent_excess_gamma_dose_rate,uSv/h,50.0,1.0,6360,0.0003449000068940222,False,,5,0.5,0.45,False,,,
2662,NORMAL,NORMAL,522760.9204974669,5696504.290406497,6,19,28.284271247461902,64241.51221658595,0.13685083630660866,ground_equivalent_excess_gamma_dose_rate,uSv/h,50.0,1.0,6360,0.00032959997770376503,False,,5,0.5,0.45,False,,,
2663,NORMAL,NORMAL,522780.9204974669,5696504.290406497,6,20,20.0,64261.51221658595,0.1502445510087806,ground_equivalent_excess_gamma_dose_rate,uSv/h,50.0,1.0,6360,0.0006420999998226762,False,,5,0.5,0.45,False,,,
2664,NORMAL,NORMAL,522780.9204974669,5696524.290406497,7,20,20.0,64281.51221658595,0.15330971115941971,ground_equivalent_excess_gamma_dose_rate,uSv/h,50.0,1.0,6360,0.0009276000200770795,False,,5,0.5,0.45,False,,,
2665,NORMAL,NORMAL,522800.9204974669,5696524.290406497,7,21,20.0,64301.51221658595,0.1693958209712057,ground_equivalent_excess_gamma_dose_rate,uSv/h,50.0,1.0,6360,0.0003425000177230686,False,,5,0.5,0.45,False,,,
2666,NORMAL,NORMAL,522780.9204974669,5696524.290406497,7,20,20.0,64321.51221658595,0.15330971115941971,ground_equivalent_excess_gamma_dose_rate,uSv/h,50.0,1.0,6360,0.00031460000900551677,False,,5,0.5,0.45,False,,,
2667,NORMAL,NORMAL,522800.9204974669,5696544.290406497,8,21,28.284271247461902,64349.79648783341,0.17234657974637763,ground_equivalent_excess_gamma_dose_rate,uSv/h,50.0,1.0,6360,0.00030449999030679464,False,,5,0.5,0.45,False,,,
2668,NORMAL,NORMAL,522800.9204974669,5696564.290406497,9,21,20.0,64369.79648783341,0.1744229492819489,ground_equivalent_excess_gamma_dose_rate,uSv/h,50.0,1.0,6360,0.00030720001086592674,False,,5,0.5,0.45,False,,,
2669,NORMAL,NORMAL,522820.9204974669,5696564.290406497,9,22,20.0,64389.79648783341,0.1943340028971079,ground_equivalent_excess_gamma_dose_rate,uSv/h,50.0,1.0,6360,0.000591500021982938,False,,5,0.5,0.45,False,,,
2670,NORMAL,NORMAL,522820.9204974669,5696544.290406497,8,22,20.0,64409.79648783341,0.1917600225772555,ground_equivalent_excess_gamma_dose_rate,uSv/h,50.0,1.0,6360,0.0003169999981764704,False,,5,0.5,0.45,False,,,
2671,NORMAL,NORMAL,522800.9204974669,5696544.290406497,8,21,20.0,64429.79648783341,0.17234657974637763,ground_equivalent_excess_gamma_dose_rate,uSv/h,50.0,1.0,6360,0.00035810002009384334,False,,5,0.5,0.45,False,,,
2672,NORMAL,NORMAL,522780.9204974669,5696564.290406497,9,20,28.284271247461902,64458.08075908087,0.1574158320082193,ground_equivalent_excess_gamma_dose_rate,uSv/h,50.0,1.0,6360,0.0003406000032555312,False,,5,0.5,0.45,False,,,
2673,NORMAL,NORMAL,522800.9204974669,5696544.290406497,8,21,28.284271247461902,64486.36503032833,0.17234657974637763,ground_equivalent_excess_gamma_dose_rate,uSv/h,50.0,1.0,6360,0.000298700004350394,False,,5,0.5,0.45,False,,,
2674,NORMAL,NORMAL,522820.9204974669,5696544.290406497,8,22,20.0,64506.36503032833,0.1917600225772555,ground_equivalent_excess_gamma_dose_rate,uSv/h,50.0,1.0,6360,0.0003023000026587397,False,,5,0.5,0.45,False,,,
2675,NORMAL,NORMAL,522800.9204974669,5696564.290406497,9,21,28.284271247461902,64534.64930157579,0.1744229492819489,ground_equivalent_excess_gamma_dose_rate,uSv/h,50.0,1.0,6360,0.0002964999875985086,False,,5,0.5,0.45,False,,,
2676,NORMAL,NORMAL,522780.9204974669,5696544.290406497,8,20,28.284271247461902,64562.93357282325,0.15572266965647497,ground_equivalent_excess_gamma_dose_rate,uSv/h,50.0,1.0,6360,0.0007505000103265047,False,,5,0.5,0.45,False,,,
2677,NORMAL,NORMAL,522800.9204974669,5696544.290406497,8,21,20.0,64582.93357282325,0.17234657974637763,ground_equivalent_excess_gamma_dose_rate,uSv/h,50.0,1.0,6360,0.0003346000157762319,False,,5,0.5,0.45,False,,,
2678,NORMAL,NORMAL,522780.9204974669,5696564.290406497,9,20,28.284271247461902,64611.21784407071,0.1574158320082193,ground_equivalent_excess_gamma_dose_rate,uSv/h,50.0,1.0,6360,0.0009475999977439642,False,,5,0.5,0.45,False,,,
2679,NORMAL,NORMAL,522780.9204974669,5696544.290406497,8,20,20.0,64631.21784407071,0.15572266965647497,ground_equivalent_excess_gamma_dose_rate,uSv/h,50.0,1.0,6360,0.0003434999962337315,False,,5,0.5,0.45,False,,,
2680,NORMAL,NORMAL,522800.9204974669,5696544.290406497,8,21,20.0,64651.21784407071,0.17234657974637763,ground_equivalent_excess_gamma_dose_rate,uSv/h,50.0,1.0,6360,0.00031010000384412706,False,,5,0.5,0.45,False,,,
2681,NORMAL,NORMAL,522780.9204974669,5696564.290406497,9,20,28.284271247461902,64679.502115318166,0.1574158320082193,ground_equivalent_excess_gamma_dose_rate,uSv/h,50.0,1.0,6360,0.0006419999990612268,False,,5,0.5,0.45,False,,,
2682,NORMAL,NORMAL,522760.9204974669,5696544.290406497,8,19,28.284271247461902,64707.786386565625,0.1413810589821457,ground_equivalent_excess_gamma_dose_rate,uSv/h,50.0,1.0,6360,0.0010079999919980764,False,,5,0.5,0.45,False,,,
2683,NORMAL,NORMAL,522740.9204974669,5696564.290406497,9,18,28.284271247461902,64736.070657813085,0.13008261240555613,ground_equivalent_excess_gamma_dose_rate,uSv/h,50.0,1.0,6360,0.0003635000030044466,False,,5,0.5,0.45,False,,,
2684,NORMAL,NORMAL,522760.9204974669,5696544.290406497,8,19,28.284271247461902,64764.354929060544,0.1413810589821457,ground_equivalent_excess_gamma_dose_rate,uSv/h,50.0,1.0,6360,0.00030980000155977905,False,,5,0.5,0.45,False,,,
2685,NORMAL,NORMAL,522740.9204974669,5696544.290406497,8,18,20.0,64784.354929060544,0.12892422947811016,ground_equivalent_excess_gamma_dose_rate,uSv/h,50.0,1.0,6360,0.00030029998742975295,False,,5,0.5,0.45,False,,,
2686,NORMAL,NORMAL,522720.9204974669,5696564.290406497,9,17,28.284271247461902,64812.639200308,0.11900748032321601,ground_equivalent_excess_gamma_dose_rate,uSv/h,50.0,1.0,6360,0.00030270000570453703,False,,5,0.5,0.45,False,,,
2687,NORMAL,NORMAL,522700.9204974669,5696544.290406497,8,16,28.284271247461902,64840.92347155546,0.10846792596103222,ground_equivalent_excess_gamma_dose_rate,uSv/h,50.0,1.0,6360,0.0003102000046055764,False,,5,0.5,0.45,False,,,
2688,NORMAL,NORMAL,522680.9204974669,5696524.290406497,7,15,28.284271247461902,64869.20774280292,0.09901188825118828,ground_equivalent_excess_gamma_dose_rate,uSv/h,50.0,1.0,6360,0.00033719997736625373,False,,5,0.5,0.45,False,,,
2689,NORMAL,NORMAL,522660.9204974669,5696524.290406497,7,14,20.0,64889.20774280292,0.09164888119079151,ground_equivalent_excess_gamma_dose_rate,uSv/h,50.0,1.0,6360,0.00036269999691285193,False,,5,0.5,0.45,False,,,
2690,NORMAL,NORMAL,522680.9204974669,5696544.290406497,8,15,28.284271247461902,64917.49201405038,0.10001274293867912,ground_equivalent_excess_gamma_dose_rate,uSv/h,50.0,1.0,6360,0.00031370000215247273,False,,5,0.5,0.45,False,,,
2691,NORMAL,NORMAL,522660.9204974669,5696524.290406497,7,14,28.284271247461902,64945.77628529784,0.09164888119079151,ground_equivalent_excess_gamma_dose_rate,uSv/h,50.0,1.0,6360,0.0002975999959744513,False,,5,0.5,0.45,False,,,
2692,NORMAL,NORMAL,522660.9204974669,5696544.290406497,8,14,20.0,64965.77628529784,0.09250576973161634,ground_equivalent_excess_gamma_dose_rate,uSv/h,50.0,1.0,6360,0.0003006999904755503,False,,5,0.5,0.45,False,,,
2693,NORMAL,NORMAL,522640.9204974669,5696524.290406497,7,13,28.284271247461902,64994.0605565453,0.08507294320593328,ground_equivalent_excess_gamma_dose_rate,uSv/h,50.0,1.0,6360,0.0010593000042717904,False,,5,0.5,0.45,False,,,
2694,NORMAL,NORMAL,522620.9204974669,5696524.290406497,7,12,20.0,65014.0605565453,0.0791763803823668,ground_equivalent_excess_gamma_dose_rate,uSv/h,50.0,1.0,6360,0.0014066000003367662,False,,5,0.5,0.45,False,,,
2695,NORMAL,NORMAL,522600.9204974669,5696524.290406497,7,11,20.0,65034.0605565453,0.07386921065980195,ground_equivalent_excess_gamma_dose_rate,uSv/h,50.0,1.0,6360,0.0003510999958962202,False,,5,0.5,0.45,False,,,
2696,NORMAL,NORMAL,522620.9204974669,5696524.290406497,7,12,20.0,65054.0605565453,0.0791763803823668,ground_equivalent_excess_gamma_dose_rate,uSv/h,50.0,1.0,6360,0.0003066000062972307,False,,5,0.5,0.45,False,,,
2697,NORMAL,NORMAL,522600.9204974669,5696504.290406497,6,11,28.284271247461902,65082.34482779276,0.07315015340116154,ground_equivalent_excess_gamma_dose_rate,uSv/h,50.0,1.0,6360,0.00030640000477433205,False,,5,0.5,0.45,False,,,
2698,NORMAL,NORMAL,522620.9204974669,5696524.290406497,7,12,28.284271247461902,65110.62909904022,0.0791763803823668,ground_equivalent_excess_gamma_dose_rate,uSv/h,50.0,1.0,6360,0.0011125000019092113,False,,5,0.5,0.45,False,,,
2699,NORMAL,NORMAL,522640.9204974669,5696504.290406497,6,13,28.284271247461902,65138.91337028768,0.08412063229198291,ground_equivalent_excess_gamma_dose_rate,uSv/h,50.0,1.0,6360,0.0003404000017326325,False,,5,0.5,0.45,False,,,
2700,NORMAL,NORMAL,522640.9204974669,5696524.290406497,7,13,20.0,65158.91337028768,0.08507294320593328,ground_equivalent_excess_gamma_dose_rate,uSv/h,50.0,1.0,6360,0.00031140001374296844,False,,5,0.5,0.45,False,,,
2701,NORMAL,NORMAL,522620.9204974669,5696544.290406497,8,12,28.284271247461902,65187.19764153514,0.07981509821604543,ground_equivalent_excess_gamma_dose_rate,uSv/h,50.0,1.0,6360,0.000298700004350394,False,,5,0.5,0.45,False,,,
2702,NORMAL,NORMAL,522640.9204974669,5696544.290406497,8,13,20.0,65207.19764153514,0.08581078230526923,ground_equivalent_excess_gamma_dose_rate,uSv/h,50.0,1.0,6360,0.00029739999445155263,False,,5,0.5,0.45,False,,,
2703,NORMAL,NORMAL,522660.9204974669,5696524.290406497,7,14,28.284271247461902,65235.4819127826,0.09164888119079151,ground_equivalent_excess_gamma_dose_rate,uSv/h,50.0,1.0,6360,0.0008729999826755375,False,,5,0.5,0.45,False,,,
2704,NORMAL,NORMAL,522640.9204974669,5696544.290406497,8,13,28.284271247461902,65263.76618403006,0.08581078230526923,ground_equivalent_excess_gamma_dose_rate,uSv/h,50.0,1.0,6360,0.0006224999960977584,False,,5,0.5,0.45,False,,,
2705,NORMAL,NORMAL,522660.9204974669,5696564.290406497,9,14,28.284271247461902,65292.05045527752,0.09310063666084334,ground_equivalent_excess_gamma_dose_rate,uSv/h,50.0,1.0,6360,0.0008588000200688839,False,,5,0.5,0.45,False,,,
2706,NORMAL,NORMAL,522680.9204974669,5696584.290406497,10,15,28.284271247461902,65320.334726524976,0.10108583330796478,ground_equivalent_excess_gamma_dose_rate,uSv/h,50.0,1.0,6360,0.0005430000019259751,False,,5,0.5,0.45,False,,,
2707,NORMAL,NORMAL,522700.9204974669,5696604.290406497,11,16,28.284271247461902,65348.618997772435,0.10979237093123073,ground_equivalent_excess_gamma_dose_rate,uSv/h,50.0,1.0,6360,0.0005808999994769692,False,,5,0.5,0.45,False,,,
2708,NORMAL,NORMAL,522700.9204974669,5696584.290406497,10,16,20.0,65368.618997772435,0.10973127226424478,ground_equivalent_excess_gamma_dose_rate,uSv/h,50.0,1.0,6360,0.0004712000081781298,False,,5,0.5,0.45,False,,,
2709,NORMAL,NORMAL,522720.9204974669,5696584.290406497,10,17,20.0,65388.618997772435,0.11953484123101915,ground_equivalent_excess_gamma_dose_rate,uSv/h,50.0,1.0,6360,0.0010652999917510897,False,,5,0.5,0.45,False,,,
2710,NORMAL,NORMAL,522700.9204974669,5696584.290406497,10,16,20.0,65408.618997772435,0.10973127226424478,ground_equivalent_excess_gamma_dose_rate,uSv/h,50.0,1.0,6360,0.0003575000155251473,False,,5,0.5,0.45,False,,,
2711,NORMAL,NORMAL,522720.9204974669,5696604.290406497,11,17,28.284271247461902,65436.903269019895,0.11960734849688126,ground_equivalent_excess_gamma_dose_rate,uSv/h,50.0,1.0,6360,0.0003257000062149018,False,,5,0.5,0.45,False,,,
2712,NORMAL,NORMAL,522740.9204974669,5696624.290406497,12,18,28.284271247461902,65465.187540267354,0.13034057057096837,ground_equivalent_excess_gamma_dose_rate,uSv/h,50.0,1.0,6360,0.0003983999777119607,False,,5,0.5,0.45,False,,,
2713,NORMAL,NORMAL,522740.9204974669,5696644.290406497,13,18,20.0,65485.187540267354,0.12934708338363843,ground_equivalent_excess_gamma_dose_rate,uSv/h,50.0,1.0,6360,0.0003632000007200986,False,,5,0.5,0.45,False,,,
2714,NORMAL,NORMAL,522740.9204974669,5696624.290406497,12,18,20.0,65505.187540267354,0.13034057057096837,ground_equivalent_excess_gamma_dose_rate,uSv/h,50.0,1.0,6360,0.00031790000502951443,False,,5,0.5,0.45,False,,,
2715,NORMAL,NORMAL,522760.9204974669,5696604.290406497,11,19,28.284271247461902,65533.47181151481,0.14363958866057575,ground_equivalent_excess_gamma_dose_rate,uSv/h,50.0,1.0,6360,0.0009354000212624669,False,,5,0.5,0.45,False,,,
2716,NORMAL,NORMAL,522740.9204974669,5696624.290406497,12,18,28.284271247461902,65561.75608276228,0.13034057057096837,ground_equivalent_excess_gamma_dose_rate,uSv/h,50.0,1.0,6360,0.00034840000444091856,False,,5,0.5,0.45,False,,,
2717,NORMAL,NORMAL,522720.9204974669,5696644.290406497,13,17,28.284271247461902,65590.04035400975,0.11839156791240424,ground_equivalent_excess_gamma_dose_rate,uSv/h,50.0,1.0,6360,0.00035149999894201756,False,,5,0.5,0.45,False,,,
2718,NORMAL,NORMAL,522740.9204974669,5696624.290406497,12,18,28.284271247461902,65618.32462525721,0.13034057057096837,ground_equivalent_excess_gamma_dose_rate,uSv/h,50.0,1.0,6360,0.00031460000900551677,False,,5,0.5,0.45,False,,,
2719,NORMAL,NORMAL,522740.9204974669,5696604.290406497,11,18,20.0,65638.32462525721,0.13079966262266912,ground_equivalent_excess_gamma_dose_rate,uSv/h,50.0,1.0,6360,0.0003060000017285347,False,,5,0.5,0.45,False,,,
2720,NORMAL,NORMAL,522740.9204974669,5696584.290406497,10,18,20.0,65658.32462525721,0.13071295557171897,ground_equivalent_excess_gamma_dose_rate,uSv/h,50.0,1.0,6360,0.0002985999744851142,False,,5,0.5,0.45,False,,,
2721,NORMAL,NORMAL,522720.9204974669,5696604.290406497,11,17,28.284271247461902,65686.60889650468,0.11960734849688126,ground_equivalent_excess_gamma_dose_rate,uSv/h,50.0,1.0,6360,0.00034830000367946923,False,,5,0.5,0.45,False,,,
2722,NORMAL,NORMAL,522700.9204974669,5696604.290406497,11,16,20.0,65706.60889650468,0.10979237093123073,ground_equivalent_excess_gamma_dose_rate,uSv/h,50.0,1.0,6360,0.00044120001257397234,False,,5,0.5,0.45,False,,,
2723,NORMAL,NORMAL,522680.9204974669,5696604.290406497,11,15,20.0,65726.60889650468,0.10113768136013951,ground_equivalent_excess_gamma_dose_rate,uSv/h,50.0,1.0,6360,0.0003403000009711832,False,,5,0.5,0.45,False,,,
2724,NORMAL,NORMAL,522680.9204974669,5696624.290406497,12,15,20.0,65746.60889650468,0.1008629815702558,ground_equivalent_excess_gamma_dose_rate,uSv/h,50.0,1.0,6360,0.00030440001864917576,False,,5,0.5,0.45,False,,,
2725,NORMAL,NORMAL,522660.9204974669,5696604.290406497,11,14,28.284271247461902,65774.89316775215,0.09346735811324125,ground_equivalent_excess_gamma_dose_rate,uSv/h,50.0,1.0,6360,0.00030380001408047974,False,,5,0.5,0.45,False,,,
2726,NORMAL,NORMAL,522660.9204974669,5696624.290406497,12,14,20.0,65794.89316775215,0.09323269666557171,ground_equivalent_excess_gamma_dose_rate,uSv/h,50.0,1.0,6360,0.00029620001441799104,False,,5,0.5,0.45,False,,,
2727,NORMAL,NORMAL,522680.9204974669,5696604.290406497,11,15,28.284271247461902,65823.17743899961,0.10113768136013951,ground_equivalent_excess_gamma_dose_rate,uSv/h,50.0,1.0,6360,0.0003274999908171594,False,,5,0.5,0.45,False,,,
2728,NORMAL,NORMAL,522700.9204974669,5696624.290406497,12,16,28.284271247461902,65851.46171024708,0.10946872083596809,ground_equivalent_excess_gamma_dose_rate,uSv/h,50.0,1.0,6360,0.00041749997762963176,False,,5,0.5,0.45,False,,,
2729,NORMAL,NORMAL,522720.9204974669,5696644.290406497,13,17,28.284271247461902,65879.74598149455,0.11839156791240424,ground_equivalent_excess_gamma_dose_rate,uSv/h,50.0,1.0,6360,0.00033710000570863485,False,,5,0.5,0.45,False,,,
2730,NORMAL,NORMAL,522740.9204974669,5696644.290406497,13,18,20.0,65899.74598149455,0.12934708338363843,ground_equivalent_excess_gamma_dose_rate,uSv/h,50.0,1.0,6360,0.0003000000142492354,False,,5,0.5,0.45,False,,,
2731,NORMAL,NORMAL,522760.9204974669,5696624.290406497,12,19,28.284271247461902,65928.03025274201,0.14308612995565057,ground_equivalent_excess_gamma_dose_rate,uSv/h,50.0,1.0,6360,0.0002961000136565417,False,,5,0.5,0.45,False,,,
2732,NORMAL,NORMAL,522760.9204974669,5696604.290406497,11,19,20.0,65948.03025274201,0.14363958866057575,ground_equivalent_excess_gamma_dose_rate,uSv/h,50.0,1.0,6360,0.0002916999801527709,False,,5,0.5,0.45,False,,,
2733,NORMAL,NORMAL,522760.9204974669,5696584.290406497,10,19,20.0,65968.03025274201,0.14353502971059678,ground_equivalent_excess_gamma_dose_rate,uSv/h,50.0,1.0,6360,0.0005825000116601586,False,,5,0.5,0.45,False,,,
2734,NORMAL,NORMAL,522780.9204974669,5696604.290406497,11,20,28.284271247461902,65996.31452398948,0.158467094579551,ground_equivalent_excess_gamma_dose_rate,uSv/h,50.0,1.0,6360,0.0009754000057000667,False,,5,0.5,0.45,False,,,
2735,NORMAL,NORMAL,522780.9204974669,5696584.290406497,10,20,20.0,66016.31452398948,0.15833984438173931,ground_equivalent_excess_gamma_dose_rate,uSv/h,50.0,1.0,6360,0.00035180000122636557,False,,5,0.5,0.45,False,,,
2736,NORMAL,NORMAL,522760.9204974669,5696584.290406497,10,19,20.0,66036.31452398948,0.14353502971059678,ground_equivalent_excess_gamma_dose_rate,uSv/h,50.0,1.0,6360,0.00031450000824406743,False,,5,0.5,0.45,False,,,
2737,NORMAL,NORMAL,522740.9204974669,5696584.290406497,10,18,20.0,66056.31452398948,0.13071295557171897,ground_equivalent_excess_gamma_dose_rate,uSv/h,50.0,1.0,6360,0.0003047000209335238,False,,5,0.5,0.45,False,,,
2738,NORMAL,NORMAL,522720.9204974669,5696604.290406497,11,17,28.284271247461902,66084.59879523695,0.11960734849688126,ground_equivalent_excess_gamma_dose_rate,uSv/h,50.0,1.0,6360,0.0003026000049430877,False,,5,0.5,0.45,False,,,
2739,NORMAL,NORMAL,522720.9204974669,5696624.290406497,12,17,20.0,66104.59879523695,0.11922334718719901,ground_equivalent_excess_gamma_dose_rate,uSv/h,50.0,1.0,6360,0.0002956999815069139,False,,5,0.5,0.45,False,,,
2740,NORMAL,NORMAL,522740.9204974669,5696624.290406497,12,18,20.0,66124.59879523695,0.13034057057096837,ground_equivalent_excess_gamma_dose_rate,uSv/h,50.0,1.0,6360,0.0003318999952170998,False,,5,0.5,0.45,False,,,
2741,NORMAL,NORMAL,522740.9204974669,5696644.290406497,13,18,20.0,66144.59879523695,0.12934708338363843,ground_equivalent_excess_gamma_dose_rate,uSv/h,50.0,1.0,6360,0.0005367999838199466,False,,5,0.5,0.45,False,,,
2742,NORMAL,NORMAL,522760.9204974669,5696644.290406497,13,19,20.0,66164.59879523695,0.14188973512509312,ground_equivalent_excess_gamma_dose_rate,uSv/h,50.0,1.0,6360,0.0003273000183980912,False,,5,0.5,0.45,False,,,
2743,NORMAL,NORMAL,522740.9204974669,5696644.290406497,13,18,20.0,66184.59879523695,0.12934708338363843,ground_equivalent_excess_gamma_dose_rate,uSv/h,50.0,1.0,6360,0.00031839997973293066,False,,5,0.5,0.45,False,,,
2744,NORMAL,NORMAL,522740.9204974669,5696624.290406497,12,18,20.0,66204.59879523695,0.13034057057096837,ground_equivalent_excess_gamma_dose_rate,uSv/h,50.0,1.0,6360,0.0002954999799840152,False,,5,0.5,0.45,False,,,
2745,NORMAL,NORMAL,522740.9204974669,5696604.290406497,11,18,20.0,66224.59879523695,0.13079966262266912,ground_equivalent_excess_gamma_dose_rate,uSv/h,50.0,1.0,6360,0.00044319999869912863,False,,5,0.5,0.45,False,,,
2746,NORMAL,NORMAL,522720.9204974669,5696604.290406497,11,17,20.0,66244.59879523695,0.11960734849688126,ground_equivalent_excess_gamma_dose_rate,uSv/h,50.0,1.0,6360,0.0008788999984972179,False,,5,0.5,0.45,False,,,
2747,NORMAL,NORMAL,522700.9204974669,5696584.290406497,10,16,28.284271247461902,66272.88306648441,0.10973127226424478,ground_equivalent_excess_gamma_dose_rate,uSv/h,50.0,1.0,6360,0.0003567000094335526,False,,5,0.5,0.45,False,,,
2748,NORMAL,NORMAL,522720.9204974669,5696564.290406497,9,17,28.284271247461902,66301.16733773188,0.11900748032321601,ground_equivalent_excess_gamma_dose_rate,uSv/h,50.0,1.0,6360,0.00031460000900551677,False,,5,0.5,0.45,False,,,
2749,NORMAL,NORMAL,522700.9204974669,5696564.290406497,9,16,20.0,66321.16733773188,0.1092867055805623,ground_equivalent_excess_gamma_dose_rate,uSv/h,50.0,1.0,6360,0.0003046999918296933,False,,5,0.5,0.45,False,,,
2750,NORMAL,NORMAL,522680.9204974669,5696564.290406497,9,15,20.0,66341.16733773188,0.1007084390187723,ground_equivalent_excess_gamma_dose_rate,uSv/h,50.0,1.0,6360,0.00030509999487549067,False,,5,0.5,0.45,False,,,
2751,NORMAL,NORMAL,522680.9204974669,5696584.290406497,10,15,20.0,66361.16733773188,0.10108583330796478,ground_equivalent_excess_gamma_dose_rate,uSv/h,50.0,1.0,6360,0.00030189999961294234,False,,5,0.5,0.45,False,,,
2752,NORMAL,NORMAL,522700.9204974669,5696604.290406497,11,16,28.284271247461902,66389.45160897935,0.10979237093123073,ground_equivalent_excess_gamma_dose_rate,uSv/h,50.0,1.0,6360,0.0011571000213734806,False,,5,0.5,0.45,False,,,
2753,NORMAL,NORMAL,522680.9204974669,5696624.290406497,12,15,28.284271247461902,66417.73588022681,0.1008629815702558,ground_equivalent_excess_gamma_dose_rate,uSv/h,50.0,1.0,6360,0.0010203999991063029,False,,5,0.5,0.45,False,,,
2754,NORMAL,NORMAL,522660.9204974669,5696604.290406497,11,14,28.284271247461902,66446.02015147428,0.09346735811324125,ground_equivalent_excess_gamma_dose_rate,uSv/h,50.0,1.0,6360,0.0003404000017326325,False,,5,0.5,0.45,False,,,
2755,NORMAL,NORMAL,522640.9204974669,5696604.290406497,11,13,20.0,66466.02015147428,0.08663759794475945,ground_equivalent_excess_gamma_dose_rate,uSv/h,50.0,1.0,6360,0.00032660001306794584,False,,5,0.5,0.45,False,,,
2756,NORMAL,NORMAL,522620.9204974669,5696624.290406497,12,12,28.284271247461902,66494.30442272175,0.0803556723798618,ground_equivalent_excess_gamma_dose_rate,uSv/h,50.0,1.0,6360,0.00031529998523183167,False,,5,0.5,0.45,False,,,
2757,NORMAL,NORMAL,522640.9204974669,5696624.290406497,12,13,20.0,66514.30442272175,0.08643594048281567,ground_equivalent_excess_gamma_dose_rate,uSv/h,50.0,1.0,6360,0.0003285999991931021,False,,5,0.5,0.45,False,,,
2758,NORMAL,NORMAL,522620.9204974669,5696624.290406497,12,12,20.0,66534.30442272175,0.0803556723798618,ground_equivalent_excess_gamma_dose_rate,uSv/h,50.0,1.0,6360,0.00031140001374296844,False,,5,0.5,0.45,False,,,
2759,NORMAL,NORMAL,522600.9204974669,5696624.290406497,12,11,20.0,66554.30442272175,0.07489468219284656,ground_equivalent_excess_gamma_dose_rate,uSv/h,50.0,1.0,6360,0.0003142000059597194,False,,5,0.5,0.45,False,,,
2760,NORMAL,NORMAL,522580.9204974669,5696624.290406497,12,10,20.0,66574.30442272175,0.06997169338609871,ground_equivalent_excess_gamma_dose_rate,uSv/h,50.0,1.0,6360,0.0008200000156648457,False,,5,0.5,0.45,False,,,
2761,NORMAL,NORMAL,522600.9204974669,5696624.290406497,12,11,20.0,66594.30442272175,0.07489468219284656,ground_equivalent_excess_gamma_dose_rate,uSv/h,50.0,1.0,6360,0.00032920000376179814,False,,5,0.5,0.45,False,,,
2762,NORMAL,NORMAL,522600.9204974669,5696604.290406497,11,11,20.0,66614.30442272175,0.07504603562361278,ground_equivalent_excess_gamma_dose_rate,uSv/h,50.0,1.0,6360,0.00032079999800771475,False,,5,0.5,0.45,False,,,
2763,NORMAL,NORMAL,522620.9204974669,5696604.290406497,11,12,20.0,66634.30442272175,0.08052992823664162,ground_equivalent_excess_gamma_dose_rate,uSv/h,50.0,1.0,6360,0.0005754999874625355,False,,5,0.5,0.45,False,,,
2764,NORMAL,NORMAL,522620.9204974669,5696584.290406497,10,12,20.0,66654.30442272175,0.08049705318443795,ground_equivalent_excess_gamma_dose_rate,uSv/h,50.0,1.0,6360,0.0008381999796256423,False,,5,0.5,0.45,False,,,
2765,NORMAL,NORMAL,522600.9204974669,5696604.290406497,11,11,28.284271247461902,66682.58869396921,0.07504603562361278,ground_equivalent_excess_gamma_dose_rate,uSv/h,50.0,1.0,6360,0.00033340000663883984,False,,5,0.5,0.45,False,,,
2766,NORMAL,NORMAL,522600.9204974669,5696624.290406497,12,11,20.0,66702.58869396921,0.07489468219284656,ground_equivalent_excess_gamma_dose_rate,uSv/h,50.0,1.0,6360,0.000302400003420189,False,,5,0.5,0.45,False,,,
2767,NORMAL,NORMAL,522620.9204974669,5696624.290406497,12,12,20.0,66722.58869396921,0.0803556723798618,ground_equivalent_excess_gamma_dose_rate,uSv/h,50.0,1.0,6360,0.0003277999931015074,False,,5,0.5,0.45,False,,,
2768,NORMAL,NORMAL,522600.9204974669,5696624.290406497,12,11,20.0,66742.58869396921,0.07489468219284656,ground_equivalent_excess_gamma_dose_rate,uSv/h,50.0,1.0,6360,0.000315099983708933,False,,5,0.5,0.45,False,,,
2769,NORMAL,NORMAL,522620.9204974669,5696644.290406497,13,12,28.284271247461902,66770.87296521668,0.07997696178632457,ground_equivalent_excess_gamma_dose_rate,uSv/h,50.0,1.0,6360,0.00030949999927543104,False,,5,0.5,0.45,False,,,
2770,NORMAL,NORMAL,522600.9204974669,5696664.290406497,14,11,28.284271247461902,66799.15723646415,0.07406343089764306,ground_equivalent_excess_gamma_dose_rate,uSv/h,50.0,1.0,6360,0.0006471000087913126,False,,5,0.5,0.45,False,,,
2771,NORMAL,NORMAL,522580.9204974669,5696664.290406497,14,10,20.0,66819.15723646415,0.06924560064080981,ground_equivalent_excess_gamma_dose_rate,uSv/h,50.0,1.0,6360,0.000980199984041974,False,,5,0.5,0.45,False,,,
2772,NORMAL,NORMAL,522560.9204974669,5696644.290406497,13,9,28.284271247461902,66847.44150771161,0.06526634366205863,ground_equivalent_excess_gamma_dose_rate,uSv/h,50.0,1.0,6360,0.00034279999090358615,False,,5,0.5,0.45,False,,,
2773,NORMAL,NORMAL,522540.9204974669,5696624.290406497,12,8,28.284271247461902,66875.72577895908,0.06147673967691947,ground_equivalent_excess_gamma_dose_rate,uSv/h,50.0,1.0,6360,0.0003209999995306134,False,,5,0.5,0.45,False,,,
2774,NORMAL,NORMAL,522540.9204974669,5696604.290406497,11,8,20.0,66895.72577895908,0.061578682052350286,ground_equivalent_excess_gamma_dose_rate,uSv/h,50.0,1.0,6360,0.0003205999964848161,False,,5,0.5,0.45,False,,,
2775,NORMAL,NORMAL,522540.9204974669,5696584.290406497,10,8,20.0,66915.72577895908,0.06155945758432074,ground_equivalent_excess_gamma_dose_rate,uSv/h,50.0,1.0,6360,0.00030620000325143337,False,,5,0.5,0.45,False,,,
2776,NORMAL,NORMAL,522540.9204974669,5696604.290406497,11,8,20.0,66935.72577895908,0.061578682052350286,ground_equivalent_excess_gamma_dose_rate,uSv/h,50.0,1.0,6360,0.0006346000009216368,False,,5,0.5,0.45,False,,,
2777,NORMAL,NORMAL,522560.9204974669,5696604.290406497,11,9,20.0,66955.72577895908,0.06563412999345658,ground_equivalent_excess_gamma_dose_rate,uSv/h,50.0,1.0,6360,0.0009390000195708126,False,,5,0.5,0.45,False,,,
2778,NORMAL,NORMAL,522580.9204974669,5696624.290406497,12,10,28.284271247461902,66984.01005020655,0.06997169338609871,ground_equivalent_excess_gamma_dose_rate,uSv/h,50.0,1.0,6360,0.00033239999902434647,False,,5,0.5,0.45,False,,,
2779,NORMAL,NORMAL,522600.9204974669,5696624.290406497,12,11,20.0,67004.01005020655,0.07489468219284656,ground_equivalent_excess_gamma_dose_rate,uSv/h,50.0,1.0,6360,0.00030640000477433205,False,,5,0.5,0.45,False,,,
2780,NORMAL,NORMAL,522620.9204974669,5696644.290406497,13,12,28.284271247461902,67032.29432145401,0.07997696178632457,ground_equivalent_excess_gamma_dose_rate,uSv/h,50.0,1.0,6360,0.0003042000171262771,False,,5,0.5,0.45,False,,,
2781,NORMAL,NORMAL,522640.9204974669,5696644.290406497,13,13,20.0,67052.29432145401,0.0859979060497219,ground_equivalent_excess_gamma_dose_rate,uSv/h,50.0,1.0,6360,0.00029639998683705926,False,,5,0.5,0.45,False,,,
2782,NORMAL,NORMAL,522660.9204974669,5696624.290406497,12,14,28.284271247461902,67080.57859270148,0.09323269666557171,ground_equivalent_excess_gamma_dose_rate,uSv/h,50.0,1.0,6360,0.0002891999902203679,False,,5,0.5,0.45,False,,,
2783,NORMAL,NORMAL,522640.9204974669,5696644.290406497,13,13,28.284271247461902,67108.86286394895,0.0859979060497219,ground_equivalent_excess_gamma_dose_rate,uSv/h,50.0,1.0,6360,0.0005853000038769096,False,,5,0.5,0.45,False,,,
2784,NORMAL,NORMAL,522620.9204974669,5696644.290406497,13,12,20.0,67128.86286394895,0.07997696178632457,ground_equivalent_excess_gamma_dose_rate,uSv/h,50.0,1.0,6360,0.0008762000070419163,False,,5,0.5,0.45,False,,,
2785,NORMAL,NORMAL,522640.9204974669,5696624.290406497,12,13,28.284271247461902,67157.14713519641,0.08643594048281567,ground_equivalent_excess_gamma_dose_rate,uSv/h,50.0,1.0,6360,0.00034339999547228217,False,,5,0.5,0.45,False,,,
2786,NORMAL,NORMAL,522620.9204974669,5696624.290406497,12,12,20.0,67177.14713519641,0.0803556723798618,ground_equivalent_excess_gamma_dose_rate,uSv/h,50.0,1.0,6360,0.00030490002245642245,False,,5,0.5,0.45,False,,,
2787,NORMAL,NORMAL,522600.9204974669,5696644.290406497,13,11,28.284271247461902,67205.43140644388,0.07456559160418808,ground_equivalent_excess_gamma_dose_rate,uSv/h,50.0,1.0,6360,0.0003050000232178718,False,,5,0.5,0.45,False,,,
2788,NORMAL,NORMAL,522580.9204974669,5696644.290406497,13,10,20.0,67225.43140644388,0.06968436156708413,ground_equivalent_excess_gamma_dose_rate,uSv/h,50.0,1.0,6360,0.00029329999233596027,False,,5,0.5,0.45,False,,,
2789,NORMAL,NORMAL,522560.9204974669,5696664.290406497,14,9,28.284271247461902,67253.71567769135,0.06488130063477165,ground_equivalent_excess_gamma_dose_rate,uSv/h,50.0,1.0,6360,0.0003073000116273761,False,,5,0.5,0.45,False,,,
2790,NORMAL,NORMAL,522580.9204974669,5696684.290406497,15,10,28.284271247461902,67281.99994893881,0.06866113892042353,ground_equivalent_excess_gamma_dose_rate,uSv/h,50.0,1.0,6360,0.00034339999547228217,False,,5,0.5,0.45,False,,,
2791,NORMAL,NORMAL,522560.9204974669,5696684.290406497,15,9,20.0,67301.99994893881,0.06436791715900525,ground_equivalent_excess_gamma_dose_rate,uSv/h,50.0,1.0,6360,0.0004820000031031668,False,,5,0.5,0.45,False,,,
2792,NORMAL,NORMAL,522580.9204974669,5696664.290406497,14,10,28.284271247461902,67330.28422018628,0.06924560064080981,ground_equivalent_excess_gamma_dose_rate,uSv/h,50.0,1.0,6360,0.0003719999804161489,False,,5,0.5,0.45,False,,,
2793,NORMAL,NORMAL,522560.9204974669,5696664.290406497,14,9,20.0,67350.28422018628,0.06488130063477165,ground_equivalent_excess_gamma_dose_rate,uSv/h,50.0,1.0,6360,0.00033179999445565045,False,,5,0.5,0.45,False,,,
2794,NORMAL,NORMAL,522560.9204974669,5696684.290406497,15,9,20.0,67370.28422018628,0.06436791715900525,ground_equivalent_excess_gamma_dose_rate,uSv/h,50.0,1.0,6360,0.000663500017253682,False,,5,0.5,0.45,False,,,
2795,NORMAL,NORMAL,522560.9204974669,5696664.290406497,14,9,20.0,67390.28422018628,0.06488130063477165,ground_equivalent_excess_gamma_dose_rate,uSv/h,50.0,1.0,6360,0.0003419000131543726,False,,5,0.5,0.45,False,,,
2796,NORMAL,NORMAL,522580.9204974669,5696684.290406497,15,10,28.284271247461902,67418.56849143375,0.06866113892042353,ground_equivalent_excess_gamma_dose_rate,uSv/h,50.0,1.0,6360,0.00033320000511594117,False,,5,0.5,0.45,False,,,
2797,NORMAL,NORMAL,522560.9204974669,5696684.290406497,15,9,20.0,67438.56849143375,0.06436791715900525,ground_equivalent_excess_gamma_dose_rate,uSv/h,50.0,1.0,6360,0.0003234999894630164,False,,5,0.5,0.45,False,,,
2798,NORMAL,NORMAL,522560.9204974669,5696704.290406497,16,9,20.0,67458.56849143375,0.0637323507321822,ground_equivalent_excess_gamma_dose_rate,uSv/h,50.0,1.0,6360,0.000305800000205636,False,,5,0.5,0.45,False,,,
2799,NORMAL,NORMAL,522560.9204974669,5696724.290406497,17,9,20.0,67478.56849143375,0.06298202084244148,ground_equivalent_excess_gamma_dose_rate,uSv/h,50.0,1.0,6360,0.00029779999749735,False,,5,0.5,0.45,False,,,
2800,NORMAL,NORMAL,522560.9204974669,5696744.290406497,18,9,20.0,67498.56849143375,0.062125400734956704,ground_equivalent_excess_gamma_dose_rate,uSv/h,50.0,1.0,6360,0.0003423000162001699,False,,5,0.5,0.45,False,,,
2801,NORMAL,NORMAL,522580.9204974669,5696764.290406497,19,10,28.284271247461902,67526.85276268121,0.0650364475622291,ground_equivalent_excess_gamma_dose_rate,uSv/h,50.0,1.0,6360,0.0003905000048689544,False,,5,0.5,0.45,False,,,
2802,NORMAL,NORMAL,522580.9204974669,5696744.290406497,18,10,20.0,67546.85276268121,0.06611541838079671,ground_equivalent_excess_gamma_dose_rate,uSv/h,50.0,1.0,6360,0.0003591999993659556,False,,5,0.5,0.45,False,,,
2803,NORMAL,NORMAL,522600.9204974669,5696744.290406497,18,11,20.0,67566.85276268121,0.07049375208347303,ground_equivalent_excess_gamma_dose_rate,uSv/h,50.0,1.0,6360,0.0003354000218678266,False,,5,0.5,0.45,False,,,
2804,NORMAL,NORMAL,522580.9204974669,5696724.290406497,17,10,28.284271247461902,67595.13703392868,0.0670864651089727,ground_equivalent_excess_gamma_dose_rate,uSv/h,50.0,1.0,6360,0.00031110001145862043,False,,5,0.5,0.45,False,,,
2805,NORMAL,NORMAL,522600.9204974669,5696704.290406497,16,11,28.284271247461902,67623.42130517615,0.07257000867603797,ground_equivalent_excess_gamma_dose_rate,uSv/h,50.0,1.0,6360,0.0003030999796465039,False,,5,0.5,0.45,False,,,
2806,NORMAL,NORMAL,522580.9204974669,5696684.290406497,15,10,28.284271247461902,67651.70557642361,0.06866113892042353,ground_equivalent_excess_gamma_dose_rate,uSv/h,50.0,1.0,6360,0.0007313999813050032,False,,5,0.5,0.45,False,,,
2807,NORMAL,NORMAL,522560.9204974669,5696704.290406497,16,9,28.284271247461902,67679.98984767108,0.0637323507321822,ground_equivalent_excess_gamma_dose_rate,uSv/h,50.0,1.0,6360,0.0010516000038478523,False,,5,0.5,0.45,False,,,
2808,NORMAL,NORMAL,522580.9204974669,5696704.290406497,16,10,20.0,67699.98984767108,0.06793843881177014,ground_equivalent_excess_gamma_dose_rate,uSv/h,50.0,1.0,6360,0.00035200000274926424,False,,5,0.5,0.45,False,,,
2809,NORMAL,NORMAL,522560.9204974669,5696724.290406497,17,9,28.284271247461902,67728.27411891855,0.06298202084244148,ground_equivalent_excess_gamma_dose_rate,uSv/h,50.0,1.0,6360,0.0003130999975837767,False,,5,0.5,0.45,False,,,
2810,NORMAL,NORMAL,522560.9204974669,5696704.290406497,16,9,20.0,67748.27411891855,0.0637323507321822,ground_equivalent_excess_gamma_dose_rate,uSv/h,50.0,1.0,6360,0.00030270000570453703,False,,5,0.5,0.45,False,,,
2811,NORMAL,NORMAL,522580.9204974669,5696684.290406497,15,10,28.284271247461902,67776.55839016601,0.06866113892042353,ground_equivalent_excess_gamma_dose_rate,uSv/h,50.0,1.0,6360,0.000606699992204085,False,,5,0.5,0.45,False,,,
2812,NORMAL,NORMAL,522560.9204974669,5696704.290406497,16,9,28.284271247461902,67804.84266141348,0.0637323507321822,ground_equivalent_excess_gamma_dose_rate,uSv/h,50.0,1.0,6360,0.0005837000207975507,False,,5,0.5,0.45,False,,,
2813,NORMAL,NORMAL,522560.9204974669,5696724.290406497,17,9,20.0,67824.84266141348,0.06298202084244148,ground_equivalent_excess_gamma_dose_rate,uSv/h,50.0,1.0,6360,0.0015889000205788761,False,,5,0.5,0.45,False,,,
2814,NORMAL,NORMAL,522580.9204974669,5696744.290406497,18,10,28.284271247461902,67853.12693266095,0.06611541838079671,ground_equivalent_excess_gamma_dose_rate,uSv/h,50.0,1.0,6360,0.0005492999916896224,False,,5,0.5,0.45,False,,,
2815,NORMAL,NORMAL,522560.9204974669,5696724.290406497,17,9,28.284271247461902,67881.41120390841,0.06298202084244148,ground_equivalent_excess_gamma_dose_rate,uSv/h,50.0,1.0,6360,0.0005664000054821372,False,,5,0.5,0.45,False,,,
2816,NORMAL,NORMAL,522540.9204974669,5696724.290406497,17,8,20.0,67901.41120390841,0.059238345167212436,ground_equivalent_excess_gamma_dose_rate,uSv/h,50.0,1.0,6360,0.000582900014705956,False,,5,0.5,0.45,False,,,
2817,NORMAL,NORMAL,522520.9204974669,5696704.290406497,16,7,28.284271247461902,67929.69547515588,0.056403361415188646,ground_equivalent_excess_gamma_dose_rate,uSv/h,50.0,1.0,6360,0.0007737000123597682,False,,5,0.5,0.45,False,,,
2818,NORMAL,NORMAL,522520.9204974669,5696724.290406497,17,7,20.0,67949.69547515588,0.05581488275055946,ground_equivalent_excess_gamma_dose_rate,uSv/h,50.0,1.0,6360,0.000542099995072931,False,,5,0.5,0.45,False,,,
2819,NORMAL,NORMAL,522500.9204974669,5696704.290406497,16,6,28.284271247461902,67977.97974640335,0.053200402008115655,ground_equivalent_excess_gamma_dose_rate,uSv/h,50.0,1.0,6360,0.001979699998628348,False,,5,0.5,0.45,False,,,
2820,NORMAL,NORMAL,522500.9204974669,5696724.290406497,17,6,20.0,67997.97974640335,0.05267655078487277,ground_equivalent_excess_gamma_dose_rate,uSv/h,50.0,1.0,6360,0.0006289000157266855,False,,5,0.5,0.45,False,,,
2821,NORMAL,NORMAL,522500.9204974669,5696704.290406497,16,6,20.0,68017.97974640335,0.053200402008115655,ground_equivalent_excess_gamma_dose_rate,uSv/h,50.0,1.0,6360,0.0005630000086966902,False,,5,0.5,0.45,False,,,
2822,NORMAL,NORMAL,522480.9204974669,5696684.290406497,15,5,28.284271247461902,68046.26401765081,0.05065514191580578,ground_equivalent_excess_gamma_dose_rate,uSv/h,50.0,1.0,6360,0.0006695000047329813,False,,5,0.5,0.45,False,,,
2823,NORMAL,NORMAL,522460.9204974669,5696684.290406497,15,4,20.0,68066.26401765081,0.047909371183580185,ground_equivalent_excess_gamma_dose_rate,uSv/h,50.0,1.0,6360,0.0005975999811198562,False,,5,0.5,0.45,False,,,
2824,NORMAL,NORMAL,522480.9204974669,5696704.290406497,16,5,28.284271247461902,68094.54828889828,0.050260699491765926,ground_equivalent_excess_gamma_dose_rate,uSv/h,50.0,1.0,6360,0.0006373999931383878,False,,5,0.5,0.45,False,,,
2825,NORMAL,NORMAL,522460.9204974669,5696704.290406497,16,4,20.0,68114.54828889828,0.04755638245663402,ground_equivalent_excess_gamma_dose_rate,uSv/h,50.0,1.0,6360,0.0005467000009957701,False,,5,0.5,0.45,False,,,
2826,NORMAL,NORMAL,522440.9204974669,5696704.290406497,16,3,20.0,68134.54828889828,0.04506314661331601,ground_equivalent_excess_gamma_dose_rate,uSv/h,50.0,1.0,6360,0.0006550999823957682,False,,5,0.5,0.45,False,,,
2827,NORMAL,NORMAL,522440.9204974669,5696724.290406497,17,3,20.0,68154.54828889828,0.04468672396198975,ground_equivalent_excess_gamma_dose_rate,uSv/h,50.0,1.0,6360,0.0005652999971061945,False,,5,0.5,0.45,False,,,
2828,NORMAL,NORMAL,522460.9204974669,5696704.290406497,16,4,28.284271247461902,68182.83256014575,0.04755638245663402,ground_equivalent_excess_gamma_dose_rate,uSv/h,50.0,1.0,6360,0.0005320000054780394,False,,5,0.5,0.45,False,,,
2829,NORMAL,NORMAL,522440.9204974669,5696724.290406497,17,3,28.284271247461902,68211.11683139321,0.04468672396198975,ground_equivalent_excess_gamma_dose_rate,uSv/h,50.0,1.0,6360,0.000520500005222857,False,,5,0.5,0.45,False,,,
2830,NORMAL,NORMAL,522460.9204974669,5696724.290406497,17,4,20.0,68231.11683139321,0.047137348058820194,ground_equivalent_excess_gamma_dose_rate,uSv/h,50.0,1.0,6360,0.0005713000136893243,False,,5,0.5,0.45,False,,,
2831,NORMAL,NORMAL,522480.9204974669,5696704.290406497,16,5,28.284271247461902,68259.40110264068,0.050260699491765926,ground_equivalent_excess_gamma_dose_rate,uSv/h,50.0,1.0,6360,0.0005481000116560608,False,,5,0.5,0.45,False,,,
2832,NORMAL,NORMAL,522460.9204974669,5696704.290406497,16,4,20.0,68279.40110264068,0.04755638245663402,ground_equivalent_excess_gamma_dose_rate,uSv/h,50.0,1.0,6360,0.0005353999731596559,False,,5,0.5,0.45,False,,,
2833,NORMAL,NORMAL,522460.9204974669,5696684.290406497,15,4,20.0,68299.40110264068,0.047909371183580185,ground_equivalent_excess_gamma_dose_rate,uSv/h,50.0,1.0,6360,0.004718100011814386,False,,5,0.5,0.45,False,,,
2834,NORMAL,NORMAL,522480.9204974669,5696664.290406497,14,5,28.284271247461902,68327.68537388815,0.05097254617245389,ground_equivalent_excess_gamma_dose_rate,uSv/h,50.0,1.0,6360,0.0010303999879397452,False,,5,0.5,0.45,False,,,
2835,NORMAL,NORMAL,522460.9204974669,5696684.290406497,15,4,28.284271247461902,68355.96964513561,0.047909371183580185,ground_equivalent_excess_gamma_dose_rate,uSv/h,50.0,1.0,6360,0.0006814000080339611,False,,5,0.5,0.45,False,,,
2836,NORMAL,NORMAL,522460.9204974669,5696664.290406497,14,4,20.0,68375.96964513561,0.04819320172968827,ground_equivalent_excess_gamma_dose_rate,uSv/h,50.0,1.0,6360,0.00068299999111332,False,,5,0.5,0.45,False,,,
2837,NORMAL,NORMAL,522480.9204974669,5696644.290406497,13,5,28.284271247461902,68404.25391638308,0.05120989695193168,ground_equivalent_excess_gamma_dose_rate,uSv/h,50.0,1.0,6360,0.000617199984844774,False,,5,0.5,0.45,False,,,
2838,NORMAL,NORMAL,522480.9204974669,5696664.290406497,14,5,20.0,68424.25391638308,0.05097254617245389,ground_equivalent_excess_gamma_dose_rate,uSv/h,50.0,1.0,6360,0.0006024000176694244,False,,5,0.5,0.45,False,,,
2839,NORMAL,NORMAL,522460.9204974669,5696664.290406497,14,4,20.0,68444.25391638308,0.04819320172968827,ground_equivalent_excess_gamma_dose_rate,uSv/h,50.0,1.0,6360,0.0006081000028643757,False,,5,0.5,0.45,False,,,
2840,NORMAL,NORMAL,522480.9204974669,5696644.290406497,13,5,28.284271247461902,68472.53818763055,0.05120989695193168,ground_equivalent_excess_gamma_dose_rate,uSv/h,50.0,1.0,6360,0.001495100004831329,False,,5,0.5,0.45,False,,,
2841,NORMAL,NORMAL,522480.9204974669,5696664.290406497,14,5,20.0,68492.53818763055,0.05097254617245389,ground_equivalent_excess_gamma_dose_rate,uSv/h,50.0,1.0,6360,0.0014916999789420515,False,,5,0.5,0.45,False,,,
2842,NORMAL,NORMAL,522480.9204974669,5696684.290406497,15,5,20.0,68512.53818763055,0.05065514191580578,ground_equivalent_excess_gamma_dose_rate,uSv/h,50.0,1.0,6360,0.0005833000177517533,False,,5,0.5,0.45,False,,,
2843,NORMAL,NORMAL,522460.9204974669,5696664.290406497,14,4,28.284271247461902,68540.82245887801,0.04819320172968827,ground_equivalent_excess_gamma_dose_rate,uSv/h,50.0,1.0,6360,0.0005778000049758703,False,,5,0.5,0.45,False,,,
2844,NORMAL,NORMAL,522480.9204974669,5696644.290406497,13,5,28.284271247461902,68569.10673012548,0.05120989695193168,ground_equivalent_excess_gamma_dose_rate,uSv/h,50.0,1.0,6360,0.0006318999803625047,False,,5,0.5,0.45,False,,,
2845,NORMAL,NORMAL,522500.9204974669,5696644.290406497,13,6,20.0,68589.10673012548,0.05426505805000237,ground_equivalent_excess_gamma_dose_rate,uSv/h,50.0,1.0,6360,0.0005666000070050359,False,,5,0.5,0.45,False,,,
2846,NORMAL,NORMAL,522500.9204974669,5696664.290406497,14,6,20.0,68609.10673012548,0.053998615653968185,ground_equivalent_excess_gamma_dose_rate,uSv/h,50.0,1.0,6360,0.0005124999734107405,False,,5,0.5,0.45,False,,,
2847,NORMAL,NORMAL,522480.9204974669,5696644.290406497,13,5,28.284271247461902,68637.39100137295,0.05120989695193168,ground_equivalent_excess_gamma_dose_rate,uSv/h,50.0,1.0,6360,0.00047649999032728374,False,,5,0.5,0.45,False,,,
2848,NORMAL,NORMAL,522500.9204974669,5696664.290406497,14,6,28.284271247461902,68665.67527262041,0.053998615653968185,ground_equivalent_excess_gamma_dose_rate,uSv/h,50.0,1.0,6360,0.0007983999967109412,False,,5,0.5,0.45,False,,,
2849,NORMAL,NORMAL,522520.9204974669,5696644.290406497,13,7,28.284271247461902,68693.95954386788,0.05760151651771467,ground_equivalent_excess_gamma_dose_rate,uSv/h,50.0,1.0,6360,0.0005801999941468239,False,,5,0.5,0.45,False,,,
2850,NORMAL,NORMAL,522520.9204974669,5696624.290406497,12,7,20.0,68713.95954386788,0.05779770364763226,ground_equivalent_excess_gamma_dose_rate,uSv/h,50.0,1.0,6360,0.0005457999941427261,False,,5,0.5,0.45,False,,,
2851,NORMAL,NORMAL,522520.9204974669,5696644.290406497,13,7,20.0,68733.95954386788,0.05760151651771467,ground_equivalent_excess_gamma_dose_rate,uSv/h,50.0,1.0,6360,0.0005243000050541013,False,,5,0.5,0.45,False,,,
2852,NORMAL,NORMAL,522500.9204974669,5696624.290406497,12,6,28.284271247461902,68762.24381511535,0.05443914152699131,ground_equivalent_excess_gamma_dose_rate,uSv/h,50.0,1.0,6360,0.0010427999950479716,False,,5,0.5,0.45,False,,,
2853,NORMAL,NORMAL,522500.9204974669,5696604.290406497,11,6,20.0,68782.24381511535,0.0545190647883913,ground_equivalent_excess_gamma_dose_rate,uSv/h,50.0,1.0,6360,0.000815200008219108,False,,5,0.5,0.45,False,,,
2854,NORMAL,NORMAL,522520.9204974669,5696624.290406497,12,7,28.284271247461902,68810.52808636281,0.05779770364763226,ground_equivalent_excess_gamma_dose_rate,uSv/h,50.0,1.0,6360,0.0005747000104747713,False,,5,0.5,0.45,False,,,
2855,NORMAL,NORMAL,522540.9204974669,5696624.290406497,12,8,20.0,68830.52808636281,0.06147673967691947,ground_equivalent_excess_gamma_dose_rate,uSv/h,50.0,1.0,6360,0.0005476000078488141,False,,5,0.5,0.45,False,,,
2856,NORMAL,NORMAL,522520.9204974669,5696624.290406497,12,7,20.0,68850.52808636281,0.05779770364763226,ground_equivalent_excess_gamma_dose_rate,uSv/h,50.0,1.0,6360,0.0005624000041279942,False,,5,0.5,0.45,False,,,
2857,NORMAL,NORMAL,522500.9204974669,5696644.290406497,13,6,28.284271247461902,68878.81235761028,0.05426505805000237,ground_equivalent_excess_gamma_dose_rate,uSv/h,50.0,1.0,6360,0.002833600010490045,False,,5,0.5,0.45,False,,,
2858,NORMAL,NORMAL,522480.9204974669,5696664.290406497,14,5,28.284271247461902,68907.09662885775,0.05097254617245389,ground_equivalent_excess_gamma_dose_rate,uSv/h,50.0,1.0,6360,0.0005672000115737319,False,,5,0.5,0.45,False,,,
2859,NORMAL,NORMAL,522460.9204974669,5696684.290406497,15,4,28.284271247461902,68935.38090010521,0.047909371183580185,ground_equivalent_excess_gamma_dose_rate,uSv/h,50.0,1.0,6360,0.0005644000193569809,False,,5,0.5,0.45,False,,,
2860,NORMAL,NORMAL,522460.9204974669,5696664.290406497,14,4,20.0,68955.38090010521,0.04819320172968827,ground_equivalent_excess_gamma_dose_rate,uSv/h,50.0,1.0,6360,0.001225399988470599,False,,5,0.5,0.45,False,,,
2861,NORMAL,NORMAL,522460.9204974669,5696684.290406497,15,4,20.0,68975.38090010521,0.047909371183580185,ground_equivalent_excess_gamma_dose_rate,uSv/h,50.0,1.0,6360,0.0005318000039551407,False,,5,0.5,0.45,False,,,
2862,NORMAL,NORMAL,522480.9204974669,5696664.290406497,14,5,28.284271247461902,69003.66517135268,0.05097254617245389,ground_equivalent_excess_gamma_dose_rate,uSv/h,50.0,1.0,6360,0.0005670000100508332,False,,5,0.5,0.45,False,,,
2863,NORMAL,NORMAL,522480.9204974669,5696684.290406497,15,5,20.0,69023.66517135268,0.05065514191580578,ground_equivalent_excess_gamma_dose_rate,uSv/h,50.0,1.0,6360,0.0016300000133924186,False,,5,0.5,0.45,False,,,
2864,NORMAL,NORMAL,522500.9204974669,5696684.290406497,15,6,20.0,69043.66517135268,0.05364253791362811,ground_equivalent_excess_gamma_dose_rate,uSv/h,50.0,1.0,6360,0.0005550000059884042,False,,5,0.5,0.45,False,,,
2865,NORMAL,NORMAL,522480.9204974669,5696664.290406497,14,5,28.284271247461902,69071.94944260015,0.05097254617245389,ground_equivalent_excess_gamma_dose_rate,uSv/h,50.0,1.0,6360,0.0005434000049717724,False,,5,0.5,0.45,False,,,
2866,NORMAL,NORMAL,522500.9204974669,5696684.290406497,15,6,28.284271247461902,69100.23371384761,0.05364253791362811,ground_equivalent_excess_gamma_dose_rate,uSv/h,50.0,1.0,6360,0.0014583000156562775,False,,5,0.5,0.45,False,,,
2867,NORMAL,NORMAL,522520.9204974669,5696664.290406497,14,7,28.284271247461902,69128.51798509508,0.0573013933425513,ground_equivalent_excess_gamma_dose_rate,uSv/h,50.0,1.0,6360,0.0005880999960936606,False,,5,0.5,0.45,False,,,
2868,NORMAL,NORMAL,522540.9204974669,5696644.290406497,13,8,28.284271247461902,69156.80225634255,0.061254829522721654,ground_equivalent_excess_gamma_dose_rate,uSv/h,50.0,1.0,6360,0.0003622999938670546,False,,5,0.5,0.45,False,,,
2869,NORMAL,NORMAL,522560.9204974669,5696664.290406497,14,9,28.284271247461902,69185.08652759001,0.06488130063477165,ground_equivalent_excess_gamma_dose_rate,uSv/h,50.0,1.0,6360,0.0003299999807495624,False,,5,0.5,0.45,False,,,
2870,NORMAL,NORMAL,522560.9204974669,5696684.290406497,15,9,20.0,69205.08652759001,0.06436791715900525,ground_equivalent_excess_gamma_dose_rate,uSv/h,50.0,1.0,6360,0.0003158000181429088,False,,5,0.5,0.45,False,,,
2871,NORMAL,NORMAL,522560.9204974669,5696704.290406497,16,9,20.0,69225.08652759001,0.0637323507321822,ground_equivalent_excess_gamma_dose_rate,uSv/h,50.0,1.0,6360,0.0004926999972667545,False,,5,0.5,0.45,False,,,
2872,NORMAL,NORMAL,522540.9204974669,5696724.290406497,17,8,28.284271247461902,69253.37079883748,0.059238345167212436,ground_equivalent_excess_gamma_dose_rate,uSv/h,50.0,1.0,6360,0.000732700020307675,False,,5,0.5,0.45,False,,,
2873,NORMAL,NORMAL,522560.9204974669,5696744.290406497,18,9,28.284271247461902,69281.65507008495,0.062125400734956704,ground_equivalent_excess_gamma_dose_rate,uSv/h,50.0,1.0,6360,0.0007208999886643142,False,,5,0.5,0.45,False,,,
2874,NORMAL,NORMAL,522540.9204974669,5696724.290406497,17,8,28.284271247461902,69309.93934133241,0.059238345167212436,ground_equivalent_excess_gamma_dose_rate,uSv/h,50.0,1.0,6360,0.0006081000028643757,False,,5,0.5,0.45,False,,,
2875,NORMAL,NORMAL,522560.9204974669,5696724.290406497,17,9,20.0,69329.93934133241,0.06298202084244148,ground_equivalent_excess_gamma_dose_rate,uSv/h,50.0,1.0,6360,0.000933499977691099,False,,5,0.5,0.45,False,,,
2876,NORMAL,NORMAL,522580.9204974669,5696704.290406497,16,10,28.284271247461902,69358.22361257988,0.06793843881177014,ground_equivalent_excess_gamma_dose_rate,uSv/h,50.0,1.0,6360,0.0004189999890513718,False,,5,0.5,0.45,False,,,
2877,NORMAL,NORMAL,522560.9204974669,5696704.290406497,16,9,20.0,69378.22361257988,0.0637323507321822,ground_equivalent_excess_gamma_dose_rate,uSv/h,50.0,1.0,6360,0.0003684000112116337,False,,5,0.5,0.45,False,,,
2878,NORMAL,NORMAL,522560.9204974669,5696684.290406497,15,9,20.0,69398.22361257988,0.06436791715900525,ground_equivalent_excess_gamma_dose_rate,uSv/h,50.0,1.0,6360,0.0003755999787244946,False,,5,0.5,0.45,False,,,
2879,NORMAL,NORMAL,522560.9204974669,5696664.290406497,14,9,20.0,69418.22361257988,0.06488130063477165,ground_equivalent_excess_gamma_dose_rate,uSv/h,50.0,1.0,6360,0.0003279000229667872,False,,5,0.5,0.45,False,,,
2880,NORMAL,NORMAL,522540.9204974669,5696664.290406497,14,8,20.0,69438.22361257988,0.0609155412293646,ground_equivalent_excess_gamma_dose_rate,uSv/h,50.0,1.0,6360,0.0007942999945953488,False,,5,0.5,0.45,False,,,
2881,NORMAL,NORMAL,522560.9204974669,5696684.290406497,15,9,28.284271247461902,69466.50788382735,0.06436791715900525,ground_equivalent_excess_gamma_dose_rate,uSv/h,50.0,1.0,6360,0.0005579999997280538,False,,5,0.5,0.45,False,,,
2882,NORMAL,NORMAL,522540.9204974669,5696704.290406497,16,8,28.284271247461902,69494.79215507481,0.05990165657921165,ground_equivalent_excess_gamma_dose_rate,uSv/h,50.0,1.0,6360,0.0005814000032842159,False,,5,0.5,0.45,False,,,
2883,NORMAL,NORMAL,522560.9204974669,5696684.290406497,15,9,28.284271247461902,69523.07642632228,0.06436791715900525,ground_equivalent_excess_gamma_dose_rate,uSv/h,50.0,1.0,6360,0.000520500005222857,False,,5,0.5,0.45,False,,,
2884,NORMAL,NORMAL,522540.9204974669,5696684.290406497,15,8,20.0,69543.07642632228,0.060462780133796024,ground_equivalent_excess_gamma_dose_rate,uSv/h,50.0,1.0,6360,0.0008542999858036637,False,,5,0.5,0.45,False,,,
2885,NORMAL,NORMAL,522560.9204974669,5696684.290406497,15,9,20.0,69563.07642632228,0.06436791715900525,ground_equivalent_excess_gamma_dose_rate,uSv/h,50.0,1.0,6360,0.0008120000129565597,False,,5,0.5,0.45,False,,,
2886,NORMAL,NORMAL,522560.9204974669,5696664.290406497,14,9,20.0,69583.07642632228,0.06488130063477165,ground_equivalent_excess_gamma_dose_rate,uSv/h,50.0,1.0,6360,0.00048260000767186284,False,,5,0.5,0.45,False,,,
2887,NORMAL,NORMAL,522580.9204974669,5696664.290406497,14,10,20.0,69603.07642632228,0.06924560064080981,ground_equivalent_excess_gamma_dose_rate,uSv/h,50.0,1.0,6360,0.00040569997509010136,False,,5,0.5,0.45,False,,,
2888,NORMAL,NORMAL,522560.9204974669,5696684.290406497,15,9,28.284271247461902,69631.36069756975,0.06436791715900525,ground_equivalent_excess_gamma_dose_rate,uSv/h,50.0,1.0,6360,0.0003930999955628067,False,,5,0.5,0.45,False,,,
2889,NORMAL,NORMAL,522560.9204974669,5696664.290406497,14,9,20.0,69651.36069756975,0.06488130063477165,ground_equivalent_excess_gamma_dose_rate,uSv/h,50.0,1.0,6360,0.0007183999987319112,False,,5,0.5,0.45,False,,,
2890,NORMAL,NORMAL,522580.9204974669,5696664.290406497,14,10,20.0,69671.36069756975,0.06924560064080981,ground_equivalent_excess_gamma_dose_rate,uSv/h,50.0,1.0,6360,0.0006483999895863235,False,,5,0.5,0.45,False,,,
2891,NORMAL,NORMAL,522560.9204974669,5696684.290406497,15,9,28.284271247461902,69699.64496881721,0.06436791715900525,ground_equivalent_excess_gamma_dose_rate,uSv/h,50.0,1.0,6360,0.0005688999954145402,False,,5,0.5,0.45,False,,,
2892,NORMAL,NORMAL,522580.9204974669,5696684.290406497,15,10,20.0,69719.64496881721,0.06866113892042353,ground_equivalent_excess_gamma_dose_rate,uSv/h,50.0,1.0,6360,0.0005059000104665756,False,,5,0.5,0.45,False,,,
2893,NORMAL,NORMAL,522600.9204974669,5696664.290406497,14,11,28.284271247461902,69747.92924006468,0.07406343089764306,ground_equivalent_excess_gamma_dose_rate,uSv/h,50.0,1.0,6360,0.0007969000143930316,False,,5,0.5,0.45,False,,,
2894,NORMAL,NORMAL,522620.9204974669,5696664.290406497,14,12,20.0,69767.92924006468,0.07939955299523543,ground_equivalent_excess_gamma_dose_rate,uSv/h,50.0,1.0,6360,0.0018937000131700188,False,,5,0.5,0.45,False,,,
2895,NORMAL,NORMAL,522620.9204974669,5696684.290406497,15,12,20.0,69787.92924006468,0.0786320666981164,ground_equivalent_excess_gamma_dose_rate,uSv/h,50.0,1.0,6360,0.0006923999753780663,False,,5,0.5,0.45,False,,,
2896,NORMAL,NORMAL,522620.9204974669,5696664.290406497,14,12,20.0,69807.92924006468,0.07939955299523543,ground_equivalent_excess_gamma_dose_rate,uSv/h,50.0,1.0,6360,0.0006477000133600086,False,,5,0.5,0.45,False,,,
2897,NORMAL,NORMAL,522640.9204974669,5696664.290406497,14,13,20.0,69827.92924006468,0.08533064871474466,ground_equivalent_excess_gamma_dose_rate,uSv/h,50.0,1.0,6360,0.002046300010988489,False,,5,0.5,0.45,False,,,
2898,NORMAL,NORMAL,522620.9204974669,5696684.290406497,15,12,28.284271247461902,69856.21351131215,0.0786320666981164,ground_equivalent_excess_gamma_dose_rate,uSv/h,50.0,1.0,6360,0.0005663000047206879,False,,5,0.5,0.45,False,,,
2899,NORMAL,NORMAL,522640.9204974669,5696664.290406497,14,13,28.284271247461902,69884.49778255961,0.08533064871474466,ground_equivalent_excess_gamma_dose_rate,uSv/h,50.0,1.0,6360,0.0005433000042103231,False,,5,0.5,0.45,False,,,
2900,NORMAL,NORMAL,522620.9204974669,5696664.290406497,14,12,20.0,69904.49778255961,0.07939955299523543,ground_equivalent_excess_gamma_dose_rate,uSv/h,50.0,1.0,6360,0.0023932000040076673,False,,5,0.5,0.45,False,,,
2901,NORMAL,NORMAL,522640.9204974669,5696684.290406497,15,13,28.284271247461902,69932.78205380708,0.08444485796793127,ground_equivalent_excess_gamma_dose_rate,uSv/h,50.0,1.0,6360,0.0006518999871332198,False,,5,0.5,0.45,False,,,
2902,NORMAL,NORMAL,522660.9204974669,5696664.290406497,14,14,28.284271247461902,69961.06632505455,0.09194803657556644,ground_equivalent_excess_gamma_dose_rate,uSv/h,50.0,1.0,6360,0.0006311000033747405,False,,5,0.5,0.45,False,,,
2903,NORMAL,NORMAL,522680.9204974669,5696664.290406497,14,15,20.0,69981.06632505455,0.09936113396046037,ground_equivalent_excess_gamma_dose_rate,uSv/h,50.0,1.0,6360,0.0005946999881416559,False,,5,0.5,0.45,False,,,
2904,NORMAL,NORMAL,522680.9204974669,5696644.290406497,13,15,20.0,70001.06632505455,0.10026702318358455,ground_equivalent_excess_gamma_dose_rate,uSv/h,50.0,1.0,6360,0.0005870000168215483,False,,5,0.5,0.45,False,,,
2905,NORMAL,NORMAL,522700.9204974669,5696664.290406497,14,16,28.284271247461902,70029.35059630201,0.10770190631452942,ground_equivalent_excess_gamma_dose_rate,uSv/h,50.0,1.0,6360,0.0005532999930437654,False,,5,0.5,0.45,False,,,
2906,NORMAL,NORMAL,522720.9204974669,5696664.290406497,14,17,20.0,70049.35059630201,0.11713063579948385,ground_equivalent_excess_gamma_dose_rate,uSv/h,50.0,1.0,6360,0.0008264000061899424,False,,5,0.5,0.45,False,,,
2907,NORMAL,NORMAL,522720.9204974669,5696684.290406497,15,17,20.0,70069.35059630201,0.11546804566804986,ground_equivalent_excess_gamma_dose_rate,uSv/h,50.0,1.0,6360,0.0005896999791730195,False,,5,0.5,0.45,False,,,
2908,NORMAL,NORMAL,522740.9204974669,5696684.290406497,15,18,20.0,70089.35059630201,0.1258654191825515,ground_equivalent_excess_gamma_dose_rate,uSv/h,50.0,1.0,6360,0.0005730999982915819,False,,5,0.5,0.45,False,,,
2909,NORMAL,NORMAL,522760.9204974669,5696664.290406497,14,19,28.284271247461902,70117.63486754948,0.14008241522136555,ground_equivalent_excess_gamma_dose_rate,uSv/h,50.0,1.0,6360,0.0006839999987278134,False,,5,0.5,0.45,False,,,
2910,NORMAL,NORMAL,522780.9204974669,5696644.290406497,13,20,28.284271247461902,70145.91913879695,0.15634000497359446,ground_equivalent_excess_gamma_dose_rate,uSv/h,50.0,1.0,6360,0.009178900014376268,False,,5,0.5,0.45,False,,,
2911,NORMAL,NORMAL,522760.9204974669,5696664.290406497,14,19,28.284271247461902,70174.20341004441,0.14008241522136555,ground_equivalent_excess_gamma_dose_rate,uSv/h,50.0,1.0,6360,0.010640499996952713,False,,5,0.5,0.45,False,,,
2912,NORMAL,NORMAL,522760.9204974669,5696684.290406497,15,19,20.0,70194.20341004441,0.13771101324714013,ground_equivalent_excess_gamma_dose_rate,uSv/h,50.0,1.0,6360,0.0006443000165745616,False,,5,0.5,0.45,False,,,
2913,NORMAL,NORMAL,522760.9204974669,5696664.290406497,14,19,20.0,70214.20341004441,0.14008241522136555,ground_equivalent_excess_gamma_dose_rate,uSv/h,50.0,1.0,6360,0.0007652000058442354,False,,5,0.5,0.45,False,,,
2914,NORMAL,NORMAL,522760.9204974669,5696684.290406497,15,19,20.0,70234.20341004441,0.13771101324714013,ground_equivalent_excess_gamma_dose_rate,uSv/h,50.0,1.0,6360,0.0006125000072643161,False,,5,0.5,0.45,False,,,
2915,NORMAL,NORMAL,522760.9204974669,5696704.290406497,16,19,20.0,70254.20341004441,0.13483427380174678,ground_equivalent_excess_gamma_dose_rate,uSv/h,50.0,1.0,6360,0.0007850000110920519,False,,5,0.5,0.45,False,,,
2916,NORMAL,NORMAL,522740.9204974669,5696684.290406497,15,18,28.284271247461902,70282.48768129188,0.1258654191825515,ground_equivalent_excess_gamma_dose_rate,uSv/h,50.0,1.0,6360,0.0006235999753698707,False,,5,0.5,0.45,False,,,
2917,NORMAL,NORMAL,522720.9204974669,5696664.290406497,14,17,28.284271247461902,70310.77195253935,0.11713063579948385,ground_equivalent_excess_gamma_dose_rate,uSv/h,50.0,1.0,6360,0.0011625000042840838,False,,5,0.5,0.45,False,,,
2918,NORMAL,NORMAL,522700.9204974669,5696684.290406497,15,16,28.284271247461902,70339.05622378681,0.10629460371517019,ground_equivalent_excess_gamma_dose_rate,uSv/h,50.0,1.0,6360,0.0013418000016827136,False,,5,0.5,0.45,False,,,
2919,NORMAL,NORMAL,522700.9204974669,5696704.290406497,16,16,20.0,70359.05622378681,0.10457249626114068,ground_equivalent_excess_gamma_dose_rate,uSv/h,50.0,1.0,6360,0.0006982000195421278,False,,5,0.5,0.45,False,,,
2920,NORMAL,NORMAL,522680.9204974669,5696704.290406497,16,15,20.0,70379.05622378681,0.09669165118023654,ground_equivalent_excess_gamma_dose_rate,uSv/h,50.0,1.0,6360,0.0010525000107008964,False,,5,0.5,0.45,False,,,
2921,NORMAL,NORMAL,522660.9204974669,5696724.290406497,17,14,28.284271247461902,70407.34049503428,0.08817958183446217,ground_equivalent_excess_gamma_dose_rate,uSv/h,50.0,1.0,6360,0.0008022999973036349,False,,5,0.5,0.45,False,,,
2922,NORMAL,NORMAL,522680.9204974669,5696744.290406497,18,15,28.284271247461902,70435.62476628175,0.09304046425122103,ground_equivalent_excess_gamma_dose_rate,uSv/h,50.0,1.0,6360,0.0005816000048071146,False,,5,0.5,0.45,False,,,
2923,NORMAL,NORMAL,522700.9204974669,5696724.290406497,17,16,28.284271247461902,70463.90903752921,0.10256754801362139,ground_equivalent_excess_gamma_dose_rate,uSv/h,50.0,1.0,6360,0.0006949999951757491,False,,5,0.5,0.45,False,,,
2924,NORMAL,NORMAL,522700.9204974669,5696704.290406497,16,16,20.0,70483.90903752921,0.10457249626114068,ground_equivalent_excess_gamma_dose_rate,uSv/h,50.0,1.0,6360,0.0006088000081945211,False,,5,0.5,0.45,False,,,
2925,NORMAL,NORMAL,522720.9204974669,5696724.290406497,17,17,28.284271247461902,70512.19330877668,0.11108319438545927,ground_equivalent_excess_gamma_dose_rate,uSv/h,50.0,1.0,6360,0.0007422000053338706,False,,5,0.5,0.45,False,,,
2926,NORMAL,NORMAL,522740.9204974669,5696704.290406497,16,18,28.284271247461902,70540.47758002415,0.12345797008843562,ground_equivalent_excess_gamma_dose_rate,uSv/h,50.0,1.0,6360,0.0006134000141173601,False,,5,0.5,0.45,False,,,
2927,NORMAL,NORMAL,522720.9204974669,5696704.290406497,16,17,20.0,70560.47758002415,0.11343870651131088,ground_equivalent_excess_gamma_dose_rate,uSv/h,50.0,1.0,6360,0.0005253000126685947,False,,5,0.5,0.45,False,,,
2928,NORMAL,NORMAL,522700.9204974669,5696704.290406497,16,16,20.0,70580.47758002415,0.10457249626114068,ground_equivalent_excess_gamma_dose_rate,uSv/h,50.0,1.0,6360,0.0005413000180851668,False,,5,0.5,0.45,False,,,
2929,NORMAL,NORMAL,522720.9204974669,5696704.290406497,16,17,20.0,70600.47758002415,0.11343870651131088,ground_equivalent_excess_gamma_dose_rate,uSv/h,50.0,1.0,6360,0.0005391999729909003,False,,5,0.5,0.45,False,,,
2930,NORMAL,NORMAL,522740.9204974669,5696684.290406497,15,18,28.284271247461902,70628.76185127161,0.1258654191825515,ground_equivalent_excess_gamma_dose_rate,uSv/h,50.0,1.0,6360,0.0005287000094540417,False,,5,0.5,0.45,False,,,
2931,NORMAL,NORMAL,522720.9204974669,5696704.290406497,16,17,28.284271247461902,70657.04612251908,0.11343870651131088,ground_equivalent_excess_gamma_dose_rate,uSv/h,50.0,1.0,6360,0.0013564999972004443,False,,5,0.5,0.45,False,,,
2932,NORMAL,NORMAL,522700.9204974669,5696724.290406497,17,16,28.284271247461902,70685.33039376655,0.10256754801362139,ground_equivalent_excess_gamma_dose_rate,uSv/h,50.0,1.0,6360,0.000894600001629442,False,,5,0.5,0.45,False,,,
2933,NORMAL,NORMAL,522700.9204974669,5696704.290406497,16,16,20.0,70705.33039376655,0.10457249626114068,ground_equivalent_excess_gamma_dose_rate,uSv/h,50.0,1.0,6360,0.0006969999813009053,False,,5,0.5,0.45,False,,,
2934,NORMAL,NORMAL,522680.9204974669,5696704.290406497,16,15,20.0,70725.33039376655,0.09669165118023654,ground_equivalent_excess_gamma_dose_rate,uSv/h,50.0,1.0,6360,0.000594300014199689,False,,5,0.5,0.45,False,,,
2935,NORMAL,NORMAL,522660.9204974669,5696684.290406497,15,14,28.284271247461902,70753.61466501401,0.09092035992655062,ground_equivalent_excess_gamma_dose_rate,uSv/h,50.0,1.0,6360,0.0007126999844331294,False,,5,0.5,0.45,False,,,
2936,NORMAL,NORMAL,522660.9204974669,5696664.290406497,14,14,20.0,70773.61466501401,0.09194803657556644,ground_equivalent_excess_gamma_dose_rate,uSv/h,50.0,1.0,6360,0.0005879999953322113,False,,5,0.5,0.45,False,,,
2937,NORMAL,NORMAL,522680.9204974669,5696684.290406497,15,15,28.284271247461902,70801.89893626148,0.09816214969928377,ground_equivalent_excess_gamma_dose_rate,uSv/h,50.0,1.0,6360,0.0008123999868985265,False,,5,0.5,0.45,False,,,
2938,NORMAL,NORMAL,522700.9204974669,5696684.290406497,15,16,20.0,70821.89893626148,0.10629460371517019,ground_equivalent_excess_gamma_dose_rate,uSv/h,50.0,1.0,6360,0.0005651999963447452,False,,5,0.5,0.45,False,,,
2939,NORMAL,NORMAL,522720.9204974669,5696684.290406497,15,17,20.0,70841.89893626148,0.11546804566804986,ground_equivalent_excess_gamma_dose_rate,uSv/h,50.0,1.0,6360,0.0005608999927062541,False,,5,0.5,0.45,False,,,
2940,NORMAL,NORMAL,522740.9204974669,5696704.290406497,16,18,28.284271247461902,70870.18320750895,0.12345797008843562,ground_equivalent_excess_gamma_dose_rate,uSv/h,50.0,1.0,6360,0.0009529000089969486,False,,5,0.5,0.45,False,,,
2941,NORMAL,NORMAL,522720.9204974669,5696724.290406497,17,17,28.284271247461902,70898.46747875641,0.11108319438545927,ground_equivalent_excess_gamma_dose_rate,uSv/h,50.0,1.0,6360,0.0006117000011727214,False,,5,0.5,0.45,False,,,
2942,NORMAL,NORMAL,522720.9204974669,5696744.290406497,18,17,20.0,70918.46747875641,0.10844586823989938,ground_equivalent_excess_gamma_dose_rate,uSv/h,50.0,1.0,6360,0.0008194000110961497,False,,5,0.5,0.45,False,,,
2943,NORMAL,NORMAL,522700.9204974669,5696764.290406497,19,16,28.284271247461902,70946.75175000388,0.0978518615300249,ground_equivalent_excess_gamma_dose_rate,uSv/h,50.0,1.0,6360,0.0005946999881416559,False,,5,0.5,0.45,False,,,
2944,NORMAL,NORMAL,522680.9204974669,5696764.290406497,19,15,20.0,70966.75175000388,0.09091784958170379,ground_equivalent_excess_gamma_dose_rate,uSv/h,50.0,1.0,6360,0.0006440000142902136,False,,5,0.5,0.45,False,,,
2945,NORMAL,NORMAL,522660.9204974669,5696784.290406497,20,14,28.284271247461902,70995.03602125135,0.0826905552362982,ground_equivalent_excess_gamma_dose_rate,uSv/h,50.0,1.0,6360,0.0006033999961800873,False,,5,0.5,0.45,False,,,
2946,NORMAL,NORMAL,522680.9204974669,5696764.290406497,19,15,28.284271247461902,71023.32029249881,0.09091784958170379,ground_equivalent_excess_gamma_dose_rate,uSv/h,50.0,1.0,6360,0.0005725999944843352,False,,5,0.5,0.45,False,,,
2947,NORMAL,NORMAL,522700.9204974669,5696784.290406497,20,16,28.284271247461902,71051.60456374628,0.09521580356132714,ground_equivalent_excess_gamma_dose_rate,uSv/h,50.0,1.0,6360,0.0010272000217810273,False,,5,0.5,0.45,False,,,
2948,NORMAL,NORMAL,522700.9204974669,5696764.290406497,19,16,20.0,71071.60456374628,0.0978518615300249,ground_equivalent_excess_gamma_dose_rate,uSv/h,50.0,1.0,6360,0.0013137999922037125,False,,5,0.5,0.45,False,,,
2949,NORMAL,NORMAL,522720.9204974669,5696784.290406497,20,17,28.284271247461902,71099.88883499375,0.10251103257259098,ground_equivalent_excess_gamma_dose_rate,uSv/h,50.0,1.0,6360,0.001654799998505041,False,,5,0.5,0.45,False,,,
2950,NORMAL,NORMAL,522740.9204974669,5696804.290406497,21,18,28.284271247461902,71128.17310624121,0.10689967365747205,ground_equivalent_excess_gamma_dose_rate,uSv/h,50.0,1.0,6360,0.003077600005781278,False,,5,0.5,0.45,False,,,
2951,NORMAL,NORMAL,522740.9204974669,5696784.290406497,20,18,20.0,71148.17310624121,0.11062391205789018,ground_equivalent_excess_gamma_dose_rate,uSv/h,50.0,1.0,6360,0.0012454999960027635,False,,5,0.5,0.45,False,,,
2952,NORMAL,NORMAL,522720.9204974669,5696804.290406497,21,17,28.284271247461902,71176.45737748868,0.09930510100871986,ground_equivalent_excess_gamma_dose_rate,uSv/h,50.0,1.0,6360,0.0014312000130303204,False,,5,0.5,0.45,False,,,
2953,NORMAL,NORMAL,522740.9204974669,5696824.290406497,22,18,28.284271247461902,71204.74164873615,0.10307690654999918,ground_equivalent_excess_gamma_dose_rate,uSv/h,50.0,1.0,6360,0.0010161000245716423,False,,5,0.5,0.45,False,,,
2954,NORMAL,NORMAL,522760.9204974669,5696824.290406497,22,19,20.0,71224.74164873615,0.11088830646605835,ground_equivalent_excess_gamma_dose_rate,uSv/h,50.0,1.0,6360,0.0027858999965246767,False,,5,0.5,0.45,False,,,
2955,NORMAL,NORMAL,522780.9204974669,5696804.290406497,21,20,28.284271247461902,71253.02591998361,0.12469225642360127,ground_equivalent_excess_gamma_dose_rate,uSv/h,50.0,1.0,6360,0.0006310000026132911,False,,5,0.5,0.45,False,,,
2956,NORMAL,NORMAL,522800.9204974669,5696824.290406497,22,21,28.284271247461902,71281.31019123108,0.12907785788863863,ground_equivalent_excess_gamma_dose_rate,uSv/h,50.0,1.0,6360,0.0019232000049669296,False,,5,0.5,0.45,False,,,
2957,NORMAL,NORMAL,522820.9204974669,5696824.290406497,22,22,20.0,71301.31019123108,0.13966770173084547,ground_equivalent_excess_gamma_dose_rate,uSv/h,50.0,1.0,6360,0.00066970000625588,False,,5,0.5,0.45,False,,,
2958,NORMAL,NORMAL,522800.9204974669,5696804.290406497,21,21,28.284271247461902,71329.59446247855,0.13512904440902535,ground_equivalent_excess_gamma_dose_rate,uSv/h,50.0,1.0,6360,0.0007194999780040234,False,,5,0.5,0.45,False,,,
2959,NORMAL,NORMAL,522800.9204974669,5696784.290406497,20,21,20.0,71349.59446247855,0.14113519352670828,ground_equivalent_excess_gamma_dose_rate,uSv/h,50.0,1.0,6360,0.0007033000001683831,False,,5,0.5,0.45,False,,,
2960,NORMAL,NORMAL,522780.9204974669,5696804.290406497,21,20,28.284271247461902,71377.87873372601,0.12469225642360127,ground_equivalent_excess_gamma_dose_rate,uSv/h,50.0,1.0,6360,0.0007050999847706407,False,,5,0.5,0.45,False,,,
2961,NORMAL,NORMAL,522760.9204974669,5696804.290406497,21,19,20.0,71397.87873372601,0.11532489235336651,ground_equivalent_excess_gamma_dose_rate,uSv/h,50.0,1.0,6360,0.0006218000198714435,False,,5,0.5,0.45,False,,,
2962,NORMAL,NORMAL,522760.9204974669,5696784.290406497,20,19,20.0,71417.87873372601,0.11967124488031367,ground_equivalent_excess_gamma_dose_rate,uSv/h,50.0,1.0,6360,0.0013407999940682203,False,,5,0.5,0.45,False,,,
2963,NORMAL,NORMAL,522760.9204974669,5696804.290406497,21,19,20.0,71437.87873372601,0.11532489235336651,ground_equivalent_excess_gamma_dose_rate,uSv/h,50.0,1.0,6360,0.000682399986544624,False,,5,0.5,0.45,False,,,
2964,NORMAL,NORMAL,522740.9204974669,5696784.290406497,20,18,28.284271247461902,71466.16300497348,0.11062391205789018,ground_equivalent_excess_gamma_dose_rate,uSv/h,50.0,1.0,6360,0.000673400005325675,False,,5,0.5,0.45,False,,,
2965,NORMAL,NORMAL,522740.9204974669,5696764.290406497,19,18,20.0,71486.16300497348,0.11419816230006402,ground_equivalent_excess_gamma_dose_rate,uSv/h,50.0,1.0,6360,0.001865800004452467,False,,5,0.5,0.45,False,,,
2966,NORMAL,NORMAL,522720.9204974669,5696764.290406497,19,17,20.0,71506.16300497348,0.10557299805328585,ground_equivalent_excess_gamma_dose_rate,uSv/h,50.0,1.0,6360,0.0007790999952703714,False,,5,0.5,0.45,False,,,
2967,NORMAL,NORMAL,522700.9204974669,5696744.290406497,18,16,28.284271247461902,71534.44727622095,0.10031497836973813,ground_equivalent_excess_gamma_dose_rate,uSv/h,50.0,1.0,6360,0.0007681999995838851,False,,5,0.5,0.45,False,,,
2968,NORMAL,NORMAL,522680.9204974669,5696744.290406497,18,15,20.0,71554.44727622095,0.09304046425122103,ground_equivalent_excess_gamma_dose_rate,uSv/h,50.0,1.0,6360,0.0009381000127177685,False,,5,0.5,0.45,False,,,
2969,NORMAL,NORMAL,522700.9204974669,5696764.290406497,19,16,28.284271247461902,71582.73154746841,0.0978518615300249,ground_equivalent_excess_gamma_dose_rate,uSv/h,50.0,1.0,6360,0.0006951999966986477,False,,5,0.5,0.45,False,,,
2970,NORMAL,NORMAL,522720.9204974669,5696784.290406497,20,17,28.284271247461902,71611.01581871588,0.10251103257259098,ground_equivalent_excess_gamma_dose_rate,uSv/h,50.0,1.0,6360,0.00059710000641644,False,,5,0.5,0.45,False,,,
2971,NORMAL,NORMAL,522720.9204974669,5696804.290406497,21,17,20.0,71631.01581871588,0.09930510100871986,ground_equivalent_excess_gamma_dose_rate,uSv/h,50.0,1.0,6360,0.0005834000185132027,False,,5,0.5,0.45,False,,,
2972,NORMAL,NORMAL,522740.9204974669,5696784.290406497,20,18,28.284271247461902,71659.30008996335,0.11062391205789018,ground_equivalent_excess_gamma_dose_rate,uSv/h,50.0,1.0,6360,0.0005735000013373792,False,,5,0.5,0.45,False,,,
2973,NORMAL,NORMAL,522720.9204974669,5696764.290406497,19,17,28.284271247461902,71687.58436121081,0.10557299805328585,ground_equivalent_excess_gamma_dose_rate,uSv/h,50.0,1.0,6360,0.0005722999921999872,False,,5,0.5,0.45,False,,,
2974,NORMAL,NORMAL,522720.9204974669,5696784.290406497,20,17,20.0,71707.58436121081,0.10251103257259098,ground_equivalent_excess_gamma_dose_rate,uSv/h,50.0,1.0,6360,0.000684200000250712,False,,5,0.5,0.45,False,,,
2975,NORMAL,NORMAL,522740.9204974669,5696764.290406497,19,18,28.284271247461902,71735.86863245828,0.11419816230006402,ground_equivalent_excess_gamma_dose_rate,uSv/h,50.0,1.0,6360,0.0007738999847788364,False,,5,0.5,0.45,False,,,
2976,NORMAL,NORMAL,522720.9204974669,5696784.290406497,20,17,28.284271247461902,71764.15290370575,0.10251103257259098,ground_equivalent_excess_gamma_dose_rate,uSv/h,50.0,1.0,6360,0.0010186999861616641,False,,5,0.5,0.45,False,,,
2977,NORMAL,NORMAL,522700.9204974669,5696764.290406497,19,16,28.284271247461902,71792.43717495321,0.0978518615300249,ground_equivalent_excess_gamma_dose_rate,uSv/h,50.0,1.0,6360,0.0006037999992258847,False,,5,0.5,0.45,False,,,
2978,NORMAL,NORMAL,522680.9204974669,5696784.290406497,20,15,28.284271247461902,71820.72144620068,0.08863779662389071,ground_equivalent_excess_gamma_dose_rate,uSv/h,50.0,1.0,6360,0.0006893999816384166,False,,5,0.5,0.45,False,,,
2979,NORMAL,NORMAL,522700.9204974669,5696784.290406497,20,16,20.0,71840.72144620068,0.09521580356132714,ground_equivalent_excess_gamma_dose_rate,uSv/h,50.0,1.0,6360,0.001635099994018674,False,,5,0.5,0.45,False,,,
2980,NORMAL,NORMAL,522720.9204974669,5696804.290406497,21,17,28.284271247461902,71869.00571744815,0.09930510100871986,ground_equivalent_excess_gamma_dose_rate,uSv/h,50.0,1.0,6360,0.0006402000144589692,False,,5,0.5,0.45,False,,,
2981,NORMAL,NORMAL,522700.9204974669,5696784.290406497,20,16,28.284271247461902,71897.28998869561,0.09521580356132714,ground_equivalent_excess_gamma_dose_rate,uSv/h,50.0,1.0,6360,0.0006373000214807689,False,,5,0.5,0.45,False,,,
2982,NORMAL,NORMAL,522680.9204974669,5696784.290406497,20,15,20.0,71917.28998869561,0.08863779662389071,ground_equivalent_excess_gamma_dose_rate,uSv/h,50.0,1.0,6360,0.0008881999820005149,False,,5,0.5,0.45,False,,,
2983,NORMAL,NORMAL,522700.9204974669,5696804.290406497,21,16,28.284271247461902,71945.57425994308,0.09244376824597367,ground_equivalent_excess_gamma_dose_rate,uSv/h,50.0,1.0,6360,0.0005714000144507736,False,,5,0.5,0.45,False,,,
2984,NORMAL,NORMAL,522680.9204974669,5696804.290406497,21,15,20.0,71965.57425994308,0.08623070312001607,ground_equivalent_excess_gamma_dose_rate,uSv/h,50.0,1.0,6360,0.001266500010387972,False,,5,0.5,0.45,False,,,
2985,NORMAL,NORMAL,522660.9204974669,5696824.290406497,22,14,28.284271247461902,71993.85853119055,0.07839978688965421,ground_equivalent_excess_gamma_dose_rate,uSv/h,50.0,1.0,6360,0.0010764000180643052,False,,5,0.5,0.45,False,,,
2986,NORMAL,NORMAL,522660.9204974669,5696804.290406497,21,14,20.0,72013.85853119055,0.08059181388057374,ground_equivalent_excess_gamma_dose_rate,uSv/h,50.0,1.0,6360,0.0010233999928459525,False,,5,0.5,0.45,False,,,
2987,NORMAL,NORMAL,522640.9204974669,5696824.290406497,22,13,28.284271247461902,72042.14280243801,0.0735372663704893,ground_equivalent_excess_gamma_dose_rate,uSv/h,50.0,1.0,6360,0.0006846000032965094,False,,5,0.5,0.45,False,,,
2988,NORMAL,NORMAL,522660.9204974669,5696804.290406497,21,14,28.284271247461902,72070.42707368548,0.08059181388057374,ground_equivalent_excess_gamma_dose_rate,uSv/h,50.0,1.0,6360,0.002283000008901581,False,,5,0.5,0.45,False,,,
2989,NORMAL,NORMAL,522680.9204974669,5696804.290406497,21,15,20.0,72090.42707368548,0.08623070312001607,ground_equivalent_excess_gamma_dose_rate,uSv/h,50.0,1.0,6360,0.0006203000084497035,False,,5,0.5,0.45,False,,,
2990,NORMAL,NORMAL,522700.9204974669,5696824.290406497,22,16,28.284271247461902,72118.71134493295,0.08957109898265381,ground_equivalent_excess_gamma_dose_rate,uSv/h,50.0,1.0,6360,0.000750600011087954,False,,5,0.5,0.45,False,,,
2991,NORMAL,NORMAL,522680.9204974669,5696844.290406497,23,15,28.284271247461902,72146.99561618041,0.08115134514579919,ground_equivalent_excess_gamma_dose_rate,uSv/h,50.0,1.0,6360,0.0005621000018436462,False,,5,0.5,0.45,False,,,
2992,NORMAL,NORMAL,522660.9204974669,5696844.290406497,23,14,20.0,72166.99561618041,0.07613788856401732,ground_equivalent_excess_gamma_dose_rate,uSv/h,50.0,1.0,6360,0.0005938000103924423,False,,5,0.5,0.45,False,,,
2993,NORMAL,NORMAL,522660.9204974669,5696824.290406497,22,14,20.0,72186.99561618041,0.07839978688965421,ground_equivalent_excess_gamma_dose_rate,uSv/h,50.0,1.0,6360,0.0008579999848734587,False,,5,0.5,0.45,False,,,
2994,NORMAL,NORMAL,522680.9204974669,5696804.290406497,21,15,28.284271247461902,72215.27988742788,0.08623070312001607,ground_equivalent_excess_gamma_dose_rate,uSv/h,50.0,1.0,6360,0.0005757999897468835,False,,5,0.5,0.45,False,,,
2995,NORMAL,NORMAL,522680.9204974669,5696824.290406497,22,15,20.0,72235.27988742788,0.0837259658490147,ground_equivalent_excess_gamma_dose_rate,uSv/h,50.0,1.0,6360,0.0006444999889936298,False,,5,0.5,0.45,False,,,
2996,NORMAL,NORMAL,522680.9204974669,5696804.290406497,21,15,20.0,72255.27988742788,0.08623070312001607,ground_equivalent_excess_gamma_dose_rate,uSv/h,50.0,1.0,6360,0.0005817000055685639,False,,5,0.5,0.45,False,,,
2997,NORMAL,NORMAL,522660.9204974669,5696824.290406497,22,14,28.284271247461902,72283.56415867535,0.07839978688965421,ground_equivalent_excess_gamma_dose_rate,uSv/h,50.0,1.0,6360,0.0007904000231064856,False,,5,0.5,0.45,False,,,
2998,NORMAL,NORMAL,522640.9204974669,5696824.290406497,22,13,20.0,72303.56415867535,0.0735372663704893,ground_equivalent_excess_gamma_dose_rate,uSv/h,50.0,1.0,6360,0.0007810000097379088,False,,5,0.5,0.45,False,,,
2999,NORMAL,NORMAL,522660.9204974669,5696804.290406497,21,14,28.284271247461902,72331.84842992281,0.08059181388057374,ground_equivalent_excess_gamma_dose_rate,uSv/h,50.0,1.0,6360,0.0007584999839309603,False,,5,0.5,0.45,False,,,
3000,NORMAL,NORMAL,522640.9204974669,5696824.290406497,22,13,28.284271247461902,72360.13270117028,0.0735372663704893,ground_equivalent_excess_gamma_dose_rate,uSv/h,50.0,1.0,6360,0.0007207999879028648,False,,5,0.5,0.45,False,,,
3001,NORMAL,NORMAL,522660.9204974669,5696804.290406497,21,14,28.284271247461902,72388.41697241775,0.08059181388057374,ground_equivalent_excess_gamma_dose_rate,uSv/h,50.0,1.0,6360,0.0005775000026915222,False,,5,0.5,0.45,False,,,
3002,NORMAL,NORMAL,522680.9204974669,5696784.290406497,20,15,28.284271247461902,72416.70124366521,0.08863779662389071,ground_equivalent_excess_gamma_dose_rate,uSv/h,50.0,1.0,6360,0.0007883000071160495,False,,5,0.5,0.45,False,,,
3003,NORMAL,NORMAL,522700.9204974669,5696784.290406497,20,16,20.0,72436.70124366521,0.09521580356132714,ground_equivalent_excess_gamma_dose_rate,uSv/h,50.0,1.0,6360,0.0005859000084456056,False,,5,0.5,0.45,False,,,
3004,NORMAL,NORMAL,522700.9204974669,5696804.290406497,21,16,20.0,72456.70124366521,0.09244376824597367,ground_equivalent_excess_gamma_dose_rate,uSv/h,50.0,1.0,6360,0.0006454999966081232,False,,5,0.5,0.45,False,,,
3005,NORMAL,NORMAL,522700.9204974669,5696824.290406497,22,16,20.0,72476.70124366521,0.08957109898265381,ground_equivalent_excess_gamma_dose_rate,uSv/h,50.0,1.0,6360,0.0006266999989748001,False,,5,0.5,0.45,False,,,
3006,NORMAL,NORMAL,522680.9204974669,5696844.290406497,23,15,28.284271247461902,72504.98551491268,0.08115134514579919,ground_equivalent_excess_gamma_dose_rate,uSv/h,50.0,1.0,6360,0.0006964000058360398,False,,5,0.5,0.45,False,,,
3007,NORMAL,NORMAL,522660.9204974669,5696864.290406497,24,14,28.284271247461902,72533.26978616015,0.07382801414996698,ground_equivalent_excess_gamma_dose_rate,uSv/h,50.0,1.0,6360,0.0006350000039674342,False,,5,0.5,0.45,False,,,
3008,NORMAL,NORMAL,522660.9204974669,5696884.290406497,25,14,20.0,72553.26978616015,0.07149024469833637,ground_equivalent_excess_gamma_dose_rate,uSv/h,50.0,1.0,6360,0.0005662000039592385,False,,5,0.5,0.45,False,,,
3009,NORMAL,NORMAL,522680.9204974669,5696864.290406497,24,15,28.284271247461902,72581.55405740761,0.07853249019896891,ground_equivalent_excess_gamma_dose_rate,uSv/h,50.0,1.0,6360,0.0004549000004772097,False,,5,0.5,0.45,False,,,
3010,NORMAL,NORMAL,522700.9204974669,5696844.290406497,23,16,28.284271247461902,72609.83832865508,0.0866307600428653,ground_equivalent_excess_gamma_dose_rate,uSv/h,50.0,1.0,6360,0.00036279999767430127,False,,5,0.5,0.45,False,,,
3011,NORMAL,NORMAL,522680.9204974669,5696844.290406497,23,15,20.0,72629.83832865508,0.08115134514579919,ground_equivalent_excess_gamma_dose_rate,uSv/h,50.0,1.0,6360,0.0004626000009011477,False,,5,0.5,0.45,False,,,
3012,NORMAL,NORMAL,522660.9204974669,5696864.290406497,24,14,28.284271247461902,72658.12259990255,0.07382801414996698,ground_equivalent_excess_gamma_dose_rate,uSv/h,50.0,1.0,6360,0.0010000000183936208,False,,5,0.5,0.45,False,,,
3013,NORMAL,NORMAL,522640.9204974669,5696884.290406497,25,13,28.284271247461902,72686.40687115001,0.06742482228462732,ground_equivalent_excess_gamma_dose_rate,uSv/h,50.0,1.0,6360,0.000877300015417859,False,,5,0.5,0.45,False,,,
3014,NORMAL,NORMAL,522640.9204974669,5696864.290406497,24,13,20.0,72706.40687115001,0.06950040898685733,ground_equivalent_excess_gamma_dose_rate,uSv/h,50.0,1.0,6360,0.0006331999902613461,False,,5,0.5,0.45,False,,,
3015,NORMAL,NORMAL,522640.9204974669,5696884.290406497,25,13,20.0,72726.40687115001,0.06742482228462732,ground_equivalent_excess_gamma_dose_rate,uSv/h,50.0,1.0,6360,0.0007544999825768173,False,,5,0.5,0.45,False,,,
3016,NORMAL,NORMAL,522660.9204974669,5696864.290406497,24,14,28.284271247461902,72754.69114239748,0.07382801414996698,ground_equivalent_excess_gamma_dose_rate,uSv/h,50.0,1.0,6360,0.0006435000104829669,False,,5,0.5,0.45,False,,,
3017,NORMAL,NORMAL,522680.9204974669,5696884.290406497,25,15,28.284271247461902,72782.97541364495,0.07589261970438649,ground_equivalent_excess_gamma_dose_rate,uSv/h,50.0,1.0,6360,0.00040040002204477787,False,,5,0.5,0.45,False,,,
3018,NORMAL,NORMAL,522660.9204974669,5696904.290406497,26,14,28.284271247461902,72811.25968489241,0.06914266048907725,ground_equivalent_excess_gamma_dose_rate,uSv/h,50.0,1.0,6360,0.0003935999993700534,False,,5,0.5,0.45,False,,,
3019,NORMAL,NORMAL,522680.9204974669,5696924.290406497,27,15,28.284271247461902,72839.54395613988,0.07062960438884974,ground_equivalent_excess_gamma_dose_rate,uSv/h,50.0,1.0,6360,0.00035450002178549767,False,,5,0.5,0.45,False,,,
3020,NORMAL,NORMAL,522660.9204974669,5696944.290406497,28,14,28.284271247461902,72867.82822738735,0.06447990288344302,ground_equivalent_excess_gamma_dose_rate,uSv/h,50.0,1.0,6360,0.0004776999994646758,False,,5,0.5,0.45,False,,,
3021,NORMAL,NORMAL,522680.9204974669,5696944.290406497,28,15,20.0,72887.82822738735,0.06803971923658547,ground_equivalent_excess_gamma_dose_rate,uSv/h,50.0,1.0,6360,0.00033989999792538583,False,,5,0.5,0.45,False,,,
3022,NORMAL,NORMAL,522680.9204974669,5696924.290406497,27,15,20.0,72907.82822738735,0.07062960438884974,ground_equivalent_excess_gamma_dose_rate,uSv/h,50.0,1.0,6360,0.0008434999908786267,False,,5,0.5,0.45,False,,,
3023,NORMAL,NORMAL,522660.9204974669,5696924.290406497,27,14,20.0,72927.82822738735,0.06680125053583902,ground_equivalent_excess_gamma_dose_rate,uSv/h,50.0,1.0,6360,0.0007784999907016754,False,,5,0.5,0.45,False,,,
3024,NORMAL,NORMAL,522660.9204974669,5696944.290406497,28,14,20.0,72947.82822738735,0.06447990288344302,ground_equivalent_excess_gamma_dose_rate,uSv/h,50.0,1.0,6360,0.0008596999978180975,False,,5,0.5,0.45,False,,,
3025,NORMAL,NORMAL,522640.9204974669,5696944.290406497,28,13,20.0,72967.82822738735,0.061154154243278636,ground_equivalent_excess_gamma_dose_rate,uSv/h,50.0,1.0,6360,0.0006662000087089837,False,,5,0.5,0.45,False,,,
3026,NORMAL,NORMAL,522620.9204974669,5696924.290406497,27,12,28.284271247461902,72996.11249863481,0.05992114037516555,ground_equivalent_excess_gamma_dose_rate,uSv/h,50.0,1.0,6360,0.0014224000042304397,False,,5,0.5,0.45,False,,,
3027,NORMAL,NORMAL,522620.9204974669,5696904.290406497,26,12,20.0,73016.11249863481,0.061798309694773346,ground_equivalent_excess_gamma_dose_rate,uSv/h,50.0,1.0,6360,0.0007596999930683523,False,,5,0.5,0.45,False,,,
3028,NORMAL,NORMAL,522640.9204974669,5696904.290406497,26,13,20.0,73036.11249863481,0.06533273892360242,ground_equivalent_excess_gamma_dose_rate,uSv/h,50.0,1.0,6360,0.0005685999931301922,False,,5,0.5,0.45,False,,,
3029,NORMAL,NORMAL,522620.9204974669,5696924.290406497,27,12,28.284271247461902,73064.39676988228,0.05992114037516555,ground_equivalent_excess_gamma_dose_rate,uSv/h,50.0,1.0,6360,0.0010192999907303602,False,,5,0.5,0.45,False,,,
3030,NORMAL,NORMAL,522640.9204974669,5696944.290406497,28,13,28.284271247461902,73092.68104112975,0.061154154243278636,ground_equivalent_excess_gamma_dose_rate,uSv/h,50.0,1.0,6360,0.0014549999905284494,False,,5,0.5,0.45,False,,,
3031,NORMAL,NORMAL,522660.9204974669,5696964.290406497,29,14,28.284271247461902,73120.96531237722,0.06219045939963208,ground_equivalent_excess_gamma_dose_rate,uSv/h,50.0,1.0,6360,0.0007946000259835273,False,,5,0.5,0.45,False,,,
3032,NORMAL,NORMAL,522680.9204974669,5696964.290406497,29,15,20.0,73140.96531237722,0.06549549306152247,ground_equivalent_excess_gamma_dose_rate,uSv/h,50.0,1.0,6360,0.0005946999881416559,False,,5,0.5,0.45,False,,,
3033,NORMAL,NORMAL,522700.9204974669,5696964.290406497,29,16,20.0,73160.96531237722,0.06901875451446837,ground_equivalent_excess_gamma_dose_rate,uSv/h,50.0,1.0,6360,0.0010171000030823052,False,,5,0.5,0.45,False,,,
3034,NORMAL,NORMAL,522700.9204974669,5696984.290406497,30,16,20.0,73180.96531237722,0.06626139394919733,ground_equivalent_excess_gamma_dose_rate,uSv/h,50.0,1.0,6360,0.0007022000208962709,False,,5,0.5,0.45,False,,,
3035,NORMAL,NORMAL,522680.9204974669,5696964.290406497,29,15,28.284271247461902,73209.24958362468,0.06549549306152247,ground_equivalent_excess_gamma_dose_rate,uSv/h,50.0,1.0,6360,0.0006092999828979373,False,,5,0.5,0.45,False,,,
3036,NORMAL,NORMAL,522700.9204974669,5696964.290406497,29,16,20.0,73229.24958362468,0.06901875451446837,ground_equivalent_excess_gamma_dose_rate,uSv/h,50.0,1.0,6360,0.0008024999988265336,False,,5,0.5,0.45,False,,,
3037,NORMAL,NORMAL,522680.9204974669,5696964.290406497,29,15,20.0,73249.24958362468,0.06549549306152247,ground_equivalent_excess_gamma_dose_rate,uSv/h,50.0,1.0,6360,0.000623999978415668,False,,5,0.5,0.45,False,,,
3038,NORMAL,NORMAL,522680.9204974669,5696984.290406497,30,15,20.0,73269.24958362468,0.06300738771535513,ground_equivalent_excess_gamma_dose_rate,uSv/h,50.0,1.0,6360,0.0006902999884914607,False,,5,0.5,0.45,False,,,
3039,NORMAL,NORMAL,522680.9204974669,5697004.290406496,31,15,19.999999999068677,73289.24958362375,0.06058372422473396,ground_equivalent_excess_gamma_dose_rate,uSv/h,50.0,1.0,6360,0.0005538000259548426,False,,5,0.5,0.45,False,,,
3040,NORMAL,NORMAL,522660.9204974669,5697024.290406496,32,14,28.284271247461902,73317.53385487122,0.0556036757128055,ground_equivalent_excess_gamma_dose_rate,uSv/h,50.0,1.0,6360,0.0005877999938093126,False,,5,0.5,0.45,False,,,
3041,NORMAL,NORMAL,522640.9204974669,5697044.290406496,33,13,28.284271247461902,73345.81812611868,0.05121176824744267,ground_equivalent_excess_gamma_dose_rate,uSv/h,50.0,1.0,6360,0.0005702000053133816,False,,5,0.5,0.45,False,,,
3042,NORMAL,NORMAL,522620.9204974669,5697064.290406496,34,12,28.284271247461902,73374.10239736615,0.047319132106829115,ground_equivalent_excess_gamma_dose_rate,uSv/h,50.0,1.0,6360,0.0008342000073753297,False,,5,0.5,0.45,False,,,
3043,NORMAL,NORMAL,522640.9204974669,5697064.290406496,34,13,20.0,73394.10239736615,0.04936396898786566,ground_equivalent_excess_gamma_dose_rate,uSv/h,50.0,1.0,6360,0.000540299981366843,False,,5,0.5,0.45,False,,,
3044,NORMAL,NORMAL,522640.9204974669,5697044.290406496,33,13,20.0,73414.10239736615,0.05121176824744267,ground_equivalent_excess_gamma_dose_rate,uSv/h,50.0,1.0,6360,0.000529199984157458,False,,5,0.5,0.45,False,,,
3045,NORMAL,NORMAL,522660.9204974669,5697024.290406496,32,14,28.284271247461902,73442.38666861362,0.0556036757128055,ground_equivalent_excess_gamma_dose_rate,uSv/h,50.0,1.0,6360,0.0005304999940562993,False,,5,0.5,0.45,False,,,
3046,NORMAL,NORMAL,522640.9204974669,5697044.290406496,33,13,28.284271247461902,73470.67093986108,0.05121176824744267,ground_equivalent_excess_gamma_dose_rate,uSv/h,50.0,1.0,6360,0.0007956000044941902,False,,5,0.5,0.45,False,,,
3047,NORMAL,NORMAL,522660.9204974669,5697044.290406496,33,14,20.0,73490.67093986108,0.053523588576519454,ground_equivalent_excess_gamma_dose_rate,uSv/h,50.0,1.0,6360,0.0005836000200361013,False,,5,0.5,0.45,False,,,
3048,NORMAL,NORMAL,522660.9204974669,5697024.290406496,32,14,20.0,73510.67093986108,0.0556036757128055,ground_equivalent_excess_gamma_dose_rate,uSv/h,50.0,1.0,6360,0.0005168999778106809,False,,5,0.5,0.45,False,,,
3049,NORMAL,NORMAL,522680.9204974669,5697044.290406496,33,15,28.284271247461902,73538.95521110855,0.05595363304088252,ground_equivalent_excess_gamma_dose_rate,uSv/h,50.0,1.0,6360,0.0005369000136852264,False,,5,0.5,0.45,False,,,
3050,NORMAL,NORMAL,522700.9204974669,5697064.290406496,34,16,28.284271247461902,73567.23948235602,0.05610583402723884,ground_equivalent_excess_gamma_dose_rate,uSv/h,50.0,1.0,6360,0.0005611999949906021,False,,5,0.5,0.45,False,,,
3051,NORMAL,NORMAL,522680.9204974669,5697084.290406496,35,15,28.284271247461902,73595.52375360348,0.05163742890829681,ground_equivalent_excess_gamma_dose_rate,uSv/h,50.0,1.0,6360,0.000678999989759177,False,,5,0.5,0.45,False,,,
3052,NORMAL,NORMAL,522680.9204974669,5697064.290406496,34,15,20.0,73615.52375360348,0.05375514905157458,ground_equivalent_excess_gamma_dose_rate,uSv/h,50.0,1.0,6360,0.0006076999998185784,False,,5,0.5,0.45,False,,,
3053,NORMAL,NORMAL,522700.9204974669,5697084.290406496,35,16,28.284271247461902,73643.80802485095,0.05380281814011262,ground_equivalent_excess_gamma_dose_rate,uSv/h,50.0,1.0,6360,0.0007228000031318516,False,,5,0.5,0.45,False,,,
3054,NORMAL,NORMAL,522700.9204974669,5697064.290406496,34,16,20.0,73663.80802485095,0.05610583402723884,ground_equivalent_excess_gamma_dose_rate,uSv/h,50.0,1.0,6360,0.0005709999823011458,False,,5,0.5,0.45,False,,,
3055,NORMAL,NORMAL,522680.9204974669,5697064.290406496,34,15,20.0,73683.80802485095,0.05375514905157458,ground_equivalent_excess_gamma_dose_rate,uSv/h,50.0,1.0,6360,0.0005686999938916415,False,,5,0.5,0.45,False,,,
3056,NORMAL,NORMAL,522680.9204974669,5697084.290406496,35,15,20.0,73703.80802485095,0.05163742890829681,ground_equivalent_excess_gamma_dose_rate,uSv/h,50.0,1.0,6360,0.000548899988643825,False,,5,0.5,0.45,False,,,
3057,NORMAL,NORMAL,522700.9204974669,5697084.290406496,35,16,20.0,73723.80802485095,0.05380281814011262,ground_equivalent_excess_gamma_dose_rate,uSv/h,50.0,1.0,6360,0.000774099986301735,False,,5,0.5,0.45,False,,,
3058,NORMAL,NORMAL,522700.9204974669,5697064.290406496,34,16,20.0,73743.80802485095,0.05610583402723884,ground_equivalent_excess_gamma_dose_rate,uSv/h,50.0,1.0,6360,0.0013329999928828329,False,,5,0.5,0.45,False,,,
3059,NORMAL,NORMAL,522680.9204974669,5697044.290406496,33,15,28.284271247461902,73772.09229609842,0.05595363304088252,ground_equivalent_excess_gamma_dose_rate,uSv/h,50.0,1.0,6360,0.0005803999956697226,False,,5,0.5,0.45,False,,,
3060,NORMAL,NORMAL,522700.9204974669,5697024.290406496,32,16,28.284271247461902,73800.37656734588,0.06099940974754797,ground_equivalent_excess_gamma_dose_rate,uSv/h,50.0,1.0,6360,0.0007929000130388886,False,,5,0.5,0.45,False,,,
3061,NORMAL,NORMAL,522680.9204974669,5697044.290406496,33,15,28.284271247461902,73828.66083859335,0.05595363304088252,ground_equivalent_excess_gamma_dose_rate,uSv/h,50.0,1.0,6360,0.0005620000010821968,False,,5,0.5,0.45,False,,,
3062,NORMAL,NORMAL,522660.9204974669,5697064.290406496,34,14,28.284271247461902,73856.94510984082,0.05150847797754199,ground_equivalent_excess_gamma_dose_rate,uSv/h,50.0,1.0,6360,0.000540899985935539,False,,5,0.5,0.45,False,,,
3063,NORMAL,NORMAL,522660.9204974669,5697044.290406496,33,14,20.0,73876.94510984082,0.053523588576519454,ground_equivalent_excess_gamma_dose_rate,uSv/h,50.0,1.0,6360,0.0005460999964270741,False,,5,0.5,0.45,False,,,
3064,NORMAL,NORMAL,522660.9204974669,5697024.290406496,32,14,20.0,73896.94510984082,0.0556036757128055,ground_equivalent_excess_gamma_dose_rate,uSv/h,50.0,1.0,6360,0.0006543999770656228,False,,5,0.5,0.45,False,,,
3065,NORMAL,NORMAL,522640.9204974669,5697044.290406496,33,13,28.284271247461902,73925.22938108828,0.05121176824744267,ground_equivalent_excess_gamma_dose_rate,uSv/h,50.0,1.0,6360,0.0006292000180110335,False,,5,0.5,0.45,False,,,
3066,NORMAL,NORMAL,522640.9204974669,5697024.290406496,32,13,20.0,73945.22938108828,0.05311285629624474,ground_equivalent_excess_gamma_dose_rate,uSv/h,50.0,1.0,6360,0.0006989999965298921,False,,5,0.5,0.45,False,,,
3067,NORMAL,NORMAL,522620.9204974669,5697004.290406496,31,12,28.284271247461902,73973.51365233575,0.05253117449197181,ground_equivalent_excess_gamma_dose_rate,uSv/h,50.0,1.0,6360,0.0005777000042144209,False,,5,0.5,0.45,False,,,
3068,NORMAL,NORMAL,522600.9204974669,5697004.290406496,31,11,20.0,73993.51365233575,0.050141082109623925,ground_equivalent_excess_gamma_dose_rate,uSv/h,50.0,1.0,6360,0.0007826999935787171,False,,5,0.5,0.45,False,,,
3069,NORMAL,NORMAL,522620.9204974669,5697004.290406496,31,12,20.0,74013.51365233575,0.05253117449197181,ground_equivalent_excess_gamma_dose_rate,uSv/h,50.0,1.0,6360,0.000599899998633191,False,,5,0.5,0.45,False,,,
3070,NORMAL,NORMAL,522620.9204974669,5696984.290406497,30,12,19.999999999068677,74033.51365233482,0.05434373051419361,ground_equivalent_excess_gamma_dose_rate,uSv/h,50.0,1.0,6360,0.000530999997863546,False,,5,0.5,0.45,False,,,
3071,NORMAL,NORMAL,522620.9204974669,5696964.290406497,29,12,20.0,74053.51365233482,0.05618464214394647,ground_equivalent_excess_gamma_dose_rate,uSv/h,50.0,1.0,6360,0.0009619999909773469,False,,5,0.5,0.45,False,,,
3072,NORMAL,NORMAL,522620.9204974669,5696944.290406497,28,12,20.0,74073.51365233482,0.05804662811093286,ground_equivalent_excess_gamma_dose_rate,uSv/h,50.0,1.0,6360,0.0006374999938998371,False,,5,0.5,0.45,False,,,
3073,NORMAL,NORMAL,522640.9204974669,5696924.290406497,27,13,28.284271247461902,74101.79792358229,0.06323834606038864,ground_equivalent_excess_gamma_dose_rate,uSv/h,50.0,1.0,6360,0.0010421000188216567,False,,5,0.5,0.45,False,,,
3074,NORMAL,NORMAL,522620.9204974669,5696904.290406497,26,12,28.284271247461902,74130.08219482975,0.061798309694773346,ground_equivalent_excess_gamma_dose_rate,uSv/h,50.0,1.0,6360,0.00112599998828955,False,,5,0.5,0.45,False,,,
3075,NORMAL,NORMAL,522600.9204974669,5696884.290406497,25,11,28.284271247461902,74158.36646607722,0.060189641555395745,ground_equivalent_excess_gamma_dose_rate,uSv/h,50.0,1.0,6360,0.0005775000026915222,False,,5,0.5,0.45,False,,,
3076,NORMAL,NORMAL,522620.9204974669,5696864.290406497,24,12,28.284271247461902,74186.65073732469,0.0655144200462669,ground_equivalent_excess_gamma_dose_rate,uSv/h,50.0,1.0,6360,0.003031500003999099,False,,5,0.5,0.45,False,,,
3077,NORMAL,NORMAL,522600.9204974669,5696844.290406497,23,11,28.284271247461902,74214.93500857215,0.0634505798574368,ground_equivalent_excess_gamma_dose_rate,uSv/h,50.0,1.0,6360,0.0007790999952703714,False,,5,0.5,0.45,False,,,
3078,NORMAL,NORMAL,522620.9204974669,5696824.290406497,22,12,28.284271247461902,74243.21927981962,0.06908960206097886,ground_equivalent_excess_gamma_dose_rate,uSv/h,50.0,1.0,6360,0.003102700022282079,False,,5,0.5,0.45,False,,,
3079,NORMAL,NORMAL,522640.9204974669,5696824.290406497,22,13,20.0,74263.21927981962,0.0735372663704893,ground_equivalent_excess_gamma_dose_rate,uSv/h,50.0,1.0,6360,0.0006033999961800873,False,,5,0.5,0.45,False,,,
3080,NORMAL,NORMAL,522620.9204974669,5696804.290406497,21,12,28.284271247461902,74291.50355106709,0.07078628981708274,ground_equivalent_excess_gamma_dose_rate,uSv/h,50.0,1.0,6360,0.0008372000011149794,False,,5,0.5,0.45,False,,,
3081,NORMAL,NORMAL,522640.9204974669,5696804.290406497,21,13,20.0,74311.50355106709,0.07546247869212719,ground_equivalent_excess_gamma_dose_rate,uSv/h,50.0,1.0,6360,0.000965900020673871,False,,5,0.5,0.45,False,,,
3082,NORMAL,NORMAL,522660.9204974669,5696804.290406497,21,14,20.0,74331.50355106709,0.08059181388057374,ground_equivalent_excess_gamma_dose_rate,uSv/h,50.0,1.0,6360,0.0005450999888125807,False,,5,0.5,0.45,False,,,
3083,NORMAL,NORMAL,522680.9204974669,5696804.290406497,21,15,20.0,74351.50355106709,0.08623070312001607,ground_equivalent_excess_gamma_dose_rate,uSv/h,50.0,1.0,6360,0.0010935000027529895,False,,5,0.5,0.45,False,,,
3084,NORMAL,NORMAL,522660.9204974669,5696824.290406497,22,14,28.284271247461902,74379.78782231455,0.07839978688965421,ground_equivalent_excess_gamma_dose_rate,uSv/h,50.0,1.0,6360,0.0005884999991394579,False,,5,0.5,0.45,False,,,
3085,NORMAL,NORMAL,522660.9204974669,5696844.290406497,23,14,20.0,74399.78782231455,0.07613788856401732,ground_equivalent_excess_gamma_dose_rate,uSv/h,50.0,1.0,6360,0.000578600011067465,False,,5,0.5,0.45,False,,,
3086,NORMAL,NORMAL,522640.9204974669,5696824.290406497,22,13,28.284271247461902,74428.07209356202,0.0735372663704893,ground_equivalent_excess_gamma_dose_rate,uSv/h,50.0,1.0,6360,0.0008510999905411154,False,,5,0.5,0.45,False,,,
3087,NORMAL,NORMAL,522640.9204974669,5696804.290406497,21,13,20.0,74448.07209356202,0.07546247869212719,ground_equivalent_excess_gamma_dose_rate,uSv/h,50.0,1.0,6360,0.0006522999901790172,False,,5,0.5,0.45,False,,,
3088,NORMAL,NORMAL,522660.9204974669,5696784.290406497,20,14,28.284271247461902,74476.35636480949,0.0826905552362982,ground_equivalent_excess_gamma_dose_rate,uSv/h,50.0,1.0,6360,0.0005595000111497939,False,,5,0.5,0.45,False,,,
3089,NORMAL,NORMAL,522640.9204974669,5696804.290406497,21,13,28.284271247461902,74504.64063605695,0.07546247869212719,ground_equivalent_excess_gamma_dose_rate,uSv/h,50.0,1.0,6360,0.0005532999930437654,False,,5,0.5,0.45,False,,,
3090,NORMAL,NORMAL,522640.9204974669,5696824.290406497,22,13,20.0,74524.64063605695,0.0735372663704893,ground_equivalent_excess_gamma_dose_rate,uSv/h,50.0,1.0,6360,0.0005675000138580799,False,,5,0.5,0.45,False,,,
3091,NORMAL,NORMAL,522660.9204974669,5696844.290406497,23,14,28.284271247461902,74552.92490730442,0.07613788856401732,ground_equivalent_excess_gamma_dose_rate,uSv/h,50.0,1.0,6360,0.0005778000049758703,False,,5,0.5,0.45,False,,,
3092,NORMAL,NORMAL,522680.9204974669,5696844.290406497,23,15,20.0,74572.92490730442,0.08115134514579919,ground_equivalent_excess_gamma_dose_rate,uSv/h,50.0,1.0,6360,0.0005362999800127,False,,5,0.5,0.45,False,,,
3093,NORMAL,NORMAL,522660.9204974669,5696844.290406497,23,14,20.0,74592.92490730442,0.07613788856401732,ground_equivalent_excess_gamma_dose_rate,uSv/h,50.0,1.0,6360,0.0005188000213820487,False,,5,0.5,0.45,False,,,
3094,NORMAL,NORMAL,522640.9204974669,5696844.290406497,23,13,20.0,74612.92490730442,0.07154367522566729,ground_equivalent_excess_gamma_dose_rate,uSv/h,50.0,1.0,6360,0.000755899993237108,False,,5,0.5,0.45,False,,,
3095,NORMAL,NORMAL,522620.9204974669,5696824.290406497,22,12,28.284271247461902,74641.20917855189,0.06908960206097886,ground_equivalent_excess_gamma_dose_rate,uSv/h,50.0,1.0,6360,0.0005882999976165593,False,,5,0.5,0.45,False,,,
3096,NORMAL,NORMAL,522600.9204974669,5696824.290406497,22,11,20.0,74661.20917855189,0.06501372023480245,ground_equivalent_excess_gamma_dose_rate,uSv/h,50.0,1.0,6360,0.000526099989656359,False,,5,0.5,0.45,False,,,
3097,NORMAL,NORMAL,522620.9204974669,5696824.290406497,22,12,20.0,74681.20917855189,0.06908960206097886,ground_equivalent_excess_gamma_dose_rate,uSv/h,50.0,1.0,6360,0.0005501999985426664,False,,5,0.5,0.45,False,,,
3098,NORMAL,NORMAL,522620.9204974669,5696804.290406497,21,12,20.0,74701.20917855189,0.07078628981708274,ground_equivalent_excess_gamma_dose_rate,uSv/h,50.0,1.0,6360,0.0005533000221475959,False,,5,0.5,0.45,False,,,
3099,NORMAL,NORMAL,522620.9204974669,5696824.290406497,22,12,20.0,74721.20917855189,0.06908960206097886,ground_equivalent_excess_gamma_dose_rate,uSv/h,50.0,1.0,6360,0.0006566999945789576,False,,5,0.5,0.45,False,,,
3100,NORMAL,NORMAL,522620.9204974669,5696844.290406497,23,12,20.0,74741.20917855189,0.06732698003101434,ground_equivalent_excess_gamma_dose_rate,uSv/h,50.0,1.0,6360,0.0005604999896604568,False,,5,0.5,0.45,False,,,
3101,NORMAL,NORMAL,522640.9204974669,5696824.290406497,22,13,28.284271247461902,74769.49344979935,0.0735372663704893,ground_equivalent_excess_gamma_dose_rate,uSv/h,50.0,1.0,6360,0.0005468000017572194,False,,5,0.5,0.45,False,,,
3102,NORMAL,NORMAL,522660.9204974669,5696844.290406497,23,14,28.284271247461902,74797.77772104682,0.07613788856401732,ground_equivalent_excess_gamma_dose_rate,uSv/h,50.0,1.0,6360,0.0005310999986249954,False,,5,0.5,0.45,False,,,
3103,NORMAL,NORMAL,522640.9204974669,5696824.290406497,22,13,28.284271247461902,74826.06199229429,0.0735372663704893,ground_equivalent_excess_gamma_dose_rate,uSv/h,50.0,1.0,6360,0.0005220999883022159,False,,5,0.5,0.45,False,,,
3104,NORMAL,NORMAL,522660.9204974669,5696844.290406497,23,14,28.284271247461902,74854.34626354175,0.07613788856401732,ground_equivalent_excess_gamma_dose_rate,uSv/h,50.0,1.0,6360,0.0008212999964598566,False,,5,0.5,0.45,False,,,
3105,NORMAL,NORMAL,522660.9204974669,5696864.290406497,24,14,20.0,74874.34626354175,0.07382801414996698,ground_equivalent_excess_gamma_dose_rate,uSv/h,50.0,1.0,6360,0.0005429000011645257,False,,5,0.5,0.45,False,,,
3106,NORMAL,NORMAL,522660.9204974669,5696844.290406497,23,14,20.0,74894.34626354175,0.07613788856401732,ground_equivalent_excess_gamma_dose_rate,uSv/h,50.0,1.0,6360,0.0005270000256132334,False,,5,0.5,0.45,False,,,
3107,NORMAL,NORMAL,522640.9204974669,5696864.290406497,24,13,28.284271247461902,74922.63053478922,0.06950040898685733,ground_equivalent_excess_gamma_dose_rate,uSv/h,50.0,1.0,6360,0.000583200016990304,False,,5,0.5,0.45,False,,,
3108,NORMAL,NORMAL,522660.9204974669,5696844.290406497,23,14,28.284271247461902,74950.91480603669,0.07613788856401732,ground_equivalent_excess_gamma_dose_rate,uSv/h,50.0,1.0,6360,0.0005822000093758106,False,,5,0.5,0.45,False,,,
3109,NORMAL,NORMAL,522660.9204974669,5696864.290406497,24,14,20.0,74970.91480603669,0.07382801414996698,ground_equivalent_excess_gamma_dose_rate,uSv/h,50.0,1.0,6360,0.0005488000169862062,False,,5,0.5,0.45,False,,,
3110,NORMAL,NORMAL,522660.9204974669,5696844.290406497,23,14,20.0,74990.91480603669,0.07613788856401732,ground_equivalent_excess_gamma_dose_rate,uSv/h,50.0,1.0,6360,0.0005104000156279653,False,,5,0.5,0.45,False,,,
3111,NORMAL,NORMAL,522660.9204974669,5696824.290406497,22,14,20.0,75010.91480603669,0.07839978688965421,ground_equivalent_excess_gamma_dose_rate,uSv/h,50.0,1.0,6360,0.0005510000046342611,False,,5,0.5,0.45,False,,,
3112,NORMAL,NORMAL,522680.9204974669,5696804.290406497,21,15,28.284271247461902,75039.19907728415,0.08623070312001607,ground_equivalent_excess_gamma_dose_rate,uSv/h,50.0,1.0,6360,0.0008157999836839736,False,,5,0.5,0.45,False,,,
3113,NORMAL,NORMAL,522680.9204974669,5696784.290406497,20,15,20.0,75059.19907728415,0.08863779662389071,ground_equivalent_excess_gamma_dose_rate,uSv/h,50.0,1.0,6360,0.0006057000136934221,False,,5,0.5,0.45,False,,,
3114,NORMAL,NORMAL,522700.9204974669,5696764.290406497,19,16,28.284271247461902,75087.48334853162,0.0978518615300249,ground_equivalent_excess_gamma_dose_rate,uSv/h,50.0,1.0,6360,0.0008653000113554299,False,,5,0.5,0.45,False,,,
3115,NORMAL,NORMAL,522720.9204974669,5696764.290406497,19,17,20.0,75107.48334853162,0.10557299805328585,ground_equivalent_excess_gamma_dose_rate,uSv/h,50.0,1.0,6360,0.0008826999983284622,False,,5,0.5,0.45,False,,,
3116,NORMAL,NORMAL,522700.9204974669,5696784.290406497,20,16,28.284271247461902,75135.76761977909,0.09521580356132714,ground_equivalent_excess_gamma_dose_rate,uSv/h,50.0,1.0,6360,0.0007025999948382378,False,,5,0.5,0.45,False,,,
3117,NORMAL,NORMAL,522720.9204974669,5696784.290406497,20,17,20.0,75155.76761977909,0.10251103257259098,ground_equivalent_excess_gamma_dose_rate,uSv/h,50.0,1.0,6360,0.0005941000126767904,False,,5,0.5,0.45,False,,,
3118,NORMAL,NORMAL,522720.9204974669,5696764.290406497,19,17,20.0,75175.76761977909,0.10557299805328585,ground_equivalent_excess_gamma_dose_rate,uSv/h,50.0,1.0,6360,0.0005541999998968095,False,,5,0.5,0.45,False,,,
3119,NORMAL,NORMAL,522720.9204974669,5696744.290406497,18,17,20.0,75195.76761977909,0.10844586823989938,ground_equivalent_excess_gamma_dose_rate,uSv/h,50.0,1.0,6360,0.0005768999981228262,False,,5,0.5,0.45,False,,,
3120,NORMAL,NORMAL,522740.9204974669,5696764.290406497,19,18,28.284271247461902,75224.05189102655,0.11419816230006402,ground_equivalent_excess_gamma_dose_rate,uSv/h,50.0,1.0,6360,0.000586300011491403,False,,5,0.5,0.45,False,,,
3121,NORMAL,NORMAL,522760.9204974669,5696744.290406497,18,19,28.284271247461902,75252.33616227402,0.12783850869810592,ground_equivalent_excess_gamma_dose_rate,uSv/h,50.0,1.0,6360,0.0009461999870836735,False,,5,0.5,0.45,False,,,
3122,NORMAL,NORMAL,522740.9204974669,5696724.290406497,17,18,28.284271247461902,75280.62043352149,0.12067309762258671,ground_equivalent_excess_gamma_dose_rate,uSv/h,50.0,1.0,6360,0.0006498000002466142,False,,5,0.5,0.45,False,,,
3123,NORMAL,NORMAL,522720.9204974669,5696724.290406497,17,17,20.0,75300.62043352149,0.11108319438545927,ground_equivalent_excess_gamma_dose_rate,uSv/h,50.0,1.0,6360,0.0005749000119976699,False,,5,0.5,0.45,False,,,
3124,NORMAL,NORMAL,522700.9204974669,5696704.290406497,16,16,28.284271247461902,75328.90470476895,0.10457249626114068,ground_equivalent_excess_gamma_dose_rate,uSv/h,50.0,1.0,6360,0.0005839000223204494,False,,5,0.5,0.45,False,,,
3125,NORMAL,NORMAL,522720.9204974669,5696684.290406497,15,17,28.284271247461902,75357.18897601642,0.11546804566804986,ground_equivalent_excess_gamma_dose_rate,uSv/h,50.0,1.0,6360,0.0008030000026337802,False,,5,0.5,0.45,False,,,
3126,NORMAL,NORMAL,522720.9204974669,5696704.290406497,16,17,20.0,75377.18897601642,0.11343870651131088,ground_equivalent_excess_gamma_dose_rate,uSv/h,50.0,1.0,6360,0.0010843999916687608,False,,5,0.5,0.45,False,,,
3127,NORMAL,NORMAL,522740.9204974669,5696684.290406497,15,18,28.284271247461902,75405.47324726389,0.1258654191825515,ground_equivalent_excess_gamma_dose_rate,uSv/h,50.0,1.0,6360,0.0005455999926198274,False,,5,0.5,0.45,False,,,
3128,NORMAL,NORMAL,522720.9204974669,5696704.290406497,16,17,28.284271247461902,75433.75751851135,0.11343870651131088,ground_equivalent_excess_gamma_dose_rate,uSv/h,50.0,1.0,6360,0.0005455999926198274,False,,5,0.5,0.45,False,,,
3129,NORMAL,NORMAL,522700.9204974669,5696704.290406497,16,16,20.0,75453.75751851135,0.10457249626114068,ground_equivalent_excess_gamma_dose_rate,uSv/h,50.0,1.0,6360,0.002666999993380159,False,,5,0.5,0.45,False,,,
3130,NORMAL,NORMAL,522720.9204974669,5696684.290406497,15,17,28.284271247461902,75482.04178975882,0.11546804566804986,ground_equivalent_excess_gamma_dose_rate,uSv/h,50.0,1.0,6360,0.0006222999945748597,False,,5,0.5,0.45,False,,,
3131,NORMAL,NORMAL,522700.9204974669,5696704.290406497,16,16,28.284271247461902,75510.32606100629,0.10457249626114068,ground_equivalent_excess_gamma_dose_rate,uSv/h,50.0,1.0,6360,0.0006262999959290028,False,,5,0.5,0.45,False,,,
3132,NORMAL,NORMAL,522720.9204974669,5696704.290406497,16,17,20.0,75530.32606100629,0.11343870651131088,ground_equivalent_excess_gamma_dose_rate,uSv/h,50.0,1.0,6360,0.0005228000227361917,False,,5,0.5,0.45,False,,,
3133,NORMAL,NORMAL,522740.9204974669,5696684.290406497,15,18,28.284271247461902,75558.61033225375,0.1258654191825515,ground_equivalent_excess_gamma_dose_rate,uSv/h,50.0,1.0,6360,0.000572700024349615,False,,5,0.5,0.45,False,,,
3134,NORMAL,NORMAL,522740.9204974669,5696664.290406497,14,18,20.0,75578.61033225375,0.12784347191592754,ground_equivalent_excess_gamma_dose_rate,uSv/h,50.0,1.0,6360,0.0005382000235840678,False,,5,0.5,0.45,False,,,
3135,NORMAL,NORMAL,522760.9204974669,5696684.290406497,15,19,28.284271247461902,75606.89460350122,0.13771101324714013,ground_equivalent_excess_gamma_dose_rate,uSv/h,50.0,1.0,6360,0.001073399995220825,False,,5,0.5,0.45,False,,,
3136,NORMAL,NORMAL,522760.9204974669,5696664.290406497,14,19,20.0,75626.89460350122,0.14008241522136555,ground_equivalent_excess_gamma_dose_rate,uSv/h,50.0,1.0,6360,0.0005648999940603971,False,,5,0.5,0.45,False,,,
3137,NORMAL,NORMAL,522780.9204974669,5696684.290406497,15,20,28.284271247461902,75655.17887474869,0.15128197811489275,ground_equivalent_excess_gamma_dose_rate,uSv/h,50.0,1.0,6360,0.0005425999988801777,False,,5,0.5,0.45,False,,,
3138,NORMAL,NORMAL,522760.9204974669,5696684.290406497,15,19,20.0,75675.17887474869,0.13771101324714013,ground_equivalent_excess_gamma_dose_rate,uSv/h,50.0,1.0,6360,0.0005240000027697533,False,,5,0.5,0.45,False,,,
3139,NORMAL,NORMAL,522780.9204974669,5696704.290406497,16,20,28.284271247461902,75703.46314599615,0.14781744715708328,ground_equivalent_excess_gamma_dose_rate,uSv/h,50.0,1.0,6360,0.0006857000116724521,False,,5,0.5,0.45,False,,,
3140,NORMAL,NORMAL,522800.9204974669,5696684.290406497,15,21,28.284271247461902,75731.74741724362,0.16692367254577395,ground_equivalent_excess_gamma_dose_rate,uSv/h,50.0,1.0,6360,0.0005590000073425472,False,,5,0.5,0.45,False,,,
3141,NORMAL,NORMAL,522820.9204974669,5696684.290406497,15,22,20.0,75751.74741724362,0.18507032578652516,ground_equivalent_excess_gamma_dose_rate,uSv/h,50.0,1.0,6360,0.0005828999856021255,False,,5,0.5,0.45,False,,,
3142,NORMAL,NORMAL,522840.9204974669,5696684.290406497,15,23,20.0,75771.74741724362,0.20627314915058664,ground_equivalent_excess_gamma_dose_rate,uSv/h,50.0,1.0,6360,0.0005431000026874244,False,,5,0.5,0.45,False,,,
3143,NORMAL,NORMAL,522860.9204974669,5696664.290406497,14,24,28.284271247461902,75800.03168849109,0.23800448562446713,ground_equivalent_excess_gamma_dose_rate,uSv/h,50.0,1.0,6360,0.0008587000193074346,False,,5,0.5,0.45,False,,,
3144,NORMAL,NORMAL,522860.9204974669,5696644.290406497,13,24,20.0,75820.03168849109,0.2432691738192873,ground_equivalent_excess_gamma_dose_rate,uSv/h,50.0,1.0,6360,0.0005632000102195889,False,,5,0.5,0.45,False,,,
3145,NORMAL,NORMAL,522880.9204974669,5696644.290406497,13,25,20.0,75840.03168849109,0.27629940372721956,ground_equivalent_excess_gamma_dose_rate,uSv/h,50.0,1.0,6360,0.0005592000088654459,False,,5,0.5,0.45,False,,,
3146,NORMAL,NORMAL,522860.9204974669,5696664.290406497,14,24,28.284271247461902,75868.31595973855,0.23800448562446713,ground_equivalent_excess_gamma_dose_rate,uSv/h,50.0,1.0,6360,0.0005658000009134412,False,,5,0.5,0.45,False,,,
3147,NORMAL,NORMAL,522880.9204974669,5696644.290406497,13,25,28.284271247461902,75896.60023098602,0.27629940372721956,ground_equivalent_excess_gamma_dose_rate,uSv/h,50.0,1.0,6360,0.0005522000137716532,False,,5,0.5,0.45,False,,,
3148,NORMAL,NORMAL,522880.9204974669,5696664.290406497,14,25,20.0,75916.60023098602,0.2695279154251989,ground_equivalent_excess_gamma_dose_rate,uSv/h,50.0,1.0,6360,0.0005816000048071146,False,,5,0.5,0.45,False,,,
3149,NORMAL,NORMAL,522860.9204974669,5696684.290406497,15,24,28.284271247461902,75944.88450223349,0.23123899800890124,ground_equivalent_excess_gamma_dose_rate,uSv/h,50.0,1.0,6360,0.0005537000251933932,False,,5,0.5,0.45,False,,,
3150,NORMAL,NORMAL,522860.9204974669,5696664.290406497,14,24,20.0,75964.88450223349,0.23800448562446713,ground_equivalent_excess_gamma_dose_rate,uSv/h,50.0,1.0,6360,0.0005174999823793769,False,,5,0.5,0.45,False,,,
3151,NORMAL,NORMAL,522880.9204974669,5696684.290406497,15,25,28.284271247461902,75993.16877348095,0.2608841238645514,ground_equivalent_excess_gamma_dose_rate,uSv/h,50.0,1.0,6360,0.0005347999976947904,False,,5,0.5,0.45,False,,,
3152,NORMAL,NORMAL,522860.9204974669,5696664.290406497,14,24,28.284271247461902,76021.45304472842,0.23800448562446713,ground_equivalent_excess_gamma_dose_rate,uSv/h,50.0,1.0,6360,0.0007855999865569174,False,,5,0.5,0.45,False,,,
3153,NORMAL,NORMAL,522840.9204974669,5696684.290406497,15,23,28.284271247461902,76049.73731597589,0.20627314915058664,ground_equivalent_excess_gamma_dose_rate,uSv/h,50.0,1.0,6360,0.000755899993237108,False,,5,0.5,0.45,False,,,
3154,NORMAL,NORMAL,522820.9204974669,5696684.290406497,15,22,20.0,76069.73731597589,0.18507032578652516,ground_equivalent_excess_gamma_dose_rate,uSv/h,50.0,1.0,6360,0.0005765000241808593,False,,5,0.5,0.45,False,,,
3155,NORMAL,NORMAL,522800.9204974669,5696704.290406497,16,21,28.284271247461902,76098.02158722335,0.16271564288990847,ground_equivalent_excess_gamma_dose_rate,uSv/h,50.0,1.0,6360,0.0005599999858532101,False,,5,0.5,0.45,False,,,
3156,NORMAL,NORMAL,522800.9204974669,5696724.290406497,17,21,20.0,76118.02158722335,0.15791254264120275,ground_equivalent_excess_gamma_dose_rate,uSv/h,50.0,1.0,6360,0.0008258000016212463,False,,5,0.5,0.45,False,,,
3157,NORMAL,NORMAL,522780.9204974669,5696744.290406497,18,20,28.284271247461902,76146.30585847082,0.13945137291009468,ground_equivalent_excess_gamma_dose_rate,uSv/h,50.0,1.0,6360,0.0005601000157184899,False,,5,0.5,0.45,False,,,
3158,NORMAL,NORMAL,522760.9204974669,5696764.290406497,19,19,28.284271247461902,76174.59012971829,0.12386512169491609,ground_equivalent_excess_gamma_dose_rate,uSv/h,50.0,1.0,6360,0.0014445999986492097,False,,5,0.5,0.45,False,,,
3159,NORMAL,NORMAL,522760.9204974669,5696784.290406497,20,19,20.0,76194.59012971829,0.11967124488031367,ground_equivalent_excess_gamma_dose_rate,uSv/h,50.0,1.0,6360,0.0006604999944102019,False,,5,0.5,0.45,False,,,
3160,NORMAL,NORMAL,522740.9204974669,5696804.290406497,21,18,28.284271247461902,76222.87440096575,0.10689967365747205,ground_equivalent_excess_gamma_dose_rate,uSv/h,50.0,1.0,6360,0.000733000022592023,False,,5,0.5,0.45,False,,,
3161,NORMAL,NORMAL,522740.9204974669,5696824.290406497,22,18,20.0,76242.87440096575,0.10307690654999918,ground_equivalent_excess_gamma_dose_rate,uSv/h,50.0,1.0,6360,0.0008416000055149198,False,,5,0.5,0.45,False,,,
3162,NORMAL,NORMAL,522720.9204974669,5696824.290406497,22,17,20.0,76262.87440096575,0.09599780589528856,ground_equivalent_excess_gamma_dose_rate,uSv/h,50.0,1.0,6360,0.0005423999973572791,False,,5,0.5,0.45,False,,,
3163,NORMAL,NORMAL,522720.9204974669,5696804.290406497,21,17,20.0,76282.87440096575,0.09930510100871986,ground_equivalent_excess_gamma_dose_rate,uSv/h,50.0,1.0,6360,0.0005651999963447452,False,,5,0.5,0.45,False,,,
3164,NORMAL,NORMAL,522720.9204974669,5696784.290406497,20,17,20.0,76302.87440096575,0.10251103257259098,ground_equivalent_excess_gamma_dose_rate,uSv/h,50.0,1.0,6360,0.0006330000178422779,False,,5,0.5,0.45,False,,,
3165,NORMAL,NORMAL,522740.9204974669,5696784.290406497,20,18,20.0,76322.87440096575,0.11062391205789018,ground_equivalent_excess_gamma_dose_rate,uSv/h,50.0,1.0,6360,0.0005095999804325402,False,,5,0.5,0.45,False,,,
3166,NORMAL,NORMAL,522760.9204974669,5696784.290406497,20,19,20.0,76342.87440096575,0.11967124488031367,ground_equivalent_excess_gamma_dose_rate,uSv/h,50.0,1.0,6360,0.001083299983292818,False,,5,0.5,0.45,False,,,
3167,NORMAL,NORMAL,522740.9204974669,5696764.290406497,19,18,28.284271247461902,76371.15867221322,0.11419816230006402,ground_equivalent_excess_gamma_dose_rate,uSv/h,50.0,1.0,6360,0.0010275999957229942,False,,5,0.5,0.45,False,,,
3168,NORMAL,NORMAL,522740.9204974669,5696744.290406497,18,18,20.0,76391.15867221322,0.11756711659928604,ground_equivalent_excess_gamma_dose_rate,uSv/h,50.0,1.0,6360,0.0011525999871082604,False,,5,0.5,0.45,False,,,
3169,NORMAL,NORMAL,522760.9204974669,5696764.290406497,19,19,28.284271247461902,76419.44294346069,0.12386512169491609,ground_equivalent_excess_gamma_dose_rate,uSv/h,50.0,1.0,6360,0.0005710000114049762,False,,5,0.5,0.45,False,,,
3170,NORMAL,NORMAL,522740.9204974669,5696784.290406497,20,18,28.284271247461902,76447.72721470815,0.11062391205789018,ground_equivalent_excess_gamma_dose_rate,uSv/h,50.0,1.0,6360,0.0007919000054243952,False,,5,0.5,0.45,False,,,
3171,NORMAL,NORMAL,522740.9204974669,5696804.290406497,21,18,20.0,76467.72721470815,0.10689967365747205,ground_equivalent_excess_gamma_dose_rate,uSv/h,50.0,1.0,6360,0.0007005000079516321,False,,5,0.5,0.45,False,,,
3172,NORMAL,NORMAL,522740.9204974669,5696784.290406497,20,18,20.0,76487.72721470815,0.11062391205789018,ground_equivalent_excess_gamma_dose_rate,uSv/h,50.0,1.0,6360,0.00044819997856393456,False,,5,0.5,0.45,False,,,
3173,NORMAL,NORMAL,522720.9204974669,5696764.290406497,19,17,28.284271247461902,76516.01148595562,0.10557299805328585,ground_equivalent_excess_gamma_dose_rate,uSv/h,50.0,1.0,6360,0.0009586000232957304,False,,5,0.5,0.45,False,,,
3174,NORMAL,NORMAL,522740.9204974669,5696744.290406497,18,18,28.284271247461902,76544.29575720309,0.11756711659928604,ground_equivalent_excess_gamma_dose_rate,uSv/h,50.0,1.0,6360,0.0006484999903477728,False,,5,0.5,0.45,False,,,
3175,NORMAL,NORMAL,522740.9204974669,5696764.290406497,19,18,20.0,76564.29575720309,0.11419816230006402,ground_equivalent_excess_gamma_dose_rate,uSv/h,50.0,1.0,6360,0.0007547999848611653,False,,5,0.5,0.45,False,,,
3176,NORMAL,NORMAL,522760.9204974669,5696764.290406497,19,19,20.0,76584.29575720309,0.12386512169491609,ground_equivalent_excess_gamma_dose_rate,uSv/h,50.0,1.0,6360,0.0006371999916154891,False,,5,0.5,0.45,False,,,
3177,NORMAL,NORMAL,522760.9204974669,5696784.290406497,20,19,20.0,76604.29575720309,0.11967124488031367,ground_equivalent_excess_gamma_dose_rate,uSv/h,50.0,1.0,6360,0.0005785000103060156,False,,5,0.5,0.45,False,,,
3178,NORMAL,NORMAL,522740.9204974669,5696784.290406497,20,18,20.0,76624.29575720309,0.11062391205789018,ground_equivalent_excess_gamma_dose_rate,uSv/h,50.0,1.0,6360,0.0012416999961715192,False,,5,0.5,0.45,False,,,
3179,NORMAL,NORMAL,522720.9204974669,5696784.290406497,20,17,20.0,76644.29575720309,0.10251103257259098,ground_equivalent_excess_gamma_dose_rate,uSv/h,50.0,1.0,6360,0.0012326999858487397,False,,5,0.5,0.45,False,,,
3180,NORMAL,NORMAL,522740.9204974669,5696784.290406497,20,18,20.0,76664.29575720309,0.11062391205789018,ground_equivalent_excess_gamma_dose_rate,uSv/h,50.0,1.0,6360,0.0010707000037655234,False,,5,0.5,0.45,False,,,
3181,NORMAL,NORMAL,522760.9204974669,5696804.290406497,21,19,28.284271247461902,76692.58002845055,0.11532489235336651,ground_equivalent_excess_gamma_dose_rate,uSv/h,50.0,1.0,6360,0.0005801999941468239,False,,5,0.5,0.45,False,,,
3182,NORMAL,NORMAL,522740.9204974669,5696804.290406497,21,18,20.0,76712.58002845055,0.10689967365747205,ground_equivalent_excess_gamma_dose_rate,uSv/h,50.0,1.0,6360,0.0005683999916072935,False,,5,0.5,0.45,False,,,
3183,NORMAL,NORMAL,522760.9204974669,5696804.290406497,21,19,20.0,76732.58002845055,0.11532489235336651,ground_equivalent_excess_gamma_dose_rate,uSv/h,50.0,1.0,6360,0.0007184999994933605,False,,5,0.5,0.45,False,,,
3184,NORMAL,NORMAL,522780.9204974669,5696824.290406497,22,20,28.284271247461902,76760.86429969802,0.11952182497558078,ground_equivalent_excess_gamma_dose_rate,uSv/h,50.0,1.0,6360,0.0006379999977070838,False,,5,0.5,0.45,False,,,
3185,NORMAL,NORMAL,522800.9204974669,5696804.290406497,21,21,28.284271247461902,76789.14857094549,0.13512904440902535,ground_equivalent_excess_gamma_dose_rate,uSv/h,50.0,1.0,6360,0.0006384000007528812,False,,5,0.5,0.45,False,,,
3186,NORMAL,NORMAL,522800.9204974669,5696824.290406497,22,21,20.0,76809.14857094549,0.12907785788863863,ground_equivalent_excess_gamma_dose_rate,uSv/h,50.0,1.0,6360,0.029620999994222075,False,,5,0.5,0.45,False,,,
3187,NORMAL,NORMAL,522820.9204974669,5696824.290406497,22,22,20.0,76829.14857094549,0.13966770173084547,ground_equivalent_excess_gamma_dose_rate,uSv/h,50.0,1.0,6360,0.0006671000155620277,False,,5,0.5,0.45,False,,,
3188,NORMAL,NORMAL,522840.9204974669,5696844.290406497,23,23,28.284271247461902,76857.43284219295,0.14319735105706427,ground_equivalent_excess_gamma_dose_rate,uSv/h,50.0,1.0,6360,0.0007465000089723617,False,,5,0.5,0.45,False,,,
3189,NORMAL,NORMAL,522820.9204974669,5696844.290406497,23,22,20.0,76877.43284219295,0.13264745652288723,ground_equivalent_excess_gamma_dose_rate,uSv/h,50.0,1.0,6360,0.0006516999856103212,False,,5,0.5,0.45,False,,,
3190,NORMAL,NORMAL,522800.9204974669,5696864.290406497,24,21,28.284271247461902,76905.71711344042,0.11713553074471428,ground_equivalent_excess_gamma_dose_rate,uSv/h,50.0,1.0,6360,0.0005907000158913434,False,,5,0.5,0.45,False,,,
3191,NORMAL,NORMAL,522820.9204974669,5696844.290406497,23,22,28.284271247461902,76934.00138468789,0.13264745652288723,ground_equivalent_excess_gamma_dose_rate,uSv/h,50.0,1.0,6360,0.0011266000219620764,False,,5,0.5,0.45,False,,,
3192,NORMAL,NORMAL,522800.9204974669,5696864.290406497,24,21,28.284271247461902,76962.28565593535,0.11713553074471428,ground_equivalent_excess_gamma_dose_rate,uSv/h,50.0,1.0,6360,0.0005812000017613173,False,,5,0.5,0.45,False,,,
3193,NORMAL,NORMAL,522820.9204974669,5696844.290406497,23,22,28.284271247461902,76990.56992718282,0.13264745652288723,ground_equivalent_excess_gamma_dose_rate,uSv/h,50.0,1.0,6360,0.0005715000152122229,False,,5,0.5,0.45,False,,,
3194,NORMAL,NORMAL,522840.9204974669,5696844.290406497,23,23,20.0,77010.56992718282,0.14319735105706427,ground_equivalent_excess_gamma_dose_rate,uSv/h,50.0,1.0,6360,0.0005396000051405281,False,,5,0.5,0.45,False,,,
3195,NORMAL,NORMAL,522840.9204974669,5696864.290406497,24,23,20.0,77030.56992718282,0.13523934274722677,ground_equivalent_excess_gamma_dose_rate,uSv/h,50.0,1.0,6360,0.0012407000176608562,False,,5,0.5,0.45,False,,,
3196,NORMAL,NORMAL,522820.9204974669,5696864.290406497,24,22,20.0,77050.56992718282,0.1257907735863668,ground_equivalent_excess_gamma_dose_rate,uSv/h,50.0,1.0,6360,0.0005661000031977892,False,,5,0.5,0.45,False,,,
3197,NORMAL,NORMAL,522800.9204974669,5696864.290406497,24,21,20.0,77070.56992718282,0.11713553074471428,ground_equivalent_excess_gamma_dose_rate,uSv/h,50.0,1.0,6360,0.0005441999819595367,False,,5,0.5,0.45,False,,,
3198,NORMAL,NORMAL,522820.9204974669,5696844.290406497,23,22,28.284271247461902,77098.85419843029,0.13264745652288723,ground_equivalent_excess_gamma_dose_rate,uSv/h,50.0,1.0,6360,0.0005262000195216388,False,,5,0.5,0.45,False,,,
3199,NORMAL,NORMAL,522800.9204974669,5696864.290406497,24,21,28.284271247461902,77127.13846967775,0.11713553074471428,ground_equivalent_excess_gamma_dose_rate,uSv/h,50.0,1.0,6360,0.0006989999965298921,False,,5,0.5,0.45,False,,,
3200,NORMAL,NORMAL,522820.9204974669,5696864.290406497,24,22,20.0,77147.13846967775,0.1257907735863668,ground_equivalent_excess_gamma_dose_rate,uSv/h,50.0,1.0,6360,0.0006626999820582569,False,,5,0.5,0.45,False,,,
3201,NORMAL,NORMAL,522840.9204974669,5696864.290406497,24,23,20.0,77167.13846967775,0.13523934274722677,ground_equivalent_excess_gamma_dose_rate,uSv/h,50.0,1.0,6360,0.0005366000114008784,False,,5,0.5,0.45,False,,,
3202,NORMAL,NORMAL,522820.9204974669,5696844.290406497,23,22,28.284271247461902,77195.42274092522,0.13264745652288723,ground_equivalent_excess_gamma_dose_rate,uSv/h,50.0,1.0,6360,0.0010078000195790082,False,,5,0.5,0.45,False,,,
3203,NORMAL,NORMAL,522800.9204974669,5696824.290406497,22,21,28.284271247461902,77223.70701217269,0.12907785788863863,ground_equivalent_excess_gamma_dose_rate,uSv/h,50.0,1.0,6360,0.0005804999964311719,False,,5,0.5,0.45,False,,,
3204,NORMAL,NORMAL,522780.9204974669,5696804.290406497,21,20,28.284271247461902,77251.99128342015,0.12469225642360127,ground_equivalent_excess_gamma_dose_rate,uSv/h,50.0,1.0,6360,0.0005667000077664852,False,,5,0.5,0.45,False,,,
3205,NORMAL,NORMAL,522780.9204974669,5696824.290406497,22,20,20.0,77271.99128342015,0.11952182497558078,ground_equivalent_excess_gamma_dose_rate,uSv/h,50.0,1.0,6360,0.0006331999902613461,False,,5,0.5,0.45,False,,,
3206,NORMAL,NORMAL,522780.9204974669,5696844.290406497,23,20,20.0,77291.99128342015,0.11434319470184223,ground_equivalent_excess_gamma_dose_rate,uSv/h,50.0,1.0,6360,0.0006716999923810363,False,,5,0.5,0.45,False,,,
3207,NORMAL,NORMAL,522760.9204974669,5696824.290406497,22,19,28.284271247461902,77320.27555466762,0.11088830646605835,ground_equivalent_excess_gamma_dose_rate,uSv/h,50.0,1.0,6360,0.0005635000125039369,False,,5,0.5,0.45,False,,,
3208,NORMAL,NORMAL,522740.9204974669,5696804.290406497,21,18,28.284271247461902,77348.55982591509,0.10689967365747205,ground_equivalent_excess_gamma_dose_rate,uSv/h,50.0,1.0,6360,0.0005607999919448048,False,,5,0.5,0.45,False,,,
3209,NORMAL,NORMAL,522740.9204974669,5696824.290406497,22,18,20.0,77368.55982591509,0.10307690654999918,ground_equivalent_excess_gamma_dose_rate,uSv/h,50.0,1.0,6360,0.0005294000147841871,False,,5,0.5,0.45,False,,,
3210,NORMAL,NORMAL,522760.9204974669,5696824.290406497,22,19,20.0,77388.55982591509,0.11088830646605835,ground_equivalent_excess_gamma_dose_rate,uSv/h,50.0,1.0,6360,0.0007607000006828457,False,,5,0.5,0.45,False,,,
3211,NORMAL,NORMAL,522780.9204974669,5696804.290406497,21,20,28.284271247461902,77416.84409716255,0.12469225642360127,ground_equivalent_excess_gamma_dose_rate,uSv/h,50.0,1.0,6360,0.0005651999963447452,False,,5,0.5,0.45,False,,,
3212,NORMAL,NORMAL,522800.9204974669,5696804.290406497,21,21,20.0,77436.84409716255,0.13512904440902535,ground_equivalent_excess_gamma_dose_rate,uSv/h,50.0,1.0,6360,0.000528200005646795,False,,5,0.5,0.45,False,,,
3213,NORMAL,NORMAL,522800.9204974669,5696784.290406497,20,21,20.0,77456.84409716255,0.14113519352670828,ground_equivalent_excess_gamma_dose_rate,uSv/h,50.0,1.0,6360,0.0010245000012218952,False,,5,0.5,0.45,False,,,
3214,NORMAL,NORMAL,522800.9204974669,5696764.290406497,19,21,20.0,77476.84409716255,0.14700528823878656,ground_equivalent_excess_gamma_dose_rate,uSv/h,50.0,1.0,6360,0.0006968000088818371,False,,5,0.5,0.45,False,,,
3215,NORMAL,NORMAL,522820.9204974669,5696744.290406497,18,22,28.284271247461902,77505.12836841002,0.1676688475824793,ground_equivalent_excess_gamma_dose_rate,uSv/h,50.0,1.0,6360,0.0005894999776501209,False,,5,0.5,0.45,False,,,
3216,NORMAL,NORMAL,522840.9204974669,5696764.290406497,19,23,28.284271247461902,77533.41263965749,0.17668921317148484,ground_equivalent_excess_gamma_dose_rate,uSv/h,50.0,1.0,6360,0.0005440000095404685,False,,5,0.5,0.45,False,,,
3217,NORMAL,NORMAL,522840.9204974669,5696784.290406497,20,23,20.0,77553.41263965749,0.16827697499161148,ground_equivalent_excess_gamma_dose_rate,uSv/h,50.0,1.0,6360,0.0006881000008434057,False,,5,0.5,0.45,False,,,
3218,NORMAL,NORMAL,522840.9204974669,5696764.290406497,19,23,20.0,77573.41263965749,0.17668921317148484,ground_equivalent_excess_gamma_dose_rate,uSv/h,50.0,1.0,6360,0.0007313000096473843,False,,5,0.5,0.45,False,,,
3219,NORMAL,NORMAL,522860.9204974669,5696764.290406497,19,24,20.0,77593.41263965749,0.19469478483456776,ground_equivalent_excess_gamma_dose_rate,uSv/h,50.0,1.0,6360,0.0005339999916031957,False,,5,0.5,0.45,False,,,
3220,NORMAL,NORMAL,522880.9204974669,5696784.290406497,20,25,28.284271247461902,77621.69691090495,0.20293186466193686,ground_equivalent_excess_gamma_dose_rate,uSv/h,50.0,1.0,6360,0.0010112000163644552,False,,5,0.5,0.45,False,,,
3221,NORMAL,NORMAL,522900.9204974669,5696804.290406497,21,26,28.284271247461902,77649.98118215242,0.20906155270474808,ground_equivalent_excess_gamma_dose_rate,uSv/h,50.0,1.0,6360,0.000594600016484037,False,,5,0.5,0.45,False,,,
3222,NORMAL,NORMAL,522900.9204974669,5696824.290406497,22,26,20.0,77669.98118215242,0.19492383809858105,ground_equivalent_excess_gamma_dose_rate,uSv/h,50.0,1.0,6360,0.0006423000013455749,False,,5,0.5,0.45,False,,,
3223,NORMAL,NORMAL,522900.9204974669,5696804.290406497,21,26,20.0,77689.98118215242,0.20906155270474808,ground_equivalent_excess_gamma_dose_rate,uSv/h,50.0,1.0,6360,0.0005311000277288258,False,,5,0.5,0.45,False,,,
3224,NORMAL,NORMAL,522900.9204974669,5696784.290406497,20,26,20.0,77709.98118215242,0.22379617155652692,ground_equivalent_excess_gamma_dose_rate,uSv/h,50.0,1.0,6360,0.001120400003856048,False,,5,0.5,0.45,False,,,
3225,NORMAL,NORMAL,522900.9204974669,5696764.290406497,19,26,20.0,77729.98118215242,0.23892447104630282,ground_equivalent_excess_gamma_dose_rate,uSv/h,50.0,1.0,6360,0.0006862000154796988,False,,5,0.5,0.45,False,,,
3226,NORMAL,NORMAL,522900.9204974669,5696744.290406497,18,26,20.0,77749.98118215242,0.2541622555221077,ground_equivalent_excess_gamma_dose_rate,uSv/h,50.0,1.0,6360,0.0005568000196944922,False,,5,0.5,0.45,False,,,
3227,NORMAL,NORMAL,522900.9204974669,5696724.290406497,17,26,20.0,77769.98118215242,0.2691380045754198,ground_equivalent_excess_gamma_dose_rate,uSv/h,50.0,1.0,6360,0.0005357000045478344,False,,5,0.5,0.45,False,,,
3228,NORMAL,NORMAL,522920.9204974669,5696704.290406497,16,27,28.284271247461902,77798.26545339989,0.32245304849520534,ground_equivalent_excess_gamma_dose_rate,uSv/h,50.0,1.0,6360,0.0006570999976247549,False,,5,0.5,0.45,False,,,
3229,NORMAL,NORMAL,522940.9204974669,5696704.290406497,16,28,20.0,77818.26545339989,0.3695742753129752,ground_equivalent_excess_gamma_dose_rate,uSv/h,50.0,1.0,6360,0.0007434000144712627,False,,5,0.5,0.45,False,,,
3230,NORMAL,NORMAL,522920.9204974669,5696704.290406497,16,27,20.0,77838.26545339989,0.32245304849520534,ground_equivalent_excess_gamma_dose_rate,uSv/h,50.0,1.0,6360,0.0012221999932080507,False,,5,0.5,0.45,False,,,
3231,NORMAL,NORMAL,522900.9204974669,5696704.290406497,16,26,20.0,77858.26545339989,0.28339551574480915,ground_equivalent_excess_gamma_dose_rate,uSv/h,50.0,1.0,6360,0.0006266999989748001,False,,5,0.5,0.45,False,,,
3232,NORMAL,NORMAL,522900.9204974669,5696684.290406497,15,26,20.0,77878.26545339989,0.29640969964865316,ground_equivalent_excess_gamma_dose_rate,uSv/h,50.0,1.0,6360,0.0007769000076223165,False,,5,0.5,0.45,False,,,
3233,NORMAL,NORMAL,522900.9204974669,5696664.290406497,14,26,20.0,77898.26545339989,0.3076184627714244,ground_equivalent_excess_gamma_dose_rate,uSv/h,50.0,1.0,6360,0.002427600004011765,False,,5,0.5,0.45,False,,,
3234,NORMAL,NORMAL,522920.9204974669,5696684.290406497,15,27,28.284271247461902,77926.54972464735,0.3394089683450338,ground_equivalent_excess_gamma_dose_rate,uSv/h,50.0,1.0,6360,0.0012425000022631139,False,,5,0.5,0.45,False,,,
3235,NORMAL,NORMAL,522940.9204974669,5696684.290406497,15,28,20.0,77946.54972464735,0.3920204320475063,ground_equivalent_excess_gamma_dose_rate,uSv/h,50.0,1.0,6360,0.0005726000235881656,False,,5,0.5,0.45,False,,,
3236,NORMAL,NORMAL,522940.9204974669,5696664.290406497,14,28,20.0,77966.54972464735,0.4118685924430103,ground_equivalent_excess_gamma_dose_rate,uSv/h,50.0,1.0,6360,0.0005562999867834151,False,,5,0.5,0.45,False,,,
3237,NORMAL,NORMAL,522940.9204974669,5696684.290406497,15,28,20.0,77986.54972464735,0.3920204320475063,ground_equivalent_excess_gamma_dose_rate,uSv/h,50.0,1.0,6360,0.000541799992788583,False,,5,0.5,0.45,False,,,
3238,NORMAL,NORMAL,522940.9204974669,5696704.290406497,16,28,20.0,78006.54972464735,0.3695742753129752,ground_equivalent_excess_gamma_dose_rate,uSv/h,50.0,1.0,6360,0.000675299990689382,False,,5,0.5,0.45,False,,,
3239,NORMAL,NORMAL,522960.9204974669,5696724.290406497,17,29,28.284271247461902,78034.83399589482,0.3953609978390989,ground_equivalent_excess_gamma_dose_rate,uSv/h,50.0,1.0,6360,0.000592199998209253,False,,5,0.5,0.45,False,,,
3240,NORMAL,NORMAL,522960.9204974669,5696704.290406497,16,29,20.0,78054.83399589482,0.4269115878917326,ground_equivalent_excess_gamma_dose_rate,uSv/h,50.0,1.0,6360,0.0005595999828074127,False,,5,0.5,0.45,False,,,
3241,NORMAL,NORMAL,522940.9204974669,5696724.290406497,17,28,28.284271247461902,78083.11826714229,0.34569245876700155,ground_equivalent_excess_gamma_dose_rate,uSv/h,50.0,1.0,6360,0.000533799990080297,False,,5,0.5,0.45,False,,,
3242,NORMAL,NORMAL,522960.9204974669,5696744.290406497,18,29,28.284271247461902,78111.40253838975,0.36386625443593873,ground_equivalent_excess_gamma_dose_rate,uSv/h,50.0,1.0,6360,0.0010990999871864915,False,,5,0.5,0.45,False,,,
3243,NORMAL,NORMAL,522960.9204974669,5696764.290406497,19,29,20.0,78131.40253838975,0.33342323155265813,ground_equivalent_excess_gamma_dose_rate,uSv/h,50.0,1.0,6360,0.0007878000033088028,False,,5,0.5,0.45,False,,,
3244,NORMAL,NORMAL,522960.9204974669,5696744.290406497,18,29,20.0,78151.40253838975,0.36386625443593873,ground_equivalent_excess_gamma_dose_rate,uSv/h,50.0,1.0,6360,0.001991700002690777,False,,5,0.5,0.45,False,,,
3245,NORMAL,NORMAL,522980.9204974669,5696764.290406497,19,30,28.284271247461902,78179.68680963722,0.37484343549544913,ground_equivalent_excess_gamma_dose_rate,uSv/h,50.0,1.0,6360,0.0008288000244647264,False,,5,0.5,0.45,False,,,
3246,NORMAL,NORMAL,522960.9204974669,5696764.290406497,19,29,20.0,78199.68680963722,0.33342323155265813,ground_equivalent_excess_gamma_dose_rate,uSv/h,50.0,1.0,6360,0.0210637999989558,False,,5,0.5,0.45,False,,,
3247,NORMAL,NORMAL,522940.9204974669,5696764.290406497,19,28,20.0,78219.68680963722,0.2973887670109867,ground_equivalent_excess_gamma_dose_rate,uSv/h,50.0,1.0,6360,0.0009596000018063933,False,,5,0.5,0.45,False,,,
3248,NORMAL,NORMAL,522960.9204974669,5696764.290406497,19,29,20.0,78239.68680963722,0.33342323155265813,ground_equivalent_excess_gamma_dose_rate,uSv/h,50.0,1.0,6360,0.0005442000110633671,False,,5,0.5,0.45,False,,,
3249,NORMAL,NORMAL,522960.9204974669,5696784.290406497,20,29,20.0,78259.68680963722,0.3046811468149923,ground_equivalent_excess_gamma_dose_rate,uSv/h,50.0,1.0,6360,0.0006357000092975795,False,,5,0.5,0.45,False,,,
3250,NORMAL,NORMAL,522940.9204974669,5696764.290406497,19,28,28.284271247461902,78287.97108088469,0.2973887670109867,ground_equivalent_excess_gamma_dose_rate,uSv/h,50.0,1.0,6360,0.0005388999998103827,False,,5,0.5,0.45,False,,,
3251,NORMAL,NORMAL,522960.9204974669,5696764.290406497,19,29,20.0,78307.97108088469,0.33342323155265813,ground_equivalent_excess_gamma_dose_rate,uSv/h,50.0,1.0,6360,0.0005184999899938703,False,,5,0.5,0.45,False,,,
3252,NORMAL,NORMAL,522960.9204974669,5696784.290406497,20,29,20.0,78327.97108088469,0.3046811468149923,ground_equivalent_excess_gamma_dose_rate,uSv/h,50.0,1.0,6360,0.0004805999924428761,False,,5,0.5,0.45,False,,,
3253,NORMAL,NORMAL,522980.9204974669,5696784.290406497,20,30,20.0,78347.97108088469,0.33890159220731214,ground_equivalent_excess_gamma_dose_rate,uSv/h,50.0,1.0,6360,0.0004723999882116914,False,,5,0.5,0.45,False,,,
3254,NORMAL,NORMAL,523000.920497467,5696764.290406497,19,31,28.28427124750306,78376.2553521322,0.4222313549622256,ground_equivalent_excess_gamma_dose_rate,uSv/h,50.0,1.0,6360,0.0005642999894917011,False,,5,0.5,0.45,False,,,
3255,NORMAL,NORMAL,522980.9204974669,5696744.290406497,18,30,28.28427124750306,78404.53962337971,0.41376139031869347,ground_equivalent_excess_gamma_dose_rate,uSv/h,50.0,1.0,6360,0.0005233999982010573,False,,5,0.5,0.45,False,,,
3256,NORMAL,NORMAL,523000.920497467,5696744.290406497,18,31,20.000000000058208,78424.53962337977,0.47226812313278427,ground_equivalent_excess_gamma_dose_rate,uSv/h,50.0,1.0,6360,0.0004895000020042062,False,,5,0.5,0.45,False,,,
3257,NORMAL,NORMAL,522980.9204974669,5696764.290406497,19,30,28.28427124750306,78452.82389462728,0.37484343549544913,ground_equivalent_excess_gamma_dose_rate,uSv/h,50.0,1.0,6360,0.0004591000033542514,False,,5,0.5,0.45,False,,,
3258,NORMAL,NORMAL,523000.920497467,5696764.290406497,19,31,20.000000000058208,78472.82389462733,0.4222313549622256,ground_equivalent_excess_gamma_dose_rate,uSv/h,50.0,1.0,6360,0.00044319999869912863,False,,5,0.5,0.45,False,,,
3259,NORMAL,NORMAL,523020.920497467,5696784.290406497,20,32,28.284271247461902,78501.1081658748,0.4194828377084025,ground_equivalent_excess_gamma_dose_rate,uSv/h,50.0,1.0,6360,0.0004616999940481037,False,,5,0.5,0.45,False,,,
3260,NORMAL,NORMAL,523040.920497467,5696784.290406497,20,33,20.0,78521.1081658748,0.4654459664587462,ground_equivalent_excess_gamma_dose_rate,uSv/h,50.0,1.0,6360,0.0004531000158749521,False,,5,0.5,0.45,False,,,
3261,NORMAL,RADIATION,523060.920497467,5696784.290406497,20,34,20.0,78541.1081658748,0.5141212541937963,ground_equivalent_excess_gamma_dose_rate,uSv/h,50.0,1.0,6360,0.000446999998530373,True,enter,5,0.5,0.45,True,hazard_enter_threshold,,
3262,RADIATION,RADIATION,523080.920497467,5696804.290406497,21,35,28.284271247461902,78569.39243712227,0.47879320181374,ground_equivalent_excess_gamma_dose_rate,uSv/h,50.0,1.0,6360,0.00042890000622719526,True,,5,0.5,0.45,False,,0.00099409997346811,
3263,RADIATION,RADIATION,523080.920497467,5696784.290406497,20,35,20.0,78589.39243712227,0.5638072538039935,ground_equivalent_excess_gamma_dose_rate,uSv/h,50.0,1.0,6360,0.0005693999992217869,True,,5,0.5,0.45,False,,0.0023446999839507043,
3264,RADIATION,RADIATION,523060.920497467,5696764.290406497,19,34,28.284271247461902,78617.67670836973,0.6016348127608411,ground_equivalent_excess_gamma_dose_rate,uSv/h,50.0,1.0,6360,0.0006264999974519014,True,,5,0.5,0.45,False,,0.0012350000033620745,
3265,RADIATION,RADIATION,523040.920497467,5696744.290406497,18,33,28.284271247461902,78645.9609796172,0.619340800661281,ground_equivalent_excess_gamma_dose_rate,uSv/h,50.0,1.0,6360,0.0005651999963447452,True,,5,0.5,0.45,False,,0.0011346000246703625,
3266,RADIATION,RADIATION,523060.920497467,5696724.290406497,17,34,28.284271247461902,78674.24525086467,0.8387286723035177,ground_equivalent_excess_gamma_dose_rate,uSv/h,50.0,1.0,6360,0.0005721999914385378,True,,5,0.5,0.45,False,,0.0022809000220149755,
3267,RADIATION,RADIATION,523060.920497467,5696704.290406497,16,34,20.0,78694.24525086467,0.9946763876238676,ground_equivalent_excess_gamma_dose_rate,uSv/h,50.0,1.0,6360,0.0012969000090379268,True,,5,0.5,0.45,False,,0.001185000000987202,
3268,RADIATION,RADIATION,523040.920497467,5696684.290406497,15,33,28.284271247461902,78722.52952211213,0.9489158957279769,ground_equivalent_excess_gamma_dose_rate,uSv/h,50.0,1.0,6360,0.0006006000039633363,True,,5,0.5,0.45,False,,0.00195720000192523,
3269,RADIATION,RADIATION,523020.920497467,5696664.290406497,14,32,28.284271247461902,78750.8137933596,0.8574003872646025,ground_equivalent_excess_gamma_dose_rate,uSv/h,50.0,1.0,6360,0.000596800004132092,True,,5,0.5,0.45,False,,0.0011061000113841146,
3270,RADIATION,RADIATION,523020.920497467,5696644.290406497,13,32,20.0,78770.8137933596,0.9298972243007673,ground_equivalent_excess_gamma_dose_rate,uSv/h,50.0,1.0,6360,0.0006717999931424856,True,,5,0.5,0.45,False,,0.0010692999931052327,
3271,RADIATION,RADIATION,523040.920497467,5696664.290406497,14,33,28.284271247461902,78799.09806460707,1.0742227899373806,ground_equivalent_excess_gamma_dose_rate,uSv/h,50.0,1.0,6360,0.0005530000198632479,True,,5,0.5,0.45,False,,0.0011399000068195164,
3272,RADIATION,RADIATION,523040.920497467,5696684.290406497,15,33,20.0,78819.09806460707,0.9489158957279769,ground_equivalent_excess_gamma_dose_rate,uSv/h,50.0,1.0,6360,0.0006569999968633056,True,,5,0.5,0.45,False,,0.0015881999861449003,
3273,RADIATION,RADIATION,523020.920497467,5696664.290406497,14,32,28.284271247461902,78847.38233585453,0.8574003872646025,ground_equivalent_excess_gamma_dose_rate,uSv/h,50.0,1.0,6360,0.0005822000093758106,True,,5,0.5,0.45,False,,0.0013294999953359365,
3274,RADIATION,RADIATION,523040.920497467,5696684.290406497,15,33,28.284271247461902,78875.666607102,0.9489158957279769,ground_equivalent_excess_gamma_dose_rate,uSv/h,50.0,1.0,6360,0.02213970001321286,True,,5,0.5,0.45,False,,0.001291799999307841,
3275,RADIATION,RADIATION,523040.920497467,5696664.290406497,14,33,20.0,78895.666607102,1.0742227899373806,ground_equivalent_excess_gamma_dose_rate,uSv/h,50.0,1.0,6360,0.004383599996799603,True,,5,0.5,0.45,False,,0.0014625999901909381,
3276,RADIATION,RADIATION,523020.920497467,5696664.290406497,14,32,20.0,78915.666607102,0.8574003872646025,ground_equivalent_excess_gamma_dose_rate,uSv/h,50.0,1.0,6360,0.0007856000156607479,True,,5,0.5,0.45,False,,0.0010432999988552183,
3277,RADIATION,RADIATION,523040.920497467,5696644.290406497,13,33,28.284271247461902,78943.95087834947,1.1905087806298238,ground_equivalent_excess_gamma_dose_rate,uSv/h,50.0,1.0,6360,0.0006160999764688313,True,,5,0.5,0.45,False,,0.0011078999959863722,
3278,RADIATION,RADIATION,523020.920497467,5696644.290406497,13,32,20.0,78963.95087834947,0.9298972243007673,ground_equivalent_excess_gamma_dose_rate,uSv/h,50.0,1.0,6360,0.0005728999967686832,True,,5,0.5,0.45,False,,0.0043363999866414815,
3279,RADIATION,RADIATION,523020.920497467,5696664.290406497,14,32,20.0,78983.95087834947,0.8574003872646025,ground_equivalent_excess_gamma_dose_rate,uSv/h,50.0,1.0,6360,0.0008843999821692705,True,,5,0.5,0.45,False,,0.0011672000109683722,
3280,RADIATION,RADIATION,523000.920497467,5696684.290406497,15,31,28.284271247461902,79012.23514959693,0.6424029015095627,ground_equivalent_excess_gamma_dose_rate,uSv/h,50.0,1.0,6360,0.0005311999993864447,True,,5,0.5,0.45,False,,0.001274899987038225,
3281,RADIATION,RADIATION,523020.920497467,5696684.290406497,15,32,20.0,79032.23514959693,0.7756478652532179,ground_equivalent_excess_gamma_dose_rate,uSv/h,50.0,1.0,6360,0.0005178999854251742,True,,5,0.5,0.45,False,,0.0009654999885242432,
3282,RADIATION,RADIATION,523000.920497467,5696704.290406497,16,31,28.284271247461902,79060.5194208444,0.584254094066748,ground_equivalent_excess_gamma_dose_rate,uSv/h,50.0,1.0,6360,0.000669100001687184,True,,5,0.5,0.45,False,,0.0012406999885570258,
3283,RADIATION,RADIATION,522980.9204974669,5696724.290406497,17,30,28.28427124750306,79088.80369209191,0.45497492824898905,ground_equivalent_excess_gamma_dose_rate,uSv/h,50.0,1.0,6360,0.0006999000033829361,True,,5,0.5,0.45,False,,0.0011456000211182982,
3284,RADIATION,RADIATION,522980.9204974669,5696704.290406497,16,30,20.0,79108.80369209191,0.49726634675939935,ground_equivalent_excess_gamma_dose_rate,uSv/h,50.0,1.0,6360,0.000525100011145696,True,,5,0.5,0.45,False,,0.0012962000037077814,
3285,RADIATION,NORMAL,522960.9204974669,5696704.290406497,16,29,20.0,79128.80369209191,0.4269115878917326,ground_equivalent_excess_gamma_dose_rate,uSv/h,50.0,1.0,6360,0.000530699995579198,False,exit,5,0.5,0.45,False,hazard_exit_threshold,0.0010093000018969178,0.16758979999576695
3286,NORMAL,NORMAL,522940.9204974669,5696684.290406497,15,28,28.284271247461902,79157.08796333938,0.3920204320475063,ground_equivalent_excess_gamma_dose_rate,uSv/h,50.0,1.0,6360,0.0007227999740280211,False,,6,0.6000000000000001,0.5400000000000001,False,,,
3287,NORMAL,NORMAL,522920.9204974669,5696704.290406497,16,27,28.284271247461902,79185.37223458684,0.32245304849520534,ground_equivalent_excess_gamma_dose_rate,uSv/h,50.0,1.0,6360,0.0006198000046424568,False,,6,0.6000000000000001,0.5400000000000001,False,,,
3288,NORMAL,NORMAL,522900.9204974669,5696704.290406497,16,26,20.0,79205.37223458684,0.28339551574480915,ground_equivalent_excess_gamma_dose_rate,uSv/h,50.0,1.0,6360,0.003078899986576289,False,,6,0.6000000000000001,0.5400000000000001,False,,,
3289,NORMAL,NORMAL,522880.9204974669,5696724.290406497,17,25,28.284271247461902,79233.65650583431,0.2395223014799423,ground_equivalent_excess_gamma_dose_rate,uSv/h,50.0,1.0,6360,0.0006636999896727502,False,,6,0.6000000000000001,0.5400000000000001,False,,,
3290,NORMAL,NORMAL,522900.9204974669,5696724.290406497,17,26,20.0,79253.65650583431,0.2691380045754198,ground_equivalent_excess_gamma_dose_rate,uSv/h,50.0,1.0,6360,0.0007020999910309911,False,,6,0.6000000000000001,0.5400000000000001,False,,,
3291,NORMAL,NORMAL,522920.9204974669,5696704.290406497,16,27,28.284271247461902,79281.94077708178,0.32245304849520534,ground_equivalent_excess_gamma_dose_rate,uSv/h,50.0,1.0,6360,0.0010938999766949564,False,,6,0.6000000000000001,0.5400000000000001,False,,,
3292,NORMAL,NORMAL,522920.9204974669,5696684.290406497,15,27,20.0,79301.94077708178,0.3394089683450338,ground_equivalent_excess_gamma_dose_rate,uSv/h,50.0,1.0,6360,0.0006025000184308738,False,,6,0.6000000000000001,0.5400000000000001,False,,,
3293,NORMAL,NORMAL,522940.9204974669,5696704.290406497,16,28,28.284271247461902,79330.22504832924,0.3695742753129752,ground_equivalent_excess_gamma_dose_rate,uSv/h,50.0,1.0,6360,0.000545499991858378,False,,6,0.6000000000000001,0.5400000000000001,False,,,
3294,NORMAL,NORMAL,522960.9204974669,5696684.290406497,15,29,28.284271247461902,79358.50931957671,0.45714770667907584,ground_equivalent_excess_gamma_dose_rate,uSv/h,50.0,1.0,6360,0.0005275000003166497,False,,6,0.6000000000000001,0.5400000000000001,False,,,
3295,NORMAL,NORMAL,522940.9204974669,5696664.290406497,14,28,28.284271247461902,79386.79359082418,0.4118685924430103,ground_equivalent_excess_gamma_dose_rate,uSv/h,50.0,1.0,6360,0.0004962999955751002,False,,6,0.6000000000000001,0.5400000000000001,False,,,
3296,NORMAL,NORMAL,522960.9204974669,5696644.290406497,13,29,28.284271247461902,79415.07786207164,0.5066832471341436,ground_equivalent_excess_gamma_dose_rate,uSv/h,50.0,1.0,6360,0.0005095000087749213,False,,6,0.6000000000000001,0.5400000000000001,False,,,
3297,NORMAL,NORMAL,522980.9204974669,5696664.290406497,14,30,28.284271247461902,79443.36213331911,0.5769882473128978,ground_equivalent_excess_gamma_dose_rate,uSv/h,50.0,1.0,6360,0.0004838000168092549,False,,6,0.6000000000000001,0.5400000000000001,False,,,
3298,NORMAL,RADIATION,523000.920497467,5696644.290406497,13,31,28.28427124750306,79471.64640456662,0.7447134755623741,ground_equivalent_excess_gamma_dose_rate,uSv/h,50.0,1.0,6360,0.000614399992628023,True,enter,6,0.6000000000000001,0.5400000000000001,True,hazard_enter_threshold,,
3299,RADIATION,RADIATION,523020.920497467,5696644.290406497,13,32,20.0,79491.64640456662,0.9298972243007673,ground_equivalent_excess_gamma_dose_rate,uSv/h,50.0,1.0,6360,0.0005508000031113625,True,,6,0.6000000000000001,0.5400000000000001,False,,0.008034300000872463,
3300,RADIATION,RADIATION,523000.920497467,5696644.290406497,13,31,20.0,79511.64640456662,0.7447134755623741,ground_equivalent_excess_gamma_dose_rate,uSv/h,50.0,1.0,6360,0.0005146999901626259,True,,6,0.6000000000000001,0.5400000000000001,False,,0.0009964000200852752,
3301,RADIATION,RADIATION,523020.920497467,5696624.290406497,12,32,28.284271247461902,79539.93067581409,0.9838074395823302,ground_equivalent_excess_gamma_dose_rate,uSv/h,50.0,1.0,6360,0.0005913999921176583,True,,6,0.6000000000000001,0.5400000000000001,False,,0.001510500005679205,
3302,RADIATION,RADIATION,523040.920497467,5696604.290406497,11,33,28.284271247461902,79568.21494706155,1.3260491945401784,ground_equivalent_excess_gamma_dose_rate,uSv/h,50.0,1.0,6360,0.0009112000116147101,True,,6,0.6000000000000001,0.5400000000000001,False,,0.0011230999953113496,
3303,RADIATION,RADIATION,523060.920497467,5696584.290406497,10,34,28.284271247461902,79596.49921830902,1.7992711663437835,ground_equivalent_excess_gamma_dose_rate,uSv/h,50.0,1.0,6360,0.0006332999910227954,True,,6,0.6000000000000001,0.5400000000000001,False,,0.0028034999850206077,
3304,RADIATION,RADIATION,523080.920497467,5696564.290406497,9,35,28.284271247461902,79624.78348955649,2.3728093764972438,ground_equivalent_excess_gamma_dose_rate,uSv/h,50.0,1.0,6360,0.000627999979769811,True,,6,0.6000000000000001,0.5400000000000001,False,,0.0024465999740641564,
3305,RADIATION,RADIATION,523100.920497467,5696544.290406497,8,36,28.284271247461902,79653.06776080396,2.8481742357045152,ground_equivalent_excess_gamma_dose_rate,uSv/h,50.0,1.0,6360,0.0005652999971061945,True,,6,0.6000000000000001,0.5400000000000001,False,,0.0011354000016581267,
3306,RADIATION,RADIATION,523080.920497467,5696564.290406497,9,35,28.284271247461902,79681.35203205142,2.3728093764972438,ground_equivalent_excess_gamma_dose_rate,uSv/h,50.0,1.0,6360,0.0005064999859314412,True,,6,0.6000000000000001,0.5400000000000001,False,,0.0010121999948751181,
3307,RADIATION,RADIATION,523060.920497467,5696544.290406497,8,34,28.284271247461902,79709.63630329889,1.5107487686789525,ground_equivalent_excess_gamma_dose_rate,uSv/h,50.0,1.0,6360,0.0005392000020947307,True,,6,0.6000000000000001,0.5400000000000001,False,,0.0011309999972581863,
3308,RADIATION,RADIATION,523040.920497467,5696524.290406497,7,33,28.284271247461902,79737.92057454636,1.0347623277331635,ground_equivalent_excess_gamma_dose_rate,uSv/h,50.0,1.0,6360,0.0005396000051405281,True,,6,0.6000000000000001,0.5400000000000001,False,,0.0011457000218797475,
3309,RADIATION,RADIATION,523060.920497467,5696524.290406497,7,34,20.0,79757.92057454636,1.3106248520380246,ground_equivalent_excess_gamma_dose_rate,uSv/h,50.0,1.0,6360,0.0006598999898415059,True,,6,0.6000000000000001,0.5400000000000001,False,,0.0017777000030037016,
3310,RADIATION,RADIATION,523040.920497467,5696544.290406497,8,33,28.284271247461902,79786.20484579382,1.1556230393340077,ground_equivalent_excess_gamma_dose_rate,uSv/h,50.0,1.0,6360,0.0005487999878823757,True,,6,0.6000000000000001,0.5400000000000001,False,,0.0010179000091738999,
3311,RADIATION,RADIATION,523060.920497467,5696524.290406497,7,34,28.284271247461902,79814.48911704129,1.3106248520380246,ground_equivalent_excess_gamma_dose_rate,uSv/h,50.0,1.0,6360,0.0005649999948218465,True,,6,0.6000000000000001,0.5400000000000001,False,,0.0012247000122442842,
3312,RADIATION,RADIATION,523060.920497467,5696504.290406497,6,34,20.0,79834.48911704129,1.1159889056508872,ground_equivalent_excess_gamma_dose_rate,uSv/h,50.0,1.0,6360,0.0006604999944102019,True,,6,0.6000000000000001,0.5400000000000001,False,,0.0021795000066049397,
3313,RADIATION,RADIATION,523080.920497467,5696504.290406497,6,35,20.0,79854.48911704129,1.3799658748241814,ground_equivalent_excess_gamma_dose_rate,uSv/h,50.0,1.0,6360,0.0006037999992258847,True,,6,0.6000000000000001,0.5400000000000001,False,,0.0014754000003449619,
3314,RADIATION,RADIATION,523060.920497467,5696504.290406497,6,34,20.0,79874.48911704129,1.1159889056508872,ground_equivalent_excess_gamma_dose_rate,uSv/h,50.0,1.0,6360,0.0005372000159695745,True,,6,0.6000000000000001,0.5400000000000001,False,,0.0012006000033579767,
3315,RADIATION,RADIATION,523040.920497467,5696524.290406497,7,33,28.284271247461902,79902.77338828876,1.0347623277331635,ground_equivalent_excess_gamma_dose_rate,uSv/h,50.0,1.0,6360,0.0005487000162247568,True,,6,0.6000000000000001,0.5400000000000001,False,,0.002852400008123368,
3316,RADIATION,RADIATION,523040.920497467,5696504.290406497,6,33,20.0,79922.77338828876,0.9095234201245821,ground_equivalent_excess_gamma_dose_rate,uSv/h,50.0,1.0,6360,0.0005734000005759299,True,,6,0.6000000000000001,0.5400000000000001,False,,0.07849139999598265,
3317,RADIATION,RADIATION,523020.920497467,5696484.290406497,5,32,28.284271247461902,79951.05765953622,0.6666848980620781,ground_equivalent_excess_gamma_dose_rate,uSv/h,50.0,1.0,6360,0.0004036999889649451,True,,6,0.6000000000000001,0.5400000000000001,False,,0.0007038000039756298,
3318,RADIATION,RADIATION,523040.920497467,5696484.290406497,5,33,20.0,79971.05765953622,0.7907961916252637,ground_equivalent_excess_gamma_dose_rate,uSv/h,50.0,1.0,6360,0.0003620999923441559,True,,6,0.6000000000000001,0.5400000000000001,False,,0.0006618999759666622,
3319,RADIATION,RADIATION,523020.920497467,5696484.290406497,5,32,20.0,79991.05765953622,0.6666848980620781,ground_equivalent_excess_gamma_dose_rate,uSv/h,50.0,1.0,6360,0.0003446000046096742,True,,6,0.6000000000000001,0.5400000000000001,False,,0.0006221999938134104,
3320,RADIATION,RADIATION,523000.920497467,5696504.290406497,6,31,28.284271247461902,80019.34193078369,0.6241035453492494,ground_equivalent_excess_gamma_dose_rate,uSv/h,50.0,1.0,6360,0.0003360999980941415,True,,6,0.6000000000000001,0.5400000000000001,False,,0.0005960999988019466,
3321,RADIATION,RADIATION,523020.920497467,5696504.290406497,6,32,20.0,80039.34193078369,0.7491267623668243,ground_equivalent_excess_gamma_dose_rate,uSv/h,50.0,1.0,6360,0.0003200999926775694,True,,6,0.6000000000000001,0.5400000000000001,False,,0.0006103000196162611,
3322,RADIATION,RADIATION,523040.920497467,5696484.290406497,5,33,28.284271247461902,80067.62620203116,0.7907961916252637,ground_equivalent_excess_gamma_dose_rate,uSv/h,50.0,1.0,6360,0.0003730999887920916,True,,6,0.6000000000000001,0.5400000000000001,False,,0.0005825000116601586,
3323,RADIATION,RADIATION,523040.920497467,5696464.290406497,4,33,20.0,80087.62620203116,0.6841724780960798,ground_equivalent_excess_gamma_dose_rate,uSv/h,50.0,1.0,6360,0.0006062999891582876,True,,6,0.6000000000000001,0.5400000000000001,False,,0.0015644000086467713,
3324,RADIATION,RADIATION,523040.920497467,5696444.290406497,3,33,20.0,80107.62620203116,0.5914740824256686,ground_equivalent_excess_gamma_dose_rate,uSv/h,50.0,1.0,6360,0.0005842999962624162,True,,6,0.6000000000000001,0.5400000000000001,False,,0.0012774000060744584,
3325,RADIATION,RADIATION,523040.920497467,5696464.290406497,4,33,20.0,80127.62620203116,0.6841724780960798,ground_equivalent_excess_gamma_dose_rate,uSv/h,50.0,1.0,6360,0.00042310002027079463,True,,6,0.6000000000000001,0.5400000000000001,False,,0.001066900003934279,
3326,RADIATION,RADIATION,523040.920497467,5696444.290406497,3,33,20.0,80147.62620203116,0.5914740824256686,ground_equivalent_excess_gamma_dose_rate,uSv/h,50.0,1.0,6360,0.0006522000185213983,True,,6,0.6000000000000001,0.5400000000000001,False,,0.0012575000000651926,
3327,RADIATION,RADIATION,523060.920497467,5696444.290406497,3,34,20.0,80167.62620203116,0.6723681238606751,ground_equivalent_excess_gamma_dose_rate,uSv/h,50.0,1.0,6360,0.0010377999860793352,True,,6,0.6000000000000001,0.5400000000000001,False,,0.0011497000232338905,
3328,RADIATION,RADIATION,523060.920497467,5696464.290406497,4,34,20.0,80187.62620203116,0.794780463212212,ground_equivalent_excess_gamma_dose_rate,uSv/h,50.0,1.0,6360,0.0005764999950770289,True,,6,0.6000000000000001,0.5400000000000001,False,,0.0010183000122196972,
3329,RADIATION,RADIATION,523080.920497467,5696484.290406497,5,35,28.284271247461902,80215.91047327862,1.1239402448690567,ground_equivalent_excess_gamma_dose_rate,uSv/h,50.0,1.0,6360,0.00035600000410340726,True,,6,0.6000000000000001,0.5400000000000001,False,,0.0006750000175088644,
3330,RADIATION,RADIATION,523100.920497467,5696464.290406497,4,36,28.284271247461902,80244.19474452609,1.055533990793442,ground_equivalent_excess_gamma_dose_rate,uSv/h,50.0,1.0,6360,0.00037689998862333596,True,,6,0.6000000000000001,0.5400000000000001,False,,0.002566900016972795,
3331,RADIATION,RADIATION,523080.920497467,5696444.290406497,3,35,28.284271247461902,80272.47901577356,0.7599535798216632,ground_equivalent_excess_gamma_dose_rate,uSv/h,50.0,1.0,6360,0.00036399997770786285,True,,6,0.6000000000000001,0.5400000000000001,False,,0.0007967000128701329,
3332,RADIATION,RADIATION,523080.920497467,5696464.290406497,4,35,20.0,80292.47901577356,0.9201338275786559,ground_equivalent_excess_gamma_dose_rate,uSv/h,50.0,1.0,6360,0.0003370000049471855,True,,6,0.6000000000000001,0.5400000000000001,False,,0.0006492999964393675,
3333,RADIATION,RADIATION,523060.920497467,5696484.290406497,5,34,28.284271247461902,80320.76328702102,0.9423847890996817,ground_equivalent_excess_gamma_dose_rate,uSv/h,50.0,1.0,6360,0.0006695000047329813,True,,6,0.6000000000000001,0.5400000000000001,False,,0.0008853999897837639,
3334,RADIATION,RADIATION,523080.920497467,5696464.290406497,4,35,28.284271247461902,80349.04755826849,0.9201338275786559,ground_equivalent_excess_gamma_dose_rate,uSv/h,50.0,1.0,6360,0.0005585999751929194,True,,6,0.6000000000000001,0.5400000000000001,False,,0.0012100000167265534,
3335,RADIATION,RADIATION,523100.920497467,5696464.290406497,4,36,20.0,80369.04755826849,1.055533990793442,ground_equivalent_excess_gamma_dose_rate,uSv/h,50.0,1.0,6360,0.0005759999912697822,True,,6,0.6000000000000001,0.5400000000000001,False,,0.0012046999763697386,
3336,RADIATION,RADIATION,523100.920497467,5696444.290406497,3,36,20.0,80389.04755826849,0.8500082345515128,ground_equivalent_excess_gamma_dose_rate,uSv/h,50.0,1.0,6360,0.000506900018081069,True,,6,0.6000000000000001,0.5400000000000001,False,,0.0011795000173151493,
3337,RADIATION,RADIATION,523080.920497467,5696464.290406497,4,35,28.284271247461902,80417.33182951596,0.9201338275786559,ground_equivalent_excess_gamma_dose_rate,uSv/h,50.0,1.0,6360,0.0005144999886397272,True,,6,0.6000000000000001,0.5400000000000001,False,,0.0007264000014401972,
3338,RADIATION,RADIATION,523060.920497467,5696484.290406497,5,34,28.284271247461902,80445.61610076342,0.9423847890996817,ground_equivalent_excess_gamma_dose_rate,uSv/h,50.0,1.0,6360,0.00046789998305030167,True,,6,0.6000000000000001,0.5400000000000001,False,,0.0016753000090830028,
3339,RADIATION,RADIATION,523080.920497467,5696464.290406497,4,35,28.284271247461902,80473.90037201089,0.9201338275786559,ground_equivalent_excess_gamma_dose_rate,uSv/h,50.0,1.0,6360,0.00042260001646354795,True,,6,0.6000000000000001,0.5400000000000001,False,,0.000762699986808002,
3340,RADIATION,RADIATION,523060.920497467,5696464.290406497,4,34,20.0,80493.90037201089,0.794780463212212,ground_equivalent_excess_gamma_dose_rate,uSv/h,50.0,1.0,6360,0.0006579000037163496,True,,6,0.6000000000000001,0.5400000000000001,False,,0.0011436000058893114,
3341,RADIATION,RADIATION,523080.920497467,5696444.290406497,3,35,28.284271247461902,80522.18464325836,0.7599535798216632,ground_equivalent_excess_gamma_dose_rate,uSv/h,50.0,1.0,6360,0.000690099986968562,True,,6,0.6000000000000001,0.5400000000000001,False,,0.001151899981778115,
3342,RADIATION,RADIATION,523060.920497467,5696424.290406497,2,34,28.284271247461902,80550.46891450582,0.5719672286242985,ground_equivalent_excess_gamma_dose_rate,uSv/h,50.0,1.0,6360,0.0005899000097997487,True,,6,0.6000000000000001,0.5400000000000001,False,,0.0013295999960973859,
3343,RADIATION,NORMAL,523060.920497467,5696404.290406497,1,34,20.0,80570.46891450582,0.48985430156808835,ground_equivalent_excess_gamma_dose_rate,uSv/h,50.0,1.0,5680,0.0005837000207975507,False,exit,6,0.6000000000000001,0.5400000000000001,False,hazard_exit_threshold,0.0011040999961551279,0.09624139999505132
3344,NORMAL,NORMAL,523080.920497467,5696424.290406497,2,35,28.284271247461902,80598.75318575329,0.6341390289705549,ground_equivalent_excess_gamma_dose_rate,uSv/h,50.0,1.0,6360,0.0005564000166486949,False,,7,0.7000000000000001,0.6300000000000001,False,,,
3345,NORMAL,NORMAL,523060.920497467,5696424.290406497,2,34,20.0,80618.75318575329,0.5719672286242985,ground_equivalent_excess_gamma_dose_rate,uSv/h,50.0,1.0,6360,0.0006336999940685928,False,,7,0.7000000000000001,0.6300000000000001,False,,,
3346,NORMAL,NORMAL,523060.920497467,5696404.290406497,1,34,20.0,80638.75318575329,0.48985430156808835,ground_equivalent_excess_gamma_dose_rate,uSv/h,50.0,1.0,5680,0.000673100003041327,False,,7,0.7000000000000001,0.6300000000000001,False,,,
3347,NORMAL,NORMAL,523040.920497467,5696384.290406497,0,33,28.284271247461902,80667.03745700076,0.3891193814500839,ground_equivalent_excess_gamma_dose_rate,uSv/h,50.0,1.0,4095,0.0004838000168092549,False,,7,0.7000000000000001,0.6300000000000001,False,,,
3348,NORMAL,NORMAL,523060.920497467,5696384.290406497,0,34,20.0,80687.03745700076,0.4225659075180139,ground_equivalent_excess_gamma_dose_rate,uSv/h,50.0,1.0,4095,0.0005450999888125807,False,,7,0.7000000000000001,0.6300000000000001,False,,,
3349,NORMAL,NORMAL,523080.920497467,5696404.290406497,1,35,28.284271247461902,80715.32172824822,0.5347557333654092,ground_equivalent_excess_gamma_dose_rate,uSv/h,50.0,1.0,5680,0.0005221000174060464,False,,7,0.7000000000000001,0.6300000000000001,False,,,
3350,NORMAL,NORMAL,523100.920497467,5696404.290406497,1,36,20.0,80735.32172824822,0.5778336022717077,ground_equivalent_excess_gamma_dose_rate,uSv/h,50.0,1.0,5680,0.0005126000032760203,False,,7,0.7000000000000001,0.6300000000000001,False,,,
3351,NORMAL,RADIATION,523120.920497467,5696424.290406497,2,37,28.284271247461902,80763.60599949569,0.7518118941709537,ground_equivalent_excess_gamma_dose_rate,uSv/h,50.0,1.0,6360,0.0006313000048976392,True,enter,7,0.7000000000000001,0.6300000000000001,True,hazard_enter_threshold,,
3352,RADIATION,NORMAL,523100.920497467,5696404.290406497,1,36,28.284271247461902,80791.89027074316,0.5778336022717077,ground_equivalent_excess_gamma_dose_rate,uSv/h,50.0,1.0,5680,0.0003536999865900725,False,exit,7,0.7000000000000001,0.6300000000000001,False,hazard_exit_threshold,0.0012903000169899315,0.09227769999415614
3353,NORMAL,NORMAL,523120.920497467,5696424.290406497,2,37,28.284271247461902,80820.17454199062,0.7518118941709537,ground_equivalent_excess_gamma_dose_rate,uSv/h,50.0,1.0,6360,0.0008525000012014061,False,,8,0.8,0.7200000000000001,False,,,
3354,NORMAL,RADIATION,523100.920497467,5696444.290406497,3,36,28.284271247461902,80848.45881323809,0.8500082345515128,ground_equivalent_excess_gamma_dose_rate,uSv/h,50.0,1.0,6360,0.0006135999865364283,True,enter,8,0.8,0.7200000000000001,True,hazard_enter_threshold,,
3355,RADIATION,RADIATION,523120.920497467,5696444.290406497,3,37,20.0,80868.45881323809,0.9354112242686794,ground_equivalent_excess_gamma_dose_rate,uSv/h,50.0,1.0,6360,0.0005424999981187284,True,,8,0.8,0.7200000000000001,False,,0.0010209000029135495,
3356,RADIATION,RADIATION,523140.920497467,5696444.290406497,3,38,20.0,80888.45881323809,1.0064028544688308,ground_equivalent_excess_gamma_dose_rate,uSv/h,50.0,1.0,6360,0.0006388000037986785,True,,8,0.8,0.7200000000000001,False,,0.001060199982021004,
3357,RADIATION,RADIATION,523140.920497467,5696464.290406497,4,38,20.0,80908.45881323809,1.3079307610700235,ground_equivalent_excess_gamma_dose_rate,uSv/h,50.0,1.0,6360,0.0004140000091865659,True,,8,0.8,0.7200000000000001,False,,0.0009415000095032156,
3358,RADIATION,RADIATION,523120.920497467,5696484.290406497,5,37,28.284271247461902,80936.74308448556,1.5554380536057237,ground_equivalent_excess_gamma_dose_rate,uSv/h,50.0,1.0,6360,0.00048010001773945987,True,,8,0.8,0.7200000000000001,False,,0.00090970000019297,
3359,RADIATION,RADIATION,523140.920497467,5696464.290406497,4,38,28.284271247461902,80965.02735573302,1.3079307610700235,ground_equivalent_excess_gamma_dose_rate,uSv/h,50.0,1.0,6360,0.000378400000045076,True,,8,0.8,0.7200000000000001,False,,0.0007768000068608671,
3360,RADIATION,RADIATION,523120.920497467,5696484.290406497,5,37,28.284271247461902,80993.31162698049,1.5554380536057237,ground_equivalent_excess_gamma_dose_rate,uSv/h,50.0,1.0,6360,0.00036750000435858965,True,,8,0.8,0.7200000000000001,False,,0.0007375999994110316,
3361,RADIATION,RADIATION,523140.920497467,5696484.290406497,5,38,20.0,81013.31162698049,1.7621299041204992,ground_equivalent_excess_gamma_dose_rate,uSv/h,50.0,1.0,6360,0.0005541999998968095,True,,8,0.8,0.7200000000000001,False,,0.0011752999853342772,
3362,RADIATION,RADIATION,523140.920497467,5696464.290406497,4,38,20.0,81033.31162698049,1.3079307610700235,ground_equivalent_excess_gamma_dose_rate,uSv/h,50.0,1.0,6360,0.0003530000103637576,True,,8,0.8,0.7200000000000001,False,,0.0008853999897837639,
3363,RADIATION,RADIATION,523160.920497467,5696464.290406497,4,39,20.0,81053.31162698049,1.3866628880355076,ground_equivalent_excess_gamma_dose_rate,uSv/h,50.0,1.0,6360,0.0005942999850958586,True,,8,0.8,0.7200000000000001,False,,0.0012227999977767467,
3364,RADIATION,RADIATION,523180.920497467,5696464.290406497,4,40,20.0,81073.31162698049,1.408956427525406,ground_equivalent_excess_gamma_dose_rate,uSv/h,50.0,1.0,6360,0.0004527999844867736,True,,8,0.8,0.7200000000000001,False,,0.0007004000071901828,
3365,RADIATION,RADIATION,523200.920497467,5696484.290406497,5,41,28.284271247461902,81101.59589822796,1.8752469943270922,ground_equivalent_excess_gamma_dose_rate,uSv/h,50.0,1.0,6360,0.0005712000129278749,True,,8,0.8,0.7200000000000001,False,,0.0027419999823905528,
3366,RADIATION,RADIATION,523220.920497467,5696484.290406497,5,42,20.0,81121.59589822796,1.7069144825309215,ground_equivalent_excess_gamma_dose_rate,uSv/h,50.0,1.0,6360,0.0005705000075977296,True,,8,0.8,0.7200000000000001,False,,0.0011568999907467514,
3367,RADIATION,RADIATION,523220.920497467,5696464.290406497,4,42,20.0,81141.59589822796,1.277263432892679,ground_equivalent_excess_gamma_dose_rate,uSv/h,50.0,1.0,6360,0.00040499999886378646,True,,8,0.8,0.7200000000000001,False,,0.0007375999994110316,
3368,RADIATION,RADIATION,523240.920497467,5696484.290406497,5,43,28.284271247461902,81169.88016947542,1.4915538304067613,ground_equivalent_excess_gamma_dose_rate,uSv/h,50.0,1.0,6360,0.0005136000108905137,True,,8,0.8,0.7200000000000001,False,,0.0006534999993164092,
3369,RADIATION,RADIATION,523260.920497467,5696484.290406497,5,44,20.0,81189.88016947542,1.2705977849944752,ground_equivalent_excess_gamma_dose_rate,uSv/h,50.0,1.0,6360,0.0003564000071492046,True,,8,0.8,0.7200000000000001,False,,0.0009138000023085624,
3370,RADIATION,RADIATION,523280.920497467,5696464.290406497,4,45,28.284271247461902,81218.16444072289,0.8828526238855658,ground_equivalent_excess_gamma_dose_rate,uSv/h,50.0,1.0,6360,0.00039160001324489713,True,,8,0.8,0.7200000000000001,False,,0.000694699992891401,
3371,RADIATION,RADIATION,523300.920497467,5696484.290406497,5,46,28.284271247461902,81246.44871197036,0.895888917386491,ground_equivalent_excess_gamma_dose_rate,uSv/h,50.0,1.0,6360,0.0003939000016544014,True,,8,0.8,0.7200000000000001,False,,0.0006310000026132911,
3372,RADIATION,RADIATION,523280.920497467,5696484.290406497,5,45,20.0,81266.44871197036,1.0688094536628046,ground_equivalent_excess_gamma_dose_rate,uSv/h,50.0,1.0,6360,0.00041749997762963176,True,,8,0.8,0.7200000000000001,False,,0.00047129997983574867,
3373,RADIATION,RADIATION,523260.920497467,5696484.290406497,5,44,20.0,81286.44871197036,1.2705977849944752,ground_equivalent_excess_gamma_dose_rate,uSv/h,50.0,1.0,6360,0.0005756000173278153,True,,8,0.8,0.7200000000000001,False,,0.0007411000260617584,
3374,RADIATION,RADIATION,523260.920497467,5696504.290406497,6,44,20.0,81306.44871197036,1.6078211969095697,ground_equivalent_excess_gamma_dose_rate,uSv/h,50.0,1.0,6360,0.0005873999907635152,True,,8,0.8,0.7200000000000001,False,,0.0010919000196736306,
3375,RADIATION,RADIATION,523260.920497467,5696524.290406497,7,44,20.0,81326.44871197036,2.0454570444701745,ground_equivalent_excess_gamma_dose_rate,uSv/h,50.0,1.0,6360,0.0003759999817702919,True,,8,0.8,0.7200000000000001,False,,0.0007781999884173274,
3376,RADIATION,RADIATION,523280.920497467,5696524.290406497,7,45,20.0,81346.44871197036,1.5686824798731989,ground_equivalent_excess_gamma_dose_rate,uSv/h,50.0,1.0,6360,0.0005591000081039965,True,,8,0.8,0.7200000000000001,False,,0.0006492999964393675,
3377,RADIATION,RADIATION,523300.920497467,5696504.290406497,6,46,28.284271247461902,81374.73298321782,1.0513717070894202,ground_equivalent_excess_gamma_dose_rate,uSv/h,50.0,1.0,6360,0.000374399998690933,True,,8,0.8,0.7200000000000001,False,,0.0008577999833505601,
3378,RADIATION,RADIATION,523320.920497467,5696524.290406497,7,47,28.284271247461902,81403.01725446529,0.9702555293095685,ground_equivalent_excess_gamma_dose_rate,uSv/h,50.0,1.0,6360,0.0005816999764647335,True,,8,0.8,0.7200000000000001,False,,0.000658600009046495,
3379,RADIATION,NORMAL,523340.920497467,5696504.290406497,6,48,28.284271247461902,81431.30152571276,0.7100673627918794,ground_equivalent_excess_gamma_dose_rate,uSv/h,50.0,1.0,6360,0.0005842999962624162,False,exit,8,0.8,0.7200000000000001,False,hazard_exit_threshold,0.0010399000020697713,0.07617539999773726
3380,NORMAL,NORMAL,523320.920497467,5696504.290406497,6,47,20.0,81451.30152571276,0.8593075200730382,ground_equivalent_excess_gamma_dose_rate,uSv/h,50.0,1.0,6360,0.0005084000003989786,False,,9,0.9,0.81,False,,,
3381,NORMAL,RADIATION,523320.920497467,5696524.290406497,7,47,20.0,81471.30152571276,0.9702555293095685,ground_equivalent_excess_gamma_dose_rate,uSv/h,50.0,1.0,6360,0.0006071000243537128,True,enter,9,0.9,0.81,True,hazard_enter_threshold,,
3382,RADIATION,RADIATION,523300.920497467,5696504.290406497,6,46,28.284271247461902,81499.58579696022,1.0513717070894202,ground_equivalent_excess_gamma_dose_rate,uSv/h,50.0,1.0,6360,0.0005947000172454864,True,,9,0.9,0.81,False,,0.0011468000011518598,
3383,RADIATION,RADIATION,523280.920497467,5696524.290406497,7,45,28.284271247461902,81527.87006820769,1.5686824798731989,ground_equivalent_excess_gamma_dose_rate,uSv/h,50.0,1.0,6360,0.0007174000202212483,True,,9,0.9,0.81,False,,0.0011926000006496906,
3384,RADIATION,RADIATION,523300.920497467,5696504.290406497,6,46,28.284271247461902,81556.15433945516,1.0513717070894202,ground_equivalent_excess_gamma_dose_rate,uSv/h,50.0,1.0,6360,0.0005708999815396965,True,,9,0.9,0.81,False,,0.0011833000171463937,
3385,RADIATION,RADIATION,523280.920497467,5696484.290406497,5,45,28.284271247461902,81584.43861070262,1.0688094536628046,ground_equivalent_excess_gamma_dose_rate,uSv/h,50.0,1.0,6360,0.0004914000164717436,True,,9,0.9,0.81,False,,0.0010523999808356166,
3386,RADIATION,RADIATION,523280.920497467,5696464.290406497,4,45,20.0,81604.43861070262,0.8828526238855658,ground_equivalent_excess_gamma_dose_rate,uSv/h,50.0,1.0,6360,0.00045449999743141234,True,,9,0.9,0.81,False,,0.0006541000038851053,
3387,RADIATION,RADIATION,523260.920497467,5696464.290406497,4,44,20.0,81624.43861070262,1.0161542751875954,ground_equivalent_excess_gamma_dose_rate,uSv/h,50.0,1.0,6360,0.0005723999929614365,True,,9,0.9,0.81,False,,0.0004023000074084848,
3388,RADIATION,RADIATION,523280.920497467,5696484.290406497,5,45,28.284271247461902,81652.72288195009,1.0688094536628046,ground_equivalent_excess_gamma_dose_rate,uSv/h,50.0,1.0,6360,0.0004403000057209283,True,,9,0.9,0.81,False,,0.000895500008482486,
3389,RADIATION,RADIATION,523280.920497467,5696504.290406497,6,45,20.0,81672.72288195009,1.2977759140748593,ground_equivalent_excess_gamma_dose_rate,uSv/h,50.0,1.0,6360,0.00035689998185262084,True,,9,0.9,0.81,False,,0.0006469000072684139,
3390,RADIATION,RADIATION,523260.920497467,5696484.290406497,5,44,28.284271247461902,81701.00715319756,1.2705977849944752,ground_equivalent_excess_gamma_dose_rate,uSv/h,50.0,1.0,6360,0.0005774000019300729,True,,9,0.9,0.81,False,,0.0008237999863922596,
3391,RADIATION,RADIATION,523240.920497467,5696504.290406497,6,43,28.284271247461902,81729.29142444502,1.9787468281910752,ground_equivalent_excess_gamma_dose_rate,uSv/h,50.0,1.0,6360,0.0003656999906525016,True,,9,0.9,0.81,False,,0.0009341000113636255,
3392,RADIATION,RADIATION,523220.920497467,5696524.290406497,7,42,28.284271247461902,81757.57569569249,3.475726896795225,ground_equivalent_excess_gamma_dose_rate,uSv/h,50.0,1.0,6360,0.0008856999920681119,True,,9,0.9,0.81,False,,0.0008325999951921403,
3393,RADIATION,RADIATION,523240.920497467,5696524.290406497,7,43,20.0,81777.57569569249,2.6860135099205578,ground_equivalent_excess_gamma_dose_rate,uSv/h,50.0,1.0,6360,0.0005411000165622681,True,,9,0.9,0.81,False,,0.0010119000216946006,
3394,RADIATION,RADIATION,523260.920497467,5696524.290406497,7,44,20.0,81797.57569569249,2.0454570444701745,ground_equivalent_excess_gamma_dose_rate,uSv/h,50.0,1.0,6360,0.00039170001400634646,True,,9,0.9,0.81,False,,0.0007377000001724809,
3395,RADIATION,RADIATION,523280.920497467,5696544.290406497,8,45,28.284271247461902,81825.85996693996,1.8642587644978537,ground_equivalent_excess_gamma_dose_rate,uSv/h,50.0,1.0,6360,0.00038800001493655145,True,,9,0.9,0.81,False,,0.0011309000256005675,
3396,RADIATION,RADIATION,523300.920497467,5696544.290406497,8,46,20.0,81845.85996693996,1.3947087630653763,ground_equivalent_excess_gamma_dose_rate,uSv/h,50.0,1.0,6360,0.0003381999849807471,True,,9,0.9,0.81,False,,0.0006373999931383878,
3397,RADIATION,RADIATION,523280.920497467,5696564.290406497,9,45,28.284271247461902,81874.14423818742,2.1397935398158454,ground_equivalent_excess_gamma_dose_rate,uSv/h,50.0,1.0,6360,0.0005943999858573079,True,,9,0.9,0.81,False,,0.0006198000046424568,
3398,RADIATION,RADIATION,523300.920497467,5696564.290406497,9,46,20.0,81894.14423818742,1.5433905302601891,ground_equivalent_excess_gamma_dose_rate,uSv/h,50.0,1.0,6360,0.0004178000090178102,True,,9,0.9,0.81,False,,0.00134529999922961,
3399,RADIATION,RADIATION,523280.920497467,5696564.290406497,9,45,20.0,81914.14423818742,2.1397935398158454,ground_equivalent_excess_gamma_dose_rate,uSv/h,50.0,1.0,6360,0.000605799985351041,True,,9,0.9,0.81,False,,0.0007317999843508005,
3400,RADIATION,RADIATION,523300.920497467,5696584.290406497,10,46,28.284271247461902,81942.42850943489,1.6370557748225076,ground_equivalent_excess_gamma_dose_rate,uSv/h,50.0,1.0,6360,0.0003704999980982393,True,,9,0.9,0.81,False,,0.0008758000039961189,
3401,RADIATION,RADIATION,523280.920497467,5696584.290406497,10,45,20.0,81962.42850943489,2.3241577596194034,ground_equivalent_excess_gamma_dose_rate,uSv/h,50.0,1.0,6360,0.0010063000081572682,True,,9,0.9,0.81,False,,0.0007044000085443258,
3402,RADIATION,RADIATION,523280.920497467,5696604.290406497,11,45,20.0,81982.42850943489,2.3518788111532745,ground_equivalent_excess_gamma_dose_rate,uSv/h,50.0,1.0,6360,0.0004030000127386302,True,,9,0.9,0.81,False,,0.0009494000114500523,
3403,RADIATION,RADIATION,523300.920497467,5696604.290406497,11,46,20.0,82002.42850943489,1.6507607027129945,ground_equivalent_excess_gamma_dose_rate,uSv/h,50.0,1.0,6360,0.0006022000161465257,True,,9,0.9,0.81,False,,0.000838699983432889,
3404,RADIATION,RADIATION,523280.920497467,5696624.290406497,12,45,28.284271247461902,82030.71278068236,2.2117994302900397,ground_equivalent_excess_gamma_dose_rate,uSv/h,50.0,1.0,6360,0.00044299999717622995,True,,9,0.9,0.81,False,,0.001105000003008172,
3405,RADIATION,RADIATION,523280.920497467,5696644.290406497,13,45,20.0,82050.71278068236,1.9567589678916975,ground_equivalent_excess_gamma_dose_rate,uSv/h,50.0,1.0,6360,0.0003699999942909926,True,,9,0.9,0.81,False,,0.0007684000011067837,
3406,RADIATION,RADIATION,523260.920497467,5696664.290406497,14,44,28.284271247461902,82078.99705192982,2.2056145032989685,ground_equivalent_excess_gamma_dose_rate,uSv/h,50.0,1.0,6360,0.00047619998804293573,True,,9,0.9,0.81,False,,0.0008951000054366887,
3407,RADIATION,RADIATION,523280.920497467,5696664.290406497,14,45,20.0,82098.99705192982,1.661191017824173,ground_equivalent_excess_gamma_dose_rate,uSv/h,50.0,1.0,6360,0.0003443000023253262,True,,9,0.9,0.81,False,,0.000680800003465265,
3408,RADIATION,RADIATION,523300.920497467,5696664.290406497,14,46,20.0,82118.99705192982,1.2778457339681961,ground_equivalent_excess_gamma_dose_rate,uSv/h,50.0,1.0,6360,0.0003760000108741224,True,,9,0.9,0.81,False,,0.0006096000142861158,
3409,RADIATION,RADIATION,523320.920497467,5696664.290406497,14,47,20.0,82138.99705192982,1.004867153028923,ground_equivalent_excess_gamma_dose_rate,uSv/h,50.0,1.0,6360,0.0006557999877259135,True,,9,0.9,0.81,False,,0.0013933999871369451,
3410,RADIATION,RADIATION,523340.920497467,5696644.290406497,13,48,28.284271247461902,82167.28132317729,0.8704605188967653,ground_equivalent_excess_gamma_dose_rate,uSv/h,50.0,1.0,6360,0.0005561000143643469,True,,9,0.9,0.81,False,,0.001299499999731779,
3411,RADIATION,RADIATION,523320.920497467,5696664.290406497,14,47,28.284271247461902,82195.56559442476,1.004867153028923,ground_equivalent_excess_gamma_dose_rate,uSv/h,50.0,1.0,6360,0.0003701999958138913,True,,9,0.9,0.81,False,,0.0008913000056054443,
3412,RADIATION,NORMAL,523340.920497467,5696684.290406497,15,48,28.284271247461902,82223.84986567222,0.7338510473476878,ground_equivalent_excess_gamma_dose_rate,uSv/h,50.0,1.0,6360,0.0006502000032924116,False,exit,9,0.9,0.81,False,hazard_exit_threshold,0.0007437999884132296,0.10405419999733567
3413,NORMAL,NORMAL,523320.920497467,5696704.290406497,16,47,28.284271247461902,82252.13413691969,0.7855375675956431,ground_equivalent_excess_gamma_dose_rate,uSv/h,50.0,1.0,6360,0.000842099980218336,False,,10,1.0,0.9,False,,,
3414,NORMAL,NORMAL,523320.920497467,5696724.290406497,17,47,20.0,82272.13413691969,0.6849586348726333,ground_equivalent_excess_gamma_dose_rate,uSv/h,50.0,1.0,6360,0.0005688000237569213,False,,10,1.0,0.9,False,,,
3415,NORMAL,NORMAL,523320.920497467,5696744.290406497,18,47,20.0,82292.13413691969,0.5956384631597182,ground_equivalent_excess_gamma_dose_rate,uSv/h,50.0,1.0,6360,0.0005164000031072646,False,,10,1.0,0.9,False,,,
3416,NORMAL,NORMAL,523340.920497467,5696724.290406497,17,48,28.284271247461902,82320.41840816716,0.5866714622192402,ground_equivalent_excess_gamma_dose_rate,uSv/h,50.0,1.0,6360,0.0004916999896522611,False,,10,1.0,0.9,False,,,
3417,NORMAL,NORMAL,523320.920497467,5696704.290406497,16,47,28.284271247461902,82348.70267941462,0.7855375675956431,ground_equivalent_excess_gamma_dose_rate,uSv/h,50.0,1.0,6360,0.0005082999996375293,False,,10,1.0,0.9,False,,,
3418,NORMAL,NORMAL,523340.920497467,5696684.290406497,15,48,28.284271247461902,82376.98695066209,0.7338510473476878,ground_equivalent_excess_gamma_dose_rate,uSv/h,50.0,1.0,6360,0.00068299999111332,False,,10,1.0,0.9,False,,,
3419,NORMAL,NORMAL,523340.920497467,5696704.290406497,16,48,20.0,82396.98695066209,0.6589338858232481,ground_equivalent_excess_gamma_dose_rate,uSv/h,50.0,1.0,6360,0.0004555000050459057,False,,10,1.0,0.9,False,,,
3420,NORMAL,NORMAL,523340.920497467,5696724.290406497,17,48,20.0,82416.98695066209,0.5866714622192402,ground_equivalent_excess_gamma_dose_rate,uSv/h,50.0,1.0,6360,0.0004529000143520534,False,,10,1.0,0.9,False,,,
3421,NORMAL,NORMAL,523360.920497467,5696724.290406497,17,49,20.0,82436.98695066209,0.5047647606754782,ground_equivalent_excess_gamma_dose_rate,uSv/h,50.0,1.0,6360,0.00046800001291558146,False,,10,1.0,0.9,False,,,
3422,NORMAL,NORMAL,523360.920497467,5696744.290406497,18,49,20.0,82456.98695066209,0.4545352375574287,ground_equivalent_excess_gamma_dose_rate,uSv/h,50.0,1.0,6360,0.0004884999943897128,False,,10,1.0,0.9,False,,,
3423,NORMAL,NORMAL,523340.920497467,5696724.290406497,17,48,28.284271247461902,82485.27122190956,0.5866714622192402,ground_equivalent_excess_gamma_dose_rate,uSv/h,50.0,1.0,6360,0.0006769000028725713,False,,10,1.0,0.9,False,,,
3424,NORMAL,NORMAL,523320.920497467,5696744.290406497,18,47,28.284271247461902,82513.55549315702,0.5956384631597182,ground_equivalent_excess_gamma_dose_rate,uSv/h,50.0,1.0,6360,0.000460899987956509,False,,10,1.0,0.9,False,,,
3425,NORMAL,NORMAL,523300.920497467,5696764.290406497,19,46,28.284271247461902,82541.83976440449,0.5823399580991662,ground_equivalent_excess_gamma_dose_rate,uSv/h,50.0,1.0,6360,0.0004591000033542514,False,,10,1.0,0.9,False,,,
3426,NORMAL,NORMAL,523320.920497467,5696764.290406497,19,47,20.0,82561.83976440449,0.5181885889043931,ground_equivalent_excess_gamma_dose_rate,uSv/h,50.0,1.0,6360,0.00046590002602897584,False,,10,1.0,0.9,False,,,
3427,NORMAL,NORMAL,523300.920497467,5696784.290406497,20,46,28.284271247461902,82590.12403565196,0.4999653559311838,ground_equivalent_excess_gamma_dose_rate,uSv/h,50.0,1.0,6360,0.0004600000102072954,False,,10,1.0,0.9,False,,,
3428,NORMAL,NORMAL,523280.920497467,5696784.290406497,20,45,20.0,82610.12403565196,0.549586665527731,ground_equivalent_excess_gamma_dose_rate,uSv/h,50.0,1.0,6360,0.0004771999956574291,False,,10,1.0,0.9,False,,,
3429,NORMAL,NORMAL,523300.920497467,5696784.290406497,20,46,20.0,82630.12403565196,0.4999653559311838,ground_equivalent_excess_gamma_dose_rate,uSv/h,50.0,1.0,6360,0.0004813999985344708,False,,10,1.0,0.9,False,,,
3430,NORMAL,NORMAL,523320.920497467,5696784.290406497,20,47,20.0,82650.12403565196,0.45193084337130257,ground_equivalent_excess_gamma_dose_rate,uSv/h,50.0,1.0,6360,0.0004490000137593597,False,,10,1.0,0.9,False,,,
3431,NORMAL,NORMAL,523320.920497467,5696804.290406497,21,47,20.0,82670.12403565196,0.395623374341115,ground_equivalent_excess_gamma_dose_rate,uSv/h,50.0,1.0,6360,0.0004996999923605472,False,,10,1.0,0.9,False,,,
3432,NORMAL,NORMAL,523320.920497467,5696784.290406497,20,47,20.0,82690.12403565196,0.45193084337130257,ground_equivalent_excess_gamma_dose_rate,uSv/h,50.0,1.0,6360,0.00045110000064596534,False,,10,1.0,0.9,False,,,
3433,NORMAL,NORMAL,523340.920497467,5696764.290406497,19,48,28.284271247461902,82718.40830689942,0.4598993749675448,ground_equivalent_excess_gamma_dose_rate,uSv/h,50.0,1.0,6360,0.0005216999852564186,False,,10,1.0,0.9,False,,,
3434,NORMAL,NORMAL,523320.920497467,5696764.290406497,19,47,20.0,82738.40830689942,0.5181885889043931,ground_equivalent_excess_gamma_dose_rate,uSv/h,50.0,1.0,6360,0.0004901000065729022,False,,10,1.0,0.9,False,,,
3435,NORMAL,NORMAL,523320.920497467,5696744.290406497,18,47,20.0,82758.40830689942,0.5956384631597182,ground_equivalent_excess_gamma_dose_rate,uSv/h,50.0,1.0,6360,0.0006195000023581088,False,,10,1.0,0.9,False,,,
3436,NORMAL,NORMAL,523340.920497467,5696724.290406497,17,48,28.284271247461902,82786.69257814689,0.5866714622192402,ground_equivalent_excess_gamma_dose_rate,uSv/h,50.0,1.0,6360,0.0004534000181593001,False,,10,1.0,0.9,False,,,
3437,NORMAL,NORMAL,523360.920497467,5696704.290406497,16,49,28.284271247461902,82814.97684939436,0.5573538635320445,ground_equivalent_excess_gamma_dose_rate,uSv/h,50.0,1.0,6360,0.0004724999889731407,False,,10,1.0,0.9,False,,,
3438,NORMAL,NORMAL,523380.920497467,5696684.290406497,15,50,28.284271247461902,82843.26112064182,0.5133857527321737,ground_equivalent_excess_gamma_dose_rate,uSv/h,50.0,1.0,6360,0.00045419999514706433,False,,10,1.0,0.9,False,,,
3439,NORMAL,NORMAL,523360.920497467,5696684.290406497,15,49,20.0,82863.26112064182,0.6100299799881754,ground_equivalent_excess_gamma_dose_rate,uSv/h,50.0,1.0,6360,0.0005429000011645257,False,,10,1.0,0.9,False,,,
3440,NORMAL,NORMAL,523380.920497467,5696684.290406497,15,50,20.0,82883.26112064182,0.5133857527321737,ground_equivalent_excess_gamma_dose_rate,uSv/h,50.0,1.0,6360,0.000453799992101267,False,,10,1.0,0.9,False,,,
3441,NORMAL,NORMAL,523360.920497467,5696704.290406497,16,49,28.284271247461902,82911.54539188929,0.5573538635320445,ground_equivalent_excess_gamma_dose_rate,uSv/h,50.0,1.0,6360,0.0004665000014938414,False,,10,1.0,0.9,False,,,
3442,NORMAL,NORMAL,523380.920497467,5696684.290406497,15,50,28.284271247461902,82939.82966313676,0.5133857527321737,ground_equivalent_excess_gamma_dose_rate,uSv/h,50.0,1.0,6360,0.00044109998270869255,False,,10,1.0,0.9,False,,,
3443,NORMAL,NORMAL,523380.920497467,5696704.290406497,16,50,20.0,82959.82966313676,0.47556055624576926,ground_equivalent_excess_gamma_dose_rate,uSv/h,50.0,1.0,6360,0.0004419999895617366,False,,10,1.0,0.9,False,,,
3444,NORMAL,NORMAL,523360.920497467,5696704.290406497,16,49,20.0,82979.82966313676,0.5573538635320445,ground_equivalent_excess_gamma_dose_rate,uSv/h,50.0,1.0,6360,0.0004327000060584396,False,,10,1.0,0.9,False,,,
3445,NORMAL,NORMAL,523340.920497467,5696724.290406497,17,48,28.284271247461902,83008.11393438422,0.5866714622192402,ground_equivalent_excess_gamma_dose_rate,uSv/h,50.0,1.0,6360,0.00046090001706033945,False,,10,1.0,0.9,False,,,
3446,NORMAL,NORMAL,523320.920497467,5696704.290406497,16,47,28.284271247461902,83036.39820563169,0.7855375675956431,ground_equivalent_excess_gamma_dose_rate,uSv/h,50.0,1.0,6360,0.0004495000175666064,False,,10,1.0,0.9,False,,,
3447,NORMAL,NORMAL,523320.920497467,5696684.290406497,15,47,20.0,83056.39820563169,0.8943863787916779,ground_equivalent_excess_gamma_dose_rate,uSv/h,50.0,1.0,6360,0.0004408999811857939,False,,10,1.0,0.9,False,,,
3448,NORMAL,RADIATION,523300.920497467,5696684.290406497,15,46,20.0,83076.39820563169,1.1043675224657465,ground_equivalent_excess_gamma_dose_rate,uSv/h,50.0,1.0,6360,0.000470799976028502,True,enter,10,1.0,0.9,True,hazard_enter_threshold,,
3449,RADIATION,RADIATION,523280.920497467,5696684.290406497,15,45,20.0,83096.39820563169,1.37948860114772,ground_equivalent_excess_gamma_dose_rate,uSv/h,50.0,1.0,6360,0.0007576000061817467,True,,10,1.0,0.9,False,,0.0010710000060498714,
3450,RADIATION,RADIATION,523300.920497467,5696684.290406497,15,46,20.0,83116.39820563169,1.1043675224657465,ground_equivalent_excess_gamma_dose_rate,uSv/h,50.0,1.0,6360,0.000519900000654161,True,,10,1.0,0.9,False,,0.0010726999898906797,
3451,RADIATION,NORMAL,523320.920497467,5696704.290406497,16,47,28.284271247461902,83144.68247687916,0.7855375675956431,ground_equivalent_excess_gamma_dose_rate,uSv/h,50.0,1.0,6360,0.0005104000156279653,False,exit,10,1.0,0.9,False,hazard_exit_threshold,0.0009689999860711396,0.07204110000748187
3452,NORMAL,RADIATION,523300.920497467,5696684.290406497,15,46,28.284271247461902,83172.96674812662,1.1043675224657465,ground_equivalent_excess_gamma_dose_rate,uSv/h,50.0,1.0,6360,0.0007513999880757183,True,enter,11,1.1,0.9900000000000001,True,hazard_enter_threshold,,
3453,RADIATION,RADIATION,523280.920497467,5696664.290406497,14,45,28.284271247461902,83201.25101937409,1.661191017824173,ground_equivalent_excess_gamma_dose_rate,uSv/h,50.0,1.0,6360,0.0021022000000812113,True,,11,1.1,0.9900000000000001,False,,0.0013803000038024038,
3454,RADIATION,RADIATION,523260.920497467,5696684.290406497,15,44,28.284271247461902,83229.53529062156,1.7351562599697605,ground_equivalent_excess_gamma_dose_rate,uSv/h,50.0,1.0,6360,0.000540599983651191,True,,11,1.1,0.9900000000000001,False,,0.0016909000114537776,
3455,RADIATION,RADIATION,523280.920497467,5696684.290406497,15,45,20.0,83249.53529062156,1.37948860114772,ground_equivalent_excess_gamma_dose_rate,uSv/h,50.0,1.0,6360,0.0005882000259589404,True,,11,1.1,0.9900000000000001,False,,0.0010078000195790082,
3456,RADIATION,RADIATION,523260.920497467,5696684.290406497,15,44,20.0,83269.53529062156,1.7351562599697605,ground_equivalent_excess_gamma_dose_rate,uSv/h,50.0,1.0,6360,0.0005716000159736723,True,,11,1.1,0.9900000000000001,False,,0.0011629000073298812,
3457,RADIATION,RADIATION,523280.920497467,5696704.290406497,16,45,28.284271247461902,83297.81956186902,1.1365768723173726,ground_equivalent_excess_gamma_dose_rate,uSv/h,50.0,1.0,6360,0.0005905000143684447,True,,11,1.1,0.9900000000000001,False,,0.0016439000028185546,
3458,RADIATION,RADIATION,523280.920497467,5696684.290406497,15,45,20.0,83317.81956186902,1.37948860114772,ground_equivalent_excess_gamma_dose_rate,uSv/h,50.0,1.0,6360,0.0006821999850217253,True,,11,1.1,0.9900000000000001,False,,0.0011163000017404556,
3459,RADIATION,NORMAL,523300.920497467,5696704.290406497,16,46,28.284271247461902,83346.10383311649,0.943018799899142,ground_equivalent_excess_gamma_dose_rate,uSv/h,50.0,1.0,6360,0.0008378999773412943,False,exit,11,1.1,0.9900000000000001,False,hazard_exit_threshold,0.0017685999919194728,0.10009210000862367
3460,NORMAL,NORMAL,523280.920497467,5696724.290406497,17,45,28.284271247461902,83374.38810436396,0.9374149126177547,ground_equivalent_excess_gamma_dose_rate,uSv/h,50.0,1.0,6360,0.0007171999895945191,False,,12,1.2000000000000002,1.0800000000000003,False,,,
3461,NORMAL,NORMAL,523280.920497467,5696704.290406497,16,45,20.0,83394.38810436396,1.1365768723173726,ground_equivalent_excess_gamma_dose_rate,uSv/h,50.0,1.0,6360,0.0006046000053174794,False,,12,1.2000000000000002,1.0800000000000003,False,,,
3462,NORMAL,NORMAL,523260.920497467,5696724.290406497,17,44,28.284271247461902,83422.67237561142,1.089118017459355,ground_equivalent_excess_gamma_dose_rate,uSv/h,50.0,1.0,6360,0.0006366000161506236,False,,12,1.2000000000000002,1.0800000000000003,False,,,
3463,NORMAL,NORMAL,523260.920497467,5696744.290406497,18,44,20.0,83442.67237561142,0.8794280211463128,ground_equivalent_excess_gamma_dose_rate,uSv/h,50.0,1.0,6360,0.0010649000178091228,False,,12,1.2000000000000002,1.0800000000000003,False,,,
3464,NORMAL,NORMAL,523280.920497467,5696724.290406497,17,45,28.284271247461902,83470.95664685889,0.9374149126177547,ground_equivalent_excess_gamma_dose_rate,uSv/h,50.0,1.0,6360,0.0005711000121664256,False,,12,1.2000000000000002,1.0800000000000003,False,,,
3465,NORMAL,NORMAL,523300.920497467,5696704.290406497,16,46,28.284271247461902,83499.24091810636,0.943018799899142,ground_equivalent_excess_gamma_dose_rate,uSv/h,50.0,1.0,6360,0.0006600999913644046,False,,12,1.2000000000000002,1.0800000000000003,False,,,
3466,NORMAL,NORMAL,523300.920497467,5696724.290406497,17,46,20.0,83519.24091810636,0.8016977835575159,ground_equivalent_excess_gamma_dose_rate,uSv/h,50.0,1.0,6360,0.0005575999966822565,False,,12,1.2000000000000002,1.0800000000000003,False,,,
3467,NORMAL,NORMAL,523300.920497467,5696704.290406497,16,46,20.0,83539.24091810636,0.943018799899142,ground_equivalent_excess_gamma_dose_rate,uSv/h,50.0,1.0,6360,0.0005581000004895031,False,,12,1.2000000000000002,1.0800000000000003,False,,,
3468,NORMAL,RADIATION,523280.920497467,5696684.290406497,15,45,28.284271247461902,83567.52518935382,1.37948860114772,ground_equivalent_excess_gamma_dose_rate,uSv/h,50.0,1.0,6360,0.0005413000180851668,True,enter,12,1.2000000000000002,1.0800000000000003,True,hazard_enter_threshold,,
3469,RADIATION,RADIATION,523260.920497467,5696684.290406497,15,44,20.0,83587.52518935382,1.7351562599697605,ground_equivalent_excess_gamma_dose_rate,uSv/h,50.0,1.0,6360,0.0007087000121828169,True,,12,1.2000000000000002,1.0800000000000003,False,,0.0017036999925039709,
3470,RADIATION,RADIATION,523260.920497467,5696704.290406497,16,44,20.0,83607.52518935382,1.3675296784488453,ground_equivalent_excess_gamma_dose_rate,uSv/h,50.0,1.0,6360,0.0005629000079352409,True,,12,1.2000000000000002,1.0800000000000003,False,,0.0016912000137381256,
3471,RADIATION,RADIATION,523240.920497467,5696704.290406497,16,43,20.0,83627.52518935382,1.6269257226231646,ground_equivalent_excess_gamma_dose_rate,uSv/h,50.0,1.0,6360,0.0020948000019416213,True,,12,1.2000000000000002,1.0800000000000003,False,,0.0011434000043664128,
3472,RADIATION,RADIATION,523260.920497467,5696704.290406497,16,44,20.0,83647.52518935382,1.3675296784488453,ground_equivalent_excess_gamma_dose_rate,uSv/h,50.0,1.0,6360,0.0005861000099685043,True,,12,1.2000000000000002,1.0800000000000003,False,,0.0017305999936070293,
3473,RADIATION,RADIATION,523240.920497467,5696684.290406497,15,43,28.284271247461902,83675.80946060129,2.175201018209072,ground_equivalent_excess_gamma_dose_rate,uSv/h,50.0,1.0,6360,0.000604200002271682,True,,12,1.2000000000000002,1.0800000000000003,False,,0.0011729999969247729,
3474,RADIATION,RADIATION,523260.920497467,5696664.290406497,14,44,28.284271247461902,83704.09373184876,2.2056145032989685,ground_equivalent_excess_gamma_dose_rate,uSv/h,50.0,1.0,6360,0.001035799999954179,True,,12,1.2000000000000002,1.0800000000000003,False,,0.0010913999867625535,
3475,RADIATION,RADIATION,523280.920497467,5696644.290406497,13,45,28.284271247461902,83732.37800309622,1.9567589678916975,ground_equivalent_excess_gamma_dose_rate,uSv/h,50.0,1.0,6360,0.0005711000121664256,True,,12,1.2000000000000002,1.0800000000000003,False,,0.0011646999919321388,
3476,RADIATION,RADIATION,523260.920497467,5696644.290406497,13,44,20.0,83752.37800309622,2.7589266362245493,ground_equivalent_excess_gamma_dose_rate,uSv/h,50.0,1.0,6360,0.0006061999883968383,True,,12,1.2000000000000002,1.0800000000000003,False,,0.0010957999911624938,
3477,RADIATION,RADIATION,523280.920497467,5696644.290406497,13,45,20.0,83772.37800309622,1.9567589678916975,ground_equivalent_excess_gamma_dose_rate,uSv/h,50.0,1.0,6360,0.0005585000035353005,True,,12,1.2000000000000002,1.0800000000000003,False,,0.001121900015277788,
3478,RADIATION,RADIATION,523260.920497467,5696664.290406497,14,44,28.284271247461902,83800.66227434369,2.2056145032989685,ground_equivalent_excess_gamma_dose_rate,uSv/h,50.0,1.0,6360,0.0012280000082682818,True,,12,1.2000000000000002,1.0800000000000003,False,,0.0012106999929528683,
3479,RADIATION,RADIATION,523240.920497467,5696664.290406497,14,43,20.0,83820.66227434369,2.969129594481807,ground_equivalent_excess_gamma_dose_rate,uSv/h,50.0,1.0,6360,0.0005692999984603375,True,,12,1.2000000000000002,1.0800000000000003,False,,0.001124100002925843,
3480,RADIATION,RADIATION,523240.920497467,5696644.290406497,13,43,20.0,83840.66227434369,4.067182434258541,ground_equivalent_excess_gamma_dose_rate,uSv/h,50.0,1.0,6360,0.0005830000154674053,True,,12,1.2000000000000002,1.0800000000000003,False,,0.0011598000128287822,
3481,RADIATION,RADIATION,523260.920497467,5696644.290406497,13,44,20.0,83860.66227434369,2.7589266362245493,ground_equivalent_excess_gamma_dose_rate,uSv/h,50.0,1.0,6360,0.0005577999982051551,True,,12,1.2000000000000002,1.0800000000000003,False,,0.0010802000178955495,
3482,RADIATION,RADIATION,523240.920497467,5696624.290406497,12,43,28.284271247461902,83888.94654559116,5.3492563968484435,ground_equivalent_excess_gamma_dose_rate,uSv/h,50.0,1.0,6360,0.0006001000001560897,True,,12,1.2000000000000002,1.0800000000000003,False,,0.0011285000073257834,
3483,RADIATION,RADIATION,523240.920497467,5696644.290406497,13,43,20.0,83908.94654559116,4.067182434258541,ground_equivalent_excess_gamma_dose_rate,uSv/h,50.0,1.0,6360,0.0006758000236004591,True,,12,1.2000000000000002,1.0800000000000003,False,,0.001253599999472499,
3484,RADIATION,RADIATION,523240.920497467,5696664.290406497,14,43,20.0,83928.94654559116,2.969129594481807,ground_equivalent_excess_gamma_dose_rate,uSv/h,50.0,1.0,6360,0.0005715000152122229,True,,12,1.2000000000000002,1.0800000000000003,False,,0.0010751000081654638,
3485,RADIATION,RADIATION,523240.920497467,5696644.290406497,13,43,20.0,83948.94654559116,4.067182434258541,ground_equivalent_excess_gamma_dose_rate,uSv/h,50.0,1.0,6360,0.0005594999820459634,True,,12,1.2000000000000002,1.0800000000000003,False,,0.0018569999956525862,
3486,RADIATION,RADIATION,523260.920497467,5696624.290406497,12,44,28.284271247461902,83977.23081683862,3.2945540573843934,ground_equivalent_excess_gamma_dose_rate,uSv/h,50.0,1.0,6360,0.0006266000273171812,True,,12,1.2000000000000002,1.0800000000000003,False,,0.0010764000180643052,
3487,RADIATION,RADIATION,523240.920497467,5696604.290406497,11,43,28.284271247461902,84005.51508808609,6.249481050719989,ground_equivalent_excess_gamma_dose_rate,uSv/h,50.0,1.0,6360,0.0006033999961800873,True,,12,1.2000000000000002,1.0800000000000003,False,,0.0011263999913353473,
3488,RADIATION,RADIATION,523260.920497467,5696584.290406497,10,44,28.284271247461902,84033.79935933356,3.550202842079668,ground_equivalent_excess_gamma_dose_rate,uSv/h,50.0,1.0,6360,0.0010689999908208847,True,,12,1.2000000000000002,1.0800000000000003,False,,0.0011012000031769276,
3489,RADIATION,RADIATION,523240.920497467,5696564.290406497,9,43,28.284271247461902,84062.08363058102,4.946671998204016,ground_equivalent_excess_gamma_dose_rate,uSv/h,50.0,1.0,6360,0.0005824000108987093,True,,12,1.2000000000000002,1.0800000000000003,False,,0.0011783999798353761,
3490,RADIATION,RADIATION,523260.920497467,5696584.290406497,10,44,28.284271247461902,84090.36790182849,3.550202842079668,ground_equivalent_excess_gamma_dose_rate,uSv/h,50.0,1.0,6360,0.0005587000050581992,True,,12,1.2000000000000002,1.0800000000000003,False,,0.001153399993199855,
3491,RADIATION,RADIATION,523260.920497467,5696564.290406497,9,44,20.0,84110.36790182849,3.1372995726613064,ground_equivalent_excess_gamma_dose_rate,uSv/h,50.0,1.0,6360,0.0022912999847903848,True,,12,1.2000000000000002,1.0800000000000003,False,,0.0011301000195089728,
3492,RADIATION,RADIATION,523240.920497467,5696584.290406497,10,43,28.284271247461902,84138.65217307596,6.057496498894327,ground_equivalent_excess_gamma_dose_rate,uSv/h,50.0,1.0,6360,0.0005318000039551407,True,,12,1.2000000000000002,1.0800000000000003,False,,0.001197600009618327,
3493,RADIATION,RADIATION,523260.920497467,5696584.290406497,10,44,20.0,84158.65217307596,3.550202842079668,ground_equivalent_excess_gamma_dose_rate,uSv/h,50.0,1.0,6360,0.0005821999802719802,True,,12,1.2000000000000002,1.0800000000000003,False,,0.001736099977279082,
3494,RADIATION,RADIATION,523260.920497467,5696564.290406497,9,44,20.0,84178.65217307596,3.1372995726613064,ground_equivalent_excess_gamma_dose_rate,uSv/h,50.0,1.0,6360,0.0007028999971225858,True,,12,1.2000000000000002,1.0800000000000003,False,,0.0009651000145822763,
3495,RADIATION,RADIATION,523260.920497467,5696584.290406497,10,44,20.0,84198.65217307596,3.550202842079668,ground_equivalent_excess_gamma_dose_rate,uSv/h,50.0,1.0,6360,0.0007567999709863216,True,,12,1.2000000000000002,1.0800000000000003,False,,0.001561500015668571,
3496,RADIATION,RADIATION,523240.920497467,5696564.290406497,9,43,28.284271247461902,84226.93644432342,4.946671998204016,ground_equivalent_excess_gamma_dose_rate,uSv/h,50.0,1.0,6360,0.001428099989425391,True,,12,1.2000000000000002,1.0800000000000003,False,,0.001472600008128211,
3497,RADIATION,RADIATION,523260.920497467,5696584.290406497,10,44,28.284271247461902,84255.22071557089,3.550202842079668,ground_equivalent_excess_gamma_dose_rate,uSv/h,50.0,1.0,6360,0.0004794999840669334,True,,12,1.2000000000000002,1.0800000000000003,False,,0.0034004000190179795,
3498,RADIATION,RADIATION,523240.920497467,5696604.290406497,11,43,28.284271247461902,84283.50498681836,6.249481050719989,ground_equivalent_excess_gamma_dose_rate,uSv/h,50.0,1.0,6360,0.0006989999965298921,True,,12,1.2000000000000002,1.0800000000000003,False,,0.0008307999814860523,
3499,RADIATION,RADIATION,523220.920497467,5696624.290406497,12,42,28.284271247461902,84311.78925806582,9.770154570648945,ground_equivalent_excess_gamma_dose_rate,uSv/h,50.0,1.0,6360,0.000619699974777177,True,,12,1.2000000000000002,1.0800000000000003,False,,0.0012715999910142273,
3500,RADIATION,RADIATION,523240.920497467,5696644.290406497,13,43,28.284271247461902,84340.07352931329,4.067182434258541,ground_equivalent_excess_gamma_dose_rate,uSv/h,50.0,1.0,6360,0.0006870999932289124,True,,12,1.2000000000000002,1.0800000000000003,False,,0.0013389999803621322,
3501,RADIATION,RADIATION,523220.920497467,5696644.290406497,13,42,20.0,84360.07352931329,6.200354115004816,ground_equivalent_excess_gamma_dose_rate,uSv/h,50.0,1.0,6360,0.0007788999937474728,True,,12,1.2000000000000002,1.0800000000000003,False,,0.0007350999803747982,
3502,RADIATION,RADIATION,523240.920497467,5696624.290406497,12,43,28.284271247461902,84388.35780056076,5.3492563968484435,ground_equivalent_excess_gamma_dose_rate,uSv/h,50.0,1.0,6360,0.0015715000045020133,True,,12,1.2000000000000002,1.0800000000000003,False,,0.0012543000048026443,
3503,RADIATION,RADIATION,523240.920497467,5696604.290406497,11,43,20.0,84408.35780056076,6.249481050719989,ground_equivalent_excess_gamma_dose_rate,uSv/h,50.0,1.0,6360,0.0006515999848488718,True,,12,1.2000000000000002,1.0800000000000003,False,,0.0011904999846592546,
3504,RADIATION,RADIATION,523260.920497467,5696624.290406497,12,44,28.284271247461902,84436.64207180822,3.2945540573843934,ground_equivalent_excess_gamma_dose_rate,uSv/h,50.0,1.0,6360,0.0005979000125080347,True,,12,1.2000000000000002,1.0800000000000003,False,,0.0019494000007398427,
3505,RADIATION,RADIATION,523240.920497467,5696624.290406497,12,43,20.0,84456.64207180822,5.3492563968484435,ground_equivalent_excess_gamma_dose_rate,uSv/h,50.0,1.0,6360,0.0007535999757237732,True,,12,1.2000000000000002,1.0800000000000003,False,,0.002299999992828816,
3506,RADIATION,RADIATION,523240.920497467,5696644.290406497,13,43,20.0,84476.64207180822,4.067182434258541,ground_equivalent_excess_gamma_dose_rate,uSv/h,50.0,1.0,6360,0.0007164999842643738,True,,12,1.2000000000000002,1.0800000000000003,False,,0.0019660999823827296,
3507,RADIATION,RADIATION,523260.920497467,5696624.290406497,12,44,28.284271247461902,84504.92634305569,3.2945540573843934,ground_equivalent_excess_gamma_dose_rate,uSv/h,50.0,1.0,6360,0.12194700000691228,True,,12,1.2000000000000002,1.0800000000000003,False,,0.0011300999904051423,
3508,RADIATION,RADIATION,523280.920497467,5696644.290406497,13,45,28.284271247461902,84533.21061430316,1.9567589678916975,ground_equivalent_excess_gamma_dose_rate,uSv/h,50.0,1.0,6360,0.0006652000010944903,True,,12,1.2000000000000002,1.0800000000000003,False,,0.0023959999962244183,
3509,RADIATION,RADIATION,523280.920497467,5696664.290406497,14,45,20.0,84553.21061430316,1.661191017824173,ground_equivalent_excess_gamma_dose_rate,uSv/h,50.0,1.0,6360,0.0006064999906811863,True,,12,1.2000000000000002,1.0800000000000003,False,,0.0011547000030986965,
3510,RADIATION,RADIATION,523300.920497467,5696644.290406497,13,46,28.284271247461902,84581.49488555062,1.4458420294258003,ground_equivalent_excess_gamma_dose_rate,uSv/h,50.0,1.0,6360,0.0007079000060912222,True,,12,1.2000000000000002,1.0800000000000003,False,,0.0010913999867625535,
3511,RADIATION,RADIATION,523280.920497467,5696644.290406497,13,45,20.0,84601.49488555062,1.9567589678916975,ground_equivalent_excess_gamma_dose_rate,uSv/h,50.0,1.0,6360,0.0006822000141255558,True,,12,1.2000000000000002,1.0800000000000003,False,,0.00258390000090003,
3512,RADIATION,RADIATION,523280.920497467,5696664.290406497,14,45,20.0,84621.49488555062,1.661191017824173,ground_equivalent_excess_gamma_dose_rate,uSv/h,50.0,1.0,6360,0.0007621000113431364,True,,12,1.2000000000000002,1.0800000000000003,False,,0.0014070000033825636,
3513,RADIATION,RADIATION,523280.920497467,5696644.290406497,13,45,20.0,84641.49488555062,1.9567589678916975,ground_equivalent_excess_gamma_dose_rate,uSv/h,50.0,1.0,6360,0.0005970000056549907,True,,12,1.2000000000000002,1.0800000000000003,False,,0.002000299980863929,
3514,RADIATION,RADIATION,523260.920497467,5696624.290406497,12,44,28.284271247461902,84669.77915679809,3.2945540573843934,ground_equivalent_excess_gamma_dose_rate,uSv/h,50.0,1.0,6360,0.0005075999943073839,True,,12,1.2000000000000002,1.0800000000000003,False,,0.0010203999991063029,
3515,RADIATION,RADIATION,523280.920497467,5696604.290406497,11,45,28.284271247461902,84698.06342804556,2.3518788111532745,ground_equivalent_excess_gamma_dose_rate,uSv/h,50.0,1.0,6360,0.0005710999830625951,True,,12,1.2000000000000002,1.0800000000000003,False,,0.0012387000024318695,
3516,RADIATION,RADIATION,523300.920497467,5696604.290406497,11,46,20.0,84718.06342804556,1.6507607027129945,ground_equivalent_excess_gamma_dose_rate,uSv/h,50.0,1.0,6360,0.000738000002456829,True,,12,1.2000000000000002,1.0800000000000003,False,,0.0006888000061735511,
3517,RADIATION,RADIATION,523300.920497467,5696584.290406497,10,46,20.0,84738.06342804556,1.6370557748225076,ground_equivalent_excess_gamma_dose_rate,uSv/h,50.0,1.0,6360,0.000600800005486235,True,,12,1.2000000000000002,1.0800000000000003,False,,0.0018481999868527055,
3518,RADIATION,RADIATION,523320.920497467,5696564.290406497,9,47,28.284271247461902,84766.34769929302,1.1620968221406323,ground_equivalent_excess_gamma_dose_rate,uSv/h,50.0,1.0,6360,0.0007766000053379685,True,,12,1.2000000000000002,1.0800000000000003,False,,0.001881500007584691,
3519,RADIATION,NORMAL,523340.920497467,5696584.290406497,10,48,28.284271247461902,84794.63197054049,0.9363020365397914,ground_equivalent_excess_gamma_dose_rate,uSv/h,50.0,1.0,6360,0.0009061000018846244,False,exit,12,1.2000000000000002,1.0800000000000003,False,hazard_exit_threshold,0.003653499996289611,0.04720279999310151
3520,NORMAL,NORMAL,523360.920497467,5696584.290406497,10,49,20.0,84814.63197054049,0.7437041141233147,ground_equivalent_excess_gamma_dose_rate,uSv/h,50.0,1.0,6360,0.0009348999883513898,False,,13,1.3,1.1700000000000002,False,,,
3521,NORMAL,NORMAL,523380.920497467,5696564.290406497,9,50,28.284271247461902,84842.91624178796,0.5916174205430371,ground_equivalent_excess_gamma_dose_rate,uSv/h,50.0,1.0,6360,0.0006345999718178064,False,,13,1.3,1.1700000000000002,False,,,
3522,NORMAL,NORMAL,523400.920497467,5696564.290406497,9,51,20.0,84862.91624178796,0.4923995962692234,ground_equivalent_excess_gamma_dose_rate,uSv/h,50.0,1.0,6360,0.0016781000012997538,False,,13,1.3,1.1700000000000002,False,,,
3523,NORMAL,NORMAL,523420.920497467,5696584.290406497,10,52,28.284271247461902,84891.20051303542,0.4225848250086131,ground_equivalent_excess_gamma_dose_rate,uSv/h,50.0,1.0,6360,0.0007409000245388597,False,,13,1.3,1.1700000000000002,False,,,
3524,NORMAL,NORMAL,523420.920497467,5696604.290406497,11,52,20.0,84911.20051303542,0.42349241289050193,ground_equivalent_excess_gamma_dose_rate,uSv/h,50.0,1.0,6360,0.0008741999918129295,False,,13,1.3,1.1700000000000002,False,,,
3525,NORMAL,NORMAL,523400.920497467,5696584.290406497,10,51,28.284271247461902,84939.48478428289,0.5015549552514378,ground_equivalent_excess_gamma_dose_rate,uSv/h,50.0,1.0,6360,0.000607299996772781,False,,13,1.3,1.1700000000000002,False,,,
3526,NORMAL,NORMAL,523380.920497467,5696564.290406497,9,50,28.284271247461902,84967.76905553036,0.5916174205430371,ground_equivalent_excess_gamma_dose_rate,uSv/h,50.0,1.0,6360,0.0005747999821323901,False,,13,1.3,1.1700000000000002,False,,,
3527,NORMAL,NORMAL,523360.920497467,5696564.290406497,9,49,20.0,84987.76905553036,0.7237502024165463,ground_equivalent_excess_gamma_dose_rate,uSv/h,50.0,1.0,6360,0.0010085999965667725,False,,13,1.3,1.1700000000000002,False,,,
3528,NORMAL,NORMAL,523340.920497467,5696544.290406497,8,48,28.284271247461902,85016.05332677782,0.8516623440589464,ground_equivalent_excess_gamma_dose_rate,uSv/h,50.0,1.0,6360,0.0007855000148992985,False,,13,1.3,1.1700000000000002,False,,,
3529,NORMAL,NORMAL,523320.920497467,5696524.290406497,7,47,28.284271247461902,85044.33759802529,0.9702555293095685,ground_equivalent_excess_gamma_dose_rate,uSv/h,50.0,1.0,6360,0.0006325000140350312,False,,13,1.3,1.1700000000000002,False,,,
3530,NORMAL,NORMAL,523320.920497467,5696504.290406497,6,47,20.0,85064.33759802529,0.8593075200730382,ground_equivalent_excess_gamma_dose_rate,uSv/h,50.0,1.0,6360,0.0006665000109933317,False,,13,1.3,1.1700000000000002,False,,,
3531,NORMAL,NORMAL,523300.920497467,5696484.290406497,5,46,28.284271247461902,85092.62186927276,0.895888917386491,ground_equivalent_excess_gamma_dose_rate,uSv/h,50.0,1.0,6360,0.0005609999934677035,False,,13,1.3,1.1700000000000002,False,,,
3532,NORMAL,NORMAL,523320.920497467,5696504.290406497,6,47,28.284271247461902,85120.90614052022,0.8593075200730382,ground_equivalent_excess_gamma_dose_rate,uSv/h,50.0,1.0,6360,0.0005767999973613769,False,,13,1.3,1.1700000000000002,False,,,
3533,NORMAL,NORMAL,523300.920497467,5696484.290406497,5,46,28.284271247461902,85149.19041176769,0.895888917386491,ground_equivalent_excess_gamma_dose_rate,uSv/h,50.0,1.0,6360,0.0005489999894052744,False,,13,1.3,1.1700000000000002,False,,,
3534,NORMAL,NORMAL,523280.920497467,5696504.290406497,6,45,28.284271247461902,85177.47468301516,1.2977759140748593,ground_equivalent_excess_gamma_dose_rate,uSv/h,50.0,1.0,6360,0.0009738999942783266,False,,13,1.3,1.1700000000000002,False,,,
3535,NORMAL,RADIATION,523260.920497467,5696524.290406497,7,44,28.284271247461902,85205.75895426262,2.0454570444701745,ground_equivalent_excess_gamma_dose_rate,uSv/h,50.0,1.0,6360,0.000833400001283735,True,enter,13,1.3,1.1700000000000002,True,hazard_enter_threshold,,
3536,RADIATION,RADIATION,523280.920497467,5696544.290406497,8,45,28.284271247461902,85234.04322551009,1.8642587644978537,ground_equivalent_excess_gamma_dose_rate,uSv/h,50.0,1.0,6360,0.0006750999891664833,True,,13,1.3,1.1700000000000002,False,,0.0009419000125490129,
3537,RADIATION,RADIATION,523300.920497467,5696544.290406497,8,46,20.0,85254.04322551009,1.3947087630653763,ground_equivalent_excess_gamma_dose_rate,uSv/h,50.0,1.0,6360,0.0005911999905947596,True,,13,1.3,1.1700000000000002,False,,0.001308799983235076,
3538,RADIATION,NORMAL,523320.920497467,5696544.290406497,8,47,20.0,85274.04322551009,1.0757489576981956,ground_equivalent_excess_gamma_dose_rate,uSv/h,50.0,1.0,6360,0.0006124999781604856,False,exit,13,1.3,1.1700000000000002,False,hazard_exit_threshold,0.001285399979678914,0.03359700000146404
3539,NORMAL,NORMAL,523300.920497467,5696524.290406497,7,46,28.284271247461902,85302.32749675756,1.2223937920045624,ground_equivalent_excess_gamma_dose_rate,uSv/h,50.0,1.0,6360,0.0006463000026997179,False,,14,1.4000000000000001,1.2600000000000002,False,,,
3540,NORMAL,NORMAL,523320.920497467,5696524.290406497,7,47,20.0,85322.32749675756,0.9702555293095685,ground_equivalent_excess_gamma_dose_rate,uSv/h,50.0,1.0,6360,0.0005044999998062849,False,,14,1.4000000000000001,1.2600000000000002,False,,,
3541,NORMAL,NORMAL,523300.920497467,5696524.290406497,7,46,20.0,85342.32749675756,1.2223937920045624,ground_equivalent_excess_gamma_dose_rate,uSv/h,50.0,1.0,6360,0.0006232000014279038,False,,14,1.4000000000000001,1.2600000000000002,False,,,
3542,NORMAL,RADIATION,523280.920497467,5696524.290406497,7,45,20.0,85362.32749675756,1.5686824798731989,ground_equivalent_excess_gamma_dose_rate,uSv/h,50.0,1.0,6360,0.000816700019640848,True,enter,14,1.4000000000000001,1.2600000000000002,True,hazard_enter_threshold,,
3543,RADIATION,RADIATION,523280.920497467,5696504.290406497,6,45,20.0,85382.32749675756,1.2977759140748593,ground_equivalent_excess_gamma_dose_rate,uSv/h,50.0,1.0,6360,0.0008914000063668936,True,,14,1.4000000000000001,1.2600000000000002,False,,0.0014900999958626926,
3544,RADIATION,RADIATION,523280.920497467,5696524.290406497,7,45,20.0,85402.32749675756,1.5686824798731989,ground_equivalent_excess_gamma_dose_rate,uSv/h,50.0,1.0,6360,0.0008120000129565597,True,,14,1.4000000000000001,1.2600000000000002,False,,0.0015030000067781657,
3545,RADIATION,RADIATION,523260.920497467,5696504.290406497,6,44,28.284271247461902,85430.61176800502,1.6078211969095697,ground_equivalent_excess_gamma_dose_rate,uSv/h,50.0,1.0,6360,0.0004485999816097319,True,,14,1.4000000000000001,1.2600000000000002,False,,0.0011243000044487417,
3546,RADIATION,RADIATION,523240.920497467,5696504.290406497,6,43,20.0,85450.61176800502,1.9787468281910752,ground_equivalent_excess_gamma_dose_rate,uSv/h,50.0,1.0,6360,0.0008001000096555799,True,,14,1.4000000000000001,1.2600000000000002,False,,0.0011003999970853329,
3547,RADIATION,RADIATION,523220.920497467,5696524.290406497,7,42,28.284271247461902,85478.89603925249,3.475726896795225,ground_equivalent_excess_gamma_dose_rate,uSv/h,50.0,1.0,6360,0.0014021999959368259,True,,14,1.4000000000000001,1.2600000000000002,False,,0.0013955000031273812,
3548,RADIATION,RADIATION,523240.920497467,5696504.290406497,6,43,28.284271247461902,85507.18031049996,1.9787468281910752,ground_equivalent_excess_gamma_dose_rate,uSv/h,50.0,1.0,6360,0.0006455999973695725,True,,14,1.4000000000000001,1.2600000000000002,False,,0.0011837999918498099,
3549,RADIATION,RADIATION,523260.920497467,5696504.290406497,6,44,20.0,85527.18031049996,1.6078211969095697,ground_equivalent_excess_gamma_dose_rate,uSv/h,50.0,1.0,6360,0.0009098000009544194,True,,14,1.4000000000000001,1.2600000000000002,False,,0.001655100000789389,
3550,RADIATION,RADIATION,523240.920497467,5696524.290406497,7,43,28.284271247461902,85555.46458174742,2.6860135099205578,ground_equivalent_excess_gamma_dose_rate,uSv/h,50.0,1.0,6360,0.0010070999851450324,True,,14,1.4000000000000001,1.2600000000000002,False,,0.001229999994393438,
3551,RADIATION,RADIATION,523220.920497467,5696544.290406497,8,42,28.284271247461902,85583.74885299489,5.357960338934789,ground_equivalent_excess_gamma_dose_rate,uSv/h,50.0,1.0,6360,0.0006328000163193792,True,,14,1.4000000000000001,1.2600000000000002,False,,0.0013328000204637647,
3552,RADIATION,RADIATION,523200.920497467,5696544.290406497,8,41,20.0,85603.74885299489,7.459967508700167,ground_equivalent_excess_gamma_dose_rate,uSv/h,50.0,1.0,6360,0.0007261999999172986,True,,14,1.4000000000000001,1.2600000000000002,False,,0.0016933000006247312,
3553,RADIATION,RADIATION,523200.920497467,5696564.290406497,9,41,20.0,85623.74885299489,15.389960166705796,ground_equivalent_excess_gamma_dose_rate,uSv/h,50.0,1.0,6360,0.0006750999891664833,True,,14,1.4000000000000001,1.2600000000000002,False,,0.0012293000181671232,
3554,RADIATION,RADIATION,523180.920497467,5696584.290406497,10,40,28.284271247461902,85652.03312424236,136.6742728375124,ground_equivalent_excess_gamma_dose_rate,uSv/h,50.0,1.0,6360,0.000756499997805804,True,,14,1.4000000000000001,1.2600000000000002,False,,0.00141789999906905,
3555,RADIATION,RADIATION,523200.920497467,5696564.290406497,9,41,28.284271247461902,85680.31739548982,15.389960166705796,ground_equivalent_excess_gamma_dose_rate,uSv/h,50.0,1.0,6360,0.0007260999991558492,True,,14,1.4000000000000001,1.2600000000000002,False,,0.002067099994746968,
3556,RADIATION,RADIATION,523180.920497467,5696584.290406497,10,40,28.284271247461902,85708.60166673729,136.6742728375124,ground_equivalent_excess_gamma_dose_rate,uSv/h,50.0,1.0,6360,0.0006339999963529408,True,,14,1.4000000000000001,1.2600000000000002,False,,0.0011775000020861626,
3557,RADIATION,RADIATION,523200.920497467,5696604.290406497,11,41,28.284271247461902,85736.88593798476,43.79319871429291,ground_equivalent_excess_gamma_dose_rate,uSv/h,50.0,1.0,6360,0.0006024999893270433,True,,14,1.4000000000000001,1.2600000000000002,False,,0.0011594000097829849,
3558,RADIATION,RADIATION,523200.920497467,5696624.290406497,12,41,20.0,85756.88593798476,20.095178431561777,ground_equivalent_excess_gamma_dose_rate,uSv/h,50.0,1.0,6360,0.0006027999916113913,True,,14,1.4000000000000001,1.2600000000000002,False,,0.0011547000030986965,
3559,RADIATION,RADIATION,523180.920497467,5696644.290406497,13,40,28.284271247461902,85785.17020923222,11.350425919071668,ground_equivalent_excess_gamma_dose_rate,uSv/h,50.0,1.0,6360,0.0006031000229995698,True,,14,1.4000000000000001,1.2600000000000002,False,,0.0011551000061444938,
3560,RADIATION,RADIATION,523180.920497467,5696664.290406497,14,40,20.0,85805.17020923222,5.585624658785718,ground_equivalent_excess_gamma_dose_rate,uSv/h,50.0,1.0,6360,0.0005752999859396368,True,,14,1.4000000000000001,1.2600000000000002,False,,0.0014120000123512,
3561,RADIATION,RADIATION,523180.920497467,5696684.290406497,15,40,20.0,85825.17020923222,3.311701403461815,ground_equivalent_excess_gamma_dose_rate,uSv/h,50.0,1.0,6360,0.001101000001654029,True,,14,1.4000000000000001,1.2600000000000002,False,,0.0010713000083342195,
3562,RADIATION,RADIATION,523200.920497467,5696664.290406497,14,41,28.284271247461902,85853.45448047969,5.009509281403106,ground_equivalent_excess_gamma_dose_rate,uSv/h,50.0,1.0,6360,0.0007652000058442354,True,,14,1.4000000000000001,1.2600000000000002,False,,0.0013104999961797148,
3563,RADIATION,RADIATION,523180.920497467,5696684.290406497,15,40,28.284271247461902,85881.73875172716,3.311701403461815,ground_equivalent_excess_gamma_dose_rate,uSv/h,50.0,1.0,6360,0.0006029000214766711,True,,14,1.4000000000000001,1.2600000000000002,False,,0.0016081000212579966,
3564,RADIATION,RADIATION,523180.920497467,5696664.290406497,14,40,20.0,85901.73875172716,5.585624658785718,ground_equivalent_excess_gamma_dose_rate,uSv/h,50.0,1.0,6360,0.000747500016586855,True,,14,1.4000000000000001,1.2600000000000002,False,,0.0014444999978877604,
3565,RADIATION,RADIATION,523200.920497467,5696644.290406497,13,41,28.284271247461902,85930.02302297462,9.200328949936774,ground_equivalent_excess_gamma_dose_rate,uSv/h,50.0,1.0,6360,0.0006019000138621777,True,,14,1.4000000000000001,1.2600000000000002,False,,0.0012587000092025846,
3566,RADIATION,RADIATION,523220.920497467,5696664.290406497,14,42,28.284271247461902,85958.30729422209,3.964954624303658,ground_equivalent_excess_gamma_dose_rate,uSv/h,50.0,1.0,6360,0.0009488000068813562,True,,14,1.4000000000000001,1.2600000000000002,False,,0.0011208999785594642,
3567,RADIATION,RADIATION,523240.920497467,5696644.290406497,13,43,28.284271247461902,85986.59156546956,4.067182434258541,ground_equivalent_excess_gamma_dose_rate,uSv/h,50.0,1.0,6360,0.0009024000028148293,True,,14,1.4000000000000001,1.2600000000000002,False,,0.001509599998826161,
3568,RADIATION,RADIATION,523240.920497467,5696664.290406497,14,43,20.0,86006.59156546956,2.969129594481807,ground_equivalent_excess_gamma_dose_rate,uSv/h,50.0,1.0,6360,0.0006154000002425164,True,,14,1.4000000000000001,1.2600000000000002,False,,0.001279799995245412,
3569,RADIATION,RADIATION,523220.920497467,5696664.290406497,14,42,20.0,86026.59156546956,3.964954624303658,ground_equivalent_excess_gamma_dose_rate,uSv/h,50.0,1.0,6360,0.0007667999889235944,True,,14,1.4000000000000001,1.2600000000000002,False,,0.0018326000135857612,
3570,RADIATION,RADIATION,523220.920497467,5696644.290406497,13,42,20.0,86046.59156546956,6.200354115004816,ground_equivalent_excess_gamma_dose_rate,uSv/h,50.0,1.0,6360,0.0006284000119194388,True,,14,1.4000000000000001,1.2600000000000002,False,,0.0011795999889727682,
3571,RADIATION,RADIATION,523200.920497467,5696624.290406497,12,41,28.284271247461902,86074.87583671702,20.095178431561777,ground_equivalent_excess_gamma_dose_rate,uSv/h,50.0,1.0,6360,0.0009279999940190464,True,,14,1.4000000000000001,1.2600000000000002,False,,0.0020194000098854303,
3572,RADIATION,RADIATION,523220.920497467,5696624.290406497,12,42,20.0,86094.87583671702,9.770154570648945,ground_equivalent_excess_gamma_dose_rate,uSv/h,50.0,1.0,6360,0.0006030999938957393,True,,14,1.4000000000000001,1.2600000000000002,False,,0.00141789999906905,
3573,RADIATION,RADIATION,523200.920497467,5696624.290406497,12,41,20.0,86114.87583671702,20.095178431561777,ground_equivalent_excess_gamma_dose_rate,uSv/h,50.0,1.0,6360,0.0005370000144466758,True,,14,1.4000000000000001,1.2600000000000002,False,,0.0007879000040702522,
3574,RADIATION,RADIATION,523220.920497467,5696624.290406497,12,42,20.0,86134.87583671702,9.770154570648945,ground_equivalent_excess_gamma_dose_rate,uSv/h,50.0,1.0,6360,0.0007165000133682042,True,,14,1.4000000000000001,1.2600000000000002,False,,0.0011069999891333282,
3575,RADIATION,RADIATION,523200.920497467,5696604.290406497,11,41,28.284271247461902,86163.16010796449,43.79319871429291,ground_equivalent_excess_gamma_dose_rate,uSv/h,50.0,1.0,6360,0.0006443999882321805,True,,14,1.4000000000000001,1.2600000000000002,False,,0.0015710999723523855,
3576,RADIATION,RADIATION,523220.920497467,5696584.290406497,10,42,28.284271247461902,86191.44437921196,12.423076902356526,ground_equivalent_excess_gamma_dose_rate,uSv/h,50.0,1.0,6360,0.0004645000153686851,True,,14,1.4000000000000001,1.2600000000000002,False,,0.0007998000073712319,
3577,RADIATION,RADIATION,523200.920497467,5696564.290406497,9,41,28.284271247461902,86219.72865045942,15.389960166705796,ground_equivalent_excess_gamma_dose_rate,uSv/h,50.0,1.0,6360,0.0008068000024650246,True,,14,1.4000000000000001,1.2600000000000002,False,,0.0010575999913271517,
3578,RADIATION,RADIATION,523220.920497467,5696544.290406497,8,42,28.284271247461902,86248.01292170689,5.357960338934789,ground_equivalent_excess_gamma_dose_rate,uSv/h,50.0,1.0,6360,0.0006590999837499112,True,,14,1.4000000000000001,1.2600000000000002,False,,0.0012097999860998243,
3579,RADIATION,RADIATION,523240.920497467,5696564.290406497,9,43,28.284271247461902,86276.29719295436,4.946671998204016,ground_equivalent_excess_gamma_dose_rate,uSv/h,50.0,1.0,6360,0.0005961000279057771,True,,14,1.4000000000000001,1.2600000000000002,False,,0.0012103000190109015,
3580,RADIATION,RADIATION,523240.920497467,5696544.290406497,8,43,20.0,86296.29719295436,3.6869413468859715,ground_equivalent_excess_gamma_dose_rate,uSv/h,50.0,1.0,6360,0.0007465000089723617,True,,14,1.4000000000000001,1.2600000000000002,False,,0.0011075999937020242,
3581,RADIATION,RADIATION,523220.920497467,5696564.290406497,9,42,28.284271247461902,86324.58146420182,8.505804739134158,ground_equivalent_excess_gamma_dose_rate,uSv/h,50.0,1.0,6360,0.0005885999999009073,True,,14,1.4000000000000001,1.2600000000000002,False,,0.0011067999876104295,
3582,RADIATION,RADIATION,523200.920497467,5696544.290406497,8,41,28.284271247461902,86352.86573544929,7.459967508700167,ground_equivalent_excess_gamma_dose_rate,uSv/h,50.0,1.0,6360,0.0007189000025391579,True,,14,1.4000000000000001,1.2600000000000002,False,,0.0010926999966613948,
3583,RADIATION,RADIATION,523220.920497467,5696544.290406497,8,42,20.0,86372.86573544929,5.357960338934789,ground_equivalent_excess_gamma_dose_rate,uSv/h,50.0,1.0,6360,0.001372099999571219,True,,14,1.4000000000000001,1.2600000000000002,False,,0.001403700007358566,
3584,RADIATION,RADIATION,523240.920497467,5696564.290406497,9,43,28.284271247461902,86401.15000669676,4.946671998204016,ground_equivalent_excess_gamma_dose_rate,uSv/h,50.0,1.0,6360,0.00048550000065006316,True,,14,1.4000000000000001,1.2600000000000002,False,,0.0010081999935209751,
3585,RADIATION,RADIATION,523260.920497467,5696544.290406497,8,44,28.284271247461902,86429.43427794422,2.578536573668427,ground_equivalent_excess_gamma_dose_rate,uSv/h,50.0,1.0,6360,0.00039659999310970306,True,,14,1.4000000000000001,1.2600000000000002,False,,0.0006824999873060733,
3586,RADIATION,RADIATION,523260.920497467,5696524.290406497,7,44,20.0,86449.43427794422,2.0454570444701745,ground_equivalent_excess_gamma_dose_rate,uSv/h,50.0,1.0,6360,0.0003889000217895955,True,,14,1.4000000000000001,1.2600000000000002,False,,0.0008083000138867646,
3587,RADIATION,RADIATION,523280.920497467,5696524.290406497,7,45,20.0,86469.43427794422,1.5686824798731989,ground_equivalent_excess_gamma_dose_rate,uSv/h,50.0,1.0,6360,0.0006337999948300421,True,,14,1.4000000000000001,1.2600000000000002,False,,0.0006629999843426049,
3588,RADIATION,NORMAL,523300.920497467,5696504.290406497,6,46,28.284271247461902,86497.71854919169,1.0513717070894202,ground_equivalent_excess_gamma_dose_rate,uSv/h,50.0,1.0,6360,0.0005980999849271029,False,exit,14,1.4000000000000001,1.2600000000000002,False,hazard_exit_threshold,0.0010970000002998859,0.008018100023036823
3589,NORMAL,NORMAL,523320.920497467,5696524.290406497,7,47,28.284271247461902,86526.00282043916,0.9702555293095685,ground_equivalent_excess_gamma_dose_rate,uSv/h,50.0,1.0,6360,0.0005194999976083636,False,,15,1.5,1.35,False,,,
3590,NORMAL,NORMAL,523320.920497467,5696544.290406497,8,47,20.0,86546.00282043916,1.0757489576981956,ground_equivalent_excess_gamma_dose_rate,uSv/h,50.0,1.0,6360,0.00037159997737035155,False,,15,1.5,1.35,False,,,
3591,NORMAL,RADIATION,523300.920497467,5696564.290406497,9,46,28.284271247461902,86574.28709168662,1.5433905302601891,ground_equivalent_excess_gamma_dose_rate,uSv/h,50.0,1.0,6360,0.00035489999572746456,True,enter,15,1.5,1.35,True,hazard_enter_threshold,,
3592,RADIATION,NORMAL,523320.920497467,5696584.290406497,10,47,28.284271247461902,86602.57136293409,1.2144144952401867,ground_equivalent_excess_gamma_dose_rate,uSv/h,50.0,1.0,6360,0.0007018999895080924,False,exit,15,1.5,1.35,False,hazard_exit_threshold,0.0008538999827578664,0.005170499993255362
3593,NORMAL,RADIATION,523300.920497467,5696584.290406497,10,46,20.0,86622.57136293409,1.6370557748225076,ground_equivalent_excess_gamma_dose_rate,uSv/h,50.0,1.0,6360,0.0003899000003002584,True,enter,16,1.6,1.4400000000000002,True,hazard_enter_threshold,,
3594,RADIATION,RADIATION,523300.920497467,5696564.290406497,9,46,20.0,86642.57136293409,1.5433905302601891,ground_equivalent_excess_gamma_dose_rate,uSv/h,50.0,1.0,6360,0.00034580001374706626,True,,16,1.6,1.4400000000000002,False,,0.0006575000006705523,
3595,RADIATION,NORMAL,523320.920497467,5696584.290406497,10,47,28.284271247461902,86670.85563418156,1.2144144952401867,ground_equivalent_excess_gamma_dose_rate,uSv/h,50.0,1.0,6360,0.0005512999778147787,False,exit,16,1.6,1.4400000000000002,False,hazard_exit_threshold,0.0013562999956775457,0.0062077000038698316
3596,NORMAL,NORMAL,523340.920497467,5696584.290406497,10,48,20.0,86690.85563418156,0.9363020365397914,ground_equivalent_excess_gamma_dose_rate,uSv/h,50.0,1.0,6360,0.000828499993076548,False,,17,1.7000000000000002,1.5300000000000002,False,,,
3597,NORMAL,NORMAL,523320.920497467,5696604.290406497,11,47,28.284271247461902,86719.13990542902,1.2219401803912044,ground_equivalent_excess_gamma_dose_rate,uSv/h,50.0,1.0,6360,0.0007195999787654728,False,,17,1.7000000000000002,1.5300000000000002,False,,,
3598,NORMAL,NORMAL,523340.920497467,5696604.290406497,11,48,20.0,86739.13990542902,0.9407691624964647,ground_equivalent_excess_gamma_dose_rate,uSv/h,50.0,1.0,6360,0.0004613999917637557,False,,17,1.7000000000000002,1.5300000000000002,False,,,
3599,NORMAL,NORMAL,523360.920497467,5696584.290406497,10,49,28.284271247461902,86767.42417667649,0.7437041141233147,ground_equivalent_excess_gamma_dose_rate,uSv/h,50.0,1.0,6360,0.0004351999959908426,False,,17,1.7000000000000002,1.5300000000000002,False,,,
3600,NORMAL,COMPLETE,523380.920497467,5696604.290406497,11,50,28.284271247461902,86795.70844792396,0.6067450505379663,ground_equivalent_excess_gamma_dose_rate,uSv/h,50.0,1.0,6360,0.0007738999847788364,False,,17,1.7000000000000002,1.5300000000000002,False,mission_limit_reached,,
