step_index,mode_before,mode_after,x_m,y_m,sar_row,sar_col,step_distance_m,total_distance_m,measurement_excess,measurement_quantity,measurement_unit,platform_altitude_m,value_reference_height_m,estimator_updated_cells,estimator_update_time_s,hazard_active,hazard_transition,hazard_episode_index,entry_threshold_current,exit_threshold_current,normal_route_interrupted,mode_transition_reason,radiation_planning_time_s,continuation_planning_time_s
0,NORMAL,RADIATION,522960.9204974669,5696984.290406497,30,29,0.0,0.0,2.7173536584676605,ground_equivalent_excess_gamma_dose_rate,uSv/h,50.0,1.0,6360,0.000914699980057776,True,enter,1,0.1,0.09000000000000001,True,hazard_enter_threshold,,
1,RADIATION,RADIATION,522940.9204974669,5696964.290406497,29,28,28.284271247461902,28.284271247461902,2.0966712492640003,ground_equivalent_excess_gamma_dose_rate,uSv/h,50.0,1.0,6360,0.0005290000117383897,True,,1,0.1,0.09000000000000001,False,,0.0006524999917019159,
2,RADIATION,RADIATION,522920.9204974669,5696944.290406497,28,27,28.284271247461902,56.568542494923804,1.639754307954841,ground_equivalent_excess_gamma_dose_rate,uSv/h,50.0,1.0,6360,0.00047080000513233244,True,,1,0.1,0.09000000000000001,False,,0.000585400004638359,
3,RADIATION,RADIATION,522900.9204974669,5696924.290406497,27,26,28.284271247461902,84.8528137423857,1.3395424580304636,ground_equivalent_excess_gamma_dose_rate,uSv/h,50.0,1.0,6360,0.0004749000072479248,True,,1,0.1,0.09000000000000001,False,,0.0005737000028602779,
4,RADIATION,RADIATION,522880.9204974669,5696944.290406497,28,25,28.284271247461902,113.13708498984761,1.1960918405798797,ground_equivalent_excess_gamma_dose_rate,uSv/h,50.0,1.0,6360,0.0004165999998804182,True,,1,0.1,0.09000000000000001,False,,0.0005602000164799392,
5,RADIATION,RADIATION,522880.9204974669,5696964.290406497,29,25,20.0,133.1370849898476,1.193008502762574,ground_equivalent_excess_gamma_dose_rate,uSv/h,50.0,1.0,6360,0.0004023000074084848,True,,1,0.1,0.09000000000000001,False,,0.0005537999968510121,
6,RADIATION,RADIATION,522860.9204974669,5696984.290406497,30,24,28.284271247461902,161.4213562373095,1.0659907672387436,ground_equivalent_excess_gamma_dose_rate,uSv/h,50.0,1.0,6360,0.00045429999590851367,True,,1,0.1,0.09000000000000001,False,,0.0005676999862771481,
7,RADIATION,RADIATION,522840.9204974669,5696964.290406497,29,23,28.284271247461902,189.7056274847714,1.0191170851357718,ground_equivalent_excess_gamma_dose_rate,uSv/h,50.0,1.0,6360,0.0003826000029221177,True,,1,0.1,0.09000000000000001,False,,0.0005355999746825546,
8,RADIATION,RADIATION,522840.9204974669,5696984.290406497,30,23,20.0,209.7056274847714,1.006070316425597,ground_equivalent_excess_gamma_dose_rate,uSv/h,50.0,1.0,6360,0.0004602000117301941,True,,1,0.1,0.09000000000000001,False,,0.0005866999854333699,
9,RADIATION,RADIATION,522820.9204974669,5696964.290406497,29,22,28.284271247461902,237.9898987322333,0.9906075663871006,ground_equivalent_excess_gamma_dose_rate,uSv/h,50.0,1.0,6360,0.00039500001003034413,True,,1,0.1,0.09000000000000001,False,,0.0005507000023499131,
10,RADIATION,RADIATION,522820.9204974669,5696984.290406497,30,22,20.0,257.9898987322333,0.9814811524945768,ground_equivalent_excess_gamma_dose_rate,uSv/h,50.0,1.0,6360,0.00038189999759197235,True,,1,0.1,0.09000000000000001,False,,0.0005719000182580203,
11,RADIATION,RADIATION,522820.9204974669,5697004.290406496,31,22,19.999999999068677,277.989898731302,0.9648162950209875,ground_equivalent_excess_gamma_dose_rate,uSv/h,50.0,1.0,6360,0.0004605000140145421,True,,1,0.1,0.09000000000000001,False,,0.0005462999979499727,
12,RADIATION,RADIATION,522840.9204974669,5697024.290406496,32,23,28.284271247461902,306.2741699787639,0.9532530551833387,ground_equivalent_excess_gamma_dose_rate,uSv/h,50.0,1.0,6360,0.000443900004029274,True,,1,0.1,0.09000000000000001,False,,0.0005537999968510121,
13,RADIATION,RADIATION,522820.9204974669,5697024.290406496,32,22,20.0,326.2741699787639,0.9404270598043172,ground_equivalent_excess_gamma_dose_rate,uSv/h,50.0,1.0,6360,0.0003657999914139509,True,,1,0.1,0.09000000000000001,False,,0.0005638999864459038,
14,RADIATION,RADIATION,522800.9204974669,5697004.290406496,31,21,28.284271247461902,354.5584412262258,0.9765808727180165,ground_equivalent_excess_gamma_dose_rate,uSv/h,50.0,1.0,6360,0.0004206000012345612,True,,1,0.1,0.09000000000000001,False,,0.0005494999932125211,
15,RADIATION,RADIATION,522800.9204974669,5696984.290406497,30,21,19.999999999068677,374.5584412252945,0.9880262123563233,ground_equivalent_excess_gamma_dose_rate,uSv/h,50.0,1.0,6360,0.00037529997644014657,True,,1,0.1,0.09000000000000001,False,,0.0005576999974437058,
16,RADIATION,RADIATION,522800.9204974669,5696964.290406497,29,21,20.0,394.5584412252945,0.9923142739913395,ground_equivalent_excess_gamma_dose_rate,uSv/h,50.0,1.0,6360,0.00037779999547638,True,,1,0.1,0.09000000000000001,False,,0.0005443000118248165,
17,RADIATION,RADIATION,522780.9204974669,5696944.290406497,28,20,28.284271247461902,422.8427124727564,1.0150572603125694,ground_equivalent_excess_gamma_dose_rate,uSv/h,50.0,1.0,6360,0.00048379998770542443,True,,1,0.1,0.09000000000000001,False,,0.0005686999938916415,
18,RADIATION,RADIATION,522760.9204974669,5696924.290406497,27,19,28.284271247461902,451.1269837202183,1.0453281914133241,ground_equivalent_excess_gamma_dose_rate,uSv/h,50.0,1.0,6360,0.00039400000241585076,True,,1,0.1,0.09000000000000001,False,,0.0005554000090342015,
19,RADIATION,RADIATION,522740.9204974669,5696904.290406497,26,18,28.284271247461902,479.4112549676802,1.0771614626076351,ground_equivalent_excess_gamma_dose_rate,uSv/h,50.0,1.0,6360,0.00048469999455846846,True,,1,0.1,0.09000000000000001,False,,0.0005359000060707331,
20,RADIATION,RADIATION,522760.9204974669,5696884.290406497,25,19,28.284271247461902,507.6955262151421,1.0161493732426836,ground_equivalent_excess_gamma_dose_rate,uSv/h,50.0,1.0,6360,0.0004360000020824373,True,,1,0.1,0.09000000000000001,False,,0.0005694999999832362,
21,RADIATION,RADIATION,522740.9204974669,5696884.290406497,25,18,20.0,527.6955262151421,1.0546439150834483,ground_equivalent_excess_gamma_dose_rate,uSv/h,50.0,1.0,6360,0.00037510000402107835,True,,1,0.1,0.09000000000000001,False,,0.0005497000238392502,
22,RADIATION,RADIATION,522720.9204974669,5696904.290406497,26,17,28.284271247461902,555.979797462604,1.1454220476609756,ground_equivalent_excess_gamma_dose_rate,uSv/h,50.0,1.0,6360,0.00039950001519173384,True,,1,0.1,0.09000000000000001,False,,0.0005510000046342611,
23,RADIATION,RADIATION,522700.9204974669,5696904.290406497,26,16,20.0,575.979797462604,1.2334497260221156,ground_equivalent_excess_gamma_dose_rate,uSv/h,50.0,1.0,6360,0.0003939999733120203,True,,1,0.1,0.09000000000000001,False,,0.0005521000130102038,
24,RADIATION,RADIATION,522680.9204974669,5696884.290406497,25,15,28.284271247461902,604.2640687100659,1.2390457902464738,ground_equivalent_excess_gamma_dose_rate,uSv/h,50.0,1.0,6360,0.0003671000013127923,True,,1,0.1,0.09000000000000001,False,,0.0005317000031936914,
25,RADIATION,RADIATION,522660.9204974669,5696864.290406497,24,14,28.284271247461902,632.5483399575278,1.2196156248381713,ground_equivalent_excess_gamma_dose_rate,uSv/h,50.0,1.0,6360,0.00045089999912306666,True,,1,0.1,0.09000000000000001,False,,0.0005742999783251435,
26,RADIATION,RADIATION,522660.9204974669,5696884.290406497,25,14,20.0,652.5483399575278,1.318666155182371,ground_equivalent_excess_gamma_dose_rate,uSv/h,50.0,1.0,6360,0.0010796000133268535,True,,1,0.1,0.09000000000000001,False,,0.0005467000009957701,
27,RADIATION,RADIATION,522640.9204974669,5696904.290406497,26,13,28.284271247461902,680.8326112049897,1.6095875571911127,ground_equivalent_excess_gamma_dose_rate,uSv/h,50.0,1.0,6360,0.00039220001781359315,True,,1,0.1,0.09000000000000001,False,,0.0005497999954968691,
28,RADIATION,RADIATION,522620.9204974669,5696884.290406497,25,12,28.284271247461902,709.1168824524516,1.4744988396517131,ground_equivalent_excess_gamma_dose_rate,uSv/h,50.0,1.0,6360,0.00039060000563040376,True,,1,0.1,0.09000000000000001,False,,0.0005850000015925616,
29,RADIATION,RADIATION,522620.9204974669,5696904.290406497,26,12,20.0,729.1168824524516,1.7479653605909091,ground_equivalent_excess_gamma_dose_rate,uSv/h,50.0,1.0,6360,0.0003760000108741224,True,,1,0.1,0.09000000000000001,False,,0.0006132999842520803,
30,RADIATION,RADIATION,522600.9204974669,5696924.290406497,27,11,28.284271247461902,757.4011536999135,2.4009107890422516,ground_equivalent_excess_gamma_dose_rate,uSv/h,50.0,1.0,6360,0.00039109998033382,True,,1,0.1,0.09000000000000001,False,,0.0005404999828897417,
31,RADIATION,RADIATION,522580.9204974669,5696904.290406497,26,10,28.284271247461902,785.6854249473754,1.9209589052423433,ground_equivalent_excess_gamma_dose_rate,uSv/h,50.0,1.0,6360,0.0003969999961555004,True,,1,0.1,0.09000000000000001,False,,0.0005734000005759299,
32,RADIATION,RADIATION,522580.9204974669,5696924.290406497,27,10,20.0,805.6854249473754,2.539588521652026,ground_equivalent_excess_gamma_dose_rate,uSv/h,50.0,1.0,6360,0.00036810000892728567,True,,1,0.1,0.09000000000000001,False,,0.0005372999876271933,
33,RADIATION,RADIATION,522560.9204974669,5696944.290406497,28,9,28.284271247461902,833.9696961948373,3.6651899540389565,ground_equivalent_excess_gamma_dose_rate,uSv/h,50.0,1.0,6360,0.00039930001366883516,True,,1,0.1,0.09000000000000001,False,,0.0007305000035557896,
34,RADIATION,RADIATION,522580.9204974669,5696964.290406497,29,10,28.284271247461902,862.2539674422992,5.913536365635947,ground_equivalent_excess_gamma_dose_rate,uSv/h,50.0,1.0,6360,0.00040970000554807484,True,,1,0.1,0.09000000000000001,False,,0.0005657000001519918,
35,RADIATION,RADIATION,522600.9204974669,5696984.290406497,30,11,28.284271247461902,890.5382386897611,8.393717337789925,ground_equivalent_excess_gamma_dose_rate,uSv/h,50.0,1.0,6360,0.0003801999846473336,True,,1,0.1,0.09000000000000001,False,,0.0005724999937228858,
36,RADIATION,RADIATION,522600.9204974669,5697004.290406496,31,11,19.999999999068677,910.5382386888298,15.347256273409526,ground_equivalent_excess_gamma_dose_rate,uSv/h,50.0,1.0,6360,0.0003983000060543418,True,,1,0.1,0.09000000000000001,False,,0.0005384999967645854,
37,RADIATION,RADIATION,522600.9204974669,5697024.290406496,32,11,20.0,930.5382386888298,24.448709808818997,ground_equivalent_excess_gamma_dose_rate,uSv/h,50.0,1.0,6360,0.0003895999980159104,True,,1,0.1,0.09000000000000001,False,,0.0005402000097092241,
38,RADIATION,RADIATION,522600.9204974669,5697044.290406496,33,11,20.0,950.5382386888298,20.92413048775541,ground_equivalent_excess_gamma_dose_rate,uSv/h,50.0,1.0,6360,0.0004464000230655074,True,,1,0.1,0.09000000000000001,False,,0.0005784000095445663,
39,RADIATION,RADIATION,522620.9204974669,5697064.290406496,34,12,28.284271247461902,978.8225099362917,6.734547590713381,ground_equivalent_excess_gamma_dose_rate,uSv/h,50.0,1.0,6360,0.00044770000386051834,True,,1,0.1,0.09000000000000001,False,,0.0005546000029426068,
40,RADIATION,RADIATION,522600.9204974669,5697064.290406496,34,11,20.0,998.8225099362917,11.674306103371007,ground_equivalent_excess_gamma_dose_rate,uSv/h,50.0,1.0,6360,0.00037029999657534063,True,,1,0.1,0.09000000000000001,False,,0.000601100007770583,
41,RADIATION,RADIATION,522580.9204974669,5697064.290406496,34,10,20.0,1018.8225099362917,19.172354938763206,ground_equivalent_excess_gamma_dose_rate,uSv/h,50.0,1.0,6360,0.0003855000250041485,True,,1,0.1,0.09000000000000001,False,,0.0005606000195257366,
42,RADIATION,RADIATION,522560.9204974669,5697044.290406496,33,9,28.284271247461902,1047.1067811837536,90.06760926273076,ground_equivalent_excess_gamma_dose_rate,uSv/h,50.0,1.0,6360,0.00039339999784715474,True,,1,0.1,0.09000000000000001,False,,0.0005610999942291528,
43,RADIATION,RADIATION,522540.9204974669,5697064.290406496,34,8,28.284271247461902,1075.3910524312155,12.768544326454107,ground_equivalent_excess_gamma_dose_rate,uSv/h,50.0,1.0,6360,0.0004096000047866255,True,,1,0.1,0.09000000000000001,False,,0.0005362999800127,
44,RADIATION,RADIATION,522560.9204974669,5697064.290406496,34,9,20.0,1095.3910524312155,20.14770385540988,ground_equivalent_excess_gamma_dose_rate,uSv/h,50.0,1.0,6360,0.00038830001722089946,True,,1,0.1,0.09000000000000001,False,,0.0005607999919448048,
45,RADIATION,RADIATION,522540.9204974669,5697084.290406496,35,8,28.284271247461902,1123.6753236786774,6.828774669891772,ground_equivalent_excess_gamma_dose_rate,uSv/h,50.0,1.0,6360,0.0004335000121500343,True,,1,0.1,0.09000000000000001,False,,0.0005808999994769692,
46,RADIATION,RADIATION,522520.9204974669,5697064.290406496,34,7,28.284271247461902,1151.9595949261393,7.282202779299164,ground_equivalent_excess_gamma_dose_rate,uSv/h,50.0,1.0,6360,0.00036589999217540026,True,,1,0.1,0.09000000000000001,False,,0.0005572999943979084,
47,RADIATION,RADIATION,522520.9204974669,5697084.290406496,35,7,20.0,1171.9595949261393,4.896031386817546,ground_equivalent_excess_gamma_dose_rate,uSv/h,50.0,1.0,6360,0.0003685999836307019,True,,1,0.1,0.09000000000000001,False,,0.0005541999998968095,
48,RADIATION,RADIATION,522540.9204974669,5697104.290406496,36,8,28.284271247461902,1200.2438661736012,4.121674982113663,ground_equivalent_excess_gamma_dose_rate,uSv/h,50.0,1.0,6360,0.0004400000034365803,True,,1,0.1,0.09000000000000001,False,,0.0005509000038728118,
49,RADIATION,RADIATION,522520.9204974669,5697104.290406496,36,7,20.0,1220.2438661736012,3.344769590282122,ground_equivalent_excess_gamma_dose_rate,uSv/h,50.0,1.0,6360,0.00035230000503361225,True,,1,0.1,0.09000000000000001,False,,0.0005472000048030168,
50,RADIATION,RADIATION,522500.9204974669,5697104.290406496,36,6,20.0,1240.2438661736012,2.6108713340898833,ground_equivalent_excess_gamma_dose_rate,uSv/h,50.0,1.0,6360,0.00037220001104287803,True,,1,0.1,0.09000000000000001,False,,0.000547399977222085,
51,RADIATION,RADIATION,522480.9204974669,5697084.290406496,35,5,28.284271247461902,1268.528137421063,2.483263837649076,ground_equivalent_excess_gamma_dose_rate,uSv/h,50.0,1.0,6360,0.00037170000723563135,True,,1,0.1,0.09000000000000001,False,,0.0005443999834824353,
52,RADIATION,RADIATION,522480.9204974669,5697064.290406496,34,5,20.0,1288.528137421063,2.9490374375726405,ground_equivalent_excess_gamma_dose_rate,uSv/h,50.0,1.0,6360,0.00036789997830055654,True,,1,0.1,0.09000000000000001,False,,0.0005515999800991267,
53,RADIATION,RADIATION,522460.9204974669,5697064.290406496,34,4,20.0,1308.528137421063,2.0948337607443928,ground_equivalent_excess_gamma_dose_rate,uSv/h,50.0,1.0,6360,0.00038740001036785543,True,,1,0.1,0.09000000000000001,False,,0.0005528000183403492,
54,RADIATION,RADIATION,522440.9204974669,5697064.290406496,34,3,20.0,1328.528137421063,1.568772487262669,ground_equivalent_excess_gamma_dose_rate,uSv/h,50.0,1.0,6360,0.00037980001070536673,True,,1,0.1,0.09000000000000001,False,,0.0005651999963447452,
55,RADIATION,RADIATION,522420.9204974669,5697064.290406496,34,2,20.0,1348.528137421063,1.223783601270361,ground_equivalent_excess_gamma_dose_rate,uSv/h,50.0,1.0,6360,0.00037850000080652535,True,,1,0.1,0.09000000000000001,False,,0.0005356999754440039,
56,RADIATION,RADIATION,522400.9204974669,5697084.290406496,35,1,28.284271247461902,1376.812408668525,0.9323136092264299,ground_equivalent_excess_gamma_dose_rate,uSv/h,50.0,1.0,5725,0.0003744999994523823,True,,1,0.1,0.09000000000000001,False,,0.0005558000120799989,
57,RADIATION,RADIATION,522420.9204974669,5697104.290406496,36,2,28.284271247461902,1405.096679915987,1.0421857521108737,ground_equivalent_excess_gamma_dose_rate,uSv/h,50.0,1.0,6360,0.0003583999932743609,True,,1,0.1,0.09000000000000001,False,,0.00042970001231878996,
58,RADIATION,RADIATION,522440.9204974669,5697104.290406496,36,3,20.0,1425.096679915987,1.2766836655418274,ground_equivalent_excess_gamma_dose_rate,uSv/h,50.0,1.0,6360,0.000377499993192032,True,,1,0.1,0.09000000000000001,False,,0.000554799975361675,
59,RADIATION,RADIATION,522460.9204974669,5697124.290406496,37,4,28.284271247461902,1453.3809511634488,1.3519726844934583,ground_equivalent_excess_gamma_dose_rate,uSv/h,50.0,1.0,6360,0.0004856000014115125,True,,1,0.1,0.09000000000000001,False,,0.0005475000070873648,
60,RADIATION,RADIATION,522480.9204974669,5697144.290406496,38,5,28.284271247461902,1481.6652224109107,1.3383557920622524,ground_equivalent_excess_gamma_dose_rate,uSv/h,50.0,1.0,6360,0.0004425999941304326,True,,1,0.1,0.09000000000000001,False,,0.0005449999880511314,
61,RADIATION,RADIATION,522500.9204974669,5697144.290406496,38,6,20.0,1501.6652224109107,1.5559767689415642,ground_equivalent_excess_gamma_dose_rate,uSv/h,50.0,1.0,6360,0.0003533000126481056,True,,1,0.1,0.09000000000000001,False,,0.0005562999867834151,
62,RADIATION,RADIATION,522520.9204974669,5697144.290406496,38,7,20.0,1521.6652224109107,1.7758273776780629,ground_equivalent_excess_gamma_dose_rate,uSv/h,50.0,1.0,6360,0.00035030001890845597,True,,1,0.1,0.09000000000000001,False,,0.0005424999981187284,
63,RADIATION,RADIATION,522540.9204974669,5697144.290406496,38,8,20.0,1541.6652224109107,1.9620746151863113,ground_equivalent_excess_gamma_dose_rate,uSv/h,50.0,1.0,6360,0.00035960000241175294,True,,1,0.1,0.09000000000000001,False,,0.0005986000178381801,
64,RADIATION,RADIATION,522560.9204974669,5697124.290406496,37,9,28.284271247461902,1569.9494936583726,2.962012600691292,ground_equivalent_excess_gamma_dose_rate,uSv/h,50.0,1.0,6360,0.0003797000099439174,True,,1,0.1,0.09000000000000001,False,,0.0005737000028602779,
65,RADIATION,RADIATION,522560.9204974669,5697144.290406496,38,9,20.0,1589.9494936583726,2.0701940351926824,ground_equivalent_excess_gamma_dose_rate,uSv/h,50.0,1.0,6360,0.0003794000076595694,True,,1,0.1,0.09000000000000001,False,,0.0005929000035393983,
66,RADIATION,RADIATION,522580.9204974669,5697164.290406496,39,10,28.284271247461902,1618.2337649058345,1.543523230622249,ground_equivalent_excess_gamma_dose_rate,uSv/h,50.0,1.0,6360,0.000451600004453212,True,,1,0.1,0.09000000000000001,False,,0.0005397000059019774,
67,RADIATION,RADIATION,522560.9204974669,5697164.290406496,39,9,20.0,1638.2337649058345,1.5409470712892557,ground_equivalent_excess_gamma_dose_rate,uSv/h,50.0,1.0,6360,0.0003541999903973192,True,,1,0.1,0.09000000000000001,False,,0.0005490000185091048,
68,RADIATION,RADIATION,522540.9204974669,5697164.290406496,39,8,20.0,1658.2337649058345,1.4801651620220393,ground_equivalent_excess_gamma_dose_rate,uSv/h,50.0,1.0,6360,0.0003549999964889139,True,,1,0.1,0.09000000000000001,False,,0.0005565999890677631,
69,RADIATION,RADIATION,522520.9204974669,5697164.290406496,39,7,20.0,1678.2337649058345,1.3737853314324644,ground_equivalent_excess_gamma_dose_rate,uSv/h,50.0,1.0,6360,0.0003561000048648566,True,,1,0.1,0.09000000000000001,False,,0.0005548000044655055,
70,RADIATION,RADIATION,522520.9204974669,5697184.290406496,40,7,20.0,1698.2337649058345,1.0969907743514873,ground_equivalent_excess_gamma_dose_rate,uSv/h,50.0,1.0,6360,0.00044169998727738857,True,,1,0.1,0.09000000000000001,False,,0.000534699996933341,
71,RADIATION,RADIATION,522540.9204974669,5697204.290406496,41,8,28.284271247461902,1726.5180361532964,0.942489327954507,ground_equivalent_excess_gamma_dose_rate,uSv/h,50.0,1.0,6360,0.0004333999822847545,True,,1,0.1,0.09000000000000001,False,,0.0005599000141955912,
72,RADIATION,RADIATION,522560.9204974669,5697204.290406496,41,9,20.0,1746.5180361532964,0.9679248244859335,ground_equivalent_excess_gamma_dose_rate,uSv/h,50.0,1.0,6360,0.00035489999572746456,True,,1,0.1,0.09000000000000001,False,,0.0005641999887302518,
73,RADIATION,RADIATION,522580.9204974669,5697204.290406496,41,10,20.0,1766.5180361532964,0.9726642984361746,ground_equivalent_excess_gamma_dose_rate,uSv/h,50.0,1.0,6360,0.00035069999285042286,True,,1,0.1,0.09000000000000001,False,,0.0005827999848406762,
74,RADIATION,RADIATION,522600.9204974669,5697184.290406496,40,11,28.284271247461902,1794.8023074007583,1.1757415322929492,ground_equivalent_excess_gamma_dose_rate,uSv/h,50.0,1.0,6360,0.00038240000139921904,True,,1,0.1,0.09000000000000001,False,,0.0006215999892447144,
75,RADIATION,RADIATION,522620.9204974669,5697184.290406496,40,12,20.0,1814.8023074007583,1.1204449491619695,ground_equivalent_excess_gamma_dose_rate,uSv/h,50.0,1.0,6360,0.00038449998828582466,True,,1,0.1,0.09000000000000001,False,,0.0005558999837376177,
76,RADIATION,RADIATION,522620.9204974669,5697204.290406496,41,12,20.0,1834.8023074007583,0.9242903154705802,ground_equivalent_excess_gamma_dose_rate,uSv/h,50.0,1.0,6360,0.00036299999919719994,True,,1,0.1,0.09000000000000001,False,,0.0005619000003207475,
77,RADIATION,RADIATION,522640.9204974669,5697204.290406496,41,13,20.0,1854.8023074007583,0.8797178660274776,ground_equivalent_excess_gamma_dose_rate,uSv/h,50.0,1.0,6360,0.00037850000080652535,True,,1,0.1,0.09000000000000001,False,,0.0006244000105652958,
78,RADIATION,RADIATION,522620.9204974669,5697224.290406496,42,12,28.284271247461902,1883.0865786482202,0.7782913873773787,ground_equivalent_excess_gamma_dose_rate,uSv/h,50.0,1.0,6360,0.0004264999879524112,True,,1,0.1,0.09000000000000001,False,,0.0005533000221475959,
79,RADIATION,RADIATION,522600.9204974669,5697244.290406496,43,11,28.284271247461902,1911.370849895682,0.6786128924354629,ground_equivalent_excess_gamma_dose_rate,uSv/h,50.0,1.0,6360,0.0004366999783087522,True,,1,0.1,0.09000000000000001,False,,0.0005729999975301325,
80,RADIATION,RADIATION,522580.9204974669,5697244.290406496,43,10,20.0,1931.370849895682,0.6827249714603665,ground_equivalent_excess_gamma_dose_rate,uSv/h,50.0,1.0,6360,0.0004071999865118414,True,,1,0.1,0.09000000000000001,False,,0.0005607999919448048,
81,RADIATION,RADIATION,522560.9204974669,5697244.290406496,43,9,20.0,1951.370849895682,0.6779257938755034,ground_equivalent_excess_gamma_dose_rate,uSv/h,50.0,1.0,6360,0.0004007000243291259,True,,1,0.1,0.09000000000000001,False,,0.0005451000179164112,
82,RADIATION,RADIATION,522540.9204974669,5697244.290406496,43,8,20.0,1971.370849895682,0.6641098840670321,ground_equivalent_excess_gamma_dose_rate,uSv/h,50.0,1.0,6360,0.000388599990401417,True,,1,0.1,0.09000000000000001,False,,0.0005606999911833555,
83,RADIATION,RADIATION,522520.9204974669,5697224.290406496,42,7,28.284271247461902,1999.655121143144,0.7530634361052617,ground_equivalent_excess_gamma_dose_rate,uSv/h,50.0,1.0,6360,0.00036609999369829893,True,,1,0.1,0.09000000000000001,False,,0.0005609000218100846,
84,RADIATION,RADIATION,522500.9204974669,5697204.290406496,41,6,28.284271247461902,2027.939392390606,0.842849599143362,ground_equivalent_excess_gamma_dose_rate,uSv/h,50.0,1.0,6360,0.0003755999787244946,True,,1,0.1,0.09000000000000001,False,,0.0005479000101331621,
85,RADIATION,RADIATION,522480.9204974669,5697184.290406496,40,5,28.284271247461902,2056.2236636380676,0.9203985826783467,ground_equivalent_excess_gamma_dose_rate,uSv/h,50.0,1.0,6360,0.00036800000816583633,True,,1,0.1,0.09000000000000001,False,,0.0005523999861907214,
86,RADIATION,RADIATION,522480.9204974669,5697164.290406496,39,5,20.0,2076.2236636380676,1.102355902060635,ground_equivalent_excess_gamma_dose_rate,uSv/h,50.0,1.0,6360,0.00037120000342838466,True,,1,0.1,0.09000000000000001,False,,0.0005818999779876322,
87,RADIATION,RADIATION,522460.9204974669,5697144.290406496,38,4,28.284271247461902,2104.5079348855297,1.1426379313738142,ground_equivalent_excess_gamma_dose_rate,uSv/h,50.0,1.0,6360,0.00038660000427626073,True,,1,0.1,0.09000000000000001,False,,0.000538099993718788,
88,RADIATION,RADIATION,522440.9204974669,5697144.290406496,38,3,20.0,2124.5079348855297,0.975575184287689,ground_equivalent_excess_gamma_dose_rate,uSv/h,50.0,1.0,6360,0.00036410000757314265,True,,1,0.1,0.09000000000000001,False,,0.0005494999932125211,
89,RADIATION,RADIATION,522420.9204974669,5697124.290406496,37,2,28.284271247461902,2152.792206132992,0.9378710185970569,ground_equivalent_excess_gamma_dose_rate,uSv/h,50.0,1.0,6360,0.0003693999897222966,True,,1,0.1,0.09000000000000001,False,,0.0005520000122487545,
90,RADIATION,RADIATION,522420.9204974669,5697144.290406496,38,2,20.0,2172.792206132992,0.8366983911646808,ground_equivalent_excess_gamma_dose_rate,uSv/h,50.0,1.0,6360,0.000375300005543977,True,,1,0.1,0.09000000000000001,False,,0.0005119999987073243,
91,RADIATION,RADIATION,522440.9204974669,5697164.290406496,39,3,28.284271247461902,2201.076477380454,0.8486498644265517,ground_equivalent_excess_gamma_dose_rate,uSv/h,50.0,1.0,6360,0.000377499993192032,True,,1,0.1,0.09000000000000001,False,,0.0004658999969251454,
92,RADIATION,RADIATION,522440.9204974669,5697184.290406496,40,3,20.0,2221.076477380454,0.74008934543739,ground_equivalent_excess_gamma_dose_rate,uSv/h,50.0,1.0,6360,0.00036109998472966254,True,,1,0.1,0.09000000000000001,False,,0.0005553000082727522,
93,RADIATION,RADIATION,522460.9204974669,5697204.290406496,41,4,28.284271247461902,2249.360748627916,0.7131276141516556,ground_equivalent_excess_gamma_dose_rate,uSv/h,50.0,1.0,6360,0.0003651999868452549,True,,1,0.1,0.09000000000000001,False,,0.0005336000176612288,
94,RADIATION,RADIATION,522480.9204974669,5697224.290406496,42,5,28.284271247461902,2277.6450198753782,0.6683013500648687,ground_equivalent_excess_gamma_dose_rate,uSv/h,50.0,1.0,6360,0.0003426999901421368,True,,1,0.1,0.09000000000000001,False,,0.0005416000203695148,
95,RADIATION,RADIATION,522500.9204974669,5697244.290406496,43,6,28.284271247461902,2305.9292911228404,0.6134535263025509,ground_equivalent_excess_gamma_dose_rate,uSv/h,50.0,1.0,6360,0.0003741999971680343,True,,1,0.1,0.09000000000000001,False,,0.0005355000030249357,
96,RADIATION,RADIATION,522480.9204974669,5697244.290406496,43,5,20.0,2325.9292911228404,0.5801087086459842,ground_equivalent_excess_gamma_dose_rate,uSv/h,50.0,1.0,6360,0.00036490001366473734,True,,1,0.1,0.09000000000000001,False,,0.0005397000059019774,
97,RADIATION,RADIATION,522460.9204974669,5697244.290406496,43,4,20.0,2345.9292911228404,0.5440498573053021,ground_equivalent_excess_gamma_dose_rate,uSv/h,50.0,1.0,6360,0.00037200000951997936,True,,1,0.1,0.09000000000000001,False,,0.0005562999867834151,
98,RADIATION,RADIATION,522440.9204974669,5697244.290406496,43,3,20.0,2365.9292911228404,0.5070336917670253,ground_equivalent_excess_gamma_dose_rate,uSv/h,50.0,1.0,6360,0.00037640001391991973,True,,1,0.1,0.09000000000000001,False,,0.0004985999839846045,
99,RADIATION,RADIATION,522460.9204974669,5697264.290406496,44,4,28.284271247461902,2394.2135623703025,0.4814149305163596,ground_equivalent_excess_gamma_dose_rate,uSv/h,50.0,1.0,6360,0.00040869999793358147,True,,1,0.1,0.09000000000000001,False,,0.0003218000056222081,
100,RADIATION,RADIATION,522480.9204974669,5697284.290406496,45,5,28.284271247461902,2422.4978336177646,0.450888089857516,ground_equivalent_excess_gamma_dose_rate,uSv/h,50.0,1.0,6360,0.0004695999959949404,True,,1,0.1,0.09000000000000001,False,,0.00043269997695460916,
101,RADIATION,RADIATION,522500.9204974669,5697284.290406496,45,6,20.0,2442.4978336177646,0.47042608507221634,ground_equivalent_excess_gamma_dose_rate,uSv/h,50.0,1.0,6360,0.0003635999746620655,True,,1,0.1,0.09000000000000001,False,,0.000512800004798919,
102,RADIATION,RADIATION,522520.9204974669,5697284.290406496,45,7,20.0,2462.4978336177646,0.48711238708401167,ground_equivalent_excess_gamma_dose_rate,uSv/h,50.0,1.0,6360,0.00035340001340955496,True,,1,0.1,0.09000000000000001,False,,0.0005749000119976699,
103,RADIATION,RADIATION,522540.9204974669,5697284.290406496,45,8,20.0,2482.4978336177646,0.5001760148745176,ground_equivalent_excess_gamma_dose_rate,uSv/h,50.0,1.0,6360,0.00036169998929835856,True,,1,0.1,0.09000000000000001,False,,0.0005532000213861465,
104,RADIATION,RADIATION,522560.9204974669,5697284.290406496,45,9,20.0,2502.4978336177646,0.5090362490110376,ground_equivalent_excess_gamma_dose_rate,uSv/h,50.0,1.0,6360,0.000371000001905486,True,,1,0.1,0.09000000000000001,False,,0.0005475999787449837,
105,RADIATION,RADIATION,522580.9204974669,5697284.290406496,45,10,20.0,2522.4978336177646,0.5133983489046681,ground_equivalent_excess_gamma_dose_rate,uSv/h,50.0,1.0,6360,0.00034840000444091856,True,,1,0.1,0.09000000000000001,False,,0.0005321000062394887,
106,RADIATION,RADIATION,522600.9204974669,5697284.290406496,45,11,20.0,2542.4978336177646,0.5133071515800971,ground_equivalent_excess_gamma_dose_rate,uSv/h,50.0,1.0,6360,0.0003476999991107732,True,,1,0.1,0.09000000000000001,False,,0.000542099995072931,
107,RADIATION,RADIATION,522620.9204974669,5697264.290406496,44,12,28.284271247461902,2570.7821048652268,0.5791130433562512,ground_equivalent_excess_gamma_dose_rate,uSv/h,50.0,1.0,6360,0.0003724000125657767,True,,1,0.1,0.09000000000000001,False,,0.0005523000145331025,
108,RADIATION,RADIATION,522640.9204974669,5697244.290406496,43,13,28.284271247461902,2599.066376112689,0.6484004098019529,ground_equivalent_excess_gamma_dose_rate,uSv/h,50.0,1.0,6360,0.00036609999369829893,True,,1,0.1,0.09000000000000001,False,,0.0005357000045478344,
109,RADIATION,RADIATION,522640.9204974669,5697224.290406496,42,13,20.0,2619.066376112689,0.749998609839905,ground_equivalent_excess_gamma_dose_rate,uSv/h,50.0,1.0,6360,0.0003704999980982393,True,,1,0.1,0.09000000000000001,False,,0.000545499991858378,
110,RADIATION,RADIATION,522660.9204974669,5697244.290406496,43,14,28.284271247461902,2647.350647360151,0.6260238917878274,ground_equivalent_excess_gamma_dose_rate,uSv/h,50.0,1.0,6360,0.00038499999209307134,True,,1,0.1,0.09000000000000001,False,,0.0005321000062394887,
111,RADIATION,RADIATION,522680.9204974669,5697224.290406496,42,15,28.284271247461902,2675.634918607613,0.6809558742997357,ground_equivalent_excess_gamma_dose_rate,uSv/h,50.0,1.0,6360,0.00037789999623782933,True,,1,0.1,0.09000000000000001,False,,0.0005429000011645257,
112,RADIATION,RADIATION,522700.9204974669,5697244.290406496,43,16,28.284271247461902,2703.9191898550753,0.5765672501280197,ground_equivalent_excess_gamma_dose_rate,uSv/h,50.0,1.0,6360,0.00037519997567869723,True,,1,0.1,0.09000000000000001,False,,0.0005819000070914626,
113,RADIATION,RADIATION,522720.9204974669,5697224.290406496,42,17,28.284271247461902,2732.2034611025374,0.6131146945448516,ground_equivalent_excess_gamma_dose_rate,uSv/h,50.0,1.0,6360,0.0004071999865118414,True,,1,0.1,0.09000000000000001,False,,0.0005452999903354794,
114,RADIATION,RADIATION,522720.9204974669,5697204.290406496,41,17,20.0,2752.2034611025374,0.682369889515333,ground_equivalent_excess_gamma_dose_rate,uSv/h,50.0,1.0,6360,0.0003684000112116337,True,,1,0.1,0.09000000000000001,False,,0.0005446999857667834,
115,RADIATION,RADIATION,522740.9204974669,5697184.290406496,40,18,28.284271247461902,2780.4877323499995,0.7094412625489166,ground_equivalent_excess_gamma_dose_rate,uSv/h,50.0,1.0,6360,0.0003955999854952097,True,,1,0.1,0.09000000000000001,False,,0.0005710000114049762,
116,RADIATION,RADIATION,522760.9204974669,5697204.290406496,41,19,28.284271247461902,2808.7720035974617,0.6106919509259607,ground_equivalent_excess_gamma_dose_rate,uSv/h,50.0,1.0,6360,0.00036669999826699495,True,,1,0.1,0.09000000000000001,False,,0.00059120001969859,
117,RADIATION,RADIATION,522760.9204974669,5697184.290406496,40,19,20.0,2828.7720035974617,0.6673680474864347,ground_equivalent_excess_gamma_dose_rate,uSv/h,50.0,1.0,6360,0.00036479998379945755,True,,1,0.1,0.09000000000000001,False,,0.00060299999313429,
118,RADIATION,RADIATION,522760.9204974669,5697164.290406496,39,19,20.0,2848.7720035974617,0.728123704720975,ground_equivalent_excess_gamma_dose_rate,uSv/h,50.0,1.0,6360,0.000390799978049472,True,,1,0.1,0.09000000000000001,False,,0.0005802000232506543,
119,RADIATION,RADIATION,522780.9204974669,5697144.290406496,38,20,28.284271247461902,2877.056274844924,0.7422209468666003,ground_equivalent_excess_gamma_dose_rate,uSv/h,50.0,1.0,6360,0.0003890999942086637,True,,1,0.1,0.09000000000000001,False,,0.0005812000017613173,
120,RADIATION,RADIATION,522800.9204974669,5697124.290406496,37,21,28.284271247461902,2905.340546092386,0.7577652233594483,ground_equivalent_excess_gamma_dose_rate,uSv/h,50.0,1.0,6360,0.00039030000334605575,True,,1,0.1,0.09000000000000001,False,,0.0005749999836552888,
121,RADIATION,RADIATION,522780.9204974669,5697104.290406496,36,20,28.284271247461902,2933.624817339848,0.851209292942547,ground_equivalent_excess_gamma_dose_rate,uSv/h,50.0,1.0,6360,0.0003789000038523227,True,,1,0.1,0.09000000000000001,False,,0.0005456000217236578,
122,RADIATION,RADIATION,522760.9204974669,5697104.290406496,36,19,20.0,2953.624817339848,0.9203409655086043,ground_equivalent_excess_gamma_dose_rate,uSv/h,50.0,1.0,6360,0.0004017000028397888,True,,1,0.1,0.09000000000000001,False,,0.0005443000118248165,
123,RADIATION,RADIATION,522740.9204974669,5697104.290406496,36,18,20.0,2973.624817339848,1.0209001047553863,ground_equivalent_excess_gamma_dose_rate,uSv/h,50.0,1.0,6360,0.0003566000086721033,True,,1,0.1,0.09000000000000001,False,,0.0005785999819636345,
124,RADIATION,RADIATION,522720.9204974669,5697104.290406496,36,17,20.0,2993.624817339848,1.1633346067929007,ground_equivalent_excess_gamma_dose_rate,uSv/h,50.0,1.0,6360,0.0003637000045273453,True,,1,0.1,0.09000000000000001,False,,0.0005701000045519322,
125,RADIATION,RADIATION,522700.9204974669,5697084.290406496,35,16,28.284271247461902,3021.90908858731,1.5171938441236883,ground_equivalent_excess_gamma_dose_rate,uSv/h,50.0,1.0,6360,0.00036619999445974827,True,,1,0.1,0.09000000000000001,False,,0.000550799974007532,
126,RADIATION,RADIATION,522680.9204974669,5697084.290406496,35,15,20.0,3041.90908858731,1.8895294547442834,ground_equivalent_excess_gamma_dose_rate,uSv/h,50.0,1.0,6360,0.0003643999807536602,True,,1,0.1,0.09000000000000001,False,,0.0005643999902531505,
127,RADIATION,RADIATION,522660.9204974669,5697084.290406496,35,14,20.0,3061.90908858731,2.4551436968817435,ground_equivalent_excess_gamma_dose_rate,uSv/h,50.0,1.0,6360,0.00036440000985749066,True,,1,0.1,0.09000000000000001,False,,0.0005476000078488141,
128,RADIATION,RADIATION,522640.9204974669,5697064.290406496,34,13,28.284271247461902,3090.1933598347723,4.2120300121117085,ground_equivalent_excess_gamma_dose_rate,uSv/h,50.0,1.0,6360,0.00036360000376589596,True,,1,0.1,0.09000000000000001,False,,0.0005949999904260039,
129,RADIATION,RADIATION,522640.9204974669,5697044.290406496,33,13,20.0,3110.1933598347723,4.949012462138781,ground_equivalent_excess_gamma_dose_rate,uSv/h,50.0,1.0,6360,0.0003912000101990998,True,,1,0.1,0.09000000000000001,False,,0.0005692999984603375,
130,RADIATION,RADIATION,522640.9204974669,5697024.290406496,32,13,20.0,3130.1933598347723,5.122795119767172,ground_equivalent_excess_gamma_dose_rate,uSv/h,50.0,1.0,6360,0.0003603000077418983,True,,1,0.1,0.09000000000000001,False,,0.0005654999986290932,
131,RADIATION,RADIATION,522640.9204974669,5697004.290406496,31,13,20.0,3150.1933598347723,4.61638124097897,ground_equivalent_excess_gamma_dose_rate,uSv/h,50.0,1.0,6360,0.00036520001594908535,True,,1,0.1,0.09000000000000001,False,,0.0005735999729949981,
132,RADIATION,RADIATION,522640.9204974669,5696984.290406497,30,13,19.999999999068677,3170.193359833841,3.780993638236737,ground_equivalent_excess_gamma_dose_rate,uSv/h,50.0,1.0,6360,0.00035940000088885427,True,,1,0.1,0.09000000000000001,False,,0.0005685999931301922,
133,RADIATION,RADIATION,522620.9204974669,5696964.290406497,29,12,28.284271247461902,3198.477631081303,3.903144153076667,ground_equivalent_excess_gamma_dose_rate,uSv/h,50.0,1.0,6360,0.00035990000469610095,True,,1,0.1,0.09000000000000001,False,,0.0005669999809470028,
134,RADIATION,RADIATION,522640.9204974669,5696964.290406497,29,13,20.0,3218.477631081303,2.9837572574366793,ground_equivalent_excess_gamma_dose_rate,uSv/h,50.0,1.0,6360,0.00034970001433975995,True,,1,0.1,0.09000000000000001,False,,0.0005497000238392502,
135,RADIATION,RADIATION,522660.9204974669,5696964.290406497,29,14,20.0,3238.477631081303,2.3210269383626496,ground_equivalent_excess_gamma_dose_rate,uSv/h,50.0,1.0,6360,0.00037850000080652535,True,,1,0.1,0.09000000000000001,False,,0.0005609999934677035,
136,RADIATION,RADIATION,522680.9204974669,5696984.290406497,30,15,28.284271247461902,3266.7619023287652,2.0702551760877643,ground_equivalent_excess_gamma_dose_rate,uSv/h,50.0,1.0,6360,0.00036979999276809394,True,,1,0.1,0.09000000000000001,False,,0.0005395000043790787,
137,RADIATION,RADIATION,522680.9204974669,5697004.290406496,31,15,19.999999999068677,3286.761902327834,2.2378395978397183,ground_equivalent_excess_gamma_dose_rate,uSv/h,50.0,1.0,6360,0.0003604999801609665,True,,1,0.1,0.09000000000000001,False,,0.0005664000054821372,
138,RADIATION,RADIATION,522680.9204974669,5697024.290406496,32,15,20.0,3306.761902327834,2.315571204262094,ground_equivalent_excess_gamma_dose_rate,uSv/h,50.0,1.0,6360,0.0003601000062189996,True,,1,0.1,0.09000000000000001,False,,0.0005698999739252031,
139,RADIATION,RADIATION,522700.9204974669,5697044.290406496,33,16,28.284271247461902,3335.046173575296,1.7426217188081812,ground_equivalent_excess_gamma_dose_rate,uSv/h,50.0,1.0,6360,0.00036410000757314265,True,,1,0.1,0.09000000000000001,False,,0.0005417000211309642,
140,RADIATION,RADIATION,522720.9204974669,5697024.290406496,32,17,28.284271247461902,3363.330444822758,1.4419960547839752,ground_equivalent_excess_gamma_dose_rate,uSv/h,50.0,1.0,6360,0.00037949997931718826,True,,1,0.1,0.09000000000000001,False,,0.0005441000103019178,
141,RADIATION,RADIATION,522720.9204974669,5697004.290406496,31,17,20.0,3383.330444822758,1.4323703495963567,ground_equivalent_excess_gamma_dose_rate,uSv/h,50.0,1.0,6360,0.0003515999997034669,True,,1,0.1,0.09000000000000001,False,,0.0005505000008270144,
142,RADIATION,RADIATION,522720.9204974669,5696984.290406497,30,17,19.999999999068677,3403.330444821827,1.3924725017107784,ground_equivalent_excess_gamma_dose_rate,uSv/h,50.0,1.0,6360,0.0003465000190772116,True,,1,0.1,0.09000000000000001,False,,0.0005496000230778009,
143,RADIATION,RADIATION,522700.9204974669,5696964.290406497,29,16,28.284271247461902,3431.614716069289,1.5492181587552614,ground_equivalent_excess_gamma_dose_rate,uSv/h,50.0,1.0,6360,0.0003464000183157623,True,,1,0.1,0.09000000000000001,False,,0.0005442000110633671,
144,RADIATION,RADIATION,522680.9204974669,5696944.290406497,28,15,28.284271247461902,3459.898987316751,1.659422356406965,ground_equivalent_excess_gamma_dose_rate,uSv/h,50.0,1.0,6360,0.00034699999378062785,True,,1,0.1,0.09000000000000001,False,,0.0005812000017613173,
145,RADIATION,RADIATION,522660.9204974669,5696924.290406497,27,14,28.284271247461902,3488.1832585642132,1.682021453096053,ground_equivalent_excess_gamma_dose_rate,uSv/h,50.0,1.0,6360,0.00034810000215657055,True,,1,0.1,0.09000000000000001,False,,0.0005879000236745924,
146,RADIATION,RADIATION,522680.9204974669,5696924.290406497,27,15,20.0,3508.1832585642132,1.4825414496152978,ground_equivalent_excess_gamma_dose_rate,uSv/h,50.0,1.0,6360,0.0003372000064700842,True,,1,0.1,0.09000000000000001,False,,0.0006433000089600682,
147,RADIATION,RADIATION,522700.9204974669,5696944.290406497,28,16,28.284271247461902,3536.4675298116754,1.4316184365531828,ground_equivalent_excess_gamma_dose_rate,uSv/h,50.0,1.0,6360,0.00034080000477842987,True,,1,0.1,0.09000000000000001,False,,0.0005747000104747713,
148,RADIATION,RADIATION,522720.9204974669,5696944.290406497,28,17,20.0,3556.4675298116754,1.2656605371090797,ground_equivalent_excess_gamma_dose_rate,uSv/h,50.0,1.0,6360,0.0003307000151835382,True,,1,0.1,0.09000000000000001,False,,0.0005685999931301922,
149,RADIATION,RADIATION,522740.9204974669,5696964.290406497,29,18,28.284271247461902,3584.7518010591375,1.184530099823079,ground_equivalent_excess_gamma_dose_rate,uSv/h,50.0,1.0,6360,0.0003564000071492046,True,,1,0.1,0.09000000000000001,False,,0.0005460999964270741,
150,RADIATION,RADIATION,522760.9204974669,5696984.290406497,30,19,28.284271247461902,3613.0360723065996,1.0982484557331995,ground_equivalent_excess_gamma_dose_rate,uSv/h,50.0,1.0,6360,0.0003225000109523535,True,,1,0.1,0.09000000000000001,False,,0.0005407000135164708,
151,RADIATION,RADIATION,522780.9204974669,5697004.290406496,31,20,28.284271246803357,3641.320343553403,1.0203356501201353,ground_equivalent_excess_gamma_dose_rate,uSv/h,50.0,1.0,6360,0.00035909999860450625,True,,1,0.1,0.09000000000000001,False,,0.0005547000037040561,
152,RADIATION,RADIATION,522760.9204974669,5697024.290406496,32,19,28.284271247461902,3669.6046148008645,1.0918684172607038,ground_equivalent_excess_gamma_dose_rate,uSv/h,50.0,1.0,6360,0.0003609000123105943,True,,1,0.1,0.09000000000000001,False,,0.0005352000007405877,
153,RADIATION,RADIATION,522740.9204974669,5697044.290406496,33,18,28.284271247461902,3697.8888860483266,1.20498846498176,ground_equivalent_excess_gamma_dose_rate,uSv/h,50.0,1.0,6360,0.0003479000006336719,True,,1,0.1,0.09000000000000001,False,,0.0005802000232506543,
154,RADIATION,RADIATION,522740.9204974669,5697064.290406496,34,18,20.0,3717.8888860483266,1.159118385418323,ground_equivalent_excess_gamma_dose_rate,uSv/h,50.0,1.0,6360,0.0003766999871004373,True,,1,0.1,0.09000000000000001,False,,0.0005806000262964517,
155,RADIATION,RADIATION,522760.9204974669,5697044.290406496,33,19,28.284271247461902,3746.1731572957888,1.067616281179205,ground_equivalent_excess_gamma_dose_rate,uSv/h,50.0,1.0,6360,0.0003423000162001699,True,,1,0.1,0.09000000000000001,False,,0.0005508000031113625,
156,RADIATION,RADIATION,522780.9204974669,5697044.290406496,33,20,20.0,3766.1731572957888,0.9800620013729218,ground_equivalent_excess_gamma_dose_rate,uSv/h,50.0,1.0,6360,0.0003561999765224755,True,,1,0.1,0.09000000000000001,False,,0.0005511999770533293,
157,RADIATION,RADIATION,522800.9204974669,5697064.290406496,34,21,28.284271247461902,3794.457428543251,0.894204306775596,ground_equivalent_excess_gamma_dose_rate,uSv/h,50.0,1.0,6360,0.0003727000148501247,True,,1,0.1,0.09000000000000001,False,,0.0005764999950770289,
158,RADIATION,RADIATION,522820.9204974669,5697064.290406496,34,22,20.0,3814.457428543251,0.8709612907034778,ground_equivalent_excess_gamma_dose_rate,uSv/h,50.0,1.0,6360,0.0003882000164594501,True,,1,0.1,0.09000000000000001,False,,0.0006064999906811863,
159,RADIATION,RADIATION,522840.9204974669,5697064.290406496,34,23,20.0,3834.457428543251,0.8719378713706047,ground_equivalent_excess_gamma_dose_rate,uSv/h,50.0,1.0,6360,0.0003578999894671142,True,,1,0.1,0.09000000000000001,False,,0.0005686999938916415,
160,RADIATION,RADIATION,522860.9204974669,5697064.290406496,34,24,20.0,3854.457428543251,0.896399546296561,ground_equivalent_excess_gamma_dose_rate,uSv/h,50.0,1.0,6360,0.00037020002491772175,True,,1,0.1,0.09000000000000001,False,,0.0005558000120799989,
161,RADIATION,RADIATION,522880.9204974669,5697084.290406496,35,25,28.284271247461902,3882.741699790713,0.8767184751855455,ground_equivalent_excess_gamma_dose_rate,uSv/h,50.0,1.0,6360,0.00036539998836815357,True,,1,0.1,0.09000000000000001,False,,0.0005522999854292721,
162,RADIATION,RADIATION,522860.9204974669,5697104.290406496,36,24,28.284271247461902,3911.025971038175,0.7847706749529777,ground_equivalent_excess_gamma_dose_rate,uSv/h,50.0,1.0,6360,0.00036139998701401055,True,,1,0.1,0.09000000000000001,False,,0.0005515000084415078,
163,RADIATION,RADIATION,522880.9204974669,5697104.290406496,36,25,20.0,3931.025971038175,0.8095402813103656,ground_equivalent_excess_gamma_dose_rate,uSv/h,50.0,1.0,6360,0.0003656999906525016,True,,1,0.1,0.09000000000000001,False,,0.0005499000253621489,
164,RADIATION,RADIATION,522900.9204974669,5697104.290406496,36,26,20.0,3951.025971038175,0.8496639122034009,ground_equivalent_excess_gamma_dose_rate,uSv/h,50.0,1.0,6360,0.0003789000038523227,True,,1,0.1,0.09000000000000001,False,,0.0005653999978676438,
165,RADIATION,RADIATION,522920.9204974669,5697124.290406496,37,27,28.284271247461902,3979.3102422856373,0.8108872677559196,ground_equivalent_excess_gamma_dose_rate,uSv/h,50.0,1.0,6360,0.0003775999939534813,True,,1,0.1,0.09000000000000001,False,,0.0005442000110633671,
166,RADIATION,RADIATION,522920.9204974669,5697104.290406496,36,27,20.0,3999.3102422856373,0.9050601194843273,ground_equivalent_excess_gamma_dose_rate,uSv/h,50.0,1.0,6360,0.0003533999843057245,True,,1,0.1,0.09000000000000001,False,,0.0005434999766293913,
167,RADIATION,RADIATION,522940.9204974669,5697104.290406496,36,28,20.0,4019.3102422856373,0.9750742918010724,ground_equivalent_excess_gamma_dose_rate,uSv/h,50.0,1.0,6360,0.00037990001146681607,True,,1,0.1,0.09000000000000001,False,,0.0005606999911833555,
168,RADIATION,RADIATION,522960.9204974669,5697124.290406496,37,29,28.284271247461902,4047.5945135330994,0.9114832475808103,ground_equivalent_excess_gamma_dose_rate,uSv/h,50.0,1.0,6360,0.00035930000012740493,True,,1,0.1,0.09000000000000001,False,,0.0005700000037904829,
169,RADIATION,RADIATION,522980.9204974669,5697104.290406496,36,30,28.284271247461902,4075.8787847805615,1.147708620863277,ground_equivalent_excess_gamma_dose_rate,uSv/h,50.0,1.0,6360,0.00038899999344721437,True,,1,0.1,0.09000000000000001,False,,0.0005712999845854938,
170,RADIATION,RADIATION,523000.920497467,5697124.290406496,37,31,28.28427124750306,4104.163056028065,1.021102915137919,ground_equivalent_excess_gamma_dose_rate,uSv/h,50.0,1.0,6360,0.00036860001273453236,True,,1,0.1,0.09000000000000001,False,,0.0005423000256996602,
171,RADIATION,RADIATION,523020.920497467,5697104.290406496,36,32,28.284271247461902,4132.447327275527,1.3125720588927299,ground_equivalent_excess_gamma_dose_rate,uSv/h,50.0,1.0,6360,0.0003772000200115144,True,,1,0.1,0.09000000000000001,False,,0.0005748999828938395,
172,RADIATION,RADIATION,523040.920497467,5697124.290406496,37,33,28.284271247461902,4160.731598522989,1.0885098871495986,ground_equivalent_excess_gamma_dose_rate,uSv/h,50.0,1.0,6360,0.00035530002787709236,True,,1,0.1,0.09000000000000001,False,,0.0005587000050581992,
173,RADIATION,RADIATION,523060.920497467,5697104.290406496,36,34,28.284271247461902,4189.015869770451,1.3680263535320603,ground_equivalent_excess_gamma_dose_rate,uSv/h,50.0,1.0,6360,0.0003683999821078032,True,,1,0.1,0.09000000000000001,False,,0.0005686999938916415,
174,RADIATION,RADIATION,523080.920497467,5697124.290406496,37,35,28.284271247461902,4217.300141017913,1.063811245974916,ground_equivalent_excess_gamma_dose_rate,uSv/h,50.0,1.0,6360,0.00035360001493245363,True,,1,0.1,0.09000000000000001,False,,0.0005318999756127596,
175,RADIATION,RADIATION,523100.920497467,5697104.290406496,36,36,28.284271247461902,4245.584412265375,1.256709229647504,ground_equivalent_excess_gamma_dose_rate,uSv/h,50.0,1.0,6360,0.0003499000158626586,True,,1,0.1,0.09000000000000001,False,,0.0005751000135205686,
176,RADIATION,RADIATION,523100.920497467,5697084.290406496,35,36,20.0,4265.584412265375,1.6065860577809148,ground_equivalent_excess_gamma_dose_rate,uSv/h,50.0,1.0,6360,0.0003972999984398484,True,,1,0.1,0.09000000000000001,False,,0.0005588999774772674,
177,RADIATION,RADIATION,523120.920497467,5697064.290406496,34,37,28.284271247461902,4293.868683512837,1.8495132813693604,ground_equivalent_excess_gamma_dose_rate,uSv/h,50.0,1.0,6360,0.00037579998024739325,True,,1,0.1,0.09000000000000001,False,,0.0005800999933853745,
178,RADIATION,RADIATION,523140.920497467,5697084.290406496,35,38,28.284271247461902,4322.1529547602995,1.2659600255060348,ground_equivalent_excess_gamma_dose_rate,uSv/h,50.0,1.0,6360,0.0003890999942086637,True,,1,0.1,0.09000000000000001,False,,0.0005722999921999872,
179,RADIATION,RADIATION,523140.920497467,5697064.290406496,34,38,20.0,4342.1529547602995,1.5634931761378859,ground_equivalent_excess_gamma_dose_rate,uSv/h,50.0,1.0,6360,0.00036619999445974827,True,,1,0.1,0.09000000000000001,False,,0.0005877000221516937,
180,RADIATION,RADIATION,523140.920497467,5697044.290406496,33,38,20.0,4362.1529547602995,1.956616819621989,ground_equivalent_excess_gamma_dose_rate,uSv/h,50.0,1.0,6360,0.00038889999268576503,True,,1,0.1,0.09000000000000001,False,,0.0005514000076800585,
181,RADIATION,RADIATION,523160.920497467,5697024.290406496,32,39,28.284271247461902,4390.437226007762,1.8650326128695929,ground_equivalent_excess_gamma_dose_rate,uSv/h,50.0,1.0,6360,0.00040610000723972917,True,,1,0.1,0.09000000000000001,False,,0.0005582000012509525,
182,RADIATION,RADIATION,523140.920497467,5697004.290406496,31,38,28.284271247461902,4418.721497255224,3.0447605797174107,ground_equivalent_excess_gamma_dose_rate,uSv/h,50.0,1.0,6360,0.00038889999268576503,True,,1,0.1,0.09000000000000001,False,,0.0005543999723158777,
183,RADIATION,RADIATION,523160.920497467,5696984.290406497,30,39,28.284271246803357,4447.005768502027,2.4320682186664637,ground_equivalent_excess_gamma_dose_rate,uSv/h,50.0,1.0,6360,0.0003892999957315624,True,,1,0.1,0.09000000000000001,False,,0.0005478000093717128,
184,RADIATION,RADIATION,523140.920497467,5696964.290406497,29,38,28.284271247461902,4475.29003974949,3.895971103044892,ground_equivalent_excess_gamma_dose_rate,uSv/h,50.0,1.0,6360,0.00038240000139921904,True,,1,0.1,0.09000000000000001,False,,0.0005552000075113028,
185,RADIATION,RADIATION,523160.920497467,5696944.290406497,28,39,28.284271247461902,4503.574310996952,2.513471875294036,ground_equivalent_excess_gamma_dose_rate,uSv/h,50.0,1.0,6360,0.0004340999876148999,True,,1,0.1,0.09000000000000001,False,,0.0005520999839063734,
186,RADIATION,RADIATION,523140.920497467,5696924.290406497,27,38,28.284271247461902,4531.858582244414,3.3129955298339526,ground_equivalent_excess_gamma_dose_rate,uSv/h,50.0,1.0,6360,0.00039450000622309744,True,,1,0.1,0.09000000000000001,False,,0.0005530999915208668,
187,RADIATION,RADIATION,523120.920497467,5696924.290406497,27,37,20.0,4551.858582244414,5.105413604429917,ground_equivalent_excess_gamma_dose_rate,uSv/h,50.0,1.0,6360,0.0003782999992836267,True,,1,0.1,0.09000000000000001,False,,0.0005757999897468835,
188,RADIATION,RADIATION,523100.920497467,5696904.290406497,26,36,28.284271247461902,4580.142853491876,5.366778484016544,ground_equivalent_excess_gamma_dose_rate,uSv/h,50.0,1.0,6360,0.0005278000026009977,True,,1,0.1,0.09000000000000001,False,,0.0006339000246953219,
189,RADIATION,RADIATION,523120.920497467,5696884.290406497,25,37,28.284271247461902,4608.427124739338,2.805803382385994,ground_equivalent_excess_gamma_dose_rate,uSv/h,50.0,1.0,6360,0.00044169998727738857,True,,1,0.1,0.09000000000000001,False,,0.0006322999834083021,
190,RADIATION,RADIATION,523100.920497467,5696864.290406497,24,36,28.284271247461902,4636.7113959868,2.493793380791034,ground_equivalent_excess_gamma_dose_rate,uSv/h,50.0,1.0,6360,0.00043420001748017967,True,,1,0.1,0.09000000000000001,False,,0.0005631000094581395,
191,RADIATION,RADIATION,523080.920497467,5696864.290406497,24,35,20.0,4656.7113959868,2.8108101190447914,ground_equivalent_excess_gamma_dose_rate,uSv/h,50.0,1.0,6360,0.00037579998024739325,True,,1,0.1,0.09000000000000001,False,,0.0005673999839928001,
192,RADIATION,RADIATION,523060.920497467,5696884.290406497,25,34,28.284271247461902,4684.995667234262,4.590236738591394,ground_equivalent_excess_gamma_dose_rate,uSv/h,50.0,1.0,6360,0.000378400000045076,True,,1,0.1,0.09000000000000001,False,,0.0005526999884750694,
193,RADIATION,RADIATION,523040.920497467,5696864.290406497,24,33,28.284271247461902,4713.2799384817245,2.8800434908517687,ground_equivalent_excess_gamma_dose_rate,uSv/h,50.0,1.0,6360,0.00036669999826699495,True,,1,0.1,0.09000000000000001,False,,0.0005584000027738512,
194,RADIATION,RADIATION,523020.920497467,5696884.290406497,25,32,28.284271247461902,4741.564209729187,3.7325523587856924,ground_equivalent_excess_gamma_dose_rate,uSv/h,50.0,1.0,6360,0.00036559998989105225,True,,1,0.1,0.09000000000000001,False,,0.0005681999900843948,
195,RADIATION,RADIATION,523000.920497467,5696864.290406497,24,31,28.284271247461902,4769.848480976649,2.275853580043821,ground_equivalent_excess_gamma_dose_rate,uSv/h,50.0,1.0,6360,0.0003768000169657171,True,,1,0.1,0.09000000000000001,False,,0.0005588000058196485,
196,RADIATION,RADIATION,523000.920497467,5696844.290406497,23,31,20.0,4789.848480976649,1.7821405292786237,ground_equivalent_excess_gamma_dose_rate,uSv/h,50.0,1.0,6360,0.00048619997687637806,True,,1,0.1,0.09000000000000001,False,,0.0005495999939739704,
197,RADIATION,RADIATION,523020.920497467,5696824.290406497,22,32,28.284271247461902,4818.132752224111,1.5347583907847038,ground_equivalent_excess_gamma_dose_rate,uSv/h,50.0,1.0,6360,0.00044269999489188194,True,,1,0.1,0.09000000000000001,False,,0.0005612999957520515,
198,RADIATION,RADIATION,523040.920497467,5696824.290406497,22,33,20.0,4838.132752224111,1.5895096435014653,ground_equivalent_excess_gamma_dose_rate,uSv/h,50.0,1.0,6360,0.00036559998989105225,True,,1,0.1,0.09000000000000001,False,,0.0005988000193610787,
199,RADIATION,RADIATION,523060.920497467,5696824.290406497,22,34,20.0,4858.132752224111,1.5944784923819733,ground_equivalent_excess_gamma_dose_rate,uSv/h,50.0,1.0,6360,0.0003657999914139509,True,,1,0.1,0.09000000000000001,False,,0.0005730999982915819,
200,RADIATION,RADIATION,523080.920497467,5696824.290406497,22,35,20.0,4878.132752224111,1.543563765611358,ground_equivalent_excess_gamma_dose_rate,uSv/h,50.0,1.0,6360,0.00037700001848861575,True,,1,0.1,0.09000000000000001,False,,0.0005792999872937799,
201,RADIATION,RADIATION,523100.920497467,5696824.290406497,22,36,20.0,4898.132752224111,1.4445534898064465,ground_equivalent_excess_gamma_dose_rate,uSv/h,50.0,1.0,6360,0.0003899000003002584,True,,1,0.1,0.09000000000000001,False,,0.0005482000124175102,
202,RADIATION,RADIATION,523120.920497467,5696844.290406497,23,37,28.284271247461902,4926.417023471573,1.6415612966088875,ground_equivalent_excess_gamma_dose_rate,uSv/h,50.0,1.0,6360,0.0003902000025846064,True,,1,0.1,0.09000000000000001,False,,0.0005735000013373792,
203,RADIATION,RADIATION,523140.920497467,5696864.290406497,24,38,28.284271247461902,4954.701294719035,1.751763862894859,ground_equivalent_excess_gamma_dose_rate,uSv/h,50.0,1.0,6360,0.0003583999932743609,True,,1,0.1,0.09000000000000001,False,,0.0005420000234153122,
204,RADIATION,RADIATION,523160.920497467,5696884.290406497,25,39,28.284271247461902,4982.985565966497,1.7147385185717845,ground_equivalent_excess_gamma_dose_rate,uSv/h,50.0,1.0,6360,0.000363900006050244,True,,1,0.1,0.09000000000000001,False,,0.0005723999929614365,
205,RADIATION,RADIATION,523180.920497467,5696904.290406497,26,40,28.284271247461902,5011.269837213959,1.5425779827813986,ground_equivalent_excess_gamma_dose_rate,uSv/h,50.0,1.0,6360,0.00037640001391991973,True,,1,0.1,0.09000000000000001,False,,0.0005399000074248761,
206,RADIATION,RADIATION,523200.920497467,5696924.290406497,27,41,28.284271247461902,5039.5541084614215,1.3064986859134509,ground_equivalent_excess_gamma_dose_rate,uSv/h,50.0,1.0,6360,0.00037990001146681607,True,,1,0.1,0.09000000000000001,False,,0.0005318000039551407,
207,RADIATION,RADIATION,523200.920497467,5696944.290406497,28,41,20.0,5059.5541084614215,1.3635261551125972,ground_equivalent_excess_gamma_dose_rate,uSv/h,50.0,1.0,6360,0.00036050000926479697,True,,1,0.1,0.09000000000000001,False,,0.0005622000026050955,
208,RADIATION,RADIATION,523200.920497467,5696964.290406497,29,41,20.0,5079.5541084614215,1.3751073891582926,ground_equivalent_excess_gamma_dose_rate,uSv/h,50.0,1.0,6360,0.0003730999887920916,True,,1,0.1,0.09000000000000001,False,,0.0005486000154633075,
209,RADIATION,RADIATION,523200.920497467,5696984.290406497,30,41,20.0,5099.5541084614215,1.3381687397109214,ground_equivalent_excess_gamma_dose_rate,uSv/h,50.0,1.0,6360,0.0003457999846432358,True,,1,0.1,0.09000000000000001,False,,0.0005572999943979084,
210,RADIATION,RADIATION,523200.920497467,5697004.290406496,31,41,19.999999999068677,5119.55410846049,1.2602913218621234,ground_equivalent_excess_gamma_dose_rate,uSv/h,50.0,1.0,6360,0.0003580999909900129,True,,1,0.1,0.09000000000000001,False,,0.0005420000234153122,
211,RADIATION,RADIATION,523200.920497467,5697024.290406496,32,41,20.0,5139.55410846049,1.155941159838958,ground_equivalent_excess_gamma_dose_rate,uSv/h,50.0,1.0,6360,0.00034860000596381724,True,,1,0.1,0.09000000000000001,False,,0.0005529999907594174,
212,RADIATION,RADIATION,523180.920497467,5697044.290406496,33,40,28.284271247461902,5167.838379707952,1.2683199071641713,ground_equivalent_excess_gamma_dose_rate,uSv/h,50.0,1.0,6360,0.00035600000410340726,True,,1,0.1,0.09000000000000001,False,,0.0005453999910969287,
213,RADIATION,RADIATION,523180.920497467,5697064.290406496,34,40,20.0,5187.838379707952,1.0979948492912333,ground_equivalent_excess_gamma_dose_rate,uSv/h,50.0,1.0,6360,0.0004246999742463231,True,,1,0.1,0.09000000000000001,False,,0.0005440000095404685,
214,RADIATION,RADIATION,523200.920497467,5697044.290406496,33,41,28.284271247461902,5216.122650955414,1.040471177312046,ground_equivalent_excess_gamma_dose_rate,uSv/h,50.0,1.0,6360,0.0003698999935295433,True,,1,0.1,0.09000000000000001,False,,0.000543099973583594,
215,RADIATION,RADIATION,523220.920497467,5697024.290406496,32,42,28.284271247461902,5244.406922202877,0.9424173194366108,ground_equivalent_excess_gamma_dose_rate,uSv/h,50.0,1.0,6360,0.00038040001527406275,True,,1,0.1,0.09000000000000001,False,,0.0005416999920271337,
216,RADIATION,RADIATION,523220.920497467,5697004.290406496,31,42,20.0,5264.406922202877,1.0085126943367877,ground_equivalent_excess_gamma_dose_rate,uSv/h,50.0,1.0,6360,0.0003598999755922705,True,,1,0.1,0.09000000000000001,False,,0.0005632000102195889,
217,RADIATION,RADIATION,523240.920497467,5696984.290406497,30,43,28.284271246803357,5292.69119344968,0.8586688334117518,ground_equivalent_excess_gamma_dose_rate,uSv/h,50.0,1.0,6360,0.00035990000469610095,True,,1,0.1,0.09000000000000001,False,,0.0005550000059884042,
218,RADIATION,RADIATION,523240.920497467,5696964.290406497,29,43,20.0,5312.69119344968,0.8734859233041756,ground_equivalent_excess_gamma_dose_rate,uSv/h,50.0,1.0,6360,0.0003527000080794096,True,,1,0.1,0.09000000000000001,False,,0.0005441999819595367,
219,RADIATION,RADIATION,523240.920497467,5696944.290406497,28,43,20.0,5332.69119344968,0.8701444505360094,ground_equivalent_excess_gamma_dose_rate,uSv/h,50.0,1.0,6360,0.00037250001332722604,True,,1,0.1,0.09000000000000001,False,,0.0005620000010821968,
220,RADIATION,RADIATION,523240.920497467,5696924.290406497,27,43,20.0,5352.69119344968,0.8493520286921277,ground_equivalent_excess_gamma_dose_rate,uSv/h,50.0,1.0,6360,0.0003722999827004969,True,,1,0.1,0.09000000000000001,False,,0.0005700999754481018,
221,RADIATION,RADIATION,523220.920497467,5696904.290406497,26,42,28.284271247461902,5380.975464697142,0.9841377991501523,ground_equivalent_excess_gamma_dose_rate,uSv/h,50.0,1.0,6360,0.00037029999657534063,True,,1,0.1,0.09000000000000001,False,,0.0005498999962583184,
222,RADIATION,RADIATION,523200.920497467,5696884.290406497,25,41,28.284271247461902,5409.2597359446045,1.1081896989350946,ground_equivalent_excess_gamma_dose_rate,uSv/h,50.0,1.0,6360,0.00037200000951997936,True,,1,0.1,0.09000000000000001,False,,0.0005625000048894435,
223,RADIATION,RADIATION,523180.920497467,5696864.290406497,24,40,28.284271247461902,5437.544007192067,1.1937203263495617,ground_equivalent_excess_gamma_dose_rate,uSv/h,50.0,1.0,6360,0.00039939998532645404,True,,1,0.1,0.09000000000000001,False,,0.0005577999982051551,
224,RADIATION,RADIATION,523160.920497467,5696844.290406497,23,39,28.284271247461902,5465.828278439529,1.216580895857152,ground_equivalent_excess_gamma_dose_rate,uSv/h,50.0,1.0,6360,0.0003823000006377697,True,,1,0.1,0.09000000000000001,False,,0.0005583000020124018,
225,RADIATION,RADIATION,523140.920497467,5696824.290406497,22,38,28.284271247461902,5494.112549686991,1.1731389564682908,ground_equivalent_excess_gamma_dose_rate,uSv/h,50.0,1.0,6360,0.0003958000161219388,True,,1,0.1,0.09000000000000001,False,,0.0005839999939780682,
226,RADIATION,RADIATION,523120.920497467,5696824.290406497,22,37,20.0,5514.112549686991,1.314784570731766,ground_equivalent_excess_gamma_dose_rate,uSv/h,50.0,1.0,6360,0.0003905999765265733,True,,1,0.1,0.09000000000000001,False,,0.0005587000050581992,
227,RADIATION,RADIATION,523100.920497467,5696804.290406497,21,36,28.284271247461902,5542.396820934453,1.1691149545729218,ground_equivalent_excess_gamma_dose_rate,uSv/h,50.0,1.0,6360,0.0004322999739088118,True,,1,0.1,0.09000000000000001,False,,0.0005707000091206282,
228,RADIATION,RADIATION,523080.920497467,5696804.290406497,21,35,20.0,5562.396820934453,1.2348435429324465,ground_equivalent_excess_gamma_dose_rate,uSv/h,50.0,1.0,6360,0.00037769999471493065,True,,1,0.1,0.09000000000000001,False,,0.0005392000020947307,
229,RADIATION,RADIATION,523060.920497467,5696784.290406497,20,34,28.284271247461902,5590.681092181915,1.0555710884006468,ground_equivalent_excess_gamma_dose_rate,uSv/h,50.0,1.0,6360,0.0005431000026874244,True,,1,0.1,0.09000000000000001,False,,0.0005721999914385378,
230,RADIATION,RADIATION,523040.920497467,5696784.290406497,20,33,20.0,5610.681092181915,1.0683033486179556,ground_equivalent_excess_gamma_dose_rate,uSv/h,50.0,1.0,6360,0.0004040999920107424,True,,1,0.1,0.09000000000000001,False,,0.0006091000104788691,
231,RADIATION,RADIATION,523020.920497467,5696784.290406497,20,32,20.0,5630.681092181915,1.064287422942681,ground_equivalent_excess_gamma_dose_rate,uSv/h,50.0,1.0,6360,0.000513400009367615,True,,1,0.1,0.09000000000000001,False,,0.0005594000103883445,
232,RADIATION,RADIATION,523000.920497467,5696804.290406497,21,31,28.284271247461902,5658.965363429377,1.2139190325441982,ground_equivalent_excess_gamma_dose_rate,uSv/h,50.0,1.0,6360,0.00041030001011677086,True,,1,0.1,0.09000000000000001,False,,0.000593700009630993,
233,RADIATION,RADIATION,522980.9204974669,5696804.290406497,21,30,20.000000000058208,5678.9653634294355,1.1610118064470443,ground_equivalent_excess_gamma_dose_rate,uSv/h,50.0,1.0,6360,0.0004005999944638461,True,,1,0.1,0.09000000000000001,False,,0.0005657000001519918,
234,RADIATION,RADIATION,522960.9204974669,5696824.290406497,22,29,28.284271247461902,5707.249634676898,1.247201149579349,ground_equivalent_excess_gamma_dose_rate,uSv/h,50.0,1.0,6360,0.0003853000234812498,True,,1,0.1,0.09000000000000001,False,,0.0005586999759543687,
235,RADIATION,RADIATION,522940.9204974669,5696804.290406497,21,28,28.284271247461902,5735.53390592436,1.059631407442148,ground_equivalent_excess_gamma_dose_rate,uSv/h,50.0,1.0,6360,0.00039610001840628684,True,,1,0.1,0.09000000000000001,False,,0.0005397000059019774,
236,RADIATION,RADIATION,522960.9204974669,5696784.290406497,20,29,28.284271247461902,5763.818177171822,1.0007140256995197,ground_equivalent_excess_gamma_dose_rate,uSv/h,50.0,1.0,6360,0.00035890002618543804,True,,1,0.1,0.09000000000000001,False,,0.0005537999968510121,
237,RADIATION,RADIATION,522980.9204974669,5696764.290406497,19,30,28.284271247461902,5792.102448419284,0.9232264081700441,ground_equivalent_excess_gamma_dose_rate,uSv/h,50.0,1.0,6360,0.00042929998016916215,True,,1,0.1,0.09000000000000001,False,,0.0005678000161424279,
238,RADIATION,RADIATION,522960.9204974669,5696764.290406497,19,29,20.0,5812.102448419284,0.9199451177092941,ground_equivalent_excess_gamma_dose_rate,uSv/h,50.0,1.0,6360,0.00035769998794421554,True,,1,0.1,0.09000000000000001,False,,0.0005697000015061349,
239,RADIATION,RADIATION,522940.9204974669,5696764.290406497,19,28,20.0,5832.102448419284,0.9206537119842837,ground_equivalent_excess_gamma_dose_rate,uSv/h,50.0,1.0,6360,0.00036130001535639167,True,,1,0.1,0.09000000000000001,False,,0.0005499999970197678,
240,RADIATION,RADIATION,522920.9204974669,5696784.290406497,20,27,28.284271247461902,5860.386719666746,0.9684624301425475,ground_equivalent_excess_gamma_dose_rate,uSv/h,50.0,1.0,6360,0.0004152999899815768,True,,1,0.1,0.09000000000000001,False,,0.0006081000028643757,
241,RADIATION,RADIATION,522920.9204974669,5696804.290406497,21,27,20.0,5880.386719666746,1.0225083602893048,ground_equivalent_excess_gamma_dose_rate,uSv/h,50.0,1.0,6360,0.0003598999755922705,True,,1,0.1,0.09000000000000001,False,,0.00058230001013726,
242,RADIATION,RADIATION,522920.9204974669,5696824.290406497,22,27,20.0,5900.386719666746,1.0921327002624233,ground_equivalent_excess_gamma_dose_rate,uSv/h,50.0,1.0,6360,0.00035260000731796026,True,,1,0.1,0.09000000000000001,False,,0.0005946999881416559,
243,RADIATION,RADIATION,522920.9204974669,5696844.290406497,23,27,20.0,5920.386719666746,1.177712526613647,ground_equivalent_excess_gamma_dose_rate,uSv/h,50.0,1.0,6360,0.000382099999114871,True,,1,0.1,0.09000000000000001,False,,0.0005727999960072339,
244,RADIATION,RADIATION,522940.9204974669,5696864.290406497,24,28,28.284271247461902,5948.670990914208,1.4419182334056277,ground_equivalent_excess_gamma_dose_rate,uSv/h,50.0,1.0,6360,0.00033969999640248716,True,,1,0.1,0.09000000000000001,False,,0.0005661000031977892,
245,RADIATION,RADIATION,522920.9204974669,5696884.290406497,25,27,28.284271247461902,5976.95526216167,1.3862216522586583,ground_equivalent_excess_gamma_dose_rate,uSv/h,50.0,1.0,6360,0.00036539998836815357,True,,1,0.1,0.09000000000000001,False,,0.0005470000032801181,
246,RADIATION,RADIATION,522900.9204974669,5696864.290406497,24,26,28.284271247461902,6005.2395334091325,1.158874108215406,ground_equivalent_excess_gamma_dose_rate,uSv/h,50.0,1.0,6360,0.000375000003259629,True,,1,0.1,0.09000000000000001,False,,0.0005947999889031053,
247,RADIATION,RADIATION,522880.9204974669,5696884.290406497,25,25,28.284271247461902,6033.523804656595,1.1160193371190048,ground_equivalent_excess_gamma_dose_rate,uSv/h,50.0,1.0,6360,0.0003738999948836863,True,,1,0.1,0.09000000000000001,False,,0.0005572999943979084,
248,RADIATION,RADIATION,522860.9204974669,5696904.290406497,26,24,28.284271247461902,6061.808075904057,1.0649316885263205,ground_equivalent_excess_gamma_dose_rate,uSv/h,50.0,1.0,6360,0.00037319998955354095,True,,1,0.1,0.09000000000000001,False,,0.0005426999996416271,
249,RADIATION,RADIATION,522860.9204974669,5696884.290406497,25,24,20.0,6081.808075904057,1.0443614051477503,ground_equivalent_excess_gamma_dose_rate,uSv/h,50.0,1.0,6360,0.0003603000077418983,True,,1,0.1,0.09000000000000001,False,,0.0005500999977812171,
250,RADIATION,RADIATION,522860.9204974669,5696864.290406497,24,24,20.0,6101.808075904057,1.02284066410755,ground_equivalent_excess_gamma_dose_rate,uSv/h,50.0,1.0,6360,0.00035170000046491623,True,,1,0.1,0.09000000000000001,False,,0.0005404000112321228,
251,RADIATION,RADIATION,522880.9204974669,5696844.290406497,23,25,28.284271247461902,6130.092347151519,1.0395391562438023,ground_equivalent_excess_gamma_dose_rate,uSv/h,50.0,1.0,6360,0.00036700000055134296,True,,1,0.1,0.09000000000000001,False,,0.0005562999867834151,
252,RADIATION,RADIATION,522880.9204974669,5696824.290406497,22,25,20.0,6150.092347151519,1.008755207495051,ground_equivalent_excess_gamma_dose_rate,uSv/h,50.0,1.0,6360,0.00036100001307204366,True,,1,0.1,0.09000000000000001,False,,0.0005589999782387167,
253,RADIATION,RADIATION,522860.9204974669,5696824.290406497,22,24,20.0,6170.092347151519,0.9918570203234323,ground_equivalent_excess_gamma_dose_rate,uSv/h,50.0,1.0,6360,0.0003687000134959817,True,,1,0.1,0.09000000000000001,False,,0.0005688999954145402,
254,RADIATION,RADIATION,522840.9204974669,5696844.290406497,23,23,28.284271247461902,6198.376618398981,0.9864048628427766,ground_equivalent_excess_gamma_dose_rate,uSv/h,50.0,1.0,6360,0.00036410000757314265,True,,1,0.1,0.09000000000000001,False,,0.0005790999857708812,
255,RADIATION,RADIATION,522820.9204974669,5696864.290406497,24,22,28.284271247461902,6226.660889646443,0.9784289420223595,ground_equivalent_excess_gamma_dose_rate,uSv/h,50.0,1.0,6360,0.00037620001239702106,True,,1,0.1,0.09000000000000001,False,,0.0005590000073425472,
256,RADIATION,RADIATION,522820.9204974669,5696884.290406497,25,22,20.0,6246.660889646443,0.9804300016929444,ground_equivalent_excess_gamma_dose_rate,uSv/h,50.0,1.0,6360,0.0003554000286385417,True,,1,0.1,0.09000000000000001,False,,0.0005387999990489334,
257,RADIATION,RADIATION,522800.9204974669,5696904.290406497,26,21,28.284271247461902,6274.945160893905,0.9809656712705412,ground_equivalent_excess_gamma_dose_rate,uSv/h,50.0,1.0,6360,0.0004029999836347997,True,,1,0.1,0.09000000000000001,False,,0.0007243999862112105,
258,RADIATION,RADIATION,522780.9204974669,5696884.290406497,25,20,28.284271247461902,6303.229432141367,0.9901525001049323,ground_equivalent_excess_gamma_dose_rate,uSv/h,50.0,1.0,6360,0.00039010000182315707,True,,1,0.1,0.09000000000000001,False,,0.0005990999925415963,
259,RADIATION,RADIATION,522780.9204974669,5696864.290406497,24,20,20.0,6323.229432141367,0.9926934460613743,ground_equivalent_excess_gamma_dose_rate,uSv/h,50.0,1.0,6360,0.000357400014763698,True,,1,0.1,0.09000000000000001,False,,0.0005970000056549907,
260,RADIATION,RADIATION,522760.9204974669,5696844.290406497,23,19,28.284271247461902,6351.5137033888295,1.029401888631781,ground_equivalent_excess_gamma_dose_rate,uSv/h,50.0,1.0,6360,0.00037239998346194625,True,,1,0.1,0.09000000000000001,False,,0.0005646999925374985,
261,RADIATION,RADIATION,522740.9204974669,5696844.290406497,23,18,20.0,6371.5137033888295,1.0559991497206231,ground_equivalent_excess_gamma_dose_rate,uSv/h,50.0,1.0,6360,0.00038869999116286635,True,,1,0.1,0.09000000000000001,False,,0.0005811000009998679,
262,RADIATION,RADIATION,522720.9204974669,5696864.290406497,24,17,28.284271247461902,6399.797974636292,1.0835418845128166,ground_equivalent_excess_gamma_dose_rate,uSv/h,50.0,1.0,6360,0.00036759997601620853,True,,1,0.1,0.09000000000000001,False,,0.0005515999800991267,
263,RADIATION,RADIATION,522700.9204974669,5696844.290406497,23,16,28.284271247461902,6428.082245883754,1.1135964053552754,ground_equivalent_excess_gamma_dose_rate,uSv/h,50.0,1.0,6360,0.00038079998921602964,True,,1,0.1,0.09000000000000001,False,,0.0005569999921135604,
264,RADIATION,RADIATION,522680.9204974669,5696824.290406497,22,15,28.284271247461902,6456.366517131216,1.1460130562419175,ground_equivalent_excess_gamma_dose_rate,uSv/h,50.0,1.0,6360,0.00038579999818466604,True,,1,0.1,0.09000000000000001,False,,0.0005426999996416271,
265,RADIATION,RADIATION,522660.9204974669,5696824.290406497,22,14,20.0,6476.366517131216,1.1520902181367645,ground_equivalent_excess_gamma_dose_rate,uSv/h,50.0,1.0,6360,0.000391399982618168,True,,1,0.1,0.09000000000000001,False,,0.0005738000036217272,
266,RADIATION,RADIATION,522640.9204974669,5696844.290406497,23,13,28.284271247461902,6504.650788378678,1.183625872573254,ground_equivalent_excess_gamma_dose_rate,uSv/h,50.0,1.0,6360,0.0003640000068116933,True,,1,0.1,0.09000000000000001,False,,0.0005808999994769692,
267,RADIATION,RADIATION,522620.9204974669,5696844.290406497,23,12,20.0,6524.650788378678,1.1935544193581968,ground_equivalent_excess_gamma_dose_rate,uSv/h,50.0,1.0,6360,0.0004006999952252954,True,,1,0.1,0.09000000000000001,False,,0.0005739000043831766,
268,RADIATION,RADIATION,522600.9204974669,5696864.290406497,24,11,28.284271247461902,6552.93505962614,1.3203608449062085,ground_equivalent_excess_gamma_dose_rate,uSv/h,50.0,1.0,6360,0.0003910000086762011,True,,1,0.1,0.09000000000000001,False,,0.0005598000134341419,
269,RADIATION,RADIATION,522580.9204974669,5696884.290406497,25,10,28.284271247461902,6581.219330873602,1.5505106395126271,ground_equivalent_excess_gamma_dose_rate,uSv/h,50.0,1.0,6360,0.0003792999777942896,True,,1,0.1,0.09000000000000001,False,,0.0005566999898292124,
270,RADIATION,RADIATION,522560.9204974669,5696884.290406497,25,9,20.0,6601.219330873602,1.5304103375016036,ground_equivalent_excess_gamma_dose_rate,uSv/h,50.0,1.0,6360,0.0003711999743245542,True,,1,0.1,0.09000000000000001,False,,0.0005850000015925616,
271,RADIATION,RADIATION,522540.9204974669,5696904.290406497,26,8,28.284271247461902,6629.503602121064,1.8167157479092786,ground_equivalent_excess_gamma_dose_rate,uSv/h,50.0,1.0,6360,0.0003566000086721033,True,,1,0.1,0.09000000000000001,False,,0.0005571999936364591,
272,RADIATION,RADIATION,522520.9204974669,5696924.290406497,27,7,28.284271247461902,6657.787873368527,2.1244808384710345,ground_equivalent_excess_gamma_dose_rate,uSv/h,50.0,1.0,6360,0.00035600000410340726,True,,1,0.1,0.09000000000000001,False,,0.0005742999783251435,
273,RADIATION,RADIATION,522520.9204974669,5696944.290406497,28,7,20.0,6677.787873368527,2.8410066560569645,ground_equivalent_excess_gamma_dose_rate,uSv/h,50.0,1.0,6360,0.00036189999082125723,True,,1,0.1,0.09000000000000001,False,,0.0005375000182539225,
274,RADIATION,RADIATION,522540.9204974669,5696964.290406497,29,8,28.284271247461902,6706.072144615989,5.146452153612838,ground_equivalent_excess_gamma_dose_rate,uSv/h,50.0,1.0,6360,0.00035780001780949533,True,,1,0.1,0.09000000000000001,False,,0.0005450999888125807,
275,RADIATION,RADIATION,522560.9204974669,5696984.290406497,30,9,28.284271247461902,6734.356415863451,11.871560339684246,ground_equivalent_excess_gamma_dose_rate,uSv/h,50.0,1.0,6360,0.0003556999727152288,True,,1,0.1,0.09000000000000001,False,,0.0005870999884791672,
276,RADIATION,RADIATION,522540.9204974669,5697004.290406496,31,8,28.284271246803357,6762.6406871102545,17.325578651640463,ground_equivalent_excess_gamma_dose_rate,uSv/h,50.0,1.0,6360,0.00035119999665766954,True,,1,0.1,0.09000000000000001,False,,0.0005676000146195292,
277,RADIATION,RADIATION,522520.9204974669,5697024.290406496,32,7,28.284271247461902,6790.924958357717,10.743436599144427,ground_equivalent_excess_gamma_dose_rate,uSv/h,50.0,1.0,6360,0.00036189999082125723,True,,1,0.1,0.09000000000000001,False,,0.0005573000235017389,
278,RADIATION,RADIATION,522520.9204974669,5697004.290406496,31,7,20.0,6810.924958357717,8.558168540833996,ground_equivalent_excess_gamma_dose_rate,uSv/h,50.0,1.0,6360,0.0003383000148460269,True,,1,0.1,0.09000000000000001,False,,0.0005585000035353005,
279,RADIATION,RADIATION,522500.9204974669,5697004.290406496,31,6,20.0,6830.924958357717,4.894170873530605,ground_equivalent_excess_gamma_dose_rate,uSv/h,50.0,1.0,6360,0.0003600000054575503,True,,1,0.1,0.09000000000000001,False,,0.0005456999933812767,
280,RADIATION,RADIATION,522500.9204974669,5696984.290406497,30,6,19.999999999068677,6850.924958356785,3.9164010674437097,ground_equivalent_excess_gamma_dose_rate,uSv/h,50.0,1.0,6360,0.00044510001316666603,True,,1,0.1,0.09000000000000001,False,,0.0005320000054780394,
281,RADIATION,RADIATION,522480.9204974669,5697004.290406496,31,5,28.284271246803357,6879.209229603589,3.1474427819400823,ground_equivalent_excess_gamma_dose_rate,uSv/h,50.0,1.0,6360,0.0003426999901421368,True,,1,0.1,0.09000000000000001,False,,0.0005598999850917608,
282,RADIATION,RADIATION,522480.9204974669,5696984.290406497,30,5,19.999999999068677,6899.209229602658,2.7320936566649463,ground_equivalent_excess_gamma_dose_rate,uSv/h,50.0,1.0,6360,0.00036360000376589596,True,,1,0.1,0.09000000000000001,False,,0.0006046000053174794,
283,RADIATION,RADIATION,522480.9204974669,5696964.290406497,29,5,20.0,6919.209229602658,2.2788053469442695,ground_equivalent_excess_gamma_dose_rate,uSv/h,50.0,1.0,6360,0.0003586999955587089,True,,1,0.1,0.09000000000000001,False,,0.0005675000138580799,
284,RADIATION,RADIATION,522460.9204974669,5696964.290406497,29,4,20.0,6939.209229602658,1.7608855824210474,ground_equivalent_excess_gamma_dose_rate,uSv/h,50.0,1.0,6360,0.0003563000063877553,True,,1,0.1,0.09000000000000001,False,,0.0005417000211309642,
285,RADIATION,RADIATION,522440.9204974669,5696984.290406497,30,3,28.284271247461902,6967.49350085012,1.5300230056644748,ground_equivalent_excess_gamma_dose_rate,uSv/h,50.0,1.0,6360,0.0003498000151012093,True,,1,0.1,0.09000000000000001,False,,0.0005605999904219061,
286,RADIATION,RADIATION,522440.9204974669,5697004.290406496,31,3,19.999999999068677,6987.493500849188,1.633803517796446,ground_equivalent_excess_gamma_dose_rate,uSv/h,50.0,1.0,6360,0.00034729999606497586,True,,1,0.1,0.09000000000000001,False,,0.0005347999976947904,
287,RADIATION,RADIATION,522440.9204974669,5697024.290406496,32,3,20.0,7007.493500849188,1.6813333546118305,ground_equivalent_excess_gamma_dose_rate,uSv/h,50.0,1.0,6360,0.0003485000052023679,True,,1,0.1,0.09000000000000001,False,,0.000534699996933341,
288,RADIATION,RADIATION,522420.9204974669,5697004.290406496,31,2,28.284271247461902,7035.777772096651,1.2685170914733122,ground_equivalent_excess_gamma_dose_rate,uSv/h,50.0,1.0,6360,0.00037719999090768397,True,,1,0.1,0.09000000000000001,False,,0.000596800004132092,
289,RADIATION,RADIATION,522420.9204974669,5696984.290406497,30,2,19.999999999068677,7055.777772095719,1.2107374006464116,ground_equivalent_excess_gamma_dose_rate,uSv/h,50.0,1.0,6360,0.00034520000917837024,True,,1,0.1,0.09000000000000001,False,,0.0005473000055644661,
290,RADIATION,RADIATION,522420.9204974669,5696964.290406497,29,2,20.0,7075.777772095719,1.1309474599268956,ground_equivalent_excess_gamma_dose_rate,uSv/h,50.0,1.0,6360,0.00035239997669123113,True,,1,0.1,0.09000000000000001,False,,0.0005430000019259751,
291,RADIATION,RADIATION,522440.9204974669,5696944.290406497,28,3,28.284271247461902,7104.062043343181,1.2513075031894152,ground_equivalent_excess_gamma_dose_rate,uSv/h,50.0,1.0,6360,0.0003336999798193574,True,,1,0.1,0.09000000000000001,False,,0.000541499990504235,
292,RADIATION,RADIATION,522460.9204974669,5696924.290406497,27,4,28.284271247461902,7132.3463145906435,1.317027167972534,ground_equivalent_excess_gamma_dose_rate,uSv/h,50.0,1.0,6360,0.00036120001459494233,True,,1,0.1,0.09000000000000001,False,,0.0005569000204559416,
293,RADIATION,RADIATION,522480.9204974669,5696924.290406497,27,5,20.0,7152.3463145906435,1.5582435068997522,ground_equivalent_excess_gamma_dose_rate,uSv/h,50.0,1.0,6360,0.00033790001180022955,True,,1,0.1,0.09000000000000001,False,,0.0005448000156320632,
294,RADIATION,RADIATION,522500.9204974669,5696904.290406497,26,6,28.284271247461902,7180.630585838106,1.4937921590476715,ground_equivalent_excess_gamma_dose_rate,uSv/h,50.0,1.0,6360,0.0003457999846432358,True,,1,0.1,0.09000000000000001,False,,0.0005460999964270741,
295,RADIATION,RADIATION,522520.9204974669,5696884.290406497,25,7,28.284271247461902,7208.914857085568,1.3720897967837722,ground_equivalent_excess_gamma_dose_rate,uSv/h,50.0,1.0,6360,0.00035990000469610095,True,,1,0.1,0.09000000000000001,False,,0.0005480000108946115,
296,RADIATION,RADIATION,522540.9204974669,5696884.290406497,25,8,20.0,7228.914857085568,1.468184464510141,ground_equivalent_excess_gamma_dose_rate,uSv/h,50.0,1.0,6360,0.0003507999936118722,True,,1,0.1,0.09000000000000001,False,,0.0005591000081039965,
297,RADIATION,RADIATION,522520.9204974669,5696864.290406497,24,7,28.284271247461902,7257.19912833303,1.172921184537265,ground_equivalent_excess_gamma_dose_rate,uSv/h,50.0,1.0,6360,0.00037250001332722604,True,,1,0.1,0.09000000000000001,False,,0.0005361000075936317,
298,RADIATION,RADIATION,522500.9204974669,5696884.290406497,25,6,28.284271247461902,7285.483399580492,1.2553648367862156,ground_equivalent_excess_gamma_dose_rate,uSv/h,50.0,1.0,6360,0.0004312999953981489,True,,1,0.1,0.09000000000000001,False,,0.0008475999929942191,
299,RADIATION,RADIATION,522480.9204974669,5696884.290406497,25,5,20.0,7305.483399580492,1.1312961849660175,ground_equivalent_excess_gamma_dose_rate,uSv/h,50.0,1.0,6360,0.00039420000393874943,True,,1,0.1,0.09000000000000001,False,,0.0006335999933071434,
300,RADIATION,RADIATION,522460.9204974669,5696884.290406497,25,4,20.0,7325.483399580492,1.0099882918095489,ground_equivalent_excess_gamma_dose_rate,uSv/h,50.0,1.0,6360,0.000380899989977479,True,,1,0.1,0.09000000000000001,False,,0.0005899999814573675,
301,RADIATION,RADIATION,522440.9204974669,5696904.290406497,26,3,28.284271247461902,7353.767670827954,0.9973718747618161,ground_equivalent_excess_gamma_dose_rate,uSv/h,50.0,1.0,6360,0.0003632000007200986,True,,1,0.1,0.09000000000000001,False,,0.0005543000006582588,
302,RADIATION,RADIATION,522420.9204974669,5696924.290406497,27,2,28.284271247461902,7382.051942075416,0.9522293052369735,ground_equivalent_excess_gamma_dose_rate,uSv/h,50.0,1.0,6360,0.0003727999865077436,True,,1,0.1,0.09000000000000001,False,,0.0005828000139445066,
303,RADIATION,RADIATION,522400.9204974669,5696944.290406497,28,1,28.284271247461902,7410.336213322878,0.8791524133337159,ground_equivalent_excess_gamma_dose_rate,uSv/h,50.0,1.0,5725,0.00035849999403581023,True,,1,0.1,0.09000000000000001,False,,0.0005395000043790787,
304,RADIATION,RADIATION,522400.9204974669,5696964.290406497,29,1,20.0,7430.336213322878,0.9365389785441676,ground_equivalent_excess_gamma_dose_rate,uSv/h,50.0,1.0,5725,0.00033790001180022955,True,,1,0.1,0.09000000000000001,False,,0.0005754000158049166,
305,RADIATION,RADIATION,522380.9204974669,5696984.290406497,30,0,28.284271247461902,7458.6204845703405,0.8205750236055724,ground_equivalent_excess_gamma_dose_rate,uSv/h,50.0,1.0,4153,0.0002955000090878457,True,,1,0.1,0.09000000000000001,False,,0.0005254000134300441,
306,RADIATION,RADIATION,522400.9204974669,5697004.290406496,31,1,28.284271246803357,7486.904755817144,1.0190597007198248,ground_equivalent_excess_gamma_dose_rate,uSv/h,50.0,1.0,5725,0.0003175000019837171,True,,1,0.1,0.09000000000000001,False,,0.000364800012903288,
307,RADIATION,RADIATION,522400.9204974669,5697024.290406496,32,1,20.0,7506.904755817144,1.0316950492424894,ground_equivalent_excess_gamma_dose_rate,uSv/h,50.0,1.0,5725,0.00034059997415170074,True,,1,0.1,0.09000000000000001,False,,0.000541499990504235,
308,RADIATION,RADIATION,522380.9204974669,5697044.290406496,33,0,28.284271247461902,7535.189027064606,0.8382584362018646,ground_equivalent_excess_gamma_dose_rate,uSv/h,50.0,1.0,4153,0.00027129999944008887,True,,1,0.1,0.09000000000000001,False,,0.0005218000151216984,
309,RADIATION,RADIATION,522400.9204974669,5697024.290406496,32,1,28.284271247461902,7563.473298312068,1.0316950492424894,ground_equivalent_excess_gamma_dose_rate,uSv/h,50.0,1.0,5725,0.00031209998996928334,True,,1,0.1,0.09000000000000001,False,,0.000395099981687963,
310,RADIATION,RADIATION,522380.9204974669,5697044.290406496,33,0,28.284271247461902,7591.757569559531,0.8382584362018646,ground_equivalent_excess_gamma_dose_rate,uSv/h,50.0,1.0,4153,0.0002733000146690756,True,,1,0.1,0.09000000000000001,False,,0.0005813000025227666,
311,RADIATION,RADIATION,522400.9204974669,5697044.290406496,33,1,20.0,7611.757569559531,1.0202936241511291,ground_equivalent_excess_gamma_dose_rate,uSv/h,50.0,1.0,5725,0.00030640000477433205,True,,1,0.1,0.09000000000000001,False,,0.00037810002686455846,
312,RADIATION,RADIATION,522380.9204974669,5697044.290406496,33,0,20.0,7631.757569559531,0.8382584362018646,ground_equivalent_excess_gamma_dose_rate,uSv/h,50.0,1.0,4153,0.0003367000026628375,True,,1,0.1,0.09000000000000001,False,,0.0005876999930478632,
313,RADIATION,RADIATION,522400.9204974669,5697044.290406496,33,1,20.0,7651.757569559531,1.0202936241511291,ground_equivalent_excess_gamma_dose_rate,uSv/h,50.0,1.0,5725,0.00036380000528879464,True,,1,0.1,0.09000000000000001,False,,0.00042050000047311187,
314,RADIATION,RADIATION,522400.9204974669,5697064.290406496,34,1,20.0,7671.757569559531,0.9857035463799637,ground_equivalent_excess_gamma_dose_rate,uSv/h,50.0,1.0,5725,0.00032809999538585544,True,,1,0.1,0.09000000000000001,False,,0.0005769999988842756,
315,RADIATION,RADIATION,522420.9204974669,5697064.290406496,34,2,20.0,7691.757569559531,1.223783601270361,ground_equivalent_excess_gamma_dose_rate,uSv/h,50.0,1.0,6360,0.00036810000892728567,True,,1,0.1,0.09000000000000001,False,,0.0005221000174060464,
316,RADIATION,RADIATION,522400.9204974669,5697064.290406496,34,1,20.0,7711.757569559531,0.9857035463799637,ground_equivalent_excess_gamma_dose_rate,uSv/h,50.0,1.0,5725,0.0003192999865859747,True,,1,0.1,0.09000000000000001,False,,0.0005899000097997487,
317,RADIATION,RADIATION,522420.9204974669,5697084.290406496,35,2,28.284271247461902,7740.041840806993,1.1413156105193256,ground_equivalent_excess_gamma_dose_rate,uSv/h,50.0,1.0,6360,0.0003504000196699053,True,,1,0.1,0.09000000000000001,False,,0.0005154000245966017,
318,RADIATION,RADIATION,522400.9204974669,5697104.290406496,36,1,28.284271247461902,7768.326112054455,0.8665022384660162,ground_equivalent_excess_gamma_dose_rate,uSv/h,50.0,1.0,5725,0.00036890001501888037,True,,1,0.1,0.09000000000000001,False,,0.0005620000010821968,
319,RADIATION,RADIATION,522400.9204974669,5697124.290406496,37,1,20.0,7788.326112054455,0.794789620394383,ground_equivalent_excess_gamma_dose_rate,uSv/h,50.0,1.0,5725,0.00033039998379535973,True,,1,0.1,0.09000000000000001,False,,0.0003890999942086637,
320,RADIATION,RADIATION,522420.9204974669,5697144.290406496,38,2,28.284271247461902,7816.610383301917,0.8366983911646808,ground_equivalent_excess_gamma_dose_rate,uSv/h,50.0,1.0,6360,0.00034729999606497586,True,,1,0.1,0.09000000000000001,False,,0.0004028000112157315,
321,RADIATION,RADIATION,522440.9204974669,5697164.290406496,39,3,28.284271247461902,7844.894654549379,0.8486498644265517,ground_equivalent_excess_gamma_dose_rate,uSv/h,50.0,1.0,6360,0.00034840000444091856,True,,1,0.1,0.09000000000000001,False,,0.000531600002432242,
322,RADIATION,RADIATION,522420.9204974669,5697184.290406496,40,2,28.284271247461902,7873.178925796841,0.6603829159368533,ground_equivalent_excess_gamma_dose_rate,uSv/h,50.0,1.0,6360,0.00037670001620426774,True,,1,0.1,0.09000000000000001,False,,0.0005643999902531505,
323,RADIATION,RADIATION,522420.9204974669,5697204.290406496,41,2,20.0,7893.178925796841,0.5876567215896733,ground_equivalent_excess_gamma_dose_rate,uSv/h,50.0,1.0,6360,0.0003674000035971403,True,,1,0.1,0.09000000000000001,False,,0.0004104999825358391,
324,RADIATION,RADIATION,522440.9204974669,5697184.290406496,40,3,28.284271247461902,7921.463197044303,0.74008934543739,ground_equivalent_excess_gamma_dose_rate,uSv/h,50.0,1.0,6360,0.00033260000054724514,True,,1,0.1,0.09000000000000001,False,,0.0003572999848984182,
325,RADIATION,RADIATION,522440.9204974669,5697204.290406496,41,3,20.0,7941.463197044303,0.6484867677021269,ground_equivalent_excess_gamma_dose_rate,uSv/h,50.0,1.0,6360,0.0003358999965712428,True,,1,0.1,0.09000000000000001,False,,0.0006056999845895916,
326,RADIATION,RADIATION,522460.9204974669,5697184.290406496,40,4,28.284271247461902,7969.7474682917655,0.8276951874027587,ground_equivalent_excess_gamma_dose_rate,uSv/h,50.0,1.0,6360,0.00033310000435449183,True,,1,0.1,0.09000000000000001,False,,0.0005338000191841274,
327,RADIATION,RADIATION,522480.9204974669,5697164.290406496,39,5,28.284271247461902,7998.031739539228,1.102355902060635,ground_equivalent_excess_gamma_dose_rate,uSv/h,50.0,1.0,6360,0.0003394999948795885,True,,1,0.1,0.09000000000000001,False,,0.0006040000007487833,
328,RADIATION,RADIATION,522460.9204974669,5697164.290406496,39,4,20.0,8018.031739539228,0.9690678996991786,ground_equivalent_excess_gamma_dose_rate,uSv/h,50.0,1.0,6360,0.0003389999910723418,True,,1,0.1,0.09000000000000001,False,,0.0006256000197026879,
329,RADIATION,RADIATION,522480.9204974669,5697184.290406496,40,5,28.284271247461902,8046.31601078669,0.9203985826783467,ground_equivalent_excess_gamma_dose_rate,uSv/h,50.0,1.0,6360,0.0003262000100221485,True,,1,0.1,0.09000000000000001,False,,0.0005842999962624162,
330,RADIATION,RADIATION,522500.9204974669,5697184.290406496,40,6,20.0,8066.31601078669,1.0128709237966567,ground_equivalent_excess_gamma_dose_rate,uSv/h,50.0,1.0,6360,0.0003338000096846372,True,,1,0.1,0.09000000000000001,False,,0.0005584000027738512,
331,RADIATION,RADIATION,522480.9204974669,5697184.290406496,40,5,20.0,8086.31601078669,0.9203985826783467,ground_equivalent_excess_gamma_dose_rate,uSv/h,50.0,1.0,6360,0.0003394999948795885,True,,1,0.1,0.09000000000000001,False,,0.0005985999887343496,
332,RADIATION,RADIATION,522460.9204974669,5697184.290406496,40,4,20.0,8106.31601078669,0.8276951874027587,ground_equivalent_excess_gamma_dose_rate,uSv/h,50.0,1.0,6360,0.0003358999965712428,True,,1,0.1,0.09000000000000001,False,,0.0005752999859396368,
333,RADIATION,RADIATION,522480.9204974669,5697164.290406496,39,5,28.284271247461902,8134.600282034152,1.102355902060635,ground_equivalent_excess_gamma_dose_rate,uSv/h,50.0,1.0,6360,0.0003428999916650355,True,,1,0.1,0.09000000000000001,False,,0.0005763000226579607,
334,RADIATION,RADIATION,522460.9204974669,5697184.290406496,40,4,28.284271247461902,8162.884553281614,0.8276951874027587,ground_equivalent_excess_gamma_dose_rate,uSv/h,50.0,1.0,6360,0.00033650000113993883,True,,1,0.1,0.09000000000000001,False,,0.0005853999755345285,
335,RADIATION,RADIATION,522480.9204974669,5697164.290406496,39,5,28.284271247461902,8191.168824529076,1.102355902060635,ground_equivalent_excess_gamma_dose_rate,uSv/h,50.0,1.0,6360,0.00035180000122636557,True,,1,0.1,0.09000000000000001,False,,0.0005740999768022448,
336,RADIATION,RADIATION,522500.9204974669,5697164.290406496,39,6,20.0,8211.168824529075,1.2416074308894658,ground_equivalent_excess_gamma_dose_rate,uSv/h,50.0,1.0,6360,0.0003563000063877553,True,,1,0.1,0.09000000000000001,False,,0.0006041000015102327,
337,RADIATION,RADIATION,522520.9204974669,5697144.290406496,38,7,28.284271247461902,8239.453095776536,1.7758273776780629,ground_equivalent_excess_gamma_dose_rate,uSv/h,50.0,1.0,6360,0.00037700001848861575,True,,1,0.1,0.09000000000000001,False,,0.000580100022489205,
338,RADIATION,RADIATION,522540.9204974669,5697124.290406496,37,8,28.284271247461902,8267.737367023998,2.743307898062908,ground_equivalent_excess_gamma_dose_rate,uSv/h,50.0,1.0,6360,0.00035099999513477087,True,,1,0.1,0.09000000000000001,False,,0.0005894999776501209,
339,RADIATION,RADIATION,522560.9204974669,5697104.290406496,36,9,28.284271247461902,8296.021638271459,4.6474289511884574,ground_equivalent_excess_gamma_dose_rate,uSv/h,50.0,1.0,6360,0.00036959999124519527,True,,1,0.1,0.09000000000000001,False,,0.0005659000016748905,
340,RADIATION,RADIATION,522580.9204974669,5697104.290406496,36,10,20.0,8316.021638271459,4.605384278809655,ground_equivalent_excess_gamma_dose_rate,uSv/h,50.0,1.0,6360,0.000354300020262599,True,,1,0.1,0.09000000000000001,False,,0.0005633000109810382,
341,RADIATION,RADIATION,522600.9204974669,5697124.290406496,37,11,28.284271247461902,8344.30590951892,2.7185335515733433,ground_equivalent_excess_gamma_dose_rate,uSv/h,50.0,1.0,6360,0.00034920001053251326,True,,1,0.1,0.09000000000000001,False,,0.0005801999941468239,
342,RADIATION,RADIATION,522620.9204974669,5697124.290406496,37,12,20.0,8364.30590951892,2.3655700402460886,ground_equivalent_excess_gamma_dose_rate,uSv/h,50.0,1.0,6360,0.0003369000041857362,True,,1,0.1,0.09000000000000001,False,,0.0005578999989666045,
343,RADIATION,RADIATION,522640.9204974669,5697144.290406496,38,13,28.284271247461902,8392.590180766381,1.5781468298741974,ground_equivalent_excess_gamma_dose_rate,uSv/h,50.0,1.0,6360,0.00036849998286925256,True,,1,0.1,0.09000000000000001,False,,0.0005914000212214887,
344,RADIATION,RADIATION,522660.9204974669,5697144.290406496,38,14,20.0,8412.590180766381,1.3803736738643728,ground_equivalent_excess_gamma_dose_rate,uSv/h,50.0,1.0,6360,0.0003437999985180795,True,,1,0.1,0.09000000000000001,False,,0.0005750999844167382,
345,RADIATION,RADIATION,522680.9204974669,5697164.290406496,39,15,28.284271247461902,8440.874452013843,1.0353938589566096,ground_equivalent_excess_gamma_dose_rate,uSv/h,50.0,1.0,6360,0.0003614999877754599,True,,1,0.1,0.09000000000000001,False,,0.0005762999935541302,
346,RADIATION,RADIATION,522680.9204974669,5697184.290406496,40,15,20.0,8460.874452013843,0.8935378343719651,ground_equivalent_excess_gamma_dose_rate,uSv/h,50.0,1.0,6360,0.0003375999804120511,True,,1,0.1,0.09000000000000001,False,,0.0005866999854333699,
347,RADIATION,RADIATION,522700.9204974669,5697164.290406496,39,16,28.284271247461902,8489.158723261304,0.9346785865480192,ground_equivalent_excess_gamma_dose_rate,uSv/h,50.0,1.0,6360,0.0003454999823588878,True,,1,0.1,0.09000000000000001,False,,0.0005615999980363995,
348,RADIATION,RADIATION,522720.9204974669,5697144.290406496,38,17,28.284271247461902,8517.442994508765,0.9488251087463835,ground_equivalent_excess_gamma_dose_rate,uSv/h,50.0,1.0,6360,0.0003515999997034669,True,,1,0.1,0.09000000000000001,False,,0.0005730999982915819,
349,RADIATION,RADIATION,522700.9204974669,5697124.290406496,37,16,28.284271247461902,8545.727265756226,1.2081588942278605,ground_equivalent_excess_gamma_dose_rate,uSv/h,50.0,1.0,6360,0.0003766000154428184,True,,1,0.1,0.09000000000000001,False,,0.0005579999997280538,
350,RADIATION,RADIATION,522720.9204974669,5697144.290406496,38,17,28.284271247461902,8574.011537003687,0.9488251087463835,ground_equivalent_excess_gamma_dose_rate,uSv/h,50.0,1.0,6360,0.0003498000151012093,True,,1,0.1,0.09000000000000001,False,,0.000645000021904707,
351,RADIATION,RADIATION,522740.9204974669,5697124.290406496,37,18,28.284271247461902,8602.295808251149,0.9404651464117681,ground_equivalent_excess_gamma_dose_rate,uSv/h,50.0,1.0,6360,0.00033420001273043454,True,,1,0.1,0.09000000000000001,False,,0.0005753999867010862,
352,RADIATION,RADIATION,522720.9204974669,5697104.290406496,36,17,28.284271247461902,8630.58007949861,1.1633346067929007,ground_equivalent_excess_gamma_dose_rate,uSv/h,50.0,1.0,6360,0.00034309999318793416,True,,1,0.1,0.09000000000000001,False,,0.0006157000025268644,
353,RADIATION,RADIATION,522700.9204974669,5697104.290406496,36,16,20.0,8650.58007949861,1.3632991488496586,ground_equivalent_excess_gamma_dose_rate,uSv/h,50.0,1.0,6360,0.0003614999877754599,True,,1,0.1,0.09000000000000001,False,,0.0005778000049758703,
354,RADIATION,RADIATION,522720.9204974669,5697104.290406496,36,17,20.0,8670.58007949861,1.1633346067929007,ground_equivalent_excess_gamma_dose_rate,uSv/h,50.0,1.0,6360,0.00034169998252764344,True,,1,0.1,0.09000000000000001,False,,0.0005879999953322113,
355,RADIATION,RADIATION,522700.9204974669,5697084.290406496,35,16,28.284271247461902,8698.864350746071,1.5171938441236883,ground_equivalent_excess_gamma_dose_rate,uSv/h,50.0,1.0,6360,0.0003360999980941415,True,,1,0.1,0.09000000000000001,False,,0.0005722999921999872,
356,RADIATION,RADIATION,522720.9204974669,5697064.290406496,34,17,28.284271247461902,8727.148621993532,1.3544950819814943,ground_equivalent_excess_gamma_dose_rate,uSv/h,50.0,1.0,6360,0.00036460001138038933,True,,1,0.1,0.09000000000000001,False,,0.0005877000221516937,
357,RADIATION,RADIATION,522720.9204974669,5697044.290406496,33,17,20.0,8747.148621993532,1.415553268479567,ground_equivalent_excess_gamma_dose_rate,uSv/h,50.0,1.0,6360,0.0003493000112939626,True,,1,0.1,0.09000000000000001,False,,0.0006036000268068165,
358,RADIATION,RADIATION,522740.9204974669,5697044.290406496,33,18,20.0,8767.148621993532,1.20498846498176,ground_equivalent_excess_gamma_dose_rate,uSv/h,50.0,1.0,6360,0.00033469998743385077,True,,1,0.1,0.09000000000000001,False,,0.0005742000066675246,
359,RADIATION,RADIATION,522720.9204974669,5697064.290406496,34,17,28.284271247461902,8795.432893240994,1.3544950819814943,ground_equivalent_excess_gamma_dose_rate,uSv/h,50.0,1.0,6360,0.0003454999823588878,True,,1,0.1,0.09000000000000001,False,,0.0005813000025227666,
360,RADIATION,RADIATION,522740.9204974669,5697084.290406496,35,18,28.284271247461902,8823.717164488455,1.095807189446043,ground_equivalent_excess_gamma_dose_rate,uSv/h,50.0,1.0,6360,0.0003622000222094357,True,,1,0.1,0.09000000000000001,False,,0.0005762000218965113,
361,RADIATION,RADIATION,522720.9204974669,5697084.290406496,35,17,20.0,8843.717164488455,1.2667456493748008,ground_equivalent_excess_gamma_dose_rate,uSv/h,50.0,1.0,6360,0.00033459998667240143,True,,1,0.1,0.09000000000000001,False,,0.0005910999898333102,
362,RADIATION,RADIATION,522720.9204974669,5697104.290406496,36,17,20.0,8863.717164488455,1.1633346067929007,ground_equivalent_excess_gamma_dose_rate,uSv/h,50.0,1.0,6360,0.00034649998997338116,True,,1,0.1,0.09000000000000001,False,,0.0005990999925415963,
363,RADIATION,RADIATION,522720.9204974669,5697084.290406496,35,17,20.0,8883.717164488455,1.2667456493748008,ground_equivalent_excess_gamma_dose_rate,uSv/h,50.0,1.0,6360,0.00032550000469200313,True,,1,0.1,0.09000000000000001,False,,0.0005701999762095511,
364,RADIATION,RADIATION,522720.9204974669,5697104.290406496,36,17,20.0,8903.717164488455,1.1633346067929007,ground_equivalent_excess_gamma_dose_rate,uSv/h,50.0,1.0,6360,0.0003251000016462058,True,,1,0.1,0.09000000000000001,False,,0.0005794000171590596,
365,RADIATION,RADIATION,522740.9204974669,5697104.290406496,36,18,20.0,8923.717164488455,1.0209001047553863,ground_equivalent_excess_gamma_dose_rate,uSv/h,50.0,1.0,6360,0.0003308999876026064,True,,1,0.1,0.09000000000000001,False,,0.000596199999563396,
366,RADIATION,RADIATION,522740.9204974669,5697124.290406496,37,18,20.0,8943.717164488455,0.9404651464117681,ground_equivalent_excess_gamma_dose_rate,uSv/h,50.0,1.0,6360,0.00035020001814700663,True,,1,0.1,0.09000000000000001,False,,0.0005948999896645546,
367,RADIATION,RADIATION,522740.9204974669,5697144.290406496,38,18,20.0,8963.717164488455,0.8595867788218612,ground_equivalent_excess_gamma_dose_rate,uSv/h,50.0,1.0,6360,0.00034680002136155963,True,,1,0.1,0.09000000000000001,False,,0.0005686999938916415,
368,RADIATION,RADIATION,522760.9204974669,5697144.290406496,38,19,20.0,8983.717164488455,0.7918821737862662,ground_equivalent_excess_gamma_dose_rate,uSv/h,50.0,1.0,6360,0.0003302999830339104,True,,1,0.1,0.09000000000000001,False,,0.0005964999727439135,
369,RADIATION,RADIATION,522780.9204974669,5697164.290406496,39,20,28.284271247461902,9012.001435735916,0.6874104484338737,ground_equivalent_excess_gamma_dose_rate,uSv/h,50.0,1.0,6360,0.0004241999995429069,True,,1,0.1,0.09000000000000001,False,,0.0006970000104047358,
370,RADIATION,RADIATION,522800.9204974669,5697164.290406496,39,21,20.0,9032.001435735916,0.6581422712084792,ground_equivalent_excess_gamma_dose_rate,uSv/h,50.0,1.0,6360,0.0003892999957315624,True,,1,0.1,0.09000000000000001,False,,0.0005869999877177179,
371,RADIATION,RADIATION,522820.9204974669,5697164.290406496,39,22,20.0,9052.001435735916,0.638942833683436,ground_equivalent_excess_gamma_dose_rate,uSv/h,50.0,1.0,6360,0.00035089999437332153,True,,1,0.1,0.09000000000000001,False,,0.0005760000203736126,
372,RADIATION,RADIATION,522840.9204974669,5697144.290406496,38,23,28.284271247461902,9080.285706983377,0.6763847858616989,ground_equivalent_excess_gamma_dose_rate,uSv/h,50.0,1.0,6360,0.00035799999022856355,True,,1,0.1,0.09000000000000001,False,,0.0005538999976124614,
373,RADIATION,RADIATION,522860.9204974669,5697164.290406496,39,24,28.284271247461902,9108.569978230838,0.626308845298895,ground_equivalent_excess_gamma_dose_rate,uSv/h,50.0,1.0,6360,0.0003588999970816076,True,,1,0.1,0.09000000000000001,False,,0.0005651999963447452,
374,RADIATION,RADIATION,522880.9204974669,5697144.290406496,38,25,28.284271247461902,9136.8542494783,0.6860747556630507,ground_equivalent_excess_gamma_dose_rate,uSv/h,50.0,1.0,6360,0.0003740000247489661,True,,1,0.1,0.09000000000000001,False,,0.0006108999950811267,
375,RADIATION,RADIATION,522900.9204974669,5697164.290406496,39,26,28.284271247461902,9165.13852072576,0.641853648460649,ground_equivalent_excess_gamma_dose_rate,uSv/h,50.0,1.0,6360,0.0003711000026669353,True,,1,0.1,0.09000000000000001,False,,0.0005856000061612576,
376,RADIATION,RADIATION,522920.9204974669,5697164.290406496,39,27,20.0,9185.13852072576,0.6577889374722492,ground_equivalent_excess_gamma_dose_rate,uSv/h,50.0,1.0,6360,0.0003505999920889735,True,,1,0.1,0.09000000000000001,False,,0.0005537999968510121,
377,RADIATION,RADIATION,522940.9204974669,5697164.290406496,39,28,20.0,9205.13852072576,0.6774764437628105,ground_equivalent_excess_gamma_dose_rate,uSv/h,50.0,1.0,6360,0.00033870001789182425,True,,1,0.1,0.09000000000000001,False,,0.0005497000238392502,
378,RADIATION,RADIATION,522960.9204974669,5697184.290406496,40,29,28.284271247461902,9233.422791973222,0.621132404575574,ground_equivalent_excess_gamma_dose_rate,uSv/h,50.0,1.0,6360,0.000387999985832721,True,,1,0.1,0.09000000000000001,False,,0.0005505000008270144,
379,RADIATION,RADIATION,522980.9204974669,5697164.290406496,39,30,28.284271247461902,9261.707063220683,0.7206704949048925,ground_equivalent_excess_gamma_dose_rate,uSv/h,50.0,1.0,6360,0.000354000017978251,True,,1,0.1,0.09000000000000001,False,,0.0005438000080175698,
380,RADIATION,RADIATION,523000.920497467,5697164.290406496,39,31,20.000000000058208,9281.707063220741,0.7393645459714553,ground_equivalent_excess_gamma_dose_rate,uSv/h,50.0,1.0,6360,0.000358300021616742,True,,1,0.1,0.09000000000000001,False,,0.000586600013775751,
381,RADIATION,RADIATION,523020.920497467,5697164.290406496,39,32,20.0,9301.707063220741,0.7524859764581193,ground_equivalent_excess_gamma_dose_rate,uSv/h,50.0,1.0,6360,0.0003632000007200986,True,,1,0.1,0.09000000000000001,False,,0.0005475999787449837,
382,RADIATION,RADIATION,523040.920497467,5697164.290406496,39,33,20.0,9321.707063220741,0.7575127879543455,ground_equivalent_excess_gamma_dose_rate,uSv/h,50.0,1.0,6360,0.0003391999925952405,True,,1,0.1,0.09000000000000001,False,,0.0005505000008270144,
383,RADIATION,RADIATION,523060.920497467,5697164.290406496,39,34,20.0,9341.707063220741,0.7526612211166399,ground_equivalent_excess_gamma_dose_rate,uSv/h,50.0,1.0,6360,0.00035879999632015824,True,,1,0.1,0.09000000000000001,False,,0.0005392000020947307,
384,RADIATION,RADIATION,523080.920497467,5697144.290406496,38,35,28.284271247461902,9369.991334468203,0.8752971940372201,ground_equivalent_excess_gamma_dose_rate,uSv/h,50.0,1.0,6360,0.0003580999909900129,True,,1,0.1,0.09000000000000001,False,,0.0005402000097092241,
385,RADIATION,RADIATION,523100.920497467,5697144.290406496,38,36,20.0,9389.991334468203,0.8411447156874388,ground_equivalent_excess_gamma_dose_rate,uSv/h,50.0,1.0,6360,0.00035170000046491623,True,,1,0.1,0.09000000000000001,False,,0.0005629999795928597,
386,RADIATION,RADIATION,523120.920497467,5697124.290406496,37,37,28.284271247461902,9418.275605715664,0.9485281499664404,ground_equivalent_excess_gamma_dose_rate,uSv/h,50.0,1.0,6360,0.0004975999763701111,True,,1,0.1,0.09000000000000001,False,,0.0005509000038728118,
387,RADIATION,RADIATION,523140.920497467,5697124.290406496,37,38,20.0,9438.275605715664,0.8720442812779647,ground_equivalent_excess_gamma_dose_rate,uSv/h,50.0,1.0,6360,0.00036959999124519527,True,,1,0.1,0.09000000000000001,False,,0.0005691999976988882,
388,RADIATION,RADIATION,523160.920497467,5697104.290406496,36,39,28.284271247461902,9466.559876963125,0.9279400493525103,ground_equivalent_excess_gamma_dose_rate,uSv/h,50.0,1.0,6360,0.00037560000782832503,True,,1,0.1,0.09000000000000001,False,,0.0005586000042967498,
389,RADIATION,RADIATION,523180.920497467,5697104.290406496,36,40,20.0,9486.559876963125,0.82082008608463,ground_equivalent_excess_gamma_dose_rate,uSv/h,50.0,1.0,6360,0.00033999999868683517,True,,1,0.1,0.09000000000000001,False,,0.0005426999996416271,
390,RADIATION,RADIATION,523200.920497467,5697084.290406496,35,41,28.284271247461902,9514.844148210586,0.8193559632781757,ground_equivalent_excess_gamma_dose_rate,uSv/h,50.0,1.0,6360,0.0003632000007200986,True,,1,0.1,0.09000000000000001,False,,0.0005410999874584377,
391,RADIATION,RADIATION,523200.920497467,5697064.290406496,34,41,20.0,9534.844148210586,0.9258432552553952,ground_equivalent_excess_gamma_dose_rate,uSv/h,50.0,1.0,6360,0.00036669999826699495,True,,1,0.1,0.09000000000000001,False,,0.0005480000108946115,
392,RADIATION,RADIATION,523220.920497467,5697044.290406496,33,42,28.284271247461902,9563.128419458048,0.8663075842908372,ground_equivalent_excess_gamma_dose_rate,uSv/h,50.0,1.0,6360,0.00034920001053251326,True,,1,0.1,0.09000000000000001,False,,0.00053779999143444,
393,RADIATION,RADIATION,523240.920497467,5697044.290406496,33,43,20.0,9583.128419458048,0.7316995713406729,ground_equivalent_excess_gamma_dose_rate,uSv/h,50.0,1.0,6360,0.0003532000118866563,True,,1,0.1,0.09000000000000001,False,,0.0005387999990489334,
394,RADIATION,RADIATION,523260.920497467,5697024.290406496,32,44,28.284271247461902,9611.412690705509,0.6627972243924642,ground_equivalent_excess_gamma_dose_rate,uSv/h,50.0,1.0,6360,0.0003453000099398196,True,,1,0.1,0.09000000000000001,False,,0.0005500999977812171,
395,RADIATION,RADIATION,523280.920497467,5697004.290406496,31,45,28.284271247461902,9639.69696195297,0.5904583135321326,ground_equivalent_excess_gamma_dose_rate,uSv/h,50.0,1.0,6360,0.0003485999768599868,True,,1,0.1,0.09000000000000001,False,,0.0005495000223163515,
396,RADIATION,RADIATION,523280.920497467,5696984.290406497,30,45,19.999999999068677,9659.696961952039,0.605564312437576,ground_equivalent_excess_gamma_dose_rate,uSv/h,50.0,1.0,6360,0.00033889999031089246,True,,1,0.1,0.09000000000000001,False,,0.0005453000194393098,
397,RADIATION,RADIATION,523280.920497467,5696964.290406497,29,45,20.0,9679.696961952039,0.6129635427192743,ground_equivalent_excess_gamma_dose_rate,uSv/h,50.0,1.0,6360,0.00034389999927952886,True,,1,0.1,0.09000000000000001,False,,0.0005210000090301037,
398,RADIATION,RADIATION,523280.920497467,5696944.290406497,28,45,20.0,9699.696961952039,0.6120966332800502,ground_equivalent_excess_gamma_dose_rate,uSv/h,50.0,1.0,6360,0.0003939000016544014,True,,1,0.1,0.09000000000000001,False,,0.0005560999852605164,
399,RADIATION,RADIATION,523280.920497467,5696924.290406497,27,45,20.0,9719.696961952039,0.6031773959093529,ground_equivalent_excess_gamma_dose_rate,uSv/h,50.0,1.0,6360,0.000361700018402189,True,,1,0.1,0.09000000000000001,False,,0.0005359000060707331,
400,RADIATION,RADIATION,523260.920497467,5696904.290406497,26,44,28.284271247461902,9747.9812331995,0.6859811643942633,ground_equivalent_excess_gamma_dose_rate,uSv/h,50.0,1.0,6360,0.00036330000148154795,True,,1,0.1,0.09000000000000001,False,,0.0005554000090342015,
401,RADIATION,RADIATION,523240.920497467,5696884.290406497,25,43,28.284271247461902,9776.265504446961,0.7686371377591563,ground_equivalent_excess_gamma_dose_rate,uSv/h,50.0,1.0,6360,0.00037390002398751676,True,,1,0.1,0.09000000000000001,False,,0.0005381000228226185,
402,RADIATION,RADIATION,523220.920497467,5696864.290406497,24,42,28.284271247461902,9804.549775694422,0.8407414191995577,ground_equivalent_excess_gamma_dose_rate,uSv/h,50.0,1.0,6360,0.0003640000068116933,True,,1,0.1,0.09000000000000001,False,,0.0005514000076800585,
403,RADIATION,RADIATION,523200.920497467,5696844.290406497,23,41,28.284271247461902,9832.834046941884,0.8898554848028939,ground_equivalent_excess_gamma_dose_rate,uSv/h,50.0,1.0,6360,0.0003798999823629856,True,,1,0.1,0.09000000000000001,False,,0.0005668999801855534,
404,RADIATION,RADIATION,523180.920497467,5696844.290406497,23,40,20.0,9852.834046941884,1.0390476911437803,ground_equivalent_excess_gamma_dose_rate,uSv/h,50.0,1.0,6360,0.0003721999819390476,True,,1,0.1,0.09000000000000001,False,,0.0005799999926239252,
405,RADIATION,RADIATION,523160.920497467,5696824.290406497,22,39,28.284271247461902,9881.118318189345,1.03418695183405,ground_equivalent_excess_gamma_dose_rate,uSv/h,50.0,1.0,6360,0.00038139999378472567,True,,1,0.1,0.09000000000000001,False,,0.0005495999939739704,
406,RADIATION,RADIATION,523160.920497467,5696804.290406497,21,39,20.0,9901.118318189345,0.8894396785903969,ground_equivalent_excess_gamma_dose_rate,uSv/h,50.0,1.0,6360,0.0003711000026669353,True,,1,0.1,0.09000000000000001,False,,0.0005538999976124614,
407,RADIATION,RADIATION,523140.920497467,5696784.290406497,20,38,28.284271247461902,9929.402589436806,0.8465155593724811,ground_equivalent_excess_gamma_dose_rate,uSv/h,50.0,1.0,6360,0.000358000019332394,True,,1,0.1,0.09000000000000001,False,,0.0005571999936364591,
408,RADIATION,RADIATION,523120.920497467,5696764.290406497,19,37,28.284271247461902,9957.686860684267,0.7903655477613885,ground_equivalent_excess_gamma_dose_rate,uSv/h,50.0,1.0,6360,0.0004076000186614692,True,,1,0.1,0.09000000000000001,False,,0.0005449000163935125,
409,RADIATION,RADIATION,523100.920497467,5696764.290406497,19,36,20.0,9977.686860684267,0.8368683565995918,ground_equivalent_excess_gamma_dose_rate,uSv/h,50.0,1.0,6360,0.00037779999547638,True,,1,0.1,0.09000000000000001,False,,0.0005450000171549618,
410,RADIATION,RADIATION,523080.920497467,5696764.290406497,19,35,20.0,9997.686860684267,0.8750257810138158,ground_equivalent_excess_gamma_dose_rate,uSv/h,50.0,1.0,6360,0.0003648999845609069,True,,1,0.1,0.09000000000000001,False,,0.0005409000150393695,
411,RADIATION,RADIATION,523060.920497467,5696744.290406497,18,34,28.284271247461902,10025.971131931728,0.791464300151161,ground_equivalent_excess_gamma_dose_rate,uSv/h,50.0,1.0,6360,0.000441100011812523,True,,1,0.1,0.09000000000000001,False,,0.0005471999756991863,
412,RADIATION,RADIATION,523040.920497467,5696744.290406497,18,33,20.0,10045.971131931728,0.8113497137818824,ground_equivalent_excess_gamma_dose_rate,uSv/h,50.0,1.0,6360,0.0003691999881993979,True,,1,0.1,0.09000000000000001,False,,0.0005887000006623566,
413,RADIATION,RADIATION,523020.920497467,5696744.290406497,18,32,20.0,10065.971131931728,0.8258465985469932,ground_equivalent_excess_gamma_dose_rate,uSv/h,50.0,1.0,6360,0.0004008999967481941,True,,1,0.1,0.09000000000000001,False,,0.0005702000053133816,
414,RADIATION,RADIATION,523000.920497467,5696744.290406497,18,31,20.0,10085.971131931728,0.8368088068932731,ground_equivalent_excess_gamma_dose_rate,uSv/h,50.0,1.0,6360,0.00036020000698044896,True,,1,0.1,0.09000000000000001,False,,0.0005805999971926212,
415,RADIATION,RADIATION,522980.9204974669,5696744.290406497,18,30,20.000000000058208,10105.971131931787,0.846785663942015,ground_equivalent_excess_gamma_dose_rate,uSv/h,50.0,1.0,6360,0.00043239997467026114,True,,1,0.1,0.09000000000000001,False,,0.0005911999905947596,
416,RADIATION,RADIATION,522960.9204974669,5696724.290406497,17,29,28.284271247461902,10134.255403179248,0.8120003661203874,ground_equivalent_excess_gamma_dose_rate,uSv/h,50.0,1.0,6360,0.000455000001238659,True,,1,0.1,0.09000000000000001,False,,0.0006169999833218753,
417,RADIATION,RADIATION,522940.9204974669,5696724.290406497,17,28,20.0,10154.255403179248,0.8421595350038507,ground_equivalent_excess_gamma_dose_rate,uSv/h,50.0,1.0,6360,0.0003865000035148114,True,,1,0.1,0.09000000000000001,False,,0.0005639000155497342,
418,RADIATION,RADIATION,522920.9204974669,5696744.290406497,18,27,28.284271247461902,10182.53967442671,0.9004869964476505,ground_equivalent_excess_gamma_dose_rate,uSv/h,50.0,1.0,6360,0.00037719999090768397,True,,1,0.1,0.09000000000000001,False,,0.0006056000129319727,
419,RADIATION,RADIATION,522900.9204974669,5696764.290406497,19,26,28.284271247461902,10210.82394567417,0.9459558347976111,ground_equivalent_excess_gamma_dose_rate,uSv/h,50.0,1.0,6360,0.00036269999691285193,True,,1,0.1,0.09000000000000001,False,,0.0005917999951634556,
420,RADIATION,RADIATION,522880.9204974669,5696784.290406497,20,25,28.284271247461902,10239.108216921632,0.9753661339409421,ground_equivalent_excess_gamma_dose_rate,uSv/h,50.0,1.0,6360,0.00038809998659417033,True,,1,0.1,0.09000000000000001,False,,0.0005614999972749501,
421,RADIATION,RADIATION,522860.9204974669,5696784.290406497,20,24,20.0,10259.108216921632,0.9962690077337397,ground_equivalent_excess_gamma_dose_rate,uSv/h,50.0,1.0,6360,0.00038129999302327633,True,,1,0.1,0.09000000000000001,False,,0.0005613999965135008,
422,RADIATION,RADIATION,522840.9204974669,5696764.290406497,19,23,28.284271247461902,10287.392488169093,1.0714170722287095,ground_equivalent_excess_gamma_dose_rate,uSv/h,50.0,1.0,6360,0.0004031000135000795,True,,1,0.1,0.09000000000000001,False,,0.0005806000262964517,
423,RADIATION,RADIATION,522860.9204974669,5696744.290406497,18,24,28.284271247461902,10315.676759416554,1.0502505200333971,ground_equivalent_excess_gamma_dose_rate,uSv/h,50.0,1.0,6360,0.0003637999761849642,True,,1,0.1,0.09000000000000001,False,,0.0005714999861083925,
424,RADIATION,RADIATION,522840.9204974669,5696744.290406497,18,23,20.0,10335.676759416554,1.1328479088863035,ground_equivalent_excess_gamma_dose_rate,uSv/h,50.0,1.0,6360,0.00036910001654177904,True,,1,0.1,0.09000000000000001,False,,0.0005647999932989478,
425,RADIATION,RADIATION,522820.9204974669,5696724.290406497,17,22,28.284271247461902,10363.961030664015,1.3606757777136729,ground_equivalent_excess_gamma_dose_rate,uSv/h,50.0,1.0,6360,0.00039360002847388387,True,,1,0.1,0.09000000000000001,False,,0.0005673999839928001,
426,RADIATION,RADIATION,522840.9204974669,5696704.290406497,16,23,28.284271247461902,10392.245301911476,1.3131037637990501,ground_equivalent_excess_gamma_dose_rate,uSv/h,50.0,1.0,6360,0.00044800000614486635,True,,1,0.1,0.09000000000000001,False,,0.0005851999740116298,
427,RADIATION,RADIATION,522820.9204974669,5696704.290406497,16,22,20.0,10412.245301911476,1.5220823798386705,ground_equivalent_excess_gamma_dose_rate,uSv/h,50.0,1.0,6360,0.0003766000154428184,True,,1,0.1,0.09000000000000001,False,,0.0005648999940603971,
428,RADIATION,RADIATION,522800.9204974669,5696684.290406497,15,21,28.284271247461902,10440.529573158938,2.1142173248927847,ground_equivalent_excess_gamma_dose_rate,uSv/h,50.0,1.0,6360,0.00045110000064596534,True,,1,0.1,0.09000000000000001,False,,0.0005758999905083328,
429,RADIATION,RADIATION,522780.9204974669,5696664.290406497,14,20,28.284271247461902,10468.813844406399,3.3819978290735624,ground_equivalent_excess_gamma_dose_rate,uSv/h,50.0,1.0,6360,0.00044520001392811537,True,,1,0.1,0.09000000000000001,False,,0.0005826999840792269,
430,RADIATION,RADIATION,522760.9204974669,5696684.290406497,15,19,28.284271247461902,10497.09811565386,3.3603591647372433,ground_equivalent_excess_gamma_dose_rate,uSv/h,50.0,1.0,6360,0.0004102999810129404,True,,1,0.1,0.09000000000000001,False,,0.0005522000137716532,
431,RADIATION,RADIATION,522760.9204974669,5696664.290406497,14,19,20.0,10517.09811565386,4.733139833707345,ground_equivalent_excess_gamma_dose_rate,uSv/h,50.0,1.0,6360,0.0003513999981805682,True,,1,0.1,0.09000000000000001,False,,0.0005622000026050955,
432,RADIATION,RADIATION,522740.9204974669,5696644.290406497,13,18,28.284271247461902,10545.382386901321,11.711336545772335,ground_equivalent_excess_gamma_dose_rate,uSv/h,50.0,1.0,6360,0.00047629998880438507,True,,1,0.1,0.09000000000000001,False,,0.0005754000158049166,
433,RADIATION,RADIATION,522720.9204974669,5696664.290406497,14,17,28.284271247461902,10573.666658148783,8.362899229953147,ground_equivalent_excess_gamma_dose_rate,uSv/h,50.0,1.0,6360,0.0003612999862525612,True,,1,0.1,0.09000000000000001,False,,0.0005545000021811575,
434,RADIATION,RADIATION,522720.9204974669,5696644.290406497,13,17,20.0,10593.666658148783,19.218311652866753,ground_equivalent_excess_gamma_dose_rate,uSv/h,50.0,1.0,6360,0.0003685999836307019,True,,1,0.1,0.09000000000000001,False,,0.0005556000105571002,
435,RADIATION,RADIATION,522700.9204974669,5696624.290406497,12,16,28.284271247461902,10621.950929396244,90.09229120243937,ground_equivalent_excess_gamma_dose_rate,uSv/h,50.0,1.0,6360,0.0004440000047907233,True,,1,0.1,0.09000000000000001,False,,0.0005675000138580799,
436,RADIATION,RADIATION,522680.9204974669,5696644.290406497,13,15,28.284271247461902,10650.235200643705,12.830764779209114,ground_equivalent_excess_gamma_dose_rate,uSv/h,50.0,1.0,6360,0.00037850000080652535,True,,1,0.1,0.09000000000000001,False,,0.0005703000060748309,
437,RADIATION,RADIATION,522680.9204974669,5696624.290406497,12,15,20.0,10670.235200643705,24.917317600956395,ground_equivalent_excess_gamma_dose_rate,uSv/h,50.0,1.0,6360,0.00038049998693168163,True,,1,0.1,0.09000000000000001,False,,0.0005488000169862062,
438,RADIATION,RADIATION,522700.9204974669,5696604.290406497,11,16,28.284271247461902,10698.519471891166,243.33935468654178,ground_equivalent_excess_gamma_dose_rate,uSv/h,50.0,1.0,6360,0.000434000015957281,True,,1,0.1,0.09000000000000001,False,,0.0005596000119112432,
439,RADIATION,RADIATION,522720.9204974669,5696584.290406497,10,17,28.284271247461902,10726.803743138627,31.75124557975091,ground_equivalent_excess_gamma_dose_rate,uSv/h,50.0,1.0,6360,0.00046900002053007483,True,,1,0.1,0.09000000000000001,False,,0.0005623999750241637,
440,RADIATION,RADIATION,522700.9204974669,5696584.290406497,10,16,20.0,10746.803743138627,34.57632648264409,ground_equivalent_excess_gamma_dose_rate,uSv/h,50.0,1.0,6360,0.00036860001273453236,True,,1,0.1,0.09000000000000001,False,,0.0005615000263787806,
441,RADIATION,RADIATION,522680.9204974669,5696584.290406497,10,15,20.0,10766.803743138627,17.303680837605636,ground_equivalent_excess_gamma_dose_rate,uSv/h,50.0,1.0,6360,0.00037099997280165553,True,,1,0.1,0.09000000000000001,False,,0.0005819000070914626,
442,RADIATION,RADIATION,522660.9204974669,5696604.290406497,11,14,28.284271247461902,10795.088014386089,10.757306837700956,ground_equivalent_excess_gamma_dose_rate,uSv/h,50.0,1.0,6360,0.00036539998836815357,True,,1,0.1,0.09000000000000001,False,,0.0005293999856803566,
443,RADIATION,RADIATION,522660.9204974669,5696584.290406497,10,14,20.0,10815.088014386089,8.545807074531483,ground_equivalent_excess_gamma_dose_rate,uSv/h,50.0,1.0,6360,0.00037689998862333596,True,,1,0.1,0.09000000000000001,False,,0.0005557999829761684,
444,RADIATION,RADIATION,522680.9204974669,5696564.290406497,9,15,28.284271247461902,10843.37228563355,8.852530705038541,ground_equivalent_excess_gamma_dose_rate,uSv/h,50.0,1.0,6360,0.0004425999941304326,True,,1,0.1,0.09000000000000001,False,,0.0005756000173278153,
445,RADIATION,RADIATION,522700.9204974669,5696564.290406497,9,16,20.0,10863.37228563355,11.811513428142023,ground_equivalent_excess_gamma_dose_rate,uSv/h,50.0,1.0,6360,0.00035650000791065395,True,,1,0.1,0.09000000000000001,False,,0.0005487999878823757,
446,RADIATION,RADIATION,522720.9204974669,5696564.290406497,9,17,20.0,10883.37228563355,11.471871826735507,ground_equivalent_excess_gamma_dose_rate,uSv/h,50.0,1.0,6360,0.0003586999955587089,True,,1,0.1,0.09000000000000001,False,,0.0005698000022675842,
447,RADIATION,RADIATION,522740.9204974669,5696584.290406497,10,18,28.284271247461902,10911.656556881011,15.29267702777449,ground_equivalent_excess_gamma_dose_rate,uSv/h,50.0,1.0,6360,0.00036550001823343337,True,,1,0.1,0.09000000000000001,False,,0.0005700000037904829,
448,RADIATION,RADIATION,522740.9204974669,5696564.290406497,9,18,20.0,10931.656556881011,8.308961012330572,ground_equivalent_excess_gamma_dose_rate,uSv/h,50.0,1.0,6360,0.00036669999826699495,True,,1,0.1,0.09000000000000001,False,,0.0005619999719783664,
449,RADIATION,RADIATION,522760.9204974669,5696584.290406497,10,19,28.284271247461902,10959.940828128472,7.738131319563861,ground_equivalent_excess_gamma_dose_rate,uSv/h,50.0,1.0,6360,0.0003831000067293644,True,,1,0.1,0.09000000000000001,False,,0.0006220999930519611,
450,RADIATION,RADIATION,522760.9204974669,5696604.290406497,11,19,20.0,10979.940828128472,9.495365162908332,ground_equivalent_excess_gamma_dose_rate,uSv/h,50.0,1.0,6360,0.00034619998768903315,True,,1,0.1,0.09000000000000001,False,,0.0005632000102195889,
451,RADIATION,RADIATION,522780.9204974669,5696624.290406497,12,20,28.284271247461902,11008.225099375933,4.93340773647319,ground_equivalent_excess_gamma_dose_rate,uSv/h,50.0,1.0,6360,0.00039339999784715474,True,,1,0.1,0.09000000000000001,False,,0.0005440000095404685,
452,RADIATION,RADIATION,522800.9204974669,5696604.290406497,11,21,28.284271247461902,11036.509370623395,3.2018638731603555,ground_equivalent_excess_gamma_dose_rate,uSv/h,50.0,1.0,6360,0.000378400000045076,True,,1,0.1,0.09000000000000001,False,,0.0005745000089518726,
453,RADIATION,RADIATION,522800.9204974669,5696584.290406497,10,21,20.0,11056.509370623395,2.980780702750932,ground_equivalent_excess_gamma_dose_rate,uSv/h,50.0,1.0,6360,0.00037140000495128334,True,,1,0.1,0.09000000000000001,False,,0.0006044000037945807,
454,RADIATION,RADIATION,522780.9204974669,5696564.290406497,9,20,28.284271247461902,11084.793641870856,3.6684515991816737,ground_equivalent_excess_gamma_dose_rate,uSv/h,50.0,1.0,6360,0.0004022000066470355,True,,1,0.1,0.09000000000000001,False,,0.0005651999963447452,
455,RADIATION,RADIATION,522760.9204974669,5696564.290406497,9,19,20.0,11104.793641870856,5.466213888651866,ground_equivalent_excess_gamma_dose_rate,uSv/h,50.0,1.0,6360,0.00033530002110637724,True,,1,0.1,0.09000000000000001,False,,0.0005756000173278153,
456,RADIATION,RADIATION,522780.9204974669,5696544.290406497,8,20,28.284271247461902,11133.077913118317,2.838027801942562,ground_equivalent_excess_gamma_dose_rate,uSv/h,50.0,1.0,6360,0.00044479998177848756,True,,1,0.1,0.09000000000000001,False,,0.0005532999930437654,
457,RADIATION,RADIATION,522760.9204974669,5696524.290406497,7,19,28.284271247461902,11161.362184365778,2.675978420960028,ground_equivalent_excess_gamma_dose_rate,uSv/h,50.0,1.0,6360,0.00045369999133981764,True,,1,0.1,0.09000000000000001,False,,0.0007931000145617872,
458,RADIATION,RADIATION,522740.9204974669,5696524.290406497,7,18,20.0,11181.362184365778,3.1741810962638093,ground_equivalent_excess_gamma_dose_rate,uSv/h,50.0,1.0,6360,0.00035299998125992715,True,,1,0.1,0.09000000000000001,False,,0.0005638000147882849,
459,RADIATION,RADIATION,522720.9204974669,5696524.290406497,7,17,20.0,11201.362184365778,3.520218545388516,ground_equivalent_excess_gamma_dose_rate,uSv/h,50.0,1.0,6360,0.0003698999935295433,True,,1,0.1,0.09000000000000001,False,,0.0005558000120799989,
460,RADIATION,RADIATION,522700.9204974669,5696524.290406497,7,16,20.0,11221.362184365778,3.547980480665939,ground_equivalent_excess_gamma_dose_rate,uSv/h,50.0,1.0,6360,0.00036810000892728567,True,,1,0.1,0.09000000000000001,False,,0.0005842999962624162,
461,RADIATION,RADIATION,522680.9204974669,5696544.290406497,8,15,28.284271247461902,11249.64645561324,5.070848529067525,ground_equivalent_excess_gamma_dose_rate,uSv/h,50.0,1.0,6360,0.00039590001688338816,True,,1,0.1,0.09000000000000001,False,,0.0005563999875448644,
462,RADIATION,RADIATION,522660.9204974669,5696544.290406497,8,14,20.0,11269.64645561324,3.9393411278638037,ground_equivalent_excess_gamma_dose_rate,uSv/h,50.0,1.0,6360,0.0003718000079970807,True,,1,0.1,0.09000000000000001,False,,0.0005450999888125807,
463,RADIATION,RADIATION,522640.9204974669,5696564.290406497,9,13,28.284271247461902,11297.9307268607,3.8882435598840708,ground_equivalent_excess_gamma_dose_rate,uSv/h,50.0,1.0,6360,0.0003816999960690737,True,,1,0.1,0.09000000000000001,False,,0.0005339999916031957,
464,RADIATION,RADIATION,522640.9204974669,5696584.290406497,10,13,20.0,11317.9307268607,4.890645346762337,ground_equivalent_excess_gamma_dose_rate,uSv/h,50.0,1.0,6360,0.00036639999598264694,True,,1,0.1,0.09000000000000001,False,,0.0005478999810293317,
465,RADIATION,RADIATION,522640.9204974669,5696604.290406497,11,13,20.0,11337.9307268607,5.5281154413171985,ground_equivalent_excess_gamma_dose_rate,uSv/h,50.0,1.0,6360,0.0003622999938670546,True,,1,0.1,0.09000000000000001,False,,0.0005516000092029572,
466,RADIATION,RADIATION,522640.9204974669,5696624.290406497,12,13,20.0,11357.9307268607,5.354456297270625,ground_equivalent_excess_gamma_dose_rate,uSv/h,50.0,1.0,6360,0.00035489999572746456,True,,1,0.1,0.09000000000000001,False,,0.0005747000104747713,
467,RADIATION,RADIATION,522640.9204974669,5696644.290406497,13,13,20.0,11377.9307268607,4.5211857201670425,ground_equivalent_excess_gamma_dose_rate,uSv/h,50.0,1.0,6360,0.0003722999827004969,True,,1,0.1,0.09000000000000001,False,,0.0005745000089518726,
468,RADIATION,RADIATION,522660.9204974669,5696664.290406497,14,14,28.284271247461902,11406.214998108162,4.995746330839768,ground_equivalent_excess_gamma_dose_rate,uSv/h,50.0,1.0,6360,0.0003595000016503036,True,,1,0.1,0.09000000000000001,False,,0.0005432000034488738,
469,RADIATION,RADIATION,522680.9204974669,5696684.290406497,15,15,28.284271247461902,11434.499269355623,4.247290612619568,ground_equivalent_excess_gamma_dose_rate,uSv/h,50.0,1.0,6360,0.0003431999939493835,True,,1,0.1,0.09000000000000001,False,,0.0005817999772261828,
470,RADIATION,RADIATION,522700.9204974669,5696704.290406497,16,16,28.284271247461902,11462.783540603084,3.1156971222073775,ground_equivalent_excess_gamma_dose_rate,uSv/h,50.0,1.0,6360,0.0003932000254280865,True,,1,0.1,0.09000000000000001,False,,0.0005619000003207475,
471,RADIATION,RADIATION,522720.9204974669,5696704.290406497,16,17,20.0,11482.783540603084,3.09672590658049,ground_equivalent_excess_gamma_dose_rate,uSv/h,50.0,1.0,6360,0.0003635999746620655,True,,1,0.1,0.09000000000000001,False,,0.0005581000004895031,
472,RADIATION,RADIATION,522700.9204974669,5696724.290406497,17,16,28.284271247461902,11511.067811850546,2.2620678495714035,ground_equivalent_excess_gamma_dose_rate,uSv/h,50.0,1.0,6360,0.000374399998690933,True,,1,0.1,0.09000000000000001,False,,0.0005857999785803258,
473,RADIATION,RADIATION,522680.9204974669,5696724.290406497,17,15,20.0,11531.067811850546,2.1618327514167466,ground_equivalent_excess_gamma_dose_rate,uSv/h,50.0,1.0,6360,0.00038670000503771007,True,,1,0.1,0.09000000000000001,False,,0.0005619000003207475,
474,RADIATION,RADIATION,522660.9204974669,5696704.290406497,16,14,28.284271247461902,11559.352083098007,2.552406355083547,ground_equivalent_excess_gamma_dose_rate,uSv/h,50.0,1.0,6360,0.0003575999871827662,True,,1,0.1,0.09000000000000001,False,,0.0005686999938916415,
475,RADIATION,RADIATION,522660.9204974669,5696684.290406497,15,14,20.0,11579.352083098007,3.477068318901597,ground_equivalent_excess_gamma_dose_rate,uSv/h,50.0,1.0,6360,0.0003657999914139509,True,,1,0.1,0.09000000000000001,False,,0.0005540999991353601,
476,RADIATION,RADIATION,522640.9204974669,5696664.290406497,14,13,28.284271247461902,11607.636354345468,3.5504367538554282,ground_equivalent_excess_gamma_dose_rate,uSv/h,50.0,1.0,6360,0.0003735999925993383,True,,1,0.1,0.09000000000000001,False,,0.0005390000005718321,
477,RADIATION,RADIATION,522620.9204974669,5696664.290406497,14,12,20.0,11627.636354345468,2.59443364745231,ground_equivalent_excess_gamma_dose_rate,uSv/h,50.0,1.0,6360,0.0004057000041939318,True,,1,0.1,0.09000000000000001,False,,0.0005744000081904233,
478,RADIATION,RADIATION,522600.9204974669,5696644.290406497,13,11,28.284271247461902,11655.92062559293,2.1815620036715235,ground_equivalent_excess_gamma_dose_rate,uSv/h,50.0,1.0,6360,0.0003902999742422253,True,,1,0.1,0.09000000000000001,False,,0.0005665999779012054,
479,RADIATION,RADIATION,522600.9204974669,5696624.290406497,12,11,20.0,11675.92062559293,2.3201574929401376,ground_equivalent_excess_gamma_dose_rate,uSv/h,50.0,1.0,6360,0.00037540000630542636,True,,1,0.1,0.09000000000000001,False,,0.0007054999878164381,
480,RADIATION,RADIATION,522600.9204974669,5696604.290406497,11,11,20.0,11695.92062559293,2.3343446184672687,ground_equivalent_excess_gamma_dose_rate,uSv/h,50.0,1.0,6360,0.000371300004189834,True,,1,0.1,0.09000000000000001,False,,0.0005774000019300729,
481,RADIATION,RADIATION,522600.9204974669,5696584.290406497,10,11,20.0,11715.92062559293,2.212353230718294,ground_equivalent_excess_gamma_dose_rate,uSv/h,50.0,1.0,6360,0.0003938000008929521,True,,1,0.1,0.09000000000000001,False,,0.0005602999881375581,
482,RADIATION,RADIATION,522620.9204974669,5696564.290406497,9,12,28.284271247461902,11744.20489684039,2.713110655504542,ground_equivalent_excess_gamma_dose_rate,uSv/h,50.0,1.0,6360,0.00038740001036785543,True,,1,0.1,0.09000000000000001,False,,0.0005718000174965709,
483,RADIATION,RADIATION,522620.9204974669,5696544.290406497,8,12,20.0,11764.20489684039,2.2367592719171676,ground_equivalent_excess_gamma_dose_rate,uSv/h,50.0,1.0,6360,0.0003635000030044466,True,,1,0.1,0.09000000000000001,False,,0.0005677999870385975,
484,RADIATION,RADIATION,522640.9204974669,5696524.290406497,7,13,28.284271247461902,11792.489168087852,2.246760697249789,ground_equivalent_excess_gamma_dose_rate,uSv/h,50.0,1.0,6360,0.0003716999781318009,True,,1,0.1,0.09000000000000001,False,,0.0005691999976988882,
485,RADIATION,RADIATION,522660.9204974669,5696504.290406497,6,14,28.284271247461902,11820.773439335313,2.008558385782717,ground_equivalent_excess_gamma_dose_rate,uSv/h,50.0,1.0,6360,0.0004645000153686851,True,,1,0.1,0.09000000000000001,False,,0.00055109997629188,
486,RADIATION,RADIATION,522680.9204974669,5696484.290406497,5,15,28.284271247461902,11849.057710582774,1.6556548779811233,ground_equivalent_excess_gamma_dose_rate,uSv/h,50.0,1.0,6360,0.0004446999810170382,True,,1,0.1,0.09000000000000001,False,,0.0005754000158049166,
487,RADIATION,RADIATION,522700.9204974669,5696484.290406497,5,16,20.0,11869.057710582774,1.7271010906834339,ground_equivalent_excess_gamma_dose_rate,uSv/h,50.0,1.0,6360,0.0003546999942045659,True,,1,0.1,0.09000000000000001,False,,0.0005612999957520515,
488,RADIATION,RADIATION,522720.9204974669,5696484.290406497,5,17,20.0,11889.057710582774,1.7221206217312222,ground_equivalent_excess_gamma_dose_rate,uSv/h,50.0,1.0,6360,0.0003735999925993383,True,,1,0.1,0.09000000000000001,False,,0.00059710000641644,
489,RADIATION,RADIATION,522740.9204974669,5696484.290406497,5,18,20.0,11909.057710582774,1.6425339176391134,ground_equivalent_excess_gamma_dose_rate,uSv/h,50.0,1.0,6360,0.0003696999920066446,True,,1,0.1,0.09000000000000001,False,,0.00053779999143444,
490,RADIATION,RADIATION,522760.9204974669,5696484.290406497,5,19,20.0,11929.057710582774,1.5093693524689298,ground_equivalent_excess_gamma_dose_rate,uSv/h,50.0,1.0,6360,0.0003521000035107136,True,,1,0.1,0.09000000000000001,False,,0.0005498999962583184,
491,RADIATION,RADIATION,522780.9204974669,5696484.290406497,5,20,20.0,11949.057710582774,1.350845080544935,ground_equivalent_excess_gamma_dose_rate,uSv/h,50.0,1.0,6360,0.0003699999942909926,True,,1,0.1,0.09000000000000001,False,,0.0005610999942291528,
492,RADIATION,RADIATION,522800.9204974669,5696504.290406497,6,21,28.284271247461902,11977.341981830235,1.4455556908545484,ground_equivalent_excess_gamma_dose_rate,uSv/h,50.0,1.0,6360,0.00037969998084008694,True,,1,0.1,0.09000000000000001,False,,0.0005443999834824353,
493,RADIATION,RADIATION,522820.9204974669,5696524.290406497,7,22,28.284271247461902,12005.626253077697,1.442873932617406,ground_equivalent_excess_gamma_dose_rate,uSv/h,50.0,1.0,6360,0.00037369999336078763,True,,1,0.1,0.09000000000000001,False,,0.0005673999839928001,
494,RADIATION,RADIATION,522820.9204974669,5696544.290406497,8,22,20.0,12025.626253077697,1.6834278257215576,ground_equivalent_excess_gamma_dose_rate,uSv/h,50.0,1.0,6360,0.0003717999788932502,True,,1,0.1,0.09000000000000001,False,,0.0005592999805230647,
495,RADIATION,RADIATION,522840.9204974669,5696564.290406497,9,23,28.284271247461902,12053.910524325158,1.4965638384236264,ground_equivalent_excess_gamma_dose_rate,uSv/h,50.0,1.0,6360,0.0003952000115532428,True,,1,0.1,0.09000000000000001,False,,0.0005603999888990074,
496,RADIATION,RADIATION,522840.9204974669,5696584.290406497,10,23,20.0,12073.910524325158,1.6143615091058312,ground_equivalent_excess_gamma_dose_rate,uSv/h,50.0,1.0,6360,0.00038380001205950975,True,,1,0.1,0.09000000000000001,False,,0.0005683999916072935,
497,RADIATION,RADIATION,522840.9204974669,5696604.290406497,11,23,20.0,12093.910524325158,1.6817746613037337,ground_equivalent_excess_gamma_dose_rate,uSv/h,50.0,1.0,6360,0.0003662999952211976,True,,1,0.1,0.09000000000000001,False,,0.0005700000037904829,
498,RADIATION,RADIATION,522820.9204974669,5696624.290406497,12,22,28.284271247461902,12122.19479557262,2.230502562629363,ground_equivalent_excess_gamma_dose_rate,uSv/h,50.0,1.0,6360,0.00036609999369829893,True,,1,0.1,0.09000000000000001,False,,0.0005518000107258558,
499,RADIATION,RADIATION,522820.9204974669,5696644.290406497,13,22,20.0,12142.19479557262,2.109917196102166,ground_equivalent_excess_gamma_dose_rate,uSv/h,50.0,1.0,6360,0.00035000001662410796,True,,1,0.1,0.09000000000000001,False,,0.0006229999999050051,
500,RADIATION,RADIATION,522840.9204974669,5696644.290406497,13,23,20.0,12162.19479557262,1.6327067034698757,ground_equivalent_excess_gamma_dose_rate,uSv/h,50.0,1.0,6360,0.0003662999952211976,True,,1,0.1,0.09000000000000001,False,,0.0005759999912697822,
501,RADIATION,RADIATION,522860.9204974669,5696624.290406497,12,24,28.284271247461902,12190.47906682008,1.3422489428477187,ground_equivalent_excess_gamma_dose_rate,uSv/h,50.0,1.0,6360,0.0003912000101990998,True,,1,0.1,0.09000000000000001,False,,0.0005779999773949385,
502,RADIATION,RADIATION,522860.9204974669,5696644.290406497,13,24,20.0,12210.47906682008,1.3209691108439916,ground_equivalent_excess_gamma_dose_rate,uSv/h,50.0,1.0,6360,0.00043829999049194157,True,,1,0.1,0.09000000000000001,False,,0.0007461999775841832,
503,RADIATION,RADIATION,522860.9204974669,5696664.290406497,14,24,20.0,12230.47906682008,1.2749196406527012,ground_equivalent_excess_gamma_dose_rate,uSv/h,50.0,1.0,6360,0.00039149998337961733,True,,1,0.1,0.09000000000000001,False,,0.0006152999994810671,
504,RADIATION,RADIATION,522880.9204974669,5696664.290406497,14,25,20.0,12250.47906682008,1.089273399057465,ground_equivalent_excess_gamma_dose_rate,uSv/h,50.0,1.0,6360,0.00041130001773126423,True,,1,0.1,0.09000000000000001,False,,0.000593400007346645,
505,RADIATION,RADIATION,522900.9204974669,5696644.290406497,13,26,28.284271247461902,12278.763338067542,0.9566659687471946,ground_equivalent_excess_gamma_dose_rate,uSv/h,50.0,1.0,6360,0.00038350000977516174,True,,1,0.1,0.09000000000000001,False,,0.0005824000108987093,
506,RADIATION,RADIATION,522900.9204974669,5696624.290406497,12,26,20.0,12298.763338067542,0.9495532657028527,ground_equivalent_excess_gamma_dose_rate,uSv/h,50.0,1.0,6360,0.00038579999818466604,True,,1,0.1,0.09000000000000001,False,,0.0005747000104747713,
507,RADIATION,RADIATION,522880.9204974669,5696604.290406497,11,25,28.284271247461902,12327.047609315003,1.0955467918053625,ground_equivalent_excess_gamma_dose_rate,uSv/h,50.0,1.0,6360,0.00036169998929835856,True,,1,0.1,0.09000000000000001,False,,0.0005706999800167978,
508,RADIATION,RADIATION,522880.9204974669,5696584.290406497,10,25,20.0,12347.047609315003,1.0593096039605887,ground_equivalent_excess_gamma_dose_rate,uSv/h,50.0,1.0,6360,0.0003850999928545207,True,,1,0.1,0.09000000000000001,False,,0.0005947999889031053,
509,RADIATION,RADIATION,522860.9204974669,5696564.290406497,9,24,28.284271247461902,12375.331880562464,1.2075265095968724,ground_equivalent_excess_gamma_dose_rate,uSv/h,50.0,1.0,6360,0.000378700002329424,True,,1,0.1,0.09000000000000001,False,,0.0005718999891541898,
510,RADIATION,RADIATION,522860.9204974669,5696544.290406497,8,24,20.0,12395.331880562464,1.1115986157128122,ground_equivalent_excess_gamma_dose_rate,uSv/h,50.0,1.0,6360,0.0003829000052064657,True,,1,0.1,0.09000000000000001,False,,0.0005817000055685639,
511,RADIATION,RADIATION,522840.9204974669,5696524.290406497,7,23,28.284271247461902,12423.616151809925,1.195060057353778,ground_equivalent_excess_gamma_dose_rate,uSv/h,50.0,1.0,6360,0.0003927999932784587,True,,1,0.1,0.09000000000000001,False,,0.000590900017414242,
512,RADIATION,RADIATION,522820.9204974669,5696504.290406497,6,22,28.284271247461902,12451.900423057386,1.2267281399085166,ground_equivalent_excess_gamma_dose_rate,uSv/h,50.0,1.0,6360,0.00038499999209307134,True,,1,0.1,0.09000000000000001,False,,0.0005538999976124614,
513,RADIATION,RADIATION,522820.9204974669,5696484.290406497,5,22,20.0,12471.900423057386,1.0427973128384829,ground_equivalent_excess_gamma_dose_rate,uSv/h,50.0,1.0,6360,0.0003844000166282058,True,,1,0.1,0.09000000000000001,False,,0.0005694999999832362,
514,RADIATION,RADIATION,522840.9204974669,5696484.290406497,5,23,20.0,12491.900423057386,0.9137053170298137,ground_equivalent_excess_gamma_dose_rate,uSv/h,50.0,1.0,6360,0.0003573999856598675,True,,1,0.1,0.09000000000000001,False,,0.0005740999768022448,
515,RADIATION,RADIATION,522860.9204974669,5696504.290406497,6,24,28.284271247461902,12520.184694304848,0.9025507009736873,ground_equivalent_excess_gamma_dose_rate,uSv/h,50.0,1.0,6360,0.00035909999860450625,True,,1,0.1,0.09000000000000001,False,,0.000582900014705956,
516,RADIATION,RADIATION,522880.9204974669,5696524.290406497,7,25,28.284271247461902,12548.468965552309,0.8632656246618859,ground_equivalent_excess_gamma_dose_rate,uSv/h,50.0,1.0,6360,0.0003741999971680343,True,,1,0.1,0.09000000000000001,False,,0.0005629999795928597,
517,RADIATION,RADIATION,522900.9204974669,5696544.290406497,8,26,28.284271247461902,12576.75323679977,0.808004925374145,ground_equivalent_excess_gamma_dose_rate,uSv/h,50.0,1.0,6360,0.00036540001747198403,True,,1,0.1,0.09000000000000001,False,,0.0005652999971061945,
518,RADIATION,RADIATION,522920.9204974669,5696564.290406497,9,27,28.284271247461902,12605.037508047231,0.7491541074657091,ground_equivalent_excess_gamma_dose_rate,uSv/h,50.0,1.0,6360,0.0003802000137511641,True,,1,0.1,0.09000000000000001,False,,0.0005558000120799989,
519,RADIATION,RADIATION,522920.9204974669,5696584.290406497,10,27,20.0,12625.037508047231,0.7837287261544676,ground_equivalent_excess_gamma_dose_rate,uSv/h,50.0,1.0,6360,0.00036330000148154795,True,,1,0.1,0.09000000000000001,False,,0.0005604000180028379,
520,RADIATION,RADIATION,522940.9204974669,5696604.290406497,11,28,28.284271247461902,12653.321779294693,0.7219516811937614,ground_equivalent_excess_gamma_dose_rate,uSv/h,50.0,1.0,6360,0.00039659999310970306,True,,1,0.1,0.09000000000000001,False,,0.0005848000000696629,
521,RADIATION,RADIATION,522940.9204974669,5696624.290406497,12,28,20.0,12673.321779294693,0.7441630124685645,ground_equivalent_excess_gamma_dose_rate,uSv/h,50.0,1.0,6360,0.0003600000054575503,True,,1,0.1,0.09000000000000001,False,,0.0005520999839063734,
522,RADIATION,RADIATION,522920.9204974669,5696644.290406497,13,27,28.284271247461902,12701.606050542154,0.8461264316253658,ground_equivalent_excess_gamma_dose_rate,uSv/h,50.0,1.0,6360,0.00033229999826289713,True,,1,0.1,0.09000000000000001,False,,0.0005535999953281134,
523,RADIATION,RADIATION,522920.9204974669,5696664.290406497,14,27,20.0,12721.606050542154,0.8554197894355511,ground_equivalent_excess_gamma_dose_rate,uSv/h,50.0,1.0,6360,0.0003628999984357506,True,,1,0.1,0.09000000000000001,False,,0.0005540999991353601,
524,RADIATION,RADIATION,522900.9204974669,5696684.290406497,15,26,28.284271247461902,12749.890321789615,0.9480035514968528,ground_equivalent_excess_gamma_dose_rate,uSv/h,50.0,1.0,6360,0.0003482000029180199,True,,1,0.1,0.09000000000000001,False,,0.0005531000206246972,
525,RADIATION,RADIATION,522900.9204974669,5696704.290406497,16,26,20.0,12769.890321789615,0.9400842825622409,ground_equivalent_excess_gamma_dose_rate,uSv/h,50.0,1.0,6360,0.0003547999949660152,True,,1,0.1,0.09000000000000001,False,,0.0005518999823834747,
526,RADIATION,RADIATION,522920.9204974669,5696684.290406497,15,27,28.284271247461902,12798.174593037076,0.8624949318062494,ground_equivalent_excess_gamma_dose_rate,uSv/h,50.0,1.0,6360,0.0003451999800745398,True,,1,0.1,0.09000000000000001,False,,0.0005702000053133816,
527,RADIATION,RADIATION,522940.9204974669,5696664.290406497,14,28,28.284271247461902,12826.458864284537,0.7801374386437339,ground_equivalent_excess_gamma_dose_rate,uSv/h,50.0,1.0,6360,0.0003738999948836863,True,,1,0.1,0.09000000000000001,False,,0.0005984000163152814,
528,RADIATION,RADIATION,522960.9204974669,5696684.290406497,15,29,28.284271247461902,12854.743135531999,0.7466457260206343,ground_equivalent_excess_gamma_dose_rate,uSv/h,50.0,1.0,6360,0.00038079998921602964,True,,1,0.1,0.09000000000000001,False,,0.0005834000185132027,
529,RADIATION,RADIATION,522980.9204974669,5696704.290406497,16,30,28.284271247461902,12883.02740677946,0.7428177203041924,ground_equivalent_excess_gamma_dose_rate,uSv/h,50.0,1.0,6360,0.00036410000757314265,True,,1,0.1,0.09000000000000001,False,,0.0005912999913562089,
530,RADIATION,RADIATION,523000.920497467,5696704.290406497,16,31,20.000000000058208,12903.027406779518,0.7152470530189232,ground_equivalent_excess_gamma_dose_rate,uSv/h,50.0,1.0,6360,0.00037209998117759824,True,,1,0.1,0.09000000000000001,False,,0.0005902999837417156,
531,RADIATION,RADIATION,523020.920497467,5696704.290406497,16,32,20.0,12923.027406779518,0.6906255865125244,ground_equivalent_excess_gamma_dose_rate,uSv/h,50.0,1.0,6360,0.00037789999623782933,True,,1,0.1,0.09000000000000001,False,,0.0005625000048894435,
532,RADIATION,RADIATION,523040.920497467,5696704.290406497,16,33,20.0,12943.027406779518,0.6670408373699179,ground_equivalent_excess_gamma_dose_rate,uSv/h,50.0,1.0,6360,0.000361100013833493,True,,1,0.1,0.09000000000000001,False,,0.0005469000025186688,
533,RADIATION,RADIATION,523060.920497467,5696724.290406497,17,34,28.284271247461902,12971.31167802698,0.7077499896572406,ground_equivalent_excess_gamma_dose_rate,uSv/h,50.0,1.0,6360,0.0003640000068116933,True,,1,0.1,0.09000000000000001,False,,0.0005532999930437654,
534,RADIATION,RADIATION,523080.920497467,5696724.290406497,17,35,20.0,12991.31167802698,0.682300161226888,ground_equivalent_excess_gamma_dose_rate,uSv/h,50.0,1.0,6360,0.0003589999978430569,True,,1,0.1,0.09000000000000001,False,,0.0005704000068362802,
535,RADIATION,RADIATION,523100.920497467,5696724.290406497,17,36,20.0,13011.31167802698,0.653361858054138,ground_equivalent_excess_gamma_dose_rate,uSv/h,50.0,1.0,6360,0.00035269997897557914,True,,1,0.1,0.09000000000000001,False,,0.0005396000051405281,
536,RADIATION,RADIATION,523120.920497467,5696724.290406497,17,37,20.0,13031.31167802698,0.6213162920097266,ground_equivalent_excess_gamma_dose_rate,uSv/h,50.0,1.0,6360,0.0003693000180646777,True,,1,0.1,0.09000000000000001,False,,0.0005905000143684447,
537,RADIATION,RADIATION,523140.920497467,5696744.290406497,18,38,28.284271247461902,13059.59594927444,0.6538810504024639,ground_equivalent_excess_gamma_dose_rate,uSv/h,50.0,1.0,6360,0.00037779999547638,True,,1,0.1,0.09000000000000001,False,,0.000551399978576228,
538,RADIATION,RADIATION,523160.920497467,5696764.290406497,19,39,28.284271247461902,13087.880220521902,0.6836397632975599,ground_equivalent_excess_gamma_dose_rate,uSv/h,50.0,1.0,6360,0.00035439999192021787,True,,1,0.1,0.09000000000000001,False,,0.000542099995072931,
539,RADIATION,RADIATION,523180.920497467,5696784.290406497,20,40,28.284271247461902,13116.164491769363,0.7042390581055478,ground_equivalent_excess_gamma_dose_rate,uSv/h,50.0,1.0,6360,0.000368200009688735,True,,1,0.1,0.09000000000000001,False,,0.0005624000041279942,
540,RADIATION,RADIATION,523200.920497467,5696804.290406497,21,41,28.284271247461902,13144.448763016824,0.7096584636429661,ground_equivalent_excess_gamma_dose_rate,uSv/h,50.0,1.0,6360,0.0003552999987732619,True,,1,0.1,0.09000000000000001,False,,0.0005708999815396965,
541,RADIATION,RADIATION,523200.920497467,5696824.290406497,22,41,20.0,13164.448763016824,0.7937325423315449,ground_equivalent_excess_gamma_dose_rate,uSv/h,50.0,1.0,6360,0.0003572000132407993,True,,1,0.1,0.09000000000000001,False,,0.0006460000004153699,
542,RADIATION,RADIATION,523220.920497467,5696844.290406497,23,42,28.284271247461902,13192.733034264285,0.7664298737739135,ground_equivalent_excess_gamma_dose_rate,uSv/h,50.0,1.0,6360,0.00035960000241175294,True,,1,0.1,0.09000000000000001,False,,0.0005459999956656247,
543,RADIATION,RADIATION,523240.920497467,5696864.290406497,24,43,28.284271247461902,13221.017305511747,0.7175796315526621,ground_equivalent_excess_gamma_dose_rate,uSv/h,50.0,1.0,6360,0.00034710002364590764,True,,1,0.1,0.09000000000000001,False,,0.0005670000100508332,
544,RADIATION,RADIATION,523240.920497467,5696844.290406497,23,43,20.0,13241.017305511747,0.6648347427630148,ground_equivalent_excess_gamma_dose_rate,uSv/h,50.0,1.0,6360,0.0003622999938670546,True,,1,0.1,0.09000000000000001,False,,0.0005597000126726925,
545,RADIATION,RADIATION,523260.920497467,5696864.290406497,24,44,28.284271247461902,13269.301576759208,0.6192042594001921,ground_equivalent_excess_gamma_dose_rate,uSv/h,50.0,1.0,6360,0.00035940000088885427,True,,1,0.1,0.09000000000000001,False,,0.0005506000015884638,
546,RADIATION,RADIATION,523260.920497467,5696844.290406497,23,44,20.0,13289.301576759208,0.58111210929556,ground_equivalent_excess_gamma_dose_rate,uSv/h,50.0,1.0,6360,0.0003601000062189996,True,,1,0.1,0.09000000000000001,False,,0.0005513000069186091,
547,RADIATION,RADIATION,523280.920497467,5696864.290406497,24,45,28.284271247461902,13317.585848006669,0.5397773444553104,ground_equivalent_excess_gamma_dose_rate,uSv/h,50.0,1.0,6360,0.0003501999890431762,True,,1,0.1,0.09000000000000001,False,,0.0005768999981228262,
548,RADIATION,RADIATION,523280.920497467,5696884.290406497,25,45,20.0,13337.585848006669,0.5654457895095486,ground_equivalent_excess_gamma_dose_rate,uSv/h,50.0,1.0,6360,0.00033310000435449183,True,,1,0.1,0.09000000000000001,False,,0.0005729999975301325,
549,RADIATION,RADIATION,523280.920497467,5696904.290406497,26,45,20.0,13357.585848006669,0.5871424109761183,ground_equivalent_excess_gamma_dose_rate,uSv/h,50.0,1.0,6360,0.0003404999733902514,True,,1,0.1,0.09000000000000001,False,,0.0005691999976988882,
550,RADIATION,RADIATION,523300.920497467,5696884.290406497,25,46,28.284271247461902,13385.87011925413,0.4936961863983816,ground_equivalent_excess_gamma_dose_rate,uSv/h,50.0,1.0,6360,0.0003302999830339104,True,,1,0.1,0.09000000000000001,False,,0.0005853000038769096,
551,RADIATION,RADIATION,523320.920497467,5696904.290406497,26,47,28.284271247461902,13414.154390501591,0.4467406981408388,ground_equivalent_excess_gamma_dose_rate,uSv/h,50.0,1.0,6360,0.00035600000410340726,True,,1,0.1,0.09000000000000001,False,,0.0005591000081039965,
552,RADIATION,RADIATION,523320.920497467,5696924.290406497,27,47,20.0,13434.154390501591,0.45483416305918073,ground_equivalent_excess_gamma_dose_rate,uSv/h,50.0,1.0,6360,0.0003567000094335526,True,,1,0.1,0.09000000000000001,False,,0.0005726999952457845,
553,RADIATION,RADIATION,523320.920497467,5696944.290406497,28,47,20.0,13454.154390501591,0.4590607694168595,ground_equivalent_excess_gamma_dose_rate,uSv/h,50.0,1.0,6360,0.0003566000086721033,True,,1,0.1,0.09000000000000001,False,,0.0005558999837376177,
554,RADIATION,RADIATION,523320.920497467,5696964.290406497,29,47,20.0,13474.154390501591,0.4590682051584833,ground_equivalent_excess_gamma_dose_rate,uSv/h,50.0,1.0,6360,0.00035539999953471124,True,,1,0.1,0.09000000000000001,False,,0.0005539999983739108,
555,RADIATION,RADIATION,523320.920497467,5696984.290406497,30,47,20.0,13494.154390501591,0.4547796933121894,ground_equivalent_excess_gamma_dose_rate,uSv/h,50.0,1.0,6360,0.0003522000042721629,True,,1,0.1,0.09000000000000001,False,,0.0005576999974437058,
556,RADIATION,RADIATION,523320.920497467,5697004.290406496,31,47,19.999999999068677,13514.15439050066,0.44640773955319596,ground_equivalent_excess_gamma_dose_rate,uSv/h,50.0,1.0,6360,0.0003504999913275242,True,,1,0.1,0.09000000000000001,False,,0.0005515000084415078,
557,RADIATION,RADIATION,523300.920497467,5697024.290406496,32,46,28.284271247461902,13542.438661748121,0.49441439250721547,ground_equivalent_excess_gamma_dose_rate,uSv/h,50.0,1.0,6360,0.0003566000086721033,True,,1,0.1,0.09000000000000001,False,,0.0006301000248640776,
558,RADIATION,RADIATION,523280.920497467,5697044.290406496,33,45,28.284271247461902,13570.722932995583,0.5423548165524166,ground_equivalent_excess_gamma_dose_rate,uSv/h,50.0,1.0,6360,0.00034229998709633946,True,,1,0.1,0.09000000000000001,False,,0.0005567000189330429,
559,RADIATION,RADIATION,523260.920497467,5697064.290406496,34,44,28.284271247461902,13599.007204243044,0.5860254632294686,ground_equivalent_excess_gamma_dose_rate,uSv/h,50.0,1.0,6360,0.00035069999285042286,True,,1,0.1,0.09000000000000001,False,,0.0005491999909281731,
560,RADIATION,RADIATION,523240.920497467,5697084.290406496,35,43,28.284271247461902,13627.291475490505,0.6201685659880798,ground_equivalent_excess_gamma_dose_rate,uSv/h,50.0,1.0,6360,0.00038869999116286635,True,,1,0.1,0.09000000000000001,False,,0.000591500021982938,
561,RADIATION,RADIATION,523220.920497467,5697084.290406496,35,42,20.0,13647.291475490505,0.710825392788442,ground_equivalent_excess_gamma_dose_rate,uSv/h,50.0,1.0,6360,0.0003485000052023679,True,,1,0.1,0.09000000000000001,False,,0.0005852000031154603,
562,RADIATION,RADIATION,523200.920497467,5697104.290406496,36,41,28.284271247461902,13675.575746737966,0.7243701969688459,ground_equivalent_excess_gamma_dose_rate,uSv/h,50.0,1.0,6360,0.000354000017978251,True,,1,0.1,0.09000000000000001,False,,0.0005884999991394579,
563,RADIATION,RADIATION,523180.920497467,5697124.290406496,37,40,28.284271247461902,13703.860017985427,0.7144399586190668,ground_equivalent_excess_gamma_dose_rate,uSv/h,50.0,1.0,6360,0.0003368999750819057,True,,1,0.1,0.09000000000000001,False,,0.0005416000203695148,
564,RADIATION,RADIATION,523160.920497467,5697124.290406496,37,39,20.0,13723.860017985427,0.7923058668448901,ground_equivalent_excess_gamma_dose_rate,uSv/h,50.0,1.0,6360,0.00035349998506717384,True,,1,0.1,0.09000000000000001,False,,0.0005554999806918204,
565,RADIATION,RADIATION,523180.920497467,5697144.290406496,38,40,28.284271247461902,13752.144289232889,0.6261506874025933,ground_equivalent_excess_gamma_dose_rate,uSv/h,50.0,1.0,6360,0.00034840000444091856,True,,1,0.1,0.09000000000000001,False,,0.0005392000020947307,
566,RADIATION,RADIATION,523160.920497467,5697164.290406496,39,39,28.284271247461902,13780.42856048035,0.5966292322295592,ground_equivalent_excess_gamma_dose_rate,uSv/h,50.0,1.0,6360,0.0003513999981805682,True,,1,0.1,0.09000000000000001,False,,0.0005816000048071146,
567,RADIATION,RADIATION,523140.920497467,5697164.290406496,39,38,20.0,13800.42856048035,0.6392681269508964,ground_equivalent_excess_gamma_dose_rate,uSv/h,50.0,1.0,6360,0.0003607999824453145,True,,1,0.1,0.09000000000000001,False,,0.0005565999890677631,
568,RADIATION,RADIATION,523120.920497467,5697164.290406496,39,37,20.0,13820.42856048035,0.6785613350410935,ground_equivalent_excess_gamma_dose_rate,uSv/h,50.0,1.0,6360,0.0003479000006336719,True,,1,0.1,0.09000000000000001,False,,0.0005611999949906021,
569,RADIATION,RADIATION,523100.920497467,5697164.290406496,39,36,20.0,13840.42856048035,0.712017047610596,ground_equivalent_excess_gamma_dose_rate,uSv/h,50.0,1.0,6360,0.0003471999953035265,True,,1,0.1,0.09000000000000001,False,,0.0005596999835688621,
570,RADIATION,RADIATION,523100.920497467,5697184.290406496,40,36,20.0,13860.42856048035,0.6133063023835348,ground_equivalent_excess_gamma_dose_rate,uSv/h,50.0,1.0,6360,0.000368500011973083,True,,1,0.1,0.09000000000000001,False,,0.0005956999957561493,
571,RADIATION,RADIATION,523080.920497467,5697204.290406496,41,35,28.284271247461902,13888.712831727811,0.5517684872965978,ground_equivalent_excess_gamma_dose_rate,uSv/h,50.0,1.0,6360,0.00044399997568689287,True,,1,0.1,0.09000000000000001,False,,0.0007098999922163785,
572,RADIATION,RADIATION,523060.920497467,5697204.290406496,41,34,20.0,13908.712831727811,0.5628557940689614,ground_equivalent_excess_gamma_dose_rate,uSv/h,50.0,1.0,6360,0.00037029999657534063,True,,1,0.1,0.09000000000000001,False,,0.0005952999927103519,
573,RADIATION,RADIATION,523040.920497467,5697204.290406496,41,33,20.0,13928.712831727811,0.5690690306903086,ground_equivalent_excess_gamma_dose_rate,uSv/h,50.0,1.0,6360,0.0003656000189948827,True,,1,0.1,0.09000000000000001,False,,0.0005832999886479229,
574,RADIATION,RADIATION,523020.920497467,5697204.290406496,41,32,20.0,13948.712831727811,0.5706817797348689,ground_equivalent_excess_gamma_dose_rate,uSv/h,50.0,1.0,6360,0.00036589999217540026,True,,1,0.1,0.09000000000000001,False,,0.0005778999766334891,
575,RADIATION,RADIATION,523000.920497467,5697204.290406496,41,31,20.0,13968.712831727811,0.5683844994349689,ground_equivalent_excess_gamma_dose_rate,uSv/h,50.0,1.0,6360,0.00035600000410340726,True,,1,0.1,0.09000000000000001,False,,0.0005659000016748905,
576,RADIATION,RADIATION,522980.9204974669,5697224.290406496,42,30,28.28427124750306,13996.997102975314,0.5048054680275249,ground_equivalent_excess_gamma_dose_rate,uSv/h,50.0,1.0,6360,0.0003926000208593905,True,,1,0.1,0.09000000000000001,False,,0.0005699000030290335,
577,RADIATION,RADIATION,522960.9204974669,5697224.290406496,42,29,20.0,14016.997102975314,0.5016559851821254,ground_equivalent_excess_gamma_dose_rate,uSv/h,50.0,1.0,6360,0.00035879999632015824,True,,1,0.1,0.09000000000000001,False,,0.0005557000113185495,
578,RADIATION,RADIATION,522940.9204974669,5697204.290406496,41,28,28.284271247461902,14045.281374222775,0.5488268036311392,ground_equivalent_excess_gamma_dose_rate,uSv/h,50.0,1.0,6360,0.00037360002170316875,True,,1,0.1,0.09000000000000001,False,,0.0005685000214725733,
579,RADIATION,RADIATION,522920.9204974669,5697204.290406496,41,27,20.0,14065.281374222775,0.5420515654088123,ground_equivalent_excess_gamma_dose_rate,uSv/h,50.0,1.0,6360,0.0003611999854911119,True,,1,0.1,0.09000000000000001,False,,0.0005601999873761088,
580,RADIATION,RADIATION,522900.9204974669,5697204.290406496,41,26,20.0,14085.281374222775,0.5369643206337154,ground_equivalent_excess_gamma_dose_rate,uSv/h,50.0,1.0,6360,0.00035409998963586986,True,,1,0.1,0.09000000000000001,False,,0.0005707000091206282,
581,RADIATION,RADIATION,522880.9204974669,5697204.290406496,41,25,20.0,14105.281374222775,0.5344579906155387,ground_equivalent_excess_gamma_dose_rate,uSv/h,50.0,1.0,6360,0.000363900006050244,True,,1,0.1,0.09000000000000001,False,,0.0005694999999832362,
582,RADIATION,RADIATION,522860.9204974669,5697204.290406496,41,24,20.0,14125.281374222775,0.5352963804953601,ground_equivalent_excess_gamma_dose_rate,uSv/h,50.0,1.0,6360,0.0004239999980200082,True,,1,0.1,0.09000000000000001,False,,0.0005696000007446855,
583,RADIATION,RADIATION,522840.9204974669,5697204.290406496,41,23,20.0,14145.281374222775,0.540141864548759,ground_equivalent_excess_gamma_dose_rate,uSv/h,50.0,1.0,6360,0.0003555000002961606,True,,1,0.1,0.09000000000000001,False,,0.000599899998633191,
584,RADIATION,RADIATION,522820.9204974669,5697204.290406496,41,22,20.0,14165.281374222775,0.5495859349486394,ground_equivalent_excess_gamma_dose_rate,uSv/h,50.0,1.0,6360,0.0003667999990284443,True,,1,0.1,0.09000000000000001,False,,0.0006413999944925308,
585,RADIATION,RADIATION,522800.9204974669,5697224.290406496,42,21,28.284271247461902,14193.565645470237,0.5211359769292732,ground_equivalent_excess_gamma_dose_rate,uSv/h,50.0,1.0,6360,0.000347200024407357,True,,1,0.1,0.09000000000000001,False,,0.0005642999894917011,
586,RADIATION,RADIATION,522780.9204974669,5697244.290406496,43,20,28.284271247461902,14221.849916717698,0.4946838402949833,ground_equivalent_excess_gamma_dose_rate,uSv/h,50.0,1.0,6360,0.000378700002329424,True,,1,0.1,0.09000000000000001,False,,0.0005783000087831169,
587,RADIATION,RADIATION,522760.9204974669,5697244.290406496,43,19,20.0,14241.849916717698,0.5112108546482981,ground_equivalent_excess_gamma_dose_rate,uSv/h,50.0,1.0,6360,0.00034600001526996493,True,,1,0.1,0.09000000000000001,False,,0.000590300012845546,
588,RADIATION,RADIATION,522740.9204974669,5697264.290406496,44,18,28.284271247461902,14270.134187965159,0.4833313549277381,ground_equivalent_excess_gamma_dose_rate,uSv/h,50.0,1.0,6360,0.000384599989047274,True,,1,0.1,0.09000000000000001,False,,0.0005499999970197678,
589,RADIATION,RADIATION,522720.9204974669,5697284.290406496,45,17,28.284271247461902,14298.41845921262,0.45378115618365295,ground_equivalent_excess_gamma_dose_rate,uSv/h,50.0,1.0,6360,0.00040660001104697585,True,,1,0.1,0.09000000000000001,False,,0.0005793999880552292,
590,RADIATION,RADIATION,522700.9204974669,5697284.290406496,45,16,20.0,14318.41845921262,0.4666871915804122,ground_equivalent_excess_gamma_dose_rate,uSv/h,50.0,1.0,6360,0.0003381999849807471,True,,1,0.1,0.09000000000000001,False,,0.0005637000140268356,
591,RADIATION,RADIATION,522680.9204974669,5697304.290406496,46,15,28.284271247461902,14346.702730460082,0.4321685252799104,ground_equivalent_excess_gamma_dose_rate,uSv/h,50.0,1.0,6360,0.00044239999260753393,True,,1,0.1,0.09000000000000001,False,,0.0005734000005759299,
592,RADIATION,RADIATION,522660.9204974669,5697304.290406496,46,14,20.0,14366.702730460082,0.44049407161960047,ground_equivalent_excess_gamma_dose_rate,uSv/h,50.0,1.0,6360,0.00036830001045018435,True,,1,0.1,0.09000000000000001,False,,0.0005571999936364591,
593,RADIATION,RADIATION,522640.9204974669,5697304.290406496,46,13,20.0,14386.702730460082,0.4473609065972534,ground_equivalent_excess_gamma_dose_rate,uSv/h,50.0,1.0,6360,0.00036739997449330986,True,,1,0.1,0.09000000000000001,False,,0.000594600016484037,
594,RADIATION,RADIATION,522620.9204974669,5697324.290406496,47,12,28.284271247461902,14414.987001707543,0.40504646843796993,ground_equivalent_excess_gamma_dose_rate,uSv/h,50.0,1.0,6360,0.0004394999996293336,True,,1,0.1,0.09000000000000001,False,,0.0005723999929614365,
595,RADIATION,RADIATION,522600.9204974669,5697324.290406496,47,11,20.0,14434.987001707543,0.40597467195278475,ground_equivalent_excess_gamma_dose_rate,uSv/h,50.0,1.0,6360,0.0003733999910764396,True,,1,0.1,0.09000000000000001,False,,0.0005688999954145402,
596,RADIATION,RADIATION,522580.9204974669,5697324.290406496,47,10,20.0,14454.987001707543,0.40460949434224375,ground_equivalent_excess_gamma_dose_rate,uSv/h,50.0,1.0,6360,0.0003800000122282654,True,,1,0.1,0.09000000000000001,False,,0.0005489999894052744,
597,RADIATION,RADIATION,522560.9204974669,5697324.290406496,47,9,20.0,14474.987001707543,0.4007893745656225,ground_equivalent_excess_gamma_dose_rate,uSv/h,50.0,1.0,6360,0.00036020000698044896,True,,1,0.1,0.09000000000000001,False,,0.0005718000174965709,
598,RADIATION,RADIATION,522540.9204974669,5697324.290406496,47,8,20.0,14494.987001707543,0.3944936382505215,ground_equivalent_excess_gamma_dose_rate,uSv/h,50.0,1.0,6360,0.00035909999860450625,True,,1,0.1,0.09000000000000001,False,,0.0005842000246047974,
599,RADIATION,RADIATION,522520.9204974669,5697324.290406496,47,7,20.0,14514.987001707543,0.38584433142935376,ground_equivalent_excess_gamma_dose_rate,uSv/h,50.0,1.0,6360,0.00035979997483082116,True,,1,0.1,0.09000000000000001,False,,0.0005514999793376774,
600,RADIATION,RADIATION,522520.9204974669,5697344.290406496,48,7,20.0,14534.987001707543,0.3477103695534614,ground_equivalent_excess_gamma_dose_rate,uSv/h,50.0,1.0,6360,0.0004330000083427876,True,,1,0.1,0.09000000000000001,False,,0.0005778000049758703,
601,RADIATION,RADIATION,522540.9204974669,5697364.290406496,49,8,28.284271247461902,14563.271272955004,0.3216698755223552,ground_equivalent_excess_gamma_dose_rate,uSv/h,50.0,1.0,6360,0.0004529999860096723,True,,1,0.1,0.09000000000000001,False,,0.0005061999836470932,
602,RADIATION,RADIATION,522560.9204974669,5697364.290406496,49,9,20.0,14583.271272955004,0.3264315903783314,ground_equivalent_excess_gamma_dose_rate,uSv/h,50.0,1.0,6360,0.0004398999735713005,True,,1,0.1,0.09000000000000001,False,,0.000516200001584366,
603,RADIATION,RADIATION,522580.9204974669,5697364.290406496,49,10,20.0,14603.271272955004,0.32972298669930716,ground_equivalent_excess_gamma_dose_rate,uSv/h,50.0,1.0,6360,0.00036059998092241585,True,,1,0.1,0.09000000000000001,False,,0.0005544000014197081,
604,RADIATION,RADIATION,522600.9204974669,5697364.290406496,49,11,20.0,14623.271272955004,0.33155323193779646,ground_equivalent_excess_gamma_dose_rate,uSv/h,50.0,1.0,6360,0.0003724000125657767,True,,1,0.1,0.09000000000000001,False,,0.0005474000063259155,
605,RADIATION,RADIATION,522620.9204974669,5697344.290406496,48,12,28.284271247461902,14651.555544202465,0.36553265449711575,ground_equivalent_excess_gamma_dose_rate,uSv/h,50.0,1.0,6360,0.0003569000109564513,True,,1,0.1,0.09000000000000001,False,,0.0005729999975301325,
606,RADIATION,RADIATION,522640.9204974669,5697344.290406496,48,13,20.0,14671.555544202465,0.3638603105528622,ground_equivalent_excess_gamma_dose_rate,uSv/h,50.0,1.0,6360,0.0003482000029180199,True,,1,0.1,0.09000000000000001,False,,0.0005609999934677035,
607,RADIATION,RADIATION,522660.9204974669,5697344.290406496,48,14,20.0,14691.555544202465,0.36086518676065377,ground_equivalent_excess_gamma_dose_rate,uSv/h,50.0,1.0,6360,0.00036139998701401055,True,,1,0.1,0.09000000000000001,False,,0.0005808999994769692,
608,RADIATION,RADIATION,522680.9204974669,5697344.290406496,48,15,20.0,14711.555544202465,0.356837555055116,ground_equivalent_excess_gamma_dose_rate,uSv/h,50.0,1.0,6360,0.00037570000858977437,True,,1,0.1,0.09000000000000001,False,,0.0006553000130224973,
609,RADIATION,RADIATION,522700.9204974669,5697324.290406496,47,16,28.284271247461902,14739.839815449926,0.385096049842326,ground_equivalent_excess_gamma_dose_rate,uSv/h,50.0,1.0,6360,0.00036529998760670424,True,,1,0.1,0.09000000000000001,False,,0.0005821000086143613,
610,RADIATION,RADIATION,522720.9204974669,5697324.290406496,47,17,20.0,14759.839815449926,0.3780631316739452,ground_equivalent_excess_gamma_dose_rate,uSv/h,50.0,1.0,6360,0.00036680002813227475,True,,1,0.1,0.09000000000000001,False,,0.0005683000199496746,
611,RADIATION,RADIATION,522740.9204974669,5697304.290406496,46,18,28.284271247461902,14788.124086697388,0.40407154258795924,ground_equivalent_excess_gamma_dose_rate,uSv/h,50.0,1.0,6360,0.00034749999758787453,True,,1,0.1,0.09000000000000001,False,,0.0005722999921999872,
612,RADIATION,RADIATION,522760.9204974669,5697284.290406496,45,19,28.284271247461902,14816.408357944849,0.4298112887058733,ground_equivalent_excess_gamma_dose_rate,uSv/h,50.0,1.0,6360,0.00035299998125992715,True,,1,0.1,0.09000000000000001,False,,0.0005768999981228262,
613,RADIATION,RADIATION,522780.9204974669,5697264.290406496,44,20,28.284271247461902,14844.69262919231,0.45531597123291595,ground_equivalent_excess_gamma_dose_rate,uSv/h,50.0,1.0,6360,0.0003635000030044466,True,,1,0.1,0.09000000000000001,False,,0.000575200014282018,
614,RADIATION,RADIATION,522800.9204974669,5697264.290406496,44,21,20.0,14864.69262919231,0.4443135133428115,ground_equivalent_excess_gamma_dose_rate,uSv/h,50.0,1.0,6360,0.0003968000237364322,True,,1,0.1,0.09000000000000001,False,,0.0005711999838240445,
615,RADIATION,RADIATION,522820.9204974669,5697244.290406496,43,22,28.284271247461902,14892.976900439771,0.4705835767421453,ground_equivalent_excess_gamma_dose_rate,uSv/h,50.0,1.0,6360,0.00034429997322149575,True,,1,0.1,0.09000000000000001,False,,0.0005499999970197678,
616,RADIATION,RADIATION,522840.9204974669,5697244.290406496,43,23,20.0,14912.976900439771,0.46279215895697784,ground_equivalent_excess_gamma_dose_rate,uSv/h,50.0,1.0,6360,0.00033669997355900705,True,,1,0.1,0.09000000000000001,False,,0.0005647999932989478,
617,RADIATION,RADIATION,522860.9204974669,5697244.290406496,43,24,20.0,14932.976900439771,0.4575280026421327,ground_equivalent_excess_gamma_dose_rate,uSv/h,50.0,1.0,6360,0.00034309999318793416,True,,1,0.1,0.09000000000000001,False,,0.0005623000033665448,
618,RADIATION,RADIATION,522880.9204974669,5697244.290406496,43,25,20.0,14952.976900439771,0.4544598886203663,ground_equivalent_excess_gamma_dose_rate,uSv/h,50.0,1.0,6360,0.0003476000274531543,True,,1,0.1,0.09000000000000001,False,,0.0005705000075977296,
619,RADIATION,RADIATION,522900.9204974669,5697244.290406496,43,26,20.0,14972.976900439771,0.4531874647718844,ground_equivalent_excess_gamma_dose_rate,uSv/h,50.0,1.0,6360,0.0003701000241562724,True,,1,0.1,0.09000000000000001,False,,0.000596500001847744,
620,RADIATION,RADIATION,522920.9204974669,5697244.290406496,43,27,20.0,14992.976900439771,0.45324375745945605,ground_equivalent_excess_gamma_dose_rate,uSv/h,50.0,1.0,6360,0.0003708000003825873,True,,1,0.1,0.09000000000000001,False,,0.0005550000059884042,
621,RADIATION,RADIATION,522940.9204974669,5697264.290406496,44,28,28.284271247461902,15021.261171687232,0.4157662821984693,ground_equivalent_excess_gamma_dose_rate,uSv/h,50.0,1.0,6360,0.0003882000164594501,True,,1,0.1,0.09000000000000001,False,,0.0005803999956697226,
622,RADIATION,RADIATION,522960.9204974669,5697264.290406496,44,29,20.0,15041.261171687232,0.41518499410467075,ground_equivalent_excess_gamma_dose_rate,uSv/h,50.0,1.0,6360,0.0003729000163730234,True,,1,0.1,0.09000000000000001,False,,0.0005590000073425472,
623,RADIATION,RADIATION,522980.9204974669,5697264.290406496,44,30,20.0,15061.261171687232,0.41427332155950675,ground_equivalent_excess_gamma_dose_rate,uSv/h,50.0,1.0,6360,0.00037620001239702106,True,,1,0.1,0.09000000000000001,False,,0.0005762999935541302,
624,RADIATION,RADIATION,523000.920497467,5697244.290406496,43,31,28.28427124750306,15089.545442934736,0.45553651683308977,ground_equivalent_excess_gamma_dose_rate,uSv/h,50.0,1.0,6360,0.00036189999082125723,True,,1,0.1,0.09000000000000001,False,,0.0005493999924510717,
625,RADIATION,RADIATION,523020.920497467,5697244.290406496,43,32,20.0,15109.545442934736,0.45365945235851474,ground_equivalent_excess_gamma_dose_rate,uSv/h,50.0,1.0,6360,0.00035280000884085894,True,,1,0.1,0.09000000000000001,False,,0.0005645999917760491,
626,RADIATION,RADIATION,523040.920497467,5697244.290406496,43,33,20.0,15129.545442934736,0.4497633705501192,ground_equivalent_excess_gamma_dose_rate,uSv/h,50.0,1.0,6360,0.00034970001433975995,True,,1,0.1,0.09000000000000001,False,,0.000662900012684986,
627,RADIATION,RADIATION,523060.920497467,5697244.290406496,43,34,20.0,15149.545442934736,0.4435322611959948,ground_equivalent_excess_gamma_dose_rate,uSv/h,50.0,1.0,6360,0.0003464000183157623,True,,1,0.1,0.09000000000000001,False,,0.00058230001013726,
628,RADIATION,RADIATION,523080.920497467,5697244.290406496,43,35,20.0,15169.545442934736,0.4348261108116335,ground_equivalent_excess_gamma_dose_rate,uSv/h,50.0,1.0,6360,0.0003692000173032284,True,,1,0.1,0.09000000000000001,False,,0.0005672999832313508,
629,RADIATION,RADIATION,523100.920497467,5697224.290406496,42,36,28.284271247461902,15197.829714182197,0.4741151414415847,ground_equivalent_excess_gamma_dose_rate,uSv/h,50.0,1.0,6360,0.0003525000065565109,True,,1,0.1,0.09000000000000001,False,,0.0005628000071737915,
630,RADIATION,RADIATION,523120.920497467,5697204.290406496,41,37,28.284271247461902,15226.113985429658,0.5160719793476085,ground_equivalent_excess_gamma_dose_rate,uSv/h,50.0,1.0,6360,0.00036750000435858965,True,,1,0.1,0.09000000000000001,False,,0.0005614999972749501,
631,RADIATION,RADIATION,523140.920497467,5697224.290406496,42,38,28.284271247461902,15254.39825667712,0.4394452767981542,ground_equivalent_excess_gamma_dose_rate,uSv/h,50.0,1.0,6360,0.00034679999225772917,True,,1,0.1,0.09000000000000001,False,,0.0005653999978676438,
632,RADIATION,RADIATION,523120.920497467,5697244.290406496,43,37,28.284271247461902,15282.68252792458,0.4103395332206747,ground_equivalent_excess_gamma_dose_rate,uSv/h,50.0,1.0,6360,0.0003244000254198909,True,,1,0.1,0.09000000000000001,False,,0.0005464999994728714,
633,RADIATION,RADIATION,523100.920497467,5697264.290406496,44,36,28.284271247461902,15310.966799172042,0.3819179379090349,ground_equivalent_excess_gamma_dose_rate,uSv/h,50.0,1.0,6360,0.00035069999285042286,True,,1,0.1,0.09000000000000001,False,,0.0005739000043831766,
634,RADIATION,RADIATION,523080.920497467,5697284.290406496,45,35,28.284271247461902,15339.251070419503,0.3552699728038364,ground_equivalent_excess_gamma_dose_rate,uSv/h,50.0,1.0,6360,0.0004081999941263348,True,,1,0.1,0.09000000000000001,False,,0.0006732000038027763,
635,RADIATION,RADIATION,523060.920497467,5697284.290406496,45,34,20.0,15359.251070419503,0.362384502148646,ground_equivalent_excess_gamma_dose_rate,uSv/h,50.0,1.0,6360,0.00037930000689812005,True,,1,0.1,0.09000000000000001,False,,0.0005738999752793461,
636,RADIATION,RADIATION,523040.920497467,5697284.290406496,45,33,20.0,15379.251070419503,0.3681507135269331,ground_equivalent_excess_gamma_dose_rate,uSv/h,50.0,1.0,6360,0.0003622999938670546,True,,1,0.1,0.09000000000000001,False,,0.0005779000057373196,
637,RADIATION,RADIATION,523020.920497467,5697284.290406496,45,32,20.0,15399.251070419503,0.37264724556720435,ground_equivalent_excess_gamma_dose_rate,uSv/h,50.0,1.0,6360,0.0003383999865036458,True,,1,0.1,0.09000000000000001,False,,0.0005491000192705542,
638,RADIATION,RADIATION,523000.920497467,5697304.290406496,46,31,28.284271247461902,15427.535341666964,0.3445451006780023,ground_equivalent_excess_gamma_dose_rate,uSv/h,50.0,1.0,6360,0.0003777000238187611,True,,1,0.1,0.09000000000000001,False,,0.0005423999973572791,
639,RADIATION,RADIATION,522980.9204974669,5697304.290406496,46,30,20.000000000058208,15447.535341667022,0.3475320646694095,ground_equivalent_excess_gamma_dose_rate,uSv/h,50.0,1.0,6360,0.00034810000215657055,True,,1,0.1,0.09000000000000001,False,,0.0005416000203695148,
640,RADIATION,RADIATION,522960.9204974669,5697304.290406496,46,29,20.0,15467.535341667022,0.35004944321618875,ground_equivalent_excess_gamma_dose_rate,uSv/h,50.0,1.0,6360,0.0003412999794818461,True,,1,0.1,0.09000000000000001,False,,0.0005561000143643469,
641,RADIATION,RADIATION,522940.9204974669,5697304.290406496,46,28,20.0,15487.535341667022,0.3523266972006229,ground_equivalent_excess_gamma_dose_rate,uSv/h,50.0,1.0,6360,0.0003635999746620655,True,,1,0.1,0.09000000000000001,False,,0.0005524000152945518,
642,RADIATION,RADIATION,522920.9204974669,5697284.290406496,45,27,28.284271247461902,15515.819612914484,0.38377640344346614,ground_equivalent_excess_gamma_dose_rate,uSv/h,50.0,1.0,6360,0.0003753999772015959,True,,1,0.1,0.09000000000000001,False,,0.0005583000020124018,
643,RADIATION,RADIATION,522900.9204974669,5697284.290406496,45,26,20.0,15535.819612914484,0.3858252676568246,ground_equivalent_excess_gamma_dose_rate,uSv/h,50.0,1.0,6360,0.00036570001975633204,True,,1,0.1,0.09000000000000001,False,,0.0005639999872073531,
644,RADIATION,RADIATION,522880.9204974669,5697284.290406496,45,25,20.0,15555.819612914484,0.3885371757307338,ground_equivalent_excess_gamma_dose_rate,uSv/h,50.0,1.0,6360,0.00034909998066723347,True,,1,0.1,0.09000000000000001,False,,0.0005537999968510121,
645,RADIATION,RADIATION,522860.9204974669,5697284.290406496,45,24,20.0,15575.819612914484,0.3921744116879821,ground_equivalent_excess_gamma_dose_rate,uSv/h,50.0,1.0,6360,0.0003527000080794096,True,,1,0.1,0.09000000000000001,False,,0.0005603999888990074,
646,RADIATION,RADIATION,522840.9204974669,5697284.290406496,45,23,20.0,15595.819612914484,0.39695527522382007,ground_equivalent_excess_gamma_dose_rate,uSv/h,50.0,1.0,6360,0.000363900006050244,True,,1,0.1,0.09000000000000001,False,,0.0005602000164799392,
647,RADIATION,RADIATION,522820.9204974669,5697284.290406496,45,22,20.0,15615.819612914484,0.403045267873221,ground_equivalent_excess_gamma_dose_rate,uSv/h,50.0,1.0,6360,0.000354600022546947,True,,1,0.1,0.09000000000000001,False,,0.0005705000075977296,
648,RADIATION,RADIATION,522800.9204974669,5697284.290406496,45,21,20.0,15635.819612914484,0.41054737213954445,ground_equivalent_excess_gamma_dose_rate,uSv/h,50.0,1.0,6360,0.00036070001078769565,True,,1,0.1,0.09000000000000001,False,,0.0005851000023540109,
649,RADIATION,RADIATION,522780.9204974669,5697284.290406496,45,20,20.0,15655.819612914484,0.41948993845428023,ground_equivalent_excess_gamma_dose_rate,uSv/h,50.0,1.0,6360,0.0003470000228844583,True,,1,0.1,0.09000000000000001,False,,0.0005623000033665448,
650,RADIATION,RADIATION,522780.9204974669,5697304.290406496,46,20,20.0,15675.819612914484,0.38699574086993843,ground_equivalent_excess_gamma_dose_rate,uSv/h,50.0,1.0,6360,0.0003786000015679747,True,,1,0.1,0.09000000000000001,False,,0.0005581000004895031,
651,RADIATION,RADIATION,522800.9204974669,5697304.290406496,46,21,20.0,15695.819612914484,0.37972308628985635,ground_equivalent_excess_gamma_dose_rate,uSv/h,50.0,1.0,6360,0.0003454999823588878,True,,1,0.1,0.09000000000000001,False,,0.0005699000030290335,
652,RADIATION,RADIATION,522820.9204974669,5697304.290406496,46,22,20.0,15715.819612914484,0.3734226471820587,ground_equivalent_excess_gamma_dose_rate,uSv/h,50.0,1.0,6360,0.0003470999945420772,True,,1,0.1,0.09000000000000001,False,,0.0006017000123392791,
653,RADIATION,RADIATION,522840.9204974669,5697304.290406496,46,23,20.0,15735.819612914484,0.3680968632430128,ground_equivalent_excess_gamma_dose_rate,uSv/h,50.0,1.0,6360,0.00034010002855211496,True,,1,0.1,0.09000000000000001,False,,0.0005556000105571002,
654,RADIATION,RADIATION,522860.9204974669,5697304.290406496,46,24,20.0,15755.819612914484,0.36368583920870584,ground_equivalent_excess_gamma_dose_rate,uSv/h,50.0,1.0,6360,0.0003412000078242272,True,,1,0.1,0.09000000000000001,False,,0.0005742000066675246,
655,RADIATION,RADIATION,522880.9204974669,5697324.290406496,47,25,28.284271247461902,15784.103884161945,0.3342366236039746,ground_equivalent_excess_gamma_dose_rate,uSv/h,50.0,1.0,6360,0.0003932999970857054,True,,1,0.1,0.09000000000000001,False,,0.0005562999867834151,
656,RADIATION,RADIATION,522860.9204974669,5697324.290406496,47,24,20.0,15804.103884161945,0.3377075352289102,ground_equivalent_excess_gamma_dose_rate,uSv/h,50.0,1.0,6360,0.0003394999948795885,True,,1,0.1,0.09000000000000001,False,,0.0005535999953281134,
657,RADIATION,RADIATION,522840.9204974669,5697324.290406496,47,23,20.0,15824.103884161945,0.3417250502024654,ground_equivalent_excess_gamma_dose_rate,uSv/h,50.0,1.0,6360,0.0003577999887056649,True,,1,0.1,0.09000000000000001,False,,0.0005497999954968691,
658,RADIATION,RADIATION,522820.9204974669,5697324.290406496,47,22,20.0,15844.103884161945,0.34636371203549227,ground_equivalent_excess_gamma_dose_rate,uSv/h,50.0,1.0,6360,0.00033999999868683517,True,,1,0.1,0.09000000000000001,False,,0.0005710999830625951,
659,RADIATION,RADIATION,522800.9204974669,5697344.290406496,48,21,28.284271247461902,15872.388155409406,0.32613277853235195,ground_equivalent_excess_gamma_dose_rate,uSv/h,50.0,1.0,6360,0.0003650000144261867,True,,1,0.1,0.09000000000000001,False,,0.0005762999935541302,
660,RADIATION,RADIATION,522780.9204974669,5697344.290406496,48,20,20.0,15892.388155409406,0.3309713269634848,ground_equivalent_excess_gamma_dose_rate,uSv/h,50.0,1.0,6360,0.0003696000203490257,True,,1,0.1,0.09000000000000001,False,,0.0005640999879688025,
661,RADIATION,RADIATION,522760.9204974669,5697344.290406496,48,19,20.0,15912.388155409406,0.33612898739553804,ground_equivalent_excess_gamma_dose_rate,uSv/h,50.0,1.0,6360,0.0003395999956410378,True,,1,0.1,0.09000000000000001,False,,0.0005892000044696033,
662,RADIATION,RADIATION,522740.9204974669,5697364.290406496,49,18,28.284271247461902,15940.672426656867,0.31519569436986844,ground_equivalent_excess_gamma_dose_rate,uSv/h,50.0,1.0,6360,0.0004093000025022775,True,,1,0.1,0.09000000000000001,False,,0.0005601999873761088,
663,RADIATION,RADIATION,522720.9204974669,5697364.290406496,49,17,20.0,15960.672426656867,0.3192905752706982,ground_equivalent_excess_gamma_dose_rate,uSv/h,50.0,1.0,6360,0.0003541000187397003,True,,1,0.1,0.09000000000000001,False,,0.0006053000106476247,
664,RADIATION,RADIATION,522700.9204974669,5697384.290406496,50,16,28.284271247461902,15988.956697904328,0.297640316844487,ground_equivalent_excess_gamma_dose_rate,uSv/h,50.0,1.0,6360,0.0004394999996293336,True,,1,0.1,0.09000000000000001,False,,0.0005523999861907214,
665,RADIATION,RADIATION,522680.9204974669,5697384.290406496,50,15,20.0,16008.956697904328,0.30006074375626096,ground_equivalent_excess_gamma_dose_rate,uSv/h,50.0,1.0,6360,0.000387699983548373,True,,1,0.1,0.09000000000000001,False,,0.0006068999937269837,
666,RADIATION,RADIATION,522660.9204974669,5697384.290406496,50,14,20.0,16028.956697904328,0.3019030383309162,ground_equivalent_excess_gamma_dose_rate,uSv/h,50.0,1.0,6360,0.00036810000892728567,True,,1,0.1,0.09000000000000001,False,,0.0005654999986290932,
667,RADIATION,RADIATION,522640.9204974669,5697384.290406496,50,13,20.0,16048.956697904328,0.30300924936966406,ground_equivalent_excess_gamma_dose_rate,uSv/h,50.0,1.0,6360,0.0003816000244114548,True,,1,0.1,0.09000000000000001,False,,0.0005722999921999872,
668,RADIATION,RADIATION,522620.9204974669,5697404.290406496,51,12,28.284271247461902,16077.24096915179,0.2783246842145195,ground_equivalent_excess_gamma_dose_rate,uSv/h,50.0,1.0,6360,0.00048439999227412045,True,,1,0.1,0.09000000000000001,False,,0.0006392999785020947,
669,RADIATION,RADIATION,522600.9204974669,5697404.290406496,51,11,20.0,16097.24096915179,0.27732657929684473,ground_equivalent_excess_gamma_dose_rate,uSv/h,50.0,1.0,6360,0.0003769000177271664,True,,1,0.1,0.09000000000000001,False,,0.0005705999792553484,
670,RADIATION,RADIATION,522580.9204974669,5697404.290406496,51,10,20.0,16117.24096915179,0.27543879733255716,ground_equivalent_excess_gamma_dose_rate,uSv/h,50.0,1.0,6360,0.0003632000007200986,True,,1,0.1,0.09000000000000001,False,,0.000537199986865744,
671,RADIATION,RADIATION,522560.9204974669,5697404.290406496,51,9,20.0,16137.24096915179,0.272625073874214,ground_equivalent_excess_gamma_dose_rate,uSv/h,50.0,1.0,6360,0.00035940000088885427,True,,1,0.1,0.09000000000000001,False,,0.0005139000131748617,
672,RADIATION,RADIATION,522540.9204974669,5697384.290406496,50,8,28.284271247461902,16165.52524039925,0.2933029360726498,ground_equivalent_excess_gamma_dose_rate,uSv/h,50.0,1.0,6360,0.00038189999759197235,True,,1,0.1,0.09000000000000001,False,,0.0003853000234812498,
673,RADIATION,RADIATION,522520.9204974669,5697364.290406496,49,7,28.284271247461902,16193.809511646712,0.31549519506948526,ground_equivalent_excess_gamma_dose_rate,uSv/h,50.0,1.0,6360,0.00036589999217540026,True,,1,0.1,0.09000000000000001,False,,0.0004059000057168305,
674,RADIATION,RADIATION,522520.9204974669,5697344.290406496,48,7,20.0,16213.809511646712,0.3477103695534614,ground_equivalent_excess_gamma_dose_rate,uSv/h,50.0,1.0,6360,0.0003623999946285039,True,,1,0.1,0.09000000000000001,False,,0.00043960000039078295,
675,RADIATION,RADIATION,522500.9204974669,5697344.290406496,48,6,20.0,16233.809511646712,0.3388179900212442,ground_equivalent_excess_gamma_dose_rate,uSv/h,50.0,1.0,6360,0.0003834000090137124,True,,1,0.1,0.09000000000000001,False,,0.0005622000026050955,
676,RADIATION,RADIATION,522520.9204974669,5697364.290406496,49,7,28.284271247461902,16262.093782894173,0.31549519506948526,ground_equivalent_excess_gamma_dose_rate,uSv/h,50.0,1.0,6360,0.0003315000212751329,True,,1,0.1,0.09000000000000001,False,,0.00035669998032972217,
677,RADIATION,RADIATION,522540.9204974669,5697384.290406496,50,8,28.284271247461902,16290.378054141634,0.2933029360726498,ground_equivalent_excess_gamma_dose_rate,uSv/h,50.0,1.0,6360,0.00033560002339072526,True,,1,0.1,0.09000000000000001,False,,0.0004031999851576984,
678,RADIATION,RADIATION,522560.9204974669,5697404.290406496,51,9,28.284271247461902,16318.662325389096,0.272625073874214,ground_equivalent_excess_gamma_dose_rate,uSv/h,50.0,1.0,6360,0.00033710000570863485,True,,1,0.1,0.09000000000000001,False,,0.00042180001037195325,
679,RADIATION,RADIATION,522580.9204974669,5697424.290406496,52,10,28.284271247461902,16346.946596636557,0.2536144414206018,ground_equivalent_excess_gamma_dose_rate,uSv/h,50.0,1.0,6360,0.00048770001740194857,True,,1,0.1,0.09000000000000001,False,,0.0003974999999627471,
680,RADIATION,RADIATION,522600.9204974669,5697444.290406496,53,11,28.284271247461902,16375.230867884018,0.23627265540714903,ground_equivalent_excess_gamma_dose_rate,uSv/h,50.0,1.0,6360,0.0004755000118166208,True,,1,0.1,0.09000000000000001,False,,0.0004324000037740916,
681,RADIATION,RADIATION,522620.9204974669,5697444.290406496,53,12,20.0,16395.23086788402,0.23745001218523126,ground_equivalent_excess_gamma_dose_rate,uSv/h,50.0,1.0,6360,0.0003567999810911715,True,,1,0.1,0.09000000000000001,False,,0.0003315999929327518,
682,RADIATION,RADIATION,522640.9204974669,5697424.290406496,52,13,28.284271247461902,16423.515139131483,0.25701717935609586,ground_equivalent_excess_gamma_dose_rate,uSv/h,50.0,1.0,6360,0.0003907000063918531,True,,1,0.1,0.09000000000000001,False,,0.0004450999840628356,
683,RADIATION,RADIATION,522660.9204974669,5697424.290406496,52,14,20.0,16443.515139131483,0.2568415680478022,ground_equivalent_excess_gamma_dose_rate,uSv/h,50.0,1.0,6360,0.00036509998608380556,True,,1,0.1,0.09000000000000001,False,,0.0005629999795928597,
684,RADIATION,RADIATION,522680.9204974669,5697424.290406496,52,15,20.0,16463.515139131483,0.2561296229684141,ground_equivalent_excess_gamma_dose_rate,uSv/h,50.0,1.0,6360,0.000368200009688735,True,,1,0.1,0.09000000000000001,False,,0.0005672000115737319,
685,RADIATION,RADIATION,522700.9204974669,5697424.290406496,52,16,20.0,16483.515139131483,0.254966898596135,ground_equivalent_excess_gamma_dose_rate,uSv/h,50.0,1.0,6360,0.0003546999942045659,True,,1,0.1,0.09000000000000001,False,,0.0005746000097133219,
686,RADIATION,RADIATION,522720.9204974669,5697404.290406496,51,17,28.284271247461902,16511.799410378946,0.27296954518290634,ground_equivalent_excess_gamma_dose_rate,uSv/h,50.0,1.0,6360,0.0003711000026669353,True,,1,0.1,0.09000000000000001,False,,0.0005595000111497939,
687,RADIATION,RADIATION,522740.9204974669,5697404.290406496,51,18,20.0,16531.799410378946,0.2705972121562121,ground_equivalent_excess_gamma_dose_rate,uSv/h,50.0,1.0,6360,0.000365100015187636,True,,1,0.1,0.09000000000000001,False,,0.0005637999856844544,
688,RADIATION,RADIATION,522760.9204974669,5697384.290406496,50,19,28.284271247461902,16560.08368162641,0.28842141432741747,ground_equivalent_excess_gamma_dose_rate,uSv/h,50.0,1.0,6360,0.0003454000107012689,True,,1,0.1,0.09000000000000001,False,,0.0005693999992217869,
689,RADIATION,RADIATION,522780.9204974669,5697384.290406496,50,20,20.0,16580.08368162641,0.28512078135438873,ground_equivalent_excess_gamma_dose_rate,uSv/h,50.0,1.0,6360,0.0003704999980982393,True,,1,0.1,0.09000000000000001,False,,0.0005845999985467643,
690,RADIATION,RADIATION,522800.9204974669,5697384.290406496,50,21,20.0,16600.08368162641,0.2818618682335051,ground_equivalent_excess_gamma_dose_rate,uSv/h,50.0,1.0,6360,0.0003549999964889139,True,,1,0.1,0.09000000000000001,False,,0.0005661000031977892,
691,RADIATION,RADIATION,522820.9204974669,5697364.290406496,49,22,28.284271247461902,16628.367952873872,0.2991934935000446,ground_equivalent_excess_gamma_dose_rate,uSv/h,50.0,1.0,6360,0.0003443000023253262,True,,1,0.1,0.09000000000000001,False,,0.000621199986198917,
692,RADIATION,RADIATION,522840.9204974669,5697364.290406496,49,23,20.0,16648.367952873872,0.29569460016841376,ground_equivalent_excess_gamma_dose_rate,uSv/h,50.0,1.0,6360,0.0003693999897222966,True,,1,0.1,0.09000000000000001,False,,0.0005517000099644065,
693,RADIATION,RADIATION,522860.9204974669,5697364.290406496,49,24,20.0,16668.367952873872,0.29244134255285065,ground_equivalent_excess_gamma_dose_rate,uSv/h,50.0,1.0,6360,0.00038270000368356705,True,,1,0.1,0.09000000000000001,False,,0.0005705000075977296,
694,RADIATION,RADIATION,522880.9204974669,5697364.290406496,49,25,20.0,16688.367952873872,0.2894047774055599,ground_equivalent_excess_gamma_dose_rate,uSv/h,50.0,1.0,6360,0.00038690000656060874,True,,1,0.1,0.09000000000000001,False,,0.0005770999996457249,
695,RADIATION,RADIATION,522900.9204974669,5697344.290406496,48,26,28.284271247461902,16716.652224121335,0.3077682697250083,ground_equivalent_excess_gamma_dose_rate,uSv/h,50.0,1.0,6360,0.00035310001112520695,True,,1,0.1,0.09000000000000001,False,,0.0005671999824699014,
696,RADIATION,RADIATION,522920.9204974669,5697324.290406496,47,27,28.284271247461902,16744.9364953688,0.3284635556425379,ground_equivalent_excess_gamma_dose_rate,uSv/h,50.0,1.0,6360,0.00038400001358240843,True,,1,0.1,0.09000000000000001,False,,0.0005562000151257962,
697,RADIATION,RADIATION,522940.9204974669,5697344.290406496,48,28,28.284271247461902,16773.22076661626,0.30221408825155976,ground_equivalent_excess_gamma_dose_rate,uSv/h,50.0,1.0,6360,0.00038300000596791506,True,,1,0.1,0.09000000000000001,False,,0.0005997999978717417,
698,RADIATION,RADIATION,522960.9204974669,5697344.290406496,48,29,20.0,16793.22076661626,0.29940741129356574,ground_equivalent_excess_gamma_dose_rate,uSv/h,50.0,1.0,6360,0.00039339999784715474,True,,1,0.1,0.09000000000000001,False,,0.0005707999807782471,
699,RADIATION,RADIATION,522980.9204974669,5697344.290406496,48,30,20.0,16813.22076661626,0.2964110894669384,ground_equivalent_excess_gamma_dose_rate,uSv/h,50.0,1.0,6360,0.00038350000977516174,True,,1,0.1,0.09000000000000001,False,,0.0005711000121664256,
700,RADIATION,RADIATION,523000.920497467,5697344.290406496,48,31,20.000000000058208,16833.22076661632,0.2931027610657668,ground_equivalent_excess_gamma_dose_rate,uSv/h,50.0,1.0,6360,0.0003552999987732619,True,,1,0.1,0.09000000000000001,False,,0.000592500000493601,
701,RADIATION,RADIATION,523020.920497467,5697324.290406496,47,32,28.284271247461902,16861.505037863782,0.313393564136807,ground_equivalent_excess_gamma_dose_rate,uSv/h,50.0,1.0,6360,0.0003725999849848449,True,,1,0.1,0.09000000000000001,False,,0.000614399992628023,
702,RADIATION,RADIATION,523040.920497467,5697324.290406496,47,33,20.0,16881.505037863782,0.30898886937781506,ground_equivalent_excess_gamma_dose_rate,uSv/h,50.0,1.0,6360,0.00036600002204068005,True,,1,0.1,0.09000000000000001,False,,0.0006064999906811863,
703,RADIATION,RADIATION,523060.920497467,5697324.290406496,47,34,20.0,16901.505037863782,0.3038484776376437,ground_equivalent_excess_gamma_dose_rate,uSv/h,50.0,1.0,6360,0.0003612999862525612,True,,1,0.1,0.09000000000000001,False,,0.0005504000000655651,
704,RADIATION,RADIATION,523080.920497467,5697324.290406496,47,35,20.0,16921.505037863782,0.29792706433866034,ground_equivalent_excess_gamma_dose_rate,uSv/h,50.0,1.0,6360,0.0003524000057950616,True,,1,0.1,0.09000000000000001,False,,0.0005679999885614961,
705,RADIATION,RADIATION,523100.920497467,5697304.290406496,46,36,28.284271247461902,16949.789309111246,0.3169370296429493,ground_equivalent_excess_gamma_dose_rate,uSv/h,50.0,1.0,6360,0.0003761000116355717,True,,1,0.1,0.09000000000000001,False,,0.0005536999960895628,
706,RADIATION,RADIATION,523120.920497467,5697284.290406496,45,37,28.284271247461902,16978.07358035871,0.33710270570990936,ground_equivalent_excess_gamma_dose_rate,uSv/h,50.0,1.0,6360,0.00036050000926479697,True,,1,0.1,0.09000000000000001,False,,0.0006036999984644353,
707,RADIATION,RADIATION,523140.920497467,5697284.290406496,45,38,20.0,16998.07358035871,0.32628943628011714,ground_equivalent_excess_gamma_dose_rate,uSv/h,50.0,1.0,6360,0.00034410000080242753,True,,1,0.1,0.09000000000000001,False,,0.0005616999987978488,
708,RADIATION,RADIATION,523160.920497467,5697264.290406496,44,39,28.284271247461902,17026.35785160617,0.34404392711400716,ground_equivalent_excess_gamma_dose_rate,uSv/h,50.0,1.0,6360,0.00035780001780949533,True,,1,0.1,0.09000000000000001,False,,0.0005614999972749501,
709,RADIATION,RADIATION,523180.920497467,5697244.290406496,43,40,28.284271247461902,17054.642122853635,0.36083866010662285,ground_equivalent_excess_gamma_dose_rate,uSv/h,50.0,1.0,6360,0.0003581999917514622,True,,1,0.1,0.09000000000000001,False,,0.0005639999872073531,
710,RADIATION,RADIATION,523180.920497467,5697224.290406496,42,40,20.0,17074.642122853635,0.3975488658617696,ground_equivalent_excess_gamma_dose_rate,uSv/h,50.0,1.0,6360,0.00035999997635371983,True,,1,0.1,0.09000000000000001,False,,0.0005632999818772078,
711,RADIATION,RADIATION,523180.920497467,5697204.290406496,41,40,20.0,17094.642122853635,0.4407112690613851,ground_equivalent_excess_gamma_dose_rate,uSv/h,50.0,1.0,6360,0.0003612999862525612,True,,1,0.1,0.09000000000000001,False,,0.0005643999902531505,
712,RADIATION,RADIATION,523180.920497467,5697184.290406496,40,40,20.0,17114.642122853635,0.491852536269302,ground_equivalent_excess_gamma_dose_rate,uSv/h,50.0,1.0,6360,0.00036750000435858965,True,,1,0.1,0.09000000000000001,False,,0.0005552000075113028,
713,RADIATION,RADIATION,523180.920497467,5697164.290406496,39,40,20.0,17134.642122853635,0.5528829622683413,ground_equivalent_excess_gamma_dose_rate,uSv/h,50.0,1.0,6360,0.00036539998836815357,True,,1,0.1,0.09000000000000001,False,,0.0006447000196203589,
714,RADIATION,RADIATION,523200.920497467,5697144.290406496,38,41,28.284271247461902,17162.926394101098,0.5705519700483803,ground_equivalent_excess_gamma_dose_rate,uSv/h,50.0,1.0,6360,0.00035849999403581023,True,,1,0.1,0.09000000000000001,False,,0.0005619000003207475,
715,RADIATION,RADIATION,523200.920497467,5697124.290406496,37,41,20.0,17182.926394101098,0.6416523901194846,ground_equivalent_excess_gamma_dose_rate,uSv/h,50.0,1.0,6360,0.00035260000731796026,True,,1,0.1,0.09000000000000001,False,,0.0006238000059965998,
716,RADIATION,RADIATION,523220.920497467,5697144.290406496,38,42,28.284271247461902,17211.21066534856,0.5186031065237198,ground_equivalent_excess_gamma_dose_rate,uSv/h,50.0,1.0,6360,0.00034410000080242753,True,,1,0.1,0.09000000000000001,False,,0.0005879999953322113,
717,RADIATION,RADIATION,523240.920497467,5697124.290406496,37,43,28.284271247461902,17239.494936596024,0.5166082325718444,ground_equivalent_excess_gamma_dose_rate,uSv/h,50.0,1.0,6360,0.0003370000049471855,True,,1,0.1,0.09000000000000001,False,,0.0005628999788314104,
718,RADIATION,RADIATION,523260.920497467,5697104.290406496,36,44,28.284271247461902,17267.779207843487,0.5037102274215197,ground_equivalent_excess_gamma_dose_rate,uSv/h,50.0,1.0,6360,0.0003677000058814883,True,,1,0.1,0.09000000000000001,False,,0.0005479000101331621,
719,RADIATION,RADIATION,523280.920497467,5697084.290406496,35,45,28.284271247461902,17296.06347909095,0.4814255632304331,ground_equivalent_excess_gamma_dose_rate,uSv/h,50.0,1.0,6360,0.0003552999987732619,True,,1,0.1,0.09000000000000001,False,,0.0005464999994728714,
720,RADIATION,RADIATION,523300.920497467,5697064.290406496,34,46,28.284271247461902,17324.347750338413,0.4523663341509773,ground_equivalent_excess_gamma_dose_rate,uSv/h,50.0,1.0,6360,0.0003622000222094357,True,,1,0.1,0.09000000000000001,False,,0.0005566000181715935,
721,RADIATION,RADIATION,523320.920497467,5697044.290406496,33,47,28.284271247461902,17352.632021585876,0.4194662278393521,ground_equivalent_excess_gamma_dose_rate,uSv/h,50.0,1.0,6360,0.00035360001493245363,True,,1,0.1,0.09000000000000001,False,,0.000555399979930371,
722,RADIATION,RADIATION,523320.920497467,5697064.290406496,34,47,20.0,17372.632021585876,0.4022898812121,ground_equivalent_excess_gamma_dose_rate,uSv/h,50.0,1.0,6360,0.00033989999792538583,True,,1,0.1,0.09000000000000001,False,,0.0005491999909281731,
723,RADIATION,RADIATION,523320.920497467,5697084.290406496,35,47,20.0,17392.632021585876,0.38363953840712,ground_equivalent_excess_gamma_dose_rate,uSv/h,50.0,1.0,6360,0.0003793999785557389,True,,1,0.1,0.09000000000000001,False,,0.0005558999837376177,
724,RADIATION,RADIATION,523300.920497467,5697104.290406496,36,46,28.284271247461902,17420.91629283334,0.4038058666118797,ground_equivalent_excess_gamma_dose_rate,uSv/h,50.0,1.0,6360,0.0003418999840505421,True,,1,0.1,0.09000000000000001,False,,0.0005801999941468239,
725,RADIATION,RADIATION,523280.920497467,5697124.290406496,37,45,28.284271247461902,17449.200564080802,0.4191155973643705,ground_equivalent_excess_gamma_dose_rate,uSv/h,50.0,1.0,6360,0.00034940001205541193,True,,1,0.1,0.09000000000000001,False,,0.0005729999975301325,
726,RADIATION,RADIATION,523260.920497467,5697144.290406496,38,44,28.284271247461902,17477.484835328265,0.4281327995828403,ground_equivalent_excess_gamma_dose_rate,uSv/h,50.0,1.0,6360,0.00034130000858567655,True,,1,0.1,0.09000000000000001,False,,0.0005723999929614365,
727,RADIATION,RADIATION,523240.920497467,5697164.290406496,39,43,28.284271247461902,17505.769106575728,0.4300482236648759,ground_equivalent_excess_gamma_dose_rate,uSv/h,50.0,1.0,6360,0.00035039999056607485,True,,1,0.1,0.09000000000000001,False,,0.0005660000024363399,
728,RADIATION,RADIATION,523220.920497467,5697184.290406496,40,42,28.284271247461902,17534.05337782319,0.4249063144154734,ground_equivalent_excess_gamma_dose_rate,uSv/h,50.0,1.0,6360,0.00035930000012740493,True,,1,0.1,0.09000000000000001,False,,0.0005698000022675842,
729,RADIATION,RADIATION,523220.920497467,5697204.290406496,41,42,20.0,17554.05337782319,0.3867942763629861,ground_equivalent_excess_gamma_dose_rate,uSv/h,50.0,1.0,6360,0.00034779999987222254,True,,1,0.1,0.09000000000000001,False,,0.0005744000081904233,
730,RADIATION,RADIATION,523240.920497467,5697204.290406496,41,43,20.0,17574.05337782319,0.36087801622514454,ground_equivalent_excess_gamma_dose_rate,uSv/h,50.0,1.0,6360,0.000364800012903288,True,,1,0.1,0.09000000000000001,False,,0.0005632000102195889,
731,RADIATION,RADIATION,523260.920497467,5697184.290406496,40,44,28.284271247461902,17602.337649070654,0.3639121852458655,ground_equivalent_excess_gamma_dose_rate,uSv/h,50.0,1.0,6360,0.0003457999846432358,True,,1,0.1,0.09000000000000001,False,,0.0005784000095445663,
732,RADIATION,RADIATION,523280.920497467,5697164.290406496,39,45,28.284271247461902,17630.621920318117,0.3621364109176349,ground_equivalent_excess_gamma_dose_rate,uSv/h,50.0,1.0,6360,0.0003504000196699053,True,,1,0.1,0.09000000000000001,False,,0.0005525999877136201,
733,RADIATION,RADIATION,523300.920497467,5697144.290406496,38,46,28.284271247461902,17658.90619156558,0.3555320052951049,ground_equivalent_excess_gamma_dose_rate,uSv/h,50.0,1.0,6360,0.0003598000039346516,True,,1,0.1,0.09000000000000001,False,,0.0005514999793376774,
734,RADIATION,RADIATION,523320.920497467,5697124.290406496,37,47,28.284271247461902,17687.190462813043,0.34455906073305526,ground_equivalent_excess_gamma_dose_rate,uSv/h,50.0,1.0,6360,0.0003422000154387206,True,,1,0.1,0.09000000000000001,False,,0.0005623000033665448,
735,RADIATION,RADIATION,523340.920497467,5697104.290406496,36,48,28.284271247461902,17715.474734060506,0.3300496878448413,ground_equivalent_excess_gamma_dose_rate,uSv/h,50.0,1.0,6360,0.0003383000148460269,True,,1,0.1,0.09000000000000001,False,,0.0005441999819595367,
736,RADIATION,RADIATION,523360.920497467,5697084.290406496,35,49,28.284271247461902,17743.75900530797,0.3130308558953269,ground_equivalent_excess_gamma_dose_rate,uSv/h,50.0,1.0,6360,0.0003721999819390476,True,,1,0.1,0.09000000000000001,False,,0.0005611999949906021,
737,RADIATION,RADIATION,523360.920497467,5697064.290406496,34,49,20.0,17763.75900530797,0.3248227620428598,ground_equivalent_excess_gamma_dose_rate,uSv/h,50.0,1.0,6360,0.00039339999784715474,True,,1,0.1,0.09000000000000001,False,,0.0005522999854292721,
738,RADIATION,RADIATION,523360.920497467,5697044.290406496,33,49,20.0,17783.75900530797,0.33547650570742976,ground_equivalent_excess_gamma_dose_rate,uSv/h,50.0,1.0,6360,0.00038490002043545246,True,,1,0.1,0.09000000000000001,False,,0.0005890999746043235,
739,RADIATION,RADIATION,523360.920497467,5697024.290406496,32,49,20.0,17803.75900530797,0.3446187558929223,ground_equivalent_excess_gamma_dose_rate,uSv/h,50.0,1.0,6360,0.0003786000015679747,True,,1,0.1,0.09000000000000001,False,,0.0005613999965135008,
740,RADIATION,RADIATION,523360.920497467,5697004.290406496,31,49,20.0,17823.75900530797,0.3518984517525933,ground_equivalent_excess_gamma_dose_rate,uSv/h,50.0,1.0,6360,0.0003755000070668757,True,,1,0.1,0.09000000000000001,False,,0.0005746999813709408,
741,RADIATION,RADIATION,523360.920497467,5696984.290406497,30,49,19.999999999068677,17843.759005307038,0.35702075310613396,ground_equivalent_excess_gamma_dose_rate,uSv/h,50.0,1.0,6360,0.0003753999772015959,True,,1,0.1,0.09000000000000001,False,,0.0005677000153809786,
742,RADIATION,RADIATION,523360.920497467,5696964.290406497,29,49,20.0,17863.759005307038,0.3597793295390394,ground_equivalent_excess_gamma_dose_rate,uSv/h,50.0,1.0,6360,0.0003667999990284443,True,,1,0.1,0.09000000000000001,False,,0.0005573999951593578,
743,RADIATION,RADIATION,523360.920497467,5696944.290406497,28,49,20.0,17883.759005307038,0.3600807631033793,ground_equivalent_excess_gamma_dose_rate,uSv/h,50.0,1.0,6360,0.00035280000884085894,True,,1,0.1,0.09000000000000001,False,,0.0005663000047206879,
744,RADIATION,RADIATION,523360.920497467,5696924.290406497,27,49,20.0,17903.759005307038,0.3579557966936057,ground_equivalent_excess_gamma_dose_rate,uSv/h,50.0,1.0,6360,0.00035870002466253936,True,,1,0.1,0.09000000000000001,False,,0.0005567000189330429,
745,RADIATION,RADIATION,523340.920497467,5696904.290406497,26,48,28.284271247461902,17932.0432765545,0.39574621497460444,ground_equivalent_excess_gamma_dose_rate,uSv/h,50.0,1.0,6360,0.00036979999276809394,True,,1,0.1,0.09000000000000001,False,,0.0005879999953322113,
746,RADIATION,RADIATION,523340.920497467,5696884.290406497,25,48,20.0,17952.0432765545,0.38725790228120455,ground_equivalent_excess_gamma_dose_rate,uSv/h,50.0,1.0,6360,0.000391699984902516,True,,1,0.1,0.09000000000000001,False,,0.0005587000050581992,
747,RADIATION,RADIATION,523320.920497467,5696864.290406497,24,47,28.284271247461902,17980.327547801964,0.42136670671605797,ground_equivalent_excess_gamma_dose_rate,uSv/h,50.0,1.0,6360,0.000361400016117841,True,,1,0.1,0.09000000000000001,False,,0.0005530999915208668,
748,RADIATION,RADIATION,523300.920497467,5696844.290406497,23,46,28.284271247461902,18008.611819049427,0.4540306213696494,ground_equivalent_excess_gamma_dose_rate,uSv/h,50.0,1.0,6360,0.00036279999767430127,True,,1,0.1,0.09000000000000001,False,,0.0005956999957561493,
749,RADIATION,RADIATION,523280.920497467,5696824.290406497,22,45,28.284271247461902,18036.89609029689,0.4829380780656251,ground_equivalent_excess_gamma_dose_rate,uSv/h,50.0,1.0,6360,0.0003789000038523227,True,,1,0.1,0.09000000000000001,False,,0.0005639000155497342,
750,RADIATION,RADIATION,523260.920497467,5696804.290406497,21,44,28.284271247461902,18065.180361544353,0.5056926615164872,ground_equivalent_excess_gamma_dose_rate,uSv/h,50.0,1.0,6360,0.00037120000342838466,True,,1,0.1,0.09000000000000001,False,,0.0005749999836552888,
751,RADIATION,RADIATION,523240.920497467,5696784.290406497,20,43,28.284271247461902,18093.464632791816,0.5204027832207243,ground_equivalent_excess_gamma_dose_rate,uSv/h,50.0,1.0,6360,0.00039519998244941235,True,,1,0.1,0.09000000000000001,False,,0.0005744000081904233,
752,RADIATION,RADIATION,523220.920497467,5696764.290406497,19,42,28.284271247461902,18121.74890403928,0.5262766713542133,ground_equivalent_excess_gamma_dose_rate,uSv/h,50.0,1.0,6360,0.0003758000093512237,True,,1,0.1,0.09000000000000001,False,,0.0005671999824699014,
753,RADIATION,RADIATION,523200.920497467,5696744.290406497,18,41,28.284271247461902,18150.033175286742,0.5239247640187117,ground_equivalent_excess_gamma_dose_rate,uSv/h,50.0,1.0,6360,0.0003986999799963087,True,,1,0.1,0.09000000000000001,False,,0.0005710999830625951,
754,RADIATION,RADIATION,523180.920497467,5696724.290406497,17,40,28.284271247461902,18178.317446534205,0.5151955654693665,ground_equivalent_excess_gamma_dose_rate,uSv/h,50.0,1.0,6360,0.0003667999990284443,True,,1,0.1,0.09000000000000001,False,,0.0005802999949082732,
755,RADIATION,RADIATION,523160.920497467,5696704.290406497,16,39,28.284271247461902,18206.60171778167,0.502642398115255,ground_equivalent_excess_gamma_dose_rate,uSv/h,50.0,1.0,6360,0.0004000999906565994,True,,1,0.1,0.09000000000000001,False,,0.000665400002617389,
756,RADIATION,RADIATION,523140.920497467,5696704.290406497,16,38,20.0,18226.60171778167,0.5330339869293879,ground_equivalent_excess_gamma_dose_rate,uSv/h,50.0,1.0,6360,0.0003899000003002584,True,,1,0.1,0.09000000000000001,False,,0.0005848000000696629,
757,RADIATION,RADIATION,523120.920497467,5696704.290406497,16,37,20.0,18246.60171778167,0.5626954535371069,ground_equivalent_excess_gamma_dose_rate,uSv/h,50.0,1.0,6360,0.0003790999762713909,True,,1,0.1,0.09000000000000001,False,,0.0005547000037040561,
758,RADIATION,RADIATION,523100.920497467,5696704.290406497,16,36,20.0,18266.60171778167,0.5911018405688817,ground_equivalent_excess_gamma_dose_rate,uSv/h,50.0,1.0,6360,0.0003792000061366707,True,,1,0.1,0.09000000000000001,False,,0.0005571999936364591,
759,RADIATION,RADIATION,523080.920497467,5696684.290406497,15,35,28.284271247461902,18294.88598902913,0.5667071123164735,ground_equivalent_excess_gamma_dose_rate,uSv/h,50.0,1.0,6360,0.00038430001586675644,True,,1,0.1,0.09000000000000001,False,,0.0005649000231642276,
760,RADIATION,RADIATION,523060.920497467,5696664.290406497,14,34,28.284271247461902,18323.170260276594,0.5501353078476989,ground_equivalent_excess_gamma_dose_rate,uSv/h,50.0,1.0,6360,0.00037900000461377203,True,,1,0.1,0.09000000000000001,False,,0.0005911999905947596,
761,RADIATION,RADIATION,523040.920497467,5696664.290406497,14,33,20.0,18343.170260276594,0.5765397944220811,ground_equivalent_excess_gamma_dose_rate,uSv/h,50.0,1.0,6360,0.0003632000007200986,True,,1,0.1,0.09000000000000001,False,,0.0005666000070050359,
762,RADIATION,RADIATION,523020.920497467,5696664.290406497,14,32,20.0,18363.170260276594,0.6051978330434473,ground_equivalent_excess_gamma_dose_rate,uSv/h,50.0,1.0,6360,0.0003677000058814883,True,,1,0.1,0.09000000000000001,False,,0.0005824999825563282,
763,RADIATION,RADIATION,523000.920497467,5696664.290406497,14,31,20.0,18383.170260276594,0.6375390709822921,ground_equivalent_excess_gamma_dose_rate,uSv/h,50.0,1.0,6360,0.00039280002238228917,True,,1,0.1,0.09000000000000001,False,,0.0005754000158049166,
764,RADIATION,RADIATION,522980.9204974669,5696644.290406497,13,30,28.28427124750306,18411.454531524098,0.6484578204848166,ground_equivalent_excess_gamma_dose_rate,uSv/h,50.0,1.0,6360,0.0003527000080794096,True,,1,0.1,0.09000000000000001,False,,0.0005738999752793461,
765,RADIATION,RADIATION,522980.9204974669,5696624.290406497,12,30,20.0,18431.454531524098,0.6232093020989125,ground_equivalent_excess_gamma_dose_rate,uSv/h,50.0,1.0,6360,0.00036330000148154795,True,,1,0.1,0.09000000000000001,False,,0.0005812000017613173,
766,RADIATION,RADIATION,522960.9204974669,5696604.290406497,11,29,28.284271247461902,18459.73880277156,0.6529979548432416,ground_equivalent_excess_gamma_dose_rate,uSv/h,50.0,1.0,6360,0.00039149998337961733,True,,1,0.1,0.09000000000000001,False,,0.0005872999900020659,
767,RADIATION,RADIATION,522960.9204974669,5696584.290406497,10,29,20.0,18479.73880277156,0.6276320686909014,ground_equivalent_excess_gamma_dose_rate,uSv/h,50.0,1.0,6360,0.00040779999108053744,True,,1,0.1,0.09000000000000001,False,,0.0005664000054821372,
768,RADIATION,RADIATION,522960.9204974669,5696564.290406497,9,29,20.0,18499.73880277156,0.6002321560055266,ground_equivalent_excess_gamma_dose_rate,uSv/h,50.0,1.0,6360,0.00039170001400634646,True,,1,0.1,0.09000000000000001,False,,0.0005646000208798796,
769,RADIATION,RADIATION,522940.9204974669,5696544.290406497,8,28,28.284271247461902,18528.023074019024,0.6320660231628368,ground_equivalent_excess_gamma_dose_rate,uSv/h,50.0,1.0,6360,0.0003740000247489661,True,,1,0.1,0.09000000000000001,False,,0.0005547000037040561,
770,RADIATION,RADIATION,522920.9204974669,5696524.290406497,7,27,28.284271247461902,18556.307345266487,0.6652590354534296,ground_equivalent_excess_gamma_dose_rate,uSv/h,50.0,1.0,6360,0.0003795000084210187,True,,1,0.1,0.09000000000000001,False,,0.000586900016060099,
771,RADIATION,RADIATION,522900.9204974669,5696504.290406497,6,26,28.284271247461902,18584.59161651395,0.694336690757765,ground_equivalent_excess_gamma_dose_rate,uSv/h,50.0,1.0,6360,0.0003795000084210187,True,,1,0.1,0.09000000000000001,False,,0.000575800018850714,
772,RADIATION,RADIATION,522880.9204974669,5696504.290406497,6,25,20.0,18604.59161651395,0.7869538049062046,ground_equivalent_excess_gamma_dose_rate,uSv/h,50.0,1.0,6360,0.00037460000021383166,True,,1,0.1,0.09000000000000001,False,,0.000572400022065267,
773,RADIATION,RADIATION,522900.9204974669,5696484.290406497,5,26,28.284271247461902,18632.875887761413,0.6369776899062334,ground_equivalent_excess_gamma_dose_rate,uSv/h,50.0,1.0,6360,0.000454699998954311,True,,1,0.1,0.09000000000000001,False,,0.0005905999860260636,
774,RADIATION,RADIATION,522880.9204974669,5696464.290406497,4,25,28.284271247461902,18661.160159008876,0.6435212465203928,ground_equivalent_excess_gamma_dose_rate,uSv/h,50.0,1.0,6360,0.0005838999932166189,True,,1,0.1,0.09000000000000001,False,,0.0007914000016171485,
775,RADIATION,RADIATION,522860.9204974669,5696444.290406497,3,24,28.284271247461902,18689.44443025634,0.6361457654351128,ground_equivalent_excess_gamma_dose_rate,uSv/h,50.0,1.0,6360,0.0005802999949082732,True,,1,0.1,0.09000000000000001,False,,0.0008536999812349677,
776,RADIATION,RADIATION,522840.9204974669,5696444.290406497,3,23,20.0,18709.44443025634,0.6983085550196788,ground_equivalent_excess_gamma_dose_rate,uSv/h,50.0,1.0,6360,0.00042440000106580555,True,,1,0.1,0.09000000000000001,False,,0.0007282999868039042,
777,RADIATION,RADIATION,522820.9204974669,5696444.290406497,3,22,20.0,18729.44443025634,0.7657233510653751,ground_equivalent_excess_gamma_dose_rate,uSv/h,50.0,1.0,6360,0.0004332999815233052,True,,1,0.1,0.09000000000000001,False,,0.0006388000037986785,
778,RADIATION,RADIATION,522800.9204974669,5696444.290406497,3,21,20.0,18749.44443025634,0.8360230466927694,ground_equivalent_excess_gamma_dose_rate,uSv/h,50.0,1.0,6360,0.00044520001392811537,True,,1,0.1,0.09000000000000001,False,,0.0009065999765880406,
779,RADIATION,RADIATION,522780.9204974669,5696444.290406497,3,20,20.0,18769.44443025634,0.9050932823865969,ground_equivalent_excess_gamma_dose_rate,uSv/h,50.0,1.0,6360,0.00038330000825226307,True,,1,0.1,0.09000000000000001,False,,0.0005885999999009073,
780,RADIATION,RADIATION,522760.9204974669,5696444.290406497,3,19,20.0,18789.44443025634,0.9669898845049956,ground_equivalent_excess_gamma_dose_rate,uSv/h,50.0,1.0,6360,0.00042050000047311187,True,,1,0.1,0.09000000000000001,False,,0.0007474000158254057,
781,RADIATION,RADIATION,522740.9204974669,5696444.290406497,3,18,20.0,18809.44443025634,1.0145639270223732,ground_equivalent_excess_gamma_dose_rate,uSv/h,50.0,1.0,6360,0.0004309999931138009,True,,1,0.1,0.09000000000000001,False,,0.0008621000160928816,
782,RADIATION,RADIATION,522720.9204974669,5696444.290406497,3,17,20.0,18829.44443025634,1.041000130399507,ground_equivalent_excess_gamma_dose_rate,uSv/h,50.0,1.0,6360,0.0003834999806713313,True,,1,0.1,0.09000000000000001,False,,0.0005255000141914934,
783,RADIATION,RADIATION,522700.9204974669,5696444.290406497,3,16,20.0,18849.44443025634,1.0419019287542814,ground_equivalent_excess_gamma_dose_rate,uSv/h,50.0,1.0,6360,0.00043379998533055186,True,,1,0.1,0.09000000000000001,False,,0.0005806999979540706,
784,RADIATION,RADIATION,522680.9204974669,5696464.290406497,4,15,28.284271247461902,18877.728701503802,1.2753735185105886,ground_equivalent_excess_gamma_dose_rate,uSv/h,50.0,1.0,6360,0.0006601999921258539,True,,1,0.1,0.09000000000000001,False,,0.0005350999999791384,
785,RADIATION,RADIATION,522660.9204974669,5696484.290406497,5,14,28.284271247461902,18906.012972751265,1.5263168341290971,ground_equivalent_excess_gamma_dose_rate,uSv/h,50.0,1.0,6360,0.00040530000114813447,True,,1,0.1,0.09000000000000001,False,,0.0005535000236704946,
786,RADIATION,RADIATION,522640.9204974669,5696504.290406497,6,13,28.284271247461902,18934.297243998728,1.7334404977038393,ground_equivalent_excess_gamma_dose_rate,uSv/h,50.0,1.0,6360,0.00038380001205950975,True,,1,0.1,0.09000000000000001,False,,0.0007243999862112105,
787,RADIATION,RADIATION,522620.9204974669,5696524.290406497,7,12,28.284271247461902,18962.58151524619,1.8134509217279493,ground_equivalent_excess_gamma_dose_rate,uSv/h,50.0,1.0,6360,0.00042279998888261616,True,,1,0.1,0.09000000000000001,False,,0.0008291999984066933,
788,RADIATION,RADIATION,522600.9204974669,5696524.290406497,7,11,20.0,18982.58151524619,1.4705338409717486,ground_equivalent_excess_gamma_dose_rate,uSv/h,50.0,1.0,6360,0.0004172000044491142,True,,1,0.1,0.09000000000000001,False,,0.0005865000130143017,
789,RADIATION,RADIATION,522580.9204974669,5696544.290406497,8,10,28.284271247461902,19010.865786493654,1.3709736688572196,ground_equivalent_excess_gamma_dose_rate,uSv/h,50.0,1.0,6360,0.0004267999902367592,True,,1,0.1,0.09000000000000001,False,,0.0006460000004153699,
790,RADIATION,RADIATION,522580.9204974669,5696564.290406497,9,10,20.0,19030.865786493654,1.5270435258521577,ground_equivalent_excess_gamma_dose_rate,uSv/h,50.0,1.0,6360,0.0004186000151094049,True,,1,0.1,0.09000000000000001,False,,0.0007379000016953796,
791,RADIATION,RADIATION,522560.9204974669,5696584.290406497,10,9,28.284271247461902,19059.150057741117,1.2927750919822927,ground_equivalent_excess_gamma_dose_rate,uSv/h,50.0,1.0,6360,0.00041259999852627516,True,,1,0.1,0.09000000000000001,False,,0.0005953999934718013,
792,RADIATION,RADIATION,522560.9204974669,5696604.290406497,11,9,20.0,19079.150057741117,1.338621937881508,ground_equivalent_excess_gamma_dose_rate,uSv/h,50.0,1.0,6360,0.000658300006762147,True,,1,0.1,0.09000000000000001,False,,0.0007007999811321497,
793,RADIATION,RADIATION,522560.9204974669,5696624.290406497,12,9,20.0,19099.150057741117,1.3461589130144214,ground_equivalent_excess_gamma_dose_rate,uSv/h,50.0,1.0,6360,0.00043349998304620385,True,,1,0.1,0.09000000000000001,False,,0.0007979999936651438,
794,RADIATION,RADIATION,522560.9204974669,5696644.290406497,13,9,20.0,19119.150057741117,1.3176017618575644,ground_equivalent_excess_gamma_dose_rate,uSv/h,50.0,1.0,6360,0.00037429999792948365,True,,1,0.1,0.09000000000000001,False,,0.0006291999889072031,
795,RADIATION,RADIATION,522580.9204974669,5696664.290406497,14,10,28.284271247461902,19147.43432898858,1.5520400423188492,ground_equivalent_excess_gamma_dose_rate,uSv/h,50.0,1.0,6360,0.0006742999830748886,True,,1,0.1,0.09000000000000001,False,,0.0008476999937556684,
796,RADIATION,RADIATION,522600.9204974669,5696684.290406497,15,11,28.284271247461902,19175.718600236043,1.7418345871587877,ground_equivalent_excess_gamma_dose_rate,uSv/h,50.0,1.0,6360,0.00041810001130215824,True,,1,0.1,0.09000000000000001,False,,0.0006403999868780375,
797,RADIATION,RADIATION,522620.9204974669,5696704.290406497,16,12,28.284271247461902,19204.002871483506,1.8223924833083778,ground_equivalent_excess_gamma_dose_rate,uSv/h,50.0,1.0,6360,0.0005397000059019774,True,,1,0.1,0.09000000000000001,False,,0.0005912999913562089,
798,RADIATION,RADIATION,522640.9204974669,5696704.290406497,16,13,20.0,19224.002871483506,2.1692779165734235,ground_equivalent_excess_gamma_dose_rate,uSv/h,50.0,1.0,6360,0.0005090000049676746,True,,1,0.1,0.09000000000000001,False,,0.0008170999935828149,
799,RADIATION,RADIATION,522660.9204974669,5696724.290406497,17,14,28.284271247461902,19252.28714273097,1.9830506562052916,ground_equivalent_excess_gamma_dose_rate,uSv/h,50.0,1.0,6360,0.00040129999979399145,True,,1,0.1,0.09000000000000001,False,,0.0005946999881416559,
800,RADIATION,RADIATION,522660.9204974669,5696744.290406497,18,14,20.0,19272.28714273097,1.625173260119282,ground_equivalent_excess_gamma_dose_rate,uSv/h,50.0,1.0,6360,0.000600200000917539,True,,1,0.1,0.09000000000000001,False,,0.0005606000195257366,
801,RADIATION,RADIATION,522680.9204974669,5696764.290406497,19,15,28.284271247461902,19300.571413978432,1.453523120335637,ground_equivalent_excess_gamma_dose_rate,uSv/h,50.0,1.0,6360,0.00039159998414106667,True,,1,0.1,0.09000000000000001,False,,0.0009543000196572393,
802,RADIATION,RADIATION,522700.9204974669,5696764.290406497,19,16,20.0,19320.571413978432,1.4802152859292605,ground_equivalent_excess_gamma_dose_rate,uSv/h,50.0,1.0,6360,0.00036780000664293766,True,,1,0.1,0.09000000000000001,False,,0.0006101000180933625,
803,RADIATION,RADIATION,522720.9204974669,5696744.290406497,18,17,28.284271247461902,19348.855685225895,1.768308352729484,ground_equivalent_excess_gamma_dose_rate,uSv/h,50.0,1.0,6360,0.00037349999183788896,True,,1,0.1,0.09000000000000001,False,,0.0006718000222463161,
804,RADIATION,RADIATION,522740.9204974669,5696724.290406497,17,18,28.284271247461902,19377.13995647336,2.1377011946931486,ground_equivalent_excess_gamma_dose_rate,uSv/h,50.0,1.0,6360,0.000374700000975281,True,,1,0.1,0.09000000000000001,False,,0.0008010999881662428,
805,RADIATION,RADIATION,522760.9204974669,5696724.290406497,17,19,20.0,19397.13995647336,1.9522999213978862,ground_equivalent_excess_gamma_dose_rate,uSv/h,50.0,1.0,6360,0.0004393999988678843,True,,1,0.1,0.09000000000000001,False,,0.000598300015553832,
806,RADIATION,RADIATION,522780.9204974669,5696724.290406497,17,20,20.0,19417.13995647336,1.7412875018476424,ground_equivalent_excess_gamma_dose_rate,uSv/h,50.0,1.0,6360,0.0005537000251933932,True,,1,0.1,0.09000000000000001,False,,0.0007034000009298325,
807,RADIATION,RADIATION,522780.9204974669,5696744.290406497,18,20,20.0,19437.13995647336,1.477466278716998,ground_equivalent_excess_gamma_dose_rate,uSv/h,50.0,1.0,6360,0.0005012000037822872,True,,1,0.1,0.09000000000000001,False,,0.0009690999868325889,
808,RADIATION,RADIATION,522760.9204974669,5696764.290406497,19,19,28.284271247461902,19465.42422772082,1.372783127863262,ground_equivalent_excess_gamma_dose_rate,uSv/h,50.0,1.0,6360,0.0004352999967522919,True,,1,0.1,0.09000000000000001,False,,0.0005878999945707619,
809,RADIATION,RADIATION,522740.9204974669,5696784.290406497,20,18,28.284271247461902,19493.708498968284,1.263426109598298,ground_equivalent_excess_gamma_dose_rate,uSv/h,50.0,1.0,6360,0.0005655999993905425,True,,1,0.1,0.09000000000000001,False,,0.0006884000031277537,
810,RADIATION,RADIATION,522760.9204974669,5696784.290406497,20,19,20.0,19513.708498968284,1.221974623935167,ground_equivalent_excess_gamma_dose_rate,uSv/h,50.0,1.0,6360,0.00036120001459494233,True,,1,0.1,0.09000000000000001,False,,0.0006091000104788691,
811,RADIATION,RADIATION,522780.9204974669,5696784.290406497,20,20,20.0,19533.708498968284,1.1719943510794442,ground_equivalent_excess_gamma_dose_rate,uSv/h,50.0,1.0,6360,0.0003839000128209591,True,,1,0.1,0.09000000000000001,False,,0.0005538999976124614,
812,RADIATION,RADIATION,522800.9204974669,5696784.290406497,20,21,20.0,19553.708498968284,1.1196970795114634,ground_equivalent_excess_gamma_dose_rate,uSv/h,50.0,1.0,6360,0.0005088000034447759,True,,1,0.1,0.09000000000000001,False,,0.0006084000051487237,
813,RADIATION,RADIATION,522800.9204974669,5696804.290406497,21,21,20.0,19573.708498968284,1.055241623898829,ground_equivalent_excess_gamma_dose_rate,uSv/h,50.0,1.0,6360,0.00035680001019500196,True,,1,0.1,0.09000000000000001,False,,0.0006144999933894724,
814,RADIATION,RADIATION,522820.9204974669,5696804.290406497,21,22,20.0,19593.708498968284,1.0249043771440127,ground_equivalent_excess_gamma_dose_rate,uSv/h,50.0,1.0,6360,0.00034329999471083283,True,,1,0.1,0.09000000000000001,False,,0.0005501999985426664,
815,RADIATION,RADIATION,522800.9204974669,5696824.290406497,22,21,28.284271247461902,19621.992770215747,1.0141222536148289,ground_equivalent_excess_gamma_dose_rate,uSv/h,50.0,1.0,6360,0.0005170999793335795,True,,1,0.1,0.09000000000000001,False,,0.0007305000035557896,
816,RADIATION,RADIATION,522800.9204974669,5696804.290406497,21,21,20.0,19641.992770215747,1.055241623898829,ground_equivalent_excess_gamma_dose_rate,uSv/h,50.0,1.0,6360,0.0003535000141710043,True,,1,0.1,0.09000000000000001,False,,0.0006770999752916396,
817,RADIATION,RADIATION,522820.9204974669,5696804.290406497,21,22,20.0,19661.992770215747,1.0249043771440127,ground_equivalent_excess_gamma_dose_rate,uSv/h,50.0,1.0,6360,0.0003304000128991902,True,,1,0.1,0.09000000000000001,False,,0.0005861000099685043,
818,RADIATION,RADIATION,522800.9204974669,5696784.290406497,20,21,28.284271247461902,19690.27704146321,1.1196970795114634,ground_equivalent_excess_gamma_dose_rate,uSv/h,50.0,1.0,6360,0.0003836000105366111,True,,1,0.1,0.09000000000000001,False,,0.0007619999814778566,
819,RADIATION,RADIATION,522780.9204974669,5696804.290406497,21,20,28.284271247461902,19718.561312710674,1.0895728388462231,ground_equivalent_excess_gamma_dose_rate,uSv/h,50.0,1.0,6360,0.00040320001426152885,True,,1,0.1,0.09000000000000001,False,,0.0007489999989047647,
820,RADIATION,RADIATION,522800.9204974669,5696824.290406497,22,21,28.284271247461902,19746.845583958137,1.0141222536148289,ground_equivalent_excess_gamma_dose_rate,uSv/h,50.0,1.0,6360,0.0003501999890431762,True,,1,0.1,0.09000000000000001,False,,0.0006188999977894127,
821,RADIATION,RADIATION,522780.9204974669,5696804.290406497,21,20,28.284271247461902,19775.1298552056,1.0895728388462231,ground_equivalent_excess_gamma_dose_rate,uSv/h,50.0,1.0,6360,0.0003347000165376812,True,,1,0.1,0.09000000000000001,False,,0.0005845999985467643,
822,RADIATION,RADIATION,522760.9204974669,5696824.290406497,22,19,28.284271247461902,19803.414126453063,1.063297823354703,ground_equivalent_excess_gamma_dose_rate,uSv/h,50.0,1.0,6360,0.00034389999927952886,True,,1,0.1,0.09000000000000001,False,,0.0005841999955009669,
823,RADIATION,RADIATION,522740.9204974669,5696804.290406497,21,18,28.284271247461902,19831.698397700526,1.1547217671343044,ground_equivalent_excess_gamma_dose_rate,uSv/h,50.0,1.0,6360,0.00033629999961704016,True,,1,0.1,0.09000000000000001,False,,0.0005541999998968095,
824,RADIATION,RADIATION,522720.9204974669,5696804.290406497,21,17,20.0,19851.698397700526,1.1777944372669618,ground_equivalent_excess_gamma_dose_rate,uSv/h,50.0,1.0,6360,0.0003350999904796481,True,,1,0.1,0.09000000000000001,False,,0.0005509000038728118,
825,RADIATION,RADIATION,522740.9204974669,5696824.290406497,22,18,28.284271247461902,19879.98266894799,1.0896039873730186,ground_equivalent_excess_gamma_dose_rate,uSv/h,50.0,1.0,6360,0.0003411000070627779,True,,1,0.1,0.09000000000000001,False,,0.0005706000083591789,
826,RADIATION,RADIATION,522740.9204974669,5696844.290406497,23,18,20.0,19899.98266894799,1.0559991497206231,ground_equivalent_excess_gamma_dose_rate,uSv/h,50.0,1.0,6360,0.00033239999902434647,True,,1,0.1,0.09000000000000001,False,,0.0005731999990530312,
827,RADIATION,RADIATION,522720.9204974669,5696844.290406497,23,17,20.0,19919.98266894799,1.0846594121840085,ground_equivalent_excess_gamma_dose_rate,uSv/h,50.0,1.0,6360,0.00034940001205541193,True,,1,0.1,0.09000000000000001,False,,0.0005671000108122826,
828,RADIATION,RADIATION,522700.9204974669,5696824.290406497,22,16,28.284271247461902,19948.26694019545,1.132798078127066,ground_equivalent_excess_gamma_dose_rate,uSv/h,50.0,1.0,6360,0.0003324999997857958,True,,1,0.1,0.09000000000000001,False,,0.0005702000053133816,
829,RADIATION,RADIATION,522720.9204974669,5696844.290406497,23,17,28.284271247461902,19976.551211442915,1.0846594121840085,ground_equivalent_excess_gamma_dose_rate,uSv/h,50.0,1.0,6360,0.0003330999752506614,True,,1,0.1,0.09000000000000001,False,,0.000583200016990304,
830,RADIATION,RADIATION,522740.9204974669,5696864.290406497,24,18,28.284271247461902,20004.835482690378,1.0461499670548418,ground_equivalent_excess_gamma_dose_rate,uSv/h,50.0,1.0,6360,0.00035489999572746456,True,,1,0.1,0.09000000000000001,False,,0.0012088000075891614,
831,RADIATION,RADIATION,522760.9204974669,5696864.290406497,24,19,20.0,20024.835482690378,1.0154041281864274,ground_equivalent_excess_gamma_dose_rate,uSv/h,50.0,1.0,6360,0.0008430000161752105,True,,1,0.1,0.09000000000000001,False,,0.0005700000037904829,
832,RADIATION,RADIATION,522780.9204974669,5696884.290406497,25,20,28.284271247461902,20053.11975393784,0.9901525001049323,ground_equivalent_excess_gamma_dose_rate,uSv/h,50.0,1.0,6360,0.0003364000003784895,True,,1,0.1,0.09000000000000001,False,,0.0005922999989707023,
833,RADIATION,RADIATION,522760.9204974669,5696864.290406497,24,19,28.284271247461902,20081.404025185304,1.0154041281864274,ground_equivalent_excess_gamma_dose_rate,uSv/h,50.0,1.0,6360,0.0003423000162001699,True,,1,0.1,0.09000000000000001,False,,0.0005641999887302518,
834,RADIATION,RADIATION,522780.9204974669,5696864.290406497,24,20,20.0,20101.404025185304,0.9926934460613743,ground_equivalent_excess_gamma_dose_rate,uSv/h,50.0,1.0,6360,0.00032130000181496143,True,,1,0.1,0.09000000000000001,False,,0.0005637999856844544,
835,RADIATION,RADIATION,522760.9204974669,5696844.290406497,23,19,28.284271247461902,20129.688296432767,1.029401888631781,ground_equivalent_excess_gamma_dose_rate,uSv/h,50.0,1.0,6360,0.0003299999807495624,True,,1,0.1,0.09000000000000001,False,,0.0005593999812845141,
836,RADIATION,RADIATION,522780.9204974669,5696864.290406497,24,20,28.284271247461902,20157.97256768023,0.9926934460613743,ground_equivalent_excess_gamma_dose_rate,uSv/h,50.0,1.0,6360,0.0003189000126440078,True,,1,0.1,0.09000000000000001,False,,0.0005595000111497939,
837,RADIATION,RADIATION,522760.9204974669,5696884.290406497,25,19,28.284271247461902,20186.256838927693,1.0161493732426836,ground_equivalent_excess_gamma_dose_rate,uSv/h,50.0,1.0,6360,0.00032900000223889947,True,,1,0.1,0.09000000000000001,False,,0.0005761999927926809,
838,RADIATION,RADIATION,522780.9204974669,5696904.290406497,26,20,28.284271247461902,20214.541110175156,0.9953434876957206,ground_equivalent_excess_gamma_dose_rate,uSv/h,50.0,1.0,6360,0.00032699998700991273,True,,1,0.1,0.09000000000000001,False,,0.0005639999872073531,
839,RADIATION,RADIATION,522800.9204974669,5696924.290406497,27,21,28.284271247461902,20242.82538142262,0.9863991583173888,ground_equivalent_excess_gamma_dose_rate,uSv/h,50.0,1.0,6360,0.00032320001628249884,True,,1,0.1,0.09000000000000001,False,,0.0005561000143643469,
840,RADIATION,RADIATION,522820.9204974669,5696924.290406497,27,22,20.0,20262.82538142262,0.9906746993336628,ground_equivalent_excess_gamma_dose_rate,uSv/h,50.0,1.0,6360,0.0003282999969087541,True,,1,0.1,0.09000000000000001,False,,0.0005404000112321228,
841,RADIATION,RADIATION,522840.9204974669,5696924.290406497,27,23,20.0,20282.82538142262,1.0202119853486757,ground_equivalent_excess_gamma_dose_rate,uSv/h,50.0,1.0,6360,0.0003302999830339104,True,,1,0.1,0.09000000000000001,False,,0.0005766999965999275,
842,RADIATION,RADIATION,522820.9204974669,5696904.290406497,26,22,28.284271247461902,20311.109652670082,0.9855313273730695,ground_equivalent_excess_gamma_dose_rate,uSv/h,50.0,1.0,6360,0.00032140000257641077,True,,1,0.1,0.09000000000000001,False,,0.0005577999982051551,
843,RADIATION,RADIATION,522800.9204974669,5696884.290406497,25,21,28.284271247461902,20339.393923917545,0.9776610855450736,ground_equivalent_excess_gamma_dose_rate,uSv/h,50.0,1.0,6360,0.0003319999959785491,True,,1,0.1,0.09000000000000001,False,,0.0006701999809592962,
844,RADIATION,RADIATION,522820.9204974669,5696864.290406497,24,22,28.284271247461902,20367.67819516501,0.9784289420223595,ground_equivalent_excess_gamma_dose_rate,uSv/h,50.0,1.0,6360,0.00034649998997338116,True,,1,0.1,0.09000000000000001,False,,0.0005736000020988286,
845,RADIATION,RADIATION,522800.9204974669,5696884.290406497,25,21,28.284271247461902,20395.96246641247,0.9776610855450736,ground_equivalent_excess_gamma_dose_rate,uSv/h,50.0,1.0,6360,0.0003254000039305538,True,,1,0.1,0.09000000000000001,False,,0.0005658000009134412,
846,RADIATION,RADIATION,522800.9204974669,5696864.290406497,24,21,20.0,20415.96246641247,0.9796717460131681,ground_equivalent_excess_gamma_dose_rate,uSv/h,50.0,1.0,6360,0.00035170000046491623,True,,1,0.1,0.09000000000000001,False,,0.0006030999938957393,
847,RADIATION,RADIATION,522800.9204974669,5696884.290406497,25,21,20.0,20435.96246641247,0.9776610855450736,ground_equivalent_excess_gamma_dose_rate,uSv/h,50.0,1.0,6360,0.000354600022546947,True,,1,0.1,0.09000000000000001,False,,0.00058230001013726,
848,RADIATION,RADIATION,522800.9204974669,5696864.290406497,24,21,20.0,20455.96246641247,0.9796717460131681,ground_equivalent_excess_gamma_dose_rate,uSv/h,50.0,1.0,6360,0.00032729998929426074,True,,1,0.1,0.09000000000000001,False,,0.0006044000037945807,
849,RADIATION,RADIATION,522780.9204974669,5696864.290406497,24,20,20.0,20475.96246641247,0.9926934460613743,ground_equivalent_excess_gamma_dose_rate,uSv/h,50.0,1.0,6360,0.0003412000078242272,True,,1,0.1,0.09000000000000001,False,,0.0005622000026050955,
850,RADIATION,RADIATION,522780.9204974669,5696844.290406497,23,20,20.0,20495.96246641247,1.0068380510479273,ground_equivalent_excess_gamma_dose_rate,uSv/h,50.0,1.0,6360,0.00032950000604614615,True,,1,0.1,0.09000000000000001,False,,0.0005629000079352409,
851,RADIATION,RADIATION,522760.9204974669,5696844.290406497,23,19,20.0,20515.96246641247,1.029401888631781,ground_equivalent_excess_gamma_dose_rate,uSv/h,50.0,1.0,6360,0.00034550001146271825,True,,1,0.1,0.09000000000000001,False,,0.0005606999911833555,
852,RADIATION,RADIATION,522740.9204974669,5696844.290406497,23,18,20.0,20535.96246641247,1.0559991497206231,ground_equivalent_excess_gamma_dose_rate,uSv/h,50.0,1.0,6360,0.00032770002144388855,True,,1,0.1,0.09000000000000001,False,,0.0005628000071737915,
853,RADIATION,RADIATION,522720.9204974669,5696824.290406497,22,17,28.284271247461902,20564.246737659934,1.1134807375368883,ground_equivalent_excess_gamma_dose_rate,uSv/h,50.0,1.0,6360,0.00033749997965060174,True,,1,0.1,0.09000000000000001,False,,0.0005700999754481018,
854,RADIATION,RADIATION,522740.9204974669,5696824.290406497,22,18,20.0,20584.246737659934,1.0896039873730186,ground_equivalent_excess_gamma_dose_rate,uSv/h,50.0,1.0,6360,0.0003215000033378601,True,,1,0.1,0.09000000000000001,False,,0.0005634000117424875,
855,RADIATION,RADIATION,522740.9204974669,5696844.290406497,23,18,20.0,20604.246737659934,1.0559991497206231,ground_equivalent_excess_gamma_dose_rate,uSv/h,50.0,1.0,6360,0.0003254000039305538,True,,1,0.1,0.09000000000000001,False,,0.0005729000258725137,
856,RADIATION,RADIATION,522760.9204974669,5696864.290406497,24,19,28.284271247461902,20632.531008907397,1.0154041281864274,ground_equivalent_excess_gamma_dose_rate,uSv/h,50.0,1.0,6360,0.00033000000985339284,True,,1,0.1,0.09000000000000001,False,,0.0006519000162370503,
857,RADIATION,RADIATION,522780.9204974669,5696844.290406497,23,20,28.284271247461902,20660.81528015486,1.0068380510479273,ground_equivalent_excess_gamma_dose_rate,uSv/h,50.0,1.0,6360,0.00032259998260997236,True,,1,0.1,0.09000000000000001,False,,0.0005780000064987689,
858,RADIATION,RADIATION,522800.9204974669,5696864.290406497,24,21,28.284271247461902,20689.099551402323,0.9796717460131681,ground_equivalent_excess_gamma_dose_rate,uSv/h,50.0,1.0,6360,0.0003372000064700842,True,,1,0.1,0.09000000000000001,False,,0.0005606000195257366,
859,RADIATION,RADIATION,522820.9204974669,5696884.290406497,25,22,28.284271247461902,20717.383822649786,0.9804300016929444,ground_equivalent_excess_gamma_dose_rate,uSv/h,50.0,1.0,6360,0.000325599976349622,True,,1,0.1,0.09000000000000001,False,,0.0005645999917760491,
860,RADIATION,RADIATION,522840.9204974669,5696904.290406497,26,23,28.284271247461902,20745.66809389725,1.011862211507376,ground_equivalent_excess_gamma_dose_rate,uSv/h,50.0,1.0,6360,0.0003423999878577888,True,,1,0.1,0.09000000000000001,False,,0.0005639000155497342,
861,RADIATION,RADIATION,522860.9204974669,5696884.290406497,25,24,28.284271247461902,20773.952365144713,1.0443614051477503,ground_equivalent_excess_gamma_dose_rate,uSv/h,50.0,1.0,6360,0.00032720001763664186,True,,1,0.1,0.09000000000000001,False,,0.0005720999906770885,
862,RADIATION,RADIATION,522860.9204974669,5696904.290406497,26,24,20.0,20793.952365144713,1.0649316885263205,ground_equivalent_excess_gamma_dose_rate,uSv/h,50.0,1.0,6360,0.0003239000216126442,True,,1,0.1,0.09000000000000001,False,,0.0005776000034529716,
863,RADIATION,RADIATION,522880.9204974669,5696904.290406497,26,25,20.0,20813.952365144713,1.1528658973501207,ground_equivalent_excess_gamma_dose_rate,uSv/h,50.0,1.0,6360,0.0003299999807495624,True,,1,0.1,0.09000000000000001,False,,0.0005637000140268356,
864,RADIATION,RADIATION,522860.9204974669,5696884.290406497,25,24,28.284271247461902,20842.236636392176,1.0443614051477503,ground_equivalent_excess_gamma_dose_rate,uSv/h,50.0,1.0,6360,0.00032359999022446573,True,,1,0.1,0.09000000000000001,False,,0.0005763999943155795,
865,RADIATION,RADIATION,522880.9204974669,5696864.290406497,24,25,28.284271247461902,20870.52090763964,1.0765740183925534,ground_equivalent_excess_gamma_dose_rate,uSv/h,50.0,1.0,6360,0.00032560000545345247,True,,1,0.1,0.09000000000000001,False,,0.0005601999873761088,
866,RADIATION,RADIATION,522860.9204974669,5696884.290406497,25,24,28.284271247461902,20898.8051788871,1.0443614051477503,ground_equivalent_excess_gamma_dose_rate,uSv/h,50.0,1.0,6360,0.0003310999891255051,True,,1,0.1,0.09000000000000001,False,,0.0005748000112362206,
867,RADIATION,RADIATION,522860.9204974669,5696864.290406497,24,24,20.0,20918.8051788871,1.02284066410755,ground_equivalent_excess_gamma_dose_rate,uSv/h,50.0,1.0,6360,0.0003263000107835978,True,,1,0.1,0.09000000000000001,False,,0.0005567000189330429,
868,RADIATION,RADIATION,522840.9204974669,5696864.290406497,24,23,20.0,20938.8051788871,0.9916536223439771,ground_equivalent_excess_gamma_dose_rate,uSv/h,50.0,1.0,6360,0.0003285999991931021,True,,1,0.1,0.09000000000000001,False,,0.0005624000041279942,
869,RADIATION,RADIATION,522840.9204974669,5696884.290406497,25,23,20.0,20958.8051788871,1.0012537677115516,ground_equivalent_excess_gamma_dose_rate,uSv/h,50.0,1.0,6360,0.00036490001366473734,True,,1,0.1,0.09000000000000001,False,,0.0005611999949906021,
870,RADIATION,RADIATION,522840.9204974669,5696864.290406497,24,23,20.0,20978.8051788871,0.9916536223439771,ground_equivalent_excess_gamma_dose_rate,uSv/h,50.0,1.0,6360,0.00032759999157860875,True,,1,0.1,0.09000000000000001,False,,0.0005802999949082732,
871,RADIATION,RADIATION,522820.9204974669,5696864.290406497,24,22,20.0,20998.8051788871,0.9784289420223595,ground_equivalent_excess_gamma_dose_rate,uSv/h,50.0,1.0,6360,0.0003344999859109521,True,,1,0.1,0.09000000000000001,False,,0.0005806999979540706,
872,RADIATION,RADIATION,522820.9204974669,5696844.290406497,23,22,20.0,21018.8051788871,0.9828081136960554,ground_equivalent_excess_gamma_dose_rate,uSv/h,50.0,1.0,6360,0.00033229999826289713,True,,1,0.1,0.09000000000000001,False,,0.0005588000058196485,
873,RADIATION,RADIATION,522840.9204974669,5696844.290406497,23,23,20.0,21038.8051788871,0.9864048628427766,ground_equivalent_excess_gamma_dose_rate,uSv/h,50.0,1.0,6360,0.0003252000024076551,True,,1,0.1,0.09000000000000001,False,,0.000586000009207055,
874,RADIATION,RADIATION,522840.9204974669,5696824.290406497,22,23,20.0,21058.8051788871,0.9887583241694811,ground_equivalent_excess_gamma_dose_rate,uSv/h,50.0,1.0,6360,0.0003244000254198909,True,,1,0.1,0.09000000000000001,False,,0.0005629000079352409,
875,RADIATION,RADIATION,522860.9204974669,5696844.290406497,23,24,28.284271247461902,21087.089450134565,1.0042199334666573,ground_equivalent_excess_gamma_dose_rate,uSv/h,50.0,1.0,6360,0.0003242999955546111,True,,1,0.1,0.09000000000000001,False,,0.0005829999863635749,
876,RADIATION,RADIATION,522840.9204974669,5696824.290406497,22,23,28.284271247461902,21115.373721382028,0.9887583241694811,ground_equivalent_excess_gamma_dose_rate,uSv/h,50.0,1.0,6360,0.00033790001180022955,True,,1,0.1,0.09000000000000001,False,,0.0005590000073425472,
877,RADIATION,RADIATION,522860.9204974669,5696844.290406497,23,24,28.284271247461902,21143.65799262949,1.0042199334666573,ground_equivalent_excess_gamma_dose_rate,uSv/h,50.0,1.0,6360,0.0003257000062149018,True,,1,0.1,0.09000000000000001,False,,0.0005701000045519322,
878,RADIATION,RADIATION,522860.9204974669,5696864.290406497,24,24,20.0,21163.65799262949,1.02284066410755,ground_equivalent_excess_gamma_dose_rate,uSv/h,50.0,1.0,6360,0.00034440000308677554,True,,1,0.1,0.09000000000000001,False,,0.0005738000036217272,
879,RADIATION,RADIATION,522860.9204974669,5696884.290406497,25,24,20.0,21183.65799262949,1.0443614051477503,ground_equivalent_excess_gamma_dose_rate,uSv/h,50.0,1.0,6360,0.0003281999961473048,True,,1,0.1,0.09000000000000001,False,,0.0005808999994769692,
880,RADIATION,RADIATION,522860.9204974669,5696904.290406497,26,24,20.0,21203.65799262949,1.0649316885263205,ground_equivalent_excess_gamma_dose_rate,uSv/h,50.0,1.0,6360,0.00032759999157860875,True,,1,0.1,0.09000000000000001,False,,0.0005800999933853745,
881,RADIATION,RADIATION,522860.9204974669,5696884.290406497,25,24,20.0,21223.65799262949,1.0443614051477503,ground_equivalent_excess_gamma_dose_rate,uSv/h,50.0,1.0,6360,0.0003296000068075955,True,,1,0.1,0.09000000000000001,False,,0.0005803999956697226,
882,RADIATION,RADIATION,522880.9204974669,5696904.290406497,26,25,28.284271247461902,21251.942263876954,1.1528658973501207,ground_equivalent_excess_gamma_dose_rate,uSv/h,50.0,1.0,6360,0.0003274999908171594,True,,1,0.1,0.09000000000000001,False,,0.0005859000084456056,
883,RADIATION,RADIATION,522900.9204974669,5696904.290406497,26,26,20.0,21271.942263876954,1.288711742368033,ground_equivalent_excess_gamma_dose_rate,uSv/h,50.0,1.0,6360,0.00033939999411813915,True,,1,0.1,0.09000000000000001,False,,0.0005817000055685639,
884,RADIATION,RADIATION,522920.9204974669,5696904.290406497,26,27,20.0,21291.942263876954,1.4935695938302886,ground_equivalent_excess_gamma_dose_rate,uSv/h,50.0,1.0,6360,0.00034600001526996493,True,,1,0.1,0.09000000000000001,False,,0.0005536999960895628,
885,RADIATION,RADIATION,522940.9204974669,5696904.290406497,26,28,20.0,21311.942263876954,1.8021247342394233,ground_equivalent_excess_gamma_dose_rate,uSv/h,50.0,1.0,6360,0.0003603999793995172,True,,1,0.1,0.09000000000000001,False,,0.0005491999909281731,
886,RADIATION,RADIATION,522960.9204974669,5696904.290406497,26,29,20.0,21331.942263876954,2.2720564823720495,ground_equivalent_excess_gamma_dose_rate,uSv/h,50.0,1.0,6360,0.00033260000054724514,True,,1,0.1,0.09000000000000001,False,,0.0005502999993041158,
887,RADIATION,RADIATION,522980.9204974669,5696904.290406497,26,30,20.0,21351.942263876954,2.997558890013665,ground_equivalent_excess_gamma_dose_rate,uSv/h,50.0,1.0,6360,0.0003333999775350094,True,,1,0.1,0.09000000000000001,False,,0.0005597000126726925,
888,RADIATION,RADIATION,523000.920497467,5696924.290406497,27,31,28.28427124750306,21380.226535124457,5.608194840705905,ground_equivalent_excess_gamma_dose_rate,uSv/h,50.0,1.0,6360,0.0003378000110387802,True,,1,0.1,0.09000000000000001,False,,0.0005477000086102635,
889,RADIATION,RADIATION,523020.920497467,5696944.290406497,28,32,28.284271247461902,21408.51080637192,14.795511571740116,ground_equivalent_excess_gamma_dose_rate,uSv/h,50.0,1.0,6360,0.0003375999804120511,True,,1,0.1,0.09000000000000001,False,,0.0005647999932989478,
890,RADIATION,RADIATION,523040.920497467,5696924.290406497,27,33,28.284271247461902,21436.795077619383,15.782516204210198,ground_equivalent_excess_gamma_dose_rate,uSv/h,50.0,1.0,6360,0.0003412000078242272,True,,1,0.1,0.09000000000000001,False,,0.0006336999940685928,
891,RADIATION,RADIATION,523060.920497467,5696944.290406497,28,34,28.284271247461902,21465.079348866846,101.12265294839926,ground_equivalent_excess_gamma_dose_rate,uSv/h,50.0,1.0,6360,0.00034070000401698053,True,,1,0.1,0.09000000000000001,False,,0.0005683999916072935,
892,RADIATION,RADIATION,523080.920497467,5696944.290406497,28,35,20.0,21485.079348866846,35.2592836652071,ground_equivalent_excess_gamma_dose_rate,uSv/h,50.0,1.0,6360,0.00035039999056607485,True,,1,0.1,0.09000000000000001,False,,0.0005366999830584973,
893,RADIATION,RADIATION,523100.920497467,5696964.290406497,29,36,28.284271247461902,21513.36362011431,14.433586081754926,ground_equivalent_excess_gamma_dose_rate,uSv/h,50.0,1.0,6360,0.00033549999352544546,True,,1,0.1,0.09000000000000001,False,,0.0005537999968510121,
894,RADIATION,RADIATION,523100.920497467,5696984.290406497,30,36,20.0,21533.36362011431,10.907425186845082,ground_equivalent_excess_gamma_dose_rate,uSv/h,50.0,1.0,6360,0.0003491000097710639,True,,1,0.1,0.09000000000000001,False,,0.000532899983227253,
895,RADIATION,RADIATION,523080.920497467,5697004.290406496,31,35,28.284271246803357,21561.647891361114,10.429861761452681,ground_equivalent_excess_gamma_dose_rate,uSv/h,50.0,1.0,6360,0.0003462000167928636,True,,1,0.1,0.09000000000000001,False,,0.0005565999890677631,
896,RADIATION,RADIATION,523100.920497467,5697024.290406496,32,36,28.284271247461902,21589.932162608577,4.417218399524742,ground_equivalent_excess_gamma_dose_rate,uSv/h,50.0,1.0,6360,0.0003387999895494431,True,,1,0.1,0.09000000000000001,False,,0.0005681000184267759,
897,RADIATION,RADIATION,523080.920497467,5697044.290406496,33,35,28.284271247461902,21618.21643385604,3.4657514395033537,ground_equivalent_excess_gamma_dose_rate,uSv/h,50.0,1.0,6360,0.0003425999893806875,True,,1,0.1,0.09000000000000001,False,,0.0005311999993864447,
898,RADIATION,RADIATION,523060.920497467,5697044.290406496,33,34,20.0,21638.21643385604,3.692276401205696,ground_equivalent_excess_gamma_dose_rate,uSv/h,50.0,1.0,6360,0.00034920001053251326,True,,1,0.1,0.09000000000000001,False,,0.0005664999771397561,
899,RADIATION,RADIATION,523040.920497467,5697064.290406496,34,33,28.284271247461902,21666.500705103503,2.4159962715143757,ground_equivalent_excess_gamma_dose_rate,uSv/h,50.0,1.0,6360,0.00034139998024329543,True,,1,0.1,0.09000000000000001,False,,0.0005338000191841274,
900,RADIATION,RADIATION,523020.920497467,5697044.290406496,33,32,28.284271247461902,21694.784976350966,3.118800784997654,ground_equivalent_excess_gamma_dose_rate,uSv/h,50.0,1.0,6360,0.0003491999814286828,True,,1,0.1,0.09000000000000001,False,,0.0005592999805230647,
901,RADIATION,RADIATION,523000.920497467,5697064.290406496,34,31,28.284271247461902,21723.06924759843,1.966795405432521,ground_equivalent_excess_gamma_dose_rate,uSv/h,50.0,1.0,6360,0.0003701999958138913,True,,1,0.1,0.09000000000000001,False,,0.0005511000053957105,
902,RADIATION,RADIATION,522980.9204974669,5697064.290406496,34,30,20.000000000058208,21743.069247598487,1.7029198211511845,ground_equivalent_excess_gamma_dose_rate,uSv/h,50.0,1.0,6360,0.00034080000477842987,True,,1,0.1,0.09000000000000001,False,,0.0005463999987114221,
903,RADIATION,RADIATION,522960.9204974669,5697064.290406496,34,29,20.0,21763.069247598487,1.4695353616418028,ground_equivalent_excess_gamma_dose_rate,uSv/h,50.0,1.0,6360,0.0003589999978430569,True,,1,0.1,0.09000000000000001,False,,0.0005500999977812171,
904,RADIATION,RADIATION,522940.9204974669,5697044.290406496,33,28,28.284271247461902,21791.35351884595,1.4668568880768185,ground_equivalent_excess_gamma_dose_rate,uSv/h,50.0,1.0,6360,0.0003471999953035265,True,,1,0.1,0.09000000000000001,False,,0.0005470000032801181,
905,RADIATION,RADIATION,522920.9204974669,5697024.290406496,32,27,28.284271247461902,21819.637790093413,1.3908988301787935,ground_equivalent_excess_gamma_dose_rate,uSv/h,50.0,1.0,6360,0.0003479000006336719,True,,1,0.1,0.09000000000000001,False,,0.0005453999910969287,
906,RADIATION,RADIATION,522900.9204974669,5697024.290406496,32,26,20.0,21839.637790093413,1.2025411070535201,ground_equivalent_excess_gamma_dose_rate,uSv/h,50.0,1.0,6360,0.0003463999892119318,True,,1,0.1,0.09000000000000001,False,,0.0005487000162247568,
907,RADIATION,RADIATION,522900.9204974669,5697044.290406496,33,26,20.0,21859.637790093413,1.1141167666234255,ground_equivalent_excess_gamma_dose_rate,uSv/h,50.0,1.0,6360,0.00033439998514950275,True,,1,0.1,0.09000000000000001,False,,0.0005643999902531505,
908,RADIATION,RADIATION,522920.9204974669,5697044.290406496,33,27,20.0,21879.637790093413,1.2606461475345476,ground_equivalent_excess_gamma_dose_rate,uSv/h,50.0,1.0,6360,0.0003349999897181988,True,,1,0.1,0.09000000000000001,False,,0.0005464999994728714,
909,RADIATION,RADIATION,522940.9204974669,5697024.290406496,32,28,28.284271247461902,21907.922061340876,1.6686963567337976,ground_equivalent_excess_gamma_dose_rate,uSv/h,50.0,1.0,6360,0.00034509997931309044,True,,1,0.1,0.09000000000000001,False,,0.0005551000067498535,
910,RADIATION,RADIATION,522920.9204974669,5697004.290406496,31,27,28.284271247461902,21936.20633258834,1.5097706774596524,ground_equivalent_excess_gamma_dose_rate,uSv/h,50.0,1.0,6360,0.0003376999811735004,True,,1,0.1,0.09000000000000001,False,,0.0005423999973572791,
911,RADIATION,RADIATION,522900.9204974669,5696984.290406497,30,26,28.284271246803357,21964.490603835144,1.3380637667223516,ground_equivalent_excess_gamma_dose_rate,uSv/h,50.0,1.0,6360,0.00035659997956827283,True,,1,0.1,0.09000000000000001,False,,0.0005416999920271337,
912,RADIATION,RADIATION,522920.9204974669,5697004.290406496,31,27,28.284271246803357,21992.77487508195,1.5097706774596524,ground_equivalent_excess_gamma_dose_rate,uSv/h,50.0,1.0,6360,0.00034429997322149575,True,,1,0.1,0.09000000000000001,False,,0.0005994999955873936,
913,RADIATION,RADIATION,522940.9204974669,5697024.290406496,32,28,28.284271247461902,22021.05914632941,1.6686963567337976,ground_equivalent_excess_gamma_dose_rate,uSv/h,50.0,1.0,6360,0.00032469999860040843,True,,1,0.1,0.09000000000000001,False,,0.0005774000019300729,
914,RADIATION,RADIATION,522960.9204974669,5697024.290406496,32,29,20.0,22041.05914632941,2.0778686479972897,ground_equivalent_excess_gamma_dose_rate,uSv/h,50.0,1.0,6360,0.0003231000155210495,True,,1,0.1,0.09000000000000001,False,,0.0005487999878823757,
915,RADIATION,RADIATION,522980.9204974669,5697024.290406496,32,30,20.0,22061.05914632941,2.6792380202939694,ground_equivalent_excess_gamma_dose_rate,uSv/h,50.0,1.0,6360,0.00033680000342428684,True,,1,0.1,0.09000000000000001,False,,0.000550799974007532,
916,RADIATION,RADIATION,523000.920497467,5697004.290406496,31,31,28.28427124750306,22089.343417576914,4.885904557907209,ground_equivalent_excess_gamma_dose_rate,uSv/h,50.0,1.0,6360,0.00034229998709633946,True,,1,0.1,0.09000000000000001,False,,0.0005576999974437058,
917,RADIATION,RADIATION,523020.920497467,5697004.290406496,31,32,20.0,22109.343417576914,7.4810896605227954,ground_equivalent_excess_gamma_dose_rate,uSv/h,50.0,1.0,6360,0.0003215000033378601,True,,1,0.1,0.09000000000000001,False,,0.0005423999973572791,
918,RADIATION,RADIATION,523040.920497467,5696984.290406497,30,33,28.284271246803357,22137.62768882372,26.99683381610583,ground_equivalent_excess_gamma_dose_rate,uSv/h,50.0,1.0,6360,0.00032449999707750976,True,,1,0.1,0.09000000000000001,False,,0.0005582000012509525,
919,RADIATION,RADIATION,523040.920497467,5697004.290406496,31,33,19.999999999068677,22157.627688822788,11.034607376494838,ground_equivalent_excess_gamma_dose_rate,uSv/h,50.0,1.0,6360,0.00032339998870156705,True,,1,0.1,0.09000000000000001,False,,0.0005487000162247568,
920,RADIATION,RADIATION,523060.920497467,5697004.290406496,31,34,20.0,22177.627688822788,12.857666054292487,ground_equivalent_excess_gamma_dose_rate,uSv/h,50.0,1.0,6360,0.00032469999860040843,True,,1,0.1,0.09000000000000001,False,,0.000585700006922707,
921,RADIATION,RADIATION,523080.920497467,5696984.290406497,30,35,28.284271246803357,22205.911960069592,23.68642823682038,ground_equivalent_excess_gamma_dose_rate,uSv/h,50.0,1.0,6360,0.00034410000080242753,True,,1,0.1,0.09000000000000001,False,,0.0005675999855156988,
922,RADIATION,RADIATION,523060.920497467,5696964.290406497,29,34,28.284271247461902,22234.196231317055,1080.7324226001422,ground_equivalent_excess_gamma_dose_rate,uSv/h,50.0,1.0,6360,0.00032950000604614615,True,,1,0.1,0.09000000000000001,False,,0.0005675000138580799,
923,RADIATION,RADIATION,523040.920497467,5696944.290406497,28,33,28.284271247461902,22262.48050256452,43.137994228015984,ground_equivalent_excess_gamma_dose_rate,uSv/h,50.0,1.0,6360,0.0003395999956410378,True,,1,0.1,0.09000000000000001,False,,0.000586000009207055,
924,RADIATION,RADIATION,523020.920497467,5696964.290406497,29,32,28.284271247461902,22290.76477381198,16.980133051525044,ground_equivalent_excess_gamma_dose_rate,uSv/h,50.0,1.0,6360,0.0003304000128991902,True,,1,0.1,0.09000000000000001,False,,0.0005456999933812767,
925,RADIATION,RADIATION,523000.920497467,5696944.290406497,28,31,28.284271247461902,22319.049045059444,7.101440194698834,ground_equivalent_excess_gamma_dose_rate,uSv/h,50.0,1.0,6360,0.00033680000342428684,True,,1,0.1,0.09000000000000001,False,,0.0005571999936364591,
926,RADIATION,RADIATION,522980.9204974669,5696944.290406497,28,30,20.000000000058208,22339.049045059503,4.19037852748615,ground_equivalent_excess_gamma_dose_rate,uSv/h,50.0,1.0,6360,0.00033870001789182425,True,,1,0.1,0.09000000000000001,False,,0.0005922999989707023,
927,RADIATION,RADIATION,522960.9204974669,5696944.290406497,28,29,20.0,22359.049045059503,2.818039759478577,ground_equivalent_excess_gamma_dose_rate,uSv/h,50.0,1.0,6360,0.0003420999855734408,True,,1,0.1,0.09000000000000001,False,,0.0005842999962624162,
928,RADIATION,RADIATION,522960.9204974669,5696964.290406497,29,29,20.0,22379.049045059503,2.8689733747747943,ground_equivalent_excess_gamma_dose_rate,uSv/h,50.0,1.0,6360,0.0003268000145908445,True,,1,0.1,0.09000000000000001,False,,0.0005702000053133816,
929,RADIATION,RADIATION,522980.9204974669,5696964.290406497,29,30,20.0,22399.049045059503,4.326193553719156,ground_equivalent_excess_gamma_dose_rate,uSv/h,50.0,1.0,6360,0.0003271999885328114,True,,1,0.1,0.09000000000000001,False,,0.0005836999916937202,
930,RADIATION,RADIATION,522960.9204974669,5696964.290406497,29,29,20.0,22419.049045059503,2.8689733747747943,ground_equivalent_excess_gamma_dose_rate,uSv/h,50.0,1.0,6360,0.0003403000009711832,True,,1,0.1,0.09000000000000001,False,,0.0005651999963447452,
931,RADIATION,RADIATION,522960.9204974669,5696944.290406497,28,29,20.0,22439.049045059503,2.818039759478577,ground_equivalent_excess_gamma_dose_rate,uSv/h,50.0,1.0,6360,0.0003262000100221485,True,,1,0.1,0.09000000000000001,False,,0.0005659999733325094,
932,RADIATION,RADIATION,522980.9204974669,5696944.290406497,28,30,20.0,22459.049045059503,4.19037852748615,ground_equivalent_excess_gamma_dose_rate,uSv/h,50.0,1.0,6360,0.00032900000223889947,True,,1,0.1,0.09000000000000001,False,,0.0005638999864459038,
933,RADIATION,RADIATION,522960.9204974669,5696964.290406497,29,29,28.284271247461902,22487.333316306966,2.8689733747747943,ground_equivalent_excess_gamma_dose_rate,uSv/h,50.0,1.0,6360,0.0003296000068075955,True,,1,0.1,0.09000000000000001,False,,0.0006537000008393079,
934,RADIATION,RADIATION,522980.9204974669,5696984.290406497,30,30,28.284271247461902,22515.61758755443,3.9730544195598867,ground_equivalent_excess_gamma_dose_rate,uSv/h,50.0,1.0,6360,0.00033909999183379114,True,,1,0.1,0.09000000000000001,False,,0.0005833000177517533,
935,RADIATION,RADIATION,522960.9204974669,5697004.290406496,31,29,28.284271246803357,22543.901858801233,2.4228373824474625,ground_equivalent_excess_gamma_dose_rate,uSv/h,50.0,1.0,6360,0.0003412000078242272,True,,1,0.1,0.09000000000000001,False,,0.0005643000185955316,
936,RADIATION,RADIATION,522980.9204974669,5697004.290406496,31,30,20.0,22563.901858801233,3.3374143992180083,ground_equivalent_excess_gamma_dose_rate,uSv/h,50.0,1.0,6360,0.0003296000068075955,True,,1,0.1,0.09000000000000001,False,,0.000596500001847744,
937,RADIATION,RADIATION,523000.920497467,5697024.290406496,32,31,28.28427124750306,22592.186130048736,3.5411476371792077,ground_equivalent_excess_gamma_dose_rate,uSv/h,50.0,1.0,6360,0.00034100000630132854,True,,1,0.1,0.09000000000000001,False,,0.0005623000033665448,
938,RADIATION,RADIATION,522980.9204974669,5697024.290406496,32,30,20.000000000058208,22612.186130048794,2.6792380202939694,ground_equivalent_excess_gamma_dose_rate,uSv/h,50.0,1.0,6360,0.0003263000107835978,True,,1,0.1,0.09000000000000001,False,,0.0005641999887302518,
939,RADIATION,RADIATION,523000.920497467,5697044.290406496,33,31,28.28427124750306,22640.470401296297,2.5997272494345953,ground_equivalent_excess_gamma_dose_rate,uSv/h,50.0,1.0,6360,0.00034389999927952886,True,,1,0.1,0.09000000000000001,False,,0.0005767999973613769,
940,RADIATION,RADIATION,523020.920497467,5697024.290406496,32,32,28.284271247461902,22668.75467254376,4.66477450920643,ground_equivalent_excess_gamma_dose_rate,uSv/h,50.0,1.0,6360,0.0003301000106148422,True,,1,0.1,0.09000000000000001,False,,0.0005655999993905425,
941,RADIATION,RADIATION,523020.920497467,5697004.290406496,31,32,20.0,22688.75467254376,7.4810896605227954,ground_equivalent_excess_gamma_dose_rate,uSv/h,50.0,1.0,6360,0.0003251000016462058,True,,1,0.1,0.09000000000000001,False,,0.0005783999804407358,
942,RADIATION,RADIATION,523000.920497467,5697004.290406496,31,31,20.0,22708.75467254376,4.885904557907209,ground_equivalent_excess_gamma_dose_rate,uSv/h,50.0,1.0,6360,0.00032229998032562435,True,,1,0.1,0.09000000000000001,False,,0.0005594999820459634,
943,RADIATION,RADIATION,523000.920497467,5696984.290406497,30,31,19.999999999068677,22728.75467254283,6.489133578618287,ground_equivalent_excess_gamma_dose_rate,uSv/h,50.0,1.0,6360,0.00032629998167976737,True,,1,0.1,0.09000000000000001,False,,0.0005769999988842756,
944,RADIATION,RADIATION,522980.9204974669,5696964.290406497,29,30,28.28427124750306,22757.038943790332,4.326193553719156,ground_equivalent_excess_gamma_dose_rate,uSv/h,50.0,1.0,6360,0.0003349999897181988,True,,1,0.1,0.09000000000000001,False,,0.0005591000081039965,
945,RADIATION,RADIATION,523000.920497467,5696984.290406497,30,31,28.28427124750306,22785.323215037835,6.489133578618287,ground_equivalent_excess_gamma_dose_rate,uSv/h,50.0,1.0,6360,0.00037880000309087336,True,,1,0.1,0.09000000000000001,False,,0.0005691999976988882,
946,RADIATION,RADIATION,523000.920497467,5697004.290406496,31,31,19.999999999068677,22805.323215036904,4.885904557907209,ground_equivalent_excess_gamma_dose_rate,uSv/h,50.0,1.0,6360,0.0003431999939493835,True,,1,0.1,0.09000000000000001,False,,0.0005640999879688025,
947,RADIATION,RADIATION,523000.920497467,5696984.290406497,30,31,19.999999999068677,22825.323215035973,6.489133578618287,ground_equivalent_excess_gamma_dose_rate,uSv/h,50.0,1.0,6360,0.00032759999157860875,True,,1,0.1,0.09000000000000001,False,,0.0005792999872937799,
948,RADIATION,RADIATION,523000.920497467,5697004.290406496,31,31,19.999999999068677,22845.32321503504,4.885904557907209,ground_equivalent_excess_gamma_dose_rate,uSv/h,50.0,1.0,6360,0.00032969997846521437,True,,1,0.1,0.09000000000000001,False,,0.0005689000245183706,
949,RADIATION,RADIATION,522980.9204974669,5696984.290406497,30,30,28.284271246844515,22873.607486281886,3.9730544195598867,ground_equivalent_excess_gamma_dose_rate,uSv/h,50.0,1.0,6360,0.00042210001265630126,True,,1,0.1,0.09000000000000001,False,,0.0005649999948218465,
950,RADIATION,RADIATION,523000.920497467,5696964.290406497,29,31,28.28427124750306,22901.89175752939,7.5437349734413415,ground_equivalent_excess_gamma_dose_rate,uSv/h,50.0,1.0,6360,0.0003349000180605799,True,,1,0.1,0.09000000000000001,False,,0.0005823999817948788,
951,RADIATION,RADIATION,522980.9204974669,5696984.290406497,30,30,28.28427124750306,22930.176028776892,3.9730544195598867,ground_equivalent_excess_gamma_dose_rate,uSv/h,50.0,1.0,6360,0.0003242999955546111,True,,1,0.1,0.09000000000000001,False,,0.0005663000047206879,
952,RADIATION,RADIATION,523000.920497467,5696964.290406497,29,31,28.28427124750306,22958.460300024395,7.5437349734413415,ground_equivalent_excess_gamma_dose_rate,uSv/h,50.0,1.0,6360,0.0003330000035930425,True,,1,0.1,0.09000000000000001,False,,0.0005643999902531505,
953,RADIATION,RADIATION,522980.9204974669,5696984.290406497,30,30,28.28427124750306,22986.744571271898,3.9730544195598867,ground_equivalent_excess_gamma_dose_rate,uSv/h,50.0,1.0,6360,0.0003456000122241676,True,,1,0.1,0.09000000000000001,False,,0.0005639000155497342,
954,RADIATION,RADIATION,522980.9204974669,5697004.290406496,31,30,19.999999999068677,23006.744571270967,3.3374143992180083,ground_equivalent_excess_gamma_dose_rate,uSv/h,50.0,1.0,6360,0.0003284999984316528,True,,1,0.1,0.09000000000000001,False,,0.0005647999932989478,
955,RADIATION,RADIATION,522960.9204974669,5696984.290406497,30,29,28.284271246803357,23035.02884251777,2.7173536584676605,ground_equivalent_excess_gamma_dose_rate,uSv/h,50.0,1.0,6360,0.0003343000134918839,True,,1,0.1,0.09000000000000001,False,,0.0005768999981228262,
956,RADIATION,RADIATION,522940.9204974669,5696964.290406497,29,28,28.284271247461902,23063.313113765234,2.0966712492640003,ground_equivalent_excess_gamma_dose_rate,uSv/h,50.0,1.0,6360,0.00033549999352544546,True,,1,0.1,0.09000000000000001,False,,0.0005637000140268356,
957,RADIATION,RADIATION,522960.9204974669,5696984.290406497,30,29,28.284271247461902,23091.597385012697,2.7173536584676605,ground_equivalent_excess_gamma_dose_rate,uSv/h,50.0,1.0,6360,0.0006584000075235963,True,,1,0.1,0.09000000000000001,False,,0.0012407000176608562,
958,RADIATION,RADIATION,522980.9204974669,5696984.290406497,30,30,20.0,23111.597385012697,3.9730544195598867,ground_equivalent_excess_gamma_dose_rate,uSv/h,50.0,1.0,6360,0.0005217999860178679,True,,1,0.1,0.09000000000000001,False,,0.0006854000093881041,
959,RADIATION,RADIATION,523000.920497467,5696984.290406497,30,31,20.000000000058208,23131.597385012756,6.489133578618287,ground_equivalent_excess_gamma_dose_rate,uSv/h,50.0,1.0,6360,0.0005573999951593578,True,,1,0.1,0.09000000000000001,False,,0.0008421000093221664,
960,RADIATION,RADIATION,522980.9204974669,5696984.290406497,30,30,20.000000000058208,23151.597385012814,3.9730544195598867,ground_equivalent_excess_gamma_dose_rate,uSv/h,50.0,1.0,6360,0.0003921999887097627,True,,1,0.1,0.09000000000000001,False,,0.000685499981045723,
961,RADIATION,RADIATION,522960.9204974669,5696984.290406497,30,29,20.0,23171.597385012814,2.7173536584676605,ground_equivalent_excess_gamma_dose_rate,uSv/h,50.0,1.0,6360,0.00037059999885968864,True,,1,0.1,0.09000000000000001,False,,0.0006204000092111528,
962,RADIATION,RADIATION,522940.9204974669,5697004.290406496,31,28,28.284271246803357,23199.88165625962,1.8638542597835437,ground_equivalent_excess_gamma_dose_rate,uSv/h,50.0,1.0,6360,0.0003749000024981797,True,,1,0.1,0.09000000000000001,False,,0.0005983999872114509,
963,RADIATION,RADIATION,522960.9204974669,5697004.290406496,31,29,20.0,23219.88165625962,2.4228373824474625,ground_equivalent_excess_gamma_dose_rate,uSv/h,50.0,1.0,6360,0.00037960000918246806,True,,1,0.1,0.09000000000000001,False,,0.0006098000158090144,
964,RADIATION,RADIATION,522960.9204974669,5696984.290406497,30,29,19.999999999068677,23239.881656258687,2.7173536584676605,ground_equivalent_excess_gamma_dose_rate,uSv/h,50.0,1.0,6360,0.00035379998735152185,True,,1,0.1,0.09000000000000001,False,,0.0006178999901749194,
965,RADIATION,RADIATION,522940.9204974669,5697004.290406496,31,28,28.284271246803357,23268.16592750549,1.8638542597835437,ground_equivalent_excess_gamma_dose_rate,uSv/h,50.0,1.0,6360,0.00034440000308677554,True,,1,0.1,0.09000000000000001,False,,0.0005764999950770289,
966,RADIATION,RADIATION,522920.9204974669,5697024.290406496,32,27,28.284271247461902,23296.450198752955,1.3908988301787935,ground_equivalent_excess_gamma_dose_rate,uSv/h,50.0,1.0,6360,0.0003541999903973192,True,,1,0.1,0.09000000000000001,False,,0.0005780999781563878,
967,RADIATION,RADIATION,522900.9204974669,5697004.290406496,31,26,28.284271247461902,23324.734470000418,1.2801318379473707,ground_equivalent_excess_gamma_dose_rate,uSv/h,50.0,1.0,6360,0.0003915000124834478,True,,1,0.1,0.09000000000000001,False,,0.0005658999725710601,
968,RADIATION,RADIATION,522880.9204974669,5697004.290406496,31,25,20.0,23344.734470000418,1.1307641271894169,ground_equivalent_excess_gamma_dose_rate,uSv/h,50.0,1.0,6360,0.00034920001053251326,True,,1,0.1,0.09000000000000001,False,,0.0005828999856021255,
969,RADIATION,RADIATION,522880.9204974669,5697024.290406496,32,25,20.0,23364.734470000418,1.0767835451662648,ground_equivalent_excess_gamma_dose_rate,uSv/h,50.0,1.0,6360,0.00034050000249408185,True,,1,0.1,0.09000000000000001,False,,0.0005807999987155199,
970,RADIATION,RADIATION,522900.9204974669,5697024.290406496,32,26,20.0,23384.734470000418,1.2025411070535201,ground_equivalent_excess_gamma_dose_rate,uSv/h,50.0,1.0,6360,0.0003273999900557101,True,,1,0.1,0.09000000000000001,False,,0.0005606999911833555,
971,RADIATION,RADIATION,522900.9204974669,5697004.290406496,31,26,20.0,23404.734470000418,1.2801318379473707,ground_equivalent_excess_gamma_dose_rate,uSv/h,50.0,1.0,6360,0.00033579999580979347,True,,1,0.1,0.09000000000000001,False,,0.0006051000091247261,
972,RADIATION,RADIATION,522880.9204974669,5696984.290406497,30,25,28.284271246803357,23433.018741247222,1.1707404948278537,ground_equivalent_excess_gamma_dose_rate,uSv/h,50.0,1.0,6360,0.00033409998286515474,True,,1,0.1,0.09000000000000001,False,,0.0005574999959208071,
973,RADIATION,RADIATION,522900.9204974669,5696984.290406497,30,26,20.0,23453.018741247222,1.3380637667223516,ground_equivalent_excess_gamma_dose_rate,uSv/h,50.0,1.0,6360,0.00032950000604614615,True,,1,0.1,0.09000000000000001,False,,0.0005839999939780682,
974,RADIATION,RADIATION,522880.9204974669,5696984.290406497,30,25,20.0,23473.018741247222,1.1707404948278537,ground_equivalent_excess_gamma_dose_rate,uSv/h,50.0,1.0,6360,0.0003616000176407397,True,,1,0.1,0.09000000000000001,False,,0.0005565999890677631,
975,RADIATION,RADIATION,522900.9204974669,5697004.290406496,31,26,28.284271246803357,23501.303012494027,1.2801318379473707,ground_equivalent_excess_gamma_dose_rate,uSv/h,50.0,1.0,6360,0.00033039998379535973,True,,1,0.1,0.09000000000000001,False,,0.0005741000059060752,
976,RADIATION,RADIATION,522920.9204974669,5697004.290406496,31,27,20.0,23521.303012494027,1.5097706774596524,ground_equivalent_excess_gamma_dose_rate,uSv/h,50.0,1.0,6360,0.0007099999929778278,True,,1,0.1,0.09000000000000001,False,,0.0005766999965999275,
977,RADIATION,RADIATION,522940.9204974669,5697024.290406496,32,28,28.284271247461902,23549.58728374149,1.6686963567337976,ground_equivalent_excess_gamma_dose_rate,uSv/h,50.0,1.0,6360,0.0004636000085156411,True,,1,0.1,0.09000000000000001,False,,0.0008453000045847148,
978,RADIATION,RADIATION,522940.9204974669,5697004.290406496,31,28,20.0,23569.58728374149,1.8638542597835437,ground_equivalent_excess_gamma_dose_rate,uSv/h,50.0,1.0,6360,0.00036570001975633204,True,,1,0.1,0.09000000000000001,False,,0.0006307000003289431,
979,RADIATION,RADIATION,522920.9204974669,5697004.290406496,31,27,20.0,23589.58728374149,1.5097706774596524,ground_equivalent_excess_gamma_dose_rate,uSv/h,50.0,1.0,6360,0.00035349998506717384,True,,1,0.1,0.09000000000000001,False,,0.0005762000218965113,
980,RADIATION,RADIATION,522920.9204974669,5696984.290406497,30,27,19.999999999068677,23609.58728374056,1.6003434247707062,ground_equivalent_excess_gamma_dose_rate,uSv/h,50.0,1.0,6360,0.00035459999344311655,True,,1,0.1,0.09000000000000001,False,,0.0005871999892406166,
981,RADIATION,RADIATION,522940.9204974669,5696984.290406497,30,28,20.0,23629.58728374056,2.0187858185950307,ground_equivalent_excess_gamma_dose_rate,uSv/h,50.0,1.0,6360,0.0003380000125616789,True,,1,0.1,0.09000000000000001,False,,0.0006464000034611672,
982,RADIATION,RADIATION,522940.9204974669,5696964.290406497,29,28,20.0,23649.58728374056,2.0966712492640003,ground_equivalent_excess_gamma_dose_rate,uSv/h,50.0,1.0,6360,0.00038610000046901405,True,,1,0.1,0.09000000000000001,False,,0.0005655999993905425,
983,RADIATION,RADIATION,522920.9204974669,5696964.290406497,29,27,20.0,23669.58728374056,1.6464662734029987,ground_equivalent_excess_gamma_dose_rate,uSv/h,50.0,1.0,6360,0.00033859998802654445,True,,1,0.1,0.09000000000000001,False,,0.0005980999849271029,
984,RADIATION,RADIATION,522940.9204974669,5696944.290406497,28,28,28.284271247461902,23697.87155498802,2.0765644663783545,ground_equivalent_excess_gamma_dose_rate,uSv/h,50.0,1.0,6360,0.00033549999352544546,True,,1,0.1,0.09000000000000001,False,,0.0005576999974437058,
985,RADIATION,RADIATION,522940.9204974669,5696924.290406497,27,28,20.0,23717.87155498802,1.967438598677813,ground_equivalent_excess_gamma_dose_rate,uSv/h,50.0,1.0,6360,0.00033409998286515474,True,,1,0.1,0.09000000000000001,False,,0.000599899998633191,
986,RADIATION,RADIATION,522920.9204974669,5696904.290406497,26,27,28.284271247461902,23746.155826235485,1.4935695938302886,ground_equivalent_excess_gamma_dose_rate,uSv/h,50.0,1.0,6360,0.00035790001857094467,True,,1,0.1,0.09000000000000001,False,,0.0005551000067498535,
987,RADIATION,RADIATION,522940.9204974669,5696904.290406497,26,28,20.0,23766.155826235485,1.8021247342394233,ground_equivalent_excess_gamma_dose_rate,uSv/h,50.0,1.0,6360,0.00031969998963177204,True,,1,0.1,0.09000000000000001,False,,0.0005560999852605164,
988,RADIATION,RADIATION,522960.9204974669,5696924.290406497,27,29,28.284271247461902,23794.440097482948,2.5899951364405216,ground_equivalent_excess_gamma_dose_rate,uSv/h,50.0,1.0,6360,0.00033989999792538583,True,,1,0.1,0.09000000000000001,False,,0.0005652999971061945,
989,RADIATION,RADIATION,522960.9204974669,5696904.290406497,26,29,20.0,23814.440097482948,2.2720564823720495,ground_equivalent_excess_gamma_dose_rate,uSv/h,50.0,1.0,6360,0.000318799982778728,True,,1,0.1,0.09000000000000001,False,,0.0005583000020124018,
990,RADIATION,RADIATION,522940.9204974669,5696904.290406497,26,28,20.0,23834.440097482948,1.8021247342394233,ground_equivalent_excess_gamma_dose_rate,uSv/h,50.0,1.0,6360,0.0003263000107835978,True,,1,0.1,0.09000000000000001,False,,0.0005963000003248453,
991,RADIATION,RADIATION,522940.9204974669,5696884.290406497,25,28,20.0,23854.440097482948,1.6178974274882865,ground_equivalent_excess_gamma_dose_rate,uSv/h,50.0,1.0,6360,0.0003294000052846968,True,,1,0.1,0.09000000000000001,False,,0.0005644000193569809,
992,RADIATION,RADIATION,522940.9204974669,5696904.290406497,26,28,20.0,23874.440097482948,1.8021247342394233,ground_equivalent_excess_gamma_dose_rate,uSv/h,50.0,1.0,6360,0.0003231000155210495,True,,1,0.1,0.09000000000000001,False,,0.0005794000171590596,
993,RADIATION,RADIATION,522920.9204974669,5696904.290406497,26,27,20.0,23894.440097482948,1.4935695938302886,ground_equivalent_excess_gamma_dose_rate,uSv/h,50.0,1.0,6360,0.0003231999871786684,True,,1,0.1,0.09000000000000001,False,,0.0005574999959208071,
994,RADIATION,RADIATION,522940.9204974669,5696924.290406497,27,28,28.284271247461902,23922.72436873041,1.967438598677813,ground_equivalent_excess_gamma_dose_rate,uSv/h,50.0,1.0,6360,0.00033859998802654445,True,,1,0.1,0.09000000000000001,False,,0.000578600011067465,
995,RADIATION,RADIATION,522940.9204974669,5696904.290406497,26,28,20.0,23942.72436873041,1.8021247342394233,ground_equivalent_excess_gamma_dose_rate,uSv/h,50.0,1.0,6360,0.00034020000020973384,True,,1,0.1,0.09000000000000001,False,,0.0005583000020124018,
996,RADIATION,RADIATION,522920.9204974669,5696884.290406497,25,27,28.284271247461902,23971.008639977874,1.3862216522586583,ground_equivalent_excess_gamma_dose_rate,uSv/h,50.0,1.0,6360,0.00033209999673999846,True,,1,0.1,0.09000000000000001,False,,0.0005561000143643469,
997,RADIATION,RADIATION,522940.9204974669,5696884.290406497,25,28,20.0,23991.008639977874,1.6178974274882865,ground_equivalent_excess_gamma_dose_rate,uSv/h,50.0,1.0,6360,0.0003243999963160604,True,,1,0.1,0.09000000000000001,False,,0.0005555000097956508,
998,RADIATION,RADIATION,522920.9204974669,5696904.290406497,26,27,28.284271247461902,24019.292911225337,1.4935695938302886,ground_equivalent_excess_gamma_dose_rate,uSv/h,50.0,1.0,6360,0.00032560000545345247,True,,1,0.1,0.09000000000000001,False,,0.0005612999957520515,
999,RADIATION,RADIATION,522940.9204974669,5696924.290406497,27,28,28.284271247461902,24047.5771824728,1.967438598677813,ground_equivalent_excess_gamma_dose_rate,uSv/h,50.0,1.0,6360,0.0003252000024076551,True,,1,0.1,0.09000000000000001,False,,0.0005749000119976699,
1000,RADIATION,RADIATION,522940.9204974669,5696944.290406497,28,28,20.0,24067.5771824728,2.0765644663783545,ground_equivalent_excess_gamma_dose_rate,uSv/h,50.0,1.0,6360,0.0003212000010535121,True,,1,0.1,0.09000000000000001,False,,0.0005508000031113625,
1001,RADIATION,RADIATION,522960.9204974669,5696964.290406497,29,29,28.284271247461902,24095.861453720263,2.8689733747747943,ground_equivalent_excess_gamma_dose_rate,uSv/h,50.0,1.0,6360,0.00032469999860040843,True,,1,0.1,0.09000000000000001,False,,0.0005738000036217272,
1002,RADIATION,RADIATION,522940.9204974669,5696984.290406497,30,28,28.284271247461902,24124.145724967726,2.0187858185950307,ground_equivalent_excess_gamma_dose_rate,uSv/h,50.0,1.0,6360,0.00032980000833049417,True,,1,0.1,0.09000000000000001,False,,0.0005529999907594174,
1003,RADIATION,RADIATION,522960.9204974669,5696964.290406497,29,29,28.284271247461902,24152.42999621519,2.8689733747747943,ground_equivalent_excess_gamma_dose_rate,uSv/h,50.0,1.0,6360,0.00036570001975633204,True,,1,0.1,0.09000000000000001,False,,0.000759899994591251,
1004,RADIATION,RADIATION,522940.9204974669,5696964.290406497,29,28,20.0,24172.42999621519,2.0966712492640003,ground_equivalent_excess_gamma_dose_rate,uSv/h,50.0,1.0,6360,0.0003470999945420772,True,,1,0.1,0.09000000000000001,False,,0.0005966000026091933,
1005,RADIATION,RADIATION,522940.9204974669,5696944.290406497,28,28,20.0,24192.42999621519,2.0765644663783545,ground_equivalent_excess_gamma_dose_rate,uSv/h,50.0,1.0,6360,0.00033129999064840376,True,,1,0.1,0.09000000000000001,False,,0.0005746000097133219,
1006,RADIATION,RADIATION,522920.9204974669,5696944.290406497,28,27,20.0,24212.42999621519,1.639754307954841,ground_equivalent_excess_gamma_dose_rate,uSv/h,50.0,1.0,6360,0.0003420000139158219,True,,1,0.1,0.09000000000000001,False,,0.0005819999787490815,
1007,RADIATION,RADIATION,522940.9204974669,5696924.290406497,27,28,28.284271247461902,24240.714267462652,1.967438598677813,ground_equivalent_excess_gamma_dose_rate,uSv/h,50.0,1.0,6360,0.00032720001763664186,True,,1,0.1,0.09000000000000001,False,,0.0005595999828074127,
1008,RADIATION,RADIATION,522920.9204974669,5696904.290406497,26,27,28.284271247461902,24268.998538710115,1.4935695938302886,ground_equivalent_excess_gamma_dose_rate,uSv/h,50.0,1.0,6360,0.0003391999925952405,True,,1,0.1,0.09000000000000001,False,,0.0005786999827250838,
1009,RADIATION,RADIATION,522920.9204974669,5696884.290406497,25,27,20.0,24288.998538710115,1.3862216522586583,ground_equivalent_excess_gamma_dose_rate,uSv/h,50.0,1.0,6360,0.0004036000173073262,True,,1,0.1,0.09000000000000001,False,,0.0005601000157184899,
1010,RADIATION,RADIATION,522940.9204974669,5696884.290406497,25,28,20.0,24308.998538710115,1.6178974274882865,ground_equivalent_excess_gamma_dose_rate,uSv/h,50.0,1.0,6360,0.0003758000093512237,True,,1,0.1,0.09000000000000001,False,,0.0006883000023663044,
1011,RADIATION,RADIATION,522960.9204974669,5696864.290406497,24,29,28.284271247461902,24337.282809957578,1.6619050071223802,ground_equivalent_excess_gamma_dose_rate,uSv/h,50.0,1.0,6360,0.000367600005120039,True,,1,0.1,0.09000000000000001,False,,0.0007137999928090721,
1012,RADIATION,RADIATION,522980.9204974669,5696884.290406497,25,30,28.284271247461902,24365.56708120504,2.4066410511157406,ground_equivalent_excess_gamma_dose_rate,uSv/h,50.0,1.0,6360,0.00036460001138038933,True,,1,0.1,0.09000000000000001,False,,0.0006061000167392194,
1013,RADIATION,RADIATION,522960.9204974669,5696884.290406497,25,29,20.0,24385.56708120504,1.9474205341264572,ground_equivalent_excess_gamma_dose_rate,uSv/h,50.0,1.0,6360,0.0003344000142533332,True,,1,0.1,0.09000000000000001,False,,0.0005762999935541302,
1014,RADIATION,RADIATION,522980.9204974669,5696904.290406497,26,30,28.284271247461902,24413.851352452504,2.997558890013665,ground_equivalent_excess_gamma_dose_rate,uSv/h,50.0,1.0,6360,0.00033389998134225607,True,,1,0.1,0.09000000000000001,False,,0.0005824000108987093,
1015,RADIATION,RADIATION,522960.9204974669,5696924.290406497,27,29,28.284271247461902,24442.135623699967,2.5899951364405216,ground_equivalent_excess_gamma_dose_rate,uSv/h,50.0,1.0,6360,0.0005201000021770597,True,,1,0.1,0.09000000000000001,False,,0.0005715999868698418,
1016,RADIATION,RADIATION,522940.9204974669,5696904.290406497,26,28,28.284271247461902,24470.41989494743,1.8021247342394233,ground_equivalent_excess_gamma_dose_rate,uSv/h,50.0,1.0,6360,0.00036550001823343337,True,,1,0.1,0.09000000000000001,False,,0.0007271000067703426,
1017,RADIATION,RADIATION,522940.9204974669,5696884.290406497,25,28,20.0,24490.41989494743,1.6178974274882865,ground_equivalent_excess_gamma_dose_rate,uSv/h,50.0,1.0,6360,0.0003485999768599868,True,,1,0.1,0.09000000000000001,False,,0.0006105999927967787,
1018,RADIATION,RADIATION,522920.9204974669,5696904.290406497,26,27,28.284271247461902,24518.704166194893,1.4935695938302886,ground_equivalent_excess_gamma_dose_rate,uSv/h,50.0,1.0,6360,0.00047759999870322645,True,,1,0.1,0.09000000000000001,False,,0.0006822999857831746,
1019,RADIATION,RADIATION,522940.9204974669,5696904.290406497,26,28,20.0,24538.704166194893,1.8021247342394233,ground_equivalent_excess_gamma_dose_rate,uSv/h,50.0,1.0,6360,0.00035979997483082116,True,,1,0.1,0.09000000000000001,False,,0.0006636000180151314,
1020,RADIATION,RADIATION,522960.9204974669,5696884.290406497,25,29,28.284271247461902,24566.988437442356,1.9474205341264572,ground_equivalent_excess_gamma_dose_rate,uSv/h,50.0,1.0,6360,0.00034279999090358615,True,,1,0.1,0.09000000000000001,False,,0.0006126000080257654,
1021,RADIATION,RADIATION,522980.9204974669,5696884.290406497,25,30,20.0,24586.988437442356,2.4066410511157406,ground_equivalent_excess_gamma_dose_rate,uSv/h,50.0,1.0,6360,0.0003307999868411571,True,,1,0.1,0.09000000000000001,False,,0.0005774000019300729,
1022,RADIATION,RADIATION,523000.920497467,5696904.290406497,26,31,28.28427124750306,24615.27270868986,4.1146835185742,ground_equivalent_excess_gamma_dose_rate,uSv/h,50.0,1.0,6360,0.00033409998286515474,True,,1,0.1,0.09000000000000001,False,,0.00059710000641644,
1023,RADIATION,RADIATION,522980.9204974669,5696904.290406497,26,30,20.000000000058208,24635.272708689918,2.997558890013665,ground_equivalent_excess_gamma_dose_rate,uSv/h,50.0,1.0,6360,0.0003415999817661941,True,,1,0.1,0.09000000000000001,False,,0.0005957999965175986,
1024,RADIATION,RADIATION,522960.9204974669,5696884.290406497,25,29,28.284271247461902,24663.55697993738,1.9474205341264572,ground_equivalent_excess_gamma_dose_rate,uSv/h,50.0,1.0,6360,0.00032660001306794584,True,,1,0.1,0.09000000000000001,False,,0.0005648999940603971,
1025,RADIATION,RADIATION,522980.9204974669,5696864.290406497,24,30,28.284271247461902,24691.841251184844,1.9430580546542082,ground_equivalent_excess_gamma_dose_rate,uSv/h,50.0,1.0,6360,0.00034329999471083283,True,,1,0.1,0.09000000000000001,False,,0.0005692999984603375,
1026,RADIATION,RADIATION,523000.920497467,5696884.290406497,25,31,28.28427124750306,24720.125522432347,3.0158539604924135,ground_equivalent_excess_gamma_dose_rate,uSv/h,50.0,1.0,6360,0.0003270000161137432,True,,1,0.1,0.09000000000000001,False,,0.0005674999847542495,
1027,RADIATION,RADIATION,523000.920497467,5696904.290406497,26,31,20.0,24740.125522432347,4.1146835185742,ground_equivalent_excess_gamma_dose_rate,uSv/h,50.0,1.0,6360,0.00032500000088475645,True,,1,0.1,0.09000000000000001,False,,0.0005617999995592982,
1028,RADIATION,RADIATION,523000.920497467,5696924.290406497,27,31,20.0,24760.125522432347,5.608194840705905,ground_equivalent_excess_gamma_dose_rate,uSv/h,50.0,1.0,6360,0.0004928999987896532,True,,1,0.1,0.09000000000000001,False,,0.0005627999780699611,
1029,RADIATION,RADIATION,523020.920497467,5696944.290406497,28,32,28.284271247461902,24788.40979367981,14.795511571740116,ground_equivalent_excess_gamma_dose_rate,uSv/h,50.0,1.0,6360,0.0003667000273708254,True,,1,0.1,0.09000000000000001,False,,0.0007801000028848648,
1030,RADIATION,RADIATION,523000.920497467,5696924.290406497,27,31,28.284271247461902,24816.694064927273,5.608194840705905,ground_equivalent_excess_gamma_dose_rate,uSv/h,50.0,1.0,6360,0.00035780001780949533,True,,1,0.1,0.09000000000000001,False,,0.0006479000148829073,
1031,RADIATION,RADIATION,523020.920497467,5696904.290406497,26,32,28.284271247461902,24844.978336174736,5.724439219177811,ground_equivalent_excess_gamma_dose_rate,uSv/h,50.0,1.0,6360,0.00039760000072419643,True,,1,0.1,0.09000000000000001,False,,0.0005877999938093126,
1032,RADIATION,RADIATION,523000.920497467,5696884.290406497,25,31,28.284271247461902,24873.2626074222,3.0158539604924135,ground_equivalent_excess_gamma_dose_rate,uSv/h,50.0,1.0,6360,0.0003905000048689544,True,,1,0.1,0.09000000000000001,False,,0.0006615000020246953,
1033,RADIATION,RADIATION,522980.9204974669,5696864.290406497,24,30,28.28427124750306,24901.546878669702,1.9430580546542082,ground_equivalent_excess_gamma_dose_rate,uSv/h,50.0,1.0,6360,0.0003800000122282654,True,,1,0.1,0.09000000000000001,False,,0.0005895999784115702,
1034,RADIATION,RADIATION,522980.9204974669,5696884.290406497,25,30,20.0,24921.546878669702,2.4066410511157406,ground_equivalent_excess_gamma_dose_rate,uSv/h,50.0,1.0,6360,0.00034080000477842987,True,,1,0.1,0.09000000000000001,False,,0.0005862000107299536,
1035,RADIATION,RADIATION,523000.920497467,5696904.290406497,26,31,28.28427124750306,24949.831149917205,4.1146835185742,ground_equivalent_excess_gamma_dose_rate,uSv/h,50.0,1.0,6360,0.0004042999935336411,True,,1,0.1,0.09000000000000001,False,,0.0006410999922081828,
1036,RADIATION,RADIATION,523000.920497467,5696884.290406497,25,31,20.0,24969.831149917205,3.0158539604924135,ground_equivalent_excess_gamma_dose_rate,uSv/h,50.0,1.0,6360,0.0003397999971639365,True,,1,0.1,0.09000000000000001,False,,0.000582600012421608,
1037,RADIATION,RADIATION,522980.9204974669,5696904.290406497,26,30,28.28427124750306,24998.115421164708,2.997558890013665,ground_equivalent_excess_gamma_dose_rate,uSv/h,50.0,1.0,6360,0.00035260000731796026,True,,1,0.1,0.09000000000000001,False,,0.0005769999988842756,
1038,RADIATION,RADIATION,523000.920497467,5696904.290406497,26,31,20.000000000058208,25018.115421164766,4.1146835185742,ground_equivalent_excess_gamma_dose_rate,uSv/h,50.0,1.0,6360,0.00036479998379945755,True,,1,0.1,0.09000000000000001,False,,0.000587800022913143,
1039,RADIATION,RADIATION,522980.9204974669,5696884.290406497,25,30,28.28427124750306,25046.39969241227,2.4066410511157406,ground_equivalent_excess_gamma_dose_rate,uSv/h,50.0,1.0,6360,0.00037039999733678997,True,,1,0.1,0.09000000000000001,False,,0.0007687000033911318,
1040,RADIATION,RADIATION,523000.920497467,5696904.290406497,26,31,28.28427124750306,25074.683963659772,4.1146835185742,ground_equivalent_excess_gamma_dose_rate,uSv/h,50.0,1.0,6360,0.0003383000148460269,True,,1,0.1,0.09000000000000001,False,,0.0006068999937269837,
1041,RADIATION,RADIATION,523000.920497467,5696924.290406497,27,31,20.0,25094.683963659772,5.608194840705905,ground_equivalent_excess_gamma_dose_rate,uSv/h,50.0,1.0,6360,0.0004076999903190881,True,,1,0.1,0.09000000000000001,False,,0.0005846999993082136,
1042,RADIATION,RADIATION,523020.920497467,5696924.290406497,27,32,20.0,25114.683963659772,9.361501345733219,ground_equivalent_excess_gamma_dose_rate,uSv/h,50.0,1.0,6360,0.00038399998447857797,True,,1,0.1,0.09000000000000001,False,,0.0007123000104911625,
1043,RADIATION,RADIATION,523000.920497467,5696944.290406497,28,31,28.284271247461902,25142.968234907235,7.101440194698834,ground_equivalent_excess_gamma_dose_rate,uSv/h,50.0,1.0,6360,0.0003519000019878149,True,,1,0.1,0.09000000000000001,False,,0.000614999997196719,
1044,RADIATION,RADIATION,522980.9204974669,5696944.290406497,28,30,20.000000000058208,25162.968234907294,4.19037852748615,ground_equivalent_excess_gamma_dose_rate,uSv/h,50.0,1.0,6360,0.00034440000308677554,True,,1,0.1,0.09000000000000001,False,,0.0005784000095445663,
1045,RADIATION,RADIATION,522980.9204974669,5696964.290406497,29,30,20.0,25182.968234907294,4.326193553719156,ground_equivalent_excess_gamma_dose_rate,uSv/h,50.0,1.0,6360,0.00037310001789592206,True,,1,0.1,0.09000000000000001,False,,0.0005873999907635152,
1046,RADIATION,RADIATION,522960.9204974669,5696964.290406497,29,29,20.0,25202.968234907294,2.8689733747747943,ground_equivalent_excess_gamma_dose_rate,uSv/h,50.0,1.0,6360,0.0003612999862525612,True,,1,0.1,0.09000000000000001,False,,0.0005769999988842756,
1047,RADIATION,RADIATION,522980.9204974669,5696984.290406497,30,30,28.284271247461902,25231.252506154757,3.9730544195598867,ground_equivalent_excess_gamma_dose_rate,uSv/h,50.0,1.0,6360,0.0003561999765224755,True,,1,0.1,0.09000000000000001,False,,0.0005680999893229455,
1048,RADIATION,RADIATION,522960.9204974669,5696964.290406497,29,29,28.284271247461902,25259.53677740222,2.8689733747747943,ground_equivalent_excess_gamma_dose_rate,uSv/h,50.0,1.0,6360,0.00033599999733269215,True,,1,0.1,0.09000000000000001,False,,0.0005729000258725137,
1049,RADIATION,RADIATION,522960.9204974669,5696944.290406497,28,29,20.0,25279.53677740222,2.818039759478577,ground_equivalent_excess_gamma_dose_rate,uSv/h,50.0,1.0,6360,0.0003318999952170998,True,,1,0.1,0.09000000000000001,False,,0.0005674999847542495,
1050,RADIATION,RADIATION,522980.9204974669,5696964.290406497,29,30,28.284271247461902,25307.821048649683,4.326193553719156,ground_equivalent_excess_gamma_dose_rate,uSv/h,50.0,1.0,6360,0.0003257000062149018,True,,1,0.1,0.09000000000000001,False,,0.000575200014282018,
1051,RADIATION,RADIATION,523000.920497467,5696944.290406497,28,31,28.28427124750306,25336.105319897186,7.101440194698834,ground_equivalent_excess_gamma_dose_rate,uSv/h,50.0,1.0,6360,0.00032759999157860875,True,,1,0.1,0.09000000000000001,False,,0.0005565999890677631,
1052,RADIATION,RADIATION,523020.920497467,5696924.290406497,27,32,28.284271247461902,25364.38959114465,9.361501345733219,ground_equivalent_excess_gamma_dose_rate,uSv/h,50.0,1.0,6360,0.0003277999931015074,True,,1,0.1,0.09000000000000001,False,,0.0005724999937228858,
1053,RADIATION,RADIATION,523020.920497467,5696944.290406497,28,32,20.0,25384.38959114465,14.795511571740116,ground_equivalent_excess_gamma_dose_rate,uSv/h,50.0,1.0,6360,0.0003797999816015363,True,,1,0.1,0.09000000000000001,False,,0.0006900000153109431,
1054,RADIATION,RADIATION,523020.920497467,5696924.290406497,27,32,20.0,25404.38959114465,9.361501345733219,ground_equivalent_excess_gamma_dose_rate,uSv/h,50.0,1.0,6360,0.0003400999994482845,True,,1,0.1,0.09000000000000001,False,,0.0005953999934718013,
1055,RADIATION,RADIATION,523040.920497467,5696924.290406497,27,33,20.0,25424.38959114465,15.782516204210198,ground_equivalent_excess_gamma_dose_rate,uSv/h,50.0,1.0,6360,0.0003305000136606395,True,,1,0.1,0.09000000000000001,False,,0.0005849000008311123,
1056,RADIATION,RADIATION,523060.920497467,5696904.290406497,26,34,28.284271247461902,25452.673862392112,8.288509666991642,ground_equivalent_excess_gamma_dose_rate,uSv/h,50.0,1.0,6360,0.0003420999855734408,True,,1,0.1,0.09000000000000001,False,,0.0005660000024363399,
1057,RADIATION,RADIATION,523060.920497467,5696884.290406497,25,34,20.0,25472.673862392112,4.590236738591394,ground_equivalent_excess_gamma_dose_rate,uSv/h,50.0,1.0,6360,0.0003434999962337315,True,,1,0.1,0.09000000000000001,False,,0.0005816999764647335,
1058,RADIATION,RADIATION,523080.920497467,5696904.290406497,26,35,28.284271247461902,25500.958133639575,7.219587664933267,ground_equivalent_excess_gamma_dose_rate,uSv/h,50.0,1.0,6360,0.00032419999479316175,True,,1,0.1,0.09000000000000001,False,,0.0005670000100508332,
1059,RADIATION,RADIATION,523080.920497467,5696884.290406497,25,35,20.0,25520.958133639575,4.246417163828087,ground_equivalent_excess_gamma_dose_rate,uSv/h,50.0,1.0,6360,0.00032640001154504716,True,,1,0.1,0.09000000000000001,False,,0.0005797999911010265,
1060,RADIATION,RADIATION,523060.920497467,5696864.290406497,24,34,28.284271247461902,25549.242404887038,2.9590226514389224,ground_equivalent_excess_gamma_dose_rate,uSv/h,50.0,1.0,6360,0.00035180000122636557,True,,1,0.1,0.09000000000000001,False,,0.0005872999900020659,
1061,RADIATION,RADIATION,523040.920497467,5696884.290406497,25,33,28.284271247461902,25577.5266761345,4.3654781005142285,ground_equivalent_excess_gamma_dose_rate,uSv/h,50.0,1.0,6360,0.00032950000604614615,True,,1,0.1,0.09000000000000001,False,,0.0005674000130966306,
1062,RADIATION,RADIATION,523040.920497467,5696904.290406497,26,33,20.0,25597.5266761345,7.51706971191928,ground_equivalent_excess_gamma_dose_rate,uSv/h,50.0,1.0,6360,0.00041280000004917383,True,,1,0.1,0.09000000000000001,False,,0.0005608999927062541,
1063,RADIATION,RADIATION,523040.920497467,5696884.290406497,25,33,20.0,25617.5266761345,4.3654781005142285,ground_equivalent_excess_gamma_dose_rate,uSv/h,50.0,1.0,6360,0.0003239000216126442,True,,1,0.1,0.09000000000000001,False,,0.0005642999894917011,
1064,RADIATION,RADIATION,523020.920497467,5696904.290406497,26,32,28.284271247461902,25645.810947381964,5.724439219177811,ground_equivalent_excess_gamma_dose_rate,uSv/h,50.0,1.0,6360,0.0003349999897181988,True,,1,0.1,0.09000000000000001,False,,0.0005738999752793461,
1065,RADIATION,RADIATION,523040.920497467,5696904.290406497,26,33,20.0,25665.810947381964,7.51706971191928,ground_equivalent_excess_gamma_dose_rate,uSv/h,50.0,1.0,6360,0.0003216999757569283,True,,1,0.1,0.09000000000000001,False,,0.0005641000170726329,
1066,RADIATION,RADIATION,523040.920497467,5696924.290406497,27,33,20.0,25685.810947381964,15.782516204210198,ground_equivalent_excess_gamma_dose_rate,uSv/h,50.0,1.0,6360,0.0003302000113762915,True,,1,0.1,0.09000000000000001,False,,0.0005834000185132027,
1067,RADIATION,RADIATION,523040.920497467,5696904.290406497,26,33,20.0,25705.810947381964,7.51706971191928,ground_equivalent_excess_gamma_dose_rate,uSv/h,50.0,1.0,6360,0.00032989997998811305,True,,1,0.1,0.09000000000000001,False,,0.0005635999841615558,
1068,RADIATION,RADIATION,523060.920497467,5696924.290406497,27,34,28.284271247461902,25734.095218629427,19.860316280039612,ground_equivalent_excess_gamma_dose_rate,uSv/h,50.0,1.0,6360,0.0003319999959785491,True,,1,0.1,0.09000000000000001,False,,0.0011058999807573855,
1069,RADIATION,RADIATION,523080.920497467,5696924.290406497,27,35,20.0,25754.095218629427,14.585367293355093,ground_equivalent_excess_gamma_dose_rate,uSv/h,50.0,1.0,6360,0.0003328000020701438,True,,1,0.1,0.09000000000000001,False,,0.0005781000072602183,
1070,RADIATION,RADIATION,523080.920497467,5696944.290406497,28,35,20.0,25774.095218629427,35.2592836652071,ground_equivalent_excess_gamma_dose_rate,uSv/h,50.0,1.0,6360,0.0003281999961473048,True,,1,0.1,0.09000000000000001,False,,0.0005628999788314104,
1071,RADIATION,RADIATION,523100.920497467,5696924.290406497,27,36,28.284271247461902,25802.37948987689,8.509970674927498,ground_equivalent_excess_gamma_dose_rate,uSv/h,50.0,1.0,6360,0.00032699998700991273,True,,1,0.1,0.09000000000000001,False,,0.0005738999752793461,
1072,RADIATION,RADIATION,523120.920497467,5696944.290406497,28,37,28.284271247461902,25830.663761124353,6.352116631443011,ground_equivalent_excess_gamma_dose_rate,uSv/h,50.0,1.0,6360,0.0003429999924264848,True,,1,0.1,0.09000000000000001,False,,0.0005638000147882849,
1073,RADIATION,RADIATION,523100.920497467,5696964.290406497,29,36,28.284271247461902,25858.948032371816,14.433586081754926,ground_equivalent_excess_gamma_dose_rate,uSv/h,50.0,1.0,6360,0.0003319999959785491,True,,1,0.1,0.09000000000000001,False,,0.0005830000154674053,
1074,RADIATION,RADIATION,523100.920497467,5696944.290406497,28,36,20.0,25878.948032371816,12.818639381354608,ground_equivalent_excess_gamma_dose_rate,uSv/h,50.0,1.0,6360,0.00033260000054724514,True,,1,0.1,0.09000000000000001,False,,0.0005619000003207475,
1075,RADIATION,RADIATION,523120.920497467,5696964.290406497,29,37,28.284271247461902,25907.23230361928,6.7123965411701,ground_equivalent_excess_gamma_dose_rate,uSv/h,50.0,1.0,6360,0.00032419999479316175,True,,1,0.1,0.09000000000000001,False,,0.0005622000026050955,
1076,RADIATION,RADIATION,523120.920497467,5696984.290406497,30,37,20.0,25927.23230361928,5.851724148932389,ground_equivalent_excess_gamma_dose_rate,uSv/h,50.0,1.0,6360,0.00032770002144388855,True,,1,0.1,0.09000000000000001,False,,0.000579500017920509,
1077,RADIATION,RADIATION,523140.920497467,5696964.290406497,29,38,28.284271247461902,25955.516574866742,3.895971103044892,ground_equivalent_excess_gamma_dose_rate,uSv/h,50.0,1.0,6360,0.0003349999897181988,True,,1,0.1,0.09000000000000001,False,,0.0005613999965135008,
1078,RADIATION,RADIATION,523160.920497467,5696964.290406497,29,39,20.0,25975.516574866742,2.5620700849733744,ground_equivalent_excess_gamma_dose_rate,uSv/h,50.0,1.0,6360,0.00034039997262880206,True,,1,0.1,0.09000000000000001,False,,0.0006044000037945807,
1079,RADIATION,RADIATION,523140.920497467,5696964.290406497,29,38,20.0,25995.516574866742,3.895971103044892,ground_equivalent_excess_gamma_dose_rate,uSv/h,50.0,1.0,6360,0.00036589999217540026,True,,1,0.1,0.09000000000000001,False,,0.000590600015129894,
1080,RADIATION,RADIATION,523160.920497467,5696964.290406497,29,39,20.0,26015.516574866742,2.5620700849733744,ground_equivalent_excess_gamma_dose_rate,uSv/h,50.0,1.0,6360,0.00033090001670643687,True,,1,0.1,0.09000000000000001,False,,0.0005930000043008476,
1081,RADIATION,RADIATION,523180.920497467,5696984.290406497,30,40,28.284271247461902,26043.800846114205,1.7598614150593548,ground_equivalent_excess_gamma_dose_rate,uSv/h,50.0,1.0,6360,0.00034729999606497586,True,,1,0.1,0.09000000000000001,False,,0.0005622000026050955,
1082,RADIATION,RADIATION,523200.920497467,5697004.290406496,31,41,28.284271246803357,26072.08511736101,1.2602913218621234,ground_equivalent_excess_gamma_dose_rate,uSv/h,50.0,1.0,6360,0.00033160002203658223,True,,1,0.1,0.09000000000000001,False,,0.0005760000203736126,
1083,RADIATION,RADIATION,523200.920497467,5696984.290406497,30,41,19.999999999068677,26092.08511736008,1.3381687397109214,ground_equivalent_excess_gamma_dose_rate,uSv/h,50.0,1.0,6360,0.00032890000147745013,True,,1,0.1,0.09000000000000001,False,,0.0006598999898415059,
1084,RADIATION,RADIATION,523220.920497467,5697004.290406496,31,42,28.284271246803357,26120.369388606883,1.0085126943367877,ground_equivalent_excess_gamma_dose_rate,uSv/h,50.0,1.0,6360,0.0003270000161137432,True,,1,0.1,0.09000000000000001,False,,0.0005801999941468239,
1085,RADIATION,RADIATION,523200.920497467,5697004.290406496,31,41,20.0,26140.369388606883,1.2602913218621234,ground_equivalent_excess_gamma_dose_rate,uSv/h,50.0,1.0,6360,0.00033660000190138817,True,,1,0.1,0.09000000000000001,False,,0.0005806999979540706,
1086,RADIATION,RADIATION,523180.920497467,5697024.290406496,32,40,28.284271247461902,26168.653659854346,1.4501677020429347,ground_equivalent_excess_gamma_dose_rate,uSv/h,50.0,1.0,6360,0.0003381000133231282,True,,1,0.1,0.09000000000000001,False,,0.000585700006922707,
1087,RADIATION,RADIATION,523180.920497467,5697044.290406496,33,40,20.0,26188.653659854346,1.2683199071641713,ground_equivalent_excess_gamma_dose_rate,uSv/h,50.0,1.0,6360,0.0003294999769423157,True,,1,0.1,0.09000000000000001,False,,0.0005639999872073531,
1088,RADIATION,RADIATION,523160.920497467,5697044.290406496,33,39,20.0,26208.653659854346,1.5676495923355165,ground_equivalent_excess_gamma_dose_rate,uSv/h,50.0,1.0,6360,0.00035030001890845597,True,,1,0.1,0.09000000000000001,False,,0.0005671000108122826,
1089,RADIATION,RADIATION,523140.920497467,5697044.290406496,33,38,20.0,26228.653659854346,1.956616819621989,ground_equivalent_excess_gamma_dose_rate,uSv/h,50.0,1.0,6360,0.0003321999975014478,True,,1,0.1,0.09000000000000001,False,,0.0005611999949906021,
1090,RADIATION,RADIATION,523120.920497467,5697044.290406496,33,37,20.0,26248.653659854346,2.4412067835027673,ground_equivalent_excess_gamma_dose_rate,uSv/h,50.0,1.0,6360,0.00033889999031089246,True,,1,0.1,0.09000000000000001,False,,0.0005583000020124018,
1091,RADIATION,RADIATION,523120.920497467,5697064.290406496,34,37,20.0,26268.653659854346,1.8495132813693604,ground_equivalent_excess_gamma_dose_rate,uSv/h,50.0,1.0,6360,0.00032660001306794584,True,,1,0.1,0.09000000000000001,False,,0.0005593999812845141,
1092,RADIATION,RADIATION,523100.920497467,5697064.290406496,34,36,20.0,26288.653659854346,2.136884859727805,ground_equivalent_excess_gamma_dose_rate,uSv/h,50.0,1.0,6360,0.00034020000020973384,True,,1,0.1,0.09000000000000001,False,,0.0005748000112362206,
1093,RADIATION,RADIATION,523120.920497467,5697044.290406496,33,37,28.284271247461902,26316.93793110181,2.4412067835027673,ground_equivalent_excess_gamma_dose_rate,uSv/h,50.0,1.0,6360,0.00032720001763664186,True,,1,0.1,0.09000000000000001,False,,0.0005725999944843352,
1094,RADIATION,RADIATION,523140.920497467,5697024.290406496,32,38,28.284271247461902,26345.222202349272,2.458966282176062,ground_equivalent_excess_gamma_dose_rate,uSv/h,50.0,1.0,6360,0.00032679998548701406,True,,1,0.1,0.09000000000000001,False,,0.0005826999840792269,
1095,RADIATION,RADIATION,523140.920497467,5697004.290406496,31,38,20.0,26365.222202349272,3.0447605797174107,ground_equivalent_excess_gamma_dose_rate,uSv/h,50.0,1.0,6360,0.0003305000136606395,True,,1,0.1,0.09000000000000001,False,,0.0005604999896604568,
1096,RADIATION,RADIATION,523120.920497467,5697004.290406496,31,37,20.0,26385.222202349272,4.491993544669736,ground_equivalent_excess_gamma_dose_rate,uSv/h,50.0,1.0,6360,0.0003339999821037054,True,,1,0.1,0.09000000000000001,False,,0.0005673999839928001,
1097,RADIATION,RADIATION,523100.920497467,5696984.290406497,30,36,28.284271246803357,26413.506473596077,10.907425186845082,ground_equivalent_excess_gamma_dose_rate,uSv/h,50.0,1.0,6360,0.0003464000183157623,True,,1,0.1,0.09000000000000001,False,,0.0005601000157184899,
1098,RADIATION,RADIATION,523080.920497467,5696964.290406497,29,35,28.284271247461902,26441.79074484354,51.38256135637399,ground_equivalent_excess_gamma_dose_rate,uSv/h,50.0,1.0,6360,0.0003338000096846372,True,,1,0.1,0.09000000000000001,False,,0.0005683999916072935,
1099,RADIATION,RADIATION,523060.920497467,5696984.290406497,30,34,28.284271247461902,26470.075016091003,41.96540976636227,ground_equivalent_excess_gamma_dose_rate,uSv/h,50.0,1.0,6360,0.00035700001171790063,True,,1,0.1,0.09000000000000001,False,,0.0005583000020124018,
1100,RADIATION,RADIATION,523040.920497467,5696964.290406497,29,33,28.284271247461902,26498.359287338466,70.06182835982494,ground_equivalent_excess_gamma_dose_rate,uSv/h,50.0,1.0,6360,0.00033629999961704016,True,,1,0.1,0.09000000000000001,False,,0.0005622000026050955,
1101,RADIATION,RADIATION,523060.920497467,5696964.290406497,29,34,20.0,26518.359287338466,1080.7324226001422,ground_equivalent_excess_gamma_dose_rate,uSv/h,50.0,1.0,6360,0.0003305999853182584,True,,1,0.1,0.09000000000000001,False,,0.0005777000042144209,
1102,RADIATION,RADIATION,523060.920497467,5696984.290406497,30,34,20.0,26538.359287338466,41.96540976636227,ground_equivalent_excess_gamma_dose_rate,uSv/h,50.0,1.0,6360,0.0003212000010535121,True,,1,0.1,0.09000000000000001,False,,0.0005629000079352409,
1103,RADIATION,RADIATION,523040.920497467,5697004.290406496,31,33,28.284271246803357,26566.64355858527,11.034607376494838,ground_equivalent_excess_gamma_dose_rate,uSv/h,50.0,1.0,6360,0.00033320000511594117,True,,1,0.1,0.09000000000000001,False,,0.0005760999920312315,
1104,RADIATION,RADIATION,523020.920497467,5697004.290406496,31,32,20.0,26586.64355858527,7.4810896605227954,ground_equivalent_excess_gamma_dose_rate,uSv/h,50.0,1.0,6360,0.0003347000165376812,True,,1,0.1,0.09000000000000001,False,,0.0005624000041279942,
1105,RADIATION,RADIATION,523020.920497467,5696984.290406497,30,32,19.999999999068677,26606.64355858434,12.314871510978405,ground_equivalent_excess_gamma_dose_rate,uSv/h,50.0,1.0,6360,0.0003273000183980912,True,,1,0.1,0.09000000000000001,False,,0.0005620000010821968,
1106,RADIATION,RADIATION,523040.920497467,5697004.290406496,31,33,28.284271246803357,26634.927829831144,11.034607376494838,ground_equivalent_excess_gamma_dose_rate,uSv/h,50.0,1.0,6360,0.0003336999798193574,True,,1,0.1,0.09000000000000001,False,,0.0005711999838240445,
1107,RADIATION,RADIATION,523040.920497467,5697024.290406496,32,33,20.0,26654.927829831144,5.776314774054218,ground_equivalent_excess_gamma_dose_rate,uSv/h,50.0,1.0,6360,0.00043440001900307834,True,,1,0.1,0.09000000000000001,False,,0.0005767999973613769,
1108,RADIATION,RADIATION,523060.920497467,5697024.290406496,32,34,20.0,26674.927829831144,6.2130945742391,ground_equivalent_excess_gamma_dose_rate,uSv/h,50.0,1.0,6360,0.0003349000180605799,True,,1,0.1,0.09000000000000001,False,,0.000593100005062297,
1109,RADIATION,RADIATION,523040.920497467,5697004.290406496,31,33,28.284271247461902,26703.212101078607,11.034607376494838,ground_equivalent_excess_gamma_dose_rate,uSv/h,50.0,1.0,6360,0.0003252000024076551,True,,1,0.1,0.09000000000000001,False,,0.0005619000003207475,
1110,RADIATION,RADIATION,523020.920497467,5696984.290406497,30,32,28.284271246803357,26731.49637232541,12.314871510978405,ground_equivalent_excess_gamma_dose_rate,uSv/h,50.0,1.0,6360,0.00033710000570863485,True,,1,0.1,0.09000000000000001,False,,0.0005738999752793461,
1111,RADIATION,RADIATION,523040.920497467,5696964.290406497,29,33,28.284271247461902,26759.780643572874,70.06182835982494,ground_equivalent_excess_gamma_dose_rate,uSv/h,50.0,1.0,6360,0.00033260000054724514,True,,1,0.1,0.09000000000000001,False,,0.0005642999894917011,
1112,RADIATION,RADIATION,523040.920497467,5696944.290406497,28,33,20.0,26779.780643572874,43.137994228015984,ground_equivalent_excess_gamma_dose_rate,uSv/h,50.0,1.0,6360,0.00033080001594498754,True,,1,0.1,0.09000000000000001,False,,0.0005657000001519918,
1113,RADIATION,RADIATION,523040.920497467,5696964.290406497,29,33,20.0,26799.780643572874,70.06182835982494,ground_equivalent_excess_gamma_dose_rate,uSv/h,50.0,1.0,6360,0.0003364000003784895,True,,1,0.1,0.09000000000000001,False,,0.0005670999817084521,
1114,RADIATION,RADIATION,523040.920497467,5696944.290406497,28,33,20.0,26819.780643572874,43.137994228015984,ground_equivalent_excess_gamma_dose_rate,uSv/h,50.0,1.0,6360,0.00033209999673999846,True,,1,0.1,0.09000000000000001,False,,0.0005636000132653862,
1115,RADIATION,RADIATION,523060.920497467,5696924.290406497,27,34,28.284271247461902,26848.064914820337,19.860316280039612,ground_equivalent_excess_gamma_dose_rate,uSv/h,50.0,1.0,6360,0.0003406000032555312,True,,1,0.1,0.09000000000000001,False,,0.0005642000178340822,
1116,RADIATION,RADIATION,523080.920497467,5696944.290406497,28,35,28.284271247461902,26876.3491860678,35.2592836652071,ground_equivalent_excess_gamma_dose_rate,uSv/h,50.0,1.0,6360,0.0003226000117138028,True,,1,0.1,0.09000000000000001,False,,0.0005660000024363399,
1117,RADIATION,RADIATION,523080.920497467,5696964.290406497,29,35,20.0,26896.3491860678,51.38256135637399,ground_equivalent_excess_gamma_dose_rate,uSv/h,50.0,1.0,6360,0.00032339998870156705,True,,1,0.1,0.09000000000000001,False,,0.0005817000055685639,
1118,RADIATION,RADIATION,523080.920497467,5696944.290406497,28,35,20.0,26916.3491860678,35.2592836652071,ground_equivalent_excess_gamma_dose_rate,uSv/h,50.0,1.0,6360,0.00032259998260997236,True,,1,0.1,0.09000000000000001,False,,0.0005586000042967498,
1119,RADIATION,RADIATION,523060.920497467,5696944.290406497,28,34,20.0,26936.3491860678,101.12265294839926,ground_equivalent_excess_gamma_dose_rate,uSv/h,50.0,1.0,6360,0.00032649998320266604,True,,1,0.1,0.09000000000000001,False,,0.0005766000249423087,
1120,RADIATION,RADIATION,523080.920497467,5696944.290406497,28,35,20.0,26956.3491860678,35.2592836652071,ground_equivalent_excess_gamma_dose_rate,uSv/h,50.0,1.0,6360,0.0003195999888703227,True,,1,0.1,0.09000000000000001,False,,0.0005571999936364591,
1121,RADIATION,RADIATION,523060.920497467,5696964.290406497,29,34,28.284271247461902,26984.633457315264,1080.7324226001422,ground_equivalent_excess_gamma_dose_rate,uSv/h,50.0,1.0,6360,0.00032079999800771475,True,,1,0.1,0.09000000000000001,False,,0.0005583000020124018,
1122,RADIATION,RADIATION,523080.920497467,5696984.290406497,30,35,28.284271247461902,27012.917728562727,23.68642823682038,ground_equivalent_excess_gamma_dose_rate,uSv/h,50.0,1.0,6360,0.00034169998252764344,True,,1,0.1,0.09000000000000001,False,,0.0005565999890677631,
1123,RADIATION,RADIATION,523080.920497467,5697004.290406496,31,35,19.999999999068677,27032.917728561795,10.429861761452681,ground_equivalent_excess_gamma_dose_rate,uSv/h,50.0,1.0,6360,0.0003297999792266637,True,,1,0.1,0.09000000000000001,False,,0.0005648000224027783,
1124,RADIATION,RADIATION,523100.920497467,5697024.290406496,32,36,28.284271247461902,27061.20199980926,4.417218399524742,ground_equivalent_excess_gamma_dose_rate,uSv/h,50.0,1.0,6360,0.0003428999916650355,True,,1,0.1,0.09000000000000001,False,,0.0005563999875448644,
1125,RADIATION,RADIATION,523080.920497467,5697004.290406496,31,35,28.284271247461902,27089.48627105672,10.429861761452681,ground_equivalent_excess_gamma_dose_rate,uSv/h,50.0,1.0,6360,0.0003276999923400581,True,,1,0.1,0.09000000000000001,False,,0.0005571999936364591,
1126,RADIATION,RADIATION,523080.920497467,5696984.290406497,30,35,19.999999999068677,27109.48627105579,23.68642823682038,ground_equivalent_excess_gamma_dose_rate,uSv/h,50.0,1.0,6360,0.0003296000068075955,True,,1,0.1,0.09000000000000001,False,,0.0005737999745178968,
1127,RADIATION,RADIATION,523100.920497467,5696984.290406497,30,36,20.0,27129.48627105579,10.907425186845082,ground_equivalent_excess_gamma_dose_rate,uSv/h,50.0,1.0,6360,0.0003288000007160008,True,,1,0.1,0.09000000000000001,False,,0.0005622000026050955,
1128,RADIATION,RADIATION,523080.920497467,5696964.290406497,29,35,28.284271247461902,27157.770542303253,51.38256135637399,ground_equivalent_excess_gamma_dose_rate,uSv/h,50.0,1.0,6360,0.0003330000035930425,True,,1,0.1,0.09000000000000001,False,,0.0005716000159736723,
1129,RADIATION,RADIATION,523100.920497467,5696944.290406497,28,36,28.284271247461902,27186.054813550716,12.818639381354608,ground_equivalent_excess_gamma_dose_rate,uSv/h,50.0,1.0,6360,0.00032640001154504716,True,,1,0.1,0.09000000000000001,False,,0.0005573999951593578,
1130,RADIATION,RADIATION,523100.920497467,5696924.290406497,27,36,20.0,27206.054813550716,8.509970674927498,ground_equivalent_excess_gamma_dose_rate,uSv/h,50.0,1.0,6360,0.00033870001789182425,True,,1,0.1,0.09000000000000001,False,,0.0005794999888166785,
1131,RADIATION,RADIATION,523120.920497467,5696944.290406497,28,37,28.284271247461902,27234.33908479818,6.352116631443011,ground_equivalent_excess_gamma_dose_rate,uSv/h,50.0,1.0,6360,0.00033629999961704016,True,,1,0.1,0.09000000000000001,False,,0.0005586000042967498,
1132,RADIATION,RADIATION,523100.920497467,5696924.290406497,27,36,28.284271247461902,27262.623356045642,8.509970674927498,ground_equivalent_excess_gamma_dose_rate,uSv/h,50.0,1.0,6360,0.00032270001247525215,True,,1,0.1,0.09000000000000001,False,,0.0005609000218100846,
1133,RADIATION,RADIATION,523100.920497467,5696904.290406497,26,36,20.0,27282.623356045642,5.366778484016544,ground_equivalent_excess_gamma_dose_rate,uSv/h,50.0,1.0,6360,0.0003404000017326325,True,,1,0.1,0.09000000000000001,False,,0.0005640999879688025,
1134,RADIATION,RADIATION,523100.920497467,5696884.290406497,25,36,20.0,27302.623356045642,3.546453222029091,ground_equivalent_excess_gamma_dose_rate,uSv/h,50.0,1.0,6360,0.00032500000088475645,True,,1,0.1,0.09000000000000001,False,,0.0005668000085279346,
1135,RADIATION,RADIATION,523100.920497467,5696864.290406497,24,36,20.0,27322.623356045642,2.493793380791034,ground_equivalent_excess_gamma_dose_rate,uSv/h,50.0,1.0,6360,0.0003336999798193574,True,,1,0.1,0.09000000000000001,False,,0.0005814000032842159,
1136,RADIATION,RADIATION,523120.920497467,5696864.290406497,24,37,20.0,27342.623356045642,2.1138691952185833,ground_equivalent_excess_gamma_dose_rate,uSv/h,50.0,1.0,6360,0.0003220000071451068,True,,1,0.1,0.09000000000000001,False,,0.0005654999986290932,
1137,RADIATION,RADIATION,523140.920497467,5696844.290406497,23,38,28.284271247461902,27370.907627293105,1.420874613302384,ground_equivalent_excess_gamma_dose_rate,uSv/h,50.0,1.0,6360,0.0003375000087544322,True,,1,0.1,0.09000000000000001,False,,0.0005736000020988286,
1138,RADIATION,RADIATION,523160.920497467,5696864.290406497,24,39,28.284271247461902,27399.19189854057,1.4431661181376292,ground_equivalent_excess_gamma_dose_rate,uSv/h,50.0,1.0,6360,0.0003229000139981508,True,,1,0.1,0.09000000000000001,False,,0.0005630000086966902,
1139,RADIATION,RADIATION,523180.920497467,5696844.290406497,23,40,28.284271247461902,27427.47616978803,1.0390476911437803,ground_equivalent_excess_gamma_dose_rate,uSv/h,50.0,1.0,6360,0.0003324999997857958,True,,1,0.1,0.09000000000000001,False,,0.0006566999945789576,
1140,RADIATION,RADIATION,523200.920497467,5696844.290406497,23,41,20.0,27447.47616978803,0.8898554848028939,ground_equivalent_excess_gamma_dose_rate,uSv/h,50.0,1.0,6360,0.0003470000228844583,True,,1,0.1,0.09000000000000001,False,,0.0005768999981228262,
1141,RADIATION,RADIATION,523180.920497467,5696864.290406497,24,40,28.284271247461902,27475.760441035494,1.1937203263495617,ground_equivalent_excess_gamma_dose_rate,uSv/h,50.0,1.0,6360,0.0003245999978389591,True,,1,0.1,0.09000000000000001,False,,0.0005686999938916415,
1142,RADIATION,RADIATION,523160.920497467,5696884.290406497,25,39,28.284271247461902,27504.044712282957,1.7147385185717845,ground_equivalent_excess_gamma_dose_rate,uSv/h,50.0,1.0,6360,0.0003273999900557101,True,,1,0.1,0.09000000000000001,False,,0.0005743000074289739,
1143,RADIATION,RADIATION,523160.920497467,5696904.290406497,26,39,20.0,27524.044712282957,2.0168447937655554,ground_equivalent_excess_gamma_dose_rate,uSv/h,50.0,1.0,6360,0.00032660001306794584,True,,1,0.1,0.09000000000000001,False,,0.0005644999910145998,
1144,RADIATION,RADIATION,523160.920497467,5696884.290406497,25,39,20.0,27544.044712282957,1.7147385185717845,ground_equivalent_excess_gamma_dose_rate,uSv/h,50.0,1.0,6360,0.0003254999755881727,True,,1,0.1,0.09000000000000001,False,,0.0005853999755345285,
1145,RADIATION,RADIATION,523180.920497467,5696884.290406497,25,40,20.0,27564.044712282957,1.3659694109757612,ground_equivalent_excess_gamma_dose_rate,uSv/h,50.0,1.0,6360,0.00033039998379535973,True,,1,0.1,0.09000000000000001,False,,0.0005756999889854342,
1146,RADIATION,RADIATION,523180.920497467,5696904.290406497,26,40,20.0,27584.044712282957,1.5425779827813986,ground_equivalent_excess_gamma_dose_rate,uSv/h,50.0,1.0,6360,0.00032410002313554287,True,,1,0.1,0.09000000000000001,False,,0.0005795999895781279,
1147,RADIATION,RADIATION,523180.920497467,5696924.290406497,27,40,20.0,27604.044712282957,1.699027428519327,ground_equivalent_excess_gamma_dose_rate,uSv/h,50.0,1.0,6360,0.0003372000064700842,True,,1,0.1,0.09000000000000001,False,,0.0005592999805230647,
1148,RADIATION,RADIATION,523200.920497467,5696924.290406497,27,41,20.0,27624.044712282957,1.3064986859134509,ground_equivalent_excess_gamma_dose_rate,uSv/h,50.0,1.0,6360,0.0003277999931015074,True,,1,0.1,0.09000000000000001,False,,0.0005702000053133816,
1149,RADIATION,RADIATION,523180.920497467,5696944.290406497,28,40,28.284271247461902,27652.32898353042,1.8026883468028936,ground_equivalent_excess_gamma_dose_rate,uSv/h,50.0,1.0,6360,0.0003433000238146633,True,,1,0.1,0.09000000000000001,False,,0.0005649999948218465,
1150,RADIATION,RADIATION,523180.920497467,5696964.290406497,29,40,20.0,27672.32898353042,1.8254538986964943,ground_equivalent_excess_gamma_dose_rate,uSv/h,50.0,1.0,6360,0.00032660001306794584,True,,1,0.1,0.09000000000000001,False,,0.0005650999955832958,
1151,RADIATION,RADIATION,523200.920497467,5696964.290406497,29,41,20.0,27692.32898353042,1.3751073891582926,ground_equivalent_excess_gamma_dose_rate,uSv/h,50.0,1.0,6360,0.0003276999923400581,True,,1,0.1,0.09000000000000001,False,,0.0005740000051446259,
1152,RADIATION,RADIATION,523220.920497467,5696984.290406497,30,42,28.284271247461902,27720.613254777883,1.0564111319241543,ground_equivalent_excess_gamma_dose_rate,uSv/h,50.0,1.0,6360,0.00033310000435449183,True,,1,0.1,0.09000000000000001,False,,0.0005686999938916415,
1153,RADIATION,RADIATION,523220.920497467,5696964.290406497,29,42,20.0,27740.613254777883,1.0790393410328305,ground_equivalent_excess_gamma_dose_rate,uSv/h,50.0,1.0,6360,0.00034810000215657055,True,,1,0.1,0.09000000000000001,False,,0.0005748000112362206,
1154,RADIATION,RADIATION,523240.920497467,5696944.290406497,28,43,28.284271247461902,27768.897526025346,0.8701444505360094,ground_equivalent_excess_gamma_dose_rate,uSv/h,50.0,1.0,6360,0.0003285999991931021,True,,1,0.1,0.09000000000000001,False,,0.0005616999987978488,
1155,RADIATION,RADIATION,523220.920497467,5696924.290406497,27,42,28.284271247461902,27797.18179727281,1.0393068825376817,ground_equivalent_excess_gamma_dose_rate,uSv/h,50.0,1.0,6360,0.0003452999808359891,True,,1,0.1,0.09000000000000001,False,,0.0005874000198673457,
1156,RADIATION,RADIATION,523200.920497467,5696904.290406497,26,41,28.284271247461902,27825.466068520273,1.2161718517872022,ground_equivalent_excess_gamma_dose_rate,uSv/h,50.0,1.0,6360,0.0003622999938670546,True,,1,0.1,0.09000000000000001,False,,0.0005769999988842756,
1157,RADIATION,RADIATION,523180.920497467,5696904.290406497,26,40,20.0,27845.466068520273,1.5425779827813986,ground_equivalent_excess_gamma_dose_rate,uSv/h,50.0,1.0,6360,0.0003420999855734408,True,,1,0.1,0.09000000000000001,False,,0.0005699999746866524,
1158,RADIATION,RADIATION,523180.920497467,5696884.290406497,25,40,20.0,27865.466068520273,1.3659694109757612,ground_equivalent_excess_gamma_dose_rate,uSv/h,50.0,1.0,6360,0.0003394000232219696,True,,1,0.1,0.09000000000000001,False,,0.0005687999946530908,
1159,RADIATION,RADIATION,523160.920497467,5696884.290406497,25,39,20.0,27885.466068520273,1.7147385185717845,ground_equivalent_excess_gamma_dose_rate,uSv/h,50.0,1.0,6360,0.0003412000078242272,True,,1,0.1,0.09000000000000001,False,,0.0005658000009134412,
1160,RADIATION,RADIATION,523140.920497467,5696884.290406497,25,38,20.0,27905.466068520273,2.1864211221061307,ground_equivalent_excess_gamma_dose_rate,uSv/h,50.0,1.0,6360,0.00033790001180022955,True,,1,0.1,0.09000000000000001,False,,0.0006621000065933913,
1161,RADIATION,RADIATION,523160.920497467,5696884.290406497,25,39,20.0,27925.466068520273,1.7147385185717845,ground_equivalent_excess_gamma_dose_rate,uSv/h,50.0,1.0,6360,0.00032589997863397,True,,1,0.1,0.09000000000000001,False,,0.0005612999957520515,
1162,RADIATION,RADIATION,523180.920497467,5696904.290406497,26,40,28.284271247461902,27953.750339767736,1.5425779827813986,ground_equivalent_excess_gamma_dose_rate,uSv/h,50.0,1.0,6360,0.0003276999923400581,True,,1,0.1,0.09000000000000001,False,,0.0005781000072602183,
1163,RADIATION,RADIATION,523180.920497467,5696924.290406497,27,40,20.0,27973.750339767736,1.699027428519327,ground_equivalent_excess_gamma_dose_rate,uSv/h,50.0,1.0,6360,0.00034940001205541193,True,,1,0.1,0.09000000000000001,False,,0.0005658000009134412,
1164,RADIATION,RADIATION,523160.920497467,5696924.290406497,27,39,20.0,27993.750339767736,2.3072578907393737,ground_equivalent_excess_gamma_dose_rate,uSv/h,50.0,1.0,6360,0.0003391999925952405,True,,1,0.1,0.09000000000000001,False,,0.0005684999923687428,
1165,RADIATION,RADIATION,523180.920497467,5696904.290406497,26,40,28.284271247461902,28022.0346110152,1.5425779827813986,ground_equivalent_excess_gamma_dose_rate,uSv/h,50.0,1.0,6360,0.00034180001239292324,True,,1,0.1,0.09000000000000001,False,,0.0005661000031977892,
1166,RADIATION,RADIATION,523180.920497467,5696924.290406497,27,40,20.0,28042.0346110152,1.699027428519327,ground_equivalent_excess_gamma_dose_rate,uSv/h,50.0,1.0,6360,0.0003276000206824392,True,,1,0.1,0.09000000000000001,False,,0.0005951999919489026,
1167,RADIATION,RADIATION,523160.920497467,5696904.290406497,26,39,28.284271247461902,28070.31888226266,2.0168447937655554,ground_equivalent_excess_gamma_dose_rate,uSv/h,50.0,1.0,6360,0.0003386999887879938,True,,1,0.1,0.09000000000000001,False,,0.000588100025197491,
1168,RADIATION,RADIATION,523180.920497467,5696904.290406497,26,40,20.0,28090.31888226266,1.5425779827813986,ground_equivalent_excess_gamma_dose_rate,uSv/h,50.0,1.0,6360,0.00032869999995455146,True,,1,0.1,0.09000000000000001,False,,0.0005798999918624759,
1169,RADIATION,RADIATION,523160.920497467,5696904.290406497,26,39,20.0,28110.31888226266,2.0168447937655554,ground_equivalent_excess_gamma_dose_rate,uSv/h,50.0,1.0,6360,0.0003260999801568687,True,,1,0.1,0.09000000000000001,False,,0.0005794999888166785,
1170,RADIATION,RADIATION,523160.920497467,5696884.290406497,25,39,20.0,28130.31888226266,1.7147385185717845,ground_equivalent_excess_gamma_dose_rate,uSv/h,50.0,1.0,6360,0.0003339000104460865,True,,1,0.1,0.09000000000000001,False,,0.0005638000147882849,
1171,RADIATION,RADIATION,523180.920497467,5696884.290406497,25,40,20.0,28150.31888226266,1.3659694109757612,ground_equivalent_excess_gamma_dose_rate,uSv/h,50.0,1.0,6360,0.0003279999946244061,True,,1,0.1,0.09000000000000001,False,,0.0005691999976988882,
1172,RADIATION,RADIATION,523200.920497467,5696864.290406497,24,41,28.284271247461902,28178.603153510125,0.9963116540791148,ground_equivalent_excess_gamma_dose_rate,uSv/h,50.0,1.0,6360,0.00033920002169907093,True,,1,0.1,0.09000000000000001,False,,0.0005658000009134412,
1173,RADIATION,RADIATION,523200.920497467,5696844.290406497,23,41,20.0,28198.603153510125,0.8898554848028939,ground_equivalent_excess_gamma_dose_rate,uSv/h,50.0,1.0,6360,0.00033320000511594117,True,,1,0.1,0.09000000000000001,False,,0.0005620000010821968,
1174,RADIATION,RADIATION,523180.920497467,5696864.290406497,24,40,28.284271247461902,28226.887424757588,1.1937203263495617,ground_equivalent_excess_gamma_dose_rate,uSv/h,50.0,1.0,6360,0.00032950000604614615,True,,1,0.1,0.09000000000000001,False,,0.0005681999900843948,
1175,RADIATION,RADIATION,523180.920497467,5696844.290406497,23,40,20.0,28246.887424757588,1.0390476911437803,ground_equivalent_excess_gamma_dose_rate,uSv/h,50.0,1.0,6360,0.00033290000283159316,True,,1,0.1,0.09000000000000001,False,,0.0005643999902531505,
1176,RADIATION,RADIATION,523160.920497467,5696864.290406497,24,39,28.284271247461902,28275.17169600505,1.4431661181376292,ground_equivalent_excess_gamma_dose_rate,uSv/h,50.0,1.0,6360,0.0003299000090919435,True,,1,0.1,0.09000000000000001,False,,0.0005868000152986497,
1177,RADIATION,RADIATION,523160.920497467,5696844.290406497,23,39,20.0,28295.17169600505,1.216580895857152,ground_equivalent_excess_gamma_dose_rate,uSv/h,50.0,1.0,6360,0.00047420000191777945,True,,1,0.1,0.09000000000000001,False,,0.0008254999993368983,
1178,RADIATION,RADIATION,523140.920497467,5696844.290406497,23,38,20.0,28315.17169600505,1.420874613302384,ground_equivalent_excess_gamma_dose_rate,uSv/h,50.0,1.0,6360,0.0003632000007200986,True,,1,0.1,0.09000000000000001,False,,0.0006388999754562974,
1179,RADIATION,RADIATION,523140.920497467,5696864.290406497,24,38,20.0,28335.17169600505,1.751763862894859,ground_equivalent_excess_gamma_dose_rate,uSv/h,50.0,1.0,6360,0.00036399997770786285,True,,1,0.1,0.09000000000000001,False,,0.0006151999987196177,
1180,RADIATION,RADIATION,523140.920497467,5696844.290406497,23,38,20.0,28355.17169600505,1.420874613302384,ground_equivalent_excess_gamma_dose_rate,uSv/h,50.0,1.0,6360,0.00033730000723153353,True,,1,0.1,0.09000000000000001,False,,0.00058230001013726,
1181,RADIATION,RADIATION,523140.920497467,5696864.290406497,24,38,20.0,28375.17169600505,1.751763862894859,ground_equivalent_excess_gamma_dose_rate,uSv/h,50.0,1.0,6360,0.0003315000212751329,True,,1,0.1,0.09000000000000001,False,,0.0005902000120840967,
1182,RADIATION,RADIATION,523120.920497467,5696884.290406497,25,37,28.284271247461902,28403.455967252514,2.805803382385994,ground_equivalent_excess_gamma_dose_rate,uSv/h,50.0,1.0,6360,0.0003563000063877553,True,,1,0.1,0.09000000000000001,False,,0.0005766999965999275,
1183,RADIATION,RADIATION,523140.920497467,5696904.290406497,26,38,28.284271247461902,28431.740238499977,2.7266401906796465,ground_equivalent_excess_gamma_dose_rate,uSv/h,50.0,1.0,6360,0.0003285999991931021,True,,1,0.1,0.09000000000000001,False,,0.0005699000030290335,
1184,RADIATION,RADIATION,523140.920497467,5696884.290406497,25,38,20.0,28451.740238499977,2.1864211221061307,ground_equivalent_excess_gamma_dose_rate,uSv/h,50.0,1.0,6360,0.00032709998777136207,True,,1,0.1,0.09000000000000001,False,,0.0005602999881375581,
1185,RADIATION,RADIATION,523120.920497467,5696904.290406497,26,37,28.284271247461902,28480.02450974744,3.802838981129028,ground_equivalent_excess_gamma_dose_rate,uSv/h,50.0,1.0,6360,0.0003308999876026064,True,,1,0.1,0.09000000000000001,False,,0.000575800018850714,
1186,RADIATION,RADIATION,523140.920497467,5696924.290406497,27,38,28.284271247461902,28508.308780994903,3.3129955298339526,ground_equivalent_excess_gamma_dose_rate,uSv/h,50.0,1.0,6360,0.00033650000113993883,True,,1,0.1,0.09000000000000001,False,,0.0005903999845031649,
1187,RADIATION,RADIATION,523140.920497467,5696944.290406497,28,38,20.0,28528.308780994903,3.777395656925607,ground_equivalent_excess_gamma_dose_rate,uSv/h,50.0,1.0,6360,0.00032740001915954053,True,,1,0.1,0.09000000000000001,False,,0.0005637000140268356,
1188,RADIATION,RADIATION,523140.920497467,5696924.290406497,27,38,20.0,28548.308780994903,3.3129955298339526,ground_equivalent_excess_gamma_dose_rate,uSv/h,50.0,1.0,6360,0.00032560000545345247,True,,1,0.1,0.09000000000000001,False,,0.0005746000097133219,
1189,RADIATION,RADIATION,523140.920497467,5696944.290406497,28,38,20.0,28568.308780994903,3.777395656925607,ground_equivalent_excess_gamma_dose_rate,uSv/h,50.0,1.0,6360,0.00034660001983866096,True,,1,0.1,0.09000000000000001,False,,0.0005920999974478036,
1190,RADIATION,RADIATION,523120.920497467,5696924.290406497,27,37,28.284271247461902,28596.593052242366,5.105413604429917,ground_equivalent_excess_gamma_dose_rate,uSv/h,50.0,1.0,6360,0.0003308999876026064,True,,1,0.1,0.09000000000000001,False,,0.0005629000079352409,
1191,RADIATION,RADIATION,523140.920497467,5696924.290406497,27,38,20.0,28616.593052242366,3.3129955298339526,ground_equivalent_excess_gamma_dose_rate,uSv/h,50.0,1.0,6360,0.00033900002017617226,True,,1,0.1,0.09000000000000001,False,,0.0005593000096268952,
1192,RADIATION,RADIATION,523120.920497467,5696924.290406497,27,37,20.0,28636.593052242366,5.105413604429917,ground_equivalent_excess_gamma_dose_rate,uSv/h,50.0,1.0,6360,0.00035030001890845597,True,,1,0.1,0.09000000000000001,False,,0.0005702000053133816,
1193,RADIATION,RADIATION,523140.920497467,5696924.290406497,27,38,20.0,28656.593052242366,3.3129955298339526,ground_equivalent_excess_gamma_dose_rate,uSv/h,50.0,1.0,6360,0.00033049998455680907,True,,1,0.1,0.09000000000000001,False,,0.0005805999971926212,
1194,RADIATION,RADIATION,523160.920497467,5696924.290406497,27,39,20.0,28676.593052242366,2.3072578907393737,ground_equivalent_excess_gamma_dose_rate,uSv/h,50.0,1.0,6360,0.00033129999064840376,True,,1,0.1,0.09000000000000001,False,,0.0005713999853469431,
1195,RADIATION,RADIATION,523140.920497467,5696904.290406497,26,38,28.284271247461902,28704.87732348983,2.7266401906796465,ground_equivalent_excess_gamma_dose_rate,uSv/h,50.0,1.0,6360,0.00033569999504834414,True,,1,0.1,0.09000000000000001,False,,0.0006625999812968075,
1196,RADIATION,RADIATION,523160.920497467,5696904.290406497,26,39,20.0,28724.87732348983,2.0168447937655554,ground_equivalent_excess_gamma_dose_rate,uSv/h,50.0,1.0,6360,0.00033030001213774085,True,,1,0.1,0.09000000000000001,False,,0.0005674999847542495,
1197,RADIATION,RADIATION,523180.920497467,5696924.290406497,27,40,28.284271247461902,28753.161594737292,1.699027428519327,ground_equivalent_excess_gamma_dose_rate,uSv/h,50.0,1.0,6360,0.0003276999923400581,True,,1,0.1,0.09000000000000001,False,,0.0005696000007446855,
1198,RADIATION,RADIATION,523160.920497467,5696924.290406497,27,39,20.0,28773.161594737292,2.3072578907393737,ground_equivalent_excess_gamma_dose_rate,uSv/h,50.0,1.0,6360,0.00033820001408457756,True,,1,0.1,0.09000000000000001,False,,0.0005615999980363995,
1199,RADIATION,RADIATION,523180.920497467,5696904.290406497,26,40,28.284271247461902,28801.445865984755,1.5425779827813986,ground_equivalent_excess_gamma_dose_rate,uSv/h,50.0,1.0,6360,0.0003249000001233071,True,,1,0.1,0.09000000000000001,False,,0.0005615999980363995,
1200,RADIATION,RADIATION,523200.920497467,5696924.290406497,27,41,28.284271247461902,28829.730137232218,1.3064986859134509,ground_equivalent_excess_gamma_dose_rate,uSv/h,50.0,1.0,6360,0.00032589997863397,True,,1,0.1,0.09000000000000001,False,,0.0005640000163111836,
1201,RADIATION,RADIATION,523180.920497467,5696904.290406497,26,40,28.284271247461902,28858.01440847968,1.5425779827813986,ground_equivalent_excess_gamma_dose_rate,uSv/h,50.0,1.0,6360,0.0003217000048607588,True,,1,0.1,0.09000000000000001,False,,0.0005575999966822565,
1202,RADIATION,RADIATION,523160.920497467,5696904.290406497,26,39,20.0,28878.01440847968,2.0168447937655554,ground_equivalent_excess_gamma_dose_rate,uSv/h,50.0,1.0,6360,0.00032130000181496143,True,,1,0.1,0.09000000000000001,False,,0.0005696000007446855,
1203,RADIATION,RADIATION,523180.920497467,5696904.290406497,26,40,20.0,28898.01440847968,1.5425779827813986,ground_equivalent_excess_gamma_dose_rate,uSv/h,50.0,1.0,6360,0.00041110001620836556,True,,1,0.1,0.09000000000000001,False,,0.0005555000097956508,
1204,RADIATION,RADIATION,523160.920497467,5696904.290406497,26,39,20.0,28918.01440847968,2.0168447937655554,ground_equivalent_excess_gamma_dose_rate,uSv/h,50.0,1.0,6360,0.0003459000145085156,True,,1,0.1,0.09000000000000001,False,,0.000648700020974502,
1205,RADIATION,RADIATION,523180.920497467,5696924.290406497,27,40,28.284271247461902,28946.298679727144,1.699027428519327,ground_equivalent_excess_gamma_dose_rate,uSv/h,50.0,1.0,6360,0.0003488999791443348,True,,1,0.1,0.09000000000000001,False,,0.0005929000035393983,
1206,RADIATION,RADIATION,523160.920497467,5696924.290406497,27,39,20.0,28966.298679727144,2.3072578907393737,ground_equivalent_excess_gamma_dose_rate,uSv/h,50.0,1.0,6360,0.00033510001958347857,True,,1,0.1,0.09000000000000001,False,,0.0005914999928791076,
1207,RADIATION,RADIATION,523180.920497467,5696944.290406497,28,40,28.284271247461902,28994.582950974607,1.8026883468028936,ground_equivalent_excess_gamma_dose_rate,uSv/h,50.0,1.0,6360,0.00033719997736625373,True,,1,0.1,0.09000000000000001,False,,0.0005895000067539513,
1208,RADIATION,RADIATION,523160.920497467,5696924.290406497,27,39,28.284271247461902,29022.86722222207,2.3072578907393737,ground_equivalent_excess_gamma_dose_rate,uSv/h,50.0,1.0,6360,0.0003302999830339104,True,,1,0.1,0.09000000000000001,False,,0.0006426000036299229,
1209,RADIATION,RADIATION,523140.920497467,5696944.290406497,28,38,28.284271247461902,29051.151493469533,3.777395656925607,ground_equivalent_excess_gamma_dose_rate,uSv/h,50.0,1.0,6360,0.00033760000951588154,True,,1,0.1,0.09000000000000001,False,,0.0005908000166527927,
1210,RADIATION,RADIATION,523160.920497467,5696944.290406497,28,39,20.0,29071.151493469533,2.513471875294036,ground_equivalent_excess_gamma_dose_rate,uSv/h,50.0,1.0,6360,0.0003271000168751925,True,,1,0.1,0.09000000000000001,False,,0.0005663000047206879,
1211,RADIATION,RADIATION,523160.920497467,5696924.290406497,27,39,20.0,29091.151493469533,2.3072578907393737,ground_equivalent_excess_gamma_dose_rate,uSv/h,50.0,1.0,6360,0.00032980000833049417,True,,1,0.1,0.09000000000000001,False,,0.0005710999830625951,
1212,RADIATION,RADIATION,523160.920497467,5696904.290406497,26,39,20.0,29111.151493469533,2.0168447937655554,ground_equivalent_excess_gamma_dose_rate,uSv/h,50.0,1.0,6360,0.0003420000139158219,True,,1,0.1,0.09000000000000001,False,,0.0005629000079352409,
1213,RADIATION,RADIATION,523140.920497467,5696924.290406497,27,38,28.284271247461902,29139.435764716996,3.3129955298339526,ground_equivalent_excess_gamma_dose_rate,uSv/h,50.0,1.0,6360,0.0003305000136606395,True,,1,0.1,0.09000000000000001,False,,0.0005727999960072339,
1214,RADIATION,RADIATION,523120.920497467,5696944.290406497,28,37,28.284271247461902,29167.72003596446,6.352116631443011,ground_equivalent_excess_gamma_dose_rate,uSv/h,50.0,1.0,6360,0.00034260001848451793,True,,1,0.1,0.09000000000000001,False,,0.0005620000010821968,
1215,RADIATION,RADIATION,523140.920497467,5696944.290406497,28,38,20.0,29187.72003596446,3.777395656925607,ground_equivalent_excess_gamma_dose_rate,uSv/h,50.0,1.0,6360,0.00032309998641721904,True,,1,0.1,0.09000000000000001,False,,0.0005610999942291528,
1216,RADIATION,RADIATION,523120.920497467,5696924.290406497,27,37,28.284271247461902,29216.004307211922,5.105413604429917,ground_equivalent_excess_gamma_dose_rate,uSv/h,50.0,1.0,6360,0.00033239999902434647,True,,1,0.1,0.09000000000000001,False,,0.0005717000167351216,
1217,RADIATION,RADIATION,523140.920497467,5696924.290406497,27,38,20.0,29236.004307211922,3.3129955298339526,ground_equivalent_excess_gamma_dose_rate,uSv/h,50.0,1.0,6360,0.000503500021295622,True,,1,0.1,0.09000000000000001,False,,0.0006041000015102327,
1218,RADIATION,RADIATION,523160.920497467,5696944.290406497,28,39,28.284271247461902,29264.288578459385,2.513471875294036,ground_equivalent_excess_gamma_dose_rate,uSv/h,50.0,1.0,6360,0.0005183999892324209,True,,1,0.1,0.09000000000000001,False,,0.0008468999876640737,
1219,RADIATION,RADIATION,523140.920497467,5696924.290406497,27,38,28.284271247461902,29292.57284970685,3.3129955298339526,ground_equivalent_excess_gamma_dose_rate,uSv/h,50.0,1.0,6360,0.00043169999844394624,True,,1,0.1,0.09000000000000001,False,,0.0008747999963816255,
1220,RADIATION,RADIATION,523120.920497467,5696924.290406497,27,37,20.0,29312.57284970685,5.105413604429917,ground_equivalent_excess_gamma_dose_rate,uSv/h,50.0,1.0,6360,0.00034610001603141427,True,,1,0.1,0.09000000000000001,False,,0.0006016999832354486,
1221,RADIATION,RADIATION,523100.920497467,5696924.290406497,27,36,20.0,29332.57284970685,8.509970674927498,ground_equivalent_excess_gamma_dose_rate,uSv/h,50.0,1.0,6360,0.0003369000041857362,True,,1,0.1,0.09000000000000001,False,,0.0005668000085279346,
1222,RADIATION,RADIATION,523120.920497467,5696944.290406497,28,37,28.284271247461902,29360.85712095431,6.352116631443011,ground_equivalent_excess_gamma_dose_rate,uSv/h,50.0,1.0,6360,0.0003310999891255051,True,,1,0.1,0.09000000000000001,False,,0.0005697000015061349,
1223,RADIATION,RADIATION,523140.920497467,5696924.290406497,27,38,28.284271247461902,29389.141392201775,3.3129955298339526,ground_equivalent_excess_gamma_dose_rate,uSv/h,50.0,1.0,6360,0.00034339999547228217,True,,1,0.1,0.09000000000000001,False,,0.0005647999932989478,
1224,RADIATION,RADIATION,523120.920497467,5696924.290406497,27,37,20.0,29409.141392201775,5.105413604429917,ground_equivalent_excess_gamma_dose_rate,uSv/h,50.0,1.0,6360,0.00032869999995455146,True,,1,0.1,0.09000000000000001,False,,0.0005710000114049762,
1225,RADIATION,RADIATION,523100.920497467,5696944.290406497,28,36,28.284271247461902,29437.425663449238,12.818639381354608,ground_equivalent_excess_gamma_dose_rate,uSv/h,50.0,1.0,6360,0.0003375000087544322,True,,1,0.1,0.09000000000000001,False,,0.0005705000075977296,
1226,RADIATION,RADIATION,523080.920497467,5696924.290406497,27,35,28.284271247461902,29465.7099346967,14.585367293355093,ground_equivalent_excess_gamma_dose_rate,uSv/h,50.0,1.0,6360,0.00033519999124109745,True,,1,0.1,0.09000000000000001,False,,0.0005616999987978488,
1227,RADIATION,RADIATION,523080.920497467,5696944.290406497,28,35,20.0,29485.7099346967,35.2592836652071,ground_equivalent_excess_gamma_dose_rate,uSv/h,50.0,1.0,6360,0.00033519999124109745,True,,1,0.1,0.09000000000000001,False,,0.0005765999958384782,
1228,RADIATION,RADIATION,523080.920497467,5696964.290406497,29,35,20.0,29505.7099346967,51.38256135637399,ground_equivalent_excess_gamma_dose_rate,uSv/h,50.0,1.0,6360,0.00033019998227246106,True,,1,0.1,0.09000000000000001,False,,0.0005616000271402299,
1229,RADIATION,RADIATION,523060.920497467,5696984.290406497,30,34,28.284271247461902,29533.994205944164,41.96540976636227,ground_equivalent_excess_gamma_dose_rate,uSv/h,50.0,1.0,6360,0.0003378999826963991,True,,1,0.1,0.09000000000000001,False,,0.000580100022489205,
1230,RADIATION,RADIATION,523040.920497467,5697004.290406496,31,33,28.284271246803357,29562.27847719097,11.034607376494838,ground_equivalent_excess_gamma_dose_rate,uSv/h,50.0,1.0,6360,0.00033909999183379114,True,,1,0.1,0.09000000000000001,False,,0.0005649000231642276,
1231,RADIATION,RADIATION,523020.920497467,5697024.290406496,32,32,28.284271247461902,29590.56274843843,4.66477450920643,ground_equivalent_excess_gamma_dose_rate,uSv/h,50.0,1.0,6360,0.0003453000099398196,True,,1,0.1,0.09000000000000001,False,,0.0005874999915249646,
1232,RADIATION,RADIATION,523020.920497467,5697044.290406496,33,32,20.0,29610.56274843843,3.118800784997654,ground_equivalent_excess_gamma_dose_rate,uSv/h,50.0,1.0,6360,0.00034370002686046064,True,,1,0.1,0.09000000000000001,False,,0.0005612999957520515,
1233,RADIATION,RADIATION,523040.920497467,5697064.290406496,34,33,28.284271247461902,29638.847019685894,2.4159962715143757,ground_equivalent_excess_gamma_dose_rate,uSv/h,50.0,1.0,6360,0.00032950000604614615,True,,1,0.1,0.09000000000000001,False,,0.0005650999955832958,
1234,RADIATION,RADIATION,523020.920497467,5697064.290406496,34,32,20.0,29658.847019685894,2.225268283625433,ground_equivalent_excess_gamma_dose_rate,uSv/h,50.0,1.0,6360,0.00032920000376179814,True,,1,0.1,0.09000000000000001,False,,0.0005562999867834151,
1235,RADIATION,RADIATION,523000.920497467,5697064.290406496,34,31,20.0,29678.847019685894,1.966795405432521,ground_equivalent_excess_gamma_dose_rate,uSv/h,50.0,1.0,6360,0.00033000000985339284,True,,1,0.1,0.09000000000000001,False,,0.0005631000094581395,
1236,RADIATION,RADIATION,522980.9204974669,5697084.290406496,35,30,28.28427124750306,29707.131290933397,1.3852909703553926,ground_equivalent_excess_gamma_dose_rate,uSv/h,50.0,1.0,6360,0.00034130000858567655,True,,1,0.1,0.09000000000000001,False,,0.0005832999886479229,
1237,RADIATION,RADIATION,522980.9204974669,5697064.290406496,34,30,20.0,29727.131290933397,1.7029198211511845,ground_equivalent_excess_gamma_dose_rate,uSv/h,50.0,1.0,6360,0.0003308999876026064,True,,1,0.1,0.09000000000000001,False,,0.0005636999849230051,
1238,RADIATION,RADIATION,522980.9204974669,5697084.290406496,35,30,20.0,29747.131290933397,1.3852909703553926,ground_equivalent_excess_gamma_dose_rate,uSv/h,50.0,1.0,6360,0.00032989997998811305,True,,1,0.1,0.09000000000000001,False,,0.0005843000253662467,
1239,RADIATION,RADIATION,522980.9204974669,5697104.290406496,36,30,20.0,29767.131290933397,1.147708620863277,ground_equivalent_excess_gamma_dose_rate,uSv/h,50.0,1.0,6360,0.0003425999893806875,True,,1,0.1,0.09000000000000001,False,,0.0005646999925374985,
1240,RADIATION,RADIATION,522960.9204974669,5697124.290406496,37,29,28.284271247461902,29795.41556218086,0.9114832475808103,ground_equivalent_excess_gamma_dose_rate,uSv/h,50.0,1.0,6360,0.0003355999942868948,True,,1,0.1,0.09000000000000001,False,,0.0005669999809470028,
1241,RADIATION,RADIATION,522980.9204974669,5697104.290406496,36,30,28.284271247461902,29823.699833428323,1.147708620863277,ground_equivalent_excess_gamma_dose_rate,uSv/h,50.0,1.0,6360,0.0003457999846432358,True,,1,0.1,0.09000000000000001,False,,0.0005621000018436462,
1242,RADIATION,RADIATION,523000.920497467,5697084.290406496,35,31,28.28427124750306,29851.984104675827,1.5368676678533582,ground_equivalent_excess_gamma_dose_rate,uSv/h,50.0,1.0,6360,0.00032839999767020345,True,,1,0.1,0.09000000000000001,False,,0.0005644999910145998,
1243,RADIATION,RADIATION,522980.9204974669,5697084.290406496,35,30,20.000000000058208,29871.984104675885,1.3852909703553926,ground_equivalent_excess_gamma_dose_rate,uSv/h,50.0,1.0,6360,0.00040240000816993415,True,,1,0.1,0.09000000000000001,False,,0.0008780000207480043,
1244,RADIATION,RADIATION,522960.9204974669,5697104.290406496,36,29,28.284271247461902,29900.268375923348,1.057563606497082,ground_equivalent_excess_gamma_dose_rate,uSv/h,50.0,1.0,6360,0.00036630002432502806,True,,1,0.1,0.09000000000000001,False,,0.0006130000110715628,
1245,RADIATION,RADIATION,522960.9204974669,5697124.290406496,37,29,20.0,29920.268375923348,0.9114832475808103,ground_equivalent_excess_gamma_dose_rate,uSv/h,50.0,1.0,6360,0.0003429999924264848,True,,1,0.1,0.09000000000000001,False,,0.0005824999825563282,
1246,RADIATION,RADIATION,522940.9204974669,5697144.290406496,38,28,28.284271247461902,29948.55264717081,0.7597671972997284,ground_equivalent_excess_gamma_dose_rate,uSv/h,50.0,1.0,6360,0.0003425999893806875,True,,1,0.1,0.09000000000000001,False,,0.000582600012421608,
1247,RADIATION,RADIATION,522960.9204974669,5697164.290406496,39,29,28.284271247461902,29976.836918418274,0.699172496214971,ground_equivalent_excess_gamma_dose_rate,uSv/h,50.0,1.0,6360,0.00033229999826289713,True,,1,0.1,0.09000000000000001,False,,0.0005676000146195292,
1248,RADIATION,RADIATION,522980.9204974669,5697184.290406496,40,30,28.284271247461902,30005.121189665737,0.6338181060671229,ground_equivalent_excess_gamma_dose_rate,uSv/h,50.0,1.0,6360,0.0003352000203449279,True,,1,0.1,0.09000000000000001,False,,0.0005794000171590596,
1249,RADIATION,RADIATION,522960.9204974669,5697204.290406496,41,29,28.284271247461902,30033.4054609132,0.5562560758893536,ground_equivalent_excess_gamma_dose_rate,uSv/h,50.0,1.0,6360,0.00033519999124109745,True,,1,0.1,0.09000000000000001,False,,0.0005727999960072339,
1250,RADIATION,RADIATION,522980.9204974669,5697184.290406496,40,30,28.284271247461902,30061.689732160663,0.6338181060671229,ground_equivalent_excess_gamma_dose_rate,uSv/h,50.0,1.0,6360,0.00032569997711107135,True,,1,0.1,0.09000000000000001,False,,0.0005802999949082732,
1251,RADIATION,RADIATION,523000.920497467,5697184.290406496,40,31,20.000000000058208,30081.68973216072,0.6442694102165025,ground_equivalent_excess_gamma_dose_rate,uSv/h,50.0,1.0,6360,0.0003437999985180795,True,,1,0.1,0.09000000000000001,False,,0.0006470000080298632,
1252,RADIATION,RADIATION,522980.9204974669,5697184.290406496,40,30,20.000000000058208,30101.68973216078,0.6338181060671229,ground_equivalent_excess_gamma_dose_rate,uSv/h,50.0,1.0,6360,0.00032869999995455146,True,,1,0.1,0.09000000000000001,False,,0.0005684999923687428,
1253,RADIATION,RADIATION,522960.9204974669,5697204.290406496,41,29,28.284271247461902,30129.974003408242,0.5562560758893536,ground_equivalent_excess_gamma_dose_rate,uSv/h,50.0,1.0,6360,0.00033510001958347857,True,,1,0.1,0.09000000000000001,False,,0.0005665000062435865,
1254,RADIATION,RADIATION,522960.9204974669,5697224.290406496,42,29,20.0,30149.974003408242,0.5016559851821254,ground_equivalent_excess_gamma_dose_rate,uSv/h,50.0,1.0,6360,0.00032920000376179814,True,,1,0.1,0.09000000000000001,False,,0.0005777000042144209,
1255,RADIATION,RADIATION,522980.9204974669,5697204.290406496,41,30,28.284271247461902,30178.258274655705,0.5631822773344346,ground_equivalent_excess_gamma_dose_rate,uSv/h,50.0,1.0,6360,0.00032740001915954053,True,,1,0.1,0.09000000000000001,False,,0.0005948999896645546,
1256,RADIATION,RADIATION,523000.920497467,5697204.290406496,41,31,20.000000000058208,30198.258274655764,0.5683844994349689,ground_equivalent_excess_gamma_dose_rate,uSv/h,50.0,1.0,6360,0.0003328000020701438,True,,1,0.1,0.09000000000000001,False,,0.0005608999927062541,
1257,RADIATION,RADIATION,522980.9204974669,5697184.290406496,40,30,28.28427124750306,30226.542545903267,0.6338181060671229,ground_equivalent_excess_gamma_dose_rate,uSv/h,50.0,1.0,6360,0.00034020000020973384,True,,1,0.1,0.09000000000000001,False,,0.00059120001969859,
1258,RADIATION,RADIATION,522960.9204974669,5697204.290406496,41,29,28.284271247461902,30254.82681715073,0.5562560758893536,ground_equivalent_excess_gamma_dose_rate,uSv/h,50.0,1.0,6360,0.0003451000084169209,True,,1,0.1,0.09000000000000001,False,,0.0005746999813709408,
1259,RADIATION,RADIATION,522940.9204974669,5697204.290406496,41,28,20.0,30274.82681715073,0.5488268036311392,ground_equivalent_excess_gamma_dose_rate,uSv/h,50.0,1.0,6360,0.0003352999920025468,True,,1,0.1,0.09000000000000001,False,,0.0005683999916072935,
1260,RADIATION,RADIATION,522920.9204974669,5697204.290406496,41,27,20.0,30294.82681715073,0.5420515654088123,ground_equivalent_excess_gamma_dose_rate,uSv/h,50.0,1.0,6360,0.00033999999868683517,True,,1,0.1,0.09000000000000001,False,,0.0005670999817084521,
1261,RADIATION,RADIATION,522940.9204974669,5697204.290406496,41,28,20.0,30314.82681715073,0.5488268036311392,ground_equivalent_excess_gamma_dose_rate,uSv/h,50.0,1.0,6360,0.00033030001213774085,True,,1,0.1,0.09000000000000001,False,,0.0005599999858532101,
1262,RADIATION,RADIATION,522940.9204974669,5697184.290406496,40,28,20.0,30334.82681715073,0.607981923681048,ground_equivalent_excess_gamma_dose_rate,uSv/h,50.0,1.0,6360,0.0003349999897181988,True,,1,0.1,0.09000000000000001,False,,0.0005793000163976103,
1263,RADIATION,RADIATION,522960.9204974669,5697184.290406496,40,29,20.0,30354.82681715073,0.621132404575574,ground_equivalent_excess_gamma_dose_rate,uSv/h,50.0,1.0,6360,0.00032900000223889947,True,,1,0.1,0.09000000000000001,False,,0.0005637000140268356,
1264,RADIATION,RADIATION,522940.9204974669,5697204.290406496,41,28,28.284271247461902,30383.111088398193,0.5488268036311392,ground_equivalent_excess_gamma_dose_rate,uSv/h,50.0,1.0,6360,0.0003386999887879938,True,,1,0.1,0.09000000000000001,False,,0.0005783000087831169,
1265,RADIATION,RADIATION,522960.9204974669,5697184.290406496,40,29,28.284271247461902,30411.395359645656,0.621132404575574,ground_equivalent_excess_gamma_dose_rate,uSv/h,50.0,1.0,6360,0.0003265000123064965,True,,1,0.1,0.09000000000000001,False,,0.0005585000035353005,
1266,RADIATION,RADIATION,522960.9204974669,5697164.290406496,39,29,20.0,30431.395359645656,0.699172496214971,ground_equivalent_excess_gamma_dose_rate,uSv/h,50.0,1.0,6360,0.0003307999868411571,True,,1,0.1,0.09000000000000001,False,,0.0005722999921999872,
1267,RADIATION,RADIATION,522940.9204974669,5697164.290406496,39,28,20.0,30451.395359645656,0.6774764437628105,ground_equivalent_excess_gamma_dose_rate,uSv/h,50.0,1.0,6360,0.0003524000057950616,True,,1,0.1,0.09000000000000001,False,,0.0005606999911833555,
1268,RADIATION,RADIATION,522940.9204974669,5697144.290406496,38,28,20.0,30471.395359645656,0.7597671972997284,ground_equivalent_excess_gamma_dose_rate,uSv/h,50.0,1.0,6360,0.0003360999980941415,True,,1,0.1,0.09000000000000001,False,,0.0005669999809470028,
1269,RADIATION,RADIATION,522960.9204974669,5697124.290406496,37,29,28.284271247461902,30499.67963089312,0.9114832475808103,ground_equivalent_excess_gamma_dose_rate,uSv/h,50.0,1.0,6360,0.0003313999914098531,True,,1,0.1,0.09000000000000001,False,,0.0005578999989666045,
1270,RADIATION,RADIATION,522940.9204974669,5697144.290406496,38,28,28.284271247461902,30527.963902140582,0.7597671972997284,ground_equivalent_excess_gamma_dose_rate,uSv/h,50.0,1.0,6360,0.00033660000190138817,True,,1,0.1,0.09000000000000001,False,,0.0006577000021934509,
1271,RADIATION,RADIATION,522920.9204974669,5697124.290406496,37,27,28.284271247461902,30556.248173388045,0.8108872677559196,ground_equivalent_excess_gamma_dose_rate,uSv/h,50.0,1.0,6360,0.00034229998709633946,True,,1,0.1,0.09000000000000001,False,,0.0005759999912697822,
1272,RADIATION,RADIATION,522900.9204974669,5697144.290406496,38,26,28.284271247461902,30584.532444635508,0.7038703357721567,ground_equivalent_excess_gamma_dose_rate,uSv/h,50.0,1.0,6360,0.00033320000511594117,True,,1,0.1,0.09000000000000001,False,,0.0005627999780699611,
1273,RADIATION,RADIATION,522900.9204974669,5697124.290406496,37,26,20.0,30604.532444635508,0.7730535398177703,ground_equivalent_excess_gamma_dose_rate,uSv/h,50.0,1.0,6360,0.0003281999961473048,True,,1,0.1,0.09000000000000001,False,,0.0005745000089518726,
1274,RADIATION,RADIATION,522920.9204974669,5697144.290406496,38,27,28.284271247461902,30632.81671588297,0.7289273391903661,ground_equivalent_excess_gamma_dose_rate,uSv/h,50.0,1.0,6360,0.00033859998802654445,True,,1,0.1,0.09000000000000001,False,,0.0005793000163976103,
1275,RADIATION,RADIATION,522900.9204974669,5697164.290406496,39,26,28.284271247461902,30661.100987130434,0.641853648460649,ground_equivalent_excess_gamma_dose_rate,uSv/h,50.0,1.0,6360,0.00033310000435449183,True,,1,0.1,0.09000000000000001,False,,0.0005680999893229455,
1276,RADIATION,RADIATION,522920.9204974669,5697144.290406496,38,27,28.284271247461902,30689.385258377897,0.7289273391903661,ground_equivalent_excess_gamma_dose_rate,uSv/h,50.0,1.0,6360,0.0003349000180605799,True,,1,0.1,0.09000000000000001,False,,0.0005655999993905425,
1277,RADIATION,RADIATION,522940.9204974669,5697144.290406496,38,28,20.0,30709.385258377897,0.7597671972997284,ground_equivalent_excess_gamma_dose_rate,uSv/h,50.0,1.0,6360,0.00033320000511594117,True,,1,0.1,0.09000000000000001,False,,0.0005659000016748905,
1278,RADIATION,RADIATION,522920.9204974669,5697124.290406496,37,27,28.284271247461902,30737.66952962536,0.8108872677559196,ground_equivalent_excess_gamma_dose_rate,uSv/h,50.0,1.0,6360,0.00032809999538585544,True,,1,0.1,0.09000000000000001,False,,0.0005579999997280538,
1279,RADIATION,RADIATION,522900.9204974669,5697104.290406496,36,26,28.284271247461902,30765.953800872823,0.8496639122034009,ground_equivalent_excess_gamma_dose_rate,uSv/h,50.0,1.0,6360,0.0003294000052846968,True,,1,0.1,0.09000000000000001,False,,0.0005582000012509525,
1280,RADIATION,RADIATION,522920.9204974669,5697124.290406496,37,27,28.284271247461902,30794.238072120286,0.8108872677559196,ground_equivalent_excess_gamma_dose_rate,uSv/h,50.0,1.0,6360,0.00032610000926069915,True,,1,0.1,0.09000000000000001,False,,0.0005754999874625355,
1281,RADIATION,RADIATION,522920.9204974669,5697144.290406496,38,27,20.0,30814.238072120286,0.7289273391903661,ground_equivalent_excess_gamma_dose_rate,uSv/h,50.0,1.0,6360,0.0003237000200897455,True,,1,0.1,0.09000000000000001,False,,0.0005612999957520515,
1282,RADIATION,RADIATION,522920.9204974669,5697124.290406496,37,27,20.0,30834.238072120286,0.8108872677559196,ground_equivalent_excess_gamma_dose_rate,uSv/h,50.0,1.0,6360,0.0003311999898869544,True,,1,0.1,0.09000000000000001,False,,0.0005774000019300729,
1283,RADIATION,RADIATION,522940.9204974669,5697104.290406496,36,28,28.284271247461902,30862.52234336775,0.9750742918010724,ground_equivalent_excess_gamma_dose_rate,uSv/h,50.0,1.0,6360,0.00033969999640248716,True,,1,0.1,0.09000000000000001,False,,0.0005800999933853745,
1284,RADIATION,RADIATION,522940.9204974669,5697084.290406496,35,28,20.0,30882.52234336775,1.1148307721691426,ground_equivalent_excess_gamma_dose_rate,uSv/h,50.0,1.0,6360,0.00034279999090358615,True,,1,0.1,0.09000000000000001,False,,0.0005657000001519918,
1285,RADIATION,RADIATION,522920.9204974669,5697084.290406496,35,27,20.0,30902.52234336775,1.0122628049978302,ground_equivalent_excess_gamma_dose_rate,uSv/h,50.0,1.0,6360,0.00034309999318793416,True,,1,0.1,0.09000000000000001,False,,0.0005608999927062541,
1286,RADIATION,RADIATION,522940.9204974669,5697064.290406496,34,28,28.284271247461902,30930.806614615212,1.2792435190233227,ground_equivalent_excess_gamma_dose_rate,uSv/h,50.0,1.0,6360,0.00032970000756904483,True,,1,0.1,0.09000000000000001,False,,0.0005655999993905425,
1287,RADIATION,RADIATION,522960.9204974669,5697044.290406496,33,29,28.284271247461902,30959.090885862675,1.7501883514005057,ground_equivalent_excess_gamma_dose_rate,uSv/h,50.0,1.0,6360,0.00033569999504834414,True,,1,0.1,0.09000000000000001,False,,0.0005638999864459038,
1288,RADIATION,RADIATION,522980.9204974669,5697044.290406496,33,30,20.0,30979.090885862675,2.1274201609696983,ground_equivalent_excess_gamma_dose_rate,uSv/h,50.0,1.0,6360,0.0003239999932702631,True,,1,0.1,0.09000000000000001,False,,0.0005596000119112432,
1289,RADIATION,RADIATION,522980.9204974669,5697024.290406496,32,30,20.0,30999.090885862675,2.6792380202939694,ground_equivalent_excess_gamma_dose_rate,uSv/h,50.0,1.0,6360,0.0003304000128991902,True,,1,0.1,0.09000000000000001,False,,0.0005687999946530908,
1290,RADIATION,RADIATION,523000.920497467,5697044.290406496,33,31,28.28427124750306,31027.37515711018,2.5997272494345953,ground_equivalent_excess_gamma_dose_rate,uSv/h,50.0,1.0,6360,0.0003228000132367015,True,,1,0.1,0.09000000000000001,False,,0.0005638999864459038,
1291,RADIATION,RADIATION,522980.9204974669,5697064.290406496,34,30,28.28427124750306,31055.65942835768,1.7029198211511845,ground_equivalent_excess_gamma_dose_rate,uSv/h,50.0,1.0,6360,0.0003266999847255647,True,,1,0.1,0.09000000000000001,False,,0.0005831999878864735,
1292,RADIATION,RADIATION,522980.9204974669,5697084.290406496,35,30,20.0,31075.65942835768,1.3852909703553926,ground_equivalent_excess_gamma_dose_rate,uSv/h,50.0,1.0,6360,0.0003257000062149018,True,,1,0.1,0.09000000000000001,False,,0.0005645999917760491,
1293,RADIATION,RADIATION,522980.9204974669,5697064.290406496,34,30,20.0,31095.65942835768,1.7029198211511845,ground_equivalent_excess_gamma_dose_rate,uSv/h,50.0,1.0,6360,0.0003254000039305538,True,,1,0.1,0.09000000000000001,False,,0.0005617999995592982,
1294,RADIATION,RADIATION,522960.9204974669,5697084.290406496,35,29,28.284271247461902,31123.943699605145,1.2406653808570125,ground_equivalent_excess_gamma_dose_rate,uSv/h,50.0,1.0,6360,0.00033909999183379114,True,,1,0.1,0.09000000000000001,False,,0.0005553000082727522,
1295,RADIATION,RADIATION,522960.9204974669,5697104.290406496,36,29,20.0,31143.943699605145,1.057563606497082,ground_equivalent_excess_gamma_dose_rate,uSv/h,50.0,1.0,6360,0.0003310000174678862,True,,1,0.1,0.09000000000000001,False,,0.0005746000097133219,
1296,RADIATION,RADIATION,522960.9204974669,5697084.290406496,35,29,20.0,31163.943699605145,1.2406653808570125,ground_equivalent_excess_gamma_dose_rate,uSv/h,50.0,1.0,6360,0.0003315000212751329,True,,1,0.1,0.09000000000000001,False,,0.0005628000071737915,
1297,RADIATION,RADIATION,522960.9204974669,5697104.290406496,36,29,20.0,31183.943699605145,1.057563606497082,ground_equivalent_excess_gamma_dose_rate,uSv/h,50.0,1.0,6360,0.0003296000068075955,True,,1,0.1,0.09000000000000001,False,,0.0005718000174965709,
1298,RADIATION,RADIATION,522980.9204974669,5697084.290406496,35,30,28.284271247461902,31212.227970852608,1.3852909703553926,ground_equivalent_excess_gamma_dose_rate,uSv/h,50.0,1.0,6360,0.0003252000024076551,True,,1,0.1,0.09000000000000001,False,,0.0005741999775636941,
1299,RADIATION,RADIATION,522980.9204974669,5697104.290406496,36,30,20.0,31232.227970852608,1.147708620863277,ground_equivalent_excess_gamma_dose_rate,uSv/h,50.0,1.0,6360,0.0003220000071451068,True,,1,0.1,0.09000000000000001,False,,0.0005609999934677035,
1300,RADIATION,RADIATION,522960.9204974669,5697104.290406496,36,29,20.0,31252.227970852608,1.057563606497082,ground_equivalent_excess_gamma_dose_rate,uSv/h,50.0,1.0,6360,0.00032430002465844154,True,,1,0.1,0.09000000000000001,False,,0.0005736000020988286,
1301,RADIATION,RADIATION,522960.9204974669,5697124.290406496,37,29,20.0,31272.227970852608,0.9114832475808103,ground_equivalent_excess_gamma_dose_rate,uSv/h,50.0,1.0,6360,0.00034100000630132854,True,,1,0.1,0.09000000000000001,False,,0.0005595999828074127,
1302,RADIATION,RADIATION,522960.9204974669,5697104.290406496,36,29,20.0,31292.227970852608,1.057563606497082,ground_equivalent_excess_gamma_dose_rate,uSv/h,50.0,1.0,6360,0.00033260000054724514,True,,1,0.1,0.09000000000000001,False,,0.0005664000054821372,
1303,RADIATION,RADIATION,522940.9204974669,5697104.290406496,36,28,20.0,31312.227970852608,0.9750742918010724,ground_equivalent_excess_gamma_dose_rate,uSv/h,50.0,1.0,6360,0.0003434999962337315,True,,1,0.1,0.09000000000000001,False,,0.0005619000003207475,
1304,RADIATION,RADIATION,522960.9204974669,5697084.290406496,35,29,28.284271247461902,31340.51224210007,1.2406653808570125,ground_equivalent_excess_gamma_dose_rate,uSv/h,50.0,1.0,6360,0.0003257000062149018,True,,1,0.1,0.09000000000000001,False,,0.0005613999965135008,
1305,RADIATION,RADIATION,522960.9204974669,5697064.290406496,34,29,20.0,31360.51224210007,1.4695353616418028,ground_equivalent_excess_gamma_dose_rate,uSv/h,50.0,1.0,6360,0.00033439998514950275,True,,1,0.1,0.09000000000000001,False,,0.0005590000073425472,
1306,RADIATION,RADIATION,522980.9204974669,5697044.290406496,33,30,28.284271247461902,31388.796513347534,2.1274201609696983,ground_equivalent_excess_gamma_dose_rate,uSv/h,50.0,1.0,6360,0.0003245999978389591,True,,1,0.1,0.09000000000000001,False,,0.0005657000001519918,
1307,RADIATION,RADIATION,522960.9204974669,5697044.290406496,33,29,20.0,31408.796513347534,1.7501883514005057,ground_equivalent_excess_gamma_dose_rate,uSv/h,50.0,1.0,6360,0.00033599999733269215,True,,1,0.1,0.09000000000000001,False,,0.0006559999892488122,
1308,RADIATION,RADIATION,522960.9204974669,5697024.290406496,32,29,20.0,31428.796513347534,2.0778686479972897,ground_equivalent_excess_gamma_dose_rate,uSv/h,50.0,1.0,6360,0.00033420001273043454,True,,1,0.1,0.09000000000000001,False,,0.0005665000062435865,
1309,RADIATION,RADIATION,522940.9204974669,5697044.290406496,33,28,28.284271247461902,31457.080784594997,1.4668568880768185,ground_equivalent_excess_gamma_dose_rate,uSv/h,50.0,1.0,6360,0.000444200006313622,True,,1,0.1,0.09000000000000001,False,,0.0005807999987155199,
1310,RADIATION,RADIATION,522960.9204974669,5697044.290406496,33,29,20.0,31477.080784594997,1.7501883514005057,ground_equivalent_excess_gamma_dose_rate,uSv/h,50.0,1.0,6360,0.0003556000010576099,True,,1,0.1,0.09000000000000001,False,,0.0005705000075977296,
1311,RADIATION,RADIATION,522960.9204974669,5697064.290406496,34,29,20.0,31497.080784594997,1.4695353616418028,ground_equivalent_excess_gamma_dose_rate,uSv/h,50.0,1.0,6360,0.00036539998836815357,True,,1,0.1,0.09000000000000001,False,,0.0005647000216413289,
1312,RADIATION,RADIATION,522940.9204974669,5697084.290406496,35,28,28.284271247461902,31525.36505584246,1.1148307721691426,ground_equivalent_excess_gamma_dose_rate,uSv/h,50.0,1.0,6360,0.0003476999991107732,True,,1,0.1,0.09000000000000001,False,,0.0006144999933894724,
1313,RADIATION,RADIATION,522940.9204974669,5697064.290406496,34,28,20.0,31545.36505584246,1.2792435190233227,ground_equivalent_excess_gamma_dose_rate,uSv/h,50.0,1.0,6360,0.00033039998379535973,True,,1,0.1,0.09000000000000001,False,,0.0005693999992217869,
1314,RADIATION,RADIATION,522920.9204974669,5697044.290406496,33,27,28.284271247461902,31573.649327089923,1.2606461475345476,ground_equivalent_excess_gamma_dose_rate,uSv/h,50.0,1.0,6360,0.00034160001087002456,True,,1,0.1,0.09000000000000001,False,,0.0005839000223204494,
1315,RADIATION,RADIATION,522900.9204974669,5697044.290406496,33,26,20.0,31593.649327089923,1.1141167666234255,ground_equivalent_excess_gamma_dose_rate,uSv/h,50.0,1.0,6360,0.0003378000110387802,True,,1,0.1,0.09000000000000001,False,,0.0005659000016748905,
1316,RADIATION,RADIATION,522880.9204974669,5697044.290406496,33,25,20.0,31613.649327089923,1.0135288377907832,ground_equivalent_excess_gamma_dose_rate,uSv/h,50.0,1.0,6360,0.00035009998828172684,True,,1,0.1,0.09000000000000001,False,,0.0005672000115737319,
1317,RADIATION,RADIATION,522880.9204974669,5697024.290406496,32,25,20.0,31633.649327089923,1.0767835451662648,ground_equivalent_excess_gamma_dose_rate,uSv/h,50.0,1.0,6360,0.0003412999794818461,True,,1,0.1,0.09000000000000001,False,,0.0005619000003207475,
1318,RADIATION,RADIATION,522880.9204974669,5697044.290406496,33,25,20.0,31653.649327089923,1.0135288377907832,ground_equivalent_excess_gamma_dose_rate,uSv/h,50.0,1.0,6360,0.00032289998489432037,True,,1,0.1,0.09000000000000001,False,,0.0005645999917760491,
1319,RADIATION,RADIATION,522900.9204974669,5697044.290406496,33,26,20.0,31673.649327089923,1.1141167666234255,ground_equivalent_excess_gamma_dose_rate,uSv/h,50.0,1.0,6360,0.00033099998836405575,True,,1,0.1,0.09000000000000001,False,,0.0005724999937228858,
1320,RADIATION,RADIATION,522880.9204974669,5697064.290406496,34,25,28.284271247461902,31701.933598337386,0.9455951447106161,ground_equivalent_excess_gamma_dose_rate,uSv/h,50.0,1.0,6360,0.00032980000833049417,True,,1,0.1,0.09000000000000001,False,,0.0005655999993905425,
1321,RADIATION,RADIATION,522860.9204974669,5697044.290406496,33,24,28.284271247461902,31730.21786958485,0.9492843330231135,ground_equivalent_excess_gamma_dose_rate,uSv/h,50.0,1.0,6360,0.0003315000212751329,True,,1,0.1,0.09000000000000001,False,,0.000575500016566366,
1322,RADIATION,RADIATION,522860.9204974669,5697064.290406496,34,24,20.0,31750.21786958485,0.896399546296561,ground_equivalent_excess_gamma_dose_rate,uSv/h,50.0,1.0,6360,0.00032389999250881374,True,,1,0.1,0.09000000000000001,False,,0.0005603000172413886,
1323,RADIATION,RADIATION,522860.9204974669,5697044.290406496,33,24,20.0,31770.21786958485,0.9492843330231135,ground_equivalent_excess_gamma_dose_rate,uSv/h,50.0,1.0,6360,0.0003276999923400581,True,,1,0.1,0.09000000000000001,False,,0.0005924000288359821,
1324,RADIATION,RADIATION,522840.9204974669,5697044.290406496,33,23,20.0,31790.21786958485,0.9153688018291217,ground_equivalent_excess_gamma_dose_rate,uSv/h,50.0,1.0,6360,0.0003344000142533332,True,,1,0.1,0.09000000000000001,False,,0.0005594999820459634,
1325,RADIATION,RADIATION,522820.9204974669,5697044.290406496,33,22,20.0,31810.21786958485,0.9088012554737361,ground_equivalent_excess_gamma_dose_rate,uSv/h,50.0,1.0,6360,0.00033480001729913056,True,,1,0.1,0.09000000000000001,False,,0.0005675000138580799,
1326,RADIATION,RADIATION,522820.9204974669,5697064.290406496,34,22,20.0,31830.21786958485,0.8709612907034778,ground_equivalent_excess_gamma_dose_rate,uSv/h,50.0,1.0,6360,0.00034279999090358615,True,,1,0.1,0.09000000000000001,False,,0.0005608999927062541,
1327,RADIATION,RADIATION,522820.9204974669,5697084.290406496,35,22,20.0,31850.21786958485,0.8282822780462791,ground_equivalent_excess_gamma_dose_rate,uSv/h,50.0,1.0,6360,0.0003277999931015074,True,,1,0.1,0.09000000000000001,False,,0.0005457000224851072,
1328,RADIATION,RADIATION,522840.9204974669,5697064.290406496,34,23,28.284271247461902,31878.502140832312,0.8719378713706047,ground_equivalent_excess_gamma_dose_rate,uSv/h,50.0,1.0,6360,0.00032419999479316175,True,,1,0.1,0.09000000000000001,False,,0.0005644999910145998,
1329,RADIATION,RADIATION,522840.9204974669,5697044.290406496,33,23,20.0,31898.502140832312,0.9153688018291217,ground_equivalent_excess_gamma_dose_rate,uSv/h,50.0,1.0,6360,0.00032770002144388855,True,,1,0.1,0.09000000000000001,False,,0.0005615999980363995,
1330,RADIATION,RADIATION,522860.9204974669,5697024.290406496,32,24,28.284271247461902,31926.786412079775,0.9969834956815948,ground_equivalent_excess_gamma_dose_rate,uSv/h,50.0,1.0,6360,0.0003282999969087541,True,,1,0.1,0.09000000000000001,False,,0.0005727999960072339,
1331,RADIATION,RADIATION,522880.9204974669,5697004.290406496,31,25,28.284271247461902,31955.070683327238,1.1307641271894169,ground_equivalent_excess_gamma_dose_rate,uSv/h,50.0,1.0,6360,0.0003341000119689852,True,,1,0.1,0.09000000000000001,False,,0.0005628000071737915,
1332,RADIATION,RADIATION,522880.9204974669,5696984.290406497,30,25,19.999999999068677,31975.070683326307,1.1707404948278537,ground_equivalent_excess_gamma_dose_rate,uSv/h,50.0,1.0,6360,0.0003301000106148422,True,,1,0.1,0.09000000000000001,False,,0.0005748999828938395,
1333,RADIATION,RADIATION,522880.9204974669,5696964.290406497,29,25,20.0,31995.070683326307,1.193008502762574,ground_equivalent_excess_gamma_dose_rate,uSv/h,50.0,1.0,6360,0.00035200000274926424,True,,1,0.1,0.09000000000000001,False,,0.0005732999998144805,
1334,RADIATION,RADIATION,522880.9204974669,5696944.290406497,28,25,20.0,32015.070683326307,1.1960918405798797,ground_equivalent_excess_gamma_dose_rate,uSv/h,50.0,1.0,6360,0.0003389000194147229,True,,1,0.1,0.09000000000000001,False,,0.0005773000011686236,
1335,RADIATION,RADIATION,522860.9204974669,5696944.290406497,28,24,20.0,32035.070683326307,1.0874564741250985,ground_equivalent_excess_gamma_dose_rate,uSv/h,50.0,1.0,6360,0.0003562999772839248,True,,1,0.1,0.09000000000000001,False,,0.0005635999841615558,
1336,RADIATION,RADIATION,522880.9204974669,5696924.290406497,27,25,28.284271247461902,32063.35495457377,1.1813860712204227,ground_equivalent_excess_gamma_dose_rate,uSv/h,50.0,1.0,6360,0.0003349000180605799,True,,1,0.1,0.09000000000000001,False,,0.0005609000218100846,
1337,RADIATION,RADIATION,522860.9204974669,5696924.290406497,27,24,20.0,32083.35495457377,1.0805232010846915,ground_equivalent_excess_gamma_dose_rate,uSv/h,50.0,1.0,6360,0.0003293000045232475,True,,1,0.1,0.09000000000000001,False,,0.0005810000002384186,
1338,RADIATION,RADIATION,522840.9204974669,5696944.290406497,28,23,28.284271247461902,32111.639225821233,1.0233832436624404,ground_equivalent_excess_gamma_dose_rate,uSv/h,50.0,1.0,6360,0.0003403000009711832,True,,1,0.1,0.09000000000000001,False,,0.0005634000117424875,
1339,RADIATION,RADIATION,522840.9204974669,5696924.290406497,27,23,20.0,32131.639225821233,1.0202119853486757,ground_equivalent_excess_gamma_dose_rate,uSv/h,50.0,1.0,6360,0.0003316999936942011,True,,1,0.1,0.09000000000000001,False,,0.0005781999789178371,
1340,RADIATION,RADIATION,522860.9204974669,5696944.290406497,28,24,28.284271247461902,32159.923497068696,1.0874564741250985,ground_equivalent_excess_gamma_dose_rate,uSv/h,50.0,1.0,6360,0.0003229999856557697,True,,1,0.1,0.09000000000000001,False,,0.0005678999878000468,
1341,RADIATION,RADIATION,522860.9204974669,5696964.290406497,29,24,20.0,32179.923497068696,1.0830249660296263,ground_equivalent_excess_gamma_dose_rate,uSv/h,50.0,1.0,6360,0.00032740001915954053,True,,1,0.1,0.09000000000000001,False,,0.000575800018850714,
1342,RADIATION,RADIATION,522860.9204974669,5696944.290406497,28,24,20.0,32199.923497068696,1.0874564741250985,ground_equivalent_excess_gamma_dose_rate,uSv/h,50.0,1.0,6360,0.00033500001882202923,True,,1,0.1,0.09000000000000001,False,,0.0005603000172413886,
1343,RADIATION,RADIATION,522880.9204974669,5696924.290406497,27,25,28.284271247461902,32228.20776831616,1.1813860712204227,ground_equivalent_excess_gamma_dose_rate,uSv/h,50.0,1.0,6360,0.0003242999955546111,True,,1,0.1,0.09000000000000001,False,,0.0005637000140268356,
1344,RADIATION,RADIATION,522880.9204974669,5696904.290406497,26,25,20.0,32248.20776831616,1.1528658973501207,ground_equivalent_excess_gamma_dose_rate,uSv/h,50.0,1.0,6360,0.0003577999887056649,True,,1,0.1,0.09000000000000001,False,,0.0005577999982051551,
1345,RADIATION,RADIATION,522900.9204974669,5696884.290406497,25,26,28.284271247461902,32276.49203956362,1.2254574697389329,ground_equivalent_excess_gamma_dose_rate,uSv/h,50.0,1.0,6360,0.00033160002203658223,True,,1,0.1,0.09000000000000001,False,,0.0005606999911833555,
1346,RADIATION,RADIATION,522920.9204974669,5696864.290406497,24,27,28.284271247461902,32304.776310811085,1.2775068845307693,ground_equivalent_excess_gamma_dose_rate,uSv/h,50.0,1.0,6360,0.0003285999991931021,True,,1,0.1,0.09000000000000001,False,,0.0005743000074289739,
1347,RADIATION,RADIATION,522920.9204974669,5696844.290406497,23,27,20.0,32324.776310811085,1.177712526613647,ground_equivalent_excess_gamma_dose_rate,uSv/h,50.0,1.0,6360,0.0003319999959785491,True,,1,0.1,0.09000000000000001,False,,0.0005624000041279942,
1348,RADIATION,RADIATION,522900.9204974669,5696824.290406497,22,26,28.284271247461902,32353.060582058548,1.0416113376285707,ground_equivalent_excess_gamma_dose_rate,uSv/h,50.0,1.0,6360,0.00033629999961704016,True,,1,0.1,0.09000000000000001,False,,0.0005849000008311123,
1349,RADIATION,RADIATION,522880.9204974669,5696824.290406497,22,25,20.0,32373.060582058548,1.008755207495051,ground_equivalent_excess_gamma_dose_rate,uSv/h,50.0,1.0,6360,0.0003367999743204564,True,,1,0.1,0.09000000000000001,False,,0.0005668999801855534,
1350,RADIATION,RADIATION,522860.9204974669,5696844.290406497,23,24,28.284271247461902,32401.34485330601,1.0042199334666573,ground_equivalent_excess_gamma_dose_rate,uSv/h,50.0,1.0,6360,0.00033500001882202923,True,,1,0.1,0.09000000000000001,False,,0.0005853000038769096,
1351,RADIATION,RADIATION,522880.9204974669,5696824.290406497,22,25,28.284271247461902,32429.629124553474,1.008755207495051,ground_equivalent_excess_gamma_dose_rate,uSv/h,50.0,1.0,6360,0.0003370000049471855,True,,1,0.1,0.09000000000000001,False,,0.0005644999910145998,
1352,RADIATION,RADIATION,522880.9204974669,5696844.290406497,23,25,20.0,32449.629124553474,1.0395391562438023,ground_equivalent_excess_gamma_dose_rate,uSv/h,50.0,1.0,6360,0.0003327000013086945,True,,1,0.1,0.09000000000000001,False,,0.000568700022995472,
1353,RADIATION,RADIATION,522900.9204974669,5696824.290406497,22,26,28.284271247461902,32477.913395800937,1.0416113376285707,ground_equivalent_excess_gamma_dose_rate,uSv/h,50.0,1.0,6360,0.0003567999810911715,True,,1,0.1,0.09000000000000001,False,,0.0005613999965135008,
1354,RADIATION,RADIATION,522920.9204974669,5696844.290406497,23,27,28.284271247461902,32506.1976670484,1.177712526613647,ground_equivalent_excess_gamma_dose_rate,uSv/h,50.0,1.0,6360,0.0003296000068075955,True,,1,0.1,0.09000000000000001,False,,0.0005724999937228858,
1355,RADIATION,RADIATION,522920.9204974669,5696824.290406497,22,27,20.0,32526.1976670484,1.0921327002624233,ground_equivalent_excess_gamma_dose_rate,uSv/h,50.0,1.0,6360,0.0003274999908171594,True,,1,0.1,0.09000000000000001,False,,0.0005759000196121633,
1356,RADIATION,RADIATION,522940.9204974669,5696824.290406497,22,28,20.0,32546.1976670484,1.1610652810871014,ground_equivalent_excess_gamma_dose_rate,uSv/h,50.0,1.0,6360,0.0003343000134918839,True,,1,0.1,0.09000000000000001,False,,0.0005651999963447452,
1357,RADIATION,RADIATION,522940.9204974669,5696844.290406497,23,28,20.0,32566.1976670484,1.2881907025617616,ground_equivalent_excess_gamma_dose_rate,uSv/h,50.0,1.0,6360,0.0003300999815110117,True,,1,0.1,0.09000000000000001,False,,0.0005806999979540706,
1358,RADIATION,RADIATION,522920.9204974669,5696824.290406497,22,27,28.284271247461902,32594.481938295863,1.0921327002624233,ground_equivalent_excess_gamma_dose_rate,uSv/h,50.0,1.0,6360,0.00032759999157860875,True,,1,0.1,0.09000000000000001,False,,0.0005590000073425472,
1359,RADIATION,RADIATION,522940.9204974669,5696844.290406497,23,28,28.284271247461902,32622.766209543326,1.2881907025617616,ground_equivalent_excess_gamma_dose_rate,uSv/h,50.0,1.0,6360,0.0003209999995306134,True,,1,0.1,0.09000000000000001,False,,0.0005765000241808593,
1360,RADIATION,RADIATION,522960.9204974669,5696824.290406497,22,29,28.284271247461902,32651.05048079079,1.247201149579349,ground_equivalent_excess_gamma_dose_rate,uSv/h,50.0,1.0,6360,0.0003397999971639365,True,,1,0.1,0.09000000000000001,False,,0.0005600000149570405,
1361,RADIATION,RADIATION,522940.9204974669,5696824.290406497,22,28,20.0,32671.05048079079,1.1610652810871014,ground_equivalent_excess_gamma_dose_rate,uSv/h,50.0,1.0,6360,0.0003372000064700842,True,,1,0.1,0.09000000000000001,False,,0.0005638000147882849,
1362,RADIATION,RADIATION,522920.9204974669,5696844.290406497,23,27,28.284271247461902,32699.334752038252,1.177712526613647,ground_equivalent_excess_gamma_dose_rate,uSv/h,50.0,1.0,6360,0.00034389999927952886,True,,1,0.1,0.09000000000000001,False,,0.0005606000195257366,
1363,RADIATION,RADIATION,522900.9204974669,5696864.290406497,24,26,28.284271247461902,32727.619023285715,1.158874108215406,ground_equivalent_excess_gamma_dose_rate,uSv/h,50.0,1.0,6360,0.00034830000367946923,True,,1,0.1,0.09000000000000001,False,,0.0007377000001724809,
1364,RADIATION,RADIATION,522880.9204974669,5696844.290406497,23,25,28.284271247461902,32755.90329453318,1.0395391562438023,ground_equivalent_excess_gamma_dose_rate,uSv/h,50.0,1.0,6360,0.00034610001603141427,True,,1,0.1,0.09000000000000001,False,,0.0005868999869562685,
1365,RADIATION,RADIATION,522880.9204974669,5696864.290406497,24,25,20.0,32775.90329453318,1.0765740183925534,ground_equivalent_excess_gamma_dose_rate,uSv/h,50.0,1.0,6360,0.0003282999969087541,True,,1,0.1,0.09000000000000001,False,,0.0005622000026050955,
1366,RADIATION,RADIATION,522900.9204974669,5696864.290406497,24,26,20.0,32795.90329453318,1.158874108215406,ground_equivalent_excess_gamma_dose_rate,uSv/h,50.0,1.0,6360,0.000382099999114871,True,,1,0.1,0.09000000000000001,False,,0.0005721999914385378,
1367,RADIATION,RADIATION,522920.9204974669,5696884.290406497,25,27,28.284271247461902,32824.18756578064,1.3862216522586583,ground_equivalent_excess_gamma_dose_rate,uSv/h,50.0,1.0,6360,0.00035489999572746456,True,,1,0.1,0.09000000000000001,False,,0.0005859999801032245,
1368,RADIATION,RADIATION,522900.9204974669,5696884.290406497,25,26,20.0,32844.18756578064,1.2254574697389329,ground_equivalent_excess_gamma_dose_rate,uSv/h,50.0,1.0,6360,0.0003400999994482845,True,,1,0.1,0.09000000000000001,False,,0.0005740000051446259,
1369,RADIATION,RADIATION,522920.9204974669,5696884.290406497,25,27,20.0,32864.18756578064,1.3862216522586583,ground_equivalent_excess_gamma_dose_rate,uSv/h,50.0,1.0,6360,0.0003266999847255647,True,,1,0.1,0.09000000000000001,False,,0.0005930000043008476,
1370,RADIATION,RADIATION,522900.9204974669,5696884.290406497,25,26,20.0,32884.18756578064,1.2254574697389329,ground_equivalent_excess_gamma_dose_rate,uSv/h,50.0,1.0,6360,0.00032729998929426074,True,,1,0.1,0.09000000000000001,False,,0.0005653999978676438,
1371,RADIATION,RADIATION,522920.9204974669,5696904.290406497,26,27,28.284271247461902,32912.4718370281,1.4935695938302886,ground_equivalent_excess_gamma_dose_rate,uSv/h,50.0,1.0,6360,0.0003361999988555908,True,,1,0.1,0.09000000000000001,False,,0.000586900016060099,
1372,RADIATION,RADIATION,522920.9204974669,5696924.290406497,27,27,20.0,32932.4718370281,1.584059017516467,ground_equivalent_excess_gamma_dose_rate,uSv/h,50.0,1.0,6360,0.00033080001594498754,True,,1,0.1,0.09000000000000001,False,,0.0005637000140268356,
1373,RADIATION,RADIATION,522940.9204974669,5696944.290406497,28,28,28.284271247461902,32960.75610827556,2.0765644663783545,ground_equivalent_excess_gamma_dose_rate,uSv/h,50.0,1.0,6360,0.0003285999991931021,True,,1,0.1,0.09000000000000001,False,,0.0005643000185955316,
1374,RADIATION,RADIATION,522960.9204974669,5696944.290406497,28,29,20.0,32980.75610827556,2.818039759478577,ground_equivalent_excess_gamma_dose_rate,uSv/h,50.0,1.0,6360,0.0003375000087544322,True,,1,0.1,0.09000000000000001,False,,0.0005572999943979084,
1375,RADIATION,RADIATION,522960.9204974669,5696964.290406497,29,29,20.0,33000.75610827556,2.8689733747747943,ground_equivalent_excess_gamma_dose_rate,uSv/h,50.0,1.0,6360,0.00033000000985339284,True,,1,0.1,0.09000000000000001,False,,0.0005655999993905425,
1376,RADIATION,RADIATION,522980.9204974669,5696944.290406497,28,30,28.284271247461902,33029.040379523016,4.19037852748615,ground_equivalent_excess_gamma_dose_rate,uSv/h,50.0,1.0,6360,0.0003318999952170998,True,,1,0.1,0.09000000000000001,False,,0.0005817000055685639,
1377,RADIATION,RADIATION,522960.9204974669,5696944.290406497,28,29,20.0,33049.040379523016,2.818039759478577,ground_equivalent_excess_gamma_dose_rate,uSv/h,50.0,1.0,6360,0.00032679998548701406,True,,1,0.1,0.09000000000000001,False,,0.0005586000042967498,
1378,RADIATION,RADIATION,522960.9204974669,5696964.290406497,29,29,20.0,33069.040379523016,2.8689733747747943,ground_equivalent_excess_gamma_dose_rate,uSv/h,50.0,1.0,6360,0.0003279999946244061,True,,1,0.1,0.09000000000000001,False,,0.0005741000059060752,
1379,RADIATION,RADIATION,522940.9204974669,5696944.290406497,28,28,28.284271247461902,33097.324650770475,2.0765644663783545,ground_equivalent_excess_gamma_dose_rate,uSv/h,50.0,1.0,6360,0.00032610000926069915,True,,1,0.1,0.09000000000000001,False,,0.0005576000257860869,
1380,RADIATION,RADIATION,522920.9204974669,5696964.290406497,29,27,28.284271247461902,33125.608922017935,1.6464662734029987,ground_equivalent_excess_gamma_dose_rate,uSv/h,50.0,1.0,6360,0.00033680000342428684,True,,1,0.1,0.09000000000000001,False,,0.0005752999859396368,
1381,RADIATION,RADIATION,522900.9204974669,5696944.290406497,28,26,28.284271247461902,33153.893193265394,1.3685435490884028,ground_equivalent_excess_gamma_dose_rate,uSv/h,50.0,1.0,6360,0.00033260000054724514,True,,1,0.1,0.09000000000000001,False,,0.0005594000103883445,
1382,RADIATION,RADIATION,522920.9204974669,5696944.290406497,28,27,20.0,33173.893193265394,1.639754307954841,ground_equivalent_excess_gamma_dose_rate,uSv/h,50.0,1.0,6360,0.0003279999946244061,True,,1,0.1,0.09000000000000001,False,,0.0005781000072602183,
1383,RADIATION,RADIATION,522900.9204974669,5696944.290406497,28,26,20.0,33193.893193265394,1.3685435490884028,ground_equivalent_excess_gamma_dose_rate,uSv/h,50.0,1.0,6360,0.00033909999183379114,True,,1,0.1,0.09000000000000001,False,,0.0005577999982051551,
1384,RADIATION,RADIATION,522880.9204974669,5696944.290406497,28,25,20.0,33213.893193265394,1.1960918405798797,ground_equivalent_excess_gamma_dose_rate,uSv/h,50.0,1.0,6360,0.00033469998743385077,True,,1,0.1,0.09000000000000001,False,,0.0005613999965135008,
1385,RADIATION,RADIATION,522860.9204974669,5696944.290406497,28,24,20.0,33233.893193265394,1.0874564741250985,ground_equivalent_excess_gamma_dose_rate,uSv/h,50.0,1.0,6360,0.0003510999958962202,True,,1,0.1,0.09000000000000001,False,,0.0005606999911833555,
1386,RADIATION,RADIATION,522840.9204974669,5696944.290406497,28,23,20.0,33253.893193265394,1.0233832436624404,ground_equivalent_excess_gamma_dose_rate,uSv/h,50.0,1.0,6360,0.0003349000180605799,True,,1,0.1,0.09000000000000001,False,,0.0005652999971061945,
1387,RADIATION,RADIATION,522820.9204974669,5696944.290406497,28,22,20.0,33273.893193265394,0.9931226988547257,ground_equivalent_excess_gamma_dose_rate,uSv/h,50.0,1.0,6360,0.00033920002169907093,True,,1,0.1,0.09000000000000001,False,,0.0005749999836552888,
1388,RADIATION,RADIATION,522800.9204974669,5696944.290406497,28,21,20.0,33293.893193265394,0.9910478842981254,ground_equivalent_excess_gamma_dose_rate,uSv/h,50.0,1.0,6360,0.0003341000119689852,True,,1,0.1,0.09000000000000001,False,,0.0005681000184267759,
1389,RADIATION,RADIATION,522820.9204974669,5696944.290406497,28,22,20.0,33313.893193265394,0.9931226988547257,ground_equivalent_excess_gamma_dose_rate,uSv/h,50.0,1.0,6360,0.000322199979564175,True,,1,0.1,0.09000000000000001,False,,0.0005767999973613769,
1390,RADIATION,RADIATION,522820.9204974669,5696964.290406497,29,22,20.0,33333.893193265394,0.9906075663871006,ground_equivalent_excess_gamma_dose_rate,uSv/h,50.0,1.0,6360,0.0003273999900557101,True,,1,0.1,0.09000000000000001,False,,0.0005651999963447452,
1391,RADIATION,RADIATION,522840.9204974669,5696964.290406497,29,23,20.0,33353.893193265394,1.0191170851357718,ground_equivalent_excess_gamma_dose_rate,uSv/h,50.0,1.0,6360,0.0003209999995306134,True,,1,0.1,0.09000000000000001,False,,0.0005769999988842756,
1392,RADIATION,RADIATION,522820.9204974669,5696984.290406497,30,22,28.284271247461902,33382.17746451285,0.9814811524945768,ground_equivalent_excess_gamma_dose_rate,uSv/h,50.0,1.0,6360,0.00033569999504834414,True,,1,0.1,0.09000000000000001,False,,0.0005600999866146594,
1393,RADIATION,RADIATION,522820.9204974669,5697004.290406496,31,22,19.999999999068677,33402.17746451192,0.9648162950209875,ground_equivalent_excess_gamma_dose_rate,uSv/h,50.0,1.0,6360,0.00033209999673999846,True,,1,0.1,0.09000000000000001,False,,0.0005605999904219061,
1394,RADIATION,RADIATION,522840.9204974669,5697024.290406496,32,23,28.284271247461902,33430.46173575938,0.9532530551833387,ground_equivalent_excess_gamma_dose_rate,uSv/h,50.0,1.0,6360,0.0003460999869275838,True,,1,0.1,0.09000000000000001,False,,0.0005637000140268356,
1395,RADIATION,RADIATION,522820.9204974669,5697004.290406496,31,22,28.284271247461902,33458.74600700684,0.9648162950209875,ground_equivalent_excess_gamma_dose_rate,uSv/h,50.0,1.0,6360,0.0003400999994482845,True,,1,0.1,0.09000000000000001,False,,0.0005760999920312315,
1396,RADIATION,RADIATION,522800.9204974669,5697024.290406496,32,21,28.284271247461902,33487.0302782543,0.9570800802228903,ground_equivalent_excess_gamma_dose_rate,uSv/h,50.0,1.0,6360,0.0003381000133231282,True,,1,0.1,0.09000000000000001,False,,0.0005837999924551696,
1397,RADIATION,RADIATION,522800.9204974669,5697004.290406496,31,21,20.0,33507.0302782543,0.9765808727180165,ground_equivalent_excess_gamma_dose_rate,uSv/h,50.0,1.0,6360,0.0003361999988555908,True,,1,0.1,0.09000000000000001,False,,0.0005622000026050955,
1398,RADIATION,RADIATION,522800.9204974669,5696984.290406497,30,21,19.999999999068677,33527.03027825337,0.9880262123563233,ground_equivalent_excess_gamma_dose_rate,uSv/h,50.0,1.0,6360,0.0003325999714434147,True,,1,0.1,0.09000000000000001,False,,0.0005714000144507736,
1399,RADIATION,RADIATION,522800.9204974669,5697004.290406496,31,21,19.999999999068677,33547.03027825244,0.9765808727180165,ground_equivalent_excess_gamma_dose_rate,uSv/h,50.0,1.0,6360,0.0003197999903932214,True,,1,0.1,0.09000000000000001,False,,0.0005595999828074127,
1400,RADIATION,RADIATION,522780.9204974669,5696984.290406497,30,20,28.284271246803357,33575.31454949924,1.0256218593265438,ground_equivalent_excess_gamma_dose_rate,uSv/h,50.0,1.0,6360,0.0003409999771974981,True,,1,0.1,0.09000000000000001,False,,0.0005710999830625951,
1401,RADIATION,RADIATION,522780.9204974669,5697004.290406496,31,20,19.999999999068677,33595.31454949831,1.0203356501201353,ground_equivalent_excess_gamma_dose_rate,uSv/h,50.0,1.0,6360,0.00033809998421929777,True,,1,0.1,0.09000000000000001,False,,0.0005619000003207475,
1402,RADIATION,RADIATION,522780.9204974669,5697024.290406496,32,20,20.0,33615.31454949831,1.0053863535312169,ground_equivalent_excess_gamma_dose_rate,uSv/h,50.0,1.0,6360,0.00032449999707750976,True,,1,0.1,0.09000000000000001,False,,0.0005620000010821968,
1403,RADIATION,RADIATION,522800.9204974669,5697044.290406496,33,21,28.284271247461902,33643.59882074577,0.9294073006392651,ground_equivalent_excess_gamma_dose_rate,uSv/h,50.0,1.0,6360,0.00033779998193494976,True,,1,0.1,0.09000000000000001,False,,0.0005767999973613769,
1404,RADIATION,RADIATION,522780.9204974669,5697064.290406496,34,20,28.284271247461902,33671.88309199323,0.9448170552417448,ground_equivalent_excess_gamma_dose_rate,uSv/h,50.0,1.0,6360,0.00033140002051368356,True,,1,0.1,0.09000000000000001,False,,0.0005572000227402896,
1405,RADIATION,RADIATION,522780.9204974669,5697084.290406496,35,20,20.0,33691.88309199323,0.9011396515539818,ground_equivalent_excess_gamma_dose_rate,uSv/h,50.0,1.0,6360,0.0003341999836266041,True,,1,0.1,0.09000000000000001,False,,0.0005591999797616154,
1406,RADIATION,RADIATION,522760.9204974669,5697064.290406496,34,19,28.284271247461902,33720.16736324069,1.0292678975396128,ground_equivalent_excess_gamma_dose_rate,uSv/h,50.0,1.0,6360,0.0003267000138293952,True,,1,0.1,0.09000000000000001,False,,0.0005586999759543687,
1407,RADIATION,RADIATION,522780.9204974669,5697084.290406496,35,20,28.284271247461902,33748.45163448815,0.9011396515539818,ground_equivalent_excess_gamma_dose_rate,uSv/h,50.0,1.0,6360,0.0003242999955546111,True,,1,0.1,0.09000000000000001,False,,0.0005753999867010862,
1408,RADIATION,RADIATION,522780.9204974669,5697064.290406496,34,20,20.0,33768.45163448815,0.9448170552417448,ground_equivalent_excess_gamma_dose_rate,uSv/h,50.0,1.0,6360,0.0003299000090919435,True,,1,0.1,0.09000000000000001,False,,0.0005638999864459038,
1409,RADIATION,RADIATION,522800.9204974669,5697044.290406496,33,21,28.284271247461902,33796.73590573561,0.9294073006392651,ground_equivalent_excess_gamma_dose_rate,uSv/h,50.0,1.0,6360,0.00033459998667240143,True,,1,0.1,0.09000000000000001,False,,0.0005813000025227666,
1410,RADIATION,RADIATION,522800.9204974669,5697024.290406496,32,21,20.0,33816.73590573561,0.9570800802228903,ground_equivalent_excess_gamma_dose_rate,uSv/h,50.0,1.0,6360,0.0003419000131543726,True,,1,0.1,0.09000000000000001,False,,0.0005608999927062541,
1411,RADIATION,RADIATION,522780.9204974669,5697024.290406496,32,20,20.0,33836.73590573561,1.0053863535312169,ground_equivalent_excess_gamma_dose_rate,uSv/h,50.0,1.0,6360,0.00032640001154504716,True,,1,0.1,0.09000000000000001,False,,0.0005615999980363995,
1412,RADIATION,RADIATION,522760.9204974669,5697044.290406496,33,19,28.284271247461902,33865.02017698307,1.067616281179205,ground_equivalent_excess_gamma_dose_rate,uSv/h,50.0,1.0,6360,0.00034610001603141427,True,,1,0.1,0.09000000000000001,False,,0.0005621000018436462,
1413,RADIATION,RADIATION,522780.9204974669,5697024.290406496,32,20,28.284271247461902,33893.30444823053,1.0053863535312169,ground_equivalent_excess_gamma_dose_rate,uSv/h,50.0,1.0,6360,0.00032259998260997236,True,,1,0.1,0.09000000000000001,False,,0.0005621000018436462,
1414,RADIATION,RADIATION,522780.9204974669,5697044.290406496,33,20,20.0,33913.30444823053,0.9800620013729218,ground_equivalent_excess_gamma_dose_rate,uSv/h,50.0,1.0,6360,0.00032190000638365746,True,,1,0.1,0.09000000000000001,False,,0.0005594000103883445,
1415,RADIATION,RADIATION,522800.9204974669,5697044.290406496,33,21,20.0,33933.30444823053,0.9294073006392651,ground_equivalent_excess_gamma_dose_rate,uSv/h,50.0,1.0,6360,0.00031919998582452536,True,,1,0.1,0.09000000000000001,False,,0.0005606999911833555,
1416,RADIATION,RADIATION,522780.9204974669,5697064.290406496,34,20,28.284271247461902,33961.588719477986,0.9448170552417448,ground_equivalent_excess_gamma_dose_rate,uSv/h,50.0,1.0,6360,0.0003324999997857958,True,,1,0.1,0.09000000000000001,False,,0.0005773000011686236,
1417,RADIATION,RADIATION,522800.9204974669,5697084.290406496,35,21,28.284271247461902,33989.872990725446,0.8527339361629536,ground_equivalent_excess_gamma_dose_rate,uSv/h,50.0,1.0,6360,0.0003251000016462058,True,,1,0.1,0.09000000000000001,False,,0.0005775999743491411,
1418,RADIATION,RADIATION,522780.9204974669,5697084.290406496,35,20,20.0,34009.872990725446,0.9011396515539818,ground_equivalent_excess_gamma_dose_rate,uSv/h,50.0,1.0,6360,0.0003249000001233071,True,,1,0.1,0.09000000000000001,False,,0.0005751000135205686,
1419,RADIATION,RADIATION,522800.9204974669,5697064.290406496,34,21,28.284271247461902,34038.157261972905,0.894204306775596,ground_equivalent_excess_gamma_dose_rate,uSv/h,50.0,1.0,6360,0.00032750001992098987,True,,1,0.1,0.09000000000000001,False,,0.0006478999857790768,
1420,RADIATION,RADIATION,522820.9204974669,5697084.290406496,35,22,28.284271247461902,34066.441533220364,0.8282822780462791,ground_equivalent_excess_gamma_dose_rate,uSv/h,50.0,1.0,6360,0.0003252000024076551,True,,1,0.1,0.09000000000000001,False,,0.0005687999946530908,
1421,RADIATION,RADIATION,522840.9204974669,5697084.290406496,35,23,20.0,34086.441533220364,0.8247463558078565,ground_equivalent_excess_gamma_dose_rate,uSv/h,50.0,1.0,6360,0.0003341000119689852,True,,1,0.1,0.09000000000000001,False,,0.0005576000257860869,
1422,RADIATION,RADIATION,522860.9204974669,5697084.290406496,35,24,20.0,34106.441533220364,0.8408690361978397,ground_equivalent_excess_gamma_dose_rate,uSv/h,50.0,1.0,6360,0.0003279999946244061,True,,1,0.1,0.09000000000000001,False,,0.0005639000155497342,
1423,RADIATION,RADIATION,522880.9204974669,5697064.290406496,34,25,28.284271247461902,34134.725804467824,0.9455951447106161,ground_equivalent_excess_gamma_dose_rate,uSv/h,50.0,1.0,6360,0.00034210001467727125,True,,1,0.1,0.09000000000000001,False,,0.0005666000070050359,
1424,RADIATION,RADIATION,522880.9204974669,5697044.290406496,33,25,20.0,34154.725804467824,1.0135288377907832,ground_equivalent_excess_gamma_dose_rate,uSv/h,50.0,1.0,6360,0.00032539997482672334,True,,1,0.1,0.09000000000000001,False,,0.0005582000012509525,
1425,RADIATION,RADIATION,522880.9204974669,5697024.290406496,32,25,20.0,34174.725804467824,1.0767835451662648,ground_equivalent_excess_gamma_dose_rate,uSv/h,50.0,1.0,6360,0.00032580000697635114,True,,1,0.1,0.09000000000000001,False,,0.0005785999819636345,
1426,RADIATION,RADIATION,522880.9204974669,5697004.290406496,31,25,20.0,34194.725804467824,1.1307641271894169,ground_equivalent_excess_gamma_dose_rate,uSv/h,50.0,1.0,6360,0.0003282999969087541,True,,1,0.1,0.09000000000000001,False,,0.0005574999959208071,
1427,RADIATION,RADIATION,522880.9204974669,5696984.290406497,30,25,19.999999999068677,34214.72580446689,1.1707404948278537,ground_equivalent_excess_gamma_dose_rate,uSv/h,50.0,1.0,6360,0.0003347999881953001,True,,1,0.1,0.09000000000000001,False,,0.0005767999973613769,
1428,RADIATION,RADIATION,522860.9204974669,5697004.290406496,31,24,28.284271246803357,34243.0100757137,1.0367329665212868,ground_equivalent_excess_gamma_dose_rate,uSv/h,50.0,1.0,6360,0.00032900000223889947,True,,1,0.1,0.09000000000000001,False,,0.0005682999908458441,
1429,RADIATION,RADIATION,522840.9204974669,5696984.290406497,30,23,28.284271246803357,34271.2943469605,1.006070316425597,ground_equivalent_excess_gamma_dose_rate,uSv/h,50.0,1.0,6360,0.00033480001729913056,True,,1,0.1,0.09000000000000001,False,,0.0005630999803543091,
1430,RADIATION,RADIATION,522820.9204974669,5697004.290406496,31,22,28.284271246803357,34299.578618207306,0.9648162950209875,ground_equivalent_excess_gamma_dose_rate,uSv/h,50.0,1.0,6360,0.00036589999217540026,True,,1,0.1,0.09000000000000001,False,,0.0005624999757856131,
1431,RADIATION,RADIATION,522840.9204974669,5697024.290406496,32,23,28.284271247461902,34327.862889454766,0.9532530551833387,ground_equivalent_excess_gamma_dose_rate,uSv/h,50.0,1.0,6360,0.0003307999868411571,True,,1,0.1,0.09000000000000001,False,,0.00056900002527982,
1432,RADIATION,RADIATION,522840.9204974669,5697044.290406496,33,23,20.0,34347.862889454766,0.9153688018291217,ground_equivalent_excess_gamma_dose_rate,uSv/h,50.0,1.0,6360,0.0003302000113762915,True,,1,0.1,0.09000000000000001,False,,0.0005597000126726925,
1433,RADIATION,RADIATION,522820.9204974669,5697044.290406496,33,22,20.0,34367.862889454766,0.9088012554737361,ground_equivalent_excess_gamma_dose_rate,uSv/h,50.0,1.0,6360,0.0003313999914098531,True,,1,0.1,0.09000000000000001,False,,0.0005606000195257366,
1434,RADIATION,RADIATION,522800.9204974669,5697024.290406496,32,21,28.284271247461902,34396.147160702225,0.9570800802228903,ground_equivalent_excess_gamma_dose_rate,uSv/h,50.0,1.0,6360,0.00033409998286515474,True,,1,0.1,0.09000000000000001,False,,0.0005890000029467046,
1435,RADIATION,RADIATION,522800.9204974669,5697044.290406496,33,21,20.0,34416.147160702225,0.9294073006392651,ground_equivalent_excess_gamma_dose_rate,uSv/h,50.0,1.0,6360,0.00033489998895674944,True,,1,0.1,0.09000000000000001,False,,0.0005632000102195889,
1436,RADIATION,RADIATION,522780.9204974669,5697024.290406496,32,20,28.284271247461902,34444.431431949684,1.0053863535312169,ground_equivalent_excess_gamma_dose_rate,uSv/h,50.0,1.0,6360,0.00033480001729913056,True,,1,0.1,0.09000000000000001,False,,0.0005896999791730195,
1437,RADIATION,RADIATION,522760.9204974669,5697044.290406496,33,19,28.284271247461902,34472.715703197144,1.067616281179205,ground_equivalent_excess_gamma_dose_rate,uSv/h,50.0,1.0,6360,0.00033099998836405575,True,,1,0.1,0.09000000000000001,False,,0.0005607999919448048,
1438,RADIATION,RADIATION,522740.9204974669,5697064.290406496,34,18,28.284271247461902,34500.9999744446,1.159118385418323,ground_equivalent_excess_gamma_dose_rate,uSv/h,50.0,1.0,6360,0.00033779998193494976,True,,1,0.1,0.09000000000000001,False,,0.0005662000039592385,
1439,RADIATION,RADIATION,522740.9204974669,5697044.290406496,33,18,20.0,34520.9999744446,1.20498846498176,ground_equivalent_excess_gamma_dose_rate,uSv/h,50.0,1.0,6360,0.0003406000032555312,True,,1,0.1,0.09000000000000001,False,,0.0005591999797616154,
1440,RADIATION,RADIATION,522720.9204974669,5697064.290406496,34,17,28.284271247461902,34549.28424569206,1.3544950819814943,ground_equivalent_excess_gamma_dose_rate,uSv/h,50.0,1.0,6360,0.0003318999952170998,True,,1,0.1,0.09000000000000001,False,,0.0005677000153809786,
1441,RADIATION,RADIATION,522720.9204974669,5697044.290406496,33,17,20.0,34569.28424569206,1.415553268479567,ground_equivalent_excess_gamma_dose_rate,uSv/h,50.0,1.0,6360,0.0003328000020701438,True,,1,0.1,0.09000000000000001,False,,0.0005612999957520515,
1442,RADIATION,RADIATION,522720.9204974669,5697024.290406496,32,17,20.0,34589.28424569206,1.4419960547839752,ground_equivalent_excess_gamma_dose_rate,uSv/h,50.0,1.0,6360,0.00033290000283159316,True,,1,0.1,0.09000000000000001,False,,0.0005651999963447452,
1443,RADIATION,RADIATION,522720.9204974669,5697044.290406496,33,17,20.0,34609.28424569206,1.415553268479567,ground_equivalent_excess_gamma_dose_rate,uSv/h,50.0,1.0,6360,0.0003223999810870737,True,,1,0.1,0.09000000000000001,False,,0.0005742000066675246,
1444,RADIATION,RADIATION,522740.9204974669,5697064.290406496,34,18,28.284271247461902,34637.56851693952,1.159118385418323,ground_equivalent_excess_gamma_dose_rate,uSv/h,50.0,1.0,6360,0.00032809999538585544,True,,1,0.1,0.09000000000000001,False,,0.0006848000048194081,
1445,RADIATION,RADIATION,522760.9204974669,5697044.290406496,33,19,28.284271247461902,34665.85278818698,1.067616281179205,ground_equivalent_excess_gamma_dose_rate,uSv/h,50.0,1.0,6360,0.00032389999250881374,True,,1,0.1,0.09000000000000001,False,,0.000579800020204857,
1446,RADIATION,RADIATION,522780.9204974669,5697064.290406496,34,20,28.284271247461902,34694.13705943444,0.9448170552417448,ground_equivalent_excess_gamma_dose_rate,uSv/h,50.0,1.0,6360,0.0003389999910723418,True,,1,0.1,0.09000000000000001,False,,0.0005774000019300729,
1447,RADIATION,RADIATION,522800.9204974669,5697084.290406496,35,21,28.284271247461902,34722.4213306819,0.8527339361629536,ground_equivalent_excess_gamma_dose_rate,uSv/h,50.0,1.0,6360,0.00032640001154504716,True,,1,0.1,0.09000000000000001,False,,0.0005705000075977296,
1448,RADIATION,RADIATION,522800.9204974669,5697104.290406496,36,21,20.0,34742.4213306819,0.8066549596240589,ground_equivalent_excess_gamma_dose_rate,uSv/h,50.0,1.0,6360,0.00033129999064840376,True,,1,0.1,0.09000000000000001,False,,0.0005642000178340822,
1449,RADIATION,RADIATION,522800.9204974669,5697084.290406496,35,21,20.0,34762.4213306819,0.8527339361629536,ground_equivalent_excess_gamma_dose_rate,uSv/h,50.0,1.0,6360,0.0003288000007160008,True,,1,0.1,0.09000000000000001,False,,0.0005666000070050359,
1450,RADIATION,RADIATION,522820.9204974669,5697064.290406496,34,22,28.284271247461902,34790.70560192936,0.8709612907034778,ground_equivalent_excess_gamma_dose_rate,uSv/h,50.0,1.0,6360,0.00033190002432093024,True,,1,0.1,0.09000000000000001,False,,0.0005777000042144209,
1451,RADIATION,RADIATION,522800.9204974669,5697084.290406496,35,21,28.284271247461902,34818.98987317682,0.8527339361629536,ground_equivalent_excess_gamma_dose_rate,uSv/h,50.0,1.0,6360,0.00032400002237409353,True,,1,0.1,0.09000000000000001,False,,0.0005634000117424875,
1452,RADIATION,RADIATION,522820.9204974669,5697104.290406496,36,22,28.284271247461902,34847.27414442428,0.7822997788562602,ground_equivalent_excess_gamma_dose_rate,uSv/h,50.0,1.0,6360,0.0003271999885328114,True,,1,0.1,0.09000000000000001,False,,0.0005803999956697226,
1453,RADIATION,RADIATION,522820.9204974669,5697124.290406496,37,22,20.0,34867.27414442428,0.7345364198976554,ground_equivalent_excess_gamma_dose_rate,uSv/h,50.0,1.0,6360,0.0003316999936942011,True,,1,0.1,0.09000000000000001,False,,0.0005662000039592385,
1454,RADIATION,RADIATION,522800.9204974669,5697124.290406496,37,21,20.0,34887.27414442428,0.7577652233594483,ground_equivalent_excess_gamma_dose_rate,uSv/h,50.0,1.0,6360,0.00033310000435449183,True,,1,0.1,0.09000000000000001,False,,0.0005825999833177775,
1455,RADIATION,RADIATION,522800.9204974669,5697104.290406496,36,21,20.0,34907.27414442428,0.8066549596240589,ground_equivalent_excess_gamma_dose_rate,uSv/h,50.0,1.0,6360,0.0003339000104460865,True,,1,0.1,0.09000000000000001,False,,0.0005632999818772078,
1456,RADIATION,RADIATION,522820.9204974669,5697124.290406496,37,22,28.284271247461902,34935.55841567174,0.7345364198976554,ground_equivalent_excess_gamma_dose_rate,uSv/h,50.0,1.0,6360,0.00032869999995455146,True,,1,0.1,0.09000000000000001,False,,0.0005640000163111836,
1457,RADIATION,RADIATION,522840.9204974669,5697104.290406496,36,23,28.284271247461902,34963.8426869192,0.7754865689895252,ground_equivalent_excess_gamma_dose_rate,uSv/h,50.0,1.0,6360,0.00034050000249408185,True,,1,0.1,0.09000000000000001,False,,0.0005636999849230051,
1458,RADIATION,RADIATION,522860.9204974669,5697084.290406496,35,24,28.284271247461902,34992.12695816666,0.8408690361978397,ground_equivalent_excess_gamma_dose_rate,uSv/h,50.0,1.0,6360,0.00032289998489432037,True,,1,0.1,0.09000000000000001,False,,0.0005662000039592385,
1459,RADIATION,RADIATION,522880.9204974669,5697104.290406496,36,25,28.284271247461902,35020.411229414116,0.8095402813103656,ground_equivalent_excess_gamma_dose_rate,uSv/h,50.0,1.0,6360,0.0003228000132367015,True,,1,0.1,0.09000000000000001,False,,0.0005782000080216676,
1460,RADIATION,RADIATION,522900.9204974669,5697104.290406496,36,26,20.0,35040.411229414116,0.8496639122034009,ground_equivalent_excess_gamma_dose_rate,uSv/h,50.0,1.0,6360,0.0003242999955546111,True,,1,0.1,0.09000000000000001,False,,0.0005597999843303114,
1461,RADIATION,RADIATION,522920.9204974669,5697084.290406496,35,27,28.284271247461902,35068.695500661575,1.0122628049978302,ground_equivalent_excess_gamma_dose_rate,uSv/h,50.0,1.0,6360,0.0003267000138293952,True,,1,0.1,0.09000000000000001,False,,0.0005694999999832362,
1462,RADIATION,RADIATION,522900.9204974669,5697064.290406496,34,26,28.284271247461902,35096.979771909035,1.0225560765022554,ground_equivalent_excess_gamma_dose_rate,uSv/h,50.0,1.0,6360,0.0003266999847255647,True,,1,0.1,0.09000000000000001,False,,0.0005574999959208071,
1463,RADIATION,RADIATION,522880.9204974669,5697064.290406496,34,25,20.0,35116.979771909035,0.9455951447106161,ground_equivalent_excess_gamma_dose_rate,uSv/h,50.0,1.0,6360,0.00033030001213774085,True,,1,0.1,0.09000000000000001,False,,0.0005836999916937202,
1464,RADIATION,RADIATION,522900.9204974669,5697084.290406496,35,26,28.284271247461902,35145.264043156494,0.933329835984265,ground_equivalent_excess_gamma_dose_rate,uSv/h,50.0,1.0,6360,0.0003400999994482845,True,,1,0.1,0.09000000000000001,False,,0.0005613000248558819,
1465,RADIATION,RADIATION,522880.9204974669,5697084.290406496,35,25,20.0,35165.264043156494,0.8767184751855455,ground_equivalent_excess_gamma_dose_rate,uSv/h,50.0,1.0,6360,0.00036189999082125723,True,,1,0.1,0.09000000000000001,False,,0.0007187000010162592,
1466,RADIATION,RADIATION,522860.9204974669,5697104.290406496,36,24,28.284271247461902,35193.54831440395,0.7847706749529777,ground_equivalent_excess_gamma_dose_rate,uSv/h,50.0,1.0,6360,0.00034240001696161926,True,,1,0.1,0.09000000000000001,False,,0.0005930000043008476,
1467,RADIATION,RADIATION,522880.9204974669,5697084.290406496,35,25,28.284271247461902,35221.83258565141,0.8767184751855455,ground_equivalent_excess_gamma_dose_rate,uSv/h,50.0,1.0,6360,0.00032380002085119486,True,,1,0.1,0.09000000000000001,False,,0.0005639000155497342,
1468,RADIATION,RADIATION,522880.9204974669,5697104.290406496,36,25,20.0,35241.83258565141,0.8095402813103656,ground_equivalent_excess_gamma_dose_rate,uSv/h,50.0,1.0,6360,0.00032950000604614615,True,,1,0.1,0.09000000000000001,False,,0.0005870000168215483,
1469,RADIATION,RADIATION,522880.9204974669,5697124.290406496,37,25,20.0,35261.83258565141,0.7457013681451119,ground_equivalent_excess_gamma_dose_rate,uSv/h,50.0,1.0,6360,0.0003276000206824392,True,,1,0.1,0.09000000000000001,False,,0.0005674000130966306,
1470,RADIATION,RADIATION,522900.9204974669,5697124.290406496,37,26,20.0,35281.83258565141,0.7730535398177703,ground_equivalent_excess_gamma_dose_rate,uSv/h,50.0,1.0,6360,0.00041409998084418476,True,,1,0.1,0.09000000000000001,False,,0.0005797999911010265,
1471,RADIATION,RADIATION,522900.9204974669,5697144.290406496,38,26,20.0,35301.83258565141,0.7038703357721567,ground_equivalent_excess_gamma_dose_rate,uSv/h,50.0,1.0,6360,0.00034680002136155963,True,,1,0.1,0.09000000000000001,False,,0.0005772000004071742,
1472,RADIATION,RADIATION,522920.9204974669,5697144.290406496,38,27,20.0,35321.83258565141,0.7289273391903661,ground_equivalent_excess_gamma_dose_rate,uSv/h,50.0,1.0,6360,0.00032469999860040843,True,,1,0.1,0.09000000000000001,False,,0.0005736000020988286,
1473,RADIATION,RADIATION,522900.9204974669,5697144.290406496,38,26,20.0,35341.83258565141,0.7038703357721567,ground_equivalent_excess_gamma_dose_rate,uSv/h,50.0,1.0,6360,0.0003249000001233071,True,,1,0.1,0.09000000000000001,False,,0.0005666000070050359,
1474,RADIATION,RADIATION,522880.9204974669,5697164.290406496,39,25,28.284271247461902,35370.11685689887,0.6310091837914857,ground_equivalent_excess_gamma_dose_rate,uSv/h,50.0,1.0,6360,0.0003300999815110117,True,,1,0.1,0.09000000000000001,False,,0.0005615999980363995,
1475,RADIATION,RADIATION,522880.9204974669,5697184.290406496,40,25,20.0,35390.11685689887,0.5805259945966244,ground_equivalent_excess_gamma_dose_rate,uSv/h,50.0,1.0,6360,0.00034270001924596727,True,,1,0.1,0.09000000000000001,False,,0.0006631000142078847,
1476,RADIATION,RADIATION,522880.9204974669,5697204.290406496,41,25,20.0,35410.11685689887,0.5344579906155387,ground_equivalent_excess_gamma_dose_rate,uSv/h,50.0,1.0,6360,0.0003282999969087541,True,,1,0.1,0.09000000000000001,False,,0.0005721999914385378,
1477,RADIATION,RADIATION,522880.9204974669,5697184.290406496,40,25,20.0,35430.11685689887,0.5805259945966244,ground_equivalent_excess_gamma_dose_rate,uSv/h,50.0,1.0,6360,0.0003299999807495624,True,,1,0.1,0.09000000000000001,False,,0.0005760000203736126,
1478,RADIATION,RADIATION,522860.9204974669,5697204.290406496,41,24,28.284271247461902,35458.40112814633,0.5352963804953601,ground_equivalent_excess_gamma_dose_rate,uSv/h,50.0,1.0,6360,0.0004002999921794981,True,,1,0.1,0.09000000000000001,False,,0.0005641999887302518,
1479,RADIATION,RADIATION,522840.9204974669,5697184.290406496,40,23,28.284271247461902,35486.68539939379,0.5831029407560901,ground_equivalent_excess_gamma_dose_rate,uSv/h,50.0,1.0,6360,0.0003527000080794096,True,,1,0.1,0.09000000000000001,False,,0.0005967999750282615,
1480,RADIATION,RADIATION,522860.9204974669,5697184.290406496,40,24,20.0,35506.68539939379,0.579146233314976,ground_equivalent_excess_gamma_dose_rate,uSv/h,50.0,1.0,6360,0.0003262000100221485,True,,1,0.1,0.09000000000000001,False,,0.0005699999746866524,
1481,RADIATION,RADIATION,522880.9204974669,5697184.290406496,40,25,20.0,35526.68539939379,0.5805259945966244,ground_equivalent_excess_gamma_dose_rate,uSv/h,50.0,1.0,6360,0.00032160000409930944,True,,1,0.1,0.09000000000000001,False,,0.0005665999779012054,
1482,RADIATION,RADIATION,522900.9204974669,5697164.290406496,39,26,28.284271247461902,35554.96967064125,0.641853648460649,ground_equivalent_excess_gamma_dose_rate,uSv/h,50.0,1.0,6360,0.00033209999673999846,True,,1,0.1,0.09000000000000001,False,,0.0005797000194434077,
1483,RADIATION,RADIATION,522920.9204974669,5697184.290406496,40,27,28.284271247461902,35583.25394188871,0.5959656279892154,ground_equivalent_excess_gamma_dose_rate,uSv/h,50.0,1.0,6360,0.00032619998091831803,True,,1,0.1,0.09000000000000001,False,,0.0005652999971061945,
1484,RADIATION,RADIATION,522940.9204974669,5697204.290406496,41,28,28.284271247461902,35611.53821313617,0.5488268036311392,ground_equivalent_excess_gamma_dose_rate,uSv/h,50.0,1.0,6360,0.00033590002567507327,True,,1,0.1,0.09000000000000001,False,,0.0005994999955873936,
1485,RADIATION,RADIATION,522920.9204974669,5697184.290406496,40,27,28.284271247461902,35639.82248438363,0.5959656279892154,ground_equivalent_excess_gamma_dose_rate,uSv/h,50.0,1.0,6360,0.00033260000054724514,True,,1,0.1,0.09000000000000001,False,,0.0005614999972749501,
1486,RADIATION,RADIATION,522920.9204974669,5697164.290406496,39,27,20.0,35659.82248438363,0.6577889374722492,ground_equivalent_excess_gamma_dose_rate,uSv/h,50.0,1.0,6360,0.00032550000469200313,True,,1,0.1,0.09000000000000001,False,,0.0005640999879688025,
1487,RADIATION,RADIATION,522920.9204974669,5697144.290406496,38,27,20.0,35679.82248438363,0.7289273391903661,ground_equivalent_excess_gamma_dose_rate,uSv/h,50.0,1.0,6360,0.0003491000097710639,True,,1,0.1,0.09000000000000001,False,,0.0005625000048894435,
1488,RADIATION,RADIATION,522940.9204974669,5697164.290406496,39,28,28.284271247461902,35708.10675563109,0.6774764437628105,ground_equivalent_excess_gamma_dose_rate,uSv/h,50.0,1.0,6360,0.00032619998091831803,True,,1,0.1,0.09000000000000001,False,,0.0005674999847542495,
1489,RADIATION,RADIATION,522960.9204974669,5697164.290406496,39,29,20.0,35728.10675563109,0.699172496214971,ground_equivalent_excess_gamma_dose_rate,uSv/h,50.0,1.0,6360,0.00032869999995455146,True,,1,0.1,0.09000000000000001,False,,0.0005745000089518726,
1490,RADIATION,RADIATION,522940.9204974669,5697184.290406496,40,28,28.284271247461902,35756.39102687855,0.607981923681048,ground_equivalent_excess_gamma_dose_rate,uSv/h,50.0,1.0,6360,0.0003257999778725207,True,,1,0.1,0.09000000000000001,False,,0.0005650999955832958,
1491,RADIATION,RADIATION,522940.9204974669,5697204.290406496,41,28,20.0,35776.39102687855,0.5488268036311392,ground_equivalent_excess_gamma_dose_rate,uSv/h,50.0,1.0,6360,0.00032879997161217034,True,,1,0.1,0.09000000000000001,False,,0.000578600011067465,
1492,RADIATION,RADIATION,522940.9204974669,5697224.290406496,42,28,20.0,35796.39102687855,0.49804821184040743,ground_equivalent_excess_gamma_dose_rate,uSv/h,50.0,1.0,6360,0.0003234000178053975,True,,1,0.1,0.09000000000000001,False,,0.0005597000126726925,
1493,RADIATION,RADIATION,522920.9204974669,5697204.290406496,41,27,28.284271247461902,35824.67529812601,0.5420515654088123,ground_equivalent_excess_gamma_dose_rate,uSv/h,50.0,1.0,6360,0.0003311999898869544,True,,1,0.1,0.09000000000000001,False,,0.0005742000066675246,
1494,RADIATION,RADIATION,522920.9204974669,5697184.290406496,40,27,20.0,35844.67529812601,0.5959656279892154,ground_equivalent_excess_gamma_dose_rate,uSv/h,50.0,1.0,6360,0.0003262000100221485,True,,1,0.1,0.09000000000000001,False,,0.0005626000056508929,
1495,RADIATION,RADIATION,522900.9204974669,5697184.290406496,40,26,20.0,35864.67529812601,0.5864410306644798,ground_equivalent_excess_gamma_dose_rate,uSv/h,50.0,1.0,6360,0.0003301000106148422,True,,1,0.1,0.09000000000000001,False,,0.0005701000045519322,
1496,RADIATION,RADIATION,522920.9204974669,5697164.290406496,39,27,28.284271247461902,35892.95956937347,0.6577889374722492,ground_equivalent_excess_gamma_dose_rate,uSv/h,50.0,1.0,6360,0.0003352999920025468,True,,1,0.1,0.09000000000000001,False,,0.0005599000141955912,
1497,RADIATION,RADIATION,522900.9204974669,5697184.290406496,40,26,28.284271247461902,35921.243840620926,0.5864410306644798,ground_equivalent_excess_gamma_dose_rate,uSv/h,50.0,1.0,6360,0.0003491000097710639,True,,1,0.1,0.09000000000000001,False,,0.0005648000224027783,
1498,RADIATION,RADIATION,522900.9204974669,5697164.290406496,39,26,20.0,35941.243840620926,0.641853648460649,ground_equivalent_excess_gamma_dose_rate,uSv/h,50.0,1.0,6360,0.00033590002567507327,True,,1,0.1,0.09000000000000001,False,,0.0005673000123351812,
1499,RADIATION,RADIATION,522920.9204974669,5697144.290406496,38,27,28.284271247461902,35969.528111868385,0.7289273391903661,ground_equivalent_excess_gamma_dose_rate,uSv/h,50.0,1.0,6360,0.00032920000376179814,True,,1,0.1,0.09000000000000001,False,,0.0005648999940603971,
1500,RADIATION,RADIATION,522920.9204974669,5697124.290406496,37,27,20.0,35989.528111868385,0.8108872677559196,ground_equivalent_excess_gamma_dose_rate,uSv/h,50.0,1.0,6360,0.0003341999836266041,True,,1,0.1,0.09000000000000001,False,,0.0005742000066675246,
1501,RADIATION,RADIATION,522920.9204974669,5697104.290406496,36,27,20.0,36009.528111868385,0.9050601194843273,ground_equivalent_excess_gamma_dose_rate,uSv/h,50.0,1.0,6360,0.0003339999821037054,True,,1,0.1,0.09000000000000001,False,,0.0005625000048894435,
1502,RADIATION,RADIATION,522920.9204974669,5697084.290406496,35,27,20.0,36029.528111868385,1.0122628049978302,ground_equivalent_excess_gamma_dose_rate,uSv/h,50.0,1.0,6360,0.000329299975419417,True,,1,0.1,0.09000000000000001,False,,0.0005780999781563878,
1503,RADIATION,RADIATION,522920.9204974669,5697064.290406496,34,27,20.0,36049.528111868385,1.1318974611037307,ground_equivalent_excess_gamma_dose_rate,uSv/h,50.0,1.0,6360,0.0003284999984316528,True,,1,0.1,0.09000000000000001,False,,0.0005595000111497939,
1504,RADIATION,RADIATION,522940.9204974669,5697064.290406496,34,28,20.0,36069.528111868385,1.2792435190233227,ground_equivalent_excess_gamma_dose_rate,uSv/h,50.0,1.0,6360,0.0003195999888703227,True,,1,0.1,0.09000000000000001,False,,0.0005675000138580799,
1505,RADIATION,RADIATION,522920.9204974669,5697064.290406496,34,27,20.0,36089.528111868385,1.1318974611037307,ground_equivalent_excess_gamma_dose_rate,uSv/h,50.0,1.0,6360,0.0003367000026628375,True,,1,0.1,0.09000000000000001,False,,0.0005615999980363995,
1506,RADIATION,RADIATION,522900.9204974669,5697064.290406496,34,26,20.0,36109.528111868385,1.0225560765022554,ground_equivalent_excess_gamma_dose_rate,uSv/h,50.0,1.0,6360,0.00034169998252764344,True,,1,0.1,0.09000000000000001,False,,0.0005670000100508332,
1507,RADIATION,RADIATION,522880.9204974669,5697064.290406496,34,25,20.0,36129.528111868385,0.9455951447106161,ground_equivalent_excess_gamma_dose_rate,uSv/h,50.0,1.0,6360,0.00033989999792538583,True,,1,0.1,0.09000000000000001,False,,0.0005944000149611384,
1508,RADIATION,RADIATION,522860.9204974669,5697084.290406496,35,24,28.284271247461902,36157.812383115845,0.8408690361978397,ground_equivalent_excess_gamma_dose_rate,uSv/h,50.0,1.0,6360,0.0003344999859109521,True,,1,0.1,0.09000000000000001,False,,0.0005649999948218465,
1509,RADIATION,RADIATION,522860.9204974669,5697104.290406496,36,24,20.0,36177.812383115845,0.7847706749529777,ground_equivalent_excess_gamma_dose_rate,uSv/h,50.0,1.0,6360,0.00032759999157860875,True,,1,0.1,0.09000000000000001,False,,0.0005783000087831169,
1510,RADIATION,RADIATION,522880.9204974669,5697104.290406496,36,25,20.0,36197.812383115845,0.8095402813103656,ground_equivalent_excess_gamma_dose_rate,uSv/h,50.0,1.0,6360,0.0003233000170439482,True,,1,0.1,0.09000000000000001,False,,0.0005788000125903636,
1511,RADIATION,RADIATION,522860.9204974669,5697124.290406496,37,24,28.284271247461902,36226.096654363304,0.7296589013182289,ground_equivalent_excess_gamma_dose_rate,uSv/h,50.0,1.0,6360,0.0003324999997857958,True,,1,0.1,0.09000000000000001,False,,0.0005735999729949981,
1512,RADIATION,RADIATION,522840.9204974669,5697144.290406496,38,23,28.284271247461902,36254.38092561076,0.6763847858616989,ground_equivalent_excess_gamma_dose_rate,uSv/h,50.0,1.0,6360,0.00033320000511594117,True,,1,0.1,0.09000000000000001,False,,0.0005592000088654459,
1513,RADIATION,RADIATION,522820.9204974669,5697164.290406496,39,22,28.284271247461902,36282.66519685822,0.638942833683436,ground_equivalent_excess_gamma_dose_rate,uSv/h,50.0,1.0,6360,0.00033680000342428684,True,,1,0.1,0.09000000000000001,False,,0.0005667000077664852,
1514,RADIATION,RADIATION,522820.9204974669,5697144.290406496,38,22,20.0,36302.66519685822,0.6863685442984497,ground_equivalent_excess_gamma_dose_rate,uSv/h,50.0,1.0,6360,0.00033760000951588154,True,,1,0.1,0.09000000000000001,False,,0.0005601000157184899,
1515,RADIATION,RADIATION,522840.9204974669,5697164.290406496,39,23,28.284271247461902,36330.94946810568,0.6286578384146089,ground_equivalent_excess_gamma_dose_rate,uSv/h,50.0,1.0,6360,0.0003215000033378601,True,,1,0.1,0.09000000000000001,False,,0.0005636999849230051,
1516,RADIATION,RADIATION,522840.9204974669,5697144.290406496,38,23,20.0,36350.94946810568,0.6763847858616989,ground_equivalent_excess_gamma_dose_rate,uSv/h,50.0,1.0,6360,0.00032469999860040843,True,,1,0.1,0.09000000000000001,False,,0.0005561999860219657,
1517,RADIATION,RADIATION,522820.9204974669,5697144.290406496,38,22,20.0,36370.94946810568,0.6863685442984497,ground_equivalent_excess_gamma_dose_rate,uSv/h,50.0,1.0,6360,0.0003252000024076551,True,,1,0.1,0.09000000000000001,False,,0.0005637000140268356,
1518,RADIATION,RADIATION,522800.9204974669,5697164.290406496,39,21,28.284271247461902,36399.23373935314,0.6581422712084792,ground_equivalent_excess_gamma_dose_rate,uSv/h,50.0,1.0,6360,0.00034279999090358615,True,,1,0.1,0.09000000000000001,False,,0.0005730999982915819,
1519,RADIATION,RADIATION,522780.9204974669,5697164.290406496,39,20,20.0,36419.23373935314,0.6874104484338737,ground_equivalent_excess_gamma_dose_rate,uSv/h,50.0,1.0,6360,0.00033969999640248716,True,,1,0.1,0.09000000000000001,False,,0.0005609999934677035,
1520,RADIATION,RADIATION,522780.9204974669,5697144.290406496,38,20,20.0,36439.23373935314,0.7422209468666003,ground_equivalent_excess_gamma_dose_rate,uSv/h,50.0,1.0,6360,0.00037029999657534063,True,,1,0.1,0.09000000000000001,False,,0.0006927000067662448,
1521,RADIATION,RADIATION,522800.9204974669,5697164.290406496,39,21,28.284271247461902,36467.5180106006,0.6581422712084792,ground_equivalent_excess_gamma_dose_rate,uSv/h,50.0,1.0,6360,0.000365100015187636,True,,1,0.1,0.09000000000000001,False,,0.0006028999923728406,
1522,RADIATION,RADIATION,522780.9204974669,5697144.290406496,38,20,28.284271247461902,36495.80228184806,0.7422209468666003,ground_equivalent_excess_gamma_dose_rate,uSv/h,50.0,1.0,6360,0.0003459000145085156,True,,1,0.1,0.09000000000000001,False,,0.000617499987129122,
1523,RADIATION,RADIATION,522780.9204974669,5697124.290406496,37,20,20.0,36515.80228184806,0.797465200449055,ground_equivalent_excess_gamma_dose_rate,uSv/h,50.0,1.0,6360,0.00036460001138038933,True,,1,0.1,0.09000000000000001,False,,0.0005938999820500612,
1524,RADIATION,RADIATION,522800.9204974669,5697144.290406496,38,21,28.284271247461902,36544.08655309552,0.7077737301799853,ground_equivalent_excess_gamma_dose_rate,uSv/h,50.0,1.0,6360,0.0003394999948795885,True,,1,0.1,0.09000000000000001,False,,0.000578900013351813,
1525,RADIATION,RADIATION,522780.9204974669,5697164.290406496,39,20,28.284271247461902,36572.37082434298,0.6874104484338737,ground_equivalent_excess_gamma_dose_rate,uSv/h,50.0,1.0,6360,0.00033999999868683517,True,,1,0.1,0.09000000000000001,False,,0.0005862000107299536,
1526,RADIATION,RADIATION,522760.9204974669,5697144.290406496,38,19,28.284271247461902,36600.65509559044,0.7918821737862662,ground_equivalent_excess_gamma_dose_rate,uSv/h,50.0,1.0,6360,0.0003473999968264252,True,,1,0.1,0.09000000000000001,False,,0.0005675000138580799,
1527,RADIATION,RADIATION,522760.9204974669,5697164.290406496,39,19,20.0,36620.65509559044,0.728123704720975,ground_equivalent_excess_gamma_dose_rate,uSv/h,50.0,1.0,6360,0.0003339999821037054,True,,1,0.1,0.09000000000000001,False,,0.00057640002341941,
1528,RADIATION,RADIATION,522780.9204974669,5697184.290406496,40,20,28.284271247461902,36648.9393668379,0.6344805914698044,ground_equivalent_excess_gamma_dose_rate,uSv/h,50.0,1.0,6360,0.00034440000308677554,True,,1,0.1,0.09000000000000001,False,,0.0005690999969374388,
1529,RADIATION,RADIATION,522760.9204974669,5697164.290406496,39,19,28.284271247461902,36677.22363808536,0.728123704720975,ground_equivalent_excess_gamma_dose_rate,uSv/h,50.0,1.0,6360,0.0003242999955546111,True,,1,0.1,0.09000000000000001,False,,0.0005630000086966902,
1530,RADIATION,RADIATION,522740.9204974669,5697164.290406496,39,18,20.0,36697.22363808536,0.7818615591809241,ground_equivalent_excess_gamma_dose_rate,uSv/h,50.0,1.0,6360,0.0003476999991107732,True,,1,0.1,0.09000000000000001,False,,0.0005749999836552888,
1531,RADIATION,RADIATION,522720.9204974669,5697164.290406496,39,17,20.0,36717.22363808536,0.850266284933245,ground_equivalent_excess_gamma_dose_rate,uSv/h,50.0,1.0,6360,0.00034089997643604875,True,,1,0.1,0.09000000000000001,False,,0.0006498000002466142,
1532,RADIATION,RADIATION,522720.9204974669,5697144.290406496,38,17,20.0,36737.22363808536,0.9488251087463835,ground_equivalent_excess_gamma_dose_rate,uSv/h,50.0,1.0,6360,0.00033179999445565045,True,,1,0.1,0.09000000000000001,False,,0.0005843999970238656,
1533,RADIATION,RADIATION,522720.9204974669,5697124.290406496,37,17,20.0,36757.22363808536,1.0547548148145993,ground_equivalent_excess_gamma_dose_rate,uSv/h,50.0,1.0,6360,0.00033239999902434647,True,,1,0.1,0.09000000000000001,False,,0.0005621000018436462,
1534,RADIATION,RADIATION,522720.9204974669,5697104.290406496,36,17,20.0,36777.22363808536,1.1633346067929007,ground_equivalent_excess_gamma_dose_rate,uSv/h,50.0,1.0,6360,0.0005772000004071742,True,,1,0.1,0.09000000000000001,False,,0.0010146000131499022,
1535,RADIATION,RADIATION,522720.9204974669,5697084.290406496,35,17,20.0,36797.22363808536,1.2667456493748008,ground_equivalent_excess_gamma_dose_rate,uSv/h,50.0,1.0,6360,0.00041379997855983675,True,,1,0.1,0.09000000000000001,False,,0.0010036000167019665,
1536,RADIATION,RADIATION,522700.9204974669,5697084.290406496,35,16,20.0,36817.22363808536,1.5171938441236883,ground_equivalent_excess_gamma_dose_rate,uSv/h,50.0,1.0,6360,0.0003564999788068235,True,,1,0.1,0.09000000000000001,False,,0.0006300999957602471,
1537,RADIATION,RADIATION,522680.9204974669,5697084.290406496,35,15,20.0,36837.22363808536,1.8895294547442834,ground_equivalent_excess_gamma_dose_rate,uSv/h,50.0,1.0,6360,0.00036040000850334764,True,,1,0.1,0.09000000000000001,False,,0.0005831999878864735,
1538,RADIATION,RADIATION,522660.9204974669,5697104.290406496,36,14,28.284271247461902,36865.50790933282,2.0351799347096167,ground_equivalent_excess_gamma_dose_rate,uSv/h,50.0,1.0,6360,0.00034219998633489013,True,,1,0.1,0.09000000000000001,False,,0.0005570999928750098,
1539,RADIATION,RADIATION,522660.9204974669,5697084.290406496,35,14,20.0,36885.50790933282,2.4551436968817435,ground_equivalent_excess_gamma_dose_rate,uSv/h,50.0,1.0,6360,0.0003383000148460269,True,,1,0.1,0.09000000000000001,False,,0.0005762000218965113,
1540,RADIATION,RADIATION,522680.9204974669,5697064.290406496,34,15,28.284271247461902,36913.792180580276,2.115078484396546,ground_equivalent_excess_gamma_dose_rate,uSv/h,50.0,1.0,6360,0.00033920002169907093,True,,1,0.1,0.09000000000000001,False,,0.0005757000180892646,
1541,RADIATION,RADIATION,522680.9204974669,5697044.290406496,33,15,20.0,36933.792180580276,2.2715272027913227,ground_equivalent_excess_gamma_dose_rate,uSv/h,50.0,1.0,6360,0.00033370000892318785,True,,1,0.1,0.09000000000000001,False,,0.0005833999894093722,
1542,RADIATION,RADIATION,522680.9204974669,5697064.290406496,34,15,20.0,36953.792180580276,2.115078484396546,ground_equivalent_excess_gamma_dose_rate,uSv/h,50.0,1.0,6360,0.0003229000139981508,True,,1,0.1,0.09000000000000001,False,,0.0005668000085279346,
1543,RADIATION,RADIATION,522680.9204974669,5697044.290406496,33,15,20.0,36973.792180580276,2.2715272027913227,ground_equivalent_excess_gamma_dose_rate,uSv/h,50.0,1.0,6360,0.00032550000469200313,True,,1,0.1,0.09000000000000001,False,,0.0005831000162288547,
1544,RADIATION,RADIATION,522700.9204974669,5697064.290406496,34,16,28.284271247461902,37002.076451827736,1.651094417654956,ground_equivalent_excess_gamma_dose_rate,uSv/h,50.0,1.0,6360,0.00033760000951588154,True,,1,0.1,0.09000000000000001,False,,0.0005661000031977892,
1545,RADIATION,RADIATION,522720.9204974669,5697064.290406496,34,17,20.0,37022.076451827736,1.3544950819814943,ground_equivalent_excess_gamma_dose_rate,uSv/h,50.0,1.0,6360,0.0003249000001233071,True,,1,0.1,0.09000000000000001,False,,0.0005689999961759895,
1546,RADIATION,RADIATION,522720.9204974669,5697084.290406496,35,17,20.0,37042.076451827736,1.2667456493748008,ground_equivalent_excess_gamma_dose_rate,uSv/h,50.0,1.0,6360,0.00034420000156387687,True,,1,0.1,0.09000000000000001,False,,0.0005824000108987093,
1547,RADIATION,RADIATION,522700.9204974669,5697104.290406496,36,16,28.284271247461902,37070.360723075195,1.3632991488496586,ground_equivalent_excess_gamma_dose_rate,uSv/h,50.0,1.0,6360,0.00033310000435449183,True,,1,0.1,0.09000000000000001,False,,0.0005683000199496746,
1548,RADIATION,RADIATION,522720.9204974669,5697084.290406496,35,17,28.284271247461902,37098.644994322654,1.2667456493748008,ground_equivalent_excess_gamma_dose_rate,uSv/h,50.0,1.0,6360,0.00032980000833049417,True,,1,0.1,0.09000000000000001,False,,0.0005905999860260636,
1549,RADIATION,RADIATION,522740.9204974669,5697084.290406496,35,18,20.0,37118.644994322654,1.095807189446043,ground_equivalent_excess_gamma_dose_rate,uSv/h,50.0,1.0,6360,0.0003226000117138028,True,,1,0.1,0.09000000000000001,False,,0.0005642000178340822,
1550,RADIATION,RADIATION,522760.9204974669,5697064.290406496,34,19,28.284271247461902,37146.929265570114,1.0292678975396128,ground_equivalent_excess_gamma_dose_rate,uSv/h,50.0,1.0,6360,0.00032720001763664186,True,,1,0.1,0.09000000000000001,False,,0.0005780000064987689,
1551,RADIATION,RADIATION,522740.9204974669,5697044.290406496,33,18,28.284271247461902,37175.21353681757,1.20498846498176,ground_equivalent_excess_gamma_dose_rate,uSv/h,50.0,1.0,6360,0.00032759999157860875,True,,1,0.1,0.09000000000000001,False,,0.000565300026210025,
1552,RADIATION,RADIATION,522760.9204974669,5697024.290406496,32,19,28.284271247461902,37203.49780806503,1.0918684172607038,ground_equivalent_excess_gamma_dose_rate,uSv/h,50.0,1.0,6360,0.00033299997448921204,True,,1,0.1,0.09000000000000001,False,,0.0005751999851781875,
1553,RADIATION,RADIATION,522780.9204974669,5697004.290406496,31,20,28.284271247461902,37231.78207931249,1.0203356501201353,ground_equivalent_excess_gamma_dose_rate,uSv/h,50.0,1.0,6360,0.0003409000055398792,True,,1,0.1,0.09000000000000001,False,,0.0005586000042967498,
1554,RADIATION,RADIATION,522780.9204974669,5696984.290406497,30,20,19.999999999068677,37251.78207931156,1.0256218593265438,ground_equivalent_excess_gamma_dose_rate,uSv/h,50.0,1.0,6360,0.00033569999504834414,True,,1,0.1,0.09000000000000001,False,,0.0005623000033665448,
1555,RADIATION,RADIATION,522760.9204974669,5696964.290406497,29,19,28.284271247461902,37280.06635055902,1.0850100050072804,ground_equivalent_excess_gamma_dose_rate,uSv/h,50.0,1.0,6360,0.00036520001594908535,True,,1,0.1,0.09000000000000001,False,,0.0006009000062476844,
1556,RADIATION,RADIATION,522780.9204974669,5696984.290406497,30,20,28.284271247461902,37308.35062180648,1.0256218593265438,ground_equivalent_excess_gamma_dose_rate,uSv/h,50.0,1.0,6360,0.00032789999386295676,True,,1,0.1,0.09000000000000001,False,,0.000568700022995472,
1557,RADIATION,RADIATION,522800.9204974669,5696984.290406497,30,21,20.0,37328.35062180648,0.9880262123563233,ground_equivalent_excess_gamma_dose_rate,uSv/h,50.0,1.0,6360,0.0003251000016462058,True,,1,0.1,0.09000000000000001,False,,0.0005744000081904233,
1558,RADIATION,RADIATION,522780.9204974669,5696984.290406497,30,20,20.0,37348.35062180648,1.0256218593265438,ground_equivalent_excess_gamma_dose_rate,uSv/h,50.0,1.0,6360,0.00032279998413287103,True,,1,0.1,0.09000000000000001,False,,0.0005624000041279942,
1559,RADIATION,RADIATION,522800.9204974669,5697004.290406496,31,21,28.284271246803357,37376.634893053284,0.9765808727180165,ground_equivalent_excess_gamma_dose_rate,uSv/h,50.0,1.0,6360,0.0003527999797370285,True,,1,0.1,0.09000000000000001,False,,0.0005970999773126096,
1560,RADIATION,RADIATION,522800.9204974669,5696984.290406497,30,21,19.999999999068677,37396.63489305235,0.9880262123563233,ground_equivalent_excess_gamma_dose_rate,uSv/h,50.0,1.0,6360,0.0004275999963283539,True,,1,0.1,0.09000000000000001,False,,0.0005617999995592982,
1561,RADIATION,RADIATION,522780.9204974669,5696984.290406497,30,20,20.0,37416.63489305235,1.0256218593265438,ground_equivalent_excess_gamma_dose_rate,uSv/h,50.0,1.0,6360,0.0003538000164553523,True,,1,0.1,0.09000000000000001,False,,0.0005816999764647335,
1562,RADIATION,RADIATION,522780.9204974669,5697004.290406496,31,20,19.999999999068677,37436.63489305142,1.0203356501201353,ground_equivalent_excess_gamma_dose_rate,uSv/h,50.0,1.0,6360,0.0003410999779589474,True,,1,0.1,0.09000000000000001,False,,0.0005655999993905425,
1563,RADIATION,RADIATION,522760.9204974669,5697024.290406496,32,19,28.284271247461902,37464.91916429888,1.0918684172607038,ground_equivalent_excess_gamma_dose_rate,uSv/h,50.0,1.0,6360,0.0003342999843880534,True,,1,0.1,0.09000000000000001,False,,0.0005649000231642276,
1564,RADIATION,RADIATION,522740.9204974669,5697024.290406496,32,18,20.0,37484.91916429888,1.2294534152549033,ground_equivalent_excess_gamma_dose_rate,uSv/h,50.0,1.0,6360,0.00033660000190138817,True,,1,0.1,0.09000000000000001,False,,0.0005781999789178371,
1565,RADIATION,RADIATION,522760.9204974669,5697004.290406496,31,19,28.284271247461902,37513.20343554634,1.1015753973911033,ground_equivalent_excess_gamma_dose_rate,uSv/h,50.0,1.0,6360,0.00032320001628249884,True,,1,0.1,0.09000000000000001,False,,0.0005584000027738512,
1566,RADIATION,RADIATION,522740.9204974669,5696984.290406497,30,18,28.284271246803357,37541.487706793145,1.2149751649599967,ground_equivalent_excess_gamma_dose_rate,uSv/h,50.0,1.0,6360,0.0003347999881953001,True,,1,0.1,0.09000000000000001,False,,0.0005818999779876322,
1567,RADIATION,RADIATION,522720.9204974669,5696964.290406497,29,17,28.284271247461902,37569.771978040604,1.3329686513850871,ground_equivalent_excess_gamma_dose_rate,uSv/h,50.0,1.0,6360,0.0003381000133231282,True,,1,0.1,0.09000000000000001,False,,0.0005581000004895031,
1568,RADIATION,RADIATION,522720.9204974669,5696944.290406497,28,17,20.0,37589.771978040604,1.2656605371090797,ground_equivalent_excess_gamma_dose_rate,uSv/h,50.0,1.0,6360,0.0003284999984316528,True,,1,0.1,0.09000000000000001,False,,0.0005633000109810382,
1569,RADIATION,RADIATION,522720.9204974669,5696964.290406497,29,17,20.0,37609.771978040604,1.3329686513850871,ground_equivalent_excess_gamma_dose_rate,uSv/h,50.0,1.0,6360,0.00033510001958347857,True,,1,0.1,0.09000000000000001,False,,0.0005607999919448048,
1570,RADIATION,RADIATION,522700.9204974669,5696984.290406497,30,16,28.284271247461902,37638.05624928806,1.6601316512795548,ground_equivalent_excess_gamma_dose_rate,uSv/h,50.0,1.0,6360,0.0003335000074002892,True,,1,0.1,0.09000000000000001,False,,0.0005643999902531505,
1571,RADIATION,RADIATION,522680.9204974669,5696984.290406497,30,15,20.0,37658.05624928806,2.0702551760877643,ground_equivalent_excess_gamma_dose_rate,uSv/h,50.0,1.0,6360,0.0003367000026628375,True,,1,0.1,0.09000000000000001,False,,0.0005588000058196485,
1572,RADIATION,RADIATION,522680.9204974669,5697004.290406496,31,15,19.999999999068677,37678.05624928713,2.2378395978397183,ground_equivalent_excess_gamma_dose_rate,uSv/h,50.0,1.0,6360,0.0003273999900557101,True,,1,0.1,0.09000000000000001,False,,0.0005590000073425472,
1573,RADIATION,RADIATION,522680.9204974669,5696984.290406497,30,15,19.999999999068677,37698.0562492862,2.0702551760877643,ground_equivalent_excess_gamma_dose_rate,uSv/h,50.0,1.0,6360,0.0003448000061325729,True,,1,0.1,0.09000000000000001,False,,0.0006090999813750386,
1574,RADIATION,RADIATION,522680.9204974669,5696964.290406497,29,15,20.0,37718.0562492862,1.8633426998565434,ground_equivalent_excess_gamma_dose_rate,uSv/h,50.0,1.0,6360,0.0003335000074002892,True,,1,0.1,0.09000000000000001,False,,0.0005632000102195889,
1575,RADIATION,RADIATION,522660.9204974669,5696964.290406497,29,14,20.0,37738.0562492862,2.3210269383626496,ground_equivalent_excess_gamma_dose_rate,uSv/h,50.0,1.0,6360,0.00033660000190138817,True,,1,0.1,0.09000000000000001,False,,0.0005963000003248453,
1576,RADIATION,RADIATION,522680.9204974669,5696984.290406497,30,15,28.284271247461902,37766.34052053366,2.0702551760877643,ground_equivalent_excess_gamma_dose_rate,uSv/h,50.0,1.0,6360,0.00033719997736625373,True,,1,0.1,0.09000000000000001,False,,0.0005632999818772078,
1577,RADIATION,RADIATION,522700.9204974669,5696984.290406497,30,16,20.0,37786.34052053366,1.6601316512795548,ground_equivalent_excess_gamma_dose_rate,uSv/h,50.0,1.0,6360,0.0003273999900557101,True,,1,0.1,0.09000000000000001,False,,0.0005637000140268356,
1578,RADIATION,RADIATION,522700.9204974669,5697004.290406496,31,16,19.999999999068677,37806.34052053273,1.742510509203496,ground_equivalent_excess_gamma_dose_rate,uSv/h,50.0,1.0,6360,0.0003423999878577888,True,,1,0.1,0.09000000000000001,False,,0.0005600000149570405,
1579,RADIATION,RADIATION,522700.9204974669,5696984.290406497,30,16,19.999999999068677,37826.3405205318,1.6601316512795548,ground_equivalent_excess_gamma_dose_rate,uSv/h,50.0,1.0,6360,0.0003217000048607588,True,,1,0.1,0.09000000000000001,False,,0.0005583000020124018,
1580,RADIATION,RADIATION,522700.9204974669,5697004.290406496,31,16,19.999999999068677,37846.340520530866,1.742510509203496,ground_equivalent_excess_gamma_dose_rate,uSv/h,50.0,1.0,6360,0.0003247000277042389,True,,1,0.1,0.09000000000000001,False,,0.0005612999957520515,
1581,RADIATION,RADIATION,522680.9204974669,5696984.290406497,30,15,28.284271246803357,37874.62479177767,2.0702551760877643,ground_equivalent_excess_gamma_dose_rate,uSv/h,50.0,1.0,6360,0.0003251000016462058,True,,1,0.1,0.09000000000000001,False,,0.0005584000027738512,
1582,RADIATION,RADIATION,522680.9204974669,5696964.290406497,29,15,20.0,37894.62479177767,1.8633426998565434,ground_equivalent_excess_gamma_dose_rate,uSv/h,50.0,1.0,6360,0.0003282999969087541,True,,1,0.1,0.09000000000000001,False,,0.0005726999952457845,
1583,RADIATION,RADIATION,522700.9204974669,5696964.290406497,29,16,20.0,37914.62479177767,1.5492181587552614,ground_equivalent_excess_gamma_dose_rate,uSv/h,50.0,1.0,6360,0.00032070002635009587,True,,1,0.1,0.09000000000000001,False,,0.0005602999881375581,
1584,RADIATION,RADIATION,522680.9204974669,5696944.290406497,28,15,28.284271247461902,37942.90906302513,1.659422356406965,ground_equivalent_excess_gamma_dose_rate,uSv/h,50.0,1.0,6360,0.0003301000106148422,True,,1,0.1,0.09000000000000001,False,,0.0005752999859396368,
1585,RADIATION,RADIATION,522680.9204974669,5696964.290406497,29,15,20.0,37962.90906302513,1.8633426998565434,ground_equivalent_excess_gamma_dose_rate,uSv/h,50.0,1.0,6360,0.0003279999946244061,True,,1,0.1,0.09000000000000001,False,,0.0005634000117424875,
1586,RADIATION,RADIATION,522680.9204974669,5696984.290406497,30,15,20.0,37982.90906302513,2.0702551760877643,ground_equivalent_excess_gamma_dose_rate,uSv/h,50.0,1.0,6360,0.0003294000052846968,True,,1,0.1,0.09000000000000001,False,,0.0005782000080216676,
1587,RADIATION,RADIATION,522700.9204974669,5696984.290406497,30,16,20.0,38002.90906302513,1.6601316512795548,ground_equivalent_excess_gamma_dose_rate,uSv/h,50.0,1.0,6360,0.0003425999893806875,True,,1,0.1,0.09000000000000001,False,,0.0006516999856103212,
1588,RADIATION,RADIATION,522720.9204974669,5696964.290406497,29,17,28.284271247461902,38031.19333427259,1.3329686513850871,ground_equivalent_excess_gamma_dose_rate,uSv/h,50.0,1.0,6360,0.0003281999961473048,True,,1,0.1,0.09000000000000001,False,,0.000575500016566366,
1589,RADIATION,RADIATION,522700.9204974669,5696944.290406497,28,16,28.284271247461902,38059.47760552005,1.4316184365531828,ground_equivalent_excess_gamma_dose_rate,uSv/h,50.0,1.0,6360,0.00033730000723153353,True,,1,0.1,0.09000000000000001,False,,0.0005661000031977892,
1590,RADIATION,RADIATION,522720.9204974669,5696944.290406497,28,17,20.0,38079.47760552005,1.2656605371090797,ground_equivalent_excess_gamma_dose_rate,uSv/h,50.0,1.0,6360,0.00032359999022446573,True,,1,0.1,0.09000000000000001,False,,0.0005610999942291528,
1591,RADIATION,RADIATION,522740.9204974669,5696944.290406497,28,18,20.0,38099.47760552005,1.1472223053471475,ground_equivalent_excess_gamma_dose_rate,uSv/h,50.0,1.0,6360,0.0003247000277042389,True,,1,0.1,0.09000000000000001,False,,0.0005764999950770289,
1592,RADIATION,RADIATION,522740.9204974669,5696964.290406497,29,18,20.0,38119.47760552005,1.184530099823079,ground_equivalent_excess_gamma_dose_rate,uSv/h,50.0,1.0,6360,0.00032789999386295676,True,,1,0.1,0.09000000000000001,False,,0.0005655999993905425,
1593,RADIATION,RADIATION,522760.9204974669,5696964.290406497,29,19,20.0,38139.47760552005,1.0850100050072804,ground_equivalent_excess_gamma_dose_rate,uSv/h,50.0,1.0,6360,0.0003242999955546111,True,,1,0.1,0.09000000000000001,False,,0.0005800000217277557,
1594,RADIATION,RADIATION,522760.9204974669,5696944.290406497,28,19,20.0,38159.47760552005,1.065923502514181,ground_equivalent_excess_gamma_dose_rate,uSv/h,50.0,1.0,6360,0.00031930001568980515,True,,1,0.1,0.09000000000000001,False,,0.0005581000004895031,
1595,RADIATION,RADIATION,522740.9204974669,5696924.290406497,27,18,28.284271247461902,38187.76187676751,1.1095690037769819,ground_equivalent_excess_gamma_dose_rate,uSv/h,50.0,1.0,6360,0.0003288000007160008,True,,1,0.1,0.09000000000000001,False,,0.0005623000033665448,
1596,RADIATION,RADIATION,522740.9204974669,5696944.290406497,28,18,20.0,38207.76187676751,1.1472223053471475,ground_equivalent_excess_gamma_dose_rate,uSv/h,50.0,1.0,6360,0.00034690002212300897,True,,1,0.1,0.09000000000000001,False,,0.0005711999838240445,
1597,RADIATION,RADIATION,522740.9204974669,5696924.290406497,27,18,20.0,38227.76187676751,1.1095690037769819,ground_equivalent_excess_gamma_dose_rate,uSv/h,50.0,1.0,6360,0.0003336999798193574,True,,1,0.1,0.09000000000000001,False,,0.0005644999910145998,
1598,RADIATION,RADIATION,522760.9204974669,5696944.290406497,28,19,28.284271247461902,38256.04614801497,1.065923502514181,ground_equivalent_excess_gamma_dose_rate,uSv/h,50.0,1.0,6360,0.00032610000926069915,True,,1,0.1,0.09000000000000001,False,,0.0005588000058196485,
1599,RADIATION,RADIATION,522740.9204974669,5696924.290406497,27,18,28.284271247461902,38284.33041926243,1.1095690037769819,ground_equivalent_excess_gamma_dose_rate,uSv/h,50.0,1.0,6360,0.00033030001213774085,True,,1,0.1,0.09000000000000001,False,,0.0005543999723158777,
1600,RADIATION,RADIATION,522720.9204974669,5696944.290406497,28,17,28.284271247461902,38312.61469050989,1.2656605371090797,ground_equivalent_excess_gamma_dose_rate,uSv/h,50.0,1.0,6360,0.00033459998667240143,True,,1,0.1,0.09000000000000001,False,,0.000579200015636161,
1601,RADIATION,RADIATION,522740.9204974669,5696964.290406497,29,18,28.284271247461902,38340.898961757346,1.184530099823079,ground_equivalent_excess_gamma_dose_rate,uSv/h,50.0,1.0,6360,0.00033669997355900705,True,,1,0.1,0.09000000000000001,False,,0.0005705999792553484,
1602,RADIATION,RADIATION,522720.9204974669,5696964.290406497,29,17,20.0,38360.898961757346,1.3329686513850871,ground_equivalent_excess_gamma_dose_rate,uSv/h,50.0,1.0,6360,0.00033260000054724514,True,,1,0.1,0.09000000000000001,False,,0.000592800002777949,
1603,RADIATION,RADIATION,522700.9204974669,5696944.290406497,28,16,28.284271247461902,38389.183233004806,1.4316184365531828,ground_equivalent_excess_gamma_dose_rate,uSv/h,50.0,1.0,6360,0.00033220002660527825,True,,1,0.1,0.09000000000000001,False,,0.0005627000064123422,
1604,RADIATION,RADIATION,522720.9204974669,5696964.290406497,29,17,28.284271247461902,38417.467504252265,1.3329686513850871,ground_equivalent_excess_gamma_dose_rate,uSv/h,50.0,1.0,6360,0.00032389999250881374,True,,1,0.1,0.09000000000000001,False,,0.0005683000199496746,
1605,RADIATION,RADIATION,522720.9204974669,5696944.290406497,28,17,20.0,38437.467504252265,1.2656605371090797,ground_equivalent_excess_gamma_dose_rate,uSv/h,50.0,1.0,6360,0.0003347999881953001,True,,1,0.1,0.09000000000000001,False,,0.0005614999972749501,
1606,RADIATION,RADIATION,522740.9204974669,5696944.290406497,28,18,20.0,38457.467504252265,1.1472223053471475,ground_equivalent_excess_gamma_dose_rate,uSv/h,50.0,1.0,6360,0.00033549999352544546,True,,1,0.1,0.09000000000000001,False,,0.0005873999907635152,
1607,RADIATION,RADIATION,522760.9204974669,5696964.290406497,29,19,28.284271247461902,38485.751775499724,1.0850100050072804,ground_equivalent_excess_gamma_dose_rate,uSv/h,50.0,1.0,6360,0.0003284999984316528,True,,1,0.1,0.09000000000000001,False,,0.0005773000011686236,
1608,RADIATION,RADIATION,522740.9204974669,5696984.290406497,30,18,28.284271247461902,38514.036046747184,1.2149751649599967,ground_equivalent_excess_gamma_dose_rate,uSv/h,50.0,1.0,6360,0.00033030001213774085,True,,1,0.1,0.09000000000000001,False,,0.0005678999878000468,
1609,RADIATION,RADIATION,522720.9204974669,5696964.290406497,29,17,28.284271247461902,38542.32031799464,1.3329686513850871,ground_equivalent_excess_gamma_dose_rate,uSv/h,50.0,1.0,6360,0.0003310000174678862,True,,1,0.1,0.09000000000000001,False,,0.0005750000127591193,
1610,RADIATION,RADIATION,522720.9204974669,5696984.290406497,30,17,20.0,38562.32031799464,1.3924725017107784,ground_equivalent_excess_gamma_dose_rate,uSv/h,50.0,1.0,6360,0.0003291000030003488,True,,1,0.1,0.09000000000000001,False,,0.0005616999987978488,
1611,RADIATION,RADIATION,522720.9204974669,5696964.290406497,29,17,20.0,38582.32031799464,1.3329686513850871,ground_equivalent_excess_gamma_dose_rate,uSv/h,50.0,1.0,6360,0.0003234999894630164,True,,1,0.1,0.09000000000000001,False,,0.0005750000127591193,
1612,RADIATION,RADIATION,522700.9204974669,5696984.290406497,30,16,28.284271247461902,38610.6045892421,1.6601316512795548,ground_equivalent_excess_gamma_dose_rate,uSv/h,50.0,1.0,6360,0.0003395999956410378,True,,1,0.1,0.09000000000000001,False,,0.0005615999980363995,
1613,RADIATION,RADIATION,522720.9204974669,5696984.290406497,30,17,20.0,38630.6045892421,1.3924725017107784,ground_equivalent_excess_gamma_dose_rate,uSv/h,50.0,1.0,6360,0.00032300001475960016,True,,1,0.1,0.09000000000000001,False,,0.0005624000041279942,
1614,RADIATION,RADIATION,522740.9204974669,5696964.290406497,29,18,28.284271247461902,38658.88886048956,1.184530099823079,ground_equivalent_excess_gamma_dose_rate,uSv/h,50.0,1.0,6360,0.0003316999936942011,True,,1,0.1,0.09000000000000001,False,,0.0005616999987978488,
1615,RADIATION,RADIATION,522720.9204974669,5696964.290406497,29,17,20.0,38678.88886048956,1.3329686513850871,ground_equivalent_excess_gamma_dose_rate,uSv/h,50.0,1.0,6360,0.00033049998455680907,True,,1,0.1,0.09000000000000001,False,,0.0005648000224027783,
1616,RADIATION,RADIATION,522700.9204974669,5696944.290406497,28,16,28.284271247461902,38707.17313173702,1.4316184365531828,ground_equivalent_excess_gamma_dose_rate,uSv/h,50.0,1.0,6360,0.0003808000183198601,True,,1,0.1,0.09000000000000001,False,,0.0007248999900184572,
1617,RADIATION,RADIATION,522720.9204974669,5696964.290406497,29,17,28.284271247461902,38735.45740298448,1.3329686513850871,ground_equivalent_excess_gamma_dose_rate,uSv/h,50.0,1.0,6360,0.0003457999846432358,True,,1,0.1,0.09000000000000001,False,,0.0006007000047247857,
1618,RADIATION,RADIATION,522720.9204974669,5696944.290406497,28,17,20.0,38755.45740298448,1.2656605371090797,ground_equivalent_excess_gamma_dose_rate,uSv/h,50.0,1.0,6360,0.00033629999961704016,True,,1,0.1,0.09000000000000001,False,,0.0005966000026091933,
1619,RADIATION,RADIATION,522740.9204974669,5696924.290406497,27,18,28.284271247461902,38783.74167423194,1.1095690037769819,ground_equivalent_excess_gamma_dose_rate,uSv/h,50.0,1.0,6360,0.00034559998312033713,True,,1,0.1,0.09000000000000001,False,,0.0005724999937228858,
1620,RADIATION,RADIATION,522760.9204974669,5696924.290406497,27,19,20.0,38803.74167423194,1.0453281914133241,ground_equivalent_excess_gamma_dose_rate,uSv/h,50.0,1.0,6360,0.0003307999868411571,True,,1,0.1,0.09000000000000001,False,,0.0005734000005759299,
1621,RADIATION,RADIATION,522740.9204974669,5696944.290406497,28,18,28.284271247461902,38832.0259454794,1.1472223053471475,ground_equivalent_excess_gamma_dose_rate,uSv/h,50.0,1.0,6360,0.0003515999997034669,True,,1,0.1,0.09000000000000001,False,,0.0006141999911051244,
1622,RADIATION,RADIATION,522760.9204974669,5696944.290406497,28,19,20.0,38852.0259454794,1.065923502514181,ground_equivalent_excess_gamma_dose_rate,uSv/h,50.0,1.0,6360,0.00032640001154504716,True,,1,0.1,0.09000000000000001,False,,0.0005738999752793461,
1623,RADIATION,RADIATION,522780.9204974669,5696944.290406497,28,20,20.0,38872.0259454794,1.0150572603125694,ground_equivalent_excess_gamma_dose_rate,uSv/h,50.0,1.0,6360,0.0003277999931015074,True,,1,0.1,0.09000000000000001,False,,0.0005876999930478632,
1624,RADIATION,RADIATION,522800.9204974669,5696944.290406497,28,21,20.0,38892.0259454794,0.9910478842981254,ground_equivalent_excess_gamma_dose_rate,uSv/h,50.0,1.0,6360,0.0003232999879401177,True,,1,0.1,0.09000000000000001,False,,0.0005665000062435865,
1625,RADIATION,RADIATION,522800.9204974669,5696964.290406497,29,21,20.0,38912.0259454794,0.9923142739913395,ground_equivalent_excess_gamma_dose_rate,uSv/h,50.0,1.0,6360,0.0003274999908171594,True,,1,0.1,0.09000000000000001,False,,0.0005804999964311719,
1626,RADIATION,RADIATION,522780.9204974669,5696964.290406497,29,20,20.0,38932.0259454794,1.0230136252150677,ground_equivalent_excess_gamma_dose_rate,uSv/h,50.0,1.0,6360,0.00033580002491362393,True,,1,0.1,0.09000000000000001,False,,0.0005660000024363399,
1627,RADIATION,RADIATION,522780.9204974669,5696984.290406497,30,20,20.0,38952.0259454794,1.0256218593265438,ground_equivalent_excess_gamma_dose_rate,uSv/h,50.0,1.0,6360,0.00032690001535229385,True,,1,0.1,0.09000000000000001,False,,0.0005632000102195889,
1628,RADIATION,RADIATION,522780.9204974669,5697004.290406496,31,20,19.999999999068677,38972.02594547847,1.0203356501201353,ground_equivalent_excess_gamma_dose_rate,uSv/h,50.0,1.0,6360,0.0003463999892119318,True,,1,0.1,0.09000000000000001,False,,0.0005629000079352409,
1629,RADIATION,RADIATION,522800.9204974669,5697024.290406496,32,21,28.284271247461902,39000.31021672593,0.9570800802228903,ground_equivalent_excess_gamma_dose_rate,uSv/h,50.0,1.0,6360,0.00037239998346194625,True,,1,0.1,0.09000000000000001,False,,0.0007161000103224069,
1630,RADIATION,RADIATION,522820.9204974669,5697044.290406496,33,22,28.284271247461902,39028.59448797339,0.9088012554737361,ground_equivalent_excess_gamma_dose_rate,uSv/h,50.0,1.0,6360,0.00034420000156387687,True,,1,0.1,0.09000000000000001,False,,0.0006068999937269837,
1631,RADIATION,RADIATION,522820.9204974669,5697064.290406496,34,22,20.0,39048.59448797339,0.8709612907034778,ground_equivalent_excess_gamma_dose_rate,uSv/h,50.0,1.0,6360,0.00033680000342428684,True,,1,0.1,0.09000000000000001,False,,0.0005788000125903636,
1632,RADIATION,RADIATION,522820.9204974669,5697044.290406496,33,22,20.0,39068.59448797339,0.9088012554737361,ground_equivalent_excess_gamma_dose_rate,uSv/h,50.0,1.0,6360,0.0003294000052846968,True,,1,0.1,0.09000000000000001,False,,0.0005718000174965709,
1633,RADIATION,RADIATION,522820.9204974669,5697064.290406496,34,22,20.0,39088.59448797339,0.8709612907034778,ground_equivalent_excess_gamma_dose_rate,uSv/h,50.0,1.0,6360,0.0003467000206001103,True,,1,0.1,0.09000000000000001,False,,0.0005739000043831766,
1634,RADIATION,RADIATION,522800.9204974669,5697084.290406496,35,21,28.284271247461902,39116.87875922085,0.8527339361629536,ground_equivalent_excess_gamma_dose_rate,uSv/h,50.0,1.0,6360,0.00033939999411813915,True,,1,0.1,0.09000000000000001,False,,0.0005758999905083328,
1635,RADIATION,RADIATION,522820.9204974669,5697064.290406496,34,22,28.284271247461902,39145.163030468306,0.8709612907034778,ground_equivalent_excess_gamma_dose_rate,uSv/h,50.0,1.0,6360,0.0003273999900557101,True,,1,0.1,0.09000000000000001,False,,0.0005834999901708215,
1636,RADIATION,RADIATION,522800.9204974669,5697084.290406496,35,21,28.284271247461902,39173.447301715765,0.8527339361629536,ground_equivalent_excess_gamma_dose_rate,uSv/h,50.0,1.0,6360,0.0003254999755881727,True,,1,0.1,0.09000000000000001,False,,0.0005632000102195889,
1637,RADIATION,RADIATION,522820.9204974669,5697064.290406496,34,22,28.284271247461902,39201.731572963225,0.8709612907034778,ground_equivalent_excess_gamma_dose_rate,uSv/h,50.0,1.0,6360,0.0003240999940317124,True,,1,0.1,0.09000000000000001,False,,0.0005801999941468239,
1638,RADIATION,RADIATION,522840.9204974669,5697064.290406496,34,23,20.0,39221.731572963225,0.8719378713706047,ground_equivalent_excess_gamma_dose_rate,uSv/h,50.0,1.0,6360,0.0003203999949619174,True,,1,0.1,0.09000000000000001,False,,0.0005609999934677035,
1639,RADIATION,RADIATION,522840.9204974669,5697084.290406496,35,23,20.0,39241.731572963225,0.8247463558078565,ground_equivalent_excess_gamma_dose_rate,uSv/h,50.0,1.0,6360,0.00032839999767020345,True,,1,0.1,0.09000000000000001,False,,0.0005817999772261828,
1640,RADIATION,RADIATION,522840.9204974669,5697064.290406496,34,23,20.0,39261.731572963225,0.8719378713706047,ground_equivalent_excess_gamma_dose_rate,uSv/h,50.0,1.0,6360,0.0003370000049471855,True,,1,0.1,0.09000000000000001,False,,0.0005668000085279346,
1641,RADIATION,RADIATION,522860.9204974669,5697044.290406496,33,24,28.284271247461902,39290.015844210684,0.9492843330231135,ground_equivalent_excess_gamma_dose_rate,uSv/h,50.0,1.0,6360,0.00042130000656470656,True,,1,0.1,0.09000000000000001,False,,0.0005682000191882253,
1642,RADIATION,RADIATION,522860.9204974669,5697064.290406496,34,24,20.0,39310.015844210684,0.896399546296561,ground_equivalent_excess_gamma_dose_rate,uSv/h,50.0,1.0,6360,0.0003341000119689852,True,,1,0.1,0.09000000000000001,False,,0.0005754000158049166,
1643,RADIATION,RADIATION,522840.9204974669,5697064.290406496,34,23,20.0,39330.015844210684,0.8719378713706047,ground_equivalent_excess_gamma_dose_rate,uSv/h,50.0,1.0,6360,0.00033080001594498754,True,,1,0.1,0.09000000000000001,False,,0.0006482000171672553,
1644,RADIATION,RADIATION,522860.9204974669,5697084.290406496,35,24,28.284271247461902,39358.30011545814,0.8408690361978397,ground_equivalent_excess_gamma_dose_rate,uSv/h,50.0,1.0,6360,0.0003263000107835978,True,,1,0.1,0.09000000000000001,False,,0.0005843999970238656,
1645,RADIATION,RADIATION,522840.9204974669,5697064.290406496,34,23,28.284271247461902,39386.5843867056,0.8719378713706047,ground_equivalent_excess_gamma_dose_rate,uSv/h,50.0,1.0,6360,0.0003239000216126442,True,,1,0.1,0.09000000000000001,False,,0.0005605000187642872,
1646,RADIATION,RADIATION,522820.9204974669,5697084.290406496,35,22,28.284271247461902,39414.86865795306,0.8282822780462791,ground_equivalent_excess_gamma_dose_rate,uSv/h,50.0,1.0,6360,0.0003276999923400581,True,,1,0.1,0.09000000000000001,False,,0.0005877999938093126,
1647,RADIATION,RADIATION,522820.9204974669,5697104.290406496,36,22,20.0,39434.86865795306,0.7822997788562602,ground_equivalent_excess_gamma_dose_rate,uSv/h,50.0,1.0,6360,0.00034749999758787453,True,,1,0.1,0.09000000000000001,False,,0.0005661000031977892,
1648,RADIATION,RADIATION,522840.9204974669,5697124.290406496,37,23,28.284271247461902,39463.15292920052,0.725632840745589,ground_equivalent_excess_gamma_dose_rate,uSv/h,50.0,1.0,6360,0.00033149999217130244,True,,1,0.1,0.09000000000000001,False,,0.0005803999956697226,
1649,RADIATION,RADIATION,522840.9204974669,5697104.290406496,36,23,20.0,39483.15292920052,0.7754865689895252,ground_equivalent_excess_gamma_dose_rate,uSv/h,50.0,1.0,6360,0.0003273000183980912,True,,1,0.1,0.09000000000000001,False,,0.0005623000033665448,
1650,RADIATION,RADIATION,522860.9204974669,5697124.290406496,37,24,28.284271247461902,39511.43720044798,0.7296589013182289,ground_equivalent_excess_gamma_dose_rate,uSv/h,50.0,1.0,6360,0.0003223999810870737,True,,1,0.1,0.09000000000000001,False,,0.0005654999986290932,
1651,RADIATION,RADIATION,522840.9204974669,5697124.290406496,37,23,20.0,39531.43720044798,0.725632840745589,ground_equivalent_excess_gamma_dose_rate,uSv/h,50.0,1.0,6360,0.00032879997161217034,True,,1,0.1,0.09000000000000001,False,,0.0005767999973613769,
1652,RADIATION,RADIATION,522860.9204974669,5697104.290406496,36,24,28.284271247461902,39559.72147169544,0.7847706749529777,ground_equivalent_excess_gamma_dose_rate,uSv/h,50.0,1.0,6360,0.0003245999978389591,True,,1,0.1,0.09000000000000001,False,,0.0005635000125039369,
1653,RADIATION,RADIATION,522880.9204974669,5697084.290406496,35,25,28.284271247461902,39588.0057429429,0.8767184751855455,ground_equivalent_excess_gamma_dose_rate,uSv/h,50.0,1.0,6360,0.0003271000168751925,True,,1,0.1,0.09000000000000001,False,,0.0005801999941468239,
1654,RADIATION,RADIATION,522860.9204974669,5697104.290406496,36,24,28.284271247461902,39616.29001419036,0.7847706749529777,ground_equivalent_excess_gamma_dose_rate,uSv/h,50.0,1.0,6360,0.00032190000638365746,True,,1,0.1,0.09000000000000001,False,,0.0005631999811157584,
1655,RADIATION,RADIATION,522840.9204974669,5697124.290406496,37,23,28.284271247461902,39644.57428543782,0.725632840745589,ground_equivalent_excess_gamma_dose_rate,uSv/h,50.0,1.0,6360,0.0003328000020701438,True,,1,0.1,0.09000000000000001,False,,0.0005953999934718013,
1656,RADIATION,RADIATION,522820.9204974669,5697124.290406496,37,22,20.0,39664.57428543782,0.7345364198976554,ground_equivalent_excess_gamma_dose_rate,uSv/h,50.0,1.0,6360,0.0003451000084169209,True,,1,0.1,0.09000000000000001,False,,0.0005621000018436462,
1657,RADIATION,RADIATION,522800.9204974669,5697104.290406496,36,21,28.284271247461902,39692.85855668528,0.8066549596240589,ground_equivalent_excess_gamma_dose_rate,uSv/h,50.0,1.0,6360,0.00033209999673999846,True,,1,0.1,0.09000000000000001,False,,0.0005622000026050955,
1658,RADIATION,RADIATION,522820.9204974669,5697124.290406496,37,22,28.284271247461902,39721.14282793274,0.7345364198976554,ground_equivalent_excess_gamma_dose_rate,uSv/h,50.0,1.0,6360,0.0003386000171303749,True,,1,0.1,0.09000000000000001,False,,0.0005635000125039369,
1659,RADIATION,RADIATION,522820.9204974669,5697104.290406496,36,22,20.0,39741.14282793274,0.7822997788562602,ground_equivalent_excess_gamma_dose_rate,uSv/h,50.0,1.0,6360,0.00032320001628249884,True,,1,0.1,0.09000000000000001,False,,0.0005652999971061945,
1660,RADIATION,RADIATION,522800.9204974669,5697084.290406496,35,21,28.284271247461902,39769.4270991802,0.8527339361629536,ground_equivalent_excess_gamma_dose_rate,uSv/h,50.0,1.0,6360,0.0003353999927639961,True,,1,0.1,0.09000000000000001,False,,0.0005753999867010862,
1661,RADIATION,RADIATION,522820.9204974669,5697084.290406496,35,22,20.0,39789.4270991802,0.8282822780462791,ground_equivalent_excess_gamma_dose_rate,uSv/h,50.0,1.0,6360,0.00032209997880272567,True,,1,0.1,0.09000000000000001,False,,0.0005647999932989478,
1662,RADIATION,RADIATION,522800.9204974669,5697084.290406496,35,21,20.0,39809.4270991802,0.8527339361629536,ground_equivalent_excess_gamma_dose_rate,uSv/h,50.0,1.0,6360,0.00032820002525113523,True,,1,0.1,0.09000000000000001,False,,0.0005827000131830573,
1663,RADIATION,RADIATION,522820.9204974669,5697084.290406496,35,22,20.0,39829.4270991802,0.8282822780462791,ground_equivalent_excess_gamma_dose_rate,uSv/h,50.0,1.0,6360,0.00032359999022446573,True,,1,0.1,0.09000000000000001,False,,0.0005648999940603971,
1664,RADIATION,RADIATION,522840.9204974669,5697104.290406496,36,23,28.284271247461902,39857.711370427656,0.7754865689895252,ground_equivalent_excess_gamma_dose_rate,uSv/h,50.0,1.0,6360,0.0003307000151835382,True,,1,0.1,0.09000000000000001,False,,0.0005785999819636345,
1665,RADIATION,RADIATION,522820.9204974669,5697084.290406496,35,22,28.284271247461902,39885.995641675116,0.8282822780462791,ground_equivalent_excess_gamma_dose_rate,uSv/h,50.0,1.0,6360,0.0003404000017326325,True,,1,0.1,0.09000000000000001,False,,0.0005651000246871263,
1666,RADIATION,RADIATION,522840.9204974669,5697064.290406496,34,23,28.284271247461902,39914.279912922575,0.8719378713706047,ground_equivalent_excess_gamma_dose_rate,uSv/h,50.0,1.0,6360,0.00032789999386295676,True,,1,0.1,0.09000000000000001,False,,0.0005647999932989478,
1667,RADIATION,RADIATION,522860.9204974669,5697064.290406496,34,24,20.0,39934.279912922575,0.896399546296561,ground_equivalent_excess_gamma_dose_rate,uSv/h,50.0,1.0,6360,0.0003360999980941415,True,,1,0.1,0.09000000000000001,False,,0.0005587000050581992,
1668,RADIATION,RADIATION,522860.9204974669,5697084.290406496,35,24,20.0,39954.279912922575,0.8408690361978397,ground_equivalent_excess_gamma_dose_rate,uSv/h,50.0,1.0,6360,0.0004130000015720725,True,,1,0.1,0.09000000000000001,False,,0.0005610999942291528,
1669,RADIATION,RADIATION,522880.9204974669,5697084.290406496,35,25,20.0,39974.279912922575,0.8767184751855455,ground_equivalent_excess_gamma_dose_rate,uSv/h,50.0,1.0,6360,0.00032950000604614615,True,,1,0.1,0.09000000000000001,False,,0.0005801999941468239,
1670,RADIATION,RADIATION,522860.9204974669,5697084.290406496,35,24,20.0,39994.279912922575,0.8408690361978397,ground_equivalent_excess_gamma_dose_rate,uSv/h,50.0,1.0,6360,0.0003417000116314739,True,,1,0.1,0.09000000000000001,False,,0.0005616999987978488,
1671,RADIATION,RADIATION,522880.9204974669,5697084.290406496,35,25,20.0,40014.279912922575,0.8767184751855455,ground_equivalent_excess_gamma_dose_rate,uSv/h,50.0,1.0,6360,0.0003252000024076551,True,,1,0.1,0.09000000000000001,False,,0.0005868999869562685,
1672,RADIATION,RADIATION,522900.9204974669,5697104.290406496,36,26,28.284271247461902,40042.564184170034,0.8496639122034009,ground_equivalent_excess_gamma_dose_rate,uSv/h,50.0,1.0,6360,0.00033179999445565045,True,,1,0.1,0.09000000000000001,False,,0.0005716999876312912,
1673,RADIATION,RADIATION,522880.9204974669,5697104.290406496,36,25,20.0,40062.564184170034,0.8095402813103656,ground_equivalent_excess_gamma_dose_rate,uSv/h,50.0,1.0,6360,0.0003383999865036458,True,,1,0.1,0.09000000000000001,False,,0.0005650999955832958,
1674,RADIATION,RADIATION,522900.9204974669,5697124.290406496,37,26,28.284271247461902,40090.848455417494,0.7730535398177703,ground_equivalent_excess_gamma_dose_rate,uSv/h,50.0,1.0,6360,0.0003422000154387206,True,,1,0.1,0.09000000000000001,False,,0.0005619000003207475,
1675,RADIATION,RADIATION,522900.9204974669,5697144.290406496,38,26,20.0,40110.848455417494,0.7038703357721567,ground_equivalent_excess_gamma_dose_rate,uSv/h,50.0,1.0,6360,0.0003271999885328114,True,,1,0.1,0.09000000000000001,False,,0.0005617999995592982,
1676,RADIATION,RADIATION,522920.9204974669,5697124.290406496,37,27,28.284271247461902,40139.13272666495,0.8108872677559196,ground_equivalent_excess_gamma_dose_rate,uSv/h,50.0,1.0,6360,0.0003273000183980912,True,,1,0.1,0.09000000000000001,False,,0.0005650999955832958,
1677,RADIATION,RADIATION,522920.9204974669,5697104.290406496,36,27,20.0,40159.13272666495,0.9050601194843273,ground_equivalent_excess_gamma_dose_rate,uSv/h,50.0,1.0,6360,0.0003232999879401177,True,,1,0.1,0.09000000000000001,False,,0.0005610000225715339,
1678,RADIATION,RADIATION,522920.9204974669,5697124.290406496,37,27,20.0,40179.13272666495,0.8108872677559196,ground_equivalent_excess_gamma_dose_rate,uSv/h,50.0,1.0,6360,0.0003232999879401177,True,,1,0.1,0.09000000000000001,False,,0.0005805999971926212,
1679,RADIATION,RADIATION,522920.9204974669,5697104.290406496,36,27,20.0,40199.13272666495,0.9050601194843273,ground_equivalent_excess_gamma_dose_rate,uSv/h,50.0,1.0,6360,0.00031870001112110913,True,,1,0.1,0.09000000000000001,False,,0.0005607999919448048,
1680,RADIATION,RADIATION,522940.9204974669,5697084.290406496,35,28,28.284271247461902,40227.41699791241,1.1148307721691426,ground_equivalent_excess_gamma_dose_rate,uSv/h,50.0,1.0,6360,0.0003294000052846968,True,,1,0.1,0.09000000000000001,False,,0.0005790000141132623,
1681,RADIATION,RADIATION,522940.9204974669,5697064.290406496,34,28,20.0,40247.41699791241,1.2792435190233227,ground_equivalent_excess_gamma_dose_rate,uSv/h,50.0,1.0,6360,0.0003364000003784895,True,,1,0.1,0.09000000000000001,False,,0.0005624000041279942,
1682,RADIATION,RADIATION,522960.9204974669,5697064.290406496,34,29,20.0,40267.41699791241,1.4695353616418028,ground_equivalent_excess_gamma_dose_rate,uSv/h,50.0,1.0,6360,0.0003360999980941415,True,,1,0.1,0.09000000000000001,False,,0.0005707999807782471,
1683,RADIATION,RADIATION,522980.9204974669,5697044.290406496,33,30,28.284271247461902,40295.70126915987,2.1274201609696983,ground_equivalent_excess_gamma_dose_rate,uSv/h,50.0,1.0,6360,0.0003457000129856169,True,,1,0.1,0.09000000000000001,False,,0.0005662000039592385,
1684,RADIATION,RADIATION,522960.9204974669,5697064.290406496,34,29,28.284271247461902,40323.98554040733,1.4695353616418028,ground_equivalent_excess_gamma_dose_rate,uSv/h,50.0,1.0,6360,0.00037170000723563135,True,,1,0.1,0.09000000000000001,False,,0.0008197999850381166,
1685,RADIATION,RADIATION,522980.9204974669,5697084.290406496,35,30,28.284271247461902,40352.26981165479,1.3852909703553926,ground_equivalent_excess_gamma_dose_rate,uSv/h,50.0,1.0,6360,0.00034279999090358615,True,,1,0.1,0.09000000000000001,False,,0.0006192000000737607,
1686,RADIATION,RADIATION,522980.9204974669,5697104.290406496,36,30,20.0,40372.26981165479,1.147708620863277,ground_equivalent_excess_gamma_dose_rate,uSv/h,50.0,1.0,6360,0.00034940001205541193,True,,1,0.1,0.09000000000000001,False,,0.000582600012421608,
1687,RADIATION,RADIATION,523000.920497467,5697124.290406496,37,31,28.28427124750306,40400.554082902294,1.021102915137919,ground_equivalent_excess_gamma_dose_rate,uSv/h,50.0,1.0,6360,0.00034309999318793416,True,,1,0.1,0.09000000000000001,False,,0.0005728999967686832,
1688,RADIATION,RADIATION,522980.9204974669,5697104.290406496,36,30,28.28427124750306,40428.8383541498,1.147708620863277,ground_equivalent_excess_gamma_dose_rate,uSv/h,50.0,1.0,6360,0.0003552999987732619,True,,1,0.1,0.09000000000000001,False,,0.0005670999817084521,
1689,RADIATION,RADIATION,522960.9204974669,5697104.290406496,36,29,20.0,40448.8383541498,1.057563606497082,ground_equivalent_excess_gamma_dose_rate,uSv/h,50.0,1.0,6360,0.00033179999445565045,True,,1,0.1,0.09000000000000001,False,,0.0005699000030290335,
1690,RADIATION,RADIATION,522960.9204974669,5697084.290406496,35,29,20.0,40468.8383541498,1.2406653808570125,ground_equivalent_excess_gamma_dose_rate,uSv/h,50.0,1.0,6360,0.0003294000052846968,True,,1,0.1,0.09000000000000001,False,,0.0005837999924551696,
1691,RADIATION,RADIATION,522980.9204974669,5697104.290406496,36,30,28.284271247461902,40497.122625397256,1.147708620863277,ground_equivalent_excess_gamma_dose_rate,uSv/h,50.0,1.0,6360,0.0003278000222053379,True,,1,0.1,0.09000000000000001,False,,0.0005681000184267759,
1692,RADIATION,RADIATION,522960.9204974669,5697124.290406496,37,29,28.284271247461902,40525.406896644716,0.9114832475808103,ground_equivalent_excess_gamma_dose_rate,uSv/h,50.0,1.0,6360,0.0003355999942868948,True,,1,0.1,0.09000000000000001,False,,0.0005799999926239252,
1693,RADIATION,RADIATION,522980.9204974669,5697104.290406496,36,30,28.284271247461902,40553.691167892175,1.147708620863277,ground_equivalent_excess_gamma_dose_rate,uSv/h,50.0,1.0,6360,0.0004143000114709139,True,,1,0.1,0.09000000000000001,False,,0.0005605000187642872,
1694,RADIATION,RADIATION,523000.920497467,5697104.290406496,36,31,20.000000000058208,40573.69116789223,1.2368976273367516,ground_equivalent_excess_gamma_dose_rate,uSv/h,50.0,1.0,6360,0.0003327000013086945,True,,1,0.1,0.09000000000000001,False,,0.0005836999916937202,
1695,RADIATION,RADIATION,523020.920497467,5697104.290406496,36,32,20.0,40593.69116789223,1.3125720588927299,ground_equivalent_excess_gamma_dose_rate,uSv/h,50.0,1.0,6360,0.00034420000156387687,True,,1,0.1,0.09000000000000001,False,,0.0005652999971061945,
1696,RADIATION,RADIATION,523000.920497467,5697104.290406496,36,31,20.0,40613.69116789223,1.2368976273367516,ground_equivalent_excess_gamma_dose_rate,uSv/h,50.0,1.0,6360,0.00032500000088475645,True,,1,0.1,0.09000000000000001,False,,0.0005655000277329236,
1697,RADIATION,RADIATION,522980.9204974669,5697104.290406496,36,30,20.000000000058208,40633.69116789229,1.147708620863277,ground_equivalent_excess_gamma_dose_rate,uSv/h,50.0,1.0,6360,0.0003276999923400581,True,,1,0.1,0.09000000000000001,False,,0.0005628000071737915,
1698,RADIATION,RADIATION,522960.9204974669,5697084.290406496,35,29,28.284271247461902,40661.97543913975,1.2406653808570125,ground_equivalent_excess_gamma_dose_rate,uSv/h,50.0,1.0,6360,0.0003558000025805086,True,,1,0.1,0.09000000000000001,False,,0.0006007000047247857,
1699,RADIATION,RADIATION,522940.9204974669,5697084.290406496,35,28,20.0,40681.97543913975,1.1148307721691426,ground_equivalent_excess_gamma_dose_rate,uSv/h,50.0,1.0,6360,0.0003446000046096742,True,,1,0.1,0.09000000000000001,False,,0.0006741000106558204,
1700,RADIATION,RADIATION,522960.9204974669,5697064.290406496,34,29,28.284271247461902,40710.25971038721,1.4695353616418028,ground_equivalent_excess_gamma_dose_rate,uSv/h,50.0,1.0,6360,0.0003449000068940222,True,,1,0.1,0.09000000000000001,False,,0.0005671000108122826,
1701,RADIATION,RADIATION,522960.9204974669,5697084.290406496,35,29,20.0,40730.25971038721,1.2406653808570125,ground_equivalent_excess_gamma_dose_rate,uSv/h,50.0,1.0,6360,0.0003250999725423753,True,,1,0.1,0.09000000000000001,False,,0.0005681999900843948,
1702,RADIATION,RADIATION,522960.9204974669,5697104.290406496,36,29,20.0,40750.25971038721,1.057563606497082,ground_equivalent_excess_gamma_dose_rate,uSv/h,50.0,1.0,6360,0.0003443000023253262,True,,1,0.1,0.09000000000000001,False,,0.0005646999925374985,
1703,RADIATION,RADIATION,522960.9204974669,5697124.290406496,37,29,20.0,40770.25971038721,0.9114832475808103,ground_equivalent_excess_gamma_dose_rate,uSv/h,50.0,1.0,6360,0.0003347000165376812,True,,1,0.1,0.09000000000000001,False,,0.0005657000001519918,
1704,RADIATION,RADIATION,522940.9204974669,5697104.290406496,36,28,28.284271247461902,40798.54398163467,0.9750742918010724,ground_equivalent_excess_gamma_dose_rate,uSv/h,50.0,1.0,6360,0.00033310000435449183,True,,1,0.1,0.09000000000000001,False,,0.0005723999929614365,
1705,RADIATION,RADIATION,522940.9204974669,5697124.290406496,37,28,20.0,40818.54398163467,0.8578355543581335,ground_equivalent_excess_gamma_dose_rate,uSv/h,50.0,1.0,6360,0.00033320000511594117,True,,1,0.1,0.09000000000000001,False,,0.0005598000134341419,
1706,RADIATION,RADIATION,522920.9204974669,5697124.290406496,37,27,20.0,40838.54398163467,0.8108872677559196,ground_equivalent_excess_gamma_dose_rate,uSv/h,50.0,1.0,6360,0.00033999999868683517,True,,1,0.1,0.09000000000000001,False,,0.000579200015636161,
1707,RADIATION,RADIATION,522900.9204974669,5697124.290406496,37,26,20.0,40858.54398163467,0.7730535398177703,ground_equivalent_excess_gamma_dose_rate,uSv/h,50.0,1.0,6360,0.0003386999887879938,True,,1,0.1,0.09000000000000001,False,,0.0005625999765470624,
1708,RADIATION,RADIATION,522920.9204974669,5697144.290406496,38,27,28.284271247461902,40886.82825288213,0.7289273391903661,ground_equivalent_excess_gamma_dose_rate,uSv/h,50.0,1.0,6360,0.0003240999940317124,True,,1,0.1,0.09000000000000001,False,,0.0005834999901708215,
1709,RADIATION,RADIATION,522920.9204974669,5697164.290406496,39,27,20.0,40906.82825288213,0.6577889374722492,ground_equivalent_excess_gamma_dose_rate,uSv/h,50.0,1.0,6360,0.0003507999936118722,True,,1,0.1,0.09000000000000001,False,,0.0005788999842479825,
1710,RADIATION,RADIATION,522900.9204974669,5697144.290406496,38,26,28.284271247461902,40935.11252412959,0.7038703357721567,ground_equivalent_excess_gamma_dose_rate,uSv/h,50.0,1.0,6360,0.00033030001213774085,True,,1,0.1,0.09000000000000001,False,,0.0005713000136893243,
1711,RADIATION,RADIATION,522920.9204974669,5697124.290406496,37,27,28.284271247461902,40963.39679537705,0.8108872677559196,ground_equivalent_excess_gamma_dose_rate,uSv/h,50.0,1.0,6360,0.0003339000104460865,True,,1,0.1,0.09000000000000001,False,,0.0005748000112362206,
1712,RADIATION,RADIATION,522900.9204974669,5697144.290406496,38,26,28.284271247461902,40991.68106662451,0.7038703357721567,ground_equivalent_excess_gamma_dose_rate,uSv/h,50.0,1.0,6360,0.0003285999991931021,True,,1,0.1,0.09000000000000001,False,,0.0005629000079352409,
1713,RADIATION,RADIATION,522920.9204974669,5697144.290406496,38,27,20.0,41011.68106662451,0.7289273391903661,ground_equivalent_excess_gamma_dose_rate,uSv/h,50.0,1.0,6360,0.00032500000088475645,True,,1,0.1,0.09000000000000001,False,,0.0005757000180892646,
1714,RADIATION,RADIATION,522940.9204974669,5697124.290406496,37,28,28.284271247461902,41039.96533787197,0.8578355543581335,ground_equivalent_excess_gamma_dose_rate,uSv/h,50.0,1.0,6360,0.0003183000080753118,True,,1,0.1,0.09000000000000001,False,,0.0005615999980363995,
1715,RADIATION,RADIATION,522960.9204974669,5697124.290406496,37,29,20.0,41059.96533787197,0.9114832475808103,ground_equivalent_excess_gamma_dose_rate,uSv/h,50.0,1.0,6360,0.00032820002525113523,True,,1,0.1,0.09000000000000001,False,,0.0005749999836552888,
1716,RADIATION,RADIATION,522960.9204974669,5697144.290406496,38,29,20.0,41079.96533787197,0.7942430716703512,ground_equivalent_excess_gamma_dose_rate,uSv/h,50.0,1.0,6360,0.00032569997711107135,True,,1,0.1,0.09000000000000001,False,,0.0005608999927062541,
1717,RADIATION,RADIATION,522960.9204974669,5697124.290406496,37,29,20.0,41099.96533787197,0.9114832475808103,ground_equivalent_excess_gamma_dose_rate,uSv/h,50.0,1.0,6360,0.0003243999963160604,True,,1,0.1,0.09000000000000001,False,,0.0005736000020988286,
1718,RADIATION,RADIATION,522940.9204974669,5697144.290406496,38,28,28.284271247461902,41128.249609119426,0.7597671972997284,ground_equivalent_excess_gamma_dose_rate,uSv/h,50.0,1.0,6360,0.0003409000055398792,True,,1,0.1,0.09000000000000001,False,,0.0005655999993905425,
1719,RADIATION,RADIATION,522920.9204974669,5697164.290406496,39,27,28.284271247461902,41156.533880366886,0.6577889374722492,ground_equivalent_excess_gamma_dose_rate,uSv/h,50.0,1.0,6360,0.00032309998641721904,True,,1,0.1,0.09000000000000001,False,,0.0005628000071737915,
1720,RADIATION,RADIATION,522940.9204974669,5697184.290406496,40,28,28.284271247461902,41184.818151614345,0.607981923681048,ground_equivalent_excess_gamma_dose_rate,uSv/h,50.0,1.0,6360,0.00034559998312033713,True,,1,0.1,0.09000000000000001,False,,0.0005647999932989478,
1721,RADIATION,RADIATION,522960.9204974669,5697164.290406496,39,29,28.284271247461902,41213.102422861804,0.699172496214971,ground_equivalent_excess_gamma_dose_rate,uSv/h,50.0,1.0,6360,0.00035570000181905925,True,,1,0.1,0.09000000000000001,False,,0.0006064999906811863,
1722,RADIATION,RADIATION,522960.9204974669,5697144.290406496,38,29,20.0,41233.102422861804,0.7942430716703512,ground_equivalent_excess_gamma_dose_rate,uSv/h,50.0,1.0,6360,0.0003327000013086945,True,,1,0.1,0.09000000000000001,False,,0.0005984999879729003,
1723,RADIATION,RADIATION,522980.9204974669,5697144.290406496,38,30,20.0,41253.102422861804,0.8293425696704324,ground_equivalent_excess_gamma_dose_rate,uSv/h,50.0,1.0,6360,0.0003395999956410378,True,,1,0.1,0.09000000000000001,False,,0.0005633999826386571,
1724,RADIATION,RADIATION,523000.920497467,5697144.290406496,38,31,20.000000000058208,41273.10242286186,0.8611764112042419,ground_equivalent_excess_gamma_dose_rate,uSv/h,50.0,1.0,6360,0.00036910001654177904,True,,1,0.1,0.09000000000000001,False,,0.0006992999988142401,
1725,RADIATION,RADIATION,522980.9204974669,5697144.290406496,38,30,20.000000000058208,41293.10242286192,0.8293425696704324,ground_equivalent_excess_gamma_dose_rate,uSv/h,50.0,1.0,6360,0.0003580999909900129,True,,1,0.1,0.09000000000000001,False,,0.0005991999933030456,
1726,RADIATION,RADIATION,522980.9204974669,5697164.290406496,39,30,20.0,41313.10242286192,0.7206704949048925,ground_equivalent_excess_gamma_dose_rate,uSv/h,50.0,1.0,6360,0.0003370000049471855,True,,1,0.1,0.09000000000000001,False,,0.0005802999949082732,
1727,RADIATION,RADIATION,522980.9204974669,5697184.290406496,40,30,20.0,41333.10242286192,0.6338181060671229,ground_equivalent_excess_gamma_dose_rate,uSv/h,50.0,1.0,6360,0.00034669999149627984,True,,1,0.1,0.09000000000000001,False,,0.000591500021982938,
1728,RADIATION,RADIATION,522980.9204974669,5697164.290406496,39,30,20.0,41353.10242286192,0.7206704949048925,ground_equivalent_excess_gamma_dose_rate,uSv/h,50.0,1.0,6360,0.0003330000035930425,True,,1,0.1,0.09000000000000001,False,,0.0005797999911010265,
1729,RADIATION,RADIATION,522980.9204974669,5697184.290406496,40,30,20.0,41373.10242286192,0.6338181060671229,ground_equivalent_excess_gamma_dose_rate,uSv/h,50.0,1.0,6360,0.00032970000756904483,True,,1,0.1,0.09000000000000001,False,,0.0005836000200361013,
1730,RADIATION,RADIATION,522980.9204974669,5697164.290406496,39,30,20.0,41393.10242286192,0.7206704949048925,ground_equivalent_excess_gamma_dose_rate,uSv/h,50.0,1.0,6360,0.0003383000148460269,True,,1,0.1,0.09000000000000001,False,,0.0005663999763783067,
1731,RADIATION,RADIATION,522960.9204974669,5697164.290406496,39,29,20.0,41413.10242286192,0.699172496214971,ground_equivalent_excess_gamma_dose_rate,uSv/h,50.0,1.0,6360,0.00033060001442208886,True,,1,0.1,0.09000000000000001,False,,0.0005743999790865928,
1732,RADIATION,RADIATION,522940.9204974669,5697144.290406496,38,28,28.284271247461902,41441.38669410938,0.7597671972997284,ground_equivalent_excess_gamma_dose_rate,uSv/h,50.0,1.0,6360,0.00035030001890845597,True,,1,0.1,0.09000000000000001,False,,0.0005654999986290932,
1733,RADIATION,RADIATION,522960.9204974669,5697124.290406496,37,29,28.284271247461902,41469.67096535684,0.9114832475808103,ground_equivalent_excess_gamma_dose_rate,uSv/h,50.0,1.0,6360,0.000444200006313622,True,,1,0.1,0.09000000000000001,False,,0.0005676000146195292,
1734,RADIATION,RADIATION,522980.9204974669,5697144.290406496,38,30,28.284271247461902,41497.9552366043,0.8293425696704324,ground_equivalent_excess_gamma_dose_rate,uSv/h,50.0,1.0,6360,0.00033140002051368356,True,,1,0.1,0.09000000000000001,False,,0.0005964000010862947,
1735,RADIATION,RADIATION,522960.9204974669,5697144.290406496,38,29,20.0,41517.9552366043,0.7942430716703512,ground_equivalent_excess_gamma_dose_rate,uSv/h,50.0,1.0,6360,0.0003291000030003488,True,,1,0.1,0.09000000000000001,False,,0.0005675999855156988,
1736,RADIATION,RADIATION,522940.9204974669,5697164.290406496,39,28,28.284271247461902,41546.23950785176,0.6774764437628105,ground_equivalent_excess_gamma_dose_rate,uSv/h,50.0,1.0,6360,0.0003299000090919435,True,,1,0.1,0.09000000000000001,False,,0.0005821999802719802,
1737,RADIATION,RADIATION,522920.9204974669,5697144.290406496,38,27,28.284271247461902,41574.52377909922,0.7289273391903661,ground_equivalent_excess_gamma_dose_rate,uSv/h,50.0,1.0,6360,0.0003281999961473048,True,,1,0.1,0.09000000000000001,False,,0.0005624000041279942,
1738,RADIATION,RADIATION,522900.9204974669,5697164.290406496,39,26,28.284271247461902,41602.80805034668,0.641853648460649,ground_equivalent_excess_gamma_dose_rate,uSv/h,50.0,1.0,6360,0.0003415999817661941,True,,1,0.1,0.09000000000000001,False,,0.0005688000237569213,
1739,RADIATION,RADIATION,522920.9204974669,5697144.290406496,38,27,28.284271247461902,41631.09232159414,0.7289273391903661,ground_equivalent_excess_gamma_dose_rate,uSv/h,50.0,1.0,6360,0.0003381999849807471,True,,1,0.1,0.09000000000000001,False,,0.0005635000125039369,
1740,RADIATION,RADIATION,522900.9204974669,5697164.290406496,39,26,28.284271247461902,41659.376592841596,0.641853648460649,ground_equivalent_excess_gamma_dose_rate,uSv/h,50.0,1.0,6360,0.0003252000024076551,True,,1,0.1,0.09000000000000001,False,,0.0005706999800167978,
1741,RADIATION,RADIATION,522920.9204974669,5697184.290406496,40,27,28.284271247461902,41687.660864089055,0.5959656279892154,ground_equivalent_excess_gamma_dose_rate,uSv/h,50.0,1.0,6360,0.00032640001154504716,True,,1,0.1,0.09000000000000001,False,,0.0005803999956697226,
1742,RADIATION,RADIATION,522940.9204974669,5697184.290406496,40,28,20.0,41707.660864089055,0.607981923681048,ground_equivalent_excess_gamma_dose_rate,uSv/h,50.0,1.0,6360,0.0003278000222053379,True,,1,0.1,0.09000000000000001,False,,0.0005655999993905425,
1743,RADIATION,RADIATION,522920.9204974669,5697164.290406496,39,27,28.284271247461902,41735.945135336515,0.6577889374722492,ground_equivalent_excess_gamma_dose_rate,uSv/h,50.0,1.0,6360,0.0003319999959785491,True,,1,0.1,0.09000000000000001,False,,0.0005800000217277557,
1744,RADIATION,RADIATION,522900.9204974669,5697164.290406496,39,26,20.0,41755.945135336515,0.641853648460649,ground_equivalent_excess_gamma_dose_rate,uSv/h,50.0,1.0,6360,0.0003223999810870737,True,,1,0.1,0.09000000000000001,False,,0.0005594999820459634,
1745,RADIATION,RADIATION,522880.9204974669,5697144.290406496,38,25,28.284271247461902,41784.229406583974,0.6860747556630507,ground_equivalent_excess_gamma_dose_rate,uSv/h,50.0,1.0,6360,0.0003480000013951212,True,,1,0.1,0.09000000000000001,False,,0.0005822000093758106,
1746,RADIATION,RADIATION,522860.9204974669,5697144.290406496,38,24,20.0,41804.229406583974,0.676609627913483,ground_equivalent_excess_gamma_dose_rate,uSv/h,50.0,1.0,6360,0.0003530000103637576,True,,1,0.1,0.09000000000000001,False,,0.0005614000256173313,
1747,RADIATION,RADIATION,522840.9204974669,5697124.290406496,37,23,28.284271247461902,41832.51367783143,0.725632840745589,ground_equivalent_excess_gamma_dose_rate,uSv/h,50.0,1.0,6360,0.0003445000038482249,True,,1,0.1,0.09000000000000001,False,,0.0005743000074289739,
1748,RADIATION,RADIATION,522820.9204974669,5697144.290406496,38,22,28.284271247461902,41860.79794907889,0.6863685442984497,ground_equivalent_excess_gamma_dose_rate,uSv/h,50.0,1.0,6360,0.00033629999961704016,True,,1,0.1,0.09000000000000001,False,,0.0005642000178340822,
1749,RADIATION,RADIATION,522840.9204974669,5697124.290406496,37,23,28.284271247461902,41889.08222032635,0.725632840745589,ground_equivalent_excess_gamma_dose_rate,uSv/h,50.0,1.0,6360,0.0003341999836266041,True,,1,0.1,0.09000000000000001,False,,0.0005608999927062541,
1750,RADIATION,RADIATION,522840.9204974669,5697104.290406496,36,23,20.0,41909.08222032635,0.7754865689895252,ground_equivalent_excess_gamma_dose_rate,uSv/h,50.0,1.0,6360,0.00033039998379535973,True,,1,0.1,0.09000000000000001,False,,0.0005738000036217272,
1751,RADIATION,RADIATION,522820.9204974669,5697084.290406496,35,22,28.284271247461902,41937.36649157381,0.8282822780462791,ground_equivalent_excess_gamma_dose_rate,uSv/h,50.0,1.0,6360,0.0003308999876026064,True,,1,0.1,0.09000000000000001,False,,0.0005568999913521111,
1752,RADIATION,RADIATION,522840.9204974669,5697104.290406496,36,23,28.284271247461902,41965.65076282127,0.7754865689895252,ground_equivalent_excess_gamma_dose_rate,uSv/h,50.0,1.0,6360,0.0003237999917473644,True,,1,0.1,0.09000000000000001,False,,0.0005806999979540706,
1753,RADIATION,RADIATION,522840.9204974669,5697124.290406496,37,23,20.0,41985.65076282127,0.725632840745589,ground_equivalent_excess_gamma_dose_rate,uSv/h,50.0,1.0,6360,0.00032389999250881374,True,,1,0.1,0.09000000000000001,False,,0.0005660000024363399,
1754,RADIATION,RADIATION,522840.9204974669,5697144.290406496,38,23,20.0,42005.65076282127,0.6763847858616989,ground_equivalent_excess_gamma_dose_rate,uSv/h,50.0,1.0,6360,0.00032649998320266604,True,,1,0.1,0.09000000000000001,False,,0.0005832999886479229,
1755,RADIATION,RADIATION,522820.9204974669,5697124.290406496,37,22,28.284271247461902,42033.93503406873,0.7345364198976554,ground_equivalent_excess_gamma_dose_rate,uSv/h,50.0,1.0,6360,0.00034630001755431294,True,,1,0.1,0.09000000000000001,False,,0.0006439999851863831,
1756,RADIATION,RADIATION,522840.9204974669,5697104.290406496,36,23,28.284271247461902,42062.21930531619,0.7754865689895252,ground_equivalent_excess_gamma_dose_rate,uSv/h,50.0,1.0,6360,0.00033290000283159316,True,,1,0.1,0.09000000000000001,False,,0.0005702000053133816,
1757,RADIATION,RADIATION,522860.9204974669,5697124.290406496,37,24,28.284271247461902,42090.50357656365,0.7296589013182289,ground_equivalent_excess_gamma_dose_rate,uSv/h,50.0,1.0,6360,0.00032890000147745013,True,,1,0.1,0.09000000000000001,False,,0.0005707000091206282,
1758,RADIATION,RADIATION,522880.9204974669,5697124.290406496,37,25,20.0,42110.50357656365,0.7457013681451119,ground_equivalent_excess_gamma_dose_rate,uSv/h,50.0,1.0,6360,0.0003223000094294548,True,,1,0.1,0.09000000000000001,False,,0.0005655999993905425,
1759,RADIATION,RADIATION,522880.9204974669,5697104.290406496,36,25,20.0,42130.50357656365,0.8095402813103656,ground_equivalent_excess_gamma_dose_rate,uSv/h,50.0,1.0,6360,0.0003279999946244061,True,,1,0.1,0.09000000000000001,False,,0.0005858999793417752,
1760,RADIATION,RADIATION,522880.9204974669,5697084.290406496,35,25,20.0,42150.50357656365,0.8767184751855455,ground_equivalent_excess_gamma_dose_rate,uSv/h,50.0,1.0,6360,0.0003285999991931021,True,,1,0.1,0.09000000000000001,False,,0.000585400004638359,
1761,RADIATION,RADIATION,522900.9204974669,5697064.290406496,34,26,28.284271247461902,42178.78784781111,1.0225560765022554,ground_equivalent_excess_gamma_dose_rate,uSv/h,50.0,1.0,6360,0.00032750001992098987,True,,1,0.1,0.09000000000000001,False,,0.000582000007852912,
1762,RADIATION,RADIATION,522920.9204974669,5697084.290406496,35,27,28.284271247461902,42207.07211905857,1.0122628049978302,ground_equivalent_excess_gamma_dose_rate,uSv/h,50.0,1.0,6360,0.00032010002178139985,True,,1,0.1,0.09000000000000001,False,,0.0005647999932989478,
1763,RADIATION,RADIATION,522920.9204974669,5697064.290406496,34,27,20.0,42227.07211905857,1.1318974611037307,ground_equivalent_excess_gamma_dose_rate,uSv/h,50.0,1.0,6360,0.00032229998032562435,True,,1,0.1,0.09000000000000001,False,,0.0005620000010821968,
1764,RADIATION,RADIATION,522940.9204974669,5697084.290406496,35,28,28.284271247461902,42255.35639030603,1.1148307721691426,ground_equivalent_excess_gamma_dose_rate,uSv/h,50.0,1.0,6360,0.0003336000081617385,True,,1,0.1,0.09000000000000001,False,,0.0005660000024363399,
1765,RADIATION,RADIATION,522920.9204974669,5697104.290406496,36,27,28.284271247461902,42283.64066155349,0.9050601194843273,ground_equivalent_excess_gamma_dose_rate,uSv/h,50.0,1.0,6360,0.0003284999984316528,True,,1,0.1,0.09000000000000001,False,,0.0005634000117424875,
1766,RADIATION,RADIATION,522940.9204974669,5697124.290406496,37,28,28.284271247461902,42311.92493280095,0.8578355543581335,ground_equivalent_excess_gamma_dose_rate,uSv/h,50.0,1.0,6360,0.00033290000283159316,True,,1,0.1,0.09000000000000001,False,,0.0005677000153809786,
1767,RADIATION,RADIATION,522940.9204974669,5697144.290406496,38,28,20.0,42331.92493280095,0.7597671972997284,ground_equivalent_excess_gamma_dose_rate,uSv/h,50.0,1.0,6360,0.0003301000106148422,True,,1,0.1,0.09000000000000001,False,,0.0005630999803543091,
1768,RADIATION,RADIATION,522960.9204974669,5697124.290406496,37,29,28.284271247461902,42360.209204048406,0.9114832475808103,ground_equivalent_excess_gamma_dose_rate,uSv/h,50.0,1.0,6360,0.00032720001763664186,True,,1,0.1,0.09000000000000001,False,,0.0005812000017613173,
1769,RADIATION,RADIATION,522960.9204974669,5697144.290406496,38,29,20.0,42380.209204048406,0.7942430716703512,ground_equivalent_excess_gamma_dose_rate,uSv/h,50.0,1.0,6360,0.00032449999707750976,True,,1,0.1,0.09000000000000001,False,,0.0005684999923687428,
1770,RADIATION,RADIATION,522960.9204974669,5697124.290406496,37,29,20.0,42400.209204048406,0.9114832475808103,ground_equivalent_excess_gamma_dose_rate,uSv/h,50.0,1.0,6360,0.00031980001949705184,True,,1,0.1,0.09000000000000001,False,,0.0005736000020988286,
1771,RADIATION,RADIATION,522980.9204974669,5697104.290406496,36,30,28.284271247461902,42428.493475295865,1.147708620863277,ground_equivalent_excess_gamma_dose_rate,uSv/h,50.0,1.0,6360,0.0003254999755881727,True,,1,0.1,0.09000000000000001,False,,0.0005577000265475363,
1772,RADIATION,RADIATION,522980.9204974669,5697084.290406496,35,30,20.0,42448.493475295865,1.3852909703553926,ground_equivalent_excess_gamma_dose_rate,uSv/h,50.0,1.0,6360,0.00032479999936185777,True,,1,0.1,0.09000000000000001,False,,0.0005654999986290932,
1773,RADIATION,RADIATION,522980.9204974669,5697064.290406496,34,30,20.0,42468.493475295865,1.7029198211511845,ground_equivalent_excess_gamma_dose_rate,uSv/h,50.0,1.0,6360,0.0003480000013951212,True,,1,0.1,0.09000000000000001,False,,0.0005602000164799392,
1774,RADIATION,RADIATION,522960.9204974669,5697044.290406496,33,29,28.284271247461902,42496.777746543325,1.7501883514005057,ground_equivalent_excess_gamma_dose_rate,uSv/h,50.0,1.0,6360,0.0003364000003784895,True,,1,0.1,0.09000000000000001,False,,0.0005873999907635152,
1775,RADIATION,RADIATION,522960.9204974669,5697024.290406496,32,29,20.0,42516.777746543325,2.0778686479972897,ground_equivalent_excess_gamma_dose_rate,uSv/h,50.0,1.0,6360,0.00033140002051368356,True,,1,0.1,0.09000000000000001,False,,0.0005630999803543091,
1776,RADIATION,RADIATION,522940.9204974669,5697004.290406496,31,28,28.284271247461902,42545.062017790784,1.8638542597835437,ground_equivalent_excess_gamma_dose_rate,uSv/h,50.0,1.0,6360,0.00033459998667240143,True,,1,0.1,0.09000000000000001,False,,0.0005617999995592982,
1777,RADIATION,RADIATION,522920.9204974669,5697004.290406496,31,27,20.0,42565.062017790784,1.5097706774596524,ground_equivalent_excess_gamma_dose_rate,uSv/h,50.0,1.0,6360,0.0003375999804120511,True,,1,0.1,0.09000000000000001,False,,0.0005750000127591193,
1778,RADIATION,RADIATION,522900.9204974669,5696984.290406497,30,26,28.284271246803357,42593.34628903759,1.3380637667223516,ground_equivalent_excess_gamma_dose_rate,uSv/h,50.0,1.0,6360,0.0003346000157762319,True,,1,0.1,0.09000000000000001,False,,0.0005614999972749501,
1779,RADIATION,RADIATION,522880.9204974669,5696964.290406497,29,25,28.284271247461902,42621.63056028505,1.193008502762574,ground_equivalent_excess_gamma_dose_rate,uSv/h,50.0,1.0,6360,0.0003771000192500651,True,,1,0.1,0.09000000000000001,False,,0.0005761999927926809,
1780,RADIATION,RADIATION,522900.9204974669,5696984.290406497,30,26,28.284271247461902,42649.91483153251,1.3380637667223516,ground_equivalent_excess_gamma_dose_rate,uSv/h,50.0,1.0,6360,0.00034920001053251326,True,,1,0.1,0.09000000000000001,False,,0.0005765999958384782,
1781,RADIATION,RADIATION,522880.9204974669,5696964.290406497,29,25,28.284271247461902,42678.19910277997,1.193008502762574,ground_equivalent_excess_gamma_dose_rate,uSv/h,50.0,1.0,6360,0.0003260000084992498,True,,1,0.1,0.09000000000000001,False,,0.0005654999986290932,
1782,RADIATION,RADIATION,522860.9204974669,5696944.290406497,28,24,28.284271247461902,42706.483374027426,1.0874564741250985,ground_equivalent_excess_gamma_dose_rate,uSv/h,50.0,1.0,6360,0.0003496000135783106,True,,1,0.1,0.09000000000000001,False,,0.0005577000265475363,
1783,RADIATION,RADIATION,522840.9204974669,5696924.290406497,27,23,28.284271247461902,42734.767645274886,1.0202119853486757,ground_equivalent_excess_gamma_dose_rate,uSv/h,50.0,1.0,6360,0.0003361999988555908,True,,1,0.1,0.09000000000000001,False,,0.0005594000103883445,
1784,RADIATION,RADIATION,522840.9204974669,5696904.290406497,26,23,20.0,42754.767645274886,1.011862211507376,ground_equivalent_excess_gamma_dose_rate,uSv/h,50.0,1.0,6360,0.00033510001958347857,True,,1,0.1,0.09000000000000001,False,,0.0005600000149570405,
1785,RADIATION,RADIATION,522860.9204974669,5696904.290406497,26,24,20.0,42774.767645274886,1.0649316885263205,ground_equivalent_excess_gamma_dose_rate,uSv/h,50.0,1.0,6360,0.00032869999995455146,True,,1,0.1,0.09000000000000001,False,,0.0005731999990530312,
1786,RADIATION,RADIATION,522860.9204974669,5696924.290406497,27,24,20.0,42794.767645274886,1.0805232010846915,ground_equivalent_excess_gamma_dose_rate,uSv/h,50.0,1.0,6360,0.000321899977279827,True,,1,0.1,0.09000000000000001,False,,0.0005780000064987689,
1787,RADIATION,RADIATION,522840.9204974669,5696944.290406497,28,23,28.284271247461902,42823.051916522345,1.0233832436624404,ground_equivalent_excess_gamma_dose_rate,uSv/h,50.0,1.0,6360,0.00033110001822933555,True,,1,0.1,0.09000000000000001,False,,0.0005648999940603971,
1788,RADIATION,RADIATION,522860.9204974669,5696944.290406497,28,24,20.0,42843.051916522345,1.0874564741250985,ground_equivalent_excess_gamma_dose_rate,uSv/h,50.0,1.0,6360,0.00032740001915954053,True,,1,0.1,0.09000000000000001,False,,0.0005790000141132623,
1789,RADIATION,RADIATION,522840.9204974669,5696924.290406497,27,23,28.284271247461902,42871.336187769804,1.0202119853486757,ground_equivalent_excess_gamma_dose_rate,uSv/h,50.0,1.0,6360,0.0003414000093471259,True,,1,0.1,0.09000000000000001,False,,0.0005758999905083328,
1790,RADIATION,RADIATION,522840.9204974669,5696944.290406497,28,23,20.0,42891.336187769804,1.0233832436624404,ground_equivalent_excess_gamma_dose_rate,uSv/h,50.0,1.0,6360,0.00032690001535229385,True,,1,0.1,0.09000000000000001,False,,0.0005674000130966306,
1791,RADIATION,RADIATION,522820.9204974669,5696924.290406497,27,22,28.284271247461902,42919.620459017264,0.9906746993336628,ground_equivalent_excess_gamma_dose_rate,uSv/h,50.0,1.0,6360,0.0003465999907348305,True,,1,0.1,0.09000000000000001,False,,0.0005634999834001064,
1792,RADIATION,RADIATION,522800.9204974669,5696944.290406497,28,21,28.284271247461902,42947.90473026472,0.9910478842981254,ground_equivalent_excess_gamma_dose_rate,uSv/h,50.0,1.0,6360,0.00033060001442208886,True,,1,0.1,0.09000000000000001,False,,0.0005659000016748905,
1793,RADIATION,RADIATION,522780.9204974669,5696944.290406497,28,20,20.0,42967.90473026472,1.0150572603125694,ground_equivalent_excess_gamma_dose_rate,uSv/h,50.0,1.0,6360,0.00033359997905790806,True,,1,0.1,0.09000000000000001,False,,0.0005826999840792269,
1794,RADIATION,RADIATION,522800.9204974669,5696964.290406497,29,21,28.284271247461902,42996.18900151218,0.9923142739913395,ground_equivalent_excess_gamma_dose_rate,uSv/h,50.0,1.0,6360,0.0003271000168751925,True,,1,0.1,0.09000000000000001,False,,0.0005643000185955316,
1795,RADIATION,RADIATION,522820.9204974669,5696944.290406497,28,22,28.284271247461902,43024.47327275964,0.9931226988547257,ground_equivalent_excess_gamma_dose_rate,uSv/h,50.0,1.0,6360,0.0003273999900557101,True,,1,0.1,0.09000000000000001,False,,0.0005793999880552292,
1796,RADIATION,RADIATION,522800.9204974669,5696964.290406497,29,21,28.284271247461902,43052.7575440071,0.9923142739913395,ground_equivalent_excess_gamma_dose_rate,uSv/h,50.0,1.0,6360,0.00032469999860040843,True,,1,0.1,0.09000000000000001,False,,0.0005651999963447452,
1797,RADIATION,RADIATION,522780.9204974669,5696964.290406497,29,20,20.0,43072.7575440071,1.0230136252150677,ground_equivalent_excess_gamma_dose_rate,uSv/h,50.0,1.0,6360,0.00033000000985339284,True,,1,0.1,0.09000000000000001,False,,0.0005801999941468239,
1798,RADIATION,RADIATION,522800.9204974669,5696964.290406497,29,21,20.0,43092.7575440071,0.9923142739913395,ground_equivalent_excess_gamma_dose_rate,uSv/h,50.0,1.0,6360,0.0003381999849807471,True,,1,0.1,0.09000000000000001,False,,0.0005640999879688025,
1799,RADIATION,RADIATION,522820.9204974669,5696984.290406497,30,22,28.284271247461902,43121.04181525456,0.9814811524945768,ground_equivalent_excess_gamma_dose_rate,uSv/h,50.0,1.0,6360,0.0003260000084992498,True,,1,0.1,0.09000000000000001,False,,0.0005655999993905425,
1800,RADIATION,RADIATION,522800.9204974669,5697004.290406496,31,21,28.284271246803357,43149.326086501365,0.9765808727180165,ground_equivalent_excess_gamma_dose_rate,uSv/h,50.0,1.0,6360,0.0003449000068940222,True,,1,0.1,0.09000000000000001,False,,0.0005622000026050955,
1801,RADIATION,RADIATION,522780.9204974669,5697004.290406496,31,20,20.0,43169.326086501365,1.0203356501201353,ground_equivalent_excess_gamma_dose_rate,uSv/h,50.0,1.0,6360,0.0003417000116314739,True,,1,0.1,0.09000000000000001,False,,0.0006595999875571579,
1802,RADIATION,RADIATION,522760.9204974669,5697004.290406496,31,19,20.0,43189.326086501365,1.1015753973911033,ground_equivalent_excess_gamma_dose_rate,uSv/h,50.0,1.0,6360,0.0003384999872650951,True,,1,0.1,0.09000000000000001,False,,0.0005838999932166189,
1803,RADIATION,RADIATION,522740.9204974669,5697024.290406496,32,18,28.284271247461902,43217.610357748825,1.2294534152549033,ground_equivalent_excess_gamma_dose_rate,uSv/h,50.0,1.0,6360,0.0003319999959785491,True,,1,0.1,0.09000000000000001,False,,0.000565300026210025,
1804,RADIATION,RADIATION,522760.9204974669,5697004.290406496,31,19,28.284271247461902,43245.894628996284,1.1015753973911033,ground_equivalent_excess_gamma_dose_rate,uSv/h,50.0,1.0,6360,0.00032649998320266604,True,,1,0.1,0.09000000000000001,False,,0.0005787999834865332,
1805,RADIATION,RADIATION,522760.9204974669,5696984.290406497,30,19,19.999999999068677,43265.89462899535,1.0982484557331995,ground_equivalent_excess_gamma_dose_rate,uSv/h,50.0,1.0,6360,0.0003285999991931021,True,,1,0.1,0.09000000000000001,False,,0.0005611999949906021,
1806,RADIATION,RADIATION,522740.9204974669,5696984.290406497,30,18,20.0,43285.89462899535,1.2149751649599967,ground_equivalent_excess_gamma_dose_rate,uSv/h,50.0,1.0,6360,0.0003339000104460865,True,,1,0.1,0.09000000000000001,False,,0.0005718000174965709,
1807,RADIATION,RADIATION,522720.9204974669,5696964.290406497,29,17,28.284271247461902,43314.17890024281,1.3329686513850871,ground_equivalent_excess_gamma_dose_rate,uSv/h,50.0,1.0,6360,0.0003522000042721629,True,,1,0.1,0.09000000000000001,False,,0.000586000009207055,
1808,RADIATION,RADIATION,522720.9204974669,5696944.290406497,28,17,20.0,43334.17890024281,1.2656605371090797,ground_equivalent_excess_gamma_dose_rate,uSv/h,50.0,1.0,6360,0.00033809998421929777,True,,1,0.1,0.09000000000000001,False,,0.0011092000058852136,
1809,RADIATION,RADIATION,522700.9204974669,5696944.290406497,28,16,20.0,43354.17890024281,1.4316184365531828,ground_equivalent_excess_gamma_dose_rate,uSv/h,50.0,1.0,6360,0.0003380000125616789,True,,1,0.1,0.09000000000000001,False,,0.000575500016566366,
1810,RADIATION,RADIATION,522700.9204974669,5696964.290406497,29,16,20.0,43374.17890024281,1.5492181587552614,ground_equivalent_excess_gamma_dose_rate,uSv/h,50.0,1.0,6360,0.0003490000090096146,True,,1,0.1,0.09000000000000001,False,,0.0005676000146195292,
1811,RADIATION,RADIATION,522700.9204974669,5696984.290406497,30,16,20.0,43394.17890024281,1.6601316512795548,ground_equivalent_excess_gamma_dose_rate,uSv/h,50.0,1.0,6360,0.00033650000113993883,True,,1,0.1,0.09000000000000001,False,,0.0006512999825645238,
1812,RADIATION,RADIATION,522720.9204974669,5696964.290406497,29,17,28.284271247461902,43422.46317149027,1.3329686513850871,ground_equivalent_excess_gamma_dose_rate,uSv/h,50.0,1.0,6360,0.0003324999997857958,True,,1,0.1,0.09000000000000001,False,,0.0005829999863635749,
1813,RADIATION,RADIATION,522700.9204974669,5696964.290406497,29,16,20.0,43442.46317149027,1.5492181587552614,ground_equivalent_excess_gamma_dose_rate,uSv/h,50.0,1.0,6360,0.00034680002136155963,True,,1,0.1,0.09000000000000001,False,,0.0005670000100508332,
1814,RADIATION,RADIATION,522700.9204974669,5696944.290406497,28,16,20.0,43462.46317149027,1.4316184365531828,ground_equivalent_excess_gamma_dose_rate,uSv/h,50.0,1.0,6360,0.0003281000244896859,True,,1,0.1,0.09000000000000001,False,,0.0005783000087831169,
1815,RADIATION,RADIATION,522700.9204974669,5696964.290406497,29,16,20.0,43482.46317149027,1.5492181587552614,ground_equivalent_excess_gamma_dose_rate,uSv/h,50.0,1.0,6360,0.00032210000790655613,True,,1,0.1,0.09000000000000001,False,,0.0005631999811157584,
1816,RADIATION,RADIATION,522700.9204974669,5696944.290406497,28,16,20.0,43502.46317149027,1.4316184365531828,ground_equivalent_excess_gamma_dose_rate,uSv/h,50.0,1.0,6360,0.00032720001763664186,True,,1,0.1,0.09000000000000001,False,,0.0005827000131830573,
1817,RADIATION,RADIATION,522700.9204974669,5696964.290406497,29,16,20.0,43522.46317149027,1.5492181587552614,ground_equivalent_excess_gamma_dose_rate,uSv/h,50.0,1.0,6360,0.0003360999980941415,True,,1,0.1,0.09000000000000001,False,,0.0005643999902531505,
1818,RADIATION,RADIATION,522700.9204974669,5696984.290406497,30,16,20.0,43542.46317149027,1.6601316512795548,ground_equivalent_excess_gamma_dose_rate,uSv/h,50.0,1.0,6360,0.00032560000545345247,True,,1,0.1,0.09000000000000001,False,,0.0005645999917760491,
1819,RADIATION,RADIATION,522680.9204974669,5697004.290406496,31,15,28.284271246803357,43570.747442737076,2.2378395978397183,ground_equivalent_excess_gamma_dose_rate,uSv/h,50.0,1.0,6360,0.00035370001569390297,True,,1,0.1,0.09000000000000001,False,,0.0005610000225715339,
1820,RADIATION,RADIATION,522700.9204974669,5696984.290406497,30,16,28.284271246803357,43599.03171398388,1.6601316512795548,ground_equivalent_excess_gamma_dose_rate,uSv/h,50.0,1.0,6360,0.0003260999801568687,True,,1,0.1,0.09000000000000001,False,,0.0005682999908458441,
1821,RADIATION,RADIATION,522720.9204974669,5697004.290406496,31,17,28.284271246803357,43627.315985230685,1.4323703495963567,ground_equivalent_excess_gamma_dose_rate,uSv/h,50.0,1.0,6360,0.00033140002051368356,True,,1,0.1,0.09000000000000001,False,,0.0005834999901708215,
1822,RADIATION,RADIATION,522700.9204974669,5697024.290406496,32,16,28.284271247461902,43655.600256478145,1.7742549010138187,ground_equivalent_excess_gamma_dose_rate,uSv/h,50.0,1.0,6360,0.0003265000123064965,True,,1,0.1,0.09000000000000001,False,,0.0005667000077664852,
1823,RADIATION,RADIATION,522680.9204974669,5697044.290406496,33,15,28.284271247461902,43683.884527725604,2.2715272027913227,ground_equivalent_excess_gamma_dose_rate,uSv/h,50.0,1.0,6360,0.00033469998743385077,True,,1,0.1,0.09000000000000001,False,,0.0005802000232506543,
1824,RADIATION,RADIATION,522680.9204974669,5697064.290406496,34,15,20.0,43703.884527725604,2.115078484396546,ground_equivalent_excess_gamma_dose_rate,uSv/h,50.0,1.0,6360,0.0003265999839641154,True,,1,0.1,0.09000000000000001,False,,0.0005620000010821968,
1825,RADIATION,RADIATION,522700.9204974669,5697084.290406496,35,16,28.284271247461902,43732.16879897306,1.5171938441236883,ground_equivalent_excess_gamma_dose_rate,uSv/h,50.0,1.0,6360,0.0003265000123064965,True,,1,0.1,0.09000000000000001,False,,0.0005764999950770289,
1826,RADIATION,RADIATION,522680.9204974669,5697064.290406496,34,15,28.284271247461902,43760.45307022052,2.115078484396546,ground_equivalent_excess_gamma_dose_rate,uSv/h,50.0,1.0,6360,0.00033370000892318785,True,,1,0.1,0.09000000000000001,False,,0.0005603000172413886,
1827,RADIATION,RADIATION,522700.9204974669,5697084.290406496,35,16,28.284271247461902,43788.73734146798,1.5171938441236883,ground_equivalent_excess_gamma_dose_rate,uSv/h,50.0,1.0,6360,0.00033110001822933555,True,,1,0.1,0.09000000000000001,False,,0.0005806000262964517,
1828,RADIATION,RADIATION,522700.9204974669,5697104.290406496,36,16,20.0,43808.73734146798,1.3632991488496586,ground_equivalent_excess_gamma_dose_rate,uSv/h,50.0,1.0,6360,0.0003470999945420772,True,,1,0.1,0.09000000000000001,False,,0.0005670000100508332,
1829,RADIATION,RADIATION,522700.9204974669,5697084.290406496,35,16,20.0,43828.73734146798,1.5171938441236883,ground_equivalent_excess_gamma_dose_rate,uSv/h,50.0,1.0,6360,0.0003226000117138028,True,,1,0.1,0.09000000000000001,False,,0.0005685999931301922,
1830,RADIATION,RADIATION,522720.9204974669,5697064.290406496,34,17,28.284271247461902,43857.02161271544,1.3544950819814943,ground_equivalent_excess_gamma_dose_rate,uSv/h,50.0,1.0,6360,0.00032770002144388855,True,,1,0.1,0.09000000000000001,False,,0.0005808999994769692,
1831,RADIATION,RADIATION,522720.9204974669,5697084.290406496,35,17,20.0,43877.02161271544,1.2667456493748008,ground_equivalent_excess_gamma_dose_rate,uSv/h,50.0,1.0,6360,0.00032469999860040843,True,,1,0.1,0.09000000000000001,False,,0.0005675000138580799,
1832,RADIATION,RADIATION,522720.9204974669,5697064.290406496,34,17,20.0,43897.02161271544,1.3544950819814943,ground_equivalent_excess_gamma_dose_rate,uSv/h,50.0,1.0,6360,0.000321899977279827,True,,1,0.1,0.09000000000000001,False,,0.0005764999950770289,
1833,RADIATION,RADIATION,522700.9204974669,5697064.290406496,34,16,20.0,43917.02161271544,1.651094417654956,ground_equivalent_excess_gamma_dose_rate,uSv/h,50.0,1.0,6360,0.0003228000132367015,True,,1,0.1,0.09000000000000001,False,,0.0005596999835688621,
1834,RADIATION,RADIATION,522680.9204974669,5697084.290406496,35,15,28.284271247461902,43945.3058839629,1.8895294547442834,ground_equivalent_excess_gamma_dose_rate,uSv/h,50.0,1.0,6360,0.0003310999891255051,True,,1,0.1,0.09000000000000001,False,,0.0005763999943155795,
1835,RADIATION,RADIATION,522660.9204974669,5697104.290406496,36,14,28.284271247461902,43973.59015521036,2.0351799347096167,ground_equivalent_excess_gamma_dose_rate,uSv/h,50.0,1.0,6360,0.00060889997985214,True,,1,0.1,0.09000000000000001,False,,0.0008194000110961497,
1836,RADIATION,RADIATION,522680.9204974669,5697124.290406496,37,15,28.284271247461902,44001.87442645782,1.4108997876000469,ground_equivalent_excess_gamma_dose_rate,uSv/h,50.0,1.0,6360,0.00038979999953880906,True,,1,0.1,0.09000000000000001,False,,0.0007851000118535012,
1837,RADIATION,RADIATION,522660.9204974669,5697104.290406496,36,14,28.284271247461902,44030.15869770528,2.0351799347096167,ground_equivalent_excess_gamma_dose_rate,uSv/h,50.0,1.0,6360,0.0003463999892119318,True,,1,0.1,0.09000000000000001,False,,0.0006160000048112124,
1838,RADIATION,RADIATION,522680.9204974669,5697084.290406496,35,15,28.284271247461902,44058.44296895274,1.8895294547442834,ground_equivalent_excess_gamma_dose_rate,uSv/h,50.0,1.0,6360,0.0003370000049471855,True,,1,0.1,0.09000000000000001,False,,0.0005976999818813056,
1839,RADIATION,RADIATION,522700.9204974669,5697104.290406496,36,16,28.284271247461902,44086.7272402002,1.3632991488496586,ground_equivalent_excess_gamma_dose_rate,uSv/h,50.0,1.0,6360,0.00033420001273043454,True,,1,0.1,0.09000000000000001,False,,0.0005856999778188765,
1840,RADIATION,RADIATION,522720.9204974669,5697104.290406496,36,17,20.0,44106.7272402002,1.1633346067929007,ground_equivalent_excess_gamma_dose_rate,uSv/h,50.0,1.0,6360,0.0003282999969087541,True,,1,0.1,0.09000000000000001,False,,0.0005871000175829977,
1841,RADIATION,RADIATION,522720.9204974669,5697084.290406496,35,17,20.0,44126.7272402002,1.2667456493748008,ground_equivalent_excess_gamma_dose_rate,uSv/h,50.0,1.0,6360,0.0003482000029180199,True,,1,0.1,0.09000000000000001,False,,0.0005685999931301922,
1842,RADIATION,RADIATION,522740.9204974669,5697064.290406496,34,18,28.284271247461902,44155.01151144766,1.159118385418323,ground_equivalent_excess_gamma_dose_rate,uSv/h,50.0,1.0,6360,0.00034610001603141427,True,,1,0.1,0.09000000000000001,False,,0.000596800004132092,
1843,RADIATION,RADIATION,522760.9204974669,5697044.290406496,33,19,28.284271247461902,44183.29578269512,1.067616281179205,ground_equivalent_excess_gamma_dose_rate,uSv/h,50.0,1.0,6360,0.0003380000125616789,True,,1,0.1,0.09000000000000001,False,,0.000585400004638359,
1844,RADIATION,RADIATION,522780.9204974669,5697044.290406496,33,20,20.0,44203.29578269512,0.9800620013729218,ground_equivalent_excess_gamma_dose_rate,uSv/h,50.0,1.0,6360,0.0003299000090919435,True,,1,0.1,0.09000000000000001,False,,0.0005719999899156392,
1845,RADIATION,RADIATION,522800.9204974669,5697024.290406496,32,21,28.284271247461902,44231.580053942576,0.9570800802228903,ground_equivalent_excess_gamma_dose_rate,uSv/h,50.0,1.0,6360,0.00032950000604614615,True,,1,0.1,0.09000000000000001,False,,0.0005782000080216676,
1846,RADIATION,RADIATION,522820.9204974669,5697024.290406496,32,22,20.0,44251.580053942576,0.9404270598043172,ground_equivalent_excess_gamma_dose_rate,uSv/h,50.0,1.0,6360,0.0003257000062149018,True,,1,0.1,0.09000000000000001,False,,0.0005645999917760491,
1847,RADIATION,RADIATION,522800.9204974669,5697024.290406496,32,21,20.0,44271.580053942576,0.9570800802228903,ground_equivalent_excess_gamma_dose_rate,uSv/h,50.0,1.0,6360,0.0003259000077378005,True,,1,0.1,0.09000000000000001,False,,0.0005815000040456653,
1848,RADIATION,RADIATION,522820.9204974669,5697024.290406496,32,22,20.0,44291.580053942576,0.9404270598043172,ground_equivalent_excess_gamma_dose_rate,uSv/h,50.0,1.0,6360,0.00036700000055134296,True,,1,0.1,0.09000000000000001,False,,0.0005676999862771481,
1849,RADIATION,RADIATION,522820.9204974669,5697004.290406496,31,22,20.0,44311.580053942576,0.9648162950209875,ground_equivalent_excess_gamma_dose_rate,uSv/h,50.0,1.0,6360,0.0003378999826963991,True,,1,0.1,0.09000000000000001,False,,0.0005769999988842756,
1850,RADIATION,RADIATION,522840.9204974669,5697004.290406496,31,23,20.0,44331.580053942576,0.983915871447065,ground_equivalent_excess_gamma_dose_rate,uSv/h,50.0,1.0,6360,0.00032839999767020345,True,,1,0.1,0.09000000000000001,False,,0.0005718000174965709,
1851,RADIATION,RADIATION,522860.9204974669,5697024.290406496,32,24,28.284271247461902,44359.864325190036,0.9969834956815948,ground_equivalent_excess_gamma_dose_rate,uSv/h,50.0,1.0,6360,0.0003239999932702631,True,,1,0.1,0.09000000000000001,False,,0.0005688999954145402,
1852,RADIATION,RADIATION,522860.9204974669,5697004.290406496,31,24,20.0,44379.864325190036,1.0367329665212868,ground_equivalent_excess_gamma_dose_rate,uSv/h,50.0,1.0,6360,0.0003263999824412167,True,,1,0.1,0.09000000000000001,False,,0.0005910999898333102,
1853,RADIATION,RADIATION,522880.9204974669,5696984.290406497,30,25,28.284271246803357,44408.14859643684,1.1707404948278537,ground_equivalent_excess_gamma_dose_rate,uSv/h,50.0,1.0,6360,0.0003291000030003488,True,,1,0.1,0.09000000000000001,False,,0.0005622000026050955,
1854,RADIATION,RADIATION,522860.9204974669,5697004.290406496,31,24,28.284271246803357,44436.432867683645,1.0367329665212868,ground_equivalent_excess_gamma_dose_rate,uSv/h,50.0,1.0,6360,0.00032220000866800547,True,,1,0.1,0.09000000000000001,False,,0.0005773000011686236,
1855,RADIATION,RADIATION,522880.9204974669,5697004.290406496,31,25,20.0,44456.432867683645,1.1307641271894169,ground_equivalent_excess_gamma_dose_rate,uSv/h,50.0,1.0,6360,0.00032419999479316175,True,,1,0.1,0.09000000000000001,False,,0.0005566999898292124,
1856,RADIATION,RADIATION,522860.9204974669,5697024.290406496,32,24,28.284271247461902,44484.717138931104,0.9969834956815948,ground_equivalent_excess_gamma_dose_rate,uSv/h,50.0,1.0,6360,0.0003321999975014478,True,,1,0.1,0.09000000000000001,False,,0.0005824000108987093,
1857,RADIATION,RADIATION,522880.9204974669,5697024.290406496,32,25,20.0,44504.717138931104,1.0767835451662648,ground_equivalent_excess_gamma_dose_rate,uSv/h,50.0,1.0,6360,0.00033829998574219644,True,,1,0.1,0.09000000000000001,False,,0.0005594000103883445,
1858,RADIATION,RADIATION,522860.9204974669,5697044.290406496,33,24,28.284271247461902,44533.001410178564,0.9492843330231135,ground_equivalent_excess_gamma_dose_rate,uSv/h,50.0,1.0,6360,0.00032649998320266604,True,,1,0.1,0.09000000000000001,False,,0.0005609999934677035,
1859,RADIATION,RADIATION,522880.9204974669,5697044.290406496,33,25,20.0,44553.001410178564,1.0135288377907832,ground_equivalent_excess_gamma_dose_rate,uSv/h,50.0,1.0,6360,0.0003414000093471259,True,,1,0.1,0.09000000000000001,False,,0.0005619000003207475,
1860,RADIATION,RADIATION,522860.9204974669,5697024.290406496,32,24,28.284271247461902,44581.28568142602,0.9969834956815948,ground_equivalent_excess_gamma_dose_rate,uSv/h,50.0,1.0,6360,0.00033260000054724514,True,,1,0.1,0.09000000000000001,False,,0.0005628000071737915,
1861,RADIATION,RADIATION,522860.9204974669,5697044.290406496,33,24,20.0,44601.28568142602,0.9492843330231135,ground_equivalent_excess_gamma_dose_rate,uSv/h,50.0,1.0,6360,0.00032729998929426074,True,,1,0.1,0.09000000000000001,False,,0.0005765000241808593,
1862,RADIATION,RADIATION,522840.9204974669,5697044.290406496,33,23,20.0,44621.28568142602,0.9153688018291217,ground_equivalent_excess_gamma_dose_rate,uSv/h,50.0,1.0,6360,0.0003324999997857958,True,,1,0.1,0.09000000000000001,False,,0.0005607000202871859,
1863,RADIATION,RADIATION,522820.9204974669,5697024.290406496,32,22,28.284271247461902,44649.56995267348,0.9404270598043172,ground_equivalent_excess_gamma_dose_rate,uSv/h,50.0,1.0,6360,0.00035180000122636557,True,,1,0.1,0.09000000000000001,False,,0.0006148000247776508,
1864,RADIATION,RADIATION,522800.9204974669,5697024.290406496,32,21,20.0,44669.56995267348,0.9570800802228903,ground_equivalent_excess_gamma_dose_rate,uSv/h,50.0,1.0,6360,0.00033660000190138817,True,,1,0.1,0.09000000000000001,False,,0.0005658000009134412,
1865,RADIATION,RADIATION,522780.9204974669,5697024.290406496,32,20,20.0,44689.56995267348,1.0053863535312169,ground_equivalent_excess_gamma_dose_rate,uSv/h,50.0,1.0,6360,0.0003406000032555312,True,,1,0.1,0.09000000000000001,False,,0.0005599000141955912,
1866,RADIATION,RADIATION,522760.9204974669,5697004.290406496,31,19,28.284271247461902,44717.85422392094,1.1015753973911033,ground_equivalent_excess_gamma_dose_rate,uSv/h,50.0,1.0,6360,0.0003491999814286828,True,,1,0.1,0.09000000000000001,False,,0.0005586000042967498,
1867,RADIATION,RADIATION,522780.9204974669,5697024.290406496,32,20,28.284271247461902,44746.1384951684,1.0053863535312169,ground_equivalent_excess_gamma_dose_rate,uSv/h,50.0,1.0,6360,0.0003387999895494431,True,,1,0.1,0.09000000000000001,False,,0.0006575000006705523,
1868,RADIATION,RADIATION,522780.9204974669,5697004.290406496,31,20,20.0,44766.1384951684,1.0203356501201353,ground_equivalent_excess_gamma_dose_rate,uSv/h,50.0,1.0,6360,0.00032809999538585544,True,,1,0.1,0.09000000000000001,False,,0.0005782000080216676,
1869,RADIATION,RADIATION,522800.9204974669,5696984.290406497,30,21,28.284271246803357,44794.422766415206,0.9880262123563233,ground_equivalent_excess_gamma_dose_rate,uSv/h,50.0,1.0,6360,0.0003251000016462058,True,,1,0.1,0.09000000000000001,False,,0.0005681999900843948,
1870,RADIATION,RADIATION,522780.9204974669,5696984.290406497,30,20,20.0,44814.422766415206,1.0256218593265438,ground_equivalent_excess_gamma_dose_rate,uSv/h,50.0,1.0,6360,0.00033080001594498754,True,,1,0.1,0.09000000000000001,False,,0.0005836000200361013,
1871,RADIATION,RADIATION,522780.9204974669,5697004.290406496,31,20,19.999999999068677,44834.422766414275,1.0203356501201353,ground_equivalent_excess_gamma_dose_rate,uSv/h,50.0,1.0,6360,0.00032879997161217034,True,,1,0.1,0.09000000000000001,False,,0.0005665000062435865,
1872,RADIATION,RADIATION,522760.9204974669,5697024.290406496,32,19,28.284271247461902,44862.707037661734,1.0918684172607038,ground_equivalent_excess_gamma_dose_rate,uSv/h,50.0,1.0,6360,0.00034160001087002456,True,,1,0.1,0.09000000000000001,False,,0.0005813000025227666,
1873,RADIATION,RADIATION,522760.9204974669,5697044.290406496,33,19,20.0,44882.707037661734,1.067616281179205,ground_equivalent_excess_gamma_dose_rate,uSv/h,50.0,1.0,6360,0.0003412000078242272,True,,1,0.1,0.09000000000000001,False,,0.0005670000100508332,
1874,RADIATION,RADIATION,522760.9204974669,5697024.290406496,32,19,20.0,44902.707037661734,1.0918684172607038,ground_equivalent_excess_gamma_dose_rate,uSv/h,50.0,1.0,6360,0.0003237999917473644,True,,1,0.1,0.09000000000000001,False,,0.0005631000094581395,
1875,RADIATION,RADIATION,522760.9204974669,5697044.290406496,33,19,20.0,44922.707037661734,1.067616281179205,ground_equivalent_excess_gamma_dose_rate,uSv/h,50.0,1.0,6360,0.0003404000017326325,True,,1,0.1,0.09000000000000001,False,,0.0005651999963447452,
1876,RADIATION,RADIATION,522760.9204974669,5697064.290406496,34,19,20.0,44942.707037661734,1.0292678975396128,ground_equivalent_excess_gamma_dose_rate,uSv/h,50.0,1.0,6360,0.00032869999995455146,True,,1,0.1,0.09000000000000001,False,,0.0005675999855156988,
1877,RADIATION,RADIATION,522740.9204974669,5697064.290406496,34,18,20.0,44962.707037661734,1.159118385418323,ground_equivalent_excess_gamma_dose_rate,uSv/h,50.0,1.0,6360,0.0003383000148460269,True,,1,0.1,0.09000000000000001,False,,0.0005927000020164996,
1878,RADIATION,RADIATION,522760.9204974669,5697064.290406496,34,19,20.0,44982.707037661734,1.0292678975396128,ground_equivalent_excess_gamma_dose_rate,uSv/h,50.0,1.0,6360,0.0003406000032555312,True,,1,0.1,0.09000000000000001,False,,0.0005713000136893243,
1879,RADIATION,RADIATION,522740.9204974669,5697044.290406496,33,18,28.284271247461902,45010.99130890919,1.20498846498176,ground_equivalent_excess_gamma_dose_rate,uSv/h,50.0,1.0,6360,0.00033489998895674944,True,,1,0.1,0.09000000000000001,False,,0.0005879999953322113,
1880,RADIATION,RADIATION,522740.9204974669,5697064.290406496,34,18,20.0,45030.99130890919,1.159118385418323,ground_equivalent_excess_gamma_dose_rate,uSv/h,50.0,1.0,6360,0.0003370000049471855,True,,1,0.1,0.09000000000000001,False,,0.0005703000060748309,
1881,RADIATION,RADIATION,522760.9204974669,5697084.290406496,35,19,28.284271247461902,45059.27558015665,0.9790528329494477,ground_equivalent_excess_gamma_dose_rate,uSv/h,50.0,1.0,6360,0.00033260000054724514,True,,1,0.1,0.09000000000000001,False,,0.0005714000144507736,
1882,RADIATION,RADIATION,522740.9204974669,5697084.290406496,35,18,20.0,45079.27558015665,1.095807189446043,ground_equivalent_excess_gamma_dose_rate,uSv/h,50.0,1.0,6360,0.00034279999090358615,True,,1,0.1,0.09000000000000001,False,,0.0005632000102195889,
1883,RADIATION,RADIATION,522760.9204974669,5697084.290406496,35,19,20.0,45099.27558015665,0.9790528329494477,ground_equivalent_excess_gamma_dose_rate,uSv/h,50.0,1.0,6360,0.0003263000107835978,True,,1,0.1,0.09000000000000001,False,,0.0005659000016748905,
1884,RADIATION,RADIATION,522740.9204974669,5697084.290406496,35,18,20.0,45119.27558015665,1.095807189446043,ground_equivalent_excess_gamma_dose_rate,uSv/h,50.0,1.0,6360,0.00033030001213774085,True,,1,0.1,0.09000000000000001,False,,0.0005736000020988286,
1885,RADIATION,RADIATION,522720.9204974669,5697064.290406496,34,17,28.284271247461902,45147.55985140411,1.3544950819814943,ground_equivalent_excess_gamma_dose_rate,uSv/h,50.0,1.0,6360,0.0003327000013086945,True,,1,0.1,0.09000000000000001,False,,0.0005597999843303114,
1886,RADIATION,RADIATION,522740.9204974669,5697064.290406496,34,18,20.0,45167.55985140411,1.159118385418323,ground_equivalent_excess_gamma_dose_rate,uSv/h,50.0,1.0,6360,0.0003271999885328114,True,,1,0.1,0.09000000000000001,False,,0.0005819000070914626,
1887,RADIATION,RADIATION,522720.9204974669,5697084.290406496,35,17,28.284271247461902,45195.84412265157,1.2667456493748008,ground_equivalent_excess_gamma_dose_rate,uSv/h,50.0,1.0,6360,0.0003268000145908445,True,,1,0.1,0.09000000000000001,False,,0.0005644000193569809,
1888,RADIATION,RADIATION,522740.9204974669,5697104.290406496,36,18,28.284271247461902,45224.12839389903,1.0209001047553863,ground_equivalent_excess_gamma_dose_rate,uSv/h,50.0,1.0,6360,0.0003284999984316528,True,,1,0.1,0.09000000000000001,False,,0.0005764999950770289,
1889,RADIATION,RADIATION,522760.9204974669,5697124.290406496,37,19,28.284271247461902,45252.41266514649,0.8568320598581878,ground_equivalent_excess_gamma_dose_rate,uSv/h,50.0,1.0,6360,0.0003273000183980912,True,,1,0.1,0.09000000000000001,False,,0.0005646999925374985,
1890,RADIATION,RADIATION,522740.9204974669,5697124.290406496,37,18,20.0,45272.41266514649,0.9404651464117681,ground_equivalent_excess_gamma_dose_rate,uSv/h,50.0,1.0,6360,0.00032679998548701406,True,,1,0.1,0.09000000000000001,False,,0.0005672000115737319,
1891,RADIATION,RADIATION,522760.9204974669,5697144.290406496,38,19,28.284271247461902,45300.69693639395,0.7918821737862662,ground_equivalent_excess_gamma_dose_rate,uSv/h,50.0,1.0,6360,0.00034100000630132854,True,,1,0.1,0.09000000000000001,False,,0.0005715999868698418,
1892,RADIATION,RADIATION,522780.9204974669,5697144.290406496,38,20,20.0,45320.69693639395,0.7422209468666003,ground_equivalent_excess_gamma_dose_rate,uSv/h,50.0,1.0,6360,0.0003266999847255647,True,,1,0.1,0.09000000000000001,False,,0.0005870000168215483,
1893,RADIATION,RADIATION,522760.9204974669,5697164.290406496,39,19,28.284271247461902,45348.98120764141,0.728123704720975,ground_equivalent_excess_gamma_dose_rate,uSv/h,50.0,1.0,6360,0.0003367000026628375,True,,1,0.1,0.09000000000000001,False,,0.0005797000194434077,
1894,RADIATION,RADIATION,522780.9204974669,5697164.290406496,39,20,20.0,45368.98120764141,0.6874104484338737,ground_equivalent_excess_gamma_dose_rate,uSv/h,50.0,1.0,6360,0.0003276000206824392,True,,1,0.1,0.09000000000000001,False,,0.0005650999955832958,
1895,RADIATION,RADIATION,522800.9204974669,5697184.290406496,40,21,28.284271247461902,45397.26547888887,0.6100076090057791,ground_equivalent_excess_gamma_dose_rate,uSv/h,50.0,1.0,6360,0.00033310000435449183,True,,1,0.1,0.09000000000000001,False,,0.0005813000025227666,
1896,RADIATION,RADIATION,522780.9204974669,5697204.290406496,41,20,28.284271247461902,45425.54975013633,0.584397480894894,ground_equivalent_excess_gamma_dose_rate,uSv/h,50.0,1.0,6360,0.0003328000020701438,True,,1,0.1,0.09000000000000001,False,,0.0005676000146195292,
1897,RADIATION,RADIATION,522760.9204974669,5697184.290406496,40,19,28.284271247461902,45453.83402138379,0.6673680474864347,ground_equivalent_excess_gamma_dose_rate,uSv/h,50.0,1.0,6360,0.0003301000106148422,True,,1,0.1,0.09000000000000001,False,,0.0005754000158049166,
1898,RADIATION,RADIATION,522740.9204974669,5697164.290406496,39,18,28.284271247461902,45482.11829263125,0.7818615591809241,ground_equivalent_excess_gamma_dose_rate,uSv/h,50.0,1.0,6360,0.0003412000078242272,True,,1,0.1,0.09000000000000001,False,,0.0005686999938916415,
1899,RADIATION,RADIATION,522720.9204974669,5697164.290406496,39,17,20.0,45502.11829263125,0.850266284933245,ground_equivalent_excess_gamma_dose_rate,uSv/h,50.0,1.0,6360,0.0003360999980941415,True,,1,0.1,0.09000000000000001,False,,0.0005678000161424279,
1900,RADIATION,RADIATION,522740.9204974669,5697164.290406496,39,18,20.0,45522.11829263125,0.7818615591809241,ground_equivalent_excess_gamma_dose_rate,uSv/h,50.0,1.0,6360,0.0003403000009711832,True,,1,0.1,0.09000000000000001,False,,0.0005667999794241041,
1901,RADIATION,RADIATION,522720.9204974669,5697184.290406496,40,17,28.284271247461902,45550.402563878706,0.7612753243758354,ground_equivalent_excess_gamma_dose_rate,uSv/h,50.0,1.0,6360,0.00032890000147745013,True,,1,0.1,0.09000000000000001,False,,0.0005692999984603375,
1902,RADIATION,RADIATION,522700.9204974669,5697184.290406496,40,16,20.0,45570.402563878706,0.8229462793495104,ground_equivalent_excess_gamma_dose_rate,uSv/h,50.0,1.0,6360,0.00033560002339072526,True,,1,0.1,0.09000000000000001,False,,0.0005787000118289143,
1903,RADIATION,RADIATION,522720.9204974669,5697184.290406496,40,17,20.0,45590.402563878706,0.7612753243758354,ground_equivalent_excess_gamma_dose_rate,uSv/h,50.0,1.0,6360,0.00032140000257641077,True,,1,0.1,0.09000000000000001,False,,0.0005654999986290932,
1904,RADIATION,RADIATION,522740.9204974669,5697204.290406496,41,18,28.284271247461902,45618.686835126166,0.6433435053097909,ground_equivalent_excess_gamma_dose_rate,uSv/h,50.0,1.0,6360,0.00032479999936185777,True,,1,0.1,0.09000000000000001,False,,0.0005757999897468835,
1905,RADIATION,RADIATION,522760.9204974669,5697184.290406496,40,19,28.284271247461902,45646.971106373625,0.6673680474864347,ground_equivalent_excess_gamma_dose_rate,uSv/h,50.0,1.0,6360,0.0003200000210199505,True,,1,0.1,0.09000000000000001,False,,0.0005622000026050955,
1906,RADIATION,RADIATION,522740.9204974669,5697184.290406496,40,18,20.0,45666.971106373625,0.7094412625489166,ground_equivalent_excess_gamma_dose_rate,uSv/h,50.0,1.0,6360,0.0003226000117138028,True,,1,0.1,0.09000000000000001,False,,0.0005765999958384782,
1907,RADIATION,RADIATION,522760.9204974669,5697184.290406496,40,19,20.0,45686.971106373625,0.6673680474864347,ground_equivalent_excess_gamma_dose_rate,uSv/h,50.0,1.0,6360,0.000375000003259629,True,,1,0.1,0.09000000000000001,False,,0.0005624000041279942,
1908,RADIATION,RADIATION,522740.9204974669,5697184.290406496,40,18,20.0,45706.971106373625,0.7094412625489166,ground_equivalent_excess_gamma_dose_rate,uSv/h,50.0,1.0,6360,0.00034600001526996493,True,,1,0.1,0.09000000000000001,False,,0.0005986999894957989,
1909,RADIATION,RADIATION,522760.9204974669,5697204.290406496,41,19,28.284271247461902,45735.255377621084,0.6106919509259607,ground_equivalent_excess_gamma_dose_rate,uSv/h,50.0,1.0,6360,0.00033779998193494976,True,,1,0.1,0.09000000000000001,False,,0.0005722999921999872,
1910,RADIATION,RADIATION,522780.9204974669,5697224.290406496,42,20,28.284271247461902,45763.539648868544,0.5377177970588374,ground_equivalent_excess_gamma_dose_rate,uSv/h,50.0,1.0,6360,0.00032839999767020345,True,,1,0.1,0.09000000000000001,False,,0.0005705000075977296,
1911,RADIATION,RADIATION,522800.9204974669,5697224.290406496,42,21,20.0,45783.539648868544,0.5211359769292732,ground_equivalent_excess_gamma_dose_rate,uSv/h,50.0,1.0,6360,0.00032869999995455146,True,,1,0.1,0.09000000000000001,False,,0.0005768999981228262,
1912,RADIATION,RADIATION,522780.9204974669,5697224.290406496,42,20,20.0,45803.539648868544,0.5377177970588374,ground_equivalent_excess_gamma_dose_rate,uSv/h,50.0,1.0,6360,0.00032530000316910446,True,,1,0.1,0.09000000000000001,False,,0.0005675999855156988,
1913,RADIATION,RADIATION,522800.9204974669,5697224.290406496,42,21,20.0,45823.539648868544,0.5211359769292732,ground_equivalent_excess_gamma_dose_rate,uSv/h,50.0,1.0,6360,0.0003268000145908445,True,,1,0.1,0.09000000000000001,False,,0.0005748000112362206,
1914,RADIATION,RADIATION,522800.9204974669,5697204.290406496,41,21,20.0,45843.539648868544,0.5641716122098848,ground_equivalent_excess_gamma_dose_rate,uSv/h,50.0,1.0,6360,0.0003205999964848161,True,,1,0.1,0.09000000000000001,False,,0.0005600999866146594,
1915,RADIATION,RADIATION,522780.9204974669,5697204.290406496,41,20,20.0,45863.539648868544,0.584397480894894,ground_equivalent_excess_gamma_dose_rate,uSv/h,50.0,1.0,6360,0.00033260000054724514,True,,1,0.1,0.09000000000000001,False,,0.0005677000153809786,
1916,RADIATION,RADIATION,522780.9204974669,5697184.290406496,40,20,20.0,45883.539648868544,0.6344805914698044,ground_equivalent_excess_gamma_dose_rate,uSv/h,50.0,1.0,6360,0.0003397999971639365,True,,1,0.1,0.09000000000000001,False,,0.0005573000235017389,
1917,RADIATION,RADIATION,522780.9204974669,5697164.290406496,39,20,20.0,45903.539648868544,0.6874104484338737,ground_equivalent_excess_gamma_dose_rate,uSv/h,50.0,1.0,6360,0.00033469998743385077,True,,1,0.1,0.09000000000000001,False,,0.0005663000047206879,
1918,RADIATION,RADIATION,522760.9204974669,5697144.290406496,38,19,28.284271247461902,45931.823920116,0.7918821737862662,ground_equivalent_excess_gamma_dose_rate,uSv/h,50.0,1.0,6360,0.00034240001696161926,True,,1,0.1,0.09000000000000001,False,,0.0005566999898292124,
1919,RADIATION,RADIATION,522780.9204974669,5697144.290406496,38,20,20.0,45951.823920116,0.7422209468666003,ground_equivalent_excess_gamma_dose_rate,uSv/h,50.0,1.0,6360,0.000391699984902516,True,,1,0.1,0.09000000000000001,False,,0.0012931000092066824,
1920,RADIATION,RADIATION,522760.9204974669,5697124.290406496,37,19,28.284271247461902,45980.10819136346,0.8568320598581878,ground_equivalent_excess_gamma_dose_rate,uSv/h,50.0,1.0,6360,0.0003504999913275242,True,,1,0.1,0.09000000000000001,False,,0.000607299996772781,
1921,RADIATION,RADIATION,522740.9204974669,5697144.290406496,38,18,28.284271247461902,46008.39246261092,0.8595867788218612,ground_equivalent_excess_gamma_dose_rate,uSv/h,50.0,1.0,6360,0.0003729000163730234,True,,1,0.1,0.09000000000000001,False,,0.0006074999982956797,
1922,RADIATION,RADIATION,522720.9204974669,5697144.290406496,38,17,20.0,46028.39246261092,0.9488251087463835,ground_equivalent_excess_gamma_dose_rate,uSv/h,50.0,1.0,6360,0.00034610001603141427,True,,1,0.1,0.09000000000000001,False,,0.0005802999949082732,
1923,RADIATION,RADIATION,522740.9204974669,5697124.290406496,37,18,28.284271247461902,46056.67673385838,0.9404651464117681,ground_equivalent_excess_gamma_dose_rate,uSv/h,50.0,1.0,6360,0.0003397999971639365,True,,1,0.1,0.09000000000000001,False,,0.001197000005049631,
1924,RADIATION,RADIATION,522740.9204974669,5697144.290406496,38,18,20.0,46076.67673385838,0.8595867788218612,ground_equivalent_excess_gamma_dose_rate,uSv/h,50.0,1.0,6360,0.0003330000035930425,True,,1,0.1,0.09000000000000001,False,,0.0005890999746043235,
1925,RADIATION,RADIATION,522760.9204974669,5697144.290406496,38,19,20.0,46096.67673385838,0.7918821737862662,ground_equivalent_excess_gamma_dose_rate,uSv/h,50.0,1.0,6360,0.0003293000045232475,True,,1,0.1,0.09000000000000001,False,,0.0005705000075977296,
1926,RADIATION,RADIATION,522740.9204974669,5697164.290406496,39,18,28.284271247461902,46124.96100510584,0.7818615591809241,ground_equivalent_excess_gamma_dose_rate,uSv/h,50.0,1.0,6360,0.00034559998312033713,True,,1,0.1,0.09000000000000001,False,,0.0005743000074289739,
1927,RADIATION,RADIATION,522720.9204974669,5697184.290406496,40,17,28.284271247461902,46153.2452763533,0.7612753243758354,ground_equivalent_excess_gamma_dose_rate,uSv/h,50.0,1.0,6360,0.0003522000042721629,True,,1,0.1,0.09000000000000001,False,,0.0005649999948218465,
1928,RADIATION,RADIATION,522700.9204974669,5697164.290406496,39,16,28.284271247461902,46181.52954760076,0.9346785865480192,ground_equivalent_excess_gamma_dose_rate,uSv/h,50.0,1.0,6360,0.0003394999948795885,True,,1,0.1,0.09000000000000001,False,,0.0005722999921999872,
1929,RADIATION,RADIATION,522700.9204974669,5697144.290406496,38,16,20.0,46201.52954760076,1.063489538758244,ground_equivalent_excess_gamma_dose_rate,uSv/h,50.0,1.0,6360,0.00034479997702874243,True,,1,0.1,0.09000000000000001,False,,0.0005673000123351812,
1930,RADIATION,RADIATION,522720.9204974669,5697144.290406496,38,17,20.0,46221.52954760076,0.9488251087463835,ground_equivalent_excess_gamma_dose_rate,uSv/h,50.0,1.0,6360,0.00034139998024329543,True,,1,0.1,0.09000000000000001,False,,0.0005776000034529716,
1931,RADIATION,RADIATION,522740.9204974669,5697164.290406496,39,18,28.284271247461902,46249.81381884822,0.7818615591809241,ground_equivalent_excess_gamma_dose_rate,uSv/h,50.0,1.0,6360,0.00039610001840628684,True,,1,0.1,0.09000000000000001,False,,0.0005791000148747116,
1932,RADIATION,RADIATION,522740.9204974669,5697144.290406496,38,18,20.0,46269.81381884822,0.8595867788218612,ground_equivalent_excess_gamma_dose_rate,uSv/h,50.0,1.0,6360,0.0003428999916650355,True,,1,0.1,0.09000000000000001,False,,0.0005895999784115702,
1933,RADIATION,RADIATION,522720.9204974669,5697124.290406496,37,17,28.284271247461902,46298.09809009568,1.0547548148145993,ground_equivalent_excess_gamma_dose_rate,uSv/h,50.0,1.0,6360,0.00033450001501478255,True,,1,0.1,0.09000000000000001,False,,0.0005727999960072339,
1934,RADIATION,RADIATION,522740.9204974669,5697144.290406496,38,18,28.284271247461902,46326.38236134314,0.8595867788218612,ground_equivalent_excess_gamma_dose_rate,uSv/h,50.0,1.0,6360,0.00033829998574219644,True,,1,0.1,0.09000000000000001,False,,0.0005692999984603375,
1935,RADIATION,RADIATION,522760.9204974669,5697164.290406496,39,19,28.284271247461902,46354.6666325906,0.728123704720975,ground_equivalent_excess_gamma_dose_rate,uSv/h,50.0,1.0,6360,0.0003273000183980912,True,,1,0.1,0.09000000000000001,False,,0.0005719999899156392,
1936,RADIATION,RADIATION,522760.9204974669,5697144.290406496,38,19,20.0,46374.6666325906,0.7918821737862662,ground_equivalent_excess_gamma_dose_rate,uSv/h,50.0,1.0,6360,0.00033719997736625373,True,,1,0.1,0.09000000000000001,False,,0.0005645000201184303,
1937,RADIATION,RADIATION,522740.9204974669,5697144.290406496,38,18,20.0,46394.6666325906,0.8595867788218612,ground_equivalent_excess_gamma_dose_rate,uSv/h,50.0,1.0,6360,0.00032479999936185777,True,,1,0.1,0.09000000000000001,False,,0.00058230001013726,
1938,RADIATION,RADIATION,522720.9204974669,5697164.290406496,39,17,28.284271247461902,46422.95090383806,0.850266284933245,ground_equivalent_excess_gamma_dose_rate,uSv/h,50.0,1.0,6360,0.0003299000090919435,True,,1,0.1,0.09000000000000001,False,,0.0005811000009998679,
1939,RADIATION,RADIATION,522720.9204974669,5697144.290406496,38,17,20.0,46442.95090383806,0.9488251087463835,ground_equivalent_excess_gamma_dose_rate,uSv/h,50.0,1.0,6360,0.0003310000174678862,True,,1,0.1,0.09000000000000001,False,,0.0005605999904219061,
1940,RADIATION,RADIATION,522740.9204974669,5697124.290406496,37,18,28.284271247461902,46471.235175085516,0.9404651464117681,ground_equivalent_excess_gamma_dose_rate,uSv/h,50.0,1.0,6360,0.0003260999801568687,True,,1,0.1,0.09000000000000001,False,,0.0005779000057373196,
1941,RADIATION,RADIATION,522720.9204974669,5697124.290406496,37,17,20.0,46491.235175085516,1.0547548148145993,ground_equivalent_excess_gamma_dose_rate,uSv/h,50.0,1.0,6360,0.00033060001442208886,True,,1,0.1,0.09000000000000001,False,,0.0005609999934677035,
1942,RADIATION,RADIATION,522700.9204974669,5697144.290406496,38,16,28.284271247461902,46519.519446332975,1.063489538758244,ground_equivalent_excess_gamma_dose_rate,uSv/h,50.0,1.0,6360,0.00033409998286515474,True,,1,0.1,0.09000000000000001,False,,0.0005647999932989478,
1943,RADIATION,RADIATION,522720.9204974669,5697124.290406496,37,17,28.284271247461902,46547.803717580435,1.0547548148145993,ground_equivalent_excess_gamma_dose_rate,uSv/h,50.0,1.0,6360,0.0003433000238146633,True,,1,0.1,0.09000000000000001,False,,0.0005627999780699611,
1944,RADIATION,RADIATION,522700.9204974669,5697124.290406496,37,16,20.0,46567.803717580435,1.2081588942278605,ground_equivalent_excess_gamma_dose_rate,uSv/h,50.0,1.0,6360,0.0003414000093471259,True,,1,0.1,0.09000000000000001,False,,0.000583200016990304,
1945,RADIATION,RADIATION,522720.9204974669,5697104.290406496,36,17,28.284271247461902,46596.087988827894,1.1633346067929007,ground_equivalent_excess_gamma_dose_rate,uSv/h,50.0,1.0,6360,0.0003819999983534217,True,,1,0.1,0.09000000000000001,False,,0.000579200015636161,
1946,RADIATION,RADIATION,522720.9204974669,5697124.290406496,37,17,20.0,46616.087988827894,1.0547548148145993,ground_equivalent_excess_gamma_dose_rate,uSv/h,50.0,1.0,6360,0.0003654999891296029,True,,1,0.1,0.09000000000000001,False,,0.0005790999857708812,
1947,RADIATION,RADIATION,522720.9204974669,5697104.290406496,36,17,20.0,46636.087988827894,1.1633346067929007,ground_equivalent_excess_gamma_dose_rate,uSv/h,50.0,1.0,6360,0.00033820001408457756,True,,1,0.1,0.09000000000000001,False,,0.0006164000078570098,
1948,RADIATION,RADIATION,522720.9204974669,5697084.290406496,35,17,20.0,46656.087988827894,1.2667456493748008,ground_equivalent_excess_gamma_dose_rate,uSv/h,50.0,1.0,6360,0.0003335000074002892,True,,1,0.1,0.09000000000000001,False,,0.000586600013775751,
1949,RADIATION,RADIATION,522720.9204974669,5697064.290406496,34,17,20.0,46676.087988827894,1.3544950819814943,ground_equivalent_excess_gamma_dose_rate,uSv/h,50.0,1.0,6360,0.0003328000020701438,True,,1,0.1,0.09000000000000001,False,,0.0005742000066675246,
1950,RADIATION,RADIATION,522740.9204974669,5697084.290406496,35,18,28.284271247461902,46704.37226007535,1.095807189446043,ground_equivalent_excess_gamma_dose_rate,uSv/h,50.0,1.0,6360,0.0003260999801568687,True,,1,0.1,0.09000000000000001,False,,0.0005867000145372003,
1951,RADIATION,RADIATION,522760.9204974669,5697104.290406496,36,19,28.284271247461902,46732.65653132281,0.9203409655086043,ground_equivalent_excess_gamma_dose_rate,uSv/h,50.0,1.0,6360,0.00031869998201727867,True,,1,0.1,0.09000000000000001,False,,0.0005651999963447452,
1952,RADIATION,RADIATION,522780.9204974669,5697104.290406496,36,20,20.0,46752.65653132281,0.851209292942547,ground_equivalent_excess_gamma_dose_rate,uSv/h,50.0,1.0,6360,0.0003236000193282962,True,,1,0.1,0.09000000000000001,False,,0.0005644000193569809,
1953,RADIATION,RADIATION,522780.9204974669,5697084.290406496,35,20,20.0,46772.65653132281,0.9011396515539818,ground_equivalent_excess_gamma_dose_rate,uSv/h,50.0,1.0,6360,0.00034279999090358615,True,,1,0.1,0.09000000000000001,False,,0.0005688999954145402,
1954,RADIATION,RADIATION,522780.9204974669,5697104.290406496,36,20,20.0,46792.65653132281,0.851209292942547,ground_equivalent_excess_gamma_dose_rate,uSv/h,50.0,1.0,6360,0.0008573000086471438,True,,1,0.1,0.09000000000000001,False,,0.0005638000147882849,
1955,RADIATION,RADIATION,522760.9204974669,5697104.290406496,36,19,20.0,46812.65653132281,0.9203409655086043,ground_equivalent_excess_gamma_dose_rate,uSv/h,50.0,1.0,6360,0.00033409998286515474,True,,1,0.1,0.09000000000000001,False,,0.0005944999866187572,
1956,RADIATION,RADIATION,522760.9204974669,5697124.290406496,37,19,20.0,46832.65653132281,0.8568320598581878,ground_equivalent_excess_gamma_dose_rate,uSv/h,50.0,1.0,6360,0.0003471999953035265,True,,1,0.1,0.09000000000000001,False,,0.0005658000009134412,
1957,RADIATION,RADIATION,522780.9204974669,5697104.290406496,36,20,28.284271247461902,46860.94080257027,0.851209292942547,ground_equivalent_excess_gamma_dose_rate,uSv/h,50.0,1.0,6360,0.0003307000151835382,True,,1,0.1,0.09000000000000001,False,,0.0005663999763783067,
1958,RADIATION,RADIATION,522800.9204974669,5697124.290406496,37,21,28.284271247461902,46889.22507381773,0.7577652233594483,ground_equivalent_excess_gamma_dose_rate,uSv/h,50.0,1.0,6360,0.0003449999785516411,True,,1,0.1,0.09000000000000001,False,,0.0005887000006623566,
1959,RADIATION,RADIATION,522800.9204974669,5697144.290406496,38,21,20.0,46909.22507381773,0.7077737301799853,ground_equivalent_excess_gamma_dose_rate,uSv/h,50.0,1.0,6360,0.00032989997998811305,True,,1,0.1,0.09000000000000001,False,,0.0005658000009134412,
1960,RADIATION,RADIATION,522800.9204974669,5697124.290406496,37,21,20.0,46929.22507381773,0.7577652233594483,ground_equivalent_excess_gamma_dose_rate,uSv/h,50.0,1.0,6360,0.0003313999914098531,True,,1,0.1,0.09000000000000001,False,,0.0005769000272266567,
1961,RADIATION,RADIATION,522780.9204974669,5697144.290406496,38,20,28.284271247461902,46957.50934506519,0.7422209468666003,ground_equivalent_excess_gamma_dose_rate,uSv/h,50.0,1.0,6360,0.0003321999975014478,True,,1,0.1,0.09000000000000001,False,,0.0005630999803543091,
1962,RADIATION,RADIATION,522800.9204974669,5697124.290406496,37,21,28.284271247461902,46985.79361631265,0.7577652233594483,ground_equivalent_excess_gamma_dose_rate,uSv/h,50.0,1.0,6360,0.00033370000892318785,True,,1,0.1,0.09000000000000001,False,,0.0006095999851822853,
1963,RADIATION,RADIATION,522820.9204974669,5697104.290406496,36,22,28.284271247461902,47014.07788756011,0.7822997788562602,ground_equivalent_excess_gamma_dose_rate,uSv/h,50.0,1.0,6360,0.0003598000039346516,True,,1,0.1,0.09000000000000001,False,,0.0005635999841615558,
1964,RADIATION,RADIATION,522840.9204974669,5697084.290406496,35,23,28.284271247461902,47042.36215880757,0.8247463558078565,ground_equivalent_excess_gamma_dose_rate,uSv/h,50.0,1.0,6360,0.0003335000074002892,True,,1,0.1,0.09000000000000001,False,,0.0005675000138580799,
1965,RADIATION,RADIATION,522820.9204974669,5697104.290406496,36,22,28.284271247461902,47070.64643005503,0.7822997788562602,ground_equivalent_excess_gamma_dose_rate,uSv/h,50.0,1.0,6360,0.0003406000032555312,True,,1,0.1,0.09000000000000001,False,,0.0005653999978676438,
1966,RADIATION,RADIATION,522840.9204974669,5697084.290406496,35,23,28.284271247461902,47098.93070130249,0.8247463558078565,ground_equivalent_excess_gamma_dose_rate,uSv/h,50.0,1.0,6360,0.0003242999955546111,True,,1,0.1,0.09000000000000001,False,,0.0005596000119112432,
1967,RADIATION,RADIATION,522820.9204974669,5697104.290406496,36,22,28.284271247461902,47127.21497254995,0.7822997788562602,ground_equivalent_excess_gamma_dose_rate,uSv/h,50.0,1.0,6360,0.0003310000174678862,True,,1,0.1,0.09000000000000001,False,,0.0005764999950770289,
1968,RADIATION,RADIATION,522840.9204974669,5697104.290406496,36,23,20.0,47147.21497254995,0.7754865689895252,ground_equivalent_excess_gamma_dose_rate,uSv/h,50.0,1.0,6360,0.0003243999963160604,True,,1,0.1,0.09000000000000001,False,,0.0005632999818772078,
1969,RADIATION,RADIATION,522840.9204974669,5697124.290406496,37,23,20.0,47167.21497254995,0.725632840745589,ground_equivalent_excess_gamma_dose_rate,uSv/h,50.0,1.0,6360,0.00034279999090358615,True,,1,0.1,0.09000000000000001,False,,0.0005775000026915222,
1970,RADIATION,RADIATION,522860.9204974669,5697144.290406496,38,24,28.284271247461902,47195.49924379741,0.676609627913483,ground_equivalent_excess_gamma_dose_rate,uSv/h,50.0,1.0,6360,0.0003294000052846968,True,,1,0.1,0.09000000000000001,False,,0.0005680999893229455,
1971,RADIATION,RADIATION,522840.9204974669,5697124.290406496,37,23,28.284271247461902,47223.78351504487,0.725632840745589,ground_equivalent_excess_gamma_dose_rate,uSv/h,50.0,1.0,6360,0.00032789999386295676,True,,1,0.1,0.09000000000000001,False,,0.0005798999918624759,
1972,RADIATION,RADIATION,522860.9204974669,5697144.290406496,38,24,28.284271247461902,47252.067786292326,0.676609627913483,ground_equivalent_excess_gamma_dose_rate,uSv/h,50.0,1.0,6360,0.0003490000090096146,True,,1,0.1,0.09000000000000001,False,,0.0005661000031977892,
1973,RADIATION,RADIATION,522840.9204974669,5697124.290406496,37,23,28.284271247461902,47280.352057539785,0.725632840745589,ground_equivalent_excess_gamma_dose_rate,uSv/h,50.0,1.0,6360,0.0003249000001233071,True,,1,0.1,0.09000000000000001,False,,0.0005702000053133816,
1974,RADIATION,RADIATION,522860.9204974669,5697124.290406496,37,24,20.0,47300.352057539785,0.7296589013182289,ground_equivalent_excess_gamma_dose_rate,uSv/h,50.0,1.0,6360,0.00033370000892318785,True,,1,0.1,0.09000000000000001,False,,0.0005664000054821372,
1975,RADIATION,RADIATION,522880.9204974669,5697104.290406496,36,25,28.284271247461902,47328.636328787245,0.8095402813103656,ground_equivalent_excess_gamma_dose_rate,uSv/h,50.0,1.0,6360,0.0003341999836266041,True,,1,0.1,0.09000000000000001,False,,0.0005617999995592982,
1976,RADIATION,RADIATION,522860.9204974669,5697124.290406496,37,24,28.284271247461902,47356.920600034704,0.7296589013182289,ground_equivalent_excess_gamma_dose_rate,uSv/h,50.0,1.0,6360,0.00033549999352544546,True,,1,0.1,0.09000000000000001,False,,0.0005747000104747713,
1977,RADIATION,RADIATION,522840.9204974669,5697144.290406496,38,23,28.284271247461902,47385.20487128216,0.6763847858616989,ground_equivalent_excess_gamma_dose_rate,uSv/h,50.0,1.0,6360,0.0003245999978389591,True,,1,0.1,0.09000000000000001,False,,0.0005593999812845141,
1978,RADIATION,RADIATION,522840.9204974669,5697164.290406496,39,23,20.0,47405.20487128216,0.6286578384146089,ground_equivalent_excess_gamma_dose_rate,uSv/h,50.0,1.0,6360,0.0003347999881953001,True,,1,0.1,0.09000000000000001,False,,0.0005774000019300729,
1979,RADIATION,RADIATION,522820.9204974669,5697164.290406496,39,22,20.0,47425.20487128216,0.638942833683436,ground_equivalent_excess_gamma_dose_rate,uSv/h,50.0,1.0,6360,0.00034139998024329543,True,,1,0.1,0.09000000000000001,False,,0.0006533999985549599,
1980,RADIATION,RADIATION,522840.9204974669,5697184.290406496,40,23,28.284271247461902,47453.48914252962,0.5831029407560901,ground_equivalent_excess_gamma_dose_rate,uSv/h,50.0,1.0,6360,0.0003331999760121107,True,,1,0.1,0.09000000000000001,False,,0.0005845999985467643,
1981,RADIATION,RADIATION,522860.9204974669,5697164.290406496,39,24,28.284271247461902,47481.77341377708,0.626308845298895,ground_equivalent_excess_gamma_dose_rate,uSv/h,50.0,1.0,6360,0.0003370000049471855,True,,1,0.1,0.09000000000000001,False,,0.0005586000042967498,
1982,RADIATION,RADIATION,522860.9204974669,5697144.290406496,38,24,20.0,47501.77341377708,0.676609627913483,ground_equivalent_excess_gamma_dose_rate,uSv/h,50.0,1.0,6360,0.00033579999580979347,True,,1,0.1,0.09000000000000001,False,,0.0005581000004895031,
1983,RADIATION,RADIATION,522840.9204974669,5697144.290406496,38,23,20.0,47521.77341377708,0.6763847858616989,ground_equivalent_excess_gamma_dose_rate,uSv/h,50.0,1.0,6360,0.0003346000157762319,True,,1,0.1,0.09000000000000001,False,,0.000578600011067465,
1984,RADIATION,RADIATION,522860.9204974669,5697144.290406496,38,24,20.0,47541.77341377708,0.676609627913483,ground_equivalent_excess_gamma_dose_rate,uSv/h,50.0,1.0,6360,0.00032049999572336674,True,,1,0.1,0.09000000000000001,False,,0.0005577999982051551,
1985,RADIATION,RADIATION,522840.9204974669,5697164.290406496,39,23,28.284271247461902,47570.05768502454,0.6286578384146089,ground_equivalent_excess_gamma_dose_rate,uSv/h,50.0,1.0,6360,0.00032980000833049417,True,,1,0.1,0.09000000000000001,False,,0.0005767999973613769,
1986,RADIATION,RADIATION,522840.9204974669,5697184.290406496,40,23,20.0,47590.05768502454,0.5831029407560901,ground_equivalent_excess_gamma_dose_rate,uSv/h,50.0,1.0,6360,0.0003476999991107732,True,,1,0.1,0.09000000000000001,False,,0.0006619000050704926,
1987,RADIATION,RADIATION,522840.9204974669,5697164.290406496,39,23,20.0,47610.05768502454,0.6286578384146089,ground_equivalent_excess_gamma_dose_rate,uSv/h,50.0,1.0,6360,0.00032839999767020345,True,,1,0.1,0.09000000000000001,False,,0.0005870000168215483,
1988,RADIATION,RADIATION,522860.9204974669,5697144.290406496,38,24,28.284271247461902,47638.341956272,0.676609627913483,ground_equivalent_excess_gamma_dose_rate,uSv/h,50.0,1.0,6360,0.00032839999767020345,True,,1,0.1,0.09000000000000001,False,,0.0005608999927062541,
1989,RADIATION,RADIATION,522880.9204974669,5697164.290406496,39,25,28.284271247461902,47666.62622751946,0.6310091837914857,ground_equivalent_excess_gamma_dose_rate,uSv/h,50.0,1.0,6360,0.0003288999723736197,True,,1,0.1,0.09000000000000001,False,,0.0005658000009134412,
1990,RADIATION,RADIATION,522860.9204974669,5697164.290406496,39,24,20.0,47686.62622751946,0.626308845298895,ground_equivalent_excess_gamma_dose_rate,uSv/h,50.0,1.0,6360,0.0003415000101085752,True,,1,0.1,0.09000000000000001,False,,0.0005637999856844544,
1991,RADIATION,RADIATION,522860.9204974669,5697144.290406496,38,24,20.0,47706.62622751946,0.676609627913483,ground_equivalent_excess_gamma_dose_rate,uSv/h,50.0,1.0,6360,0.0003254000039305538,True,,1,0.1,0.09000000000000001,False,,0.0005610999942291528,
1992,RADIATION,RADIATION,522880.9204974669,5697164.290406496,39,25,28.284271247461902,47734.91049876692,0.6310091837914857,ground_equivalent_excess_gamma_dose_rate,uSv/h,50.0,1.0,6360,0.00032920000376179814,True,,1,0.1,0.09000000000000001,False,,0.0005674999847542495,
1993,RADIATION,RADIATION,522860.9204974669,5697164.290406496,39,24,20.0,47754.91049876692,0.626308845298895,ground_equivalent_excess_gamma_dose_rate,uSv/h,50.0,1.0,6360,0.0003231000155210495,True,,1,0.1,0.09000000000000001,False,,0.0005609000218100846,
1994,RADIATION,RADIATION,522880.9204974669,5697184.290406496,40,25,28.284271247461902,47783.19477001438,0.5805259945966244,ground_equivalent_excess_gamma_dose_rate,uSv/h,50.0,1.0,6360,0.0003262000100221485,True,,1,0.1,0.09000000000000001,False,,0.0005760999920312315,
1995,RADIATION,RADIATION,522900.9204974669,5697204.290406496,41,26,28.284271247461902,47811.47904126184,0.5369643206337154,ground_equivalent_excess_gamma_dose_rate,uSv/h,50.0,1.0,6360,0.00032740001915954053,True,,1,0.1,0.09000000000000001,False,,0.0005704999784938991,
1996,RADIATION,RADIATION,522920.9204974669,5697224.290406496,42,27,28.284271247461902,47839.7633125093,0.4948215456313731,ground_equivalent_excess_gamma_dose_rate,uSv/h,50.0,1.0,6360,0.0003497999859973788,True,,1,0.1,0.09000000000000001,False,,0.000578600011067465,
1997,RADIATION,RADIATION,522940.9204974669,5697224.290406496,42,28,20.0,47859.7633125093,0.49804821184040743,ground_equivalent_excess_gamma_dose_rate,uSv/h,50.0,1.0,6360,0.00034100000630132854,True,,1,0.1,0.09000000000000001,False,,0.0005654999986290932,
1998,RADIATION,RADIATION,522940.9204974669,5697244.290406496,43,28,20.0,47879.7633125093,0.4540993965471311,ground_equivalent_excess_gamma_dose_rate,uSv/h,50.0,1.0,6360,0.00032900000223889947,True,,1,0.1,0.09000000000000001,False,,0.0005692999984603375,
1999,RADIATION,RADIATION,522960.9204974669,5697264.290406496,44,29,28.284271247461902,47908.04758375676,0.41518499410467075,ground_equivalent_excess_gamma_dose_rate,uSv/h,50.0,1.0,6360,0.0003395999956410378,True,,1,0.1,0.09000000000000001,False,,0.0005645999917760491,
2000,RADIATION,RADIATION,522980.9204974669,5697244.290406496,43,30,28.284271247461902,47936.33185500422,0.45585492767754293,ground_equivalent_excess_gamma_dose_rate,uSv/h,50.0,1.0,6360,0.0003307000151835382,True,,1,0.1,0.09000000000000001,False,,0.0005613000248558819,
2001,RADIATION,RADIATION,522960.9204974669,5697224.290406496,42,29,28.284271247461902,47964.616126251676,0.5016559851821254,ground_equivalent_excess_gamma_dose_rate,uSv/h,50.0,1.0,6360,0.00033359997905790806,True,,1,0.1,0.09000000000000001,False,,0.0005598999850917608,
2002,RADIATION,RADIATION,522980.9204974669,5697204.290406496,41,30,28.284271247461902,47992.900397499136,0.5631822773344346,ground_equivalent_excess_gamma_dose_rate,uSv/h,50.0,1.0,6360,0.00032839999767020345,True,,1,0.1,0.09000000000000001,False,,0.0005610999942291528,
2003,RADIATION,RADIATION,522960.9204974669,5697224.290406496,42,29,28.284271247461902,48021.184668746595,0.5016559851821254,ground_equivalent_excess_gamma_dose_rate,uSv/h,50.0,1.0,6360,0.0003225000109523535,True,,1,0.1,0.09000000000000001,False,,0.0005774000019300729,
2004,RADIATION,RADIATION,522980.9204974669,5697224.290406496,42,30,20.0,48041.184668746595,0.5048054680275249,ground_equivalent_excess_gamma_dose_rate,uSv/h,50.0,1.0,6360,0.0008615000115241855,True,,1,0.1,0.09000000000000001,False,,0.0005604999896604568,
2005,RADIATION,RADIATION,522960.9204974669,5697204.290406496,41,29,28.284271247461902,48069.468939994054,0.5562560758893536,ground_equivalent_excess_gamma_dose_rate,uSv/h,50.0,1.0,6360,0.00034359999699518085,True,,1,0.1,0.09000000000000001,False,,0.0005879999953322113,
2006,RADIATION,RADIATION,522980.9204974669,5697204.290406496,41,30,20.0,48089.468939994054,0.5631822773344346,ground_equivalent_excess_gamma_dose_rate,uSv/h,50.0,1.0,6360,0.0003268000145908445,True,,1,0.1,0.09000000000000001,False,,0.0005861000099685043,
2007,RADIATION,RADIATION,522980.9204974669,5697184.290406496,40,30,20.0,48109.468939994054,0.6338181060671229,ground_equivalent_excess_gamma_dose_rate,uSv/h,50.0,1.0,6360,0.0003375999804120511,True,,1,0.1,0.09000000000000001,False,,0.0005596999835688621,
2008,RADIATION,RADIATION,523000.920497467,5697184.290406496,40,31,20.000000000058208,48129.46893999411,0.6442694102165025,ground_equivalent_excess_gamma_dose_rate,uSv/h,50.0,1.0,6360,0.0003291000030003488,True,,1,0.1,0.09000000000000001,False,,0.0005856000061612576,
2009,RADIATION,RADIATION,523020.920497467,5697184.290406496,40,32,20.0,48149.46893999411,0.6507048676584799,ground_equivalent_excess_gamma_dose_rate,uSv/h,50.0,1.0,6360,0.00034920001053251326,True,,1,0.1,0.09000000000000001,False,,0.0005617999995592982,
2010,RADIATION,RADIATION,523000.920497467,5697204.290406496,41,31,28.284271247461902,48177.75321124157,0.5683844994349689,ground_equivalent_excess_gamma_dose_rate,uSv/h,50.0,1.0,6360,0.0003268000145908445,True,,1,0.1,0.09000000000000001,False,,0.0005686999938916415,
2011,RADIATION,RADIATION,522980.9204974669,5697204.290406496,41,30,20.000000000058208,48197.75321124163,0.5631822773344346,ground_equivalent_excess_gamma_dose_rate,uSv/h,50.0,1.0,6360,0.00033859998802654445,True,,1,0.1,0.09000000000000001,False,,0.0005650000239256769,
2012,RADIATION,RADIATION,522960.9204974669,5697204.290406496,41,29,20.0,48217.75321124163,0.5562560758893536,ground_equivalent_excess_gamma_dose_rate,uSv/h,50.0,1.0,6360,0.00033039998379535973,True,,1,0.1,0.09000000000000001,False,,0.0005675999855156988,
2013,RADIATION,RADIATION,522940.9204974669,5697224.290406496,42,28,28.284271247461902,48246.03748248909,0.49804821184040743,ground_equivalent_excess_gamma_dose_rate,uSv/h,50.0,1.0,6360,0.00034470000537112355,True,,1,0.1,0.09000000000000001,False,,0.0005865999846719205,
2014,RADIATION,RADIATION,522920.9204974669,5697244.290406496,43,27,28.284271247461902,48274.32175373655,0.45324375745945605,ground_equivalent_excess_gamma_dose_rate,uSv/h,50.0,1.0,6360,0.00033290000283159316,True,,1,0.1,0.09000000000000001,False,,0.0005673000123351812,
2015,RADIATION,RADIATION,522920.9204974669,5697264.290406496,44,27,20.0,48294.32175373655,0.41646336728692196,ground_equivalent_excess_gamma_dose_rate,uSv/h,50.0,1.0,6360,0.00033939999411813915,True,,1,0.1,0.09000000000000001,False,,0.0005816999764647335,
2016,RADIATION,RADIATION,522940.9204974669,5697244.290406496,43,28,28.284271247461902,48322.60602498401,0.4540993965471311,ground_equivalent_excess_gamma_dose_rate,uSv/h,50.0,1.0,6360,0.0003273999900557101,True,,1,0.1,0.09000000000000001,False,,0.0005752999859396368,
2017,RADIATION,RADIATION,522920.9204974669,5697244.290406496,43,27,20.0,48342.60602498401,0.45324375745945605,ground_equivalent_excess_gamma_dose_rate,uSv/h,50.0,1.0,6360,0.00032289998489432037,True,,1,0.1,0.09000000000000001,False,,0.0005766999965999275,
2018,RADIATION,RADIATION,522940.9204974669,5697224.290406496,42,28,28.284271247461902,48370.89029623147,0.49804821184040743,ground_equivalent_excess_gamma_dose_rate,uSv/h,50.0,1.0,6360,0.0003491999814286828,True,,1,0.1,0.09000000000000001,False,,0.0005577999982051551,
2019,RADIATION,RADIATION,522960.9204974669,5697224.290406496,42,29,20.0,48390.89029623147,0.5016559851821254,ground_equivalent_excess_gamma_dose_rate,uSv/h,50.0,1.0,6360,0.00032309998641721904,True,,1,0.1,0.09000000000000001,False,,0.0005720000190194696,
2020,RADIATION,RADIATION,522960.9204974669,5697204.290406496,41,29,20.0,48410.89029623147,0.5562560758893536,ground_equivalent_excess_gamma_dose_rate,uSv/h,50.0,1.0,6360,0.00032629998167976737,True,,1,0.1,0.09000000000000001,False,,0.0005597999843303114,
2021,RADIATION,RADIATION,522940.9204974669,5697204.290406496,41,28,20.0,48430.89029623147,0.5488268036311392,ground_equivalent_excess_gamma_dose_rate,uSv/h,50.0,1.0,6360,0.00032220000866800547,True,,1,0.1,0.09000000000000001,False,,0.0005579999997280538,
2022,RADIATION,RADIATION,522940.9204974669,5697184.290406496,40,28,20.0,48450.89029623147,0.607981923681048,ground_equivalent_excess_gamma_dose_rate,uSv/h,50.0,1.0,6360,0.00035039999056607485,True,,1,0.1,0.09000000000000001,False,,0.0005712000129278749,
2023,RADIATION,RADIATION,522960.9204974669,5697184.290406496,40,29,20.0,48470.89029623147,0.621132404575574,ground_equivalent_excess_gamma_dose_rate,uSv/h,50.0,1.0,6360,0.0003294999769423157,True,,1,0.1,0.09000000000000001,False,,0.0005705000075977296,
2024,RADIATION,RADIATION,522960.9204974669,5697204.290406496,41,29,20.0,48490.89029623147,0.5562560758893536,ground_equivalent_excess_gamma_dose_rate,uSv/h,50.0,1.0,6360,0.00032389999250881374,True,,1,0.1,0.09000000000000001,False,,0.0005810000002384186,
2025,RADIATION,RADIATION,522980.9204974669,5697224.290406496,42,30,28.284271247461902,48519.17456747893,0.5048054680275249,ground_equivalent_excess_gamma_dose_rate,uSv/h,50.0,1.0,6360,0.00031919998582452536,True,,1,0.1,0.09000000000000001,False,,0.0005603000172413886,
2026,RADIATION,RADIATION,522960.9204974669,5697224.290406496,42,29,20.0,48539.17456747893,0.5016559851821254,ground_equivalent_excess_gamma_dose_rate,uSv/h,50.0,1.0,6360,0.0003496999852359295,True,,1,0.1,0.09000000000000001,False,,0.0005672000115737319,
2027,RADIATION,RADIATION,522940.9204974669,5697204.290406496,41,28,28.284271247461902,48567.45883872639,0.5488268036311392,ground_equivalent_excess_gamma_dose_rate,uSv/h,50.0,1.0,6360,0.0003620999923441559,True,,1,0.1,0.09000000000000001,False,,0.0005980999849271029,
2028,RADIATION,RADIATION,522940.9204974669,5697184.290406496,40,28,20.0,48587.45883872639,0.607981923681048,ground_equivalent_excess_gamma_dose_rate,uSv/h,50.0,1.0,6360,0.00033519999124109745,True,,1,0.1,0.09000000000000001,False,,0.0005713999853469431,
2029,RADIATION,RADIATION,522920.9204974669,5697164.290406496,39,27,28.284271247461902,48615.743109973846,0.6577889374722492,ground_equivalent_excess_gamma_dose_rate,uSv/h,50.0,1.0,6360,0.00034270001924596727,True,,1,0.1,0.09000000000000001,False,,0.0005825000116601586,
2030,RADIATION,RADIATION,522920.9204974669,5697184.290406496,40,27,20.0,48635.743109973846,0.5959656279892154,ground_equivalent_excess_gamma_dose_rate,uSv/h,50.0,1.0,6360,0.00033310000435449183,True,,1,0.1,0.09000000000000001,False,,0.0005760000203736126,
2031,RADIATION,RADIATION,522940.9204974669,5697204.290406496,41,28,28.284271247461902,48664.027381221305,0.5488268036311392,ground_equivalent_excess_gamma_dose_rate,uSv/h,50.0,1.0,6360,0.0003279999946244061,True,,1,0.1,0.09000000000000001,False,,0.0005810000002384186,
2032,RADIATION,RADIATION,522960.9204974669,5697204.290406496,41,29,20.0,48684.027381221305,0.5562560758893536,ground_equivalent_excess_gamma_dose_rate,uSv/h,50.0,1.0,6360,0.000318799982778728,True,,1,0.1,0.09000000000000001,False,,0.0005623000033665448,
2033,RADIATION,RADIATION,522960.9204974669,5697184.290406496,40,29,20.0,48704.027381221305,0.621132404575574,ground_equivalent_excess_gamma_dose_rate,uSv/h,50.0,1.0,6360,0.00032320001628249884,True,,1,0.1,0.09000000000000001,False,,0.0005785999819636345,
2034,RADIATION,RADIATION,522940.9204974669,5697164.290406496,39,28,28.284271247461902,48732.311652468765,0.6774764437628105,ground_equivalent_excess_gamma_dose_rate,uSv/h,50.0,1.0,6360,0.0003436999977566302,True,,1,0.1,0.09000000000000001,False,,0.0005645000201184303,
2035,RADIATION,RADIATION,522960.9204974669,5697184.290406496,40,29,28.284271247461902,48760.595923716224,0.621132404575574,ground_equivalent_excess_gamma_dose_rate,uSv/h,50.0,1.0,6360,0.0003311999898869544,True,,1,0.1,0.09000000000000001,False,,0.0006760999967809767,
2036,RADIATION,RADIATION,522980.9204974669,5697164.290406496,39,30,28.284271247461902,48788.88019496368,0.7206704949048925,ground_equivalent_excess_gamma_dose_rate,uSv/h,50.0,1.0,6360,0.00033260000054724514,True,,1,0.1,0.09000000000000001,False,,0.0005714999861083925,
2037,RADIATION,RADIATION,522960.9204974669,5697144.290406496,38,29,28.284271247461902,48817.16446621114,0.7942430716703512,ground_equivalent_excess_gamma_dose_rate,uSv/h,50.0,1.0,6360,0.00033099998836405575,True,,1,0.1,0.09000000000000001,False,,0.0005706000083591789,
2038,RADIATION,RADIATION,522960.9204974669,5697124.290406496,37,29,20.0,48837.16446621114,0.9114832475808103,ground_equivalent_excess_gamma_dose_rate,uSv/h,50.0,1.0,6360,0.0003370000049471855,True,,1,0.1,0.09000000000000001,False,,0.0005829999863635749,
2039,RADIATION,RADIATION,522980.9204974669,5697104.290406496,36,30,28.284271247461902,48865.4487374586,1.147708620863277,ground_equivalent_excess_gamma_dose_rate,uSv/h,50.0,1.0,6360,0.00032469999860040843,True,,1,0.1,0.09000000000000001,False,,0.0005617999995592982,
2040,RADIATION,RADIATION,522960.9204974669,5697124.290406496,37,29,28.284271247461902,48893.73300870606,0.9114832475808103,ground_equivalent_excess_gamma_dose_rate,uSv/h,50.0,1.0,6360,0.0006295999919530004,True,,1,0.1,0.09000000000000001,False,,0.000575200014282018,
2041,RADIATION,RADIATION,522980.9204974669,5697144.290406496,38,30,28.284271247461902,48922.01727995352,0.8293425696704324,ground_equivalent_excess_gamma_dose_rate,uSv/h,50.0,1.0,6360,0.0004641000123228878,True,,1,0.1,0.09000000000000001,False,,0.0007965000113472342,
2042,RADIATION,RADIATION,523000.920497467,5697124.290406496,37,31,28.28427124750306,48950.301551201024,1.021102915137919,ground_equivalent_excess_gamma_dose_rate,uSv/h,50.0,1.0,6360,0.0008274999854620546,True,,1,0.1,0.09000000000000001,False,,0.0007914000016171485,
2043,RADIATION,RADIATION,522980.9204974669,5697144.290406496,38,30,28.28427124750306,48978.58582244853,0.8293425696704324,ground_equivalent_excess_gamma_dose_rate,uSv/h,50.0,1.0,6360,0.0004214000073261559,True,,1,0.1,0.09000000000000001,False,,0.001295800000661984,
2044,RADIATION,RADIATION,522960.9204974669,5697124.290406496,37,29,28.284271247461902,49006.87009369599,0.9114832475808103,ground_equivalent_excess_gamma_dose_rate,uSv/h,50.0,1.0,6360,0.000370699999621138,True,,1,0.1,0.09000000000000001,False,,0.0006118999735917896,
2045,RADIATION,RADIATION,522940.9204974669,5697104.290406496,36,28,28.284271247461902,49035.154364943446,0.9750742918010724,ground_equivalent_excess_gamma_dose_rate,uSv/h,50.0,1.0,6360,0.0010999000223819166,True,,1,0.1,0.09000000000000001,False,,0.0009168999968096614,
2046,RADIATION,RADIATION,522920.9204974669,5697084.290406496,35,27,28.284271247461902,49063.438636190906,1.0122628049978302,ground_equivalent_excess_gamma_dose_rate,uSv/h,50.0,1.0,6360,0.0005773999728262424,True,,1,0.1,0.09000000000000001,False,,0.0006511999818030745,
2047,RADIATION,RADIATION,522940.9204974669,5697104.290406496,36,28,28.284271247461902,49091.722907438365,0.9750742918010724,ground_equivalent_excess_gamma_dose_rate,uSv/h,50.0,1.0,6360,0.0011842999956570566,True,,1,0.1,0.09000000000000001,False,,0.0013488999975379556,
2048,RADIATION,RADIATION,522960.9204974669,5697104.290406496,36,29,20.0,49111.722907438365,1.057563606497082,ground_equivalent_excess_gamma_dose_rate,uSv/h,50.0,1.0,6360,0.0005400000081863254,True,,1,0.1,0.09000000000000001,False,,0.0006491999956779182,
2049,RADIATION,RADIATION,522960.9204974669,5697124.290406496,37,29,20.0,49131.722907438365,0.9114832475808103,ground_equivalent_excess_gamma_dose_rate,uSv/h,50.0,1.0,6360,0.00058230001013726,True,,1,0.1,0.09000000000000001,False,,0.000908799993339926,
2050,RADIATION,RADIATION,522940.9204974669,5697104.290406496,36,28,28.284271247461902,49160.007178685824,0.9750742918010724,ground_equivalent_excess_gamma_dose_rate,uSv/h,50.0,1.0,6360,0.0003677000058814883,True,,1,0.1,0.09000000000000001,False,,0.0006604999944102019,
2051,RADIATION,RADIATION,522920.9204974669,5697084.290406496,35,27,28.284271247461902,49188.291449933284,1.0122628049978302,ground_equivalent_excess_gamma_dose_rate,uSv/h,50.0,1.0,6360,0.000670300010824576,True,,1,0.1,0.09000000000000001,False,,0.0006093999836593866,
2052,RADIATION,RADIATION,522920.9204974669,5697104.290406496,36,27,20.0,49208.291449933284,0.9050601194843273,ground_equivalent_excess_gamma_dose_rate,uSv/h,50.0,1.0,6360,0.0003701000241562724,True,,1,0.1,0.09000000000000001,False,,0.001373699982650578,
2053,RADIATION,RADIATION,522900.9204974669,5697084.290406496,35,26,28.284271247461902,49236.57572118074,0.933329835984265,ground_equivalent_excess_gamma_dose_rate,uSv/h,50.0,1.0,6360,0.0003637000045273453,True,,1,0.1,0.09000000000000001,False,,0.0005994999955873936,
2054,RADIATION,RADIATION,522900.9204974669,5697064.290406496,34,26,20.0,49256.57572118074,1.0225560765022554,ground_equivalent_excess_gamma_dose_rate,uSv/h,50.0,1.0,6360,0.0008648000075481832,True,,1,0.1,0.09000000000000001,False,,0.0008822999952826649,
2055,RADIATION,RADIATION,522920.9204974669,5697064.290406496,34,27,20.0,49276.57572118074,1.1318974611037307,ground_equivalent_excess_gamma_dose_rate,uSv/h,50.0,1.0,6360,0.0003520999744068831,True,,1,0.1,0.09000000000000001,False,,0.0006418999982997775,
2056,RADIATION,RADIATION,522940.9204974669,5697064.290406496,34,28,20.0,49296.57572118074,1.2792435190233227,ground_equivalent_excess_gamma_dose_rate,uSv/h,50.0,1.0,6360,0.000672800000756979,True,,1,0.1,0.09000000000000001,False,,0.000611600000411272,
2057,RADIATION,RADIATION,522940.9204974669,5697044.290406496,33,28,20.0,49316.57572118074,1.4668568880768185,ground_equivalent_excess_gamma_dose_rate,uSv/h,50.0,1.0,6360,0.00036800000816583633,True,,1,0.1,0.09000000000000001,False,,0.0012459999998100102,
2058,RADIATION,RADIATION,522920.9204974669,5697044.290406496,33,27,20.0,49336.57572118074,1.2606461475345476,ground_equivalent_excess_gamma_dose_rate,uSv/h,50.0,1.0,6360,0.0003440000000409782,True,,1,0.1,0.09000000000000001,False,,0.0005950999911874533,
2059,RADIATION,RADIATION,522900.9204974669,5697064.290406496,34,26,28.284271247461902,49364.8599924282,1.0225560765022554,ground_equivalent_excess_gamma_dose_rate,uSv/h,50.0,1.0,6360,0.0004804000200238079,True,,1,0.1,0.09000000000000001,False,,0.0009042999881785363,
2060,RADIATION,RADIATION,522880.9204974669,5697064.290406496,34,25,20.0,49384.8599924282,0.9455951447106161,ground_equivalent_excess_gamma_dose_rate,uSv/h,50.0,1.0,6360,0.00035600000410340726,True,,1,0.1,0.09000000000000001,False,,0.0006261999951675534,
2061,RADIATION,RADIATION,522860.9204974669,5697064.290406496,34,24,20.0,49404.8599924282,0.896399546296561,ground_equivalent_excess_gamma_dose_rate,uSv/h,50.0,1.0,6360,0.00034440000308677554,True,,1,0.1,0.09000000000000001,False,,0.0005982000147923827,
2062,RADIATION,RADIATION,522840.9204974669,5697044.290406496,33,23,28.284271247461902,49433.14426367566,0.9153688018291217,ground_equivalent_excess_gamma_dose_rate,uSv/h,50.0,1.0,6360,0.000910000002477318,True,,1,0.1,0.09000000000000001,False,,0.0006183000223245472,
2063,RADIATION,RADIATION,522820.9204974669,5697044.290406496,33,22,20.0,49453.14426367566,0.9088012554737361,ground_equivalent_excess_gamma_dose_rate,uSv/h,50.0,1.0,6360,0.0005548999761231244,True,,1,0.1,0.09000000000000001,False,,0.0006337999948300421,
2064,RADIATION,RADIATION,522820.9204974669,5697064.290406496,34,22,20.0,49473.14426367566,0.8709612907034778,ground_equivalent_excess_gamma_dose_rate,uSv/h,50.0,1.0,6360,0.0005978999834042042,True,,1,0.1,0.09000000000000001,False,,0.0008861000242177397,
2065,RADIATION,RADIATION,522800.9204974669,5697084.290406496,35,21,28.284271247461902,49501.42853492312,0.8527339361629536,ground_equivalent_excess_gamma_dose_rate,uSv/h,50.0,1.0,6360,0.0003803999861702323,True,,1,0.1,0.09000000000000001,False,,0.0012189999979455024,
2066,RADIATION,RADIATION,522820.9204974669,5697104.290406496,36,22,28.284271247461902,49529.71280617058,0.7822997788562602,ground_equivalent_excess_gamma_dose_rate,uSv/h,50.0,1.0,6360,0.0006224000244401395,True,,1,0.1,0.09000000000000001,False,,0.0005984999879729003,
2067,RADIATION,RADIATION,522820.9204974669,5697084.290406496,35,22,20.0,49549.71280617058,0.8282822780462791,ground_equivalent_excess_gamma_dose_rate,uSv/h,50.0,1.0,6360,0.00038090001908130944,True,,1,0.1,0.09000000000000001,False,,0.0015536999853793532,
2068,RADIATION,RADIATION,522800.9204974669,5697064.290406496,34,21,28.284271247461902,49577.99707741804,0.894204306775596,ground_equivalent_excess_gamma_dose_rate,uSv/h,50.0,1.0,6360,0.0003473999968264252,True,,1,0.1,0.09000000000000001,False,,0.0006122000049799681,
2069,RADIATION,RADIATION,522820.9204974669,5697064.290406496,34,22,20.0,49597.99707741804,0.8709612907034778,ground_equivalent_excess_gamma_dose_rate,uSv/h,50.0,1.0,6360,0.001025600009597838,True,,1,0.1,0.09000000000000001,False,,0.0009263000101782382,
2070,RADIATION,RADIATION,522820.9204974669,5697044.290406496,33,22,20.0,49617.99707741804,0.9088012554737361,ground_equivalent_excess_gamma_dose_rate,uSv/h,50.0,1.0,6360,0.0003567000094335526,True,,1,0.1,0.09000000000000001,False,,0.0006538000016007572,
2071,RADIATION,RADIATION,522840.9204974669,5697044.290406496,33,23,20.0,49637.99707741804,0.9153688018291217,ground_equivalent_excess_gamma_dose_rate,uSv/h,50.0,1.0,6360,0.0007323999889194965,True,,1,0.1,0.09000000000000001,False,,0.000591500021982938,
2072,RADIATION,RADIATION,522860.9204974669,5697064.290406496,34,24,28.284271247461902,49666.2813486655,0.896399546296561,ground_equivalent_excess_gamma_dose_rate,uSv/h,50.0,1.0,6360,0.00036619999445974827,True,,1,0.1,0.09000000000000001,False,,0.001516999996965751,
2073,RADIATION,RADIATION,522880.9204974669,5697044.290406496,33,25,28.284271247461902,49694.56561991296,1.0135288377907832,ground_equivalent_excess_gamma_dose_rate,uSv/h,50.0,1.0,6360,0.0006249000143725425,True,,1,0.1,0.09000000000000001,False,,0.0007520999934058636,
2074,RADIATION,RADIATION,522900.9204974669,5697044.290406496,33,26,20.0,49714.56561991296,1.1141167666234255,ground_equivalent_excess_gamma_dose_rate,uSv/h,50.0,1.0,6360,0.0007074000022839755,True,,1,0.1,0.09000000000000001,False,,0.0007341000018641353,
2075,RADIATION,RADIATION,522880.9204974669,5697064.290406496,34,25,28.284271247461902,49742.84989116042,0.9455951447106161,ground_equivalent_excess_gamma_dose_rate,uSv/h,50.0,1.0,6360,0.0003457999846432358,True,,1,0.1,0.09000000000000001,False,,0.0006110000249464065,
2076,RADIATION,RADIATION,522880.9204974669,5697044.290406496,33,25,20.0,49762.84989116042,1.0135288377907832,ground_equivalent_excess_gamma_dose_rate,uSv/h,50.0,1.0,6360,0.0006343999993987381,True,,1,0.1,0.09000000000000001,False,,0.0005803999956697226,
2077,RADIATION,RADIATION,522900.9204974669,5697064.290406496,34,26,28.284271247461902,49791.13416240788,1.0225560765022554,ground_equivalent_excess_gamma_dose_rate,uSv/h,50.0,1.0,6360,0.00037009999505244195,True,,1,0.1,0.09000000000000001,False,,0.0013605999993160367,
2078,RADIATION,RADIATION,522900.9204974669,5697044.290406496,33,26,20.0,49811.13416240788,1.1141167666234255,ground_equivalent_excess_gamma_dose_rate,uSv/h,50.0,1.0,6360,0.00034329999471083283,True,,1,0.1,0.09000000000000001,False,,0.000593100005062297,
2079,RADIATION,RADIATION,522900.9204974669,5697064.290406496,34,26,20.0,49831.13416240788,1.0225560765022554,ground_equivalent_excess_gamma_dose_rate,uSv/h,50.0,1.0,6360,0.0011363999801687896,True,,1,0.1,0.09000000000000001,False,,0.0009126999939326197,
2080,RADIATION,RADIATION,522880.9204974669,5697084.290406496,35,25,28.284271247461902,49859.41843365534,0.8767184751855455,ground_equivalent_excess_gamma_dose_rate,uSv/h,50.0,1.0,6360,0.00036029997863806784,True,,1,0.1,0.09000000000000001,False,,0.0006538000016007572,
2081,RADIATION,RADIATION,522880.9204974669,5697064.290406496,34,25,20.0,49879.41843365534,0.9455951447106161,ground_equivalent_excess_gamma_dose_rate,uSv/h,50.0,1.0,6360,0.0006253000174183398,True,,1,0.1,0.09000000000000001,False,,0.0005840999947395176,
2082,RADIATION,RADIATION,522860.9204974669,5697084.290406496,35,24,28.284271247461902,49907.7027049028,0.8408690361978397,ground_equivalent_excess_gamma_dose_rate,uSv/h,50.0,1.0,6360,0.000374099996406585,True,,1,0.1,0.09000000000000001,False,,0.0012823000142816454,
2083,RADIATION,RADIATION,522860.9204974669,5697064.290406496,34,24,20.0,49927.7027049028,0.896399546296561,ground_equivalent_excess_gamma_dose_rate,uSv/h,50.0,1.0,6360,0.0003409999771974981,True,,1,0.1,0.09000000000000001,False,,0.000585400004638359,
2084,RADIATION,RADIATION,522880.9204974669,5697064.290406496,34,25,20.0,49947.7027049028,0.9455951447106161,ground_equivalent_excess_gamma_dose_rate,uSv/h,50.0,1.0,6360,0.0003529000096023083,True,,1,0.1,0.09000000000000001,False,,0.0009948999795597047,
2085,RADIATION,RADIATION,522900.9204974669,5697084.290406496,35,26,28.284271247461902,49975.986976150256,0.933329835984265,ground_equivalent_excess_gamma_dose_rate,uSv/h,50.0,1.0,6360,0.0004558000073302537,True,,1,0.1,0.09000000000000001,False,,0.0011727000237442553,
2086,RADIATION,RADIATION,522920.9204974669,5697104.290406496,36,27,28.284271247461902,50004.271247397715,0.9050601194843273,ground_equivalent_excess_gamma_dose_rate,uSv/h,50.0,1.0,6360,0.000631399976555258,True,,1,0.1,0.09000000000000001,False,,0.000765499979024753,
2087,RADIATION,RADIATION,522920.9204974669,5697124.290406496,37,27,20.0,50024.271247397715,0.8108872677559196,ground_equivalent_excess_gamma_dose_rate,uSv/h,50.0,1.0,6360,0.00037140000495128334,True,,1,0.1,0.09000000000000001,False,,0.001472600008128211,
2088,RADIATION,RADIATION,522900.9204974669,5697124.290406496,37,26,20.0,50044.271247397715,0.7730535398177703,ground_equivalent_excess_gamma_dose_rate,uSv/h,50.0,1.0,6360,0.0003649999853223562,True,,1,0.1,0.09000000000000001,False,,0.000606699992204085,
2089,RADIATION,RADIATION,522920.9204974669,5697124.290406496,37,27,20.0,50064.271247397715,0.8108872677559196,ground_equivalent_excess_gamma_dose_rate,uSv/h,50.0,1.0,6360,0.0012312000035308301,True,,1,0.1,0.09000000000000001,False,,0.000884700013557449,
2090,RADIATION,RADIATION,522940.9204974669,5697104.290406496,36,28,28.284271247461902,50092.555518645175,0.9750742918010724,ground_equivalent_excess_gamma_dose_rate,uSv/h,50.0,1.0,6360,0.0003555000002961606,True,,1,0.1,0.09000000000000001,False,,0.0006333000201266259,
2091,RADIATION,RADIATION,522960.9204974669,5697124.290406496,37,29,28.284271247461902,50120.839789892634,0.9114832475808103,ground_equivalent_excess_gamma_dose_rate,uSv/h,50.0,1.0,6360,0.00035780001780949533,True,,1,0.1,0.09000000000000001,False,,0.0006730000022798777,
2092,RADIATION,RADIATION,522940.9204974669,5697124.290406496,37,28,20.0,50140.839789892634,0.8578355543581335,ground_equivalent_excess_gamma_dose_rate,uSv/h,50.0,1.0,6360,0.00035539999953471124,True,,1,0.1,0.09000000000000001,False,,0.0010890999983530492,
2093,RADIATION,RADIATION,522940.9204974669,5697144.290406496,38,28,20.0,50160.839789892634,0.7597671972997284,ground_equivalent_excess_gamma_dose_rate,uSv/h,50.0,1.0,6360,0.00034130000858567655,True,,1,0.1,0.09000000000000001,False,,0.0006164000078570098,
2094,RADIATION,RADIATION,522960.9204974669,5697124.290406496,37,29,28.284271247461902,50189.12406114009,0.9114832475808103,ground_equivalent_excess_gamma_dose_rate,uSv/h,50.0,1.0,6360,0.0010489000123925507,True,,1,0.1,0.09000000000000001,False,,0.0009284999978262931,
2095,RADIATION,RADIATION,522940.9204974669,5697144.290406496,38,28,28.284271247461902,50217.40833238755,0.7597671972997284,ground_equivalent_excess_gamma_dose_rate,uSv/h,50.0,1.0,6360,0.0003769999893847853,True,,1,0.1,0.09000000000000001,False,,0.0006522999901790172,
2096,RADIATION,RADIATION,522940.9204974669,5697124.290406496,37,28,20.0,50237.40833238755,0.8578355543581335,ground_equivalent_excess_gamma_dose_rate,uSv/h,50.0,1.0,6360,0.0006266999989748001,True,,1,0.1,0.09000000000000001,False,,0.0006034999969415367,
2097,RADIATION,RADIATION,522920.9204974669,5697144.290406496,38,27,28.284271247461902,50265.69260363501,0.7289273391903661,ground_equivalent_excess_gamma_dose_rate,uSv/h,50.0,1.0,6360,0.0003664999967440963,True,,1,0.1,0.09000000000000001,False,,0.0010830999817699194,
2098,RADIATION,RADIATION,522900.9204974669,5697124.290406496,37,26,28.284271247461902,50293.97687488247,0.7730535398177703,ground_equivalent_excess_gamma_dose_rate,uSv/h,50.0,1.0,6360,0.00034440000308677554,True,,1,0.1,0.09000000000000001,False,,0.0005941000126767904,
2099,RADIATION,RADIATION,522880.9204974669,5697104.290406496,36,25,28.284271247461902,50322.26114612993,0.8095402813103656,ground_equivalent_excess_gamma_dose_rate,uSv/h,50.0,1.0,6360,0.00038200002745725214,True,,1,0.1,0.09000000000000001,False,,0.0006653000018559396,
2100,RADIATION,RADIATION,522900.9204974669,5697084.290406496,35,26,28.284271247461902,50350.54541737739,0.933329835984265,ground_equivalent_excess_gamma_dose_rate,uSv/h,50.0,1.0,6360,0.00037529997644014657,True,,1,0.1,0.09000000000000001,False,,0.0014298000023700297,
2101,RADIATION,RADIATION,522880.9204974669,5697084.290406496,35,25,20.0,50370.54541737739,0.8767184751855455,ground_equivalent_excess_gamma_dose_rate,uSv/h,50.0,1.0,6360,0.0003449000068940222,True,,1,0.1,0.09000000000000001,False,,0.0005913999921176583,
2102,RADIATION,RADIATION,522860.9204974669,5697104.290406496,36,24,28.284271247461902,50398.82968862485,0.7847706749529777,ground_equivalent_excess_gamma_dose_rate,uSv/h,50.0,1.0,6360,0.0008623000176157802,True,,1,0.1,0.09000000000000001,False,,0.0009115000138990581,
2103,RADIATION,RADIATION,522880.9204974669,5697084.290406496,35,25,28.284271247461902,50427.11395987231,0.8767184751855455,ground_equivalent_excess_gamma_dose_rate,uSv/h,50.0,1.0,6360,0.000347500026691705,True,,1,0.1,0.09000000000000001,False,,0.0006338999955914915,
2104,RADIATION,RADIATION,522860.9204974669,5697064.290406496,34,24,28.284271247461902,50455.39823111977,0.896399546296561,ground_equivalent_excess_gamma_dose_rate,uSv/h,50.0,1.0,6360,0.0006754000205546618,True,,1,0.1,0.09000000000000001,False,,0.0005860999808646739,
2105,RADIATION,RADIATION,522880.9204974669,5697044.290406496,33,25,28.284271247461902,50483.68250236723,1.0135288377907832,ground_equivalent_excess_gamma_dose_rate,uSv/h,50.0,1.0,6360,0.0003612999862525612,True,,1,0.1,0.09000000000000001,False,,0.0010947999835480005,
2106,RADIATION,RADIATION,522860.9204974669,5697044.290406496,33,24,20.0,50503.68250236723,0.9492843330231135,ground_equivalent_excess_gamma_dose_rate,uSv/h,50.0,1.0,6360,0.00047709999489597976,True,,1,0.1,0.09000000000000001,False,,0.0005904000136069953,
2107,RADIATION,RADIATION,522880.9204974669,5697044.290406496,33,25,20.0,50523.68250236723,1.0135288377907832,ground_equivalent_excess_gamma_dose_rate,uSv/h,50.0,1.0,6360,0.00042799999937415123,True,,1,0.1,0.09000000000000001,False,,0.0015767000149935484,
2108,RADIATION,RADIATION,522860.9204974669,5697064.290406496,34,24,28.284271247461902,50551.96677361469,0.896399546296561,ground_equivalent_excess_gamma_dose_rate,uSv/h,50.0,1.0,6360,0.0003496999852359295,True,,1,0.1,0.09000000000000001,False,,0.0006204000092111528,
2109,RADIATION,RADIATION,522860.9204974669,5697044.290406496,33,24,20.0,50571.96677361469,0.9492843330231135,ground_equivalent_excess_gamma_dose_rate,uSv/h,50.0,1.0,6360,0.0011647999926935881,True,,1,0.1,0.09000000000000001,False,,0.0009223000088240951,
2110,RADIATION,RADIATION,522880.9204974669,5697044.290406496,33,25,20.0,50591.96677361469,1.0135288377907832,ground_equivalent_excess_gamma_dose_rate,uSv/h,50.0,1.0,6360,0.0003493000112939626,True,,1,0.1,0.09000000000000001,False,,0.0006192000000737607,
2111,RADIATION,RADIATION,522860.9204974669,5697064.290406496,34,24,28.284271247461902,50620.25104486215,0.896399546296561,ground_equivalent_excess_gamma_dose_rate,uSv/h,50.0,1.0,6360,0.0003643999807536602,True,,1,0.1,0.09000000000000001,False,,0.0005868999869562685,
2112,RADIATION,RADIATION,522860.9204974669,5697084.290406496,35,24,20.0,50640.25104486215,0.8408690361978397,ground_equivalent_excess_gamma_dose_rate,uSv/h,50.0,1.0,6360,0.00037379999412223697,True,,1,0.1,0.09000000000000001,False,,0.0011983999866060913,
2113,RADIATION,RADIATION,522880.9204974669,5697084.290406496,35,25,20.0,50660.25104486215,0.8767184751855455,ground_equivalent_excess_gamma_dose_rate,uSv/h,50.0,1.0,6360,0.0003597000031732023,True,,1,0.1,0.09000000000000001,False,,0.0008417000062763691,
2114,RADIATION,RADIATION,522880.9204974669,5697104.290406496,36,25,20.0,50680.25104486215,0.8095402813103656,ground_equivalent_excess_gamma_dose_rate,uSv/h,50.0,1.0,6360,0.0004456999886315316,True,,1,0.1,0.09000000000000001,False,,0.0008868000004440546,
2115,RADIATION,RADIATION,522880.9204974669,5697084.290406496,35,25,20.0,50700.25104486215,0.8767184751855455,ground_equivalent_excess_gamma_dose_rate,uSv/h,50.0,1.0,6360,0.00035299998125992715,True,,1,0.1,0.09000000000000001,False,,0.0010513000015635043,
2116,RADIATION,RADIATION,522860.9204974669,5697104.290406496,36,24,28.284271247461902,50728.535316109606,0.7847706749529777,ground_equivalent_excess_gamma_dose_rate,uSv/h,50.0,1.0,6360,0.0006267999997362494,True,,1,0.1,0.09000000000000001,False,,0.0006040000007487833,
2117,RADIATION,RADIATION,522840.9204974669,5697084.290406496,35,23,28.284271247461902,50756.819587357066,0.8247463558078565,ground_equivalent_excess_gamma_dose_rate,uSv/h,50.0,1.0,6360,0.00037159997737035155,True,,1,0.1,0.09000000000000001,False,,0.0013886999804526567,
2118,RADIATION,RADIATION,522820.9204974669,5697064.290406496,34,22,28.284271247461902,50785.103858604525,0.8709612907034778,ground_equivalent_excess_gamma_dose_rate,uSv/h,50.0,1.0,6360,0.0003622999938670546,True,,1,0.1,0.09000000000000001,False,,0.0005946999881416559,
2119,RADIATION,RADIATION,522820.9204974669,5697084.290406496,35,22,20.0,50805.103858604525,0.8282822780462791,ground_equivalent_excess_gamma_dose_rate,uSv/h,50.0,1.0,6360,0.0010212000051978976,True,,1,0.1,0.09000000000000001,False,,0.000890600000275299,
2120,RADIATION,RADIATION,522800.9204974669,5697084.290406496,35,21,20.0,50825.103858604525,0.8527339361629536,ground_equivalent_excess_gamma_dose_rate,uSv/h,50.0,1.0,6360,0.00036070001078769565,True,,1,0.1,0.09000000000000001,False,,0.0006392000068444759,
2121,RADIATION,RADIATION,522820.9204974669,5697084.290406496,35,22,20.0,50845.103858604525,0.8282822780462791,ground_equivalent_excess_gamma_dose_rate,uSv/h,50.0,1.0,6360,0.0006215999892447144,True,,1,0.1,0.09000000000000001,False,,0.0006089000089559704,
2122,RADIATION,RADIATION,522840.9204974669,5697084.290406496,35,23,20.0,50865.103858604525,0.8247463558078565,ground_equivalent_excess_gamma_dose_rate,uSv/h,50.0,1.0,6360,0.0003591999993659556,True,,1,0.1,0.09000000000000001,False,,0.0013062000216450542,
2123,RADIATION,RADIATION,522820.9204974669,5697104.290406496,36,22,28.284271247461902,50893.388129851985,0.7822997788562602,ground_equivalent_excess_gamma_dose_rate,uSv/h,50.0,1.0,6360,0.0003564000071492046,True,,1,0.1,0.09000000000000001,False,,0.0005960999988019466,
2124,RADIATION,RADIATION,522820.9204974669,5697084.290406496,35,22,20.0,50913.388129851985,0.8282822780462791,ground_equivalent_excess_gamma_dose_rate,uSv/h,50.0,1.0,6360,0.0009688000136520714,True,,1,0.1,0.09000000000000001,False,,0.0009028000058606267,
2125,RADIATION,RADIATION,522820.9204974669,5697064.290406496,34,22,20.0,50933.388129851985,0.8709612907034778,ground_equivalent_excess_gamma_dose_rate,uSv/h,50.0,1.0,6360,0.000358300021616742,True,,1,0.1,0.09000000000000001,False,,0.0006455999973695725,
2126,RADIATION,RADIATION,522800.9204974669,5697044.290406496,33,21,28.284271247461902,50961.672401099444,0.9294073006392651,ground_equivalent_excess_gamma_dose_rate,uSv/h,50.0,1.0,6360,0.0003463999892119318,True,,1,0.1,0.09000000000000001,False,,0.0006850000063423067,
2127,RADIATION,RADIATION,522800.9204974669,5697064.290406496,34,21,20.0,50981.672401099444,0.894204306775596,ground_equivalent_excess_gamma_dose_rate,uSv/h,50.0,1.0,6360,0.0003596999740693718,True,,1,0.1,0.09000000000000001,False,,0.0012376999948173761,
2128,RADIATION,RADIATION,522800.9204974669,5697044.290406496,33,21,20.0,51001.672401099444,0.9294073006392651,ground_equivalent_excess_gamma_dose_rate,uSv/h,50.0,1.0,6360,0.00034989998675882816,True,,1,0.1,0.09000000000000001,False,,0.0005844999977853149,
2129,RADIATION,RADIATION,522820.9204974669,5697044.290406496,33,22,20.0,51021.672401099444,0.9088012554737361,ground_equivalent_excess_gamma_dose_rate,uSv/h,50.0,1.0,6360,0.0006365000153891742,True,,1,0.1,0.09000000000000001,False,,0.0005770999996457249,
2130,RADIATION,RADIATION,522800.9204974669,5697044.290406496,33,21,20.0,51041.672401099444,0.9294073006392651,ground_equivalent_excess_gamma_dose_rate,uSv/h,50.0,1.0,6360,0.00036589999217540026,True,,1,0.1,0.09000000000000001,False,,0.001197699981275946,
2131,RADIATION,RADIATION,522800.9204974669,5697024.290406496,32,21,20.0,51061.672401099444,0.9570800802228903,ground_equivalent_excess_gamma_dose_rate,uSv/h,50.0,1.0,6360,0.0003443000023253262,True,,1,0.1,0.09000000000000001,False,,0.0006010999786667526,
2132,RADIATION,RADIATION,522780.9204974669,5697024.290406496,32,20,20.0,51081.672401099444,1.0053863535312169,ground_equivalent_excess_gamma_dose_rate,uSv/h,50.0,1.0,6360,0.00037999998312443495,True,,1,0.1,0.09000000000000001,False,,0.0009085999918170273,
2133,RADIATION,RADIATION,522760.9204974669,5697004.290406496,31,19,28.284271247461902,51109.9566723469,1.1015753973911033,ground_equivalent_excess_gamma_dose_rate,uSv/h,50.0,1.0,6360,0.0003850999928545207,True,,1,0.1,0.09000000000000001,False,,0.0011664000048767775,
2134,RADIATION,RADIATION,522760.9204974669,5696984.290406497,30,19,19.999999999068677,51129.95667234597,1.0982484557331995,ground_equivalent_excess_gamma_dose_rate,uSv/h,50.0,1.0,6360,0.0006388000037986785,True,,1,0.1,0.09000000000000001,False,,0.0007474000158254057,
2135,RADIATION,RADIATION,522760.9204974669,5696964.290406497,29,19,20.0,51149.95667234597,1.0850100050072804,ground_equivalent_excess_gamma_dose_rate,uSv/h,50.0,1.0,6360,0.0003696999920066446,True,,1,0.1,0.09000000000000001,False,,0.0014620999863836914,
2136,RADIATION,RADIATION,522760.9204974669,5696984.290406497,30,19,20.0,51169.95667234597,1.0982484557331995,ground_equivalent_excess_gamma_dose_rate,uSv/h,50.0,1.0,6360,0.0003352999920025468,True,,1,0.1,0.09000000000000001,False,,0.0006006000039633363,
2137,RADIATION,RADIATION,522780.9204974669,5696984.290406497,30,20,20.0,51189.95667234597,1.0256218593265438,ground_equivalent_excess_gamma_dose_rate,uSv/h,50.0,1.0,6360,0.00034840000444091856,True,,1,0.1,0.09000000000000001,False,,0.0009182999783661216,
2138,RADIATION,RADIATION,522800.9204974669,5697004.290406496,31,21,28.284271246803357,51218.24094359278,0.9765808727180165,ground_equivalent_excess_gamma_dose_rate,uSv/h,50.0,1.0,6360,0.00046060001477599144,True,,1,0.1,0.09000000000000001,False,,0.0006689000001642853,
2139,RADIATION,RADIATION,522780.9204974669,5697004.290406496,31,20,20.0,51238.24094359278,1.0203356501201353,ground_equivalent_excess_gamma_dose_rate,uSv/h,50.0,1.0,6360,0.0006463000026997179,True,,1,0.1,0.09000000000000001,False,,0.0006968000088818371,
2140,RADIATION,RADIATION,522780.9204974669,5696984.290406497,30,20,19.999999999068677,51258.240943591845,1.0256218593265438,ground_equivalent_excess_gamma_dose_rate,uSv/h,50.0,1.0,6360,0.0003749000024981797,True,,1,0.1,0.09000000000000001,False,,0.0014955000078771263,
2141,RADIATION,RADIATION,522800.9204974669,5696984.290406497,30,21,20.0,51278.240943591845,0.9880262123563233,ground_equivalent_excess_gamma_dose_rate,uSv/h,50.0,1.0,6360,0.0003397000255063176,True,,1,0.1,0.09000000000000001,False,,0.0005973999795969576,
2142,RADIATION,RADIATION,522820.9204974669,5697004.290406496,31,22,28.284271246803357,51306.52521483865,0.9648162950209875,ground_equivalent_excess_gamma_dose_rate,uSv/h,50.0,1.0,6360,0.0007726000039838254,True,,1,0.1,0.09000000000000001,False,,0.000907599984202534,
2143,RADIATION,RADIATION,522840.9204974669,5697004.290406496,31,23,20.0,51326.52521483865,0.983915871447065,ground_equivalent_excess_gamma_dose_rate,uSv/h,50.0,1.0,6360,0.00035089999437332153,True,,1,0.1,0.09000000000000001,False,,0.0006444999889936298,
2144,RADIATION,RADIATION,522820.9204974669,5696984.290406497,30,22,28.284271246803357,51354.809486085454,0.9814811524945768,ground_equivalent_excess_gamma_dose_rate,uSv/h,50.0,1.0,6360,0.0006532999977935106,True,,1,0.1,0.09000000000000001,False,,0.0006818999827373773,
2145,RADIATION,RADIATION,522840.9204974669,5696964.290406497,29,23,28.284271247461902,51383.093757332914,1.0191170851357718,ground_equivalent_excess_gamma_dose_rate,uSv/h,50.0,1.0,6360,0.0003653000167105347,True,,1,0.1,0.09000000000000001,False,,0.0013143999967724085,
2146,RADIATION,RADIATION,522860.9204974669,5696984.290406497,30,24,28.284271247461902,51411.37802858037,1.0659907672387436,ground_equivalent_excess_gamma_dose_rate,uSv/h,50.0,1.0,6360,0.0003358999965712428,True,,1,0.1,0.09000000000000001,False,,0.0005984999879729003,
2147,RADIATION,RADIATION,522880.9204974669,5696984.290406497,30,25,20.0,51431.37802858037,1.1707404948278537,ground_equivalent_excess_gamma_dose_rate,uSv/h,50.0,1.0,6360,0.0011565000168047845,True,,1,0.1,0.09000000000000001,False,,0.0009790000040084124,
2148,RADIATION,RADIATION,522900.9204974669,5697004.290406496,31,26,28.284271246803357,51459.66229982718,1.2801318379473707,ground_equivalent_excess_gamma_dose_rate,uSv/h,50.0,1.0,6360,0.0003487000067252666,True,,1,0.1,0.09000000000000001,False,,0.0006226999976206571,
2149,RADIATION,RADIATION,522920.9204974669,5697004.290406496,31,27,20.0,51479.66229982718,1.5097706774596524,ground_equivalent_excess_gamma_dose_rate,uSv/h,50.0,1.0,6360,0.0006345000001601875,True,,1,0.1,0.09000000000000001,False,,0.0006033000245224684,
2150,RADIATION,RADIATION,522900.9204974669,5696984.290406497,30,26,28.284271246803357,51507.94657107398,1.3380637667223516,ground_equivalent_excess_gamma_dose_rate,uSv/h,50.0,1.0,6360,0.0003635000030044466,True,,1,0.1,0.09000000000000001,False,,0.0013201999827288091,
2151,RADIATION,RADIATION,522900.9204974669,5697004.290406496,31,26,19.999999999068677,51527.94657107305,1.2801318379473707,ground_equivalent_excess_gamma_dose_rate,uSv/h,50.0,1.0,6360,0.0003529000096023083,True,,1,0.1,0.09000000000000001,False,,0.0006004000024404377,
2152,RADIATION,RADIATION,522900.9204974669,5697024.290406496,32,26,20.0,51547.94657107305,1.2025411070535201,ground_equivalent_excess_gamma_dose_rate,uSv/h,50.0,1.0,6360,0.0005936000088695437,True,,1,0.1,0.09000000000000001,False,,0.0008866999996826053,
2153,RADIATION,RADIATION,522880.9204974669,5697044.290406496,33,25,28.284271247461902,51576.23084232051,1.0135288377907832,ground_equivalent_excess_gamma_dose_rate,uSv/h,50.0,1.0,6360,0.00036559998989105225,True,,1,0.1,0.09000000000000001,False,,0.0008321000204887241,
2154,RADIATION,RADIATION,522900.9204974669,5697064.290406496,34,26,28.284271247461902,51604.51511356797,1.0225560765022554,ground_equivalent_excess_gamma_dose_rate,uSv/h,50.0,1.0,6360,0.0003381999849807471,True,,1,0.1,0.09000000000000001,False,,0.000605799985351041,
2155,RADIATION,RADIATION,522900.9204974669,5697044.290406496,33,26,20.0,51624.51511356797,1.1141167666234255,ground_equivalent_excess_gamma_dose_rate,uSv/h,50.0,1.0,6360,0.0003795000084210187,True,,1,0.1,0.09000000000000001,False,,0.0006158000032883137,
2156,RADIATION,RADIATION,522920.9204974669,5697064.290406496,34,27,28.284271247461902,51652.79938481543,1.1318974611037307,ground_equivalent_excess_gamma_dose_rate,uSv/h,50.0,1.0,6360,0.0003546999942045659,True,,1,0.1,0.09000000000000001,False,,0.0006222999945748597,
2157,RADIATION,RADIATION,522920.9204974669,5697044.290406496,33,27,20.0,51672.79938481543,1.2606461475345476,ground_equivalent_excess_gamma_dose_rate,uSv/h,50.0,1.0,6360,0.0006346000009216368,True,,1,0.1,0.09000000000000001,False,,0.0005994999955873936,
2158,RADIATION,RADIATION,522940.9204974669,5697064.290406496,34,28,28.284271247461902,51701.08365606289,1.2792435190233227,ground_equivalent_excess_gamma_dose_rate,uSv/h,50.0,1.0,6360,0.000363900006050244,True,,1,0.1,0.09000000000000001,False,,0.001285000005736947,
2159,RADIATION,RADIATION,522940.9204974669,5697044.290406496,33,28,20.0,51721.08365606289,1.4668568880768185,ground_equivalent_excess_gamma_dose_rate,uSv/h,50.0,1.0,6360,0.0003449000068940222,True,,1,0.1,0.09000000000000001,False,,0.0005858000076841563,
2160,RADIATION,RADIATION,522960.9204974669,5697044.290406496,33,29,20.0,51741.08365606289,1.7501883514005057,ground_equivalent_excess_gamma_dose_rate,uSv/h,50.0,1.0,6360,0.0005239999736659229,True,,1,0.1,0.09000000000000001,False,,0.0010043999936897308,
2161,RADIATION,RADIATION,522960.9204974669,5697064.290406496,34,29,20.0,51761.08365606289,1.4695353616418028,ground_equivalent_excess_gamma_dose_rate,uSv/h,50.0,1.0,6360,0.0003598000039346516,True,,1,0.1,0.09000000000000001,False,,0.0006473999819718301,
2162,RADIATION,RADIATION,522940.9204974669,5697044.290406496,33,28,28.284271247461902,51789.36792731035,1.4668568880768185,ground_equivalent_excess_gamma_dose_rate,uSv/h,50.0,1.0,6360,0.0006182999932207167,True,,1,0.1,0.09000000000000001,False,,0.0007769000076223165,
2163,RADIATION,RADIATION,522920.9204974669,5697024.290406496,32,27,28.284271247461902,51817.65219855781,1.3908988301787935,ground_equivalent_excess_gamma_dose_rate,uSv/h,50.0,1.0,6360,0.0008111999777611345,True,,1,0.1,0.09000000000000001,False,,0.0008642000029794872,
2164,RADIATION,RADIATION,522920.9204974669,5697044.290406496,33,27,20.0,51837.65219855781,1.2606461475345476,ground_equivalent_excess_gamma_dose_rate,uSv/h,50.0,1.0,6360,0.00035260000731796026,True,,1,0.1,0.09000000000000001,False,,0.0006513000116683543,
2165,RADIATION,RADIATION,522900.9204974669,5697024.290406496,32,26,28.284271247461902,51865.93646980527,1.2025411070535201,ground_equivalent_excess_gamma_dose_rate,uSv/h,50.0,1.0,6360,0.0011020999809261411,True,,1,0.1,0.09000000000000001,False,,0.0008866999996826053,
2166,RADIATION,RADIATION,522920.9204974669,5697024.290406496,32,27,20.0,51885.93646980527,1.3908988301787935,ground_equivalent_excess_gamma_dose_rate,uSv/h,50.0,1.0,6360,0.0003698999935295433,True,,1,0.1,0.09000000000000001,False,,0.0006320000102277845,
2167,RADIATION,RADIATION,522940.9204974669,5697044.290406496,33,28,28.284271247461902,51914.220741052726,1.4668568880768185,ground_equivalent_excess_gamma_dose_rate,uSv/h,50.0,1.0,6360,0.0007154999766498804,True,,1,0.1,0.09000000000000001,False,,0.0007444999937433749,
2168,RADIATION,RADIATION,522960.9204974669,5697044.290406496,33,29,20.0,51934.220741052726,1.7501883514005057,ground_equivalent_excess_gamma_dose_rate,uSv/h,50.0,1.0,6360,0.00037670001620426774,True,,1,0.1,0.09000000000000001,False,,0.0008578999841120094,
2169,RADIATION,RADIATION,522940.9204974669,5697044.290406496,33,28,20.0,51954.220741052726,1.4668568880768185,ground_equivalent_excess_gamma_dose_rate,uSv/h,50.0,1.0,6360,0.00038800001493655145,True,,1,0.1,0.09000000000000001,False,,0.000601400010054931,
2170,RADIATION,RADIATION,522920.9204974669,5697044.290406496,33,27,20.0,51974.220741052726,1.2606461475345476,ground_equivalent_excess_gamma_dose_rate,uSv/h,50.0,1.0,6360,0.00038519999361597,True,,1,0.1,0.09000000000000001,False,,0.0013574000040534884,
2171,RADIATION,RADIATION,522900.9204974669,5697064.290406496,34,26,28.284271247461902,52002.505012300186,1.0225560765022554,ground_equivalent_excess_gamma_dose_rate,uSv/h,50.0,1.0,6360,0.00035459999344311655,True,,1,0.1,0.09000000000000001,False,,0.0006936999852769077,
2172,RADIATION,RADIATION,522920.9204974669,5697064.290406496,34,27,20.0,52022.505012300186,1.1318974611037307,ground_equivalent_excess_gamma_dose_rate,uSv/h,50.0,1.0,6360,0.0007124000112526119,True,,1,0.1,0.09000000000000001,False,,0.000926099979551509,
2173,RADIATION,RADIATION,522940.9204974669,5697064.290406496,34,28,20.0,52042.505012300186,1.2792435190233227,ground_equivalent_excess_gamma_dose_rate,uSv/h,50.0,1.0,6360,0.00034389999927952886,True,,1,0.1,0.09000000000000001,False,,0.0006256000197026879,
2174,RADIATION,RADIATION,522940.9204974669,5697044.290406496,33,28,20.0,52062.505012300186,1.4668568880768185,ground_equivalent_excess_gamma_dose_rate,uSv/h,50.0,1.0,6360,0.000648700020974502,True,,1,0.1,0.09000000000000001,False,,0.0005811000009998679,
2175,RADIATION,RADIATION,522920.9204974669,5697064.290406496,34,27,28.284271247461902,52090.789283547645,1.1318974611037307,ground_equivalent_excess_gamma_dose_rate,uSv/h,50.0,1.0,6360,0.00037429999792948365,True,,1,0.1,0.09000000000000001,False,,0.0013194999773986638,
2176,RADIATION,RADIATION,522900.9204974669,5697084.290406496,35,26,28.284271247461902,52119.073554795104,0.933329835984265,ground_equivalent_excess_gamma_dose_rate,uSv/h,50.0,1.0,6360,0.00034180001239292324,True,,1,0.1,0.09000000000000001,False,,0.0005963999719824642,
2177,RADIATION,RADIATION,522880.9204974669,5697104.290406496,36,25,28.284271247461902,52147.357826042564,0.8095402813103656,ground_equivalent_excess_gamma_dose_rate,uSv/h,50.0,1.0,6360,0.0006401999853551388,True,,1,0.1,0.09000000000000001,False,,0.0009176000021398067,
2178,RADIATION,RADIATION,522860.9204974669,5697084.290406496,35,24,28.284271247461902,52175.64209729002,0.8408690361978397,ground_equivalent_excess_gamma_dose_rate,uSv/h,50.0,1.0,6360,0.0003671000013127923,True,,1,0.1,0.09000000000000001,False,,0.000653000024612993,
2179,RADIATION,RADIATION,522840.9204974669,5697104.290406496,36,23,28.284271247461902,52203.92636853748,0.7754865689895252,ground_equivalent_excess_gamma_dose_rate,uSv/h,50.0,1.0,6360,0.00034350002533756196,True,,1,0.1,0.09000000000000001,False,,0.000584400026127696,
2180,RADIATION,RADIATION,522820.9204974669,5697124.290406496,37,22,28.284271247461902,52232.21063978494,0.7345364198976554,ground_equivalent_excess_gamma_dose_rate,uSv/h,50.0,1.0,6360,0.00042970001231878996,True,,1,0.1,0.09000000000000001,False,,0.001276700000744313,
2181,RADIATION,RADIATION,522820.9204974669,5697104.290406496,36,22,20.0,52252.21063978494,0.7822997788562602,ground_equivalent_excess_gamma_dose_rate,uSv/h,50.0,1.0,6360,0.0003448000061325729,True,,1,0.1,0.09000000000000001,False,,0.000609799986705184,
2182,RADIATION,RADIATION,522820.9204974669,5697124.290406496,37,22,20.0,52272.21063978494,0.7345364198976554,ground_equivalent_excess_gamma_dose_rate,uSv/h,50.0,1.0,6360,0.00035749998642131686,True,,1,0.1,0.09000000000000001,False,,0.0005937999812886119,
2183,RADIATION,RADIATION,522840.9204974669,5697124.290406496,37,23,20.0,52292.21063978494,0.725632840745589,ground_equivalent_excess_gamma_dose_rate,uSv/h,50.0,1.0,6360,0.00035379998735152185,True,,1,0.1,0.09000000000000001,False,,0.001170699979411438,
2184,RADIATION,RADIATION,522820.9204974669,5697124.290406496,37,22,20.0,52312.21063978494,0.7345364198976554,ground_equivalent_excess_gamma_dose_rate,uSv/h,50.0,1.0,6360,0.0003344000142533332,True,,1,0.1,0.09000000000000001,False,,0.000582600012421608,
2185,RADIATION,RADIATION,522800.9204974669,5697144.290406496,38,21,28.284271247461902,52340.4949110324,0.7077737301799853,ground_equivalent_excess_gamma_dose_rate,uSv/h,50.0,1.0,6360,0.00046510001993738115,True,,1,0.1,0.09000000000000001,False,,0.0008856999920681119,
2186,RADIATION,RADIATION,522820.9204974669,5697144.290406496,38,22,20.0,52360.4949110324,0.6863685442984497,ground_equivalent_excess_gamma_dose_rate,uSv/h,50.0,1.0,6360,0.0003575999871827662,True,,1,0.1,0.09000000000000001,False,,0.0006429999775718898,
2187,RADIATION,RADIATION,522840.9204974669,5697144.290406496,38,23,20.0,52380.4949110324,0.6763847858616989,ground_equivalent_excess_gamma_dose_rate,uSv/h,50.0,1.0,6360,0.0006228999991435558,True,,1,0.1,0.09000000000000001,False,,0.0007122999813873321,
2188,RADIATION,RADIATION,522860.9204974669,5697124.290406496,37,24,28.284271247461902,52408.77918227986,0.7296589013182289,ground_equivalent_excess_gamma_dose_rate,uSv/h,50.0,1.0,6360,0.00038259997381828725,True,,1,0.1,0.09000000000000001,False,,0.001184600027045235,
2189,RADIATION,RADIATION,522880.9204974669,5697144.290406496,38,25,28.284271247461902,52437.06345352732,0.6860747556630507,ground_equivalent_excess_gamma_dose_rate,uSv/h,50.0,1.0,6360,0.00034429997322149575,True,,1,0.1,0.09000000000000001,False,,0.0006340999971143901,
2190,RADIATION,RADIATION,522900.9204974669,5697164.290406496,39,26,28.284271247461902,52465.34772477478,0.641853648460649,ground_equivalent_excess_gamma_dose_rate,uSv/h,50.0,1.0,6360,0.0009563000057823956,True,,1,0.1,0.09000000000000001,False,,0.0009129999962169677,
2191,RADIATION,RADIATION,522900.9204974669,5697144.290406496,38,26,20.0,52485.34772477478,0.7038703357721567,ground_equivalent_excess_gamma_dose_rate,uSv/h,50.0,1.0,6360,0.00036800000816583633,True,,1,0.1,0.09000000000000001,False,,0.0006287000142037868,
2192,RADIATION,RADIATION,522880.9204974669,5697164.290406496,39,25,28.284271247461902,52513.63199602224,0.6310091837914857,ground_equivalent_excess_gamma_dose_rate,uSv/h,50.0,1.0,6360,0.0003662000235635787,True,,1,0.1,0.09000000000000001,False,,0.000606999994488433,
2193,RADIATION,RADIATION,522860.9204974669,5697144.290406496,38,24,28.284271247461902,52541.9162672697,0.676609627913483,ground_equivalent_excess_gamma_dose_rate,uSv/h,50.0,1.0,6360,0.0003635999746620655,True,,1,0.1,0.09000000000000001,False,,0.0011166000040248036,
2194,RADIATION,RADIATION,522880.9204974669,5697124.290406496,37,25,28.284271247461902,52570.20053851716,0.7457013681451119,ground_equivalent_excess_gamma_dose_rate,uSv/h,50.0,1.0,6360,0.0005178000137675554,True,,1,0.1,0.09000000000000001,False,,0.0006090000097174197,
2195,RADIATION,RADIATION,522900.9204974669,5697144.290406496,38,26,28.284271247461902,52598.48480976462,0.7038703357721567,ground_equivalent_excess_gamma_dose_rate,uSv/h,50.0,1.0,6360,0.0008774000161793083,True,,1,0.1,0.09000000000000001,False,,0.0006098000158090144,
2196,RADIATION,RADIATION,522900.9204974669,5697124.290406496,37,26,20.0,52618.48480976462,0.7730535398177703,ground_equivalent_excess_gamma_dose_rate,uSv/h,50.0,1.0,6360,0.0003563000063877553,True,,1,0.1,0.09000000000000001,False,,0.000623399973846972,
2197,RADIATION,RADIATION,522880.9204974669,5697124.290406496,37,25,20.0,52638.48480976462,0.7457013681451119,ground_equivalent_excess_gamma_dose_rate,uSv/h,50.0,1.0,6360,0.0006712999893352389,True,,1,0.1,0.09000000000000001,False,,0.0006423000013455749,
2198,RADIATION,RADIATION,522880.9204974669,5697104.290406496,36,25,20.0,52658.48480976462,0.8095402813103656,ground_equivalent_excess_gamma_dose_rate,uSv/h,50.0,1.0,6360,0.0003944000054616481,True,,1,0.1,0.09000000000000001,False,,0.0014275999856181443,
2199,RADIATION,RADIATION,522860.9204974669,5697124.290406496,37,24,28.284271247461902,52686.76908101208,0.7296589013182289,ground_equivalent_excess_gamma_dose_rate,uSv/h,50.0,1.0,6360,0.00034759999834932387,True,,1,0.1,0.09000000000000001,False,,0.0005985999887343496,
2200,RADIATION,RADIATION,522840.9204974669,5697124.290406496,37,23,20.0,52706.76908101208,0.725632840745589,ground_equivalent_excess_gamma_dose_rate,uSv/h,50.0,1.0,6360,0.0009864000021480024,True,,1,0.1,0.09000000000000001,False,,0.000922699982766062,
2201,RADIATION,RADIATION,522860.9204974669,5697124.290406496,37,24,20.0,52726.76908101208,0.7296589013182289,ground_equivalent_excess_gamma_dose_rate,uSv/h,50.0,1.0,6360,0.00034649998997338116,True,,1,0.1,0.09000000000000001,False,,0.0006272000027820468,
2202,RADIATION,RADIATION,522880.9204974669,5697144.290406496,38,25,28.284271247461902,52755.053352259536,0.6860747556630507,ground_equivalent_excess_gamma_dose_rate,uSv/h,50.0,1.0,6360,0.0006333999917842448,True,,1,0.1,0.09000000000000001,False,,0.0005844999977853149,
2203,RADIATION,RADIATION,522900.9204974669,5697144.290406496,38,26,20.0,52775.053352259536,0.7038703357721567,ground_equivalent_excess_gamma_dose_rate,uSv/h,50.0,1.0,6360,0.00038610000046901405,True,,1,0.1,0.09000000000000001,False,,0.0014976999955251813,
2204,RADIATION,RADIATION,522880.9204974669,5697164.290406496,39,25,28.284271247461902,52803.337623506995,0.6310091837914857,ground_equivalent_excess_gamma_dose_rate,uSv/h,50.0,1.0,6360,0.0003412000078242272,True,,1,0.1,0.09000000000000001,False,,0.0006090999813750386,
2205,RADIATION,RADIATION,522860.9204974669,5697144.290406496,38,24,28.284271247461902,52831.621894754455,0.676609627913483,ground_equivalent_excess_gamma_dose_rate,uSv/h,50.0,1.0,6360,0.0006264999974519014,True,,1,0.1,0.09000000000000001,False,,0.0009108000085689127,
2206,RADIATION,RADIATION,522860.9204974669,5697124.290406496,37,24,20.0,52851.621894754455,0.7296589013182289,ground_equivalent_excess_gamma_dose_rate,uSv/h,50.0,1.0,6360,0.00035239997669123113,True,,1,0.1,0.09000000000000001,False,,0.0006471000087913126,
2207,RADIATION,RADIATION,522880.9204974669,5697144.290406496,38,25,28.284271247461902,52879.906166001914,0.6860747556630507,ground_equivalent_excess_gamma_dose_rate,uSv/h,50.0,1.0,6360,0.0006524999917019159,True,,1,0.1,0.09000000000000001,False,,0.0005942999850958586,
2208,RADIATION,RADIATION,522880.9204974669,5697164.290406496,39,25,20.0,52899.906166001914,0.6310091837914857,ground_equivalent_excess_gamma_dose_rate,uSv/h,50.0,1.0,6360,0.00038640000275336206,True,,1,0.1,0.09000000000000001,False,,0.0012876999971922487,
2209,RADIATION,RADIATION,522860.9204974669,5697184.290406496,40,24,28.284271247461902,52928.190437249374,0.579146233314976,ground_equivalent_excess_gamma_dose_rate,uSv/h,50.0,1.0,6360,0.0003634000022429973,True,,1,0.1,0.09000000000000001,False,,0.0007136000203900039,
2210,RADIATION,RADIATION,522840.9204974669,5697184.290406496,40,23,20.0,52948.190437249374,0.5831029407560901,ground_equivalent_excess_gamma_dose_rate,uSv/h,50.0,1.0,6360,0.0010501999931875616,True,,1,0.1,0.09000000000000001,False,,0.0008970999915618449,
2211,RADIATION,RADIATION,522840.9204974669,5697164.290406496,39,23,20.0,52968.190437249374,0.6286578384146089,ground_equivalent_excess_gamma_dose_rate,uSv/h,50.0,1.0,6360,0.0005501999985426664,True,,1,0.1,0.09000000000000001,False,,0.0006461999728344381,
2212,RADIATION,RADIATION,522840.9204974669,5697184.290406496,40,23,20.0,52988.190437249374,0.5831029407560901,ground_equivalent_excess_gamma_dose_rate,uSv/h,50.0,1.0,6360,0.0005262999911792576,True,,1,0.1,0.09000000000000001,False,,0.0008891999896150082,
2213,RADIATION,RADIATION,522840.9204974669,5697204.290406496,41,23,20.0,53008.190437249374,0.540141864548759,ground_equivalent_excess_gamma_dose_rate,uSv/h,50.0,1.0,6360,0.0003617999900598079,True,,1,0.1,0.09000000000000001,False,,0.001189300004625693,
2214,RADIATION,RADIATION,522840.9204974669,5697184.290406496,40,23,20.0,53028.190437249374,0.5831029407560901,ground_equivalent_excess_gamma_dose_rate,uSv/h,50.0,1.0,6360,0.00035099999513477087,True,,1,0.1,0.09000000000000001,False,,0.0005932000058237463,
2215,RADIATION,RADIATION,522860.9204974669,5697184.290406496,40,24,20.0,53048.190437249374,0.579146233314976,ground_equivalent_excess_gamma_dose_rate,uSv/h,50.0,1.0,6360,0.00039099997957237065,True,,1,0.1,0.09000000000000001,False,,0.0008855999913066626,
2216,RADIATION,RADIATION,522880.9204974669,5697184.290406496,40,25,20.0,53068.190437249374,0.5805259945966244,ground_equivalent_excess_gamma_dose_rate,uSv/h,50.0,1.0,6360,0.00034580001374706626,True,,1,0.1,0.09000000000000001,False,,0.0006175999878905714,
2217,RADIATION,RADIATION,522860.9204974669,5697184.290406496,40,24,20.0,53088.190437249374,0.579146233314976,ground_equivalent_excess_gamma_dose_rate,uSv/h,50.0,1.0,6360,0.0006474999827332795,True,,1,0.1,0.09000000000000001,False,,0.000605799985351041,
2218,RADIATION,RADIATION,522880.9204974669,5697204.290406496,41,25,28.284271247461902,53116.47470849683,0.5344579906155387,ground_equivalent_excess_gamma_dose_rate,uSv/h,50.0,1.0,6360,0.0003664999967440963,True,,1,0.1,0.09000000000000001,False,,0.0012962000037077814,
2219,RADIATION,RADIATION,522860.9204974669,5697184.290406496,40,24,28.284271247461902,53144.75897974429,0.579146233314976,ground_equivalent_excess_gamma_dose_rate,uSv/h,50.0,1.0,6360,0.0003535000141710043,True,,1,0.1,0.09000000000000001,False,,0.0005930000043008476,
2220,RADIATION,RADIATION,522880.9204974669,5697164.290406496,39,25,28.284271247461902,53173.04325099175,0.6310091837914857,ground_equivalent_excess_gamma_dose_rate,uSv/h,50.0,1.0,6360,0.0009439999994356185,True,,1,0.1,0.09000000000000001,False,,0.000890900002559647,
2221,RADIATION,RADIATION,522860.9204974669,5697144.290406496,38,24,28.284271247461902,53201.32752223921,0.676609627913483,ground_equivalent_excess_gamma_dose_rate,uSv/h,50.0,1.0,6360,0.000357400014763698,True,,1,0.1,0.09000000000000001,False,,0.0006251999875530601,
2222,RADIATION,RADIATION,522840.9204974669,5697164.290406496,39,23,28.284271247461902,53229.61179348667,0.6286578384146089,ground_equivalent_excess_gamma_dose_rate,uSv/h,50.0,1.0,6360,0.0006373999931383878,True,,1,0.1,0.09000000000000001,False,,0.0006022999878041446,
2223,RADIATION,RADIATION,522820.9204974669,5697184.290406496,40,22,28.284271247461902,53257.89606473413,0.5931414510383952,ground_equivalent_excess_gamma_dose_rate,uSv/h,50.0,1.0,6360,0.00037480000173673034,True,,1,0.1,0.09000000000000001,False,,0.0014628999924752861,
2224,RADIATION,RADIATION,522840.9204974669,5697204.290406496,41,23,28.284271247461902,53286.18033598159,0.540141864548759,ground_equivalent_excess_gamma_dose_rate,uSv/h,50.0,1.0,6360,0.00034229998709633946,True,,1,0.1,0.09000000000000001,False,,0.0005976999818813056,
2225,RADIATION,RADIATION,522860.9204974669,5697204.290406496,41,24,20.0,53306.18033598159,0.5352963804953601,ground_equivalent_excess_gamma_dose_rate,uSv/h,50.0,1.0,6360,0.0011868999863509089,True,,1,0.1,0.09000000000000001,False,,0.0009964000200852752,
2226,RADIATION,RADIATION,522860.9204974669,5697184.290406496,40,24,20.0,53326.18033598159,0.579146233314976,ground_equivalent_excess_gamma_dose_rate,uSv/h,50.0,1.0,6360,0.00038189999759197235,True,,1,0.1,0.09000000000000001,False,,0.0006546000076923519,
2227,RADIATION,RADIATION,522840.9204974669,5697184.290406496,40,23,20.0,53346.18033598159,0.5831029407560901,ground_equivalent_excess_gamma_dose_rate,uSv/h,50.0,1.0,6360,0.0007477999897673726,True,,1,0.1,0.09000000000000001,False,,0.000593400007346645,
2228,RADIATION,RADIATION,522820.9204974669,5697164.290406496,39,22,28.284271247461902,53374.46460722905,0.638942833683436,ground_equivalent_excess_gamma_dose_rate,uSv/h,50.0,1.0,6360,0.00038399998447857797,True,,1,0.1,0.09000000000000001,False,,0.0009527999791316688,
2229,RADIATION,RADIATION,522800.9204974669,5697184.290406496,40,21,28.284271247461902,53402.74887847651,0.6100076090057791,ground_equivalent_excess_gamma_dose_rate,uSv/h,50.0,1.0,6360,0.0012092000106349587,True,,1,0.1,0.09000000000000001,False,,0.0009306999854743481,
2230,RADIATION,RADIATION,522780.9204974669,5697204.290406496,41,20,28.284271247461902,53431.03314972397,0.584397480894894,ground_equivalent_excess_gamma_dose_rate,uSv/h,50.0,1.0,6360,0.0003806000167969614,True,,1,0.1,0.09000000000000001,False,,0.0006429000059142709,
2231,RADIATION,RADIATION,522780.9204974669,5697224.290406496,42,20,20.0,53451.03314972397,0.5377177970588374,ground_equivalent_excess_gamma_dose_rate,uSv/h,50.0,1.0,6360,0.0006335999933071434,True,,1,0.1,0.09000000000000001,False,,0.0005983999872114509,
2232,RADIATION,RADIATION,522800.9204974669,5697204.290406496,41,21,28.284271247461902,53479.31742097143,0.5641716122098848,ground_equivalent_excess_gamma_dose_rate,uSv/h,50.0,1.0,6360,0.00036639999598264694,True,,1,0.1,0.09000000000000001,False,,0.001295800000661984,
2233,RADIATION,RADIATION,522820.9204974669,5697184.290406496,40,22,28.284271247461902,53507.60169221889,0.5931414510383952,ground_equivalent_excess_gamma_dose_rate,uSv/h,50.0,1.0,6360,0.0003444999747443944,True,,1,0.1,0.09000000000000001,False,,0.0006184999947436154,
2234,RADIATION,RADIATION,522800.9204974669,5697164.290406496,39,21,28.284271247461902,53535.885963466346,0.6581422712084792,ground_equivalent_excess_gamma_dose_rate,uSv/h,50.0,1.0,6360,0.0003609999839682132,True,,1,0.1,0.09000000000000001,False,,0.0009304000122938305,
2235,RADIATION,RADIATION,522780.9204974669,5697164.290406496,39,20,20.0,53555.885963466346,0.6874104484338737,ground_equivalent_excess_gamma_dose_rate,uSv/h,50.0,1.0,6360,0.00038660000427626073,True,,1,0.1,0.09000000000000001,False,,0.0006557000160682946,
2236,RADIATION,RADIATION,522760.9204974669,5697164.290406496,39,19,20.0,53575.885963466346,0.728123704720975,ground_equivalent_excess_gamma_dose_rate,uSv/h,50.0,1.0,6360,0.0006333999917842448,True,,1,0.1,0.09000000000000001,False,,0.000665700004901737,
2237,RADIATION,RADIATION,522760.9204974669,5697184.290406496,40,19,20.0,53595.885963466346,0.6673680474864347,ground_equivalent_excess_gamma_dose_rate,uSv/h,50.0,1.0,6360,0.000395399983972311,True,,1,0.1,0.09000000000000001,False,,0.0010653000208549201,
2238,RADIATION,RADIATION,522760.9204974669,5697204.290406496,41,19,20.0,53615.885963466346,0.6106919509259607,ground_equivalent_excess_gamma_dose_rate,uSv/h,50.0,1.0,6360,0.0003528999804984778,True,,1,0.1,0.09000000000000001,False,,0.0006145999941509217,
2239,RADIATION,RADIATION,522760.9204974669,5697184.290406496,40,19,20.0,53635.885963466346,0.6673680474864347,ground_equivalent_excess_gamma_dose_rate,uSv/h,50.0,1.0,6360,0.0010800999880302697,True,,1,0.1,0.09000000000000001,False,,0.000908799993339926,
2240,RADIATION,RADIATION,522780.9204974669,5697164.290406496,39,20,28.284271247461902,53664.170234713805,0.6874104484338737,ground_equivalent_excess_gamma_dose_rate,uSv/h,50.0,1.0,6360,0.0003519999736454338,True,,1,0.1,0.09000000000000001,False,,0.0006479999865405262,
2241,RADIATION,RADIATION,522800.9204974669,5697164.290406496,39,21,20.0,53684.170234713805,0.6581422712084792,ground_equivalent_excess_gamma_dose_rate,uSv/h,50.0,1.0,6360,0.0006366000161506236,True,,1,0.1,0.09000000000000001,False,,0.0005996999971102923,
2242,RADIATION,RADIATION,522820.9204974669,5697144.290406496,38,22,28.284271247461902,53712.454505961265,0.6863685442984497,ground_equivalent_excess_gamma_dose_rate,uSv/h,50.0,1.0,6360,0.0003946000069845468,True,,1,0.1,0.09000000000000001,False,,0.0012386000016704202,
2243,RADIATION,RADIATION,522800.9204974669,5697124.290406496,37,21,28.284271247461902,53740.738777208724,0.7577652233594483,ground_equivalent_excess_gamma_dose_rate,uSv/h,50.0,1.0,6360,0.0003446000046096742,True,,1,0.1,0.09000000000000001,False,,0.0005958000256214291,
2244,RADIATION,RADIATION,522800.9204974669,5697144.290406496,38,21,20.0,53760.738777208724,0.7077737301799853,ground_equivalent_excess_gamma_dose_rate,uSv/h,50.0,1.0,6360,0.00045479999971576035,True,,1,0.1,0.09000000000000001,False,,0.0009141000045929104,
2245,RADIATION,RADIATION,522780.9204974669,5697164.290406496,39,20,28.284271247461902,53789.02304845618,0.6874104484338737,ground_equivalent_excess_gamma_dose_rate,uSv/h,50.0,1.0,6360,0.00036189999082125723,True,,1,0.1,0.09000000000000001,False,,0.0012334999919403344,
2246,RADIATION,RADIATION,522800.9204974669,5697164.290406496,39,21,20.0,53809.02304845618,0.6581422712084792,ground_equivalent_excess_gamma_dose_rate,uSv/h,50.0,1.0,6360,0.0003476999991107732,True,,1,0.1,0.09000000000000001,False,,0.0005892000044696033,
2247,RADIATION,RADIATION,522820.9204974669,5697144.290406496,38,22,28.284271247461902,53837.30731970364,0.6863685442984497,ground_equivalent_excess_gamma_dose_rate,uSv/h,50.0,1.0,6360,0.0009136000007856637,True,,1,0.1,0.09000000000000001,False,,0.0007880000048317015,
2248,RADIATION,RADIATION,522820.9204974669,5697164.290406496,39,22,20.0,53857.30731970364,0.638942833683436,ground_equivalent_excess_gamma_dose_rate,uSv/h,50.0,1.0,6360,0.0003462000167928636,True,,1,0.1,0.09000000000000001,False,,0.0006277000065892935,
2249,RADIATION,RADIATION,522800.9204974669,5697144.290406496,38,21,28.284271247461902,53885.5915909511,0.7077737301799853,ground_equivalent_excess_gamma_dose_rate,uSv/h,50.0,1.0,6360,0.00036360000376589596,True,,1,0.1,0.09000000000000001,False,,0.000603599997702986,
2250,RADIATION,RADIATION,522780.9204974669,5697144.290406496,38,20,20.0,53905.5915909511,0.7422209468666003,ground_equivalent_excess_gamma_dose_rate,uSv/h,50.0,1.0,6360,0.00036830001045018435,True,,1,0.1,0.09000000000000001,False,,0.0012815000081900507,
2251,RADIATION,RADIATION,522780.9204974669,5697164.290406496,39,20,20.0,53925.5915909511,0.6874104484338737,ground_equivalent_excess_gamma_dose_rate,uSv/h,50.0,1.0,6360,0.0006173000147100538,True,,1,0.1,0.09000000000000001,False,,0.0006148000247776508,
2252,RADIATION,RADIATION,522800.9204974669,5697184.290406496,40,21,28.284271247461902,53953.87586219856,0.6100076090057791,ground_equivalent_excess_gamma_dose_rate,uSv/h,50.0,1.0,6360,0.0003848000196740031,True,,1,0.1,0.09000000000000001,False,,0.001414500002283603,
2253,RADIATION,RADIATION,522820.9204974669,5697164.290406496,39,22,28.284271247461902,53982.16013344602,0.638942833683436,ground_equivalent_excess_gamma_dose_rate,uSv/h,50.0,1.0,6360,0.0003607999824453145,True,,1,0.1,0.09000000000000001,False,,0.00060450000455603,
2254,RADIATION,RADIATION,522800.9204974669,5697184.290406496,40,21,28.284271247461902,54010.44440469348,0.6100076090057791,ground_equivalent_excess_gamma_dose_rate,uSv/h,50.0,1.0,6360,0.0003521000035107136,True,,1,0.1,0.09000000000000001,False,,0.0007543000101577491,
2255,RADIATION,RADIATION,522800.9204974669,5697164.290406496,39,21,20.0,54030.44440469348,0.6581422712084792,ground_equivalent_excess_gamma_dose_rate,uSv/h,50.0,1.0,6360,0.0003606999816838652,True,,1,0.1,0.09000000000000001,False,,0.0006501999741885811,
2256,RADIATION,RADIATION,522780.9204974669,5697144.290406496,38,20,28.284271247461902,54058.72867594094,0.7422209468666003,ground_equivalent_excess_gamma_dose_rate,uSv/h,50.0,1.0,6360,0.0006417999975383282,True,,1,0.1,0.09000000000000001,False,,0.000608200003625825,
2257,RADIATION,RADIATION,522800.9204974669,5697124.290406496,37,21,28.284271247461902,54087.0129471884,0.7577652233594483,ground_equivalent_excess_gamma_dose_rate,uSv/h,50.0,1.0,6360,0.0003729000163730234,True,,1,0.1,0.09000000000000001,False,,0.0011990999919362366,
2258,RADIATION,RADIATION,522820.9204974669,5697144.290406496,38,22,28.284271247461902,54115.29721843586,0.6863685442984497,ground_equivalent_excess_gamma_dose_rate,uSv/h,50.0,1.0,6360,0.00035829999251291156,True,,1,0.1,0.09000000000000001,False,,0.0006047000060789287,
2259,RADIATION,RADIATION,522800.9204974669,5697164.290406496,39,21,28.284271247461902,54143.58148968332,0.6581422712084792,ground_equivalent_excess_gamma_dose_rate,uSv/h,50.0,1.0,6360,0.00035589997423812747,True,,1,0.1,0.09000000000000001,False,,0.0009714000043459237,
2260,RADIATION,RADIATION,522780.9204974669,5697164.290406496,39,20,20.0,54163.58148968332,0.6874104484338737,ground_equivalent_excess_gamma_dose_rate,uSv/h,50.0,1.0,6360,0.000454699998954311,True,,1,0.1,0.09000000000000001,False,,0.0012060999870300293,
2261,RADIATION,RADIATION,522800.9204974669,5697144.290406496,38,21,28.284271247461902,54191.86576093078,0.7077737301799853,ground_equivalent_excess_gamma_dose_rate,uSv/h,50.0,1.0,6360,0.0006425000028684735,True,,1,0.1,0.09000000000000001,False,,0.0006957999721635133,
2262,RADIATION,RADIATION,522800.9204974669,5697124.290406496,37,21,20.0,54211.86576093078,0.7577652233594483,ground_equivalent_excess_gamma_dose_rate,uSv/h,50.0,1.0,6360,0.0003862000012304634,True,,1,0.1,0.09000000000000001,False,,0.0010657000239007175,
2263,RADIATION,RADIATION,522820.9204974669,5697104.290406496,36,22,28.284271247461902,54240.15003217824,0.7822997788562602,ground_equivalent_excess_gamma_dose_rate,uSv/h,50.0,1.0,6360,0.0003530999820213765,True,,1,0.1,0.09000000000000001,False,,0.0006287999858614057,
2264,RADIATION,RADIATION,522820.9204974669,5697084.290406496,35,22,20.0,54260.15003217824,0.8282822780462791,ground_equivalent_excess_gamma_dose_rate,uSv/h,50.0,1.0,6360,0.0009411999781150371,True,,1,0.1,0.09000000000000001,False,,0.0008940999978221953,
2265,RADIATION,RADIATION,522820.9204974669,5697064.290406496,34,22,20.0,54280.15003217824,0.8709612907034778,ground_equivalent_excess_gamma_dose_rate,uSv/h,50.0,1.0,6360,0.00037429999792948365,True,,1,0.1,0.09000000000000001,False,,0.0006399000121746212,
2266,RADIATION,RADIATION,522800.9204974669,5697084.290406496,35,21,28.284271247461902,54308.434303425696,0.8527339361629536,ground_equivalent_excess_gamma_dose_rate,uSv/h,50.0,1.0,6360,0.0006299999949987978,True,,1,0.1,0.09000000000000001,False,,0.0005973000079393387,
2267,RADIATION,RADIATION,522800.9204974669,5697064.290406496,34,21,20.0,54328.434303425696,0.894204306775596,ground_equivalent_excess_gamma_dose_rate,uSv/h,50.0,1.0,6360,0.00036720000207424164,True,,1,0.1,0.09000000000000001,False,,0.0012546000070869923,
2268,RADIATION,RADIATION,522780.9204974669,5697044.290406496,33,20,28.284271247461902,54356.718574673156,0.9800620013729218,ground_equivalent_excess_gamma_dose_rate,uSv/h,50.0,1.0,6360,0.0003507999936118722,True,,1,0.1,0.09000000000000001,False,,0.0006117000011727214,
2269,RADIATION,RADIATION,522800.9204974669,5697044.290406496,33,21,20.0,54376.718574673156,0.9294073006392651,ground_equivalent_excess_gamma_dose_rate,uSv/h,50.0,1.0,6360,0.000367900007404387,True,,1,0.1,0.09000000000000001,False,,0.0008743999933358282,
2270,RADIATION,RADIATION,522820.9204974669,5697024.290406496,32,22,28.284271247461902,54405.002845920615,0.9404270598043172,ground_equivalent_excess_gamma_dose_rate,uSv/h,50.0,1.0,6360,0.0003667999990284443,True,,1,0.1,0.09000000000000001,False,,0.0006573999999091029,
2271,RADIATION,RADIATION,522800.9204974669,5697024.290406496,32,21,20.0,54425.002845920615,0.9570800802228903,ground_equivalent_excess_gamma_dose_rate,uSv/h,50.0,1.0,6360,0.0003372000064700842,True,,1,0.1,0.09000000000000001,False,,0.0006061999883968383,
2272,RADIATION,RADIATION,522800.9204974669,5697004.290406496,31,21,20.0,54445.002845920615,0.9765808727180165,ground_equivalent_excess_gamma_dose_rate,uSv/h,50.0,1.0,6360,0.0005880999960936606,True,,1,0.1,0.09000000000000001,False,,0.0009135000000242144,
2273,RADIATION,RADIATION,522800.9204974669,5696984.290406497,30,21,19.999999999068677,54465.002845919684,0.9880262123563233,ground_equivalent_excess_gamma_dose_rate,uSv/h,50.0,1.0,6360,0.0003462999884504825,True,,1,0.1,0.09000000000000001,False,,0.0006233000021893531,
2274,RADIATION,RADIATION,522780.9204974669,5696984.290406497,30,20,20.0,54485.002845919684,1.0256218593265438,ground_equivalent_excess_gamma_dose_rate,uSv/h,50.0,1.0,6360,0.000663500017253682,True,,1,0.1,0.09000000000000001,False,,0.0005790000141132623,
2275,RADIATION,RADIATION,522760.9204974669,5697004.290406496,31,19,28.284271246803357,54513.28711716649,1.1015753973911033,ground_equivalent_excess_gamma_dose_rate,uSv/h,50.0,1.0,6360,0.0003717999788932502,True,,1,0.1,0.09000000000000001,False,,0.0013758999994024634,
2276,RADIATION,RADIATION,522740.9204974669,5697004.290406496,31,18,20.0,54533.28711716649,1.23181540215633,ground_equivalent_excess_gamma_dose_rate,uSv/h,50.0,1.0,6360,0.00034660001983866096,True,,1,0.1,0.09000000000000001,False,,0.0005908999883104116,
2277,RADIATION,RADIATION,522760.9204974669,5697004.290406496,31,19,20.0,54553.28711716649,1.1015753973911033,ground_equivalent_excess_gamma_dose_rate,uSv/h,50.0,1.0,6360,0.0010302999871782959,True,,1,0.1,0.09000000000000001,False,,0.0009021000005304813,
2278,RADIATION,RADIATION,522780.9204974669,5697004.290406496,31,20,20.0,54573.28711716649,1.0203356501201353,ground_equivalent_excess_gamma_dose_rate,uSv/h,50.0,1.0,6360,0.0003418999840505421,True,,1,0.1,0.09000000000000001,False,,0.0006152999994810671,
2279,RADIATION,RADIATION,522800.9204974669,5696984.290406497,30,21,28.284271246803357,54601.57138841329,0.9880262123563233,ground_equivalent_excess_gamma_dose_rate,uSv/h,50.0,1.0,6360,0.0006364999862853438,True,,1,0.1,0.09000000000000001,False,,0.0005895000067539513,
2280,RADIATION,RADIATION,522820.9204974669,5696964.290406497,29,22,28.284271247461902,54629.85565966075,0.9906075663871006,ground_equivalent_excess_gamma_dose_rate,uSv/h,50.0,1.0,6360,0.0003775999939534813,True,,1,0.1,0.09000000000000001,False,,0.0013633999915327877,
2281,RADIATION,RADIATION,522800.9204974669,5696964.290406497,29,21,20.0,54649.85565966075,0.9923142739913395,ground_equivalent_excess_gamma_dose_rate,uSv/h,50.0,1.0,6360,0.0003708000003825873,True,,1,0.1,0.09000000000000001,False,,0.0005991000216454268,
2282,RADIATION,RADIATION,522780.9204974669,5696944.290406497,28,20,28.284271247461902,54678.13993090821,1.0150572603125694,ground_equivalent_excess_gamma_dose_rate,uSv/h,50.0,1.0,6360,0.0009763000125531107,True,,1,0.1,0.09000000000000001,False,,0.000901099992915988,
2283,RADIATION,RADIATION,522760.9204974669,5696964.290406497,29,19,28.284271247461902,54706.42420215567,1.0850100050072804,ground_equivalent_excess_gamma_dose_rate,uSv/h,50.0,1.0,6360,0.000364200008334592,True,,1,0.1,0.09000000000000001,False,,0.0006425000028684735,
2284,RADIATION,RADIATION,522780.9204974669,5696964.290406497,29,20,20.0,54726.42420215567,1.0230136252150677,ground_equivalent_excess_gamma_dose_rate,uSv/h,50.0,1.0,6360,0.0006175000162329525,True,,1,0.1,0.09000000000000001,False,,0.000607599999057129,
2285,RADIATION,RADIATION,522800.9204974669,5696944.290406497,28,21,28.284271247461902,54754.70847340313,0.9910478842981254,ground_equivalent_excess_gamma_dose_rate,uSv/h,50.0,1.0,6360,0.0003656999906525016,True,,1,0.1,0.09000000000000001,False,,0.0011543000000528991,
2286,RADIATION,RADIATION,522820.9204974669,5696924.290406497,27,22,28.284271247461902,54782.99274465059,0.9906746993336628,ground_equivalent_excess_gamma_dose_rate,uSv/h,50.0,1.0,6360,0.0003404000017326325,True,,1,0.1,0.09000000000000001,False,,0.0005948000180069357,
2287,RADIATION,RADIATION,522840.9204974669,5696904.290406497,26,23,28.284271247461902,54811.27701589805,1.011862211507376,ground_equivalent_excess_gamma_dose_rate,uSv/h,50.0,1.0,6360,0.0005118999979458749,True,,1,0.1,0.09000000000000001,False,,0.0005890000029467046,
2288,RADIATION,RADIATION,522820.9204974669,5696924.290406497,27,22,28.284271247461902,54839.56128714551,0.9906746993336628,ground_equivalent_excess_gamma_dose_rate,uSv/h,50.0,1.0,6360,0.0005311999993864447,True,,1,0.1,0.09000000000000001,False,,0.00195870001334697,
2289,RADIATION,RADIATION,522820.9204974669,5696944.290406497,28,22,20.0,54859.56128714551,0.9931226988547257,ground_equivalent_excess_gamma_dose_rate,uSv/h,50.0,1.0,6360,0.0006859999848529696,True,,1,0.1,0.09000000000000001,False,,0.0009534000128041953,
2290,RADIATION,RADIATION,522800.9204974669,5696924.290406497,27,21,28.284271247461902,54887.84555839297,0.9863991583173888,ground_equivalent_excess_gamma_dose_rate,uSv/h,50.0,1.0,6360,0.0003865000035148114,True,,1,0.1,0.09000000000000001,False,,0.0006548000092152506,
2291,RADIATION,RADIATION,522780.9204974669,5696924.290406497,27,20,20.0,54907.84555839297,1.0047588813756176,ground_equivalent_excess_gamma_dose_rate,uSv/h,50.0,1.0,6360,0.00037059999885968864,True,,1,0.1,0.09000000000000001,False,,0.0008874000050127506,
2292,RADIATION,RADIATION,522760.9204974669,5696904.290406497,26,19,28.284271247461902,54936.12982964043,1.0274195683443885,ground_equivalent_excess_gamma_dose_rate,uSv/h,50.0,1.0,6360,0.000367300002835691,True,,1,0.1,0.09000000000000001,False,,0.0011793000157922506,
2293,RADIATION,RADIATION,522740.9204974669,5696904.290406497,26,18,20.0,54956.12982964043,1.0771614626076351,ground_equivalent_excess_gamma_dose_rate,uSv/h,50.0,1.0,6360,0.00035230000503361225,True,,1,0.1,0.09000000000000001,False,,0.0006170999840833247,
2294,RADIATION,RADIATION,522740.9204974669,5696884.290406497,25,18,20.0,54976.12982964043,1.0546439150834483,ground_equivalent_excess_gamma_dose_rate,uSv/h,50.0,1.0,6360,0.0008987000037450343,True,,1,0.1,0.09000000000000001,False,,0.0007299999997485429,
2295,RADIATION,RADIATION,522760.9204974669,5696864.290406497,24,19,28.284271247461902,55004.41410088789,1.0154041281864274,ground_equivalent_excess_gamma_dose_rate,uSv/h,50.0,1.0,6360,0.0003496999852359295,True,,1,0.1,0.09000000000000001,False,,0.0006279000081121922,
2296,RADIATION,RADIATION,522740.9204974669,5696864.290406497,24,18,20.0,55024.41410088789,1.0461499670548418,ground_equivalent_excess_gamma_dose_rate,uSv/h,50.0,1.0,6360,0.00036529998760670424,True,,1,0.1,0.09000000000000001,False,,0.0006098999874666333,
2297,RADIATION,RADIATION,522760.9204974669,5696844.290406497,23,19,28.284271247461902,55052.698372135346,1.029401888631781,ground_equivalent_excess_gamma_dose_rate,uSv/h,50.0,1.0,6360,0.0003637000045273453,True,,1,0.1,0.09000000000000001,False,,0.0012829000188503414,
2298,RADIATION,RADIATION,522740.9204974669,5696844.290406497,23,18,20.0,55072.698372135346,1.0559991497206231,ground_equivalent_excess_gamma_dose_rate,uSv/h,50.0,1.0,6360,0.0003414000093471259,True,,1,0.1,0.09000000000000001,False,,0.0006188999977894127,
2299,RADIATION,RADIATION,522740.9204974669,5696864.290406497,24,18,20.0,55092.698372135346,1.0461499670548418,ground_equivalent_excess_gamma_dose_rate,uSv/h,50.0,1.0,6360,0.0008934999932534993,True,,1,0.1,0.09000000000000001,False,,0.0009196000173687935,
2300,RADIATION,RADIATION,522740.9204974669,5696884.290406497,25,18,20.0,55112.698372135346,1.0546439150834483,ground_equivalent_excess_gamma_dose_rate,uSv/h,50.0,1.0,6360,0.00035260000731796026,True,,1,0.1,0.09000000000000001,False,,0.0006435999821405858,
2301,RADIATION,RADIATION,522720.9204974669,5696864.290406497,24,17,28.284271247461902,55140.982643382806,1.0835418845128166,ground_equivalent_excess_gamma_dose_rate,uSv/h,50.0,1.0,6360,0.0006219000206328928,True,,1,0.1,0.09000000000000001,False,,0.0005824999825563282,
2302,RADIATION,RADIATION,522700.9204974669,5696864.290406497,24,16,20.0,55160.982643382806,1.126209711026303,ground_equivalent_excess_gamma_dose_rate,uSv/h,50.0,1.0,6360,0.0003749000024981797,True,,1,0.1,0.09000000000000001,False,,0.0013210999895818532,
2303,RADIATION,RADIATION,522700.9204974669,5696884.290406497,25,16,20.0,55180.982643382806,1.1669302907655599,ground_equivalent_excess_gamma_dose_rate,uSv/h,50.0,1.0,6360,0.00034440000308677554,True,,1,0.1,0.09000000000000001,False,,0.0005956000240985304,
2304,RADIATION,RADIATION,522720.9204974669,5696884.290406497,25,17,20.0,55200.982643382806,1.1050789606364095,ground_equivalent_excess_gamma_dose_rate,uSv/h,50.0,1.0,6360,0.0008188999781850725,True,,1,0.1,0.09000000000000001,False,,0.0009002999868243933,
2305,RADIATION,RADIATION,522720.9204974669,5696864.290406497,24,17,20.0,55220.982643382806,1.0835418845128166,ground_equivalent_excess_gamma_dose_rate,uSv/h,50.0,1.0,6360,0.0003632000007200986,True,,1,0.1,0.09000000000000001,False,,0.0007335999980568886,
2306,RADIATION,RADIATION,522740.9204974669,5696864.290406497,24,18,20.0,55240.982643382806,1.0461499670548418,ground_equivalent_excess_gamma_dose_rate,uSv/h,50.0,1.0,6360,0.0006379999977070838,True,,1,0.1,0.09000000000000001,False,,0.0005890000029467046,
2307,RADIATION,RADIATION,522740.9204974669,5696844.290406497,23,18,20.0,55260.982643382806,1.0559991497206231,ground_equivalent_excess_gamma_dose_rate,uSv/h,50.0,1.0,6360,0.0004191999905742705,True,,1,0.1,0.09000000000000001,False,,0.0012317000073380768,
2308,RADIATION,RADIATION,522720.9204974669,5696824.290406497,22,17,28.284271247461902,55289.266914630265,1.1134807375368883,ground_equivalent_excess_gamma_dose_rate,uSv/h,50.0,1.0,6360,0.00037090000114403665,True,,1,0.1,0.09000000000000001,False,,0.0007474999874830246,
2309,RADIATION,RADIATION,522700.9204974669,5696844.290406497,23,16,28.284271247461902,55317.551185877724,1.1135964053552754,ground_equivalent_excess_gamma_dose_rate,uSv/h,50.0,1.0,6360,0.00036299999919719994,True,,1,0.1,0.09000000000000001,False,,0.0009367000020574778,
2310,RADIATION,RADIATION,522720.9204974669,5696844.290406497,23,17,20.0,55337.551185877724,1.0846594121840085,ground_equivalent_excess_gamma_dose_rate,uSv/h,50.0,1.0,6360,0.0005372999876271933,True,,1,0.1,0.09000000000000001,False,,0.0007590999884996563,
2311,RADIATION,RADIATION,522720.9204974669,5696864.290406497,24,17,20.0,55357.551185877724,1.0835418845128166,ground_equivalent_excess_gamma_dose_rate,uSv/h,50.0,1.0,6360,0.0003651999868452549,True,,1,0.1,0.09000000000000001,False,,0.0006205000099726021,
2312,RADIATION,RADIATION,522740.9204974669,5696844.290406497,23,18,28.284271247461902,55385.835457125184,1.0559991497206231,ground_equivalent_excess_gamma_dose_rate,uSv/h,50.0,1.0,6360,0.00036490001366473734,True,,1,0.1,0.09000000000000001,False,,0.0014473000192083418,
2313,RADIATION,RADIATION,522740.9204974669,5696864.290406497,24,18,20.0,55405.835457125184,1.0461499670548418,ground_equivalent_excess_gamma_dose_rate,uSv/h,50.0,1.0,6360,0.0006297000218182802,True,,1,0.1,0.09000000000000001,False,,0.0005960999988019466,
2314,RADIATION,RADIATION,522720.9204974669,5696864.290406497,24,17,20.0,55425.835457125184,1.0835418845128166,ground_equivalent_excess_gamma_dose_rate,uSv/h,50.0,1.0,6360,0.000384299986762926,True,,1,0.1,0.09000000000000001,False,,0.00090079999063164,
2315,RADIATION,RADIATION,522700.9204974669,5696884.290406497,25,16,28.284271247461902,55454.11972837264,1.1669302907655599,ground_equivalent_excess_gamma_dose_rate,uSv/h,50.0,1.0,6360,0.00034810000215657055,True,,1,0.1,0.09000000000000001,False,,0.0006931000098120421,
2316,RADIATION,RADIATION,522680.9204974669,5696864.290406497,24,15,28.284271247461902,55482.4039996201,1.172427823051384,ground_equivalent_excess_gamma_dose_rate,uSv/h,50.0,1.0,6360,0.00036410000757314265,True,,1,0.1,0.09000000000000001,False,,0.000599299994064495,
2317,RADIATION,RADIATION,522660.9204974669,5696844.290406497,23,14,28.284271247461902,55510.68827086756,1.16519357922245,ground_equivalent_excess_gamma_dose_rate,uSv/h,50.0,1.0,6360,0.0003688999859150499,True,,1,0.1,0.09000000000000001,False,,0.0010779000003822148,
2318,RADIATION,RADIATION,522640.9204974669,5696824.290406497,22,13,28.284271247461902,55538.97254211502,1.1502810821116813,ground_equivalent_excess_gamma_dose_rate,uSv/h,50.0,1.0,6360,0.00039259999175556004,True,,1,0.1,0.09000000000000001,False,,0.0005646000208798796,
2319,RADIATION,RADIATION,522620.9204974669,5696824.290406497,22,12,20.0,55558.97254211502,1.139904039461447,ground_equivalent_excess_gamma_dose_rate,uSv/h,50.0,1.0,6360,0.0011636000126600266,True,,1,0.1,0.09000000000000001,False,,0.0008592999947723001,
2320,RADIATION,RADIATION,522600.9204974669,5696824.290406497,22,11,20.0,55578.97254211502,1.120284683924668,ground_equivalent_excess_gamma_dose_rate,uSv/h,50.0,1.0,6360,0.0003803000145126134,True,,1,0.1,0.09000000000000001,False,,0.0006092000112403184,
2321,RADIATION,RADIATION,522580.9204974669,5696844.290406497,23,10,28.284271247461902,55607.25681336248,1.176042441812122,ground_equivalent_excess_gamma_dose_rate,uSv/h,50.0,1.0,6360,0.0006512000109069049,True,,1,0.1,0.09000000000000001,False,,0.0005754000158049166,
2322,RADIATION,RADIATION,522560.9204974669,5696844.290406497,23,9,20.0,55627.25681336248,1.1445255377754358,ground_equivalent_excess_gamma_dose_rate,uSv/h,50.0,1.0,6360,0.00039209998794831336,True,,1,0.1,0.09000000000000001,False,,0.001196700002765283,
2323,RADIATION,RADIATION,522540.9204974669,5696824.290406497,22,8,28.284271247461902,55655.54108460994,1.0037707685768409,ground_equivalent_excess_gamma_dose_rate,uSv/h,50.0,1.0,6360,0.0005002999969292432,True,,1,0.1,0.09000000000000001,False,,0.0005594000103883445,
2324,RADIATION,RADIATION,522560.9204974669,5696804.290406497,21,9,28.284271247461902,55683.8253558574,1.0002220561303183,ground_equivalent_excess_gamma_dose_rate,uSv/h,50.0,1.0,6360,0.0009697999921627343,True,,1,0.1,0.09000000000000001,False,,0.0008639000006951392,
2325,RADIATION,RADIATION,522580.9204974669,5696784.290406497,20,10,28.284271247461902,55712.10962710486,1.0429070923025827,ground_equivalent_excess_gamma_dose_rate,uSv/h,50.0,1.0,6360,0.0003793999785557389,True,,1,0.1,0.09000000000000001,False,,0.0006064999906811863,
2326,RADIATION,RADIATION,522600.9204974669,5696784.290406497,20,11,20.0,55732.10962710486,1.1044427797568461,ground_equivalent_excess_gamma_dose_rate,uSv/h,50.0,1.0,6360,0.00034630001755431294,True,,1,0.1,0.09000000000000001,False,,0.0005782999796792865,
2327,RADIATION,RADIATION,522620.9204974669,5696764.290406497,19,12,28.284271247461902,55760.39389835232,1.2399435453086027,ground_equivalent_excess_gamma_dose_rate,uSv/h,50.0,1.0,6360,0.0009698999929241836,True,,1,0.1,0.09000000000000001,False,,0.0005898999806959182,
2328,RADIATION,RADIATION,522600.9204974669,5696744.290406497,18,11,28.284271247461902,55788.67816959978,1.2389709877241168,ground_equivalent_excess_gamma_dose_rate,uSv/h,50.0,1.0,6360,0.00037090000114403665,True,,1,0.1,0.09000000000000001,False,,0.0005881999968551099,
2329,RADIATION,RADIATION,522580.9204974669,5696724.290406497,17,10,28.284271247461902,55816.96244084724,1.2008145523064657,ground_equivalent_excess_gamma_dose_rate,uSv/h,50.0,1.0,6360,0.00039739999920129776,True,,1,0.1,0.09000000000000001,False,,0.0005569000204559416,
2330,RADIATION,RADIATION,522560.9204974669,5696704.290406497,16,9,28.284271247461902,55845.2467120947,1.1237739292932203,ground_equivalent_excess_gamma_dose_rate,uSv/h,50.0,1.0,6360,0.00040550000267103314,True,,1,0.1,0.09000000000000001,False,,0.0011760999914258718,
2331,RADIATION,RADIATION,522540.9204974669,5696684.290406497,15,8,28.284271247461902,55873.530983342156,1.018259893324937,ground_equivalent_excess_gamma_dose_rate,uSv/h,50.0,1.0,6360,0.0003721000102814287,True,,1,0.1,0.09000000000000001,False,,0.0005805999971926212,
2332,RADIATION,RADIATION,522540.9204974669,5696664.290406497,14,8,20.0,55893.530983342156,1.0546391586723032,ground_equivalent_excess_gamma_dose_rate,uSv/h,50.0,1.0,6360,0.0010648999887052923,True,,1,0.1,0.09000000000000001,False,,0.0008500000112690032,
2333,RADIATION,RADIATION,522520.9204974669,5696644.290406497,13,7,28.284271247461902,55921.815254589616,0.9115269571971629,ground_equivalent_excess_gamma_dose_rate,uSv/h,50.0,1.0,6360,0.00039339999784715474,True,,1,0.1,0.09000000000000001,False,,0.000608200003625825,
2334,RADIATION,RADIATION,522520.9204974669,5696624.290406497,12,7,20.0,55941.815254589616,0.9123858569772916,ground_equivalent_excess_gamma_dose_rate,uSv/h,50.0,1.0,6360,0.0006662000087089837,True,,1,0.1,0.09000000000000001,False,,0.0005675000138580799,
2335,RADIATION,RADIATION,522520.9204974669,5696604.290406497,11,7,20.0,55961.815254589616,0.9002082204730788,ground_equivalent_excess_gamma_dose_rate,uSv/h,50.0,1.0,6360,0.0004163999983575195,True,,1,0.1,0.09000000000000001,False,,0.0005776000034529716,
2336,RADIATION,RADIATION,522520.9204974669,5696584.290406497,10,7,20.0,55981.815254589616,0.8741886785686153,ground_equivalent_excess_gamma_dose_rate,uSv/h,50.0,1.0,6360,0.0004600000102072954,True,,1,0.1,0.09000000000000001,False,,0.0006843999726697803,
2337,RADIATION,RADIATION,522540.9204974669,5696564.290406497,9,8,28.284271247461902,56010.099525837075,0.9952282397509498,ground_equivalent_excess_gamma_dose_rate,uSv/h,50.0,1.0,6360,0.0008259000023826957,True,,1,0.1,0.09000000000000001,False,,0.000733000022592023,
2338,RADIATION,RADIATION,522560.9204974669,5696544.290406497,8,9,28.284271247461902,56038.383797084534,1.115188443446095,ground_equivalent_excess_gamma_dose_rate,uSv/h,50.0,1.0,6360,0.0003858999989461154,True,,1,0.1,0.09000000000000001,False,,0.0008511999913025647,
2339,RADIATION,RADIATION,522580.9204974669,5696524.290406497,7,10,28.284271247461902,56066.668068331994,1.2074417814471998,ground_equivalent_excess_gamma_dose_rate,uSv/h,50.0,1.0,6360,0.0003601000062189996,True,,1,0.1,0.09000000000000001,False,,0.00039690002449788153,
2340,RADIATION,RADIATION,522580.9204974669,5696544.290406497,8,10,20.0,56086.668068331994,1.3709736688572196,ground_equivalent_excess_gamma_dose_rate,uSv/h,50.0,1.0,6360,0.000965900020673871,True,,1,0.1,0.09000000000000001,False,,0.0007480999920517206,
2341,RADIATION,RADIATION,522580.9204974669,5696564.290406497,9,10,20.0,56106.668068331994,1.5270435258521577,ground_equivalent_excess_gamma_dose_rate,uSv/h,50.0,1.0,6360,0.00035160002880729735,True,,1,0.1,0.09000000000000001,False,,0.0005881999968551099,
2342,RADIATION,RADIATION,522600.9204974669,5696584.290406497,10,11,28.284271247461902,56134.95233957945,2.212353230718294,ground_equivalent_excess_gamma_dose_rate,uSv/h,50.0,1.0,6360,0.0007163000118453056,True,,1,0.1,0.09000000000000001,False,,0.0006017000123392791,
2343,RADIATION,RADIATION,522620.9204974669,5696564.290406497,9,12,28.284271247461902,56163.23661082691,2.713110655504542,ground_equivalent_excess_gamma_dose_rate,uSv/h,50.0,1.0,6360,0.00036200002068653703,True,,1,0.1,0.09000000000000001,False,,0.001436399994418025,
2344,RADIATION,RADIATION,522600.9204974669,5696544.290406497,8,11,28.284271247461902,56191.52088207437,1.7284399486877695,ground_equivalent_excess_gamma_dose_rate,uSv/h,50.0,1.0,6360,0.00033650000113993883,True,,1,0.1,0.09000000000000001,False,,0.0006027000199537724,
2345,RADIATION,RADIATION,522620.9204974669,5696564.290406497,9,12,28.284271247461902,56219.80515332183,2.713110655504542,ground_equivalent_excess_gamma_dose_rate,uSv/h,50.0,1.0,6360,0.0009785000002011657,True,,1,0.1,0.09000000000000001,False,,0.0008927999879233539,
2346,RADIATION,RADIATION,522640.9204974669,5696564.290406497,9,13,20.0,56239.80515332183,3.8882435598840708,ground_equivalent_excess_gamma_dose_rate,uSv/h,50.0,1.0,6360,0.0003588999970816076,True,,1,0.1,0.09000000000000001,False,,0.000662900012684986,
2347,RADIATION,RADIATION,522640.9204974669,5696544.290406497,8,13,20.0,56259.80515332183,2.959294473293673,ground_equivalent_excess_gamma_dose_rate,uSv/h,50.0,1.0,6360,0.0006518999871332198,True,,1,0.1,0.09000000000000001,False,,0.0005917000235058367,
2348,RADIATION,RADIATION,522640.9204974669,5696564.290406497,9,13,20.0,56279.80515332183,3.8882435598840708,ground_equivalent_excess_gamma_dose_rate,uSv/h,50.0,1.0,6360,0.0005707000091206282,True,,1,0.1,0.09000000000000001,False,,0.0018549000087659806,
2349,RADIATION,RADIATION,522660.9204974669,5696584.290406497,10,14,28.284271247461902,56308.08942456929,8.545807074531483,ground_equivalent_excess_gamma_dose_rate,uSv/h,50.0,1.0,6360,0.0003726000140886754,True,,1,0.1,0.09000000000000001,False,,0.0010631000041030347,
2350,RADIATION,RADIATION,522680.9204974669,5696564.290406497,9,15,28.284271247461902,56336.37369581675,8.852530705038541,ground_equivalent_excess_gamma_dose_rate,uSv/h,50.0,1.0,6360,0.00036720000207424164,True,,1,0.1,0.09000000000000001,False,,0.0012529999949038029,
2351,RADIATION,RADIATION,522680.9204974669,5696584.290406497,10,15,20.0,56356.37369581675,17.303680837605636,ground_equivalent_excess_gamma_dose_rate,uSv/h,50.0,1.0,6360,0.0006266999989748001,True,,1,0.1,0.09000000000000001,False,,0.0006196000031195581,
2352,RADIATION,RADIATION,522680.9204974669,5696604.290406497,11,15,20.0,56376.37369581675,30.068022504239906,ground_equivalent_excess_gamma_dose_rate,uSv/h,50.0,1.0,6360,0.00037319998955354095,True,,1,0.1,0.09000000000000001,False,,0.0011240000021643937,
2353,RADIATION,RADIATION,522700.9204974669,5696604.290406497,11,16,20.0,56396.37369581675,243.33935468654178,ground_equivalent_excess_gamma_dose_rate,uSv/h,50.0,1.0,6360,0.0003403000009711832,True,,1,0.1,0.09000000000000001,False,,0.0006144000217318535,
2354,RADIATION,RADIATION,522680.9204974669,5696624.290406497,12,15,28.284271247461902,56424.65796706421,24.917317600956395,ground_equivalent_excess_gamma_dose_rate,uSv/h,50.0,1.0,6360,0.00036450001061894,True,,1,0.1,0.09000000000000001,False,,0.0006013000092934817,
2355,RADIATION,RADIATION,522700.9204974669,5696604.290406497,11,16,28.284271247461902,56452.94223831167,243.33935468654178,ground_equivalent_excess_gamma_dose_rate,uSv/h,50.0,1.0,6360,0.00037209998117759824,True,,1,0.1,0.09000000000000001,False,,0.0009129999962169677,
2356,RADIATION,RADIATION,522720.9204974669,5696624.290406497,12,17,28.284271247461902,56481.22650955913,73.03594648284593,ground_equivalent_excess_gamma_dose_rate,uSv/h,50.0,1.0,6360,0.0003532000118866563,True,,1,0.1,0.09000000000000001,False,,0.0005922999989707023,
2357,RADIATION,RADIATION,522740.9204974669,5696644.290406497,13,18,28.284271247461902,56509.51078080659,11.711336545772335,ground_equivalent_excess_gamma_dose_rate,uSv/h,50.0,1.0,6360,0.0003617999900598079,True,,1,0.1,0.09000000000000001,False,,0.0005828000139445066,
2358,RADIATION,RADIATION,522760.9204974669,5696664.290406497,14,19,28.284271247461902,56537.79505205405,4.733139833707345,ground_equivalent_excess_gamma_dose_rate,uSv/h,50.0,1.0,6360,0.0003691999881993979,True,,1,0.1,0.09000000000000001,False,,0.0011400000075809658,
2359,RADIATION,RADIATION,522740.9204974669,5696684.290406497,15,18,28.284271247461902,56566.07932330151,4.134508213393662,ground_equivalent_excess_gamma_dose_rate,uSv/h,50.0,1.0,6360,0.00035039999056607485,True,,1,0.1,0.09000000000000001,False,,0.0006059000152163208,
2360,RADIATION,RADIATION,522720.9204974669,5696664.290406497,14,17,28.284271247461902,56594.363594548966,8.362899229953147,ground_equivalent_excess_gamma_dose_rate,uSv/h,50.0,1.0,6360,0.0003759999817702919,True,,1,0.1,0.09000000000000001,False,,0.0008941000269260257,
2361,RADIATION,RADIATION,522740.9204974669,5696644.290406497,13,18,28.284271247461902,56622.647865796425,11.711336545772335,ground_equivalent_excess_gamma_dose_rate,uSv/h,50.0,1.0,6360,0.0005358000053092837,True,,1,0.1,0.09000000000000001,False,,0.0010823000047821552,
2362,RADIATION,RADIATION,522720.9204974669,5696644.290406497,13,17,20.0,56642.647865796425,19.218311652866753,ground_equivalent_excess_gamma_dose_rate,uSv/h,50.0,1.0,6360,0.0006374999938998371,True,,1,0.1,0.09000000000000001,False,,0.0007051999855320901,
2363,RADIATION,RADIATION,522740.9204974669,5696664.290406497,14,18,28.284271247461902,56670.932137043885,6.599696854282091,ground_equivalent_excess_gamma_dose_rate,uSv/h,50.0,1.0,6360,0.0008077000093180686,True,,1,0.1,0.09000000000000001,False,,0.0007975999906193465,
2364,RADIATION,RADIATION,522760.9204974669,5696664.290406497,14,19,20.0,56690.932137043885,4.733139833707345,ground_equivalent_excess_gamma_dose_rate,uSv/h,50.0,1.0,6360,0.0003524000057950616,True,,1,0.1,0.09000000000000001,False,,0.0006413999944925308,
2365,RADIATION,RADIATION,522780.9204974669,5696664.290406497,14,20,20.0,56710.932137043885,3.3819978290735624,ground_equivalent_excess_gamma_dose_rate,uSv/h,50.0,1.0,6360,0.0004661000275518745,True,,1,0.1,0.09000000000000001,False,,0.000907599984202534,
2366,RADIATION,RADIATION,522780.9204974669,5696644.290406497,13,20,20.0,56730.932137043885,4.229535056221794,ground_equivalent_excess_gamma_dose_rate,uSv/h,50.0,1.0,6360,0.0003724999842233956,True,,1,0.1,0.09000000000000001,False,,0.0010914999875240028,
2367,RADIATION,RADIATION,522780.9204974669,5696664.290406497,14,20,20.0,56750.932137043885,3.3819978290735624,ground_equivalent_excess_gamma_dose_rate,uSv/h,50.0,1.0,6360,0.0003404000017326325,True,,1,0.1,0.09000000000000001,False,,0.0006847000040579587,
2368,RADIATION,RADIATION,522800.9204974669,5696644.290406497,13,21,28.284271247461902,56779.216408291344,2.8835104264831535,ground_equivalent_excess_gamma_dose_rate,uSv/h,50.0,1.0,6360,0.0003662999952211976,True,,1,0.1,0.09000000000000001,False,,0.001126200018916279,
2369,RADIATION,RADIATION,522780.9204974669,5696624.290406497,12,20,28.284271247461902,56807.5006795388,4.93340773647319,ground_equivalent_excess_gamma_dose_rate,uSv/h,50.0,1.0,6360,0.0003643000090960413,True,,1,0.1,0.09000000000000001,False,,0.0006402999861165881,
2370,RADIATION,RADIATION,522800.9204974669,5696644.290406497,13,21,28.284271247461902,56835.78495078626,2.8835104264831535,ground_equivalent_excess_gamma_dose_rate,uSv/h,50.0,1.0,6360,0.0006504000048153102,True,,1,0.1,0.09000000000000001,False,,0.0005942999850958586,
2371,RADIATION,RADIATION,522800.9204974669,5696624.290406497,12,21,20.0,56855.78495078626,3.15948292882976,ground_equivalent_excess_gamma_dose_rate,uSv/h,50.0,1.0,6360,0.00037059999885968864,True,,1,0.1,0.09000000000000001,False,,0.0012463000020943582,
2372,RADIATION,RADIATION,522780.9204974669,5696604.290406497,11,20,28.284271247461902,56884.06922203372,5.074767708705548,ground_equivalent_excess_gamma_dose_rate,uSv/h,50.0,1.0,6360,0.00034279999090358615,True,,1,0.1,0.09000000000000001,False,,0.0006009000062476844,
2373,RADIATION,RADIATION,522760.9204974669,5696584.290406497,10,19,28.284271247461902,56912.35349328118,7.738131319563861,ground_equivalent_excess_gamma_dose_rate,uSv/h,50.0,1.0,6360,0.0007874000002630055,True,,1,0.1,0.09000000000000001,False,,0.0009002000151667744,
2374,RADIATION,RADIATION,522740.9204974669,5696584.290406497,10,18,20.0,56932.35349328118,15.29267702777449,ground_equivalent_excess_gamma_dose_rate,uSv/h,50.0,1.0,6360,0.0003597000031732023,True,,1,0.1,0.09000000000000001,False,,0.0006443999882321805,
2375,RADIATION,RADIATION,522720.9204974669,5696564.290406497,9,17,28.284271247461902,56960.63776452864,11.471871826735507,ground_equivalent_excess_gamma_dose_rate,uSv/h,50.0,1.0,6360,0.0005059999821241945,True,,1,0.1,0.09000000000000001,False,,0.0005901000113226473,
2376,RADIATION,RADIATION,522720.9204974669,5696584.290406497,10,17,20.0,56980.63776452864,31.75124557975091,ground_equivalent_excess_gamma_dose_rate,uSv/h,50.0,1.0,6360,0.00038800001493655145,True,,1,0.1,0.09000000000000001,False,,0.0006174000154715031,
2377,RADIATION,RADIATION,522740.9204974669,5696584.290406497,10,18,20.0,57000.63776452864,15.29267702777449,ground_equivalent_excess_gamma_dose_rate,uSv/h,50.0,1.0,6360,0.00034139998024329543,True,,1,0.1,0.09000000000000001,False,,0.0006247999845072627,
2378,RADIATION,RADIATION,522760.9204974669,5696564.290406497,9,19,28.284271247461902,57028.9220357761,5.466213888651866,ground_equivalent_excess_gamma_dose_rate,uSv/h,50.0,1.0,6360,0.0006343999993987381,True,,1,0.1,0.09000000000000001,False,,0.000585700006922707,
2379,RADIATION,RADIATION,522740.9204974669,5696544.290406497,8,18,28.284271247461902,57057.20630702356,4.8961900733823,ground_equivalent_excess_gamma_dose_rate,uSv/h,50.0,1.0,6360,0.0003805000160355121,True,,1,0.1,0.09000000000000001,False,,0.000971200002823025,
2380,RADIATION,RADIATION,522720.9204974669,5696544.290406497,8,17,20.0,57077.20630702356,5.811959629236703,ground_equivalent_excess_gamma_dose_rate,uSv/h,50.0,1.0,6360,0.0003471999953035265,True,,1,0.1,0.09000000000000001,False,,0.0005964000010862947,
2381,RADIATION,RADIATION,522720.9204974669,5696524.290406497,7,17,20.0,57097.20630702356,3.520218545388516,ground_equivalent_excess_gamma_dose_rate,uSv/h,50.0,1.0,6360,0.0006416999967768788,True,,1,0.1,0.09000000000000001,False,,0.0005882999976165593,
2382,RADIATION,RADIATION,522740.9204974669,5696544.290406497,8,18,28.284271247461902,57125.49057827102,4.8961900733823,ground_equivalent_excess_gamma_dose_rate,uSv/h,50.0,1.0,6360,0.00035860002390109,True,,1,0.1,0.09000000000000001,False,,0.001160600018920377,
2383,RADIATION,RADIATION,522760.9204974669,5696524.290406497,7,19,28.284271247461902,57153.77484951848,2.675978420960028,ground_equivalent_excess_gamma_dose_rate,uSv/h,50.0,1.0,6360,0.0003400999994482845,True,,1,0.1,0.09000000000000001,False,,0.0005907999875489622,
2384,RADIATION,RADIATION,522740.9204974669,5696524.290406497,7,18,20.0,57173.77484951848,3.1741810962638093,ground_equivalent_excess_gamma_dose_rate,uSv/h,50.0,1.0,6360,0.0009572000126354396,True,,1,0.1,0.09000000000000001,False,,0.0009094999986700714,
2385,RADIATION,RADIATION,522720.9204974669,5696504.290406497,6,17,28.284271247461902,57202.05912076594,2.375310693090705,ground_equivalent_excess_gamma_dose_rate,uSv/h,50.0,1.0,6360,0.00036199999158270657,True,,1,0.1,0.09000000000000001,False,,0.0006388000037986785,
2386,RADIATION,RADIATION,522720.9204974669,5696484.290406497,5,17,20.0,57222.05912076594,1.7221206217312222,ground_equivalent_excess_gamma_dose_rate,uSv/h,50.0,1.0,6360,0.0003480999730527401,True,,1,0.1,0.09000000000000001,False,,0.0006030999938957393,
2387,RADIATION,RADIATION,522720.9204974669,5696464.290406497,4,17,20.0,57242.05912076594,1.3138226031408886,ground_equivalent_excess_gamma_dose_rate,uSv/h,50.0,1.0,6360,0.0008111999777611345,True,,1,0.1,0.09000000000000001,False,,0.0006209999846760184,
2388,RADIATION,RADIATION,522700.9204974669,5696444.290406497,3,16,28.284271247461902,57270.3433920134,1.0419019287542814,ground_equivalent_excess_gamma_dose_rate,uSv/h,50.0,1.0,6360,0.0005474000063259155,True,,1,0.1,0.09000000000000001,False,,0.0006203000084497035,
2389,RADIATION,RADIATION,522700.9204974669,5696464.290406497,4,16,20.0,57290.3433920134,1.316051650550367,ground_equivalent_excess_gamma_dose_rate,uSv/h,50.0,1.0,6360,0.0006491999956779182,True,,1,0.1,0.09000000000000001,False,,0.0003879000141751021,
2390,RADIATION,RADIATION,522720.9204974669,5696484.290406497,5,17,28.284271247461902,57318.62766326086,1.7221206217312222,ground_equivalent_excess_gamma_dose_rate,uSv/h,50.0,1.0,6360,0.00039400000241585076,True,,1,0.1,0.09000000000000001,False,,0.0008131999929901212,
2391,RADIATION,RADIATION,522740.9204974669,5696504.290406497,6,18,28.284271247461902,57346.911934508316,2.219254515237462,ground_equivalent_excess_gamma_dose_rate,uSv/h,50.0,1.0,6360,0.00034619998768903315,True,,1,0.1,0.09000000000000001,False,,0.0006236000044737011,
2392,RADIATION,RADIATION,522760.9204974669,5696484.290406497,5,19,28.284271247461902,57375.196205755776,1.5093693524689298,ground_equivalent_excess_gamma_dose_rate,uSv/h,50.0,1.0,6360,0.0010352999961469322,True,,1,0.1,0.09000000000000001,False,,0.0009082999895326793,
2393,RADIATION,RADIATION,522760.9204974669,5696504.290406497,6,19,20.0,57395.196205755776,1.9729469486926188,ground_equivalent_excess_gamma_dose_rate,uSv/h,50.0,1.0,6360,0.00034679999225772917,True,,1,0.1,0.09000000000000001,False,,0.000620899983914569,
2394,RADIATION,RADIATION,522780.9204974669,5696504.290406497,6,20,20.0,57415.196205755776,1.700565906810799,ground_equivalent_excess_gamma_dose_rate,uSv/h,50.0,1.0,6360,0.0006197000038810074,True,,1,0.1,0.09000000000000001,False,,0.0006046000053174794,
2395,RADIATION,RADIATION,522760.9204974669,5696484.290406497,5,19,28.284271247461902,57443.480477003235,1.5093693524689298,ground_equivalent_excess_gamma_dose_rate,uSv/h,50.0,1.0,6360,0.0003583999932743609,True,,1,0.1,0.09000000000000001,False,,0.0010323000024072826,
2396,RADIATION,RADIATION,522740.9204974669,5696464.290406497,4,18,28.284271247461902,57471.764748250695,1.269455373536224,ground_equivalent_excess_gamma_dose_rate,uSv/h,50.0,1.0,6360,0.0003556000010576099,True,,1,0.1,0.09000000000000001,False,,0.0005914000212214887,
2397,RADIATION,RADIATION,522760.9204974669,5696464.290406497,4,19,20.0,57491.764748250695,1.1921141757559184,ground_equivalent_excess_gamma_dose_rate,uSv/h,50.0,1.0,6360,0.0006419999990612268,True,,1,0.1,0.09000000000000001,False,,0.0005789999850094318,
2398,RADIATION,RADIATION,522740.9204974669,5696464.290406497,4,18,20.0,57511.764748250695,1.269455373536224,ground_equivalent_excess_gamma_dose_rate,uSv/h,50.0,1.0,6360,0.00036899998667649925,True,,1,0.1,0.09000000000000001,False,,0.0011824999819509685,
2399,RADIATION,RADIATION,522720.9204974669,5696444.290406497,3,17,28.284271247461902,57540.049019498154,1.041000130399507,ground_equivalent_excess_gamma_dose_rate,uSv/h,50.0,1.0,6360,0.0003513999981805682,True,,1,0.1,0.09000000000000001,False,,0.0007020000193733722,
2400,RADIATION,RADIATION,522740.9204974669,5696464.290406497,4,18,28.284271247461902,57568.33329074561,1.269455373536224,ground_equivalent_excess_gamma_dose_rate,uSv/h,50.0,1.0,6360,0.00048550000065006316,True,,1,0.1,0.09000000000000001,False,,0.0008040999819058925,
2401,RADIATION,RADIATION,522720.9204974669,5696484.290406497,5,17,28.284271247461902,57596.61756199307,1.7221206217312222,ground_equivalent_excess_gamma_dose_rate,uSv/h,50.0,1.0,6360,0.0003532000118866563,True,,1,0.1,0.09000000000000001,False,,0.0006178999901749194,
2402,RADIATION,RADIATION,522740.9204974669,5696484.290406497,5,18,20.0,57616.61756199307,1.6425339176391134,ground_equivalent_excess_gamma_dose_rate,uSv/h,50.0,1.0,6360,0.00033239999902434647,True,,1,0.1,0.09000000000000001,False,,0.000598000013269484,
2403,RADIATION,RADIATION,522760.9204974669,5696504.290406497,6,19,28.284271247461902,57644.90183324053,1.9729469486926188,ground_equivalent_excess_gamma_dose_rate,uSv/h,50.0,1.0,6360,0.0008779999916441739,True,,1,0.1,0.09000000000000001,False,,0.0009299000084865838,
2404,RADIATION,RADIATION,522780.9204974669,5696524.290406497,7,20,28.284271247461902,57673.18610448799,2.182852668077184,ground_equivalent_excess_gamma_dose_rate,uSv/h,50.0,1.0,6360,0.00037090000114403665,True,,1,0.1,0.09000000000000001,False,,0.0006374999938998371,
2405,RADIATION,RADIATION,522800.9204974669,5696544.290406497,8,21,28.284271247461902,57701.47037573545,2.158846881490496,ground_equivalent_excess_gamma_dose_rate,uSv/h,50.0,1.0,6360,0.00033950002398341894,True,,1,0.1,0.09000000000000001,False,,0.0005970000056549907,
2406,RADIATION,RADIATION,522820.9204974669,5696524.290406497,7,22,28.284271247461902,57729.75464698291,1.442873932617406,ground_equivalent_excess_gamma_dose_rate,uSv/h,50.0,1.0,6360,0.00044419997720979154,True,,1,0.1,0.09000000000000001,False,,0.0012524999910965562,
2407,RADIATION,RADIATION,522840.9204974669,5696544.290406497,8,23,28.284271247461902,57758.03891823037,1.349806202603142,ground_equivalent_excess_gamma_dose_rate,uSv/h,50.0,1.0,6360,0.0004652000206988305,True,,1,0.1,0.09000000000000001,False,,0.0006453999958466738,
2408,RADIATION,RADIATION,522860.9204974669,5696544.290406497,8,24,20.0,57778.03891823037,1.1115986157128122,ground_equivalent_excess_gamma_dose_rate,uSv/h,50.0,1.0,6360,0.00038789998507127166,True,,1,0.1,0.09000000000000001,False,,0.0007459000044036657,
2409,RADIATION,RADIATION,522840.9204974669,5696564.290406497,9,23,28.284271247461902,57806.32318947783,1.4965638384236264,ground_equivalent_excess_gamma_dose_rate,uSv/h,50.0,1.0,6360,0.00039090000791475177,True,,1,0.1,0.09000000000000001,False,,0.0007625999860465527,
2410,RADIATION,RADIATION,522840.9204974669,5696584.290406497,10,23,20.0,57826.32318947783,1.6143615091058312,ground_equivalent_excess_gamma_dose_rate,uSv/h,50.0,1.0,6360,0.0003563000063877553,True,,1,0.1,0.09000000000000001,False,,0.0006471000087913126,
2411,RADIATION,RADIATION,522840.9204974669,5696564.290406497,9,23,20.0,57846.32318947783,1.4965638384236264,ground_equivalent_excess_gamma_dose_rate,uSv/h,50.0,1.0,6360,0.00033710000570863485,True,,1,0.1,0.09000000000000001,False,,0.000588800001423806,
2412,RADIATION,RADIATION,522820.9204974669,5696564.290406497,9,22,20.0,57866.32318947783,1.9254481906253862,ground_equivalent_excess_gamma_dose_rate,uSv/h,50.0,1.0,6360,0.00034690002212300897,True,,1,0.1,0.09000000000000001,False,,0.0005954999942332506,
2413,RADIATION,RADIATION,522820.9204974669,5696544.290406497,8,22,20.0,57886.32318947783,1.6834278257215576,ground_equivalent_excess_gamma_dose_rate,uSv/h,50.0,1.0,6360,0.00035489999572746456,True,,1,0.1,0.09000000000000001,False,,0.0005709000106435269,
2414,RADIATION,RADIATION,522840.9204974669,5696524.290406497,7,23,28.284271247461902,57914.60746072529,1.195060057353778,ground_equivalent_excess_gamma_dose_rate,uSv/h,50.0,1.0,6360,0.00034920001053251326,True,,1,0.1,0.09000000000000001,False,,0.0006127999804448336,
2415,RADIATION,RADIATION,522820.9204974669,5696524.290406497,7,22,20.0,57934.60746072529,1.442873932617406,ground_equivalent_excess_gamma_dose_rate,uSv/h,50.0,1.0,6360,0.00034180001239292324,True,,1,0.1,0.09000000000000001,False,,0.0005784000095445663,
2416,RADIATION,RADIATION,522820.9204974669,5696544.290406497,8,22,20.0,57954.60746072529,1.6834278257215576,ground_equivalent_excess_gamma_dose_rate,uSv/h,50.0,1.0,6360,0.0003369000041857362,True,,1,0.1,0.09000000000000001,False,,0.0005737000028602779,
2417,RADIATION,RADIATION,522820.9204974669,5696564.290406497,9,22,20.0,57974.60746072529,1.9254481906253862,ground_equivalent_excess_gamma_dose_rate,uSv/h,50.0,1.0,6360,0.0003327000013086945,True,,1,0.1,0.09000000000000001,False,,0.0005904999852646142,
2418,RADIATION,RADIATION,522800.9204974669,5696564.290406497,9,21,20.0,57994.60746072529,2.5903545392336462,ground_equivalent_excess_gamma_dose_rate,uSv/h,50.0,1.0,6360,0.0003389999910723418,True,,1,0.1,0.09000000000000001,False,,0.0005631000094581395,
2419,RADIATION,RADIATION,522820.9204974669,5696544.290406497,8,22,28.284271247461902,58022.89173197275,1.6834278257215576,ground_equivalent_excess_gamma_dose_rate,uSv/h,50.0,1.0,6360,0.0003327000013086945,True,,1,0.1,0.09000000000000001,False,,0.0005851999740116298,
2420,RADIATION,RADIATION,522840.9204974669,5696544.290406497,8,23,20.0,58042.89173197275,1.349806202603142,ground_equivalent_excess_gamma_dose_rate,uSv/h,50.0,1.0,6360,0.0003394999948795885,True,,1,0.1,0.09000000000000001,False,,0.0005702000053133816,
2421,RADIATION,RADIATION,522860.9204974669,5696564.290406497,9,24,28.284271247461902,58071.17600322021,1.2075265095968724,ground_equivalent_excess_gamma_dose_rate,uSv/h,50.0,1.0,6360,0.00032839999767020345,True,,1,0.1,0.09000000000000001,False,,0.0005727999960072339,
2422,RADIATION,RADIATION,522880.9204974669,5696584.290406497,10,25,28.284271247461902,58099.46027446767,1.0593096039605887,ground_equivalent_excess_gamma_dose_rate,uSv/h,50.0,1.0,6360,0.0003389999910723418,True,,1,0.1,0.09000000000000001,False,,0.0005775000026915222,
2423,RADIATION,RADIATION,522880.9204974669,5696564.290406497,9,25,20.0,58119.46027446767,1.0050603233587787,ground_equivalent_excess_gamma_dose_rate,uSv/h,50.0,1.0,6360,0.0003307999868411571,True,,1,0.1,0.09000000000000001,False,,0.0006547999801114202,
2424,RADIATION,RADIATION,522880.9204974669,5696544.290406497,8,25,20.0,58139.46027446767,0.9377530278964872,ground_equivalent_excess_gamma_dose_rate,uSv/h,50.0,1.0,6360,0.00033080001594498754,True,,1,0.1,0.09000000000000001,False,,0.0005892000044696033,
2425,RADIATION,RADIATION,522860.9204974669,5696564.290406497,9,24,28.284271247461902,58167.744545715126,1.2075265095968724,ground_equivalent_excess_gamma_dose_rate,uSv/h,50.0,1.0,6360,0.00032309998641721904,True,,1,0.1,0.09000000000000001,False,,0.0005653999978676438,
2426,RADIATION,RADIATION,522880.9204974669,5696544.290406497,8,25,28.284271247461902,58196.028816962586,0.9377530278964872,ground_equivalent_excess_gamma_dose_rate,uSv/h,50.0,1.0,6360,0.00032679998548701406,True,,1,0.1,0.09000000000000001,False,,0.0005824000108987093,
2427,RADIATION,RADIATION,522880.9204974669,5696524.290406497,7,25,20.0,58216.028816962586,0.8632656246618859,ground_equivalent_excess_gamma_dose_rate,uSv/h,50.0,1.0,6360,0.0003480000013951212,True,,1,0.1,0.09000000000000001,False,,0.0005621000018436462,
2428,RADIATION,RADIATION,522860.9204974669,5696504.290406497,6,24,28.284271247461902,58244.313088210045,0.9025507009736873,ground_equivalent_excess_gamma_dose_rate,uSv/h,50.0,1.0,6360,0.0003333000058773905,True,,1,0.1,0.09000000000000001,False,,0.0005625000048894435,
2429,RADIATION,RADIATION,522840.9204974669,5696504.290406497,6,23,20.0,58264.313088210045,1.0470926247646222,ground_equivalent_excess_gamma_dose_rate,uSv/h,50.0,1.0,6360,0.0003462000167928636,True,,1,0.1,0.09000000000000001,False,,0.0005619000003207475,
2430,RADIATION,RADIATION,522820.9204974669,5696504.290406497,6,22,20.0,58284.313088210045,1.2267281399085166,ground_equivalent_excess_gamma_dose_rate,uSv/h,50.0,1.0,6360,0.00033209999673999846,True,,1,0.1,0.09000000000000001,False,,0.0005676000146195292,
2431,RADIATION,RADIATION,522840.9204974669,5696504.290406497,6,23,20.0,58304.313088210045,1.0470926247646222,ground_equivalent_excess_gamma_dose_rate,uSv/h,50.0,1.0,6360,0.00034180001239292324,True,,1,0.1,0.09000000000000001,False,,0.000600800005486235,
2432,RADIATION,RADIATION,522840.9204974669,5696484.290406497,5,23,20.0,58324.313088210045,0.9137053170298137,ground_equivalent_excess_gamma_dose_rate,uSv/h,50.0,1.0,6360,0.0003313999914098531,True,,1,0.1,0.09000000000000001,False,,0.0005890000029467046,
2433,RADIATION,RADIATION,522820.9204974669,5696504.290406497,6,22,28.284271247461902,58352.597359457504,1.2267281399085166,ground_equivalent_excess_gamma_dose_rate,uSv/h,50.0,1.0,6360,0.00033030001213774085,True,,1,0.1,0.09000000000000001,False,,0.0005859000084456056,
2434,RADIATION,RADIATION,522800.9204974669,5696524.290406497,7,21,28.284271247461902,58380.881630704964,1.7678874241356466,ground_equivalent_excess_gamma_dose_rate,uSv/h,50.0,1.0,6360,0.0003490000090096146,True,,1,0.1,0.09000000000000001,False,,0.0005622000026050955,
2435,RADIATION,RADIATION,522780.9204974669,5696524.290406497,7,20,20.0,58400.881630704964,2.182852668077184,ground_equivalent_excess_gamma_dose_rate,uSv/h,50.0,1.0,6360,0.0003347999881953001,True,,1,0.1,0.09000000000000001,False,,0.0005729999975301325,
2436,RADIATION,RADIATION,522780.9204974669,5696504.290406497,6,20,20.0,58420.881630704964,1.700565906810799,ground_equivalent_excess_gamma_dose_rate,uSv/h,50.0,1.0,6360,0.0003417999832890928,True,,1,0.1,0.09000000000000001,False,,0.0005662999756168574,
2437,RADIATION,RADIATION,522800.9204974669,5696504.290406497,6,21,20.0,58440.881630704964,1.4455556908545484,ground_equivalent_excess_gamma_dose_rate,uSv/h,50.0,1.0,6360,0.00032560000545345247,True,,1,0.1,0.09000000000000001,False,,0.0005655999993905425,
2438,RADIATION,RADIATION,522780.9204974669,5696524.290406497,7,20,28.284271247461902,58469.16590195242,2.182852668077184,ground_equivalent_excess_gamma_dose_rate,uSv/h,50.0,1.0,6360,0.00032580000697635114,True,,1,0.1,0.09000000000000001,False,,0.0005678999878000468,
2439,RADIATION,RADIATION,522800.9204974669,5696504.290406497,6,21,28.284271247461902,58497.45017319988,1.4455556908545484,ground_equivalent_excess_gamma_dose_rate,uSv/h,50.0,1.0,6360,0.0003200999926775694,True,,1,0.1,0.09000000000000001,False,,0.0005654999986290932,
2440,RADIATION,RADIATION,522820.9204974669,5696484.290406497,5,22,28.284271247461902,58525.73444444734,1.0427973128384829,ground_equivalent_excess_gamma_dose_rate,uSv/h,50.0,1.0,6360,0.00033260000054724514,True,,1,0.1,0.09000000000000001,False,,0.0005757000180892646,
2441,RADIATION,RADIATION,522840.9204974669,5696484.290406497,5,23,20.0,58545.73444444734,0.9137053170298137,ground_equivalent_excess_gamma_dose_rate,uSv/h,50.0,1.0,6360,0.00032320001628249884,True,,1,0.1,0.09000000000000001,False,,0.0005652999971061945,
2442,RADIATION,RADIATION,522860.9204974669,5696464.290406497,4,24,28.284271247461902,58574.0187156948,0.7151108151593524,ground_equivalent_excess_gamma_dose_rate,uSv/h,50.0,1.0,6360,0.0003344999859109521,True,,1,0.1,0.09000000000000001,False,,0.0006052000098861754,
2443,RADIATION,RADIATION,522880.9204974669,5696444.290406497,3,25,28.284271247461902,58602.30298694226,0.5802667627557299,ground_equivalent_excess_gamma_dose_rate,uSv/h,50.0,1.0,6360,0.0003887999919243157,True,,1,0.1,0.09000000000000001,False,,0.000548599986359477,
2444,RADIATION,RADIATION,522900.9204974669,5696424.290406497,2,26,28.284271247461902,58630.58725818972,0.48381648347346146,ground_equivalent_excess_gamma_dose_rate,uSv/h,50.0,1.0,6360,0.0004535999905783683,True,,1,0.1,0.09000000000000001,False,,0.0005590000073425472,
2445,RADIATION,RADIATION,522920.9204974669,5696444.290406497,3,27,28.284271247461902,58658.87152943718,0.4874773992733072,ground_equivalent_excess_gamma_dose_rate,uSv/h,50.0,1.0,6360,0.00035760001628659666,True,,1,0.1,0.09000000000000001,False,,0.0005339999916031957,
2446,RADIATION,RADIATION,522940.9204974669,5696464.290406497,4,28,28.284271247461902,58687.15580068464,0.48483437463739526,ground_equivalent_excess_gamma_dose_rate,uSv/h,50.0,1.0,6360,0.0003615999885369092,True,,1,0.1,0.09000000000000001,False,,0.0005524000152945518,
2447,RADIATION,RADIATION,522940.9204974669,5696484.290406497,5,28,20.0,58707.15580068464,0.5214955161299557,ground_equivalent_excess_gamma_dose_rate,uSv/h,50.0,1.0,6360,0.0003496000135783106,True,,1,0.1,0.09000000000000001,False,,0.0005527999892365187,
2448,RADIATION,RADIATION,522960.9204974669,5696504.290406497,6,29,28.284271247461902,58735.4400719321,0.5089455340403108,ground_equivalent_excess_gamma_dose_rate,uSv/h,50.0,1.0,6360,0.00036700000055134296,True,,1,0.1,0.09000000000000001,False,,0.0005482000124175102,
2449,RADIATION,RADIATION,522980.9204974669,5696524.290406497,7,30,28.284271247461902,58763.72434317956,0.494633403077741,ground_equivalent_excess_gamma_dose_rate,uSv/h,50.0,1.0,6360,0.00035940000088885427,True,,1,0.1,0.09000000000000001,False,,0.0005395000043790787,
2450,RADIATION,RADIATION,523000.920497467,5696544.290406497,8,31,28.28427124750306,58792.00861442706,0.48093706710881884,ground_equivalent_excess_gamma_dose_rate,uSv/h,50.0,1.0,6360,0.000371600006474182,True,,1,0.1,0.09000000000000001,False,,0.0005396000051405281,
2451,RADIATION,RADIATION,523000.920497467,5696564.290406497,9,31,20.0,58812.00861442706,0.5052749783407449,ground_equivalent_excess_gamma_dose_rate,uSv/h,50.0,1.0,6360,0.0003597000031732023,True,,1,0.1,0.09000000000000001,False,,0.0005393000028561801,
2452,RADIATION,RADIATION,523000.920497467,5696584.290406497,10,31,20.0,58832.00861442706,0.5296688156082658,ground_equivalent_excess_gamma_dose_rate,uSv/h,50.0,1.0,6360,0.00035429999115876853,True,,1,0.1,0.09000000000000001,False,,0.0005378999921958894,
2453,RADIATION,RADIATION,523020.920497467,5696604.290406497,11,32,28.284271247461902,58860.29288567452,0.5176704743513407,ground_equivalent_excess_gamma_dose_rate,uSv/h,50.0,1.0,6360,0.0003591999993659556,True,,1,0.1,0.09000000000000001,False,,0.0005350999999791384,
2454,RADIATION,RADIATION,523020.920497467,5696624.290406497,12,32,20.0,58880.29288567452,0.5438094574475698,ground_equivalent_excess_gamma_dose_rate,uSv/h,50.0,1.0,6360,0.0003403000009711832,True,,1,0.1,0.09000000000000001,False,,0.0005586000042967498,
2455,RADIATION,RADIATION,523040.920497467,5696604.290406497,11,33,28.284271247461902,58908.57715692198,0.4863542570745835,ground_equivalent_excess_gamma_dose_rate,uSv/h,50.0,1.0,6360,0.00033549999352544546,True,,1,0.1,0.09000000000000001,False,,0.0005373999883886427,
2456,RADIATION,RADIATION,523060.920497467,5696624.290406497,12,34,28.284271247461902,58936.86142816944,0.4853398590602193,ground_equivalent_excess_gamma_dose_rate,uSv/h,50.0,1.0,6360,0.00034890000824816525,True,,1,0.1,0.09000000000000001,False,,0.0005518999823834747,
2457,RADIATION,RADIATION,523060.920497467,5696644.290406497,13,34,20.0,58956.86142816944,0.5152756333531749,ground_equivalent_excess_gamma_dose_rate,uSv/h,50.0,1.0,6360,0.00033290000283159316,True,,1,0.1,0.09000000000000001,False,,0.0005369999853428453,
2458,RADIATION,RADIATION,523080.920497467,5696664.290406497,14,35,28.284271247461902,58985.1456994169,0.5249926915831415,ground_equivalent_excess_gamma_dose_rate,uSv/h,50.0,1.0,6360,0.00034470000537112355,True,,1,0.1,0.09000000000000001,False,,0.0005444000125862658,
2459,RADIATION,RADIATION,523100.920497467,5696664.290406497,14,36,20.0,59005.1456994169,0.5004798376100599,ground_equivalent_excess_gamma_dose_rate,uSv/h,50.0,1.0,6360,0.0003546999942045659,True,,1,0.1,0.09000000000000001,False,,0.0005320999771356583,
2460,RADIATION,RADIATION,523120.920497467,5696664.290406497,14,37,20.0,59025.1456994169,0.4762543037589599,ground_equivalent_excess_gamma_dose_rate,uSv/h,50.0,1.0,6360,0.0003378000110387802,True,,1,0.1,0.09000000000000001,False,,0.0005431000026874244,
2461,RADIATION,RADIATION,523140.920497467,5696664.290406497,14,38,20.0,59045.1456994169,0.45219524246875226,ground_equivalent_excess_gamma_dose_rate,uSv/h,50.0,1.0,6360,0.00036700000055134296,True,,1,0.1,0.09000000000000001,False,,0.0005565999890677631,
2462,RADIATION,RADIATION,523160.920497467,5696684.290406497,15,39,28.284271247461902,59073.42997066436,0.4622891909323233,ground_equivalent_excess_gamma_dose_rate,uSv/h,50.0,1.0,6360,0.00033729997812770307,True,,1,0.1,0.09000000000000001,False,,0.0005410999874584377,
2463,RADIATION,RADIATION,523180.920497467,5696684.290406497,15,40,20.0,59093.42997066436,0.43577386619465547,ground_equivalent_excess_gamma_dose_rate,uSv/h,50.0,1.0,6360,0.00033510001958347857,True,,1,0.1,0.09000000000000001,False,,0.0005511999770533293,
2464,RADIATION,RADIATION,523200.920497467,5696704.290406497,16,41,28.284271247461902,59121.71424191182,0.4420057542215365,ground_equivalent_excess_gamma_dose_rate,uSv/h,50.0,1.0,6360,0.0003369000041857362,True,,1,0.1,0.09000000000000001,False,,0.0005364999815355986,
2465,RADIATION,RADIATION,523220.920497467,5696724.290406497,17,42,28.284271247461902,59149.99851315928,0.4454417287183214,ground_equivalent_excess_gamma_dose_rate,uSv/h,50.0,1.0,6360,0.0003391000209376216,True,,1,0.1,0.09000000000000001,False,,0.0005456000217236578,
2466,RADIATION,RADIATION,523240.920497467,5696744.290406497,18,43,28.284271247461902,59178.282784406736,0.44461823434657505,ground_equivalent_excess_gamma_dose_rate,uSv/h,50.0,1.0,6360,0.0003327000013086945,True,,1,0.1,0.09000000000000001,False,,0.0005333000153768808,
2467,RADIATION,RADIATION,523260.920497467,5696764.290406497,19,44,28.284271247461902,59206.567055654195,0.4385061729471004,ground_equivalent_excess_gamma_dose_rate,uSv/h,50.0,1.0,6360,0.00033939999411813915,True,,1,0.1,0.09000000000000001,False,,0.0005522999854292721,
2468,RADIATION,RADIATION,523280.920497467,5696784.290406497,20,45,28.284271247461902,59234.851326901655,0.4267553379210715,ground_equivalent_excess_gamma_dose_rate,uSv/h,50.0,1.0,6360,0.00034759999834932387,True,,1,0.1,0.09000000000000001,False,,0.000531300000147894,
2469,RADIATION,RADIATION,523280.920497467,5696804.290406497,21,45,20.0,59254.851326901655,0.4543270449298941,ground_equivalent_excess_gamma_dose_rate,uSv/h,50.0,1.0,6360,0.00033420001273043454,True,,1,0.1,0.09000000000000001,False,,0.0005338999908417463,
2470,RADIATION,RADIATION,523300.920497467,5696784.290406497,20,46,28.284271247461902,59283.135598149114,0.38787202614310495,ground_equivalent_excess_gamma_dose_rate,uSv/h,50.0,1.0,6360,0.0003440000000409782,True,,1,0.1,0.09000000000000001,False,,0.0005293999856803566,
2471,RADIATION,RADIATION,523320.920497467,5696804.290406497,21,47,28.284271247461902,59311.41986939657,0.37107342942525495,ground_equivalent_excess_gamma_dose_rate,uSv/h,50.0,1.0,6360,0.00033650000113993883,True,,1,0.1,0.09000000000000001,False,,0.0005362000083550811,
2472,RADIATION,RADIATION,523340.920497467,5696824.290406497,22,48,28.284271247461902,59339.70414064403,0.35125795790058917,ground_equivalent_excess_gamma_dose_rate,uSv/h,50.0,1.0,6360,0.0003510999958962202,True,,1,0.1,0.09000000000000001,False,,0.0005382999952416867,
2473,RADIATION,RADIATION,523360.920497467,5696844.290406497,23,49,28.284271247461902,59367.98841189149,0.32952629831983765,ground_equivalent_excess_gamma_dose_rate,uSv/h,50.0,1.0,6360,0.0003437999985180795,True,,1,0.1,0.09000000000000001,False,,0.0005364000098779798,
2474,RADIATION,RADIATION,523360.920497467,5696864.290406497,24,49,20.0,59387.98841189149,0.33899975019688505,ground_equivalent_excess_gamma_dose_rate,uSv/h,50.0,1.0,6360,0.000350600021192804,True,,1,0.1,0.09000000000000001,False,,0.0006504000048153102,
2475,RADIATION,RADIATION,523360.920497467,5696884.290406497,25,49,20.0,59407.98841189149,0.34712888387891166,ground_equivalent_excess_gamma_dose_rate,uSv/h,50.0,1.0,6360,0.0003420000139158219,True,,1,0.1,0.09000000000000001,False,,0.0005602999881375581,
2476,RADIATION,RADIATION,523360.920497467,5696904.290406497,26,49,20.0,59427.98841189149,0.3535548564611601,ground_equivalent_excess_gamma_dose_rate,uSv/h,50.0,1.0,6360,0.0003330000035930425,True,,1,0.1,0.09000000000000001,False,,0.0005528999899979681,
2477,RADIATION,RADIATION,523380.920497467,5696924.290406497,27,50,28.284271247461902,59456.27268313895,0.3215216186189333,ground_equivalent_excess_gamma_dose_rate,uSv/h,50.0,1.0,6360,0.00033569999504834414,True,,1,0.1,0.09000000000000001,False,,0.0005298000178299844,
2478,RADIATION,RADIATION,523400.920497467,5696944.290406497,28,51,28.284271247461902,59484.55695438641,0.29188461134918847,ground_equivalent_excess_gamma_dose_rate,uSv/h,50.0,1.0,6360,0.00034929998219013214,True,,1,0.1,0.09000000000000001,False,,0.0005501999985426664,
2479,RADIATION,RADIATION,523400.920497467,5696964.290406497,29,51,20.0,59504.55695438641,0.29148512183725156,ground_equivalent_excess_gamma_dose_rate,uSv/h,50.0,1.0,6360,0.0003480000013951212,True,,1,0.1,0.09000000000000001,False,,0.0005368000129237771,
2480,RADIATION,RADIATION,523400.920497467,5696984.290406497,30,51,20.0,59524.55695438641,0.2895743430816917,ground_equivalent_excess_gamma_dose_rate,uSv/h,50.0,1.0,6360,0.0003319999959785491,True,,1,0.1,0.09000000000000001,False,,0.0005392000020947307,
2481,RADIATION,RADIATION,523400.920497467,5697004.290406496,31,51,19.999999999068677,59544.55695438548,0.28619832408934415,ground_equivalent_excess_gamma_dose_rate,uSv/h,50.0,1.0,6360,0.00034249998861923814,True,,1,0.1,0.09000000000000001,False,,0.0005382000235840678,
2482,RADIATION,RADIATION,523400.920497467,5697024.290406496,32,51,20.0,59564.55695438548,0.2814580236137779,ground_equivalent_excess_gamma_dose_rate,uSv/h,50.0,1.0,6360,0.0003333000058773905,True,,1,0.1,0.09000000000000001,False,,0.0005378999921958894,
2483,RADIATION,RADIATION,523400.920497467,5697044.290406496,33,51,20.0,59584.55695438548,0.275499960083033,ground_equivalent_excess_gamma_dose_rate,uSv/h,50.0,1.0,6360,0.0003328000020701438,True,,1,0.1,0.09000000000000001,False,,0.000534099992364645,
2484,RADIATION,RADIATION,523400.920497467,5697064.290406496,34,51,20.0,59604.55695438548,0.26850335253460766,ground_equivalent_excess_gamma_dose_rate,uSv/h,50.0,1.0,6360,0.00033660000190138817,True,,1,0.1,0.09000000000000001,False,,0.0005381999944802374,
2485,RADIATION,RADIATION,523400.920497467,5697084.290406496,35,51,20.0,59624.55695438548,0.2606657907611903,ground_equivalent_excess_gamma_dose_rate,uSv/h,50.0,1.0,6360,0.0003336000081617385,True,,1,0.1,0.09000000000000001,False,,0.0005490999901667237,
2486,RADIATION,RADIATION,523380.920497467,5697104.290406496,36,50,28.284271247461902,59652.84122563294,0.27471559634594334,ground_equivalent_excess_gamma_dose_rate,uSv/h,50.0,1.0,6360,0.00037009999505244195,True,,1,0.1,0.09000000000000001,False,,0.0005387999990489334,
2487,RADIATION,RADIATION,523360.920497467,5697124.290406496,37,49,28.284271247461902,59681.1254968804,0.2874632347289841,ground_equivalent_excess_gamma_dose_rate,uSv/h,50.0,1.0,6360,0.0003425999893806875,True,,1,0.1,0.09000000000000001,False,,0.0006523999909404665,
2488,RADIATION,RADIATION,523340.920497467,5697144.290406496,38,48,28.284271247461902,59709.40976812786,0.29823103235183485,ground_equivalent_excess_gamma_dose_rate,uSv/h,50.0,1.0,6360,0.0003598000039346516,True,,1,0.1,0.09000000000000001,False,,0.0005412000173237175,
2489,RADIATION,RADIATION,523320.920497467,5697164.290406496,39,47,28.284271247461902,59737.69403937532,0.30637740160678256,ground_equivalent_excess_gamma_dose_rate,uSv/h,50.0,1.0,6360,0.00033710000570863485,True,,1,0.1,0.09000000000000001,False,,0.0005426999996416271,
2490,RADIATION,RADIATION,523300.920497467,5697184.290406496,40,46,28.284271247461902,59765.97831062278,0.31139753914921514,ground_equivalent_excess_gamma_dose_rate,uSv/h,50.0,1.0,6360,0.0003572000132407993,True,,1,0.1,0.09000000000000001,False,,0.0005393000028561801,
2491,RADIATION,RADIATION,523280.920497467,5697184.290406496,40,45,20.0,59785.97831062278,0.33654998280780307,ground_equivalent_excess_gamma_dose_rate,uSv/h,50.0,1.0,6360,0.0003370000049471855,True,,1,0.1,0.09000000000000001,False,,0.0005345000245142728,
2492,RADIATION,RADIATION,523280.920497467,5697204.290406496,41,45,20.0,59805.97831062278,0.31301534593068275,ground_equivalent_excess_gamma_dose_rate,uSv/h,50.0,1.0,6360,0.0003242000238969922,True,,1,0.1,0.09000000000000001,False,,0.0005425999988801777,
2493,RADIATION,RADIATION,523280.920497467,5697224.290406496,42,45,20.0,59825.97831062278,0.29148590595702295,ground_equivalent_excess_gamma_dose_rate,uSv/h,50.0,1.0,6360,0.0003282999969087541,True,,1,0.1,0.09000000000000001,False,,0.0005318999756127596,
2494,RADIATION,RADIATION,523260.920497467,5697244.290406496,43,44,28.284271247461902,59854.262581870236,0.2887639916146809,ground_equivalent_excess_gamma_dose_rate,uSv/h,50.0,1.0,6360,0.00033019998227246106,True,,1,0.1,0.09000000000000001,False,,0.0005498000246006995,
2495,RADIATION,RADIATION,523240.920497467,5697244.290406496,43,43,20.0,59874.262581870236,0.3063460964393017,ground_equivalent_excess_gamma_dose_rate,uSv/h,50.0,1.0,6360,0.00034240001696161926,True,,1,0.1,0.09000000000000001,False,,0.000534099992364645,
2496,RADIATION,RADIATION,523220.920497467,5697264.290406496,44,42,28.284271247461902,59902.546853117696,0.2988442553398036,ground_equivalent_excess_gamma_dose_rate,uSv/h,50.0,1.0,6360,0.0003312000189907849,True,,1,0.1,0.09000000000000001,False,,0.0005480000108946115,
2497,RADIATION,RADIATION,523200.920497467,5697284.290406496,45,41,28.284271247461902,59930.831124365155,0.28935496935118277,ground_equivalent_excess_gamma_dose_rate,uSv/h,50.0,1.0,6360,0.00032980000833049417,True,,1,0.1,0.09000000000000001,False,,0.0005327999824658036,
2498,RADIATION,RADIATION,523180.920497467,5697304.290406496,46,40,28.284271247461902,59959.115395612615,0.2785245451834503,ground_equivalent_excess_gamma_dose_rate,uSv/h,50.0,1.0,6360,0.00033000000985339284,True,,1,0.1,0.09000000000000001,False,,0.0005535999953281134,
2499,RADIATION,RADIATION,523160.920497467,5697324.290406496,47,39,28.284271247461902,59987.399666860074,0.26694241537978913,ground_equivalent_excess_gamma_dose_rate,uSv/h,50.0,1.0,6360,0.00035999997635371983,True,,1,0.1,0.09000000000000001,False,,0.0005322999786585569,
2500,RADIATION,RADIATION,523140.920497467,5697324.290406496,47,38,20.0,60007.399666860074,0.27564337004378536,ground_equivalent_excess_gamma_dose_rate,uSv/h,50.0,1.0,6360,0.0003533999843057245,True,,1,0.1,0.09000000000000001,False,,0.0005354000022634864,
2501,RADIATION,RADIATION,523120.920497467,5697344.290406496,48,37,28.284271247461902,60035.68393810753,0.26224718827910226,ground_equivalent_excess_gamma_dose_rate,uSv/h,50.0,1.0,6360,0.00037029999657534063,True,,1,0.1,0.09000000000000001,False,,0.0005496999947354198,
2502,RADIATION,RADIATION,523100.920497467,5697364.290406496,49,36,28.284271247461902,60063.96820935499,0.24925880425684638,ground_equivalent_excess_gamma_dose_rate,uSv/h,50.0,1.0,6360,0.00036330000148154795,True,,1,0.1,0.09000000000000001,False,,0.0005422999965958297,
2503,RADIATION,RADIATION,523080.920497467,5697364.290406496,49,35,20.0,60083.96820935499,0.2547126974809807,ground_equivalent_excess_gamma_dose_rate,uSv/h,50.0,1.0,6360,0.00037250001332722604,True,,1,0.1,0.09000000000000001,False,,0.0005518000107258558,
2504,RADIATION,RADIATION,523060.920497467,5697364.290406496,49,34,20.0,60103.96820935499,0.2596828355234695,ground_equivalent_excess_gamma_dose_rate,uSv/h,50.0,1.0,6360,0.00034829997457563877,True,,1,0.1,0.09000000000000001,False,,0.0005434000049717724,
2505,RADIATION,RADIATION,523040.920497467,5697364.290406496,49,33,20.0,60123.96820935499,0.2641727172776378,ground_equivalent_excess_gamma_dose_rate,uSv/h,50.0,1.0,6360,0.00034270001924596727,True,,1,0.1,0.09000000000000001,False,,0.0005497999954968691,
2506,RADIATION,RADIATION,523020.920497467,5697384.290406496,50,32,28.284271247461902,60152.25248060245,0.24942093128123038,ground_equivalent_excess_gamma_dose_rate,uSv/h,50.0,1.0,6360,0.00035810002009384334,True,,1,0.1,0.09000000000000001,False,,0.000532899983227253,
2507,RADIATION,RADIATION,523000.920497467,5697384.290406496,50,31,20.0,60172.25248060245,0.2528980333538782,ground_equivalent_excess_gamma_dose_rate,uSv/h,50.0,1.0,6360,0.00033579999580979347,True,,1,0.1,0.09000000000000001,False,,0.0005489999894052744,
2508,RADIATION,RADIATION,522980.9204974669,5697384.290406496,50,30,20.000000000058208,60192.25248060251,0.25609040994939924,ground_equivalent_excess_gamma_dose_rate,uSv/h,50.0,1.0,6360,0.0003449000068940222,True,,1,0.1,0.09000000000000001,False,,0.0005321000062394887,
2509,RADIATION,RADIATION,522960.9204974669,5697384.290406496,50,29,20.0,60212.25248060251,0.2590561410164322,ground_equivalent_excess_gamma_dose_rate,uSv/h,50.0,1.0,6360,0.00033420001273043454,True,,1,0.1,0.09000000000000001,False,,0.0005329000123310834,
2510,RADIATION,RADIATION,522940.9204974669,5697384.290406496,50,28,20.0,60232.25248060251,0.26186012544502557,ground_equivalent_excess_gamma_dose_rate,uSv/h,50.0,1.0,6360,0.00035149999894201756,True,,1,0.1,0.09000000000000001,False,,0.0005339000199455768,
2511,RADIATION,RADIATION,522920.9204974669,5697384.290406496,50,27,20.0,60252.25248060251,0.26456989272553816,ground_equivalent_excess_gamma_dose_rate,uSv/h,50.0,1.0,6360,0.00033530002110637724,True,,1,0.1,0.09000000000000001,False,,0.0005396000051405281,
2512,RADIATION,RADIATION,522900.9204974669,5697384.290406496,50,26,20.0,60272.25248060251,0.267251172830758,ground_equivalent_excess_gamma_dose_rate,uSv/h,50.0,1.0,6360,0.00033989999792538583,True,,1,0.1,0.09000000000000001,False,,0.0005337000184226781,
2513,RADIATION,RADIATION,522880.9204974669,5697384.290406496,50,25,20.0,60292.25248060251,0.26996344930059635,ground_equivalent_excess_gamma_dose_rate,uSv/h,50.0,1.0,6360,0.00033359997905790806,True,,1,0.1,0.09000000000000001,False,,0.0005333000153768808,
2514,RADIATION,RADIATION,522860.9204974669,5697404.290406496,51,24,28.284271247461902,60320.53675184997,0.25479058220321,ground_equivalent_excess_gamma_dose_rate,uSv/h,50.0,1.0,6360,0.0003499999875202775,True,,1,0.1,0.09000000000000001,False,,0.0005436000064946711,
2515,RADIATION,RADIATION,522840.9204974669,5697404.290406496,51,23,20.0,60340.53675184997,0.25738071834182563,ground_equivalent_excess_gamma_dose_rate,uSv/h,50.0,1.0,6360,0.00033549999352544546,True,,1,0.1,0.09000000000000001,False,,0.0005367999838199466,
2516,RADIATION,RADIATION,522820.9204974669,5697424.290406496,52,22,28.284271247461902,60368.82102309743,0.24297997802332577,ground_equivalent_excess_gamma_dose_rate,uSv/h,50.0,1.0,6360,0.0003573999856598675,True,,1,0.1,0.09000000000000001,False,,0.0005681000184267759,
2517,RADIATION,RADIATION,522800.9204974669,5697424.290406496,52,21,20.0,60388.82102309743,0.24525387044992136,ground_equivalent_excess_gamma_dose_rate,uSv/h,50.0,1.0,6360,0.0003361999988555908,True,,1,0.1,0.09000000000000001,False,,0.0005388999998103827,
2518,RADIATION,RADIATION,522780.9204974669,5697424.290406496,52,20,20.0,60408.82102309743,0.2474826034329498,ground_equivalent_excess_gamma_dose_rate,uSv/h,50.0,1.0,6360,0.00033459998667240143,True,,1,0.1,0.09000000000000001,False,,0.0005504000000655651,
2519,RADIATION,RADIATION,522760.9204974669,5697444.290406496,53,19,28.284271247461902,60437.10529434489,0.23295455828511036,ground_equivalent_excess_gamma_dose_rate,uSv/h,50.0,1.0,6360,0.00037460000021383166,True,,1,0.1,0.09000000000000001,False,,0.000533199985511601,
2520,RADIATION,RADIATION,522740.9204974669,5697444.290406496,53,18,20.0,60457.10529434489,0.23453578919656515,ground_equivalent_excess_gamma_dose_rate,uSv/h,50.0,1.0,6360,0.0003369000041857362,True,,1,0.1,0.09000000000000001,False,,0.0005413000180851668,
2521,RADIATION,RADIATION,522720.9204974669,5697464.290406496,54,17,28.284271247461902,60485.38956559235,0.22011136743160692,ground_equivalent_excess_gamma_dose_rate,uSv/h,50.0,1.0,6360,0.00041569999302737415,True,,1,0.1,0.09000000000000001,False,,0.0005435000057332218,
2522,RADIATION,RADIATION,522700.9204974669,5697464.290406496,54,16,20.0,60505.38956559235,0.22089530405829366,ground_equivalent_excess_gamma_dose_rate,uSv/h,50.0,1.0,6360,0.0003521000035107136,True,,1,0.1,0.09000000000000001,False,,0.0006325999856926501,
2523,RADIATION,RADIATION,522680.9204974669,5697464.290406496,54,15,20.0,60525.38956559235,0.22137562869491523,ground_equivalent_excess_gamma_dose_rate,uSv/h,50.0,1.0,6360,0.00034909998066723347,True,,1,0.1,0.09000000000000001,False,,0.0005510000046342611,
2524,RADIATION,RADIATION,522660.9204974669,5697464.290406496,54,14,20.0,60545.38956559235,0.22150276407495556,ground_equivalent_excess_gamma_dose_rate,uSv/h,50.0,1.0,6360,0.0003425999893806875,True,,1,0.1,0.09000000000000001,False,,0.0006219999922905117,
2525,RADIATION,RADIATION,522680.9204974669,5697484.290406496,55,15,28.284271247461902,60573.67383683981,0.20664504323964877,ground_equivalent_excess_gamma_dose_rate,uSv/h,50.0,1.0,6360,0.00039319999632425606,True,,1,0.1,0.09000000000000001,False,,0.0005155999970156699,
2526,RADIATION,RADIATION,522700.9204974669,5697504.290406496,56,16,28.284271247461902,60601.95810808727,0.19325189554420957,ground_equivalent_excess_gamma_dose_rate,uSv/h,50.0,1.0,6360,0.00040779999108053744,True,,1,0.1,0.09000000000000001,False,,0.00041939999209716916,
2527,RADIATION,RADIATION,522720.9204974669,5697504.290406496,56,17,20.0,60621.95810808727,0.1928895162109362,ground_equivalent_excess_gamma_dose_rate,uSv/h,50.0,1.0,6360,0.0003378999826963991,True,,1,0.1,0.09000000000000001,False,,0.000301799998851493,
2528,RADIATION,RADIATION,522740.9204974669,5697484.290406496,55,18,28.284271247461902,60650.242379334726,0.20505175248955304,ground_equivalent_excess_gamma_dose_rate,uSv/h,50.0,1.0,6360,0.00040469999657943845,True,,1,0.1,0.09000000000000001,False,,0.0005970000056549907,
2529,RADIATION,RADIATION,522760.9204974669,5697484.290406496,55,19,20.0,60670.242379334726,0.20406620100080491,ground_equivalent_excess_gamma_dose_rate,uSv/h,50.0,1.0,6360,0.0003760000108741224,True,,1,0.1,0.09000000000000001,False,,0.0005728999967686832,
2530,RADIATION,RADIATION,522780.9204974669,5697464.290406496,54,20,28.284271247461902,60698.526650582186,0.2164096300889305,ground_equivalent_excess_gamma_dose_rate,uSv/h,50.0,1.0,6360,0.00036609999369829893,True,,1,0.1,0.09000000000000001,False,,0.0005767999973613769,
2531,RADIATION,RADIATION,522800.9204974669,5697464.290406496,54,21,20.0,60718.526650582186,0.21486002212893363,ground_equivalent_excess_gamma_dose_rate,uSv/h,50.0,1.0,6360,0.00035730001400224864,True,,1,0.1,0.09000000000000001,False,,0.0005512000061571598,
2532,RADIATION,RADIATION,522820.9204974669,5697464.290406496,54,22,20.0,60738.526650582186,0.21320307323224902,ground_equivalent_excess_gamma_dose_rate,uSv/h,50.0,1.0,6360,0.0003375000087544322,True,,1,0.1,0.09000000000000001,False,,0.0005499999970197678,
2533,RADIATION,RADIATION,522840.9204974669,5697444.290406496,53,23,28.284271247461902,60766.810921829645,0.2254239336974096,ground_equivalent_excess_gamma_dose_rate,uSv/h,50.0,1.0,6360,0.0003541999903973192,True,,1,0.1,0.09000000000000001,False,,0.0005480000108946115,
2534,RADIATION,RADIATION,522860.9204974669,5697424.290406496,52,24,28.284271247461902,60795.095193077104,0.23838043984956492,ground_equivalent_excess_gamma_dose_rate,uSv/h,50.0,1.0,6360,0.0004377999866846949,True,,1,0.1,0.09000000000000001,False,,0.0005416999920271337,
2535,RADIATION,RADIATION,522880.9204974669,5697424.290406496,52,25,20.0,60815.095193077104,0.23606318272668764,ground_equivalent_excess_gamma_dose_rate,uSv/h,50.0,1.0,6360,0.00035039999056607485,True,,1,0.1,0.09000000000000001,False,,0.00053190000471659,
2536,RADIATION,RADIATION,522900.9204974669,5697424.290406496,52,26,20.0,60835.095193077104,0.23372034997667568,ground_equivalent_excess_gamma_dose_rate,uSv/h,50.0,1.0,6360,0.00033340000663883984,True,,1,0.1,0.09000000000000001,False,,0.000537199986865744,
2537,RADIATION,RADIATION,522920.9204974669,5697424.290406496,52,27,20.0,60855.095193077104,0.2313297456427873,ground_equivalent_excess_gamma_dose_rate,uSv/h,50.0,1.0,6360,0.00033650000113993883,True,,1,0.1,0.09000000000000001,False,,0.0005485000147018582,
2538,RADIATION,RADIATION,522940.9204974669,5697424.290406496,52,28,20.0,60875.095193077104,0.22886250976468475,ground_equivalent_excess_gamma_dose_rate,uSv/h,50.0,1.0,6360,0.00033710000570863485,True,,1,0.1,0.09000000000000001,False,,0.0005340000207070261,
2539,RADIATION,RADIATION,522940.9204974669,5697444.290406496,53,28,20.0,60895.095193077104,0.21457685229651519,ground_equivalent_excess_gamma_dose_rate,uSv/h,50.0,1.0,6360,0.0003527000080794096,True,,1,0.1,0.09000000000000001,False,,0.0005546000029426068,
2540,RADIATION,RADIATION,522920.9204974669,5697464.290406496,54,27,28.284271247461902,60923.379464324564,0.20370044949151883,ground_equivalent_excess_gamma_dose_rate,uSv/h,50.0,1.0,6360,0.00034619998768903315,True,,1,0.1,0.09000000000000001,False,,0.000533199985511601,
2541,RADIATION,RADIATION,522900.9204974669,5697464.290406496,54,26,20.0,60943.379464324564,0.2057614562291734,ground_equivalent_excess_gamma_dose_rate,uSv/h,50.0,1.0,6360,0.0003321999975014478,True,,1,0.1,0.09000000000000001,False,,0.0005545000021811575,
2542,RADIATION,RADIATION,522880.9204974669,5697464.290406496,54,25,20.0,60963.379464324564,0.20773650668147936,ground_equivalent_excess_gamma_dose_rate,uSv/h,50.0,1.0,6360,0.00040129999979399145,True,,1,0.1,0.09000000000000001,False,,0.000732400018023327,
2543,RADIATION,RADIATION,522860.9204974669,5697484.290406496,55,24,28.284271247461902,60991.66373557202,0.19703696503886842,ground_equivalent_excess_gamma_dose_rate,uSv/h,50.0,1.0,6360,0.0003637999761849642,True,,1,0.1,0.09000000000000001,False,,0.0005789999850094318,
2544,RADIATION,RADIATION,522840.9204974669,5697504.290406496,56,23,28.284271247461902,61019.94800681948,0.18691675960887405,ground_equivalent_excess_gamma_dose_rate,uSv/h,50.0,1.0,6360,0.0003558000025805086,True,,1,0.1,0.09000000000000001,False,,0.0005666999786626548,
2545,RADIATION,RADIATION,522820.9204974669,5697504.290406496,56,22,20.0,61039.94800681948,0.18825671790784743,ground_equivalent_excess_gamma_dose_rate,uSv/h,50.0,1.0,6360,0.000357700017048046,True,,1,0.1,0.09000000000000001,False,,0.0005472999764606357,
2546,RADIATION,RADIATION,522800.9204974669,5697504.290406496,56,21,20.0,61059.94800681948,0.18948143743031648,ground_equivalent_excess_gamma_dose_rate,uSv/h,50.0,1.0,6360,0.0003446999762672931,True,,1,0.1,0.09000000000000001,False,,0.0005601999873761088,
2547,RADIATION,RADIATION,522780.9204974669,5697524.290406496,57,20,28.284271247461902,61088.23227806694,0.17928997049762724,ground_equivalent_excess_gamma_dose_rate,uSv/h,50.0,1.0,6360,0.0004208000027574599,True,,1,0.1,0.09000000000000001,False,,0.0005490000185091048,
2548,RADIATION,RADIATION,522760.9204974669,5697524.290406496,57,19,20.0,61108.23227806694,0.18007050597577384,ground_equivalent_excess_gamma_dose_rate,uSv/h,50.0,1.0,6360,0.0003468999930191785,True,,1,0.1,0.09000000000000001,False,,0.00042139997822232544,
2549,RADIATION,RADIATION,522780.9204974669,5697504.290406496,56,20,28.284271247461902,61136.5165493144,0.1905771046078833,ground_equivalent_excess_gamma_dose_rate,uSv/h,50.0,1.0,6360,0.0003544999926816672,True,,1,0.1,0.09000000000000001,False,,0.0004250000056345016,
2550,RADIATION,RADIATION,522800.9204974669,5697524.290406496,57,21,28.284271247461902,61164.80082056186,0.17836291432369783,ground_equivalent_excess_gamma_dose_rate,uSv/h,50.0,1.0,6360,0.0003302999830339104,True,,1,0.1,0.09000000000000001,False,,0.0005573999951593578,
2551,RADIATION,RADIATION,522820.9204974669,5697544.290406496,58,22,28.284271247461902,61193.08509180932,0.16723404022879806,ground_equivalent_excess_gamma_dose_rate,uSv/h,50.0,1.0,5714,0.0004138000076636672,True,,1,0.1,0.09000000000000001,False,,0.00047160001122392714,
2552,RADIATION,RADIATION,522840.9204974669,5697544.290406496,58,23,20.0,61213.08509180932,0.16619495357655284,ground_equivalent_excess_gamma_dose_rate,uSv/h,50.0,1.0,5714,0.00030700000934302807,True,,1,0.1,0.09000000000000001,False,,0.00036070001078769565,
2553,RADIATION,RADIATION,522860.9204974669,5697524.290406496,57,24,28.284271247461902,61241.36936305678,0.17483614228543354,ground_equivalent_excess_gamma_dose_rate,uSv/h,50.0,1.0,6360,0.0003687000134959817,True,,1,0.1,0.09000000000000001,False,,0.00036539998836815357,
2554,RADIATION,RADIATION,522880.9204974669,5697504.290406496,56,25,28.284271247461902,61269.65363430424,0.18392458688242697,ground_equivalent_excess_gamma_dose_rate,uSv/h,50.0,1.0,6360,0.00033379998058080673,True,,1,0.1,0.09000000000000001,False,,0.0005287999811116606,
2555,RADIATION,RADIATION,522900.9204974669,5697504.290406496,56,26,20.0,61289.65363430424,0.18227894109627085,ground_equivalent_excess_gamma_dose_rate,uSv/h,50.0,1.0,6360,0.00033760000951588154,True,,1,0.1,0.09000000000000001,False,,0.0005363999807741493,
2556,RADIATION,RADIATION,522920.9204974669,5697484.290406496,55,27,28.284271247461902,61317.9379055517,0.19161880218892197,ground_equivalent_excess_gamma_dose_rate,uSv/h,50.0,1.0,6360,0.0003569000109564513,True,,1,0.1,0.09000000000000001,False,,0.00058970000827685,
2557,RADIATION,RADIATION,522940.9204974669,5697484.290406496,55,28,20.0,61337.9379055517,0.1896151267034757,ground_equivalent_excess_gamma_dose_rate,uSv/h,50.0,1.0,6360,0.0003869999782182276,True,,1,0.1,0.09000000000000001,False,,0.0007036000024527311,
2558,RADIATION,RADIATION,522960.9204974669,5697464.290406496,54,29,28.284271247461902,61366.22217679916,0.19926702148543796,ground_equivalent_excess_gamma_dose_rate,uSv/h,50.0,1.0,6360,0.0003870000073220581,True,,1,0.1,0.09000000000000001,False,,0.0005697000015061349,
2559,RADIATION,RADIATION,522980.9204974669,5697444.290406496,53,30,28.284271247461902,61394.50644804662,0.2095812374033445,ground_equivalent_excess_gamma_dose_rate,uSv/h,50.0,1.0,6360,0.00036269999691285193,True,,1,0.1,0.09000000000000001,False,,0.0005481000116560608,
2560,RADIATION,RADIATION,523000.920497467,5697424.290406496,52,31,28.28427124750306,61422.79071929412,0.22066576403417448,ground_equivalent_excess_gamma_dose_rate,uSv/h,50.0,1.0,6360,0.00035930000012740493,True,,1,0.1,0.09000000000000001,False,,0.0005444999842438847,
2561,RADIATION,RADIATION,523020.920497467,5697424.290406496,52,32,20.0,61442.79071929412,0.2175590448156679,ground_equivalent_excess_gamma_dose_rate,uSv/h,50.0,1.0,6360,0.0003493999829515815,True,,1,0.1,0.09000000000000001,False,,0.0005475000070873648,
2562,RADIATION,RADIATION,523040.920497467,5697404.290406496,51,33,28.284271247461902,61471.07499054158,0.2290628667157505,ground_equivalent_excess_gamma_dose_rate,uSv/h,50.0,1.0,6360,0.0003558000025805086,True,,1,0.1,0.09000000000000001,False,,0.0005550000059884042,
2563,RADIATION,RADIATION,523060.920497467,5697404.290406496,51,34,20.0,61491.07499054158,0.2251878857601059,ground_equivalent_excess_gamma_dose_rate,uSv/h,50.0,1.0,6360,0.0003324999997857958,True,,1,0.1,0.09000000000000001,False,,0.0005339999916031957,
2564,RADIATION,RADIATION,523080.920497467,5697404.290406496,51,35,20.0,61511.07499054158,0.22099908788644623,ground_equivalent_excess_gamma_dose_rate,uSv/h,50.0,1.0,6360,0.00035020001814700663,True,,1,0.1,0.09000000000000001,False,,0.0005531999922823161,
2565,RADIATION,RADIATION,523100.920497467,5697404.290406496,51,36,20.0,61531.07499054158,0.21649486350337904,ground_equivalent_excess_gamma_dose_rate,uSv/h,50.0,1.0,6360,0.00035260000731796026,True,,1,0.1,0.09000000000000001,False,,0.0005329999839887023,
2566,RADIATION,RADIATION,523120.920497467,5697384.290406496,50,37,28.284271247461902,61559.35926178904,0.22660171569281856,ground_equivalent_excess_gamma_dose_rate,uSv/h,50.0,1.0,6360,0.00035260000731796026,True,,1,0.1,0.09000000000000001,False,,0.0006353000062517822,
2567,RADIATION,RADIATION,523140.920497467,5697364.290406496,49,38,28.284271247461902,61587.6435330365,0.23699049387443877,ground_equivalent_excess_gamma_dose_rate,uSv/h,50.0,1.0,6360,0.0003471999953035265,True,,1,0.1,0.09000000000000001,False,,0.0005570000212173909,
2568,RADIATION,RADIATION,523160.920497467,5697364.290406496,49,39,20.0,61607.6435330365,0.23026599284690047,ground_equivalent_excess_gamma_dose_rate,uSv/h,50.0,1.0,6360,0.0003630999999586493,True,,1,0.1,0.09000000000000001,False,,0.0005515000084415078,
2569,RADIATION,RADIATION,523180.920497467,5697344.290406496,48,40,28.284271247461902,61635.92780428396,0.2394823034682969,ground_equivalent_excess_gamma_dose_rate,uSv/h,50.0,1.0,6360,0.00034630001755431294,True,,1,0.1,0.09000000000000001,False,,0.0005683999916072935,
2570,RADIATION,RADIATION,523200.920497467,5697324.290406496,47,41,28.284271247461902,61664.21207553142,0.24829620537788055,ground_equivalent_excess_gamma_dose_rate,uSv/h,50.0,1.0,6360,0.00034890000824816525,True,,1,0.1,0.09000000000000001,False,,0.000676199997542426,
2571,RADIATION,RADIATION,523220.920497467,5697304.290406496,46,42,28.284271247461902,61692.49634677888,0.2563533694217179,ground_equivalent_excess_gamma_dose_rate,uSv/h,50.0,1.0,6360,0.0003902000025846064,True,,1,0.1,0.09000000000000001,False,,0.0007824999920558184,
2572,RADIATION,RADIATION,523240.920497467,5697284.290406496,45,43,28.284271247461902,61720.780618026336,0.26324574541641044,ground_equivalent_excess_gamma_dose_rate,uSv/h,50.0,1.0,6360,0.00036669999826699495,True,,1,0.1,0.09000000000000001,False,,0.0006101999897509813,
2573,RADIATION,RADIATION,523260.920497467,5697284.290406496,45,44,20.0,61740.780618026336,0.2503408211769814,ground_equivalent_excess_gamma_dose_rate,uSv/h,50.0,1.0,6360,0.0003591999993659556,True,,1,0.1,0.09000000000000001,False,,0.0005753999867010862,
2574,RADIATION,RADIATION,523280.920497467,5697264.290406496,44,45,28.284271247461902,61769.064889273795,0.2539885951036144,ground_equivalent_excess_gamma_dose_rate,uSv/h,50.0,1.0,6360,0.0003483999753370881,True,,1,0.1,0.09000000000000001,False,,0.0005691999976988882,
2575,RADIATION,RADIATION,523300.920497467,5697264.290406496,44,46,20.0,61789.064889273795,0.24000324631062336,ground_equivalent_excess_gamma_dose_rate,uSv/h,50.0,1.0,6360,0.0003380000125616789,True,,1,0.1,0.09000000000000001,False,,0.0005765999958384782,
2576,RADIATION,RADIATION,523320.920497467,5697244.290406496,43,47,28.284271247461902,61817.349160521255,0.2405351734487844,ground_equivalent_excess_gamma_dose_rate,uSv/h,50.0,1.0,6360,0.00034130000858567655,True,,1,0.1,0.09000000000000001,False,,0.0005650999955832958,
2577,RADIATION,RADIATION,523320.920497467,5697224.290406496,42,47,20.0,61837.349160521255,0.2554414199254856,ground_equivalent_excess_gamma_dose_rate,uSv/h,50.0,1.0,6360,0.00034440000308677554,True,,1,0.1,0.09000000000000001,False,,0.0005725999944843352,
2578,RADIATION,RADIATION,523340.920497467,5697204.290406496,41,48,28.284271247461902,61865.633431768714,0.252984128525368,ground_equivalent_excess_gamma_dose_rate,uSv/h,50.0,1.0,6360,0.00034459997550584376,True,,1,0.1,0.09000000000000001,False,,0.0005525000160560012,
2579,RADIATION,RADIATION,523360.920497467,5697184.290406496,40,49,28.284271247461902,61893.91770301617,0.2484539848540674,ground_equivalent_excess_gamma_dose_rate,uSv/h,50.0,1.0,6360,0.0003373999788891524,True,,1,0.1,0.09000000000000001,False,,0.0005563999875448644,
2580,RADIATION,RADIATION,523380.920497467,5697164.290406496,39,50,28.284271247461902,61922.20197426363,0.2420531509263089,ground_equivalent_excess_gamma_dose_rate,uSv/h,50.0,1.0,6360,0.0003496000135783106,True,,1,0.1,0.09000000000000001,False,,0.0005506000015884638,
2581,RADIATION,RADIATION,523400.920497467,5697144.290406496,38,51,28.284271247461902,61950.48624551109,0.23408351451698445,ground_equivalent_excess_gamma_dose_rate,uSv/h,50.0,1.0,6360,0.00041489998693577945,True,,1,0.1,0.09000000000000001,False,,0.0005565999890677631,
2582,RADIATION,RADIATION,523420.920497467,5697124.290406496,37,52,28.284271247461902,61978.77051675855,0.2249047359178593,ground_equivalent_excess_gamma_dose_rate,uSv/h,50.0,1.0,6360,0.00035990000469610095,True,,1,0.1,0.09000000000000001,False,,0.0005936999805271626,
2583,RADIATION,RADIATION,523440.920497467,5697104.290406496,36,53,28.284271247461902,62007.05478800601,0.21489096015730752,ground_equivalent_excess_gamma_dose_rate,uSv/h,50.0,1.0,6360,0.00034899997990578413,True,,1,0.1,0.09000000000000001,False,,0.0005608000210486352,
2584,RADIATION,RADIATION,523440.920497467,5697084.290406496,35,53,20.0,62027.05478800601,0.22082824891214553,ground_equivalent_excess_gamma_dose_rate,uSv/h,50.0,1.0,6360,0.00034180001239292324,True,,1,0.1,0.09000000000000001,False,,0.0005702000053133816,
2585,RADIATION,RADIATION,523440.920497467,5697064.290406496,34,53,20.0,62047.05478800601,0.22626351674471956,ground_equivalent_excess_gamma_dose_rate,uSv/h,50.0,1.0,6360,0.0003559999749995768,True,,1,0.1,0.09000000000000001,False,,0.0005514000076800585,
2586,RADIATION,RADIATION,523440.920497467,5697044.290406496,33,53,20.0,62067.05478800601,0.23108015244216978,ground_equivalent_excess_gamma_dose_rate,uSv/h,50.0,1.0,6360,0.0003454999823588878,True,,1,0.1,0.09000000000000001,False,,0.0005523000145331025,
2587,RADIATION,RADIATION,523440.920497467,5697024.290406496,32,53,20.0,62087.05478800601,0.23516765687270919,ground_equivalent_excess_gamma_dose_rate,uSv/h,50.0,1.0,6360,0.00033840001560747623,True,,1,0.1,0.09000000000000001,False,,0.0005638000147882849,
2588,RADIATION,RADIATION,523440.920497467,5697004.290406496,31,53,20.0,62107.05478800601,0.2384282689756208,ground_equivalent_excess_gamma_dose_rate,uSv/h,50.0,1.0,6360,0.00034749999758787453,True,,1,0.1,0.09000000000000001,False,,0.0005590000073425472,
2589,RADIATION,RADIATION,523440.920497467,5696984.290406497,30,53,19.999999999068677,62127.05478800508,0.24078346102890197,ground_equivalent_excess_gamma_dose_rate,uSv/h,50.0,1.0,6360,0.0007995999767445028,True,,1,0.1,0.09000000000000001,False,,0.000579500017920509,
2590,RADIATION,RADIATION,523440.920497467,5696964.290406497,29,53,20.0,62147.05478800508,0.24217953604244885,ground_equivalent_excess_gamma_dose_rate,uSv/h,50.0,1.0,6360,0.00037949997931718826,True,,1,0.1,0.09000000000000001,False,,0.0005815000040456653,
2591,RADIATION,RADIATION,523420.920497467,5696944.290406497,28,52,28.284271247461902,62175.33905925254,0.2653712226326923,ground_equivalent_excess_gamma_dose_rate,uSv/h,50.0,1.0,6360,0.00036249999538995326,True,,1,0.1,0.09000000000000001,False,,0.0005711999838240445,
2592,RADIATION,RADIATION,523420.920497467,5696924.290406497,27,52,20.0,62195.33905925254,0.2645803455272439,ground_equivalent_excess_gamma_dose_rate,uSv/h,50.0,1.0,6360,0.0003482000029180199,True,,1,0.1,0.09000000000000001,False,,0.0005712000129278749,
2593,RADIATION,RADIATION,523420.920497467,5696904.290406497,26,52,20.0,62215.33905925254,0.26263599025443474,ground_equivalent_excess_gamma_dose_rate,uSv/h,50.0,1.0,6360,0.0003600000054575503,True,,1,0.1,0.09000000000000001,False,,0.0006472000095527619,
2594,RADIATION,RADIATION,523400.920497467,5696884.290406497,25,51,28.284271247461902,62243.6233305,0.2844262909303704,ground_equivalent_excess_gamma_dose_rate,uSv/h,50.0,1.0,6360,0.0003465999907348305,True,,1,0.1,0.09000000000000001,False,,0.0005582000012509525,
2595,RADIATION,RADIATION,523400.920497467,5696864.290406497,24,51,20.0,62263.6233305,0.27944563144689216,ground_equivalent_excess_gamma_dose_rate,uSv/h,50.0,1.0,6360,0.00039889998151920736,True,,1,0.1,0.09000000000000001,False,,0.0006726999999955297,
2596,RADIATION,RADIATION,523400.920497467,5696844.290406497,23,51,20.0,62283.6233305,0.27350177131359127,ground_equivalent_excess_gamma_dose_rate,uSv/h,50.0,1.0,6360,0.00035659997956827283,True,,1,0.1,0.09000000000000001,False,,0.0005956999957561493,
2597,RADIATION,RADIATION,523380.920497467,5696824.290406497,22,50,28.284271247461902,62311.90760174746,0.29114861244002366,ground_equivalent_excess_gamma_dose_rate,uSv/h,50.0,1.0,6360,0.0003538999881129712,True,,1,0.1,0.09000000000000001,False,,0.0005959999980404973,
2598,RADIATION,RADIATION,523360.920497467,5696804.290406497,21,49,28.284271247461902,62340.19187299492,0.30797843355630844,ground_equivalent_excess_gamma_dose_rate,uSv/h,50.0,1.0,6360,0.00037039999733678997,True,,1,0.1,0.09000000000000001,False,,0.0005697000015061349,
2599,RADIATION,RADIATION,523340.920497467,5696784.290406497,20,48,28.284271247461902,62368.47614424238,0.3232980520231656,ground_equivalent_excess_gamma_dose_rate,uSv/h,50.0,1.0,6360,0.0003452999808359891,True,,1,0.1,0.09000000000000001,False,,0.0005675000138580799,
2600,RADIATION,RADIATION,523320.920497467,5696784.290406497,20,47,20.0,62388.47614424238,0.3535689287203428,ground_equivalent_excess_gamma_dose_rate,uSv/h,50.0,1.0,6360,0.0003456000122241676,True,,1,0.1,0.09000000000000001,False,,0.0005574999959208071,
2601,RADIATION,RADIATION,523320.920497467,5696764.290406497,19,47,20.0,62408.47614424238,0.33642968358417885,ground_equivalent_excess_gamma_dose_rate,uSv/h,50.0,1.0,6360,0.00035170000046491623,True,,1,0.1,0.09000000000000001,False,,0.0005812000017613173,
2602,RADIATION,RADIATION,523300.920497467,5696744.290406497,18,46,28.284271247461902,62436.760415489836,0.34682311617908596,ground_equivalent_excess_gamma_dose_rate,uSv/h,50.0,1.0,6360,0.0003615999885369092,True,,1,0.1,0.09000000000000001,False,,0.0005987999902572483,
2603,RADIATION,RADIATION,523280.920497467,5696724.290406497,17,45,28.284271247461902,62465.044686737296,0.3541665716354853,ground_equivalent_excess_gamma_dose_rate,uSv/h,50.0,1.0,6360,0.0003420999855734408,True,,1,0.1,0.09000000000000001,False,,0.0005746999813709408,
2604,RADIATION,RADIATION,523260.920497467,5696724.290406497,17,44,20.0,62485.044686737296,0.3824503170008085,ground_equivalent_excess_gamma_dose_rate,uSv/h,50.0,1.0,6360,0.00034550001146271825,True,,1,0.1,0.09000000000000001,False,,0.0005666999786626548,
2605,RADIATION,RADIATION,523240.920497467,5696704.290406497,16,43,28.284271247461902,62513.328957984755,0.38487231079969514,ground_equivalent_excess_gamma_dose_rate,uSv/h,50.0,1.0,6360,0.00038170002517290413,True,,1,0.1,0.09000000000000001,False,,0.0005526000168174505,
2606,RADIATION,RADIATION,523220.920497467,5696704.290406497,16,42,20.0,62533.328957984755,0.4128039744454714,ground_equivalent_excess_gamma_dose_rate,uSv/h,50.0,1.0,6360,0.0003617999900598079,True,,1,0.1,0.09000000000000001,False,,0.0005553000082727522,
2607,RADIATION,RADIATION,523240.920497467,5696684.290406497,15,43,28.284271247461902,62561.613229232215,0.3600282049616094,ground_equivalent_excess_gamma_dose_rate,uSv/h,50.0,1.0,6360,0.00033850001636892557,True,,1,0.1,0.09000000000000001,False,,0.0005599999858532101,
2608,RADIATION,RADIATION,523220.920497467,5696664.290406497,14,42,28.284271247461902,62589.897500479674,0.3594546582767037,ground_equivalent_excess_gamma_dose_rate,uSv/h,50.0,1.0,6360,0.00034759999834932387,True,,1,0.1,0.09000000000000001,False,,0.0005649999948218465,
2609,RADIATION,RADIATION,523200.920497467,5696644.290406497,13,41,28.284271247461902,62618.18177172713,0.35748143026697793,ground_equivalent_excess_gamma_dose_rate,uSv/h,50.0,1.0,6360,0.0004003999929409474,True,,1,0.1,0.09000000000000001,False,,0.0006053000106476247,
2610,RADIATION,RADIATION,523180.920497467,5696644.290406497,13,40,20.0,62638.18177172713,0.37813420704115325,ground_equivalent_excess_gamma_dose_rate,uSv/h,50.0,1.0,6360,0.0003829000052064657,True,,1,0.1,0.09000000000000001,False,,0.0005821000086143613,
2611,RADIATION,RADIATION,523160.920497467,5696624.290406497,12,39,28.284271247461902,62666.46604297459,0.3743344619171693,ground_equivalent_excess_gamma_dose_rate,uSv/h,50.0,1.0,6360,0.0003482000029180199,True,,1,0.1,0.09000000000000001,False,,0.0005636999849230051,
2612,RADIATION,RADIATION,523140.920497467,5696624.290406497,12,38,20.0,62686.46604297459,0.39447816162465926,ground_equivalent_excess_gamma_dose_rate,uSv/h,50.0,1.0,6360,0.000364200008334592,True,,1,0.1,0.09000000000000001,False,,0.0005809000285807997,
2613,RADIATION,RADIATION,523120.920497467,5696624.290406497,12,37,20.0,62706.46604297459,0.4153983733063928,ground_equivalent_excess_gamma_dose_rate,uSv/h,50.0,1.0,6360,0.00035519999801181257,True,,1,0.1,0.09000000000000001,False,,0.0005624999757856131,
2614,RADIATION,RADIATION,523100.920497467,5696604.290406497,11,36,28.284271247461902,62734.75031422205,0.41188370931085644,ground_equivalent_excess_gamma_dose_rate,uSv/h,50.0,1.0,6360,0.00036479998379945755,True,,1,0.1,0.09000000000000001,False,,0.0005672000115737319,
2615,RADIATION,RADIATION,523080.920497467,5696584.290406497,10,35,28.284271247461902,62763.03458546951,0.4110758255441593,ground_equivalent_excess_gamma_dose_rate,uSv/h,50.0,1.0,6360,0.0003662999952211976,True,,1,0.1,0.09000000000000001,False,,0.0005521999846678227,
2616,RADIATION,RADIATION,523060.920497467,5696564.290406497,9,34,28.284271247461902,62791.31885671697,0.4131004887196949,ground_equivalent_excess_gamma_dose_rate,uSv/h,50.0,1.0,6360,0.00037799999699927866,True,,1,0.1,0.09000000000000001,False,,0.0005533999938052148,
2617,RADIATION,RADIATION,523040.920497467,5696544.290406497,8,33,28.284271247461902,62819.60312796443,0.41775219651064205,ground_equivalent_excess_gamma_dose_rate,uSv/h,50.0,1.0,6360,0.00036849998286925256,True,,1,0.1,0.09000000000000001,False,,0.0006738000083714724,
2618,RADIATION,RADIATION,523020.920497467,5696524.290406497,7,32,28.284271247461902,62847.88739921189,0.4244847591423139,ground_equivalent_excess_gamma_dose_rate,uSv/h,50.0,1.0,6360,0.0003598000039346516,True,,1,0.1,0.09000000000000001,False,,0.0005769999988842756,
2619,RADIATION,RADIATION,523000.920497467,5696504.290406497,6,31,28.284271247461902,62876.17167045935,0.432397171508558,ground_equivalent_excess_gamma_dose_rate,uSv/h,50.0,1.0,6360,0.000360800011549145,True,,1,0.1,0.09000000000000001,False,,0.0005690999969374388,
2620,RADIATION,RADIATION,522980.9204974669,5696484.290406497,5,30,28.28427124750306,62904.45594170685,0.44024505545677023,ground_equivalent_excess_gamma_dose_rate,uSv/h,50.0,1.0,6360,0.0003603000077418983,True,,1,0.1,0.09000000000000001,False,,0.0005488000169862062,
2621,RADIATION,RADIATION,522980.9204974669,5696464.290406497,4,30,20.0,62924.45594170685,0.4135727938721762,ground_equivalent_excess_gamma_dose_rate,uSv/h,50.0,1.0,6360,0.00036249999538995326,True,,1,0.1,0.09000000000000001,False,,0.0005878999945707619,
2622,RADIATION,RADIATION,523000.920497467,5696464.290406497,4,31,20.000000000058208,62944.45594170691,0.38505696738650647,ground_equivalent_excess_gamma_dose_rate,uSv/h,50.0,1.0,6360,0.000381199992261827,True,,1,0.1,0.09000000000000001,False,,0.0005526999884750694,
2623,RADIATION,RADIATION,523020.920497467,5696464.290406497,4,32,20.0,62964.45594170691,0.36018489457644537,ground_equivalent_excess_gamma_dose_rate,uSv/h,50.0,1.0,6360,0.0003611999854911119,True,,1,0.1,0.09000000000000001,False,,0.0005679999885614961,
2624,RADIATION,RADIATION,523040.920497467,5696484.290406497,5,33,28.284271247461902,62992.74021295437,0.35720970192050133,ground_equivalent_excess_gamma_dose_rate,uSv/h,50.0,1.0,6360,0.00035570000181905925,True,,1,0.1,0.09000000000000001,False,,0.0005732999998144805,
2625,RADIATION,RADIATION,523040.920497467,5696504.290406497,6,33,20.0,63012.74021295437,0.37674866306299254,ground_equivalent_excess_gamma_dose_rate,uSv/h,50.0,1.0,6360,0.0003331999760121107,True,,1,0.1,0.09000000000000001,False,,0.0005528999899979681,
2626,RADIATION,RADIATION,523060.920497467,5696524.290406497,7,34,28.284271247461902,63041.02448420183,0.3728853916232497,ground_equivalent_excess_gamma_dose_rate,uSv/h,50.0,1.0,6360,0.0003415000101085752,True,,1,0.1,0.09000000000000001,False,,0.0005608999927062541,
2627,RADIATION,RADIATION,523080.920497467,5696544.290406497,8,35,28.284271247461902,63069.30875544929,0.37012283621117686,ground_equivalent_excess_gamma_dose_rate,uSv/h,50.0,1.0,6360,0.0003527000080794096,True,,1,0.1,0.09000000000000001,False,,0.000547699979506433,
2628,RADIATION,RADIATION,523100.920497467,5696564.290406497,9,36,28.284271247461902,63097.59302669675,0.36885673562746085,ground_equivalent_excess_gamma_dose_rate,uSv/h,50.0,1.0,6360,0.00035200000274926424,True,,1,0.1,0.09000000000000001,False,,0.0005521999846678227,
2629,RADIATION,RADIATION,523120.920497467,5696584.290406497,10,37,28.284271247461902,63125.87729794421,0.36923931412448335,ground_equivalent_excess_gamma_dose_rate,uSv/h,50.0,1.0,6360,0.00036020000698044896,True,,1,0.1,0.09000000000000001,False,,0.000551699980860576,
2630,RADIATION,RADIATION,523140.920497467,5696584.290406497,10,38,20.0,63145.87729794421,0.35050910454400713,ground_equivalent_excess_gamma_dose_rate,uSv/h,50.0,1.0,6360,0.00034389999927952886,True,,1,0.1,0.09000000000000001,False,,0.0005460999964270741,
2631,RADIATION,RADIATION,523160.920497467,5696584.290406497,10,39,20.0,63165.87729794421,0.3328515636887918,ground_equivalent_excess_gamma_dose_rate,uSv/h,50.0,1.0,6360,0.00034329999471083283,True,,1,0.1,0.09000000000000001,False,,0.0005777000042144209,
2632,RADIATION,RADIATION,523180.920497467,5696604.290406497,11,40,28.284271247461902,63194.16156919167,0.3343837002015972,ground_equivalent_excess_gamma_dose_rate,uSv/h,50.0,1.0,6360,0.00033969999640248716,True,,1,0.1,0.09000000000000001,False,,0.0005591999797616154,
2633,RADIATION,RADIATION,523200.920497467,5696604.290406497,11,41,20.0,63214.16156919167,0.3171380577788702,ground_equivalent_excess_gamma_dose_rate,uSv/h,50.0,1.0,6360,0.0003451999800745398,True,,1,0.1,0.09000000000000001,False,,0.0005907000158913434,
2634,RADIATION,RADIATION,523220.920497467,5696624.290406497,12,42,28.284271247461902,63242.445840439126,0.31802724163419155,ground_equivalent_excess_gamma_dose_rate,uSv/h,50.0,1.0,6360,0.00039430000470019877,True,,1,0.1,0.09000000000000001,False,,0.0005651999963447452,
2635,RADIATION,RADIATION,523240.920497467,5696644.290406497,13,43,28.284271247461902,63270.730111686586,0.31829929533479867,ground_equivalent_excess_gamma_dose_rate,uSv/h,50.0,1.0,6360,0.0007286000181920826,True,,1,0.1,0.09000000000000001,False,,0.0006759999960195273,
2636,RADIATION,RADIATION,523260.920497467,5696664.290406497,14,44,28.284271247461902,63299.014382934045,0.3174587969908775,ground_equivalent_excess_gamma_dose_rate,uSv/h,50.0,1.0,6360,0.00036040000850334764,True,,1,0.1,0.09000000000000001,False,,0.0006193000008352101,
2637,RADIATION,RADIATION,523280.920497467,5696684.290406497,15,45,28.284271247461902,63327.298654181504,0.3150433698258966,ground_equivalent_excess_gamma_dose_rate,uSv/h,50.0,1.0,6360,0.00036849998286925256,True,,1,0.1,0.09000000000000001,False,,0.0005816000048071146,
2638,RADIATION,RADIATION,523280.920497467,5696704.290406497,16,45,20.0,63347.298654181504,0.33371455156878177,ground_equivalent_excess_gamma_dose_rate,uSv/h,50.0,1.0,6360,0.00034359999699518085,True,,1,0.1,0.09000000000000001,False,,0.0005764999950770289,
2639,RADIATION,RADIATION,523300.920497467,5696724.290406497,17,46,28.284271247461902,63375.582925428964,0.32810440818319203,ground_equivalent_excess_gamma_dose_rate,uSv/h,50.0,1.0,6360,0.0003555000002961606,True,,1,0.1,0.09000000000000001,False,,0.0005757999897468835,
2640,RADIATION,RADIATION,523320.920497467,5696744.290406497,18,47,28.284271247461902,63403.86719667642,0.31992135989576037,ground_equivalent_excess_gamma_dose_rate,uSv/h,50.0,1.0,6360,0.0003422000154387206,True,,1,0.1,0.09000000000000001,False,,0.0005521000130102038,
2641,RADIATION,RADIATION,523340.920497467,5696764.290406497,19,48,28.284271247461902,63432.15146792388,0.3092878421289164,ground_equivalent_excess_gamma_dose_rate,uSv/h,50.0,1.0,6360,0.0003397999971639365,True,,1,0.1,0.09000000000000001,False,,0.0005664000054821372,
2642,RADIATION,RADIATION,523340.920497467,5696744.290406497,18,48,20.0,63452.15146792388,0.2955955712638392,ground_equivalent_excess_gamma_dose_rate,uSv/h,50.0,1.0,6360,0.0003558000025805086,True,,1,0.1,0.09000000000000001,False,,0.0005598000134341419,
2643,RADIATION,RADIATION,523360.920497467,5696764.290406497,19,49,28.284271247461902,63480.43573917134,0.28503063713310267,ground_equivalent_excess_gamma_dose_rate,uSv/h,50.0,1.0,6360,0.00035710001247934997,True,,1,0.1,0.09000000000000001,False,,0.0005525999877136201,
2644,RADIATION,RADIATION,523360.920497467,5696784.290406497,20,49,20.0,63500.43573917134,0.29654737035682693,ground_equivalent_excess_gamma_dose_rate,uSv/h,50.0,1.0,6360,0.00033909999183379114,True,,1,0.1,0.09000000000000001,False,,0.0005728999967686832,
2645,RADIATION,RADIATION,523380.920497467,5696784.290406497,20,50,20.0,63520.43573917134,0.27285572370206185,ground_equivalent_excess_gamma_dose_rate,uSv/h,50.0,1.0,6360,0.0003418999840505421,True,,1,0.1,0.09000000000000001,False,,0.0005614999972749501,
2646,RADIATION,RADIATION,523400.920497467,5696804.290406497,21,51,28.284271247461902,63548.7200104188,0.25950116631416875,ground_equivalent_excess_gamma_dose_rate,uSv/h,50.0,1.0,6360,0.0003493000112939626,True,,1,0.1,0.09000000000000001,False,,0.0005678000161424279,
2647,RADIATION,RADIATION,523400.920497467,5696824.290406497,22,51,20.0,63568.7200104188,0.26678945662482695,ground_equivalent_excess_gamma_dose_rate,uSv/h,50.0,1.0,6360,0.0003578999894671142,True,,1,0.1,0.09000000000000001,False,,0.0005748000112362206,
2648,RADIATION,RADIATION,523420.920497467,5696824.290406497,22,52,20.0,63588.7200104188,0.24542497996333545,ground_equivalent_excess_gamma_dose_rate,uSv/h,50.0,1.0,6360,0.00034070000401698053,True,,1,0.1,0.09000000000000001,False,,0.0005680999893229455,
2649,RADIATION,RADIATION,523420.920497467,5696804.290406497,21,52,20.0,63608.7200104188,0.23944481164336656,ground_equivalent_excess_gamma_dose_rate,uSv/h,50.0,1.0,6360,0.0003541999903973192,True,,1,0.1,0.09000000000000001,False,,0.0005593000096268952,
2650,RADIATION,RADIATION,523420.920497467,5696784.290406497,20,52,20.0,63628.7200104188,0.23307812169699116,ground_equivalent_excess_gamma_dose_rate,uSv/h,50.0,1.0,6360,0.0003448000061325729,True,,1,0.1,0.09000000000000001,False,,0.0005531999922823161,
2651,RADIATION,RADIATION,523400.920497467,5696764.290406497,19,51,28.284271247461902,63657.00428166626,0.24389729780396818,ground_equivalent_excess_gamma_dose_rate,uSv/h,50.0,1.0,6360,0.0003522000042721629,True,,1,0.1,0.09000000000000001,False,,0.0005694999999832362,
2652,RADIATION,RADIATION,523380.920497467,5696744.290406497,18,50,28.284271247461902,63685.28855291372,0.2537940698798164,ground_equivalent_excess_gamma_dose_rate,uSv/h,50.0,1.0,6360,0.0003352999920025468,True,,1,0.1,0.09000000000000001,False,,0.0005632000102195889,
2653,RADIATION,RADIATION,523360.920497467,5696724.290406497,17,49,28.284271247461902,63713.57282416118,0.26248695954972745,ground_equivalent_excess_gamma_dose_rate,uSv/h,50.0,1.0,6360,0.0003440000000409782,True,,1,0.1,0.09000000000000001,False,,0.0005659999733325094,
2654,RADIATION,RADIATION,523340.920497467,5696724.290406497,17,48,20.0,63733.57282416118,0.2823848350444802,ground_equivalent_excess_gamma_dose_rate,uSv/h,50.0,1.0,6360,0.00034070000401698053,True,,1,0.1,0.09000000000000001,False,,0.0005513000069186091,
2655,RADIATION,RADIATION,523320.920497467,5696704.290406497,16,47,28.284271247461902,63761.85709540864,0.2893925166904246,ground_equivalent_excess_gamma_dose_rate,uSv/h,50.0,1.0,6360,0.00035260000731796026,True,,1,0.1,0.09000000000000001,False,,0.0005466000002343208,
2656,RADIATION,RADIATION,523320.920497467,5696684.290406497,15,47,20.0,63781.85709540864,0.27549484051237616,ground_equivalent_excess_gamma_dose_rate,uSv/h,50.0,1.0,6360,0.00035930000012740493,True,,1,0.1,0.09000000000000001,False,,0.0005449999880511314,
2657,RADIATION,RADIATION,523300.920497467,5696664.290406497,14,46,28.284271247461902,63810.1413666561,0.279693831834722,ground_equivalent_excess_gamma_dose_rate,uSv/h,50.0,1.0,6360,0.0003468999930191785,True,,1,0.1,0.09000000000000001,False,,0.0005841999955009669,
2658,RADIATION,RADIATION,523280.920497467,5696644.290406497,13,45,28.284271247461902,63838.42563790356,0.28247894149926966,ground_equivalent_excess_gamma_dose_rate,uSv/h,50.0,1.0,6360,0.00035319998278282583,True,,1,0.1,0.09000000000000001,False,,0.0005788000125903636,
2659,RADIATION,RADIATION,523260.920497467,5696624.290406497,12,44,28.284271247461902,63866.70990915102,0.28407453416793244,ground_equivalent_excess_gamma_dose_rate,uSv/h,50.0,1.0,6360,0.00034389999927952886,True,,1,0.1,0.09000000000000001,False,,0.0005613999965135008,
2660,RADIATION,RADIATION,523240.920497467,5696604.290406497,11,43,28.284271247461902,63894.99418039848,0.2847729712908109,ground_equivalent_excess_gamma_dose_rate,uSv/h,50.0,1.0,6360,0.0003572000132407993,True,,1,0.1,0.09000000000000001,False,,0.0005710999830625951,
2661,RADIATION,RADIATION,523220.920497467,5696584.290406497,10,42,28.284271247461902,63923.278451645936,0.2848927144873585,ground_equivalent_excess_gamma_dose_rate,uSv/h,50.0,1.0,6360,0.0003583999932743609,True,,1,0.1,0.09000000000000001,False,,0.0005545000021811575,
2662,RADIATION,RADIATION,523200.920497467,5696564.290406497,9,41,28.284271247461902,63951.562722893395,0.2847369093285745,ground_equivalent_excess_gamma_dose_rate,uSv/h,50.0,1.0,6360,0.00035280000884085894,True,,1,0.1,0.09000000000000001,False,,0.000555399979930371,
2663,RADIATION,RADIATION,523180.920497467,5696544.290406497,8,40,28.284271247461902,63979.846994140855,0.28455848974868925,ground_equivalent_excess_gamma_dose_rate,uSv/h,50.0,1.0,6360,0.0003620999923441559,True,,1,0.1,0.09000000000000001,False,,0.0005518999823834747,
2664,RADIATION,RADIATION,523160.920497467,5696544.290406497,8,39,20.0,63999.846994140855,0.2992690099630559,ground_equivalent_excess_gamma_dose_rate,uSv/h,50.0,1.0,6360,0.0003496999852359295,True,,1,0.1,0.09000000000000001,False,,0.0005559000128414482,
2665,RADIATION,RADIATION,523140.920497467,5696544.290406497,8,38,20.0,64019.846994140855,0.3149479921002096,ground_equivalent_excess_gamma_dose_rate,uSv/h,50.0,1.0,6360,0.00035870002466253936,True,,1,0.1,0.09000000000000001,False,,0.0006965000065974891,
2666,RADIATION,RADIATION,523120.920497467,5696544.290406497,8,37,20.0,64039.846994140855,0.33178921378094123,ground_equivalent_excess_gamma_dose_rate,uSv/h,50.0,1.0,6360,0.0003459000145085156,True,,1,0.1,0.09000000000000001,False,,0.0005576999974437058,
2667,RADIATION,RADIATION,523100.920497467,5696524.290406497,7,36,28.284271247461902,64068.131265388314,0.3325606395109057,ground_equivalent_excess_gamma_dose_rate,uSv/h,50.0,1.0,6360,0.0003535000141710043,True,,1,0.1,0.09000000000000001,False,,0.0005715999868698418,
2668,RADIATION,RADIATION,523080.920497467,5696524.290406497,7,35,20.0,64088.131265388314,0.3516296758422614,ground_equivalent_excess_gamma_dose_rate,uSv/h,50.0,1.0,6360,0.00036780000664293766,True,,1,0.1,0.09000000000000001,False,,0.0005701000045519322,
2669,RADIATION,RADIATION,523100.920497467,5696504.290406497,6,36,28.284271247461902,64116.41553663577,0.3161134040855012,ground_equivalent_excess_gamma_dose_rate,uSv/h,50.0,1.0,6360,0.00037990001146681607,True,,1,0.1,0.09000000000000001,False,,0.0005578999989666045,
2670,RADIATION,RADIATION,523080.920497467,5696484.290406497,5,35,28.284271247461902,64144.69980788323,0.3174285683652022,ground_equivalent_excess_gamma_dose_rate,uSv/h,50.0,1.0,6360,0.00036040000850334764,True,,1,0.1,0.09000000000000001,False,,0.0005713000136893243,
2671,RADIATION,RADIATION,523080.920497467,5696464.290406497,4,35,20.0,64164.69980788323,0.30148481254858245,ground_equivalent_excess_gamma_dose_rate,uSv/h,50.0,1.0,6360,0.00036150001687929034,True,,1,0.1,0.09000000000000001,False,,0.0005537999968510121,
2672,RADIATION,RADIATION,523060.920497467,5696444.290406497,3,34,28.284271247461902,64192.98407913069,0.30227709261466024,ground_equivalent_excess_gamma_dose_rate,uSv/h,50.0,1.0,6360,0.00037349999183788896,True,,1,0.1,0.09000000000000001,False,,0.0006092000112403184,
2673,RADIATION,RADIATION,523040.920497467,5696424.290406497,2,33,28.284271247461902,64221.26835037815,0.30256178386684657,ground_equivalent_excess_gamma_dose_rate,uSv/h,50.0,1.0,6360,0.000367900007404387,True,,1,0.1,0.09000000000000001,False,,0.0005649999948218465,
2674,RADIATION,RADIATION,523020.920497467,5696404.290406497,1,32,28.284271247461902,64249.55262162561,0.3019393485379059,ground_equivalent_excess_gamma_dose_rate,uSv/h,50.0,1.0,5680,0.0003932999970857054,True,,1,0.1,0.09000000000000001,False,,0.0007197000086307526,
2675,RADIATION,RADIATION,523040.920497467,5696404.290406497,1,33,20.0,64269.55262162561,0.28581765406220044,ground_equivalent_excess_gamma_dose_rate,uSv/h,50.0,1.0,5680,0.0003588999970816076,True,,1,0.1,0.09000000000000001,False,,0.0005855000053998083,
2676,RADIATION,RADIATION,523060.920497467,5696404.290406497,1,34,20.0,64289.55262162561,0.2711430256689302,ground_equivalent_excess_gamma_dose_rate,uSv/h,50.0,1.0,5680,0.0003327000013086945,True,,1,0.1,0.09000000000000001,False,,0.0005492999916896224,
2677,RADIATION,RADIATION,523080.920497467,5696404.290406497,1,35,20.0,64309.55262162561,0.2577256971122066,ground_equivalent_excess_gamma_dose_rate,uSv/h,50.0,1.0,5680,0.00031770000350661576,True,,1,0.1,0.09000000000000001,False,,0.0004904999805148691,
2678,RADIATION,RADIATION,523100.920497467,5696404.290406497,1,36,20.0,64329.55262162561,0.24539820950293129,ground_equivalent_excess_gamma_dose_rate,uSv/h,50.0,1.0,5680,0.0003108000091742724,True,,1,0.1,0.09000000000000001,False,,0.0004296999832149595,
2679,RADIATION,RADIATION,523120.920497467,5696424.290406497,2,37,28.284271247461902,64357.83689287307,0.24587160669732194,ground_equivalent_excess_gamma_dose_rate,uSv/h,50.0,1.0,6360,0.00036689999978989363,True,,1,0.1,0.09000000000000001,False,,0.00037650001468136907,
2680,RADIATION,RADIATION,523120.920497467,5696444.290406497,3,37,20.0,64377.83689287307,0.2583234935551704,ground_equivalent_excess_gamma_dose_rate,uSv/h,50.0,1.0,6360,0.00037319998955354095,True,,1,0.1,0.09000000000000001,False,,0.000545499991858378,
2681,RADIATION,RADIATION,523120.920497467,5696464.290406497,4,37,20.0,64397.83689287307,0.2714115306501059,ground_equivalent_excess_gamma_dose_rate,uSv/h,50.0,1.0,6360,0.00034279999090358615,True,,1,0.1,0.09000000000000001,False,,0.0005616999987978488,
2682,RADIATION,RADIATION,523140.920497467,5696484.290406497,5,38,28.284271247461902,64426.12116412053,0.2710992279640342,ground_equivalent_excess_gamma_dose_rate,uSv/h,50.0,1.0,6360,0.0003729000163730234,True,,1,0.1,0.09000000000000001,False,,0.0005521000130102038,
2683,RADIATION,RADIATION,523160.920497467,5696504.290406497,6,39,28.284271247461902,64454.40543536799,0.2708520490196904,ground_equivalent_excess_gamma_dose_rate,uSv/h,50.0,1.0,6360,0.0003507999936118722,True,,1,0.1,0.09000000000000001,False,,0.0005682999908458441,
2684,RADIATION,RADIATION,523180.920497467,5696524.290406497,7,40,28.284271247461902,64482.68970661545,0.270721560019981,ground_equivalent_excess_gamma_dose_rate,uSv/h,50.0,1.0,6360,0.00035379998735152185,True,,1,0.1,0.09000000000000001,False,,0.0005701999762095511,
2685,RADIATION,RADIATION,523200.920497467,5696544.290406497,8,41,28.284271247461902,64510.97397786291,0.27067771390077455,ground_equivalent_excess_gamma_dose_rate,uSv/h,50.0,1.0,6360,0.0003361999988555908,True,,1,0.1,0.09000000000000001,False,,0.0005532999930437654,
2686,RADIATION,RADIATION,523220.920497467,5696544.290406497,8,42,20.0,64530.97397786291,0.25752864283257465,ground_equivalent_excess_gamma_dose_rate,uSv/h,50.0,1.0,6360,0.0003502999898046255,True,,1,0.1,0.09000000000000001,False,,0.00058230001013726,
2687,RADIATION,RADIATION,523240.920497467,5696564.290406497,9,43,28.284271247461902,64559.25824911037,0.2571642784020952,ground_equivalent_excess_gamma_dose_rate,uSv/h,50.0,1.0,6360,0.00035689998185262084,True,,1,0.1,0.09000000000000001,False,,0.0005631000094581395,
2688,RADIATION,RADIATION,523260.920497467,5696584.290406497,10,44,28.284271247461902,64587.54252035783,0.2564687615547901,ground_equivalent_excess_gamma_dose_rate,uSv/h,50.0,1.0,6360,0.0003436999977566302,True,,1,0.1,0.09000000000000001,False,,0.0005573000235017389,
2689,RADIATION,RADIATION,523280.920497467,5696604.290406497,11,45,28.284271247461902,64615.82679160529,0.2552437185152581,ground_equivalent_excess_gamma_dose_rate,uSv/h,50.0,1.0,6360,0.0003381999849807471,True,,1,0.1,0.09000000000000001,False,,0.0005528999899979681,
2690,RADIATION,RADIATION,523300.920497467,5696624.290406497,12,46,28.284271247461902,64644.111062852746,0.25328349267643774,ground_equivalent_excess_gamma_dose_rate,uSv/h,50.0,1.0,6360,0.0003404000017326325,True,,1,0.1,0.09000000000000001,False,,0.0005564000166486949,
2691,RADIATION,RADIATION,523320.920497467,5696644.290406497,13,47,28.284271247461902,64672.395334100205,0.2504017086171473,ground_equivalent_excess_gamma_dose_rate,uSv/h,50.0,1.0,6360,0.00033790001180022955,True,,1,0.1,0.09000000000000001,False,,0.0005675999855156988,
2692,RADIATION,RADIATION,523320.920497467,5696664.290406497,14,47,20.0,64692.395334100205,0.26251006875135735,ground_equivalent_excess_gamma_dose_rate,uSv/h,50.0,1.0,6360,0.00033099998836405575,True,,1,0.1,0.09000000000000001,False,,0.0005529999907594174,
2693,RADIATION,RADIATION,523340.920497467,5696644.290406497,13,48,28.284271247461902,64720.679605347665,0.23579499583035096,ground_equivalent_excess_gamma_dose_rate,uSv/h,50.0,1.0,6360,0.0003383000148460269,True,,1,0.1,0.09000000000000001,False,,0.0005590000073425472,
2694,RADIATION,RADIATION,523360.920497467,5696664.290406497,14,49,28.284271247461902,64748.963876595124,0.23150594303129363,ground_equivalent_excess_gamma_dose_rate,uSv/h,50.0,1.0,6360,0.00034920001053251326,True,,1,0.1,0.09000000000000001,False,,0.0005540999991353601,
2695,RADIATION,RADIATION,523380.920497467,5696684.290406497,15,50,28.284271247461902,64777.24814784258,0.22622069200217848,ground_equivalent_excess_gamma_dose_rate,uSv/h,50.0,1.0,6360,0.0003575000155251473,True,,1,0.1,0.09000000000000001,False,,0.0005729999975301325,
2696,RADIATION,RADIATION,523400.920497467,5696704.290406497,16,51,28.284271247461902,64805.53241909004,0.21997367869008194,ground_equivalent_excess_gamma_dose_rate,uSv/h,50.0,1.0,6360,0.00034180001239292324,True,,1,0.1,0.09000000000000001,False,,0.0005752999859396368,
2697,RADIATION,RADIATION,523420.920497467,5696724.290406497,17,52,28.284271247461902,64833.8166903375,0.21285806251027856,ground_equivalent_excess_gamma_dose_rate,uSv/h,50.0,1.0,6360,0.0003381000133231282,True,,1,0.1,0.09000000000000001,False,,0.0005678999878000468,
2698,RADIATION,RADIATION,523440.920497467,5696744.290406497,18,53,28.284271247461902,64862.10096158496,0.205013776114429,ground_equivalent_excess_gamma_dose_rate,uSv/h,50.0,1.0,6360,0.00034320002305321395,True,,1,0.1,0.09000000000000001,False,,0.0005700000037904829,
2699,RADIATION,RADIATION,523460.920497467,5696764.290406497,19,54,28.284271247461902,64890.38523283242,0.1966109043886632,ground_equivalent_excess_gamma_dose_rate,uSv/h,50.0,1.0,6360,0.0003341000119689852,True,,1,0.1,0.09000000000000001,False,,0.0005550000059884042,
2700,RADIATION,RADIATION,523460.920497467,5696784.290406497,20,54,20.0,64910.38523283242,0.20132753412791565,ground_equivalent_excess_gamma_dose_rate,uSv/h,50.0,1.0,6360,0.00033660000190138817,True,,1,0.1,0.09000000000000001,False,,0.0005817000055685639,
2701,RADIATION,RADIATION,523460.920497467,5696804.290406497,21,54,20.0,64930.38523283242,0.2057851654655955,ground_equivalent_excess_gamma_dose_rate,uSv/h,50.0,1.0,6360,0.0008097999962046742,True,,1,0.1,0.09000000000000001,False,,0.0005657000001519918,
2702,RADIATION,RADIATION,523480.920497467,5696824.290406497,22,55,28.284271247461902,64958.66950407988,0.19504822408840755,ground_equivalent_excess_gamma_dose_rate,uSv/h,50.0,1.0,6360,0.0003659999929368496,True,,1,0.1,0.09000000000000001,False,,0.0006235000037122518,
2703,RADIATION,RADIATION,523500.920497467,5696804.290406497,21,56,28.284271247461902,64986.95377532734,0.17885534653040552,ground_equivalent_excess_gamma_dose_rate,uSv/h,50.0,1.0,6360,0.00034810000215657055,True,,1,0.1,0.09000000000000001,False,,0.0005882999976165593,
2704,RADIATION,RADIATION,523500.920497467,5696784.290406497,20,56,20.0,65006.95377532734,0.17565734140089168,ground_equivalent_excess_gamma_dose_rate,uSv/h,50.0,1.0,6360,0.0003597000031732023,True,,1,0.1,0.09000000000000001,False,,0.0005723000213038176,
2705,RADIATION,RADIATION,523500.920497467,5696764.290406497,19,56,20.0,65026.95377532734,0.17222628576932164,ground_equivalent_excess_gamma_dose_rate,uSv/h,50.0,1.0,6360,0.0003772999916691333,True,,1,0.1,0.09000000000000001,False,,0.0006522999901790172,
2706,RADIATION,RADIATION,523480.920497467,5696744.290406497,18,55,28.284271247461902,65055.2380465748,0.17962069604454384,ground_equivalent_excess_gamma_dose_rate,uSv/h,50.0,1.0,6360,0.0003499999875202775,True,,1,0.1,0.09000000000000001,False,,0.0005878999945707619,
2707,RADIATION,RADIATION,523460.920497467,5696724.290406497,17,54,28.284271247461902,65083.52231782226,0.18669219030701462,ground_equivalent_excess_gamma_dose_rate,uSv/h,50.0,1.0,6360,0.0003760000108741224,True,,1,0.1,0.09000000000000001,False,,0.0005670999817084521,
2708,RADIATION,RADIATION,523440.920497467,5696704.290406497,16,53,28.284271247461902,65111.80658906972,0.19330949646584672,ground_equivalent_excess_gamma_dose_rate,uSv/h,50.0,1.0,6360,0.00035519999801181257,True,,1,0.1,0.09000000000000001,False,,0.0005621000018436462,
2709,RADIATION,RADIATION,523420.920497467,5696684.290406497,15,52,28.284271247461902,65140.09086031718,0.19935234577275207,ground_equivalent_excess_gamma_dose_rate,uSv/h,50.0,1.0,6360,0.0003465000190772116,True,,1,0.1,0.09000000000000001,False,,0.0005567999905906618,
2710,RADIATION,RADIATION,523400.920497467,5696664.290406497,14,51,28.284271247461902,65168.37513156464,0.20472272138884912,ground_equivalent_excess_gamma_dose_rate,uSv/h,50.0,1.0,6360,0.0003411000070627779,True,,1,0.1,0.09000000000000001,False,,0.0005620000010821968,
2711,RADIATION,RADIATION,523380.920497467,5696644.290406497,13,50,28.284271247461902,65196.659402812096,0.2093549496329477,ground_equivalent_excess_gamma_dose_rate,uSv/h,50.0,1.0,6360,0.0003612999862525612,True,,1,0.1,0.09000000000000001,False,,0.0005713000136893243,
2712,RADIATION,RADIATION,523360.920497467,5696644.290406497,13,49,20.0,65216.659402812096,0.22212299486880843,ground_equivalent_excess_gamma_dose_rate,uSv/h,50.0,1.0,6360,0.000371000001905486,True,,1,0.1,0.09000000000000001,False,,0.000672199996188283,
2713,RADIATION,RADIATION,523360.920497467,5696624.290406497,12,49,20.0,65236.659402812096,0.2132226873888169,ground_equivalent_excess_gamma_dose_rate,uSv/h,50.0,1.0,6360,0.00040279998211190104,True,,1,0.1,0.09000000000000001,False,,0.0006465000042226166,
2714,RADIATION,RADIATION,523340.920497467,5696604.290406497,11,48,28.284271247461902,65264.943674059556,0.2163412345614949,ground_equivalent_excess_gamma_dose_rate,uSv/h,50.0,1.0,6360,0.00036249999538995326,True,,1,0.1,0.09000000000000001,False,,0.000607599999057129,
2715,RADIATION,RADIATION,523320.920497467,5696584.290406497,10,47,28.284271247461902,65293.227945307015,0.2187644437122584,ground_equivalent_excess_gamma_dose_rate,uSv/h,50.0,1.0,6360,0.00036249999538995326,True,,1,0.1,0.09000000000000001,False,,0.0005775000026915222,
2716,RADIATION,RADIATION,523300.920497467,5696584.290406497,10,46,20.0,65313.227945307015,0.23068628710529954,ground_equivalent_excess_gamma_dose_rate,uSv/h,50.0,1.0,6360,0.0003595000016503036,True,,1,0.1,0.09000000000000001,False,,0.0005807999987155199,
2717,RADIATION,RADIATION,523280.920497467,5696584.290406497,10,45,20.0,65333.227945307015,0.2432516492270752,ground_equivalent_excess_gamma_dose_rate,uSv/h,50.0,1.0,6360,0.0003580999909900129,True,,1,0.1,0.09000000000000001,False,,0.0005598999850917608,
2718,RADIATION,RADIATION,523260.920497467,5696564.290406497,9,44,28.284271247461902,65361.512216554474,0.24435808658971364,ground_equivalent_excess_gamma_dose_rate,uSv/h,50.0,1.0,6360,0.0003643999807536602,True,,1,0.1,0.09000000000000001,False,,0.0005554000090342015,
2719,RADIATION,RADIATION,523260.920497467,5696544.290406497,8,44,20.0,65381.512216554474,0.23317130386377416,ground_equivalent_excess_gamma_dose_rate,uSv/h,50.0,1.0,6360,0.00035700001171790063,True,,1,0.1,0.09000000000000001,False,,0.000579200015636161,
2720,RADIATION,RADIATION,523240.920497467,5696524.290406497,7,43,28.284271247461902,65409.796487801934,0.23382516491688932,ground_equivalent_excess_gamma_dose_rate,uSv/h,50.0,1.0,6360,0.00036849998286925256,True,,1,0.1,0.09000000000000001,False,,0.0005839999939780682,
2721,RADIATION,RADIATION,523220.920497467,5696504.290406497,6,42,28.284271247461902,65438.08075904939,0.23424028231784527,ground_equivalent_excess_gamma_dose_rate,uSv/h,50.0,1.0,6360,0.00036959999124519527,True,,1,0.1,0.09000000000000001,False,,0.0005774999735876918,
2722,RADIATION,RADIATION,523200.920497467,5696484.290406497,5,41,28.284271247461902,65466.36503029685,0.23449526365493462,ground_equivalent_excess_gamma_dose_rate,uSv/h,50.0,1.0,6360,0.00038029998540878296,True,,1,0.1,0.09000000000000001,False,,0.0005596000119112432,
2723,RADIATION,RADIATION,523200.920497467,5696464.290406497,4,41,20.0,65486.36503029685,0.22396083177731146,ground_equivalent_excess_gamma_dose_rate,uSv/h,50.0,1.0,6360,0.000361400016117841,True,,1,0.1,0.09000000000000001,False,,0.0005568999913521111,
2724,RADIATION,RADIATION,523180.920497467,5696444.290406497,3,40,28.284271247461902,65514.64930154431,0.22399764699889463,ground_equivalent_excess_gamma_dose_rate,uSv/h,50.0,1.0,6360,0.000365100015187636,True,,1,0.1,0.09000000000000001,False,,0.0005585000035353005,
2725,RADIATION,RADIATION,523200.920497467,5696444.290406497,3,41,20.0,65534.64930154431,0.21402652193506638,ground_equivalent_excess_gamma_dose_rate,uSv/h,50.0,1.0,6360,0.00036279999767430127,True,,1,0.1,0.09000000000000001,False,,0.0005716000159736723,
2726,RADIATION,RADIATION,523180.920497467,5696424.290406497,2,40,28.284271247461902,65562.93357279178,0.2139324585168681,ground_equivalent_excess_gamma_dose_rate,uSv/h,50.0,1.0,6360,0.0004040999920107424,True,,1,0.1,0.09000000000000001,False,,0.0006444000173360109,
2727,RADIATION,RADIATION,523160.920497467,5696444.290406497,3,39,28.284271247461902,65591.21784403925,0.23463271601369456,ground_equivalent_excess_gamma_dose_rate,uSv/h,50.0,1.0,6360,0.0003726000140886754,True,,1,0.1,0.09000000000000001,False,,0.0004498999915085733,
2728,RADIATION,RADIATION,523140.920497467,5696424.290406497,2,38,28.284271247461902,65619.50211528671,0.23445818157331916,ground_equivalent_excess_gamma_dose_rate,uSv/h,50.0,1.0,6360,0.0003558000025805086,True,,1,0.1,0.09000000000000001,False,,0.000596800004132092,
2729,RADIATION,RADIATION,523120.920497467,5696404.290406497,1,37,28.284271247461902,65647.78638653418,0.23401518322601866,ground_equivalent_excess_gamma_dose_rate,uSv/h,50.0,1.0,5680,0.00033549999352544546,True,,1,0.1,0.09000000000000001,False,,0.000527299998793751,
2730,RADIATION,RADIATION,523140.920497467,5696404.290406497,1,38,20.0,65667.78638653418,0.22345203317144124,ground_equivalent_excess_gamma_dose_rate,uSv/h,50.0,1.0,5680,0.0003176000027451664,True,,1,0.1,0.09000000000000001,False,,0.00044479998177848756,
2731,RADIATION,RADIATION,523120.920497467,5696424.290406497,2,37,28.284271247461902,65696.07065778165,0.24587160669732194,ground_equivalent_excess_gamma_dose_rate,uSv/h,50.0,1.0,6360,0.00035030001890845597,True,,1,0.1,0.09000000000000001,False,,0.000361400016117841,
2732,RADIATION,RADIATION,523100.920497467,5696444.290406497,3,36,28.284271247461902,65724.35492902911,0.27166014540927874,ground_equivalent_excess_gamma_dose_rate,uSv/h,50.0,1.0,6360,0.0003431000222917646,True,,1,0.1,0.09000000000000001,False,,0.0005871999892406166,
2733,RADIATION,RADIATION,523080.920497467,5696444.290406497,3,35,20.0,65744.35492902911,0.28623364504473103,ground_equivalent_excess_gamma_dose_rate,uSv/h,50.0,1.0,6360,0.0003464000183157623,True,,1,0.1,0.09000000000000001,False,,0.0006441999867092818,
2734,RADIATION,RADIATION,523060.920497467,5696444.290406497,3,34,20.0,65764.35492902911,0.30227709261466024,ground_equivalent_excess_gamma_dose_rate,uSv/h,50.0,1.0,6360,0.0003431000222917646,True,,1,0.1,0.09000000000000001,False,,0.0005990999925415963,
2735,RADIATION,RADIATION,523040.920497467,5696464.290406497,4,33,28.284271247461902,65792.63920027658,0.338305238553298,ground_equivalent_excess_gamma_dose_rate,uSv/h,50.0,1.0,6360,0.0003418999840505421,True,,1,0.1,0.09000000000000001,False,,0.0005915999936405569,
2736,RADIATION,RADIATION,523060.920497467,5696444.290406497,3,34,28.284271247461902,65820.92347152405,0.30227709261466024,ground_equivalent_excess_gamma_dose_rate,uSv/h,50.0,1.0,6360,0.0003327000013086945,True,,1,0.1,0.09000000000000001,False,,0.000588800001423806,
2737,RADIATION,RADIATION,523040.920497467,5696424.290406497,2,33,28.284271247461902,65849.20774277151,0.30256178386684657,ground_equivalent_excess_gamma_dose_rate,uSv/h,50.0,1.0,6360,0.00034160001087002456,True,,1,0.1,0.09000000000000001,False,,0.0005892999761272222,
2738,RADIATION,RADIATION,523020.920497467,5696424.290406497,2,32,20.0,65869.20774277151,0.3205175414624419,ground_equivalent_excess_gamma_dose_rate,uSv/h,50.0,1.0,6360,0.00034729999606497586,True,,1,0.1,0.09000000000000001,False,,0.0005760999920312315,
2739,RADIATION,RADIATION,523000.920497467,5696404.290406497,1,31,28.284271247461902,65897.49201401898,0.31971857870763604,ground_equivalent_excess_gamma_dose_rate,uSv/h,50.0,1.0,5680,0.00037980001070536673,True,,1,0.1,0.09000000000000001,False,,0.0007410999969579279,
2740,RADIATION,RADIATION,522980.9204974669,5696404.290406497,1,30,20.000000000058208,65917.49201401904,0.3393818970271146,ground_equivalent_excess_gamma_dose_rate,uSv/h,50.0,1.0,5680,0.00033740000799298286,True,,1,0.1,0.09000000000000001,False,,0.0005799000209663063,
2741,RADIATION,RADIATION,522960.9204974669,5696424.290406497,2,29,28.284271247461902,65945.7762852665,0.3880605827042029,ground_equivalent_excess_gamma_dose_rate,uSv/h,50.0,1.0,6360,0.0003598000039346516,True,,1,0.1,0.09000000000000001,False,,0.0005466000002343208,
2742,RADIATION,RADIATION,522940.9204974669,5696404.290406497,1,28,28.284271247461902,65974.06055651397,0.38528378772417987,ground_equivalent_excess_gamma_dose_rate,uSv/h,50.0,1.0,5680,0.0003237999917473644,True,,1,0.1,0.09000000000000001,False,,0.0005515000084415078,
2743,RADIATION,RADIATION,522920.9204974669,5696384.290406497,0,27,28.284271247461902,66002.34482776144,0.37884602542858964,ground_equivalent_excess_gamma_dose_rate,uSv/h,50.0,1.0,4095,0.00026840000646188855,True,,1,0.1,0.09000000000000001,False,,0.0005388999998103827,
2744,RADIATION,RADIATION,522940.9204974669,5696384.290406497,0,28,20.0,66022.34482776144,0.35654893834321816,ground_equivalent_excess_gamma_dose_rate,uSv/h,50.0,1.0,4095,0.00024659998598508537,True,,1,0.1,0.09000000000000001,False,,0.00037390002398751676,
2745,RADIATION,RADIATION,522960.9204974669,5696404.290406497,1,29,28.284271247461902,66050.6290990089,0.361162545173123,ground_equivalent_excess_gamma_dose_rate,uSv/h,50.0,1.0,5680,0.0003084000200033188,True,,1,0.1,0.09000000000000001,False,,0.0004042000218760222,
2746,RADIATION,RADIATION,522940.9204974669,5696384.290406497,0,28,28.284271247461902,66078.91337025637,0.35654893834321816,ground_equivalent_excess_gamma_dose_rate,uSv/h,50.0,1.0,4095,0.00025690000620670617,True,,1,0.1,0.09000000000000001,False,,0.0005644000193569809,
2747,RADIATION,RADIATION,522920.9204974669,5696404.290406497,1,27,28.284271247461902,66107.19764150384,0.41193162640152664,ground_equivalent_excess_gamma_dose_rate,uSv/h,50.0,1.0,5680,0.0003092000260949135,True,,1,0.1,0.09000000000000001,False,,0.00039159998414106667,
2748,RADIATION,RADIATION,522900.9204974669,5696384.290406497,0,26,28.284271247461902,66135.4819127513,0.4029049015881863,ground_equivalent_excess_gamma_dose_rate,uSv/h,50.0,1.0,4095,0.0002576999831944704,True,,1,0.1,0.09000000000000001,False,,0.0005535999953281134,
2749,RADIATION,RADIATION,522880.9204974669,5696384.290406497,0,25,20.0,66155.4819127513,0.4285859212277195,ground_equivalent_excess_gamma_dose_rate,uSv/h,50.0,1.0,4095,0.00026619998971000314,True,,1,0.1,0.09000000000000001,False,,0.000368200009688735,
2750,RADIATION,RADIATION,522860.9204974669,5696404.290406497,1,24,28.284271247461902,66183.76618399877,0.507320914823951,ground_equivalent_excess_gamma_dose_rate,uSv/h,50.0,1.0,5680,0.0003176000027451664,True,,1,0.1,0.09000000000000001,False,,0.0003127999952994287,
2751,RADIATION,RADIATION,522840.9204974669,5696404.290406497,1,23,20.0,66203.76618399877,0.5433163665177829,ground_equivalent_excess_gamma_dose_rate,uSv/h,50.0,1.0,5680,0.0003242000238969922,True,,1,0.1,0.09000000000000001,False,,0.0004209000035189092,
2752,RADIATION,RADIATION,522820.9204974669,5696404.290406497,1,22,20.0,66223.76618399877,0.5800782063192833,ground_equivalent_excess_gamma_dose_rate,uSv/h,50.0,1.0,5680,0.000315399985993281,True,,1,0.1,0.09000000000000001,False,,0.00037150000571273267,
2753,RADIATION,RADIATION,522840.9204974669,5696404.290406497,1,23,20.0,66243.76618399877,0.5433163665177829,ground_equivalent_excess_gamma_dose_rate,uSv/h,50.0,1.0,5680,0.0003130999975837767,True,,1,0.1,0.09000000000000001,False,,0.00041199999395757914,
2754,RADIATION,RADIATION,522860.9204974669,5696404.290406497,1,24,20.0,66263.76618399877,0.507320914823951,ground_equivalent_excess_gamma_dose_rate,uSv/h,50.0,1.0,5680,0.00029730002279393375,True,,1,0.1,0.09000000000000001,False,,0.0004327000060584396,
2755,RADIATION,RADIATION,522880.9204974669,5696384.290406497,0,25,28.284271247461902,66292.05045524624,0.4285859212277195,ground_equivalent_excess_gamma_dose_rate,uSv/h,50.0,1.0,4095,0.00025370001094415784,True,,1,0.1,0.09000000000000001,False,,0.00046189999557100236,
2756,RADIATION,RADIATION,522900.9204974669,5696404.290406497,1,26,28.284271247461902,66320.3347264937,0.4412128342307639,ground_equivalent_excess_gamma_dose_rate,uSv/h,50.0,1.0,5680,0.00030079999123699963,True,,1,0.1,0.09000000000000001,False,,0.0003361999988555908,
2757,RADIATION,RADIATION,522880.9204974669,5696404.290406497,1,25,20.0,66340.3347264937,0.47309423355424624,ground_equivalent_excess_gamma_dose_rate,uSv/h,50.0,1.0,5680,0.00029680001898668706,True,,1,0.1,0.09000000000000001,False,,0.0005864999839104712,
2758,RADIATION,RADIATION,522860.9204974669,5696404.290406497,1,24,20.0,66360.3347264937,0.507320914823951,ground_equivalent_excess_gamma_dose_rate,uSv/h,50.0,1.0,5680,0.0002975999959744513,True,,1,0.1,0.09000000000000001,False,,0.0005175999831408262,
2759,RADIATION,RADIATION,522860.9204974669,5696424.290406497,2,24,20.0,66380.3347264937,0.5671565604997217,ground_equivalent_excess_gamma_dose_rate,uSv/h,50.0,1.0,6360,0.00035879999632015824,True,,1,0.1,0.09000000000000001,False,,0.00046869998914189637,
2760,RADIATION,RADIATION,522840.9204974669,5696404.290406497,1,23,28.284271247461902,66408.61899774117,0.5433163665177829,ground_equivalent_excess_gamma_dose_rate,uSv/h,50.0,1.0,5680,0.00030520002474077046,True,,1,0.1,0.09000000000000001,False,,0.0005791000148747116,
2761,RADIATION,RADIATION,522820.9204974669,5696424.290406497,2,22,28.284271247461902,66436.90326898864,0.6637385448701656,ground_equivalent_excess_gamma_dose_rate,uSv/h,50.0,1.0,6360,0.00036940001882612705,True,,1,0.1,0.09000000000000001,False,,0.00040550000267103314,
2762,RADIATION,RADIATION,522800.9204974669,5696424.290406497,2,21,20.0,66456.90326898864,0.7135852933155533,ground_equivalent_excess_gamma_dose_rate,uSv/h,50.0,1.0,6360,0.00035069999285042286,True,,1,0.1,0.09000000000000001,False,,0.000596199999563396,
2763,RADIATION,RADIATION,522820.9204974669,5696424.290406497,2,22,20.0,66476.90326898864,0.6637385448701656,ground_equivalent_excess_gamma_dose_rate,uSv/h,50.0,1.0,6360,0.00033999999868683517,True,,1,0.1,0.09000000000000001,False,,0.0005474999779835343,
2764,RADIATION,RADIATION,522800.9204974669,5696404.290406497,1,21,28.284271247461902,66505.1875402361,0.6160999915598564,ground_equivalent_excess_gamma_dose_rate,uSv/h,50.0,1.0,5680,0.0003404000017326325,True,,1,0.1,0.09000000000000001,False,,0.0007112000021152198,
2765,RADIATION,RADIATION,522820.9204974669,5696424.290406497,2,22,28.284271247461902,66533.47181148357,0.6637385448701656,ground_equivalent_excess_gamma_dose_rate,uSv/h,50.0,1.0,6360,0.0003302000113762915,True,,1,0.1,0.09000000000000001,False,,0.000374399998690933,
2766,RADIATION,RADIATION,522820.9204974669,5696404.290406497,1,22,20.0,66553.47181148357,0.5800782063192833,ground_equivalent_excess_gamma_dose_rate,uSv/h,50.0,1.0,5680,0.00029960001120343804,True,,1,0.1,0.09000000000000001,False,,0.0005873999907635152,
2767,RADIATION,RADIATION,522820.9204974669,5696424.290406497,2,22,20.0,66573.47181148357,0.6637385448701656,ground_equivalent_excess_gamma_dose_rate,uSv/h,50.0,1.0,6360,0.0003330000035930425,True,,1,0.1,0.09000000000000001,False,,0.0004206000012345612,
2768,RADIATION,RADIATION,522800.9204974669,5696444.290406497,3,21,28.284271247461902,66601.75608273104,0.8360230466927694,ground_equivalent_excess_gamma_dose_rate,uSv/h,50.0,1.0,6360,0.0003485999768599868,True,,1,0.1,0.09000000000000001,False,,0.0005788000125903636,
2769,RADIATION,RADIATION,522820.9204974669,5696424.290406497,2,22,28.284271247461902,66630.0403539785,0.6637385448701656,ground_equivalent_excess_gamma_dose_rate,uSv/h,50.0,1.0,6360,0.0003622999938670546,True,,1,0.1,0.09000000000000001,False,,0.0006647999980486929,
2770,RADIATION,RADIATION,522820.9204974669,5696404.290406497,1,22,20.0,66650.0403539785,0.5800782063192833,ground_equivalent_excess_gamma_dose_rate,uSv/h,50.0,1.0,5680,0.00030819998937658966,True,,1,0.1,0.09000000000000001,False,,0.000606999994488433,
2771,RADIATION,RADIATION,522840.9204974669,5696404.290406497,1,23,20.0,66670.0403539785,0.5433163665177829,ground_equivalent_excess_gamma_dose_rate,uSv/h,50.0,1.0,5680,0.00029850000282749534,True,,1,0.1,0.09000000000000001,False,,0.0004177000082563609,
2772,RADIATION,RADIATION,522860.9204974669,5696424.290406497,2,24,28.284271247461902,66698.32462522597,0.5671565604997217,ground_equivalent_excess_gamma_dose_rate,uSv/h,50.0,1.0,6360,0.0003299999807495624,True,,1,0.1,0.09000000000000001,False,,0.0004233999934513122,
2773,RADIATION,RADIATION,522880.9204974669,5696444.290406497,3,25,28.284271247461902,66726.60889647344,0.5802667627557299,ground_equivalent_excess_gamma_dose_rate,uSv/h,50.0,1.0,6360,0.0003277999931015074,True,,1,0.1,0.09000000000000001,False,,0.0005735000013373792,
2774,RADIATION,RADIATION,522900.9204974669,5696464.290406497,4,26,28.284271247461902,66754.8931677209,0.5820781410844478,ground_equivalent_excess_gamma_dose_rate,uSv/h,50.0,1.0,6360,0.0003304000128991902,True,,1,0.1,0.09000000000000001,False,,0.0005993000231683254,
2775,RADIATION,RADIATION,522900.9204974669,5696444.290406497,3,26,20.0,66774.8931677209,0.530826707867049,ground_equivalent_excess_gamma_dose_rate,uSv/h,50.0,1.0,6360,0.00034069997491315007,True,,1,0.1,0.09000000000000001,False,,0.000592800002777949,
2776,RADIATION,RADIATION,522920.9204974669,5696444.290406497,3,27,20.0,66794.8931677209,0.4874773992733072,ground_equivalent_excess_gamma_dose_rate,uSv/h,50.0,1.0,6360,0.0003282999969087541,True,,1,0.1,0.09000000000000001,False,,0.0006016000115778297,
2777,RADIATION,RADIATION,522920.9204974669,5696424.290406497,2,27,20.0,66814.8931677209,0.448160030441725,ground_equivalent_excess_gamma_dose_rate,uSv/h,50.0,1.0,6360,0.0003276999923400581,True,,1,0.1,0.09000000000000001,False,,0.0005956999957561493,
2778,RADIATION,RADIATION,522900.9204974669,5696444.290406497,3,26,28.284271247461902,66843.17743896837,0.530826707867049,ground_equivalent_excess_gamma_dose_rate,uSv/h,50.0,1.0,6360,0.00032530000316910446,True,,1,0.1,0.09000000000000001,False,,0.0005816999764647335,
2779,RADIATION,RADIATION,522880.9204974669,5696444.290406497,3,25,20.0,66863.17743896837,0.5802667627557299,ground_equivalent_excess_gamma_dose_rate,uSv/h,50.0,1.0,6360,0.0003360999980941415,True,,1,0.1,0.09000000000000001,False,,0.0006065000197850168,
2780,RADIATION,RADIATION,522860.9204974669,5696464.290406497,4,24,28.284271247461902,66891.46171021584,0.7151108151593524,ground_equivalent_excess_gamma_dose_rate,uSv/h,50.0,1.0,6360,0.00033260000054724514,True,,1,0.1,0.09000000000000001,False,,0.0005844999977853149,
2781,RADIATION,RADIATION,522840.9204974669,5696484.290406497,5,23,28.284271247461902,66919.7459814633,0.9137053170298137,ground_equivalent_excess_gamma_dose_rate,uSv/h,50.0,1.0,6360,0.00033809998421929777,True,,1,0.1,0.09000000000000001,False,,0.0005898999806959182,
2782,RADIATION,RADIATION,522860.9204974669,5696504.290406497,6,24,28.284271247461902,66948.03025271077,0.9025507009736873,ground_equivalent_excess_gamma_dose_rate,uSv/h,50.0,1.0,6360,0.0004118000215385109,True,,1,0.1,0.09000000000000001,False,,0.000582000007852912,
2783,RADIATION,RADIATION,522840.9204974669,5696504.290406497,6,23,20.0,66968.03025271077,1.0470926247646222,ground_equivalent_excess_gamma_dose_rate,uSv/h,50.0,1.0,6360,0.0003591999993659556,True,,1,0.1,0.09000000000000001,False,,0.000663200014969334,
2784,RADIATION,RADIATION,522860.9204974669,5696484.290406497,5,24,28.284271247461902,66996.31452395824,0.8042526782824468,ground_equivalent_excess_gamma_dose_rate,uSv/h,50.0,1.0,6360,0.0003370000049471855,True,,1,0.1,0.09000000000000001,False,,0.0006424000021070242,
2785,RADIATION,RADIATION,522880.9204974669,5696484.290406497,5,25,20.0,67016.31452395824,0.7128530127763009,ground_equivalent_excess_gamma_dose_rate,uSv/h,50.0,1.0,6360,0.0003446000046096742,True,,1,0.1,0.09000000000000001,False,,0.000611600000411272,
2786,RADIATION,RADIATION,522880.9204974669,5696464.290406497,4,25,20.0,67036.31452395824,0.6435212465203928,ground_equivalent_excess_gamma_dose_rate,uSv/h,50.0,1.0,6360,0.0003367000026628375,True,,1,0.1,0.09000000000000001,False,,0.0006058000144548714,
2787,RADIATION,RADIATION,522860.9204974669,5696444.290406497,3,24,28.284271247461902,67064.5987952057,0.6361457654351128,ground_equivalent_excess_gamma_dose_rate,uSv/h,50.0,1.0,6360,0.0003422000154387206,True,,1,0.1,0.09000000000000001,False,,0.00073490000795573,
2788,RADIATION,RADIATION,522880.9204974669,5696444.290406497,3,25,20.0,67084.5987952057,0.5802667627557299,ground_equivalent_excess_gamma_dose_rate,uSv/h,50.0,1.0,6360,0.0003301000106148422,True,,1,0.1,0.09000000000000001,False,,0.000611299998126924,
2789,RADIATION,RADIATION,522880.9204974669,5696464.290406497,4,25,20.0,67104.5987952057,0.6435212465203928,ground_equivalent_excess_gamma_dose_rate,uSv/h,50.0,1.0,6360,0.00032869999995455146,True,,1,0.1,0.09000000000000001,False,,0.000621499988483265,
2790,RADIATION,RADIATION,522900.9204974669,5696464.290406497,4,26,20.0,67124.5987952057,0.5820781410844478,ground_equivalent_excess_gamma_dose_rate,uSv/h,50.0,1.0,6360,0.0003493999829515815,True,,1,0.1,0.09000000000000001,False,,0.0005973000079393387,
2791,RADIATION,RADIATION,522900.9204974669,5696484.290406497,5,26,20.0,67144.5987952057,0.6369776899062334,ground_equivalent_excess_gamma_dose_rate,uSv/h,50.0,1.0,6360,0.0003282999969087541,True,,1,0.1,0.09000000000000001,False,,0.0006040000007487833,
2792,RADIATION,RADIATION,522900.9204974669,5696464.290406497,4,26,20.0,67164.5987952057,0.5820781410844478,ground_equivalent_excess_gamma_dose_rate,uSv/h,50.0,1.0,6360,0.00033179999445565045,True,,1,0.1,0.09000000000000001,False,,0.0006083999760448933,
2793,RADIATION,RADIATION,522880.9204974669,5696464.290406497,4,25,20.0,67184.5987952057,0.6435212465203928,ground_equivalent_excess_gamma_dose_rate,uSv/h,50.0,1.0,6360,0.00032309998641721904,True,,1,0.1,0.09000000000000001,False,,0.0005850000015925616,
2794,RADIATION,RADIATION,522900.9204974669,5696464.290406497,4,26,20.0,67204.5987952057,0.5820781410844478,ground_equivalent_excess_gamma_dose_rate,uSv/h,50.0,1.0,6360,0.00032350001856684685,True,,1,0.1,0.09000000000000001,False,,0.0005998000269755721,
2795,RADIATION,RADIATION,522920.9204974669,5696444.290406497,3,27,28.284271247461902,67232.88306645317,0.4874773992733072,ground_equivalent_excess_gamma_dose_rate,uSv/h,50.0,1.0,6360,0.00034759999834932387,True,,1,0.1,0.09000000000000001,False,,0.0006030999938957393,
2796,RADIATION,RADIATION,522900.9204974669,5696424.290406497,2,26,28.284271247461902,67261.16733770064,0.48381648347346146,ground_equivalent_excess_gamma_dose_rate,uSv/h,50.0,1.0,6360,0.0003318000235594809,True,,1,0.1,0.09000000000000001,False,,0.0005968999757897109,
2797,RADIATION,RADIATION,522880.9204974669,5696404.290406497,1,25,28.284271247461902,67289.4516089481,0.47309423355424624,ground_equivalent_excess_gamma_dose_rate,uSv/h,50.0,1.0,5680,0.00032300001475960016,True,,1,0.1,0.09000000000000001,False,,0.0005953000218141824,
2798,RADIATION,RADIATION,522900.9204974669,5696424.290406497,2,26,28.284271247461902,67317.73588019557,0.48381648347346146,ground_equivalent_excess_gamma_dose_rate,uSv/h,50.0,1.0,6360,0.00032400002237409353,True,,1,0.1,0.09000000000000001,False,,0.000512800004798919,
2799,RADIATION,RADIATION,522920.9204974669,5696424.290406497,2,27,20.0,67337.73588019557,0.448160030441725,ground_equivalent_excess_gamma_dose_rate,uSv/h,50.0,1.0,6360,0.0003266999847255647,True,,1,0.1,0.09000000000000001,False,,0.0006024999893270433,
2800,RADIATION,RADIATION,522940.9204974669,5696404.290406497,1,28,28.284271247461902,67366.02015144304,0.38528378772417987,ground_equivalent_excess_gamma_dose_rate,uSv/h,50.0,1.0,5680,0.00030250000418163836,True,,1,0.1,0.09000000000000001,False,,0.0005895000067539513,
2801,RADIATION,RADIATION,522960.9204974669,5696384.290406497,0,29,28.284271247461902,67394.3044226905,0.3360302109175623,ground_equivalent_excess_gamma_dose_rate,uSv/h,50.0,1.0,4095,0.0002649000089149922,True,,1,0.1,0.09000000000000001,False,,0.0005817000055685639,
2802,RADIATION,RADIATION,522940.9204974669,5696384.290406497,0,28,20.0,67414.3044226905,0.35654893834321816,ground_equivalent_excess_gamma_dose_rate,uSv/h,50.0,1.0,4095,0.00024610001128166914,True,,1,0.1,0.09000000000000001,False,,0.0003890999942086637,
2803,RADIATION,RADIATION,522960.9204974669,5696404.290406497,1,29,28.284271247461902,67442.58869393797,0.361162545173123,ground_equivalent_excess_gamma_dose_rate,uSv/h,50.0,1.0,5680,0.0003251000016462058,True,,1,0.1,0.09000000000000001,False,,0.0004099999787285924,
2804,RADIATION,RADIATION,522940.9204974669,5696384.290406497,0,28,28.284271247461902,67470.87296518544,0.35654893834321816,ground_equivalent_excess_gamma_dose_rate,uSv/h,50.0,1.0,4095,0.0002558999985922128,True,,1,0.1,0.09000000000000001,False,,0.0005688999954145402,
2805,RADIATION,RADIATION,522940.9204974669,5696404.290406497,1,28,20.0,67490.87296518544,0.38528378772417987,ground_equivalent_excess_gamma_dose_rate,uSv/h,50.0,1.0,5680,0.0002985999744851142,True,,1,0.1,0.09000000000000001,False,,0.0003988000098615885,
2806,RADIATION,RADIATION,522940.9204974669,5696384.290406497,0,28,20.0,67510.87296518544,0.35654893834321816,ground_equivalent_excess_gamma_dose_rate,uSv/h,50.0,1.0,4095,0.0002447000006213784,True,,1,0.1,0.09000000000000001,False,,0.0005499999970197678,
2807,RADIATION,RADIATION,522960.9204974669,5696384.290406497,0,29,20.0,67530.87296518544,0.3360302109175623,ground_equivalent_excess_gamma_dose_rate,uSv/h,50.0,1.0,4095,0.00026000000070780516,True,,1,0.1,0.09000000000000001,False,,0.0004081999941263348,
2808,RADIATION,RADIATION,522980.9204974669,5696384.290406497,0,30,20.0,67550.87296518544,0.31722602359189284,ground_equivalent_excess_gamma_dose_rate,uSv/h,50.0,1.0,4095,0.0002423000114504248,True,,1,0.1,0.09000000000000001,False,,0.0003938000008929521,
2809,RADIATION,RADIATION,523000.920497467,5696404.290406497,1,31,28.28427124750306,67579.15723643295,0.31971857870763604,ground_equivalent_excess_gamma_dose_rate,uSv/h,50.0,1.0,5680,0.00030100002186372876,True,,1,0.1,0.09000000000000001,False,,0.0003972999984398484,
2810,RADIATION,RADIATION,522980.9204974669,5696384.290406497,0,30,28.28427124750306,67607.44150768046,0.31722602359189284,ground_equivalent_excess_gamma_dose_rate,uSv/h,50.0,1.0,4095,0.0002443999983370304,True,,1,0.1,0.09000000000000001,False,,0.0005624000041279942,
2811,RADIATION,RADIATION,523000.920497467,5696384.290406497,0,31,20.000000000058208,67627.44150768052,0.3000247064939538,ground_equivalent_excess_gamma_dose_rate,uSv/h,50.0,1.0,4095,0.00026160001289099455,True,,1,0.1,0.09000000000000001,False,,0.00040619997889734805,
2812,RADIATION,RADIATION,523020.920497467,5696384.290406497,0,32,20.0,67647.44150768052,0.2842900981059687,ground_equivalent_excess_gamma_dose_rate,uSv/h,50.0,1.0,4095,0.00024410002515651286,True,,1,0.1,0.09000000000000001,False,,0.0003978000022470951,
2813,RADIATION,RADIATION,523040.920497467,5696384.290406497,0,33,20.0,67667.44150768052,0.26987746884294417,ground_equivalent_excess_gamma_dose_rate,uSv/h,50.0,1.0,4095,0.0002545999886933714,True,,1,0.1,0.09000000000000001,False,,0.0003797000099439174,
2814,RADIATION,RADIATION,523020.920497467,5696384.290406497,0,32,20.0,67687.44150768052,0.2842900981059687,ground_equivalent_excess_gamma_dose_rate,uSv/h,50.0,1.0,4095,0.00024229998234659433,True,,1,0.1,0.09000000000000001,False,,0.00039500001003034413,
2815,RADIATION,RADIATION,523040.920497467,5696404.290406497,1,33,28.284271247461902,67715.72577892798,0.28581765406220044,ground_equivalent_excess_gamma_dose_rate,uSv/h,50.0,1.0,5680,0.000401899975258857,True,,1,0.1,0.09000000000000001,False,,0.0003839000128209591,
2816,RADIATION,RADIATION,523020.920497467,5696404.290406497,1,32,20.0,67735.72577892798,0.3019393485379059,ground_equivalent_excess_gamma_dose_rate,uSv/h,50.0,1.0,5680,0.00030899999546818435,True,,1,0.1,0.09000000000000001,False,,0.0005776000034529716,
2817,RADIATION,RADIATION,523000.920497467,5696404.290406497,1,31,20.0,67755.72577892798,0.31971857870763604,ground_equivalent_excess_gamma_dose_rate,uSv/h,50.0,1.0,5680,0.0003130999975837767,True,,1,0.1,0.09000000000000001,False,,0.0005583000020124018,
2818,RADIATION,RADIATION,522980.9204974669,5696404.290406497,1,30,20.000000000058208,67775.72577892804,0.3393818970271146,ground_equivalent_excess_gamma_dose_rate,uSv/h,50.0,1.0,5680,0.00030169999809004366,True,,1,0.1,0.09000000000000001,False,,0.0005530999915208668,
2819,RADIATION,RADIATION,523000.920497467,5696424.290406497,2,31,28.28427124750306,67804.01005017555,0.3405232456907063,ground_equivalent_excess_gamma_dose_rate,uSv/h,50.0,1.0,6360,0.00034679999225772917,True,,1,0.1,0.09000000000000001,False,,0.0005740000051446259,
2820,RADIATION,RADIATION,523020.920497467,5696404.290406497,1,32,28.284271247461902,67832.29432142302,0.3019393485379059,ground_equivalent_excess_gamma_dose_rate,uSv/h,50.0,1.0,5680,0.00030189999961294234,True,,1,0.1,0.09000000000000001,False,,0.0005770999996457249,
2821,RADIATION,RADIATION,523040.920497467,5696384.290406497,0,33,28.284271247461902,67860.57859267048,0.26987746884294417,ground_equivalent_excess_gamma_dose_rate,uSv/h,50.0,1.0,4095,0.00026450000586919487,True,,1,0.1,0.09000000000000001,False,,0.0006958000012673438,
2822,RADIATION,RADIATION,523060.920497467,5696384.290406497,0,34,20.0,67880.57859267048,0.256643826108197,ground_equivalent_excess_gamma_dose_rate,uSv/h,50.0,1.0,4095,0.00024789999588392675,True,,1,0.1,0.09000000000000001,False,,0.0003991000121459365,
2823,RADIATION,RADIATION,523040.920497467,5696404.290406497,1,33,28.284271247461902,67908.86286391795,0.28581765406220044,ground_equivalent_excess_gamma_dose_rate,uSv/h,50.0,1.0,5680,0.000298099999781698,True,,1,0.1,0.09000000000000001,False,,0.0003464000183157623,
2824,RADIATION,RADIATION,523020.920497467,5696384.290406497,0,32,28.284271247461902,67937.14713516542,0.2842900981059687,ground_equivalent_excess_gamma_dose_rate,uSv/h,50.0,1.0,4095,0.0002477999951224774,True,,1,0.1,0.09000000000000001,False,,0.0005591999797616154,
2825,RADIATION,RADIATION,523020.920497467,5696404.290406497,1,32,20.0,67957.14713516542,0.3019393485379059,ground_equivalent_excess_gamma_dose_rate,uSv/h,50.0,1.0,5680,0.0003000000142492354,True,,1,0.1,0.09000000000000001,False,,0.00040160000207833946,
2826,RADIATION,RADIATION,523000.920497467,5696384.290406497,0,31,28.284271247461902,67985.43140641288,0.3000247064939538,ground_equivalent_excess_gamma_dose_rate,uSv/h,50.0,1.0,4095,0.0002491000050213188,True,,1,0.1,0.09000000000000001,False,,0.0005584000027738512,
2827,RADIATION,RADIATION,523020.920497467,5696384.290406497,0,32,20.0,68005.43140641288,0.2842900981059687,ground_equivalent_excess_gamma_dose_rate,uSv/h,50.0,1.0,4095,0.00024339999072253704,True,,1,0.1,0.09000000000000001,False,,0.0003946000069845468,
2828,RADIATION,RADIATION,523040.920497467,5696384.290406497,0,33,20.0,68025.43140641288,0.26987746884294417,ground_equivalent_excess_gamma_dose_rate,uSv/h,50.0,1.0,4095,0.00024119997397065163,True,,1,0.1,0.09000000000000001,False,,0.000375000003259629,
2829,RADIATION,RADIATION,523060.920497467,5696384.290406497,0,34,20.0,68045.43140641288,0.256643826108197,ground_equivalent_excess_gamma_dose_rate,uSv/h,50.0,1.0,4095,0.00025820001610554755,True,,1,0.1,0.09000000000000001,False,,0.00039400000241585076,
2830,RADIATION,RADIATION,523080.920497467,5696404.290406497,1,35,28.284271247461902,68073.71567766035,0.2577256971122066,ground_equivalent_excess_gamma_dose_rate,uSv/h,50.0,1.0,5680,0.00030769998556934297,True,,1,0.1,0.09000000000000001,False,,0.0003493999829515815,
2831,RADIATION,RADIATION,523060.920497467,5696424.290406497,2,34,28.284271247461902,68101.99994890782,0.28635880957891047,ground_equivalent_excess_gamma_dose_rate,uSv/h,50.0,1.0,6360,0.00035639997804537416,True,,1,0.1,0.09000000000000001,False,,0.0004605000140145421,
2832,RADIATION,RADIATION,523080.920497467,5696444.290406497,3,35,28.284271247461902,68130.28422015528,0.28623364504473103,ground_equivalent_excess_gamma_dose_rate,uSv/h,50.0,1.0,6360,0.00033179999445565045,True,,1,0.1,0.09000000000000001,False,,0.0005760999920312315,
2833,RADIATION,RADIATION,523100.920497467,5696424.290406497,2,36,28.284271247461902,68158.56849140275,0.2582171377903598,ground_equivalent_excess_gamma_dose_rate,uSv/h,50.0,1.0,6360,0.0003311999898869544,True,,1,0.1,0.09000000000000001,False,,0.0005917999951634556,
2834,RADIATION,RADIATION,523120.920497467,5696444.290406497,3,37,28.284271247461902,68186.85276265022,0.2583234935551704,ground_equivalent_excess_gamma_dose_rate,uSv/h,50.0,1.0,6360,0.00032479999936185777,True,,1,0.1,0.09000000000000001,False,,0.0005709999823011458,
2835,RADIATION,RADIATION,523100.920497467,5696424.290406497,2,36,28.284271247461902,68215.13703389768,0.2582171377903598,ground_equivalent_excess_gamma_dose_rate,uSv/h,50.0,1.0,6360,0.0003217000048607588,True,,1,0.1,0.09000000000000001,False,,0.000588800001423806,
2836,RADIATION,RADIATION,523120.920497467,5696424.290406497,2,37,20.0,68235.13703389768,0.24587160669732194,ground_equivalent_excess_gamma_dose_rate,uSv/h,50.0,1.0,6360,0.0003239999932702631,True,,1,0.1,0.09000000000000001,False,,0.0005675999855156988,
2837,RADIATION,RADIATION,523120.920497467,5696444.290406497,3,37,20.0,68255.13703389768,0.2583234935551704,ground_equivalent_excess_gamma_dose_rate,uSv/h,50.0,1.0,6360,0.0003242999955546111,True,,1,0.1,0.09000000000000001,False,,0.0006025999900884926,
2838,RADIATION,RADIATION,523140.920497467,5696444.290406497,3,38,20.0,68275.13703389768,0.24603279114764193,ground_equivalent_excess_gamma_dose_rate,uSv/h,50.0,1.0,6360,0.0003370000049471855,True,,1,0.1,0.09000000000000001,False,,0.0005836999916937202,
2839,RADIATION,RADIATION,523160.920497467,5696464.290406497,4,39,28.284271247461902,68303.42130514515,0.24601125843423832,ground_equivalent_excess_gamma_dose_rate,uSv/h,50.0,1.0,6360,0.00032569997711107135,True,,1,0.1,0.09000000000000001,False,,0.0005815000040456653,
2840,RADIATION,RADIATION,523180.920497467,5696444.290406497,3,40,28.284271247461902,68331.70557639262,0.22399764699889463,ground_equivalent_excess_gamma_dose_rate,uSv/h,50.0,1.0,6360,0.00034080000477842987,True,,1,0.1,0.09000000000000001,False,,0.0006182999932207167,
2841,RADIATION,RADIATION,523160.920497467,5696424.290406497,2,39,28.284271247461902,68359.98984764008,0.22384737425124163,ground_equivalent_excess_gamma_dose_rate,uSv/h,50.0,1.0,6360,0.0003259000077378005,True,,1,0.1,0.09000000000000001,False,,0.0005936999805271626,
2842,RADIATION,RADIATION,523160.920497467,5696444.290406497,3,39,20.0,68379.98984764008,0.23463271601369456,ground_equivalent_excess_gamma_dose_rate,uSv/h,50.0,1.0,6360,0.00032580000697635114,True,,1,0.1,0.09000000000000001,False,,0.0004887999966740608,
2843,RADIATION,RADIATION,523140.920497467,5696424.290406497,2,38,28.284271247461902,68408.27411888755,0.23445818157331916,ground_equivalent_excess_gamma_dose_rate,uSv/h,50.0,1.0,6360,0.0003307000151835382,True,,1,0.1,0.09000000000000001,False,,0.000606399989919737,
2844,RADIATION,RADIATION,523140.920497467,5696444.290406497,3,38,20.0,68428.27411888755,0.24603279114764193,ground_equivalent_excess_gamma_dose_rate,uSv/h,50.0,1.0,6360,0.0003257000062149018,True,,1,0.1,0.09000000000000001,False,,0.000534699996933341,
2845,RADIATION,RADIATION,523120.920497467,5696464.290406497,4,37,28.284271247461902,68456.55839013502,0.2714115306501059,ground_equivalent_excess_gamma_dose_rate,uSv/h,50.0,1.0,6360,0.0003426999901421368,True,,1,0.1,0.09000000000000001,False,,0.0005890000029467046,
2846,RADIATION,RADIATION,523120.920497467,5696484.290406497,5,37,20.0,68476.55839013502,0.2851950163852706,ground_equivalent_excess_gamma_dose_rate,uSv/h,50.0,1.0,6360,0.00032629998167976737,True,,1,0.1,0.09000000000000001,False,,0.0005822000093758106,
2847,RADIATION,RADIATION,523100.920497467,5696484.290406497,5,36,20.0,68496.55839013502,0.3005492024923539,ground_equivalent_excess_gamma_dose_rate,uSv/h,50.0,1.0,6360,0.0003327000013086945,True,,1,0.1,0.09000000000000001,False,,0.0005896000075154006,
2848,RADIATION,RADIATION,523120.920497467,5696504.290406497,6,37,28.284271247461902,68524.84266138248,0.2997604664510004,ground_equivalent_excess_gamma_dose_rate,uSv/h,50.0,1.0,6360,0.00032699998700991273,True,,1,0.1,0.09000000000000001,False,,0.0005851000023540109,
2849,RADIATION,RADIATION,523120.920497467,5696484.290406497,5,37,20.0,68544.84266138248,0.2851950163852706,ground_equivalent_excess_gamma_dose_rate,uSv/h,50.0,1.0,6360,0.00032289998489432037,True,,1,0.1,0.09000000000000001,False,,0.0005927000020164996,
2850,RADIATION,RADIATION,523100.920497467,5696484.290406497,5,36,20.0,68564.84266138248,0.3005492024923539,ground_equivalent_excess_gamma_dose_rate,uSv/h,50.0,1.0,6360,0.00032130000181496143,True,,1,0.1,0.09000000000000001,False,,0.0006059999868739396,
2851,RADIATION,RADIATION,523080.920497467,5696464.290406497,4,35,28.284271247461902,68593.12693262995,0.30148481254858245,ground_equivalent_excess_gamma_dose_rate,uSv/h,50.0,1.0,6360,0.0003353999927639961,True,,1,0.1,0.09000000000000001,False,,0.000604200002271682,
2852,RADIATION,RADIATION,523080.920497467,5696484.290406497,5,35,20.0,68613.12693262995,0.3174285683652022,ground_equivalent_excess_gamma_dose_rate,uSv/h,50.0,1.0,6360,0.00034210001467727125,True,,1,0.1,0.09000000000000001,False,,0.000588800001423806,
2853,RADIATION,RADIATION,523060.920497467,5696504.290406497,6,34,28.284271247461902,68641.41120387742,0.3541561915000941,ground_equivalent_excess_gamma_dose_rate,uSv/h,50.0,1.0,6360,0.0003501000173855573,True,,1,0.1,0.09000000000000001,False,,0.0006142999918665737,
2854,RADIATION,RADIATION,523060.920497467,5696524.290406497,7,34,20.0,68661.41120387742,0.3728853916232497,ground_equivalent_excess_gamma_dose_rate,uSv/h,50.0,1.0,6360,0.00035180000122636557,True,,1,0.1,0.09000000000000001,False,,0.0006013000092934817,
2855,RADIATION,RADIATION,523060.920497467,5696544.290406497,8,34,20.0,68681.41120387742,0.39246838641152054,ground_equivalent_excess_gamma_dose_rate,uSv/h,50.0,1.0,6360,0.00034550001146271825,True,,1,0.1,0.09000000000000001,False,,0.0006396000098902732,
2856,RADIATION,RADIATION,523080.920497467,5696524.290406497,7,35,28.284271247461902,68709.69547512488,0.3516296758422614,ground_equivalent_excess_gamma_dose_rate,uSv/h,50.0,1.0,6360,0.00033209999673999846,True,,1,0.1,0.09000000000000001,False,,0.0006141000194475055,
2857,RADIATION,RADIATION,523060.920497467,5696504.290406497,6,34,28.284271247461902,68737.97974637235,0.3541561915000941,ground_equivalent_excess_gamma_dose_rate,uSv/h,50.0,1.0,6360,0.00033889999031089246,True,,1,0.1,0.09000000000000001,False,,0.0005948999896645546,
2858,RADIATION,RADIATION,523080.920497467,5696524.290406497,7,35,28.284271247461902,68766.26401761982,0.3516296758422614,ground_equivalent_excess_gamma_dose_rate,uSv/h,50.0,1.0,6360,0.00032970000756904483,True,,1,0.1,0.09000000000000001,False,,0.000600500003201887,
2859,RADIATION,RADIATION,523060.920497467,5696524.290406497,7,34,20.0,68786.26401761982,0.3728853916232497,ground_equivalent_excess_gamma_dose_rate,uSv/h,50.0,1.0,6360,0.0003268000145908445,True,,1,0.1,0.09000000000000001,False,,0.000607299996772781,
2860,RADIATION,RADIATION,523040.920497467,5696504.290406497,6,33,28.284271247461902,68814.54828886729,0.37674866306299254,ground_equivalent_excess_gamma_dose_rate,uSv/h,50.0,1.0,6360,0.00034100000630132854,True,,1,0.1,0.09000000000000001,False,,0.0005885999999009073,
2861,RADIATION,RADIATION,523060.920497467,5696524.290406497,7,34,28.284271247461902,68842.83256011475,0.3728853916232497,ground_equivalent_excess_gamma_dose_rate,uSv/h,50.0,1.0,6360,0.0003243999963160604,True,,1,0.1,0.09000000000000001,False,,0.0006062999891582876,
2862,RADIATION,RADIATION,523080.920497467,5696544.290406497,8,35,28.284271247461902,68871.11683136222,0.37012283621117686,ground_equivalent_excess_gamma_dose_rate,uSv/h,50.0,1.0,6360,0.0003428999916650355,True,,1,0.1,0.09000000000000001,False,,0.0005913000204600394,
2863,RADIATION,RADIATION,523060.920497467,5696544.290406497,8,34,20.0,68891.11683136222,0.39246838641152054,ground_equivalent_excess_gamma_dose_rate,uSv/h,50.0,1.0,6360,0.00032750001992098987,True,,1,0.1,0.09000000000000001,False,,0.0005846999993082136,
2864,RADIATION,RADIATION,523060.920497467,5696564.290406497,9,34,20.0,68911.11683136222,0.4131004887196949,ground_equivalent_excess_gamma_dose_rate,uSv/h,50.0,1.0,6360,0.0003344999859109521,True,,1,0.1,0.09000000000000001,False,,0.0006099000165704638,
2865,RADIATION,RADIATION,523040.920497467,5696544.290406497,8,33,28.284271247461902,68939.40110260969,0.41775219651064205,ground_equivalent_excess_gamma_dose_rate,uSv/h,50.0,1.0,6360,0.00032869999995455146,True,,1,0.1,0.09000000000000001,False,,0.0005870000168215483,
2866,RADIATION,RADIATION,523020.920497467,5696524.290406497,7,32,28.284271247461902,68967.68537385715,0.4244847591423139,ground_equivalent_excess_gamma_dose_rate,uSv/h,50.0,1.0,6360,0.0003291000030003488,True,,1,0.1,0.09000000000000001,False,,0.0005917999951634556,
2867,RADIATION,RADIATION,523040.920497467,5696504.290406497,6,33,28.284271247461902,68995.96964510462,0.37674866306299254,ground_equivalent_excess_gamma_dose_rate,uSv/h,50.0,1.0,6360,0.0003330000035930425,True,,1,0.1,0.09000000000000001,False,,0.0005751000135205686,
2868,RADIATION,RADIATION,523020.920497467,5696524.290406497,7,32,28.284271247461902,69024.25391635209,0.4244847591423139,ground_equivalent_excess_gamma_dose_rate,uSv/h,50.0,1.0,6360,0.00035099999513477087,True,,1,0.1,0.09000000000000001,False,,0.0005982999864500016,
2869,RADIATION,RADIATION,523020.920497467,5696504.290406497,6,32,20.0,69044.25391635209,0.4025471385967014,ground_equivalent_excess_gamma_dose_rate,uSv/h,50.0,1.0,6360,0.00034199998481199145,True,,1,0.1,0.09000000000000001,False,,0.0006166000093799084,
2870,RADIATION,RADIATION,523000.920497467,5696484.290406497,5,31,28.284271247461902,69072.53818759955,0.4084752313394399,ground_equivalent_excess_gamma_dose_rate,uSv/h,50.0,1.0,6360,0.00033989999792538583,True,,1,0.1,0.09000000000000001,False,,0.000590600015129894,
2871,RADIATION,RADIATION,522980.9204974669,5696504.290406497,6,30,28.28427124750306,69100.82245884706,0.467391281468537,ground_equivalent_excess_gamma_dose_rate,uSv/h,50.0,1.0,6360,0.0003454000107012689,True,,1,0.1,0.09000000000000001,False,,0.000610699993558228,
2872,RADIATION,RADIATION,522980.9204974669,5696524.290406497,7,30,20.0,69120.82245884706,0.494633403077741,ground_equivalent_excess_gamma_dose_rate,uSv/h,50.0,1.0,6360,0.00033239999902434647,True,,1,0.1,0.09000000000000001,False,,0.000592199998209253,
2873,RADIATION,RADIATION,522960.9204974669,5696544.290406497,8,29,28.284271247461902,69149.10673009453,0.5709758000821861,ground_equivalent_excess_gamma_dose_rate,uSv/h,50.0,1.0,6360,0.00033239999902434647,True,,1,0.1,0.09000000000000001,False,,0.000591500021982938,
2874,RADIATION,RADIATION,522960.9204974669,5696564.290406497,9,29,20.0,69169.10673009453,0.6002321560055266,ground_equivalent_excess_gamma_dose_rate,uSv/h,50.0,1.0,6360,0.00033320000511594117,True,,1,0.1,0.09000000000000001,False,,0.0005907000158913434,
2875,RADIATION,RADIATION,522960.9204974669,5696584.290406497,10,29,20.0,69189.10673009453,0.6276320686909014,ground_equivalent_excess_gamma_dose_rate,uSv/h,50.0,1.0,6360,0.0003293000045232475,True,,1,0.1,0.09000000000000001,False,,0.0005997999978717417,
2876,RADIATION,RADIATION,522980.9204974669,5696584.290406497,10,30,20.0,69209.10673009453,0.5735748560004095,ground_equivalent_excess_gamma_dose_rate,uSv/h,50.0,1.0,6360,0.0003296000068075955,True,,1,0.1,0.09000000000000001,False,,0.0006165000086184591,
2877,RADIATION,RADIATION,523000.920497467,5696584.290406497,10,31,20.000000000058208,69229.10673009459,0.5296688156082658,ground_equivalent_excess_gamma_dose_rate,uSv/h,50.0,1.0,6360,0.00032029999420046806,True,,1,0.1,0.09000000000000001,False,,0.0005870999884791672,
2878,RADIATION,RADIATION,523000.920497467,5696604.290406497,11,31,20.0,69249.10673009459,0.5543736722367558,ground_equivalent_excess_gamma_dose_rate,uSv/h,50.0,1.0,6360,0.0003425999893806875,True,,1,0.1,0.09000000000000001,False,,0.0007506999827455729,
2879,RADIATION,RADIATION,523020.920497467,5696584.290406497,10,32,28.284271247461902,69277.39100134205,0.49317019157168157,ground_equivalent_excess_gamma_dose_rate,uSv/h,50.0,1.0,6360,0.0003328000020701438,True,,1,0.1,0.09000000000000001,False,,0.0006059000152163208,
2880,RADIATION,RADIATION,523000.920497467,5696564.290406497,9,31,28.284271247461902,69305.67527258952,0.5052749783407449,ground_equivalent_excess_gamma_dose_rate,uSv/h,50.0,1.0,6360,0.0003313999914098531,True,,1,0.1,0.09000000000000001,False,,0.0005898000090382993,
2881,RADIATION,RADIATION,523000.920497467,5696584.290406497,10,31,20.0,69325.67527258952,0.5296688156082658,ground_equivalent_excess_gamma_dose_rate,uSv/h,50.0,1.0,6360,0.0003367000026628375,True,,1,0.1,0.09000000000000001,False,,0.0007065999961923808,
2882,RADIATION,RADIATION,523020.920497467,5696564.290406497,9,32,28.284271247461902,69353.95954383699,0.4696865337578497,ground_equivalent_excess_gamma_dose_rate,uSv/h,50.0,1.0,6360,0.0003831000067293644,True,,1,0.1,0.09000000000000001,False,,0.0009620000200811774,
2883,RADIATION,RADIATION,523040.920497467,5696584.290406497,10,33,28.284271247461902,69382.24381508445,0.46211951751414765,ground_equivalent_excess_gamma_dose_rate,uSv/h,50.0,1.0,6360,0.0003452999808359891,True,,1,0.1,0.09000000000000001,False,,0.0006348000024445355,
2884,RADIATION,RADIATION,523020.920497467,5696584.290406497,10,32,20.0,69402.24381508445,0.49317019157168157,ground_equivalent_excess_gamma_dose_rate,uSv/h,50.0,1.0,6360,0.0003419000131543726,True,,1,0.1,0.09000000000000001,False,,0.0006281000096350908,
2885,RADIATION,RADIATION,523020.920497467,5696604.290406497,11,32,20.0,69422.24381508445,0.5176704743513407,ground_equivalent_excess_gamma_dose_rate,uSv/h,50.0,1.0,6360,0.000350600021192804,True,,1,0.1,0.09000000000000001,False,,0.0006021000153850764,
2886,RADIATION,RADIATION,523000.920497467,5696584.290406497,10,31,28.284271247461902,69450.52808633192,0.5296688156082658,ground_equivalent_excess_gamma_dose_rate,uSv/h,50.0,1.0,6360,0.0003395999956410378,True,,1,0.1,0.09000000000000001,False,,0.0006036999984644353,
2887,RADIATION,RADIATION,522980.9204974669,5696604.290406497,11,30,28.28427124750306,69478.81235757943,0.5985199014111515,ground_equivalent_excess_gamma_dose_rate,uSv/h,50.0,1.0,6360,0.0003392999933566898,True,,1,0.1,0.09000000000000001,False,,0.000612599978921935,
2888,RADIATION,RADIATION,522960.9204974669,5696604.290406497,11,29,20.0,69498.81235757943,0.6529979548432416,ground_equivalent_excess_gamma_dose_rate,uSv/h,50.0,1.0,6360,0.0003437999985180795,True,,1,0.1,0.09000000000000001,False,,0.0006006000039633363,
2889,RADIATION,RADIATION,522940.9204974669,5696604.290406497,11,28,20.0,69518.81235757943,0.7219516811937614,ground_equivalent_excess_gamma_dose_rate,uSv/h,50.0,1.0,6360,0.0003440000000409782,True,,1,0.1,0.09000000000000001,False,,0.0006057000136934221,
2890,RADIATION,RADIATION,522960.9204974669,5696584.290406497,10,29,28.284271247461902,69547.0966288269,0.6276320686909014,ground_equivalent_excess_gamma_dose_rate,uSv/h,50.0,1.0,6360,0.00035420001950114965,True,,1,0.1,0.09000000000000001,False,,0.0006021999870426953,
2891,RADIATION,RADIATION,522980.9204974669,5696604.290406497,11,30,28.284271247461902,69575.38090007436,0.5985199014111515,ground_equivalent_excess_gamma_dose_rate,uSv/h,50.0,1.0,6360,0.0003448000061325729,True,,1,0.1,0.09000000000000001,False,,0.000610099988989532,
2892,RADIATION,RADIATION,522960.9204974669,5696604.290406497,11,29,20.0,69595.38090007436,0.6529979548432416,ground_equivalent_excess_gamma_dose_rate,uSv/h,50.0,1.0,6360,0.00032969997846521437,True,,1,0.1,0.09000000000000001,False,,0.0006166999810375273,
2893,RADIATION,RADIATION,522960.9204974669,5696624.290406497,12,29,20.0,69615.38090007436,0.6765716952885656,ground_equivalent_excess_gamma_dose_rate,uSv/h,50.0,1.0,6360,0.00033260000054724514,True,,1,0.1,0.09000000000000001,False,,0.0006086000066716224,
2894,RADIATION,RADIATION,522940.9204974669,5696624.290406497,12,28,20.0,69635.38090007436,0.7441630124685645,ground_equivalent_excess_gamma_dose_rate,uSv/h,50.0,1.0,6360,0.0003349999897181988,True,,1,0.1,0.09000000000000001,False,,0.0006167000101413578,
2895,RADIATION,RADIATION,522920.9204974669,5696604.290406497,11,27,28.284271247461902,69663.66517132183,0.8115009113776892,ground_equivalent_excess_gamma_dose_rate,uSv/h,50.0,1.0,6360,0.00035230000503361225,True,,1,0.1,0.09000000000000001,False,,0.000587800022913143,
2896,RADIATION,RADIATION,522940.9204974669,5696624.290406497,12,28,28.284271247461902,69691.9494425693,0.7441630124685645,ground_equivalent_excess_gamma_dose_rate,uSv/h,50.0,1.0,6360,0.0003293000045232475,True,,1,0.1,0.09000000000000001,False,,0.0006047000060789287,
2897,RADIATION,RADIATION,522940.9204974669,5696604.290406497,11,28,20.0,69711.9494425693,0.7219516811937614,ground_equivalent_excess_gamma_dose_rate,uSv/h,50.0,1.0,6360,0.0003254000039305538,True,,1,0.1,0.09000000000000001,False,,0.0006024999893270433,
2898,RADIATION,RADIATION,522960.9204974669,5696584.290406497,10,29,28.284271247461902,69740.23371381676,0.6276320686909014,ground_equivalent_excess_gamma_dose_rate,uSv/h,50.0,1.0,6360,0.0003281999961473048,True,,1,0.1,0.09000000000000001,False,,0.0005988999910186976,
2899,RADIATION,RADIATION,522960.9204974669,5696604.290406497,11,29,20.0,69760.23371381676,0.6529979548432416,ground_equivalent_excess_gamma_dose_rate,uSv/h,50.0,1.0,6360,0.00032709998777136207,True,,1,0.1,0.09000000000000001,False,,0.0006094000127632171,
2900,RADIATION,RADIATION,522980.9204974669,5696624.290406497,12,30,28.284271247461902,69788.51798506423,0.6232093020989125,ground_equivalent_excess_gamma_dose_rate,uSv/h,50.0,1.0,6360,0.0003215000033378601,True,,1,0.1,0.09000000000000001,False,,0.0005856999778188765,
2901,RADIATION,RADIATION,523000.920497467,5696644.290406497,13,31,28.28427124750306,69816.80225631174,0.6072113397304411,ground_equivalent_excess_gamma_dose_rate,uSv/h,50.0,1.0,6360,0.00032469999860040843,True,,1,0.1,0.09000000000000001,False,,0.000600200000917539,
2902,RADIATION,RADIATION,522980.9204974669,5696644.290406497,13,30,20.000000000058208,69836.8022563118,0.6484578204848166,ground_equivalent_excess_gamma_dose_rate,uSv/h,50.0,1.0,6360,0.0003420000139158219,True,,1,0.1,0.09000000000000001,False,,0.0005911000189371407,
2903,RADIATION,RADIATION,522980.9204974669,5696664.290406497,14,30,20.0,69856.8022563118,0.6755346810410847,ground_equivalent_excess_gamma_dose_rate,uSv/h,50.0,1.0,6360,0.0003327000013086945,True,,1,0.1,0.09000000000000001,False,,0.000592800002777949,
2904,RADIATION,RADIATION,523000.920497467,5696644.290406497,13,31,28.28427124750306,69885.08652755931,0.6072113397304411,ground_equivalent_excess_gamma_dose_rate,uSv/h,50.0,1.0,6360,0.0003242999955546111,True,,1,0.1,0.09000000000000001,False,,0.0006126000080257654,
2905,RADIATION,RADIATION,522980.9204974669,5696664.290406497,14,30,28.28427124750306,69913.37079880682,0.6755346810410847,ground_equivalent_excess_gamma_dose_rate,uSv/h,50.0,1.0,6360,0.0003381000133231282,True,,1,0.1,0.09000000000000001,False,,0.000587200018344447,
2906,RADIATION,RADIATION,523000.920497467,5696664.290406497,14,31,20.000000000058208,69933.37079880688,0.6375390709822921,ground_equivalent_excess_gamma_dose_rate,uSv/h,50.0,1.0,6360,0.0003350999904796481,True,,1,0.1,0.09000000000000001,False,,0.0006155999726615846,
2907,RADIATION,RADIATION,522980.9204974669,5696644.290406497,13,30,28.28427124750306,69961.65507005439,0.6484578204848166,ground_equivalent_excess_gamma_dose_rate,uSv/h,50.0,1.0,6360,0.0003381000133231282,True,,1,0.1,0.09000000000000001,False,,0.0005831000162288547,
2908,RADIATION,RADIATION,522960.9204974669,5696644.290406497,13,29,20.0,69981.65507005439,0.6990981683645088,ground_equivalent_excess_gamma_dose_rate,uSv/h,50.0,1.0,6360,0.00032920000376179814,True,,1,0.1,0.09000000000000001,False,,0.0005876999930478632,
2909,RADIATION,RADIATION,522940.9204974669,5696644.290406497,13,28,20.0,70001.65507005439,0.7630913754844664,ground_equivalent_excess_gamma_dose_rate,uSv/h,50.0,1.0,6360,0.00033569999504834414,True,,1,0.1,0.09000000000000001,False,,0.0006132999842520803,
2910,RADIATION,RADIATION,522960.9204974669,5696624.290406497,12,29,28.284271247461902,70029.93934130186,0.6765716952885656,ground_equivalent_excess_gamma_dose_rate,uSv/h,50.0,1.0,6360,0.0003282999969087541,True,,1,0.1,0.09000000000000001,False,,0.0005968999757897109,
2911,RADIATION,RADIATION,522980.9204974669,5696604.290406497,11,30,28.284271247461902,70058.22361254932,0.5985199014111515,ground_equivalent_excess_gamma_dose_rate,uSv/h,50.0,1.0,6360,0.00033239999902434647,True,,1,0.1,0.09000000000000001,False,,0.0006135000148788095,
2912,RADIATION,RADIATION,523000.920497467,5696604.290406497,11,31,20.000000000058208,70078.22361254938,0.5543736722367558,ground_equivalent_excess_gamma_dose_rate,uSv/h,50.0,1.0,6360,0.00032500000088475645,True,,1,0.1,0.09000000000000001,False,,0.0005960999988019466,
2913,RADIATION,RADIATION,522980.9204974669,5696584.290406497,10,30,28.28427124750306,70106.50788379689,0.5735748560004095,ground_equivalent_excess_gamma_dose_rate,uSv/h,50.0,1.0,6360,0.00033469998743385077,True,,1,0.1,0.09000000000000001,False,,0.0005947000172454864,
2914,RADIATION,RADIATION,522980.9204974669,5696564.290406497,9,30,20.0,70126.50788379689,0.5479605613799281,ground_equivalent_excess_gamma_dose_rate,uSv/h,50.0,1.0,6360,0.0003342999843880534,True,,1,0.1,0.09000000000000001,False,,0.0005874999915249646,
2915,RADIATION,RADIATION,522980.9204974669,5696584.290406497,10,30,20.0,70146.50788379689,0.5735748560004095,ground_equivalent_excess_gamma_dose_rate,uSv/h,50.0,1.0,6360,0.0003254000039305538,True,,1,0.1,0.09000000000000001,False,,0.000604800006840378,
2916,RADIATION,RADIATION,523000.920497467,5696564.290406497,9,31,28.28427124750306,70174.7921550444,0.5052749783407449,ground_equivalent_excess_gamma_dose_rate,uSv/h,50.0,1.0,6360,0.0003254000039305538,True,,1,0.1,0.09000000000000001,False,,0.0005985999887343496,
2917,RADIATION,RADIATION,523020.920497467,5696564.290406497,9,32,20.0,70194.7921550444,0.4696865337578497,ground_equivalent_excess_gamma_dose_rate,uSv/h,50.0,1.0,6360,0.00032560000545345247,True,,1,0.1,0.09000000000000001,False,,0.000597400008700788,
2918,RADIATION,RADIATION,523040.920497467,5696564.290406497,9,33,20.0,70214.7921550444,0.4393993076296658,ground_equivalent_excess_gamma_dose_rate,uSv/h,50.0,1.0,6360,0.00032469999860040843,True,,1,0.1,0.09000000000000001,False,,0.000617499987129122,
2919,RADIATION,RADIATION,523060.920497467,5696564.290406497,9,34,20.0,70234.7921550444,0.4131004887196949,ground_equivalent_excess_gamma_dose_rate,uSv/h,50.0,1.0,6360,0.0003376999811735004,True,,1,0.1,0.09000000000000001,False,,0.0006923000037204474,
2920,RADIATION,RADIATION,523040.920497467,5696564.290406497,9,33,20.0,70254.7921550444,0.4393993076296658,ground_equivalent_excess_gamma_dose_rate,uSv/h,50.0,1.0,6360,0.00033030001213774085,True,,1,0.1,0.09000000000000001,False,,0.0005910000181756914,
2921,RADIATION,RADIATION,523020.920497467,5696564.290406497,9,32,20.0,70274.7921550444,0.4696865337578497,ground_equivalent_excess_gamma_dose_rate,uSv/h,50.0,1.0,6360,0.00032580000697635114,True,,1,0.1,0.09000000000000001,False,,0.00059710000641644,
2922,RADIATION,RADIATION,523020.920497467,5696584.290406497,10,32,20.0,70294.7921550444,0.49317019157168157,ground_equivalent_excess_gamma_dose_rate,uSv/h,50.0,1.0,6360,0.00032300001475960016,True,,1,0.1,0.09000000000000001,False,,0.0005812000017613173,
2923,RADIATION,RADIATION,523040.920497467,5696604.290406497,11,33,28.284271247461902,70323.07642629187,0.4863542570745835,ground_equivalent_excess_gamma_dose_rate,uSv/h,50.0,1.0,6360,0.0003307999868411571,True,,1,0.1,0.09000000000000001,False,,0.0005919999966863543,
2924,RADIATION,RADIATION,523060.920497467,5696584.290406497,10,34,28.284271247461902,70351.36069753933,0.4350987028661499,ground_equivalent_excess_gamma_dose_rate,uSv/h,50.0,1.0,6360,0.00034309999318793416,True,,1,0.1,0.09000000000000001,False,,0.000590000010561198,
2925,RADIATION,RADIATION,523040.920497467,5696604.290406497,11,33,28.284271247461902,70379.6449687868,0.4863542570745835,ground_equivalent_excess_gamma_dose_rate,uSv/h,50.0,1.0,6360,0.0003274999908171594,True,,1,0.1,0.09000000000000001,False,,0.0005849000008311123,
2926,RADIATION,RADIATION,523060.920497467,5696624.290406497,12,34,28.284271247461902,70407.92924003427,0.4853398590602193,ground_equivalent_excess_gamma_dose_rate,uSv/h,50.0,1.0,6360,0.00032839999767020345,True,,1,0.1,0.09000000000000001,False,,0.0006021000153850764,
2927,RADIATION,RADIATION,523040.920497467,5696604.290406497,11,33,28.284271247461902,70436.21351128173,0.4863542570745835,ground_equivalent_excess_gamma_dose_rate,uSv/h,50.0,1.0,6360,0.0003257000062149018,True,,1,0.1,0.09000000000000001,False,,0.0005979000125080347,
2928,RADIATION,RADIATION,523040.920497467,5696624.290406497,12,33,20.0,70456.21351128173,0.5127797488632411,ground_equivalent_excess_gamma_dose_rate,uSv/h,50.0,1.0,6360,0.00032830002601258457,True,,1,0.1,0.09000000000000001,False,,0.0006142000202089548,
2929,RADIATION,RADIATION,523020.920497467,5696624.290406497,12,32,20.0,70476.21351128173,0.5438094574475698,ground_equivalent_excess_gamma_dose_rate,uSv/h,50.0,1.0,6360,0.00032809999538585544,True,,1,0.1,0.09000000000000001,False,,0.000593400007346645,
2930,RADIATION,RADIATION,523040.920497467,5696644.290406497,13,33,28.284271247461902,70504.4977825292,0.5423791904768924,ground_equivalent_excess_gamma_dose_rate,uSv/h,50.0,1.0,6360,0.0003267000138293952,True,,1,0.1,0.09000000000000001,False,,0.000591500021982938,
2931,RADIATION,RADIATION,523060.920497467,5696644.290406497,13,34,20.0,70524.4977825292,0.5152756333531749,ground_equivalent_excess_gamma_dose_rate,uSv/h,50.0,1.0,6360,0.00036120001459494233,True,,1,0.1,0.09000000000000001,False,,0.0005955999949947,
2932,RADIATION,RADIATION,523060.920497467,5696664.290406497,14,34,20.0,70544.4977825292,0.5501353078476989,ground_equivalent_excess_gamma_dose_rate,uSv/h,50.0,1.0,6360,0.00032869999995455146,True,,1,0.1,0.09000000000000001,False,,0.0006084999768063426,
2933,RADIATION,RADIATION,523060.920497467,5696644.290406497,13,34,20.0,70564.4977825292,0.5152756333531749,ground_equivalent_excess_gamma_dose_rate,uSv/h,50.0,1.0,6360,0.0003328000020701438,True,,1,0.1,0.09000000000000001,False,,0.0006132000125944614,
2934,RADIATION,RADIATION,523060.920497467,5696624.290406497,12,34,20.0,70584.4977825292,0.4853398590602193,ground_equivalent_excess_gamma_dose_rate,uSv/h,50.0,1.0,6360,0.00033290000283159316,True,,1,0.1,0.09000000000000001,False,,0.0007104999967850745,
2935,RADIATION,RADIATION,523080.920497467,5696644.290406497,13,35,28.284271247461902,70612.78205377667,0.490180455595236,ground_equivalent_excess_gamma_dose_rate,uSv/h,50.0,1.0,6360,0.0003284999984316528,True,,1,0.1,0.09000000000000001,False,,0.0006086999783292413,
2936,RADIATION,RADIATION,523100.920497467,5696644.290406497,13,36,20.0,70632.78205377667,0.46638920063274986,ground_equivalent_excess_gamma_dose_rate,uSv/h,50.0,1.0,6360,0.00032839999767020345,True,,1,0.1,0.09000000000000001,False,,0.000589100003708154,
2937,RADIATION,RADIATION,523120.920497467,5696644.290406497,13,37,20.0,70652.78205377667,0.44346094042214496,ground_equivalent_excess_gamma_dose_rate,uSv/h,50.0,1.0,6360,0.0003310999891255051,True,,1,0.1,0.09000000000000001,False,,0.0006055999838281423,
2938,RADIATION,RADIATION,523120.920497467,5696624.290406497,12,37,20.0,70672.78205377667,0.4153983733063928,ground_equivalent_excess_gamma_dose_rate,uSv/h,50.0,1.0,6360,0.00034219998633489013,True,,1,0.1,0.09000000000000001,False,,0.0006111999973654747,
2939,RADIATION,RADIATION,523120.920497467,5696604.290406497,11,37,20.0,70692.78205377667,0.3909377685554664,ground_equivalent_excess_gamma_dose_rate,uSv/h,50.0,1.0,6360,0.0003321999975014478,True,,1,0.1,0.09000000000000001,False,,0.0006024000176694244,
2940,RADIATION,RADIATION,523120.920497467,5696624.290406497,12,37,20.0,70712.78205377667,0.4153983733063928,ground_equivalent_excess_gamma_dose_rate,uSv/h,50.0,1.0,6360,0.00032729998929426074,True,,1,0.1,0.09000000000000001,False,,0.0005966000026091933,
2941,RADIATION,RADIATION,523140.920497467,5696604.290406497,11,38,28.284271247461902,70741.06632502413,0.3711777060707408,ground_equivalent_excess_gamma_dose_rate,uSv/h,50.0,1.0,6360,0.00034249998861923814,True,,1,0.1,0.09000000000000001,False,,0.0005841999955009669,
2942,RADIATION,RADIATION,523160.920497467,5696604.290406497,11,39,20.0,70761.06632502413,0.3523723755587,ground_equivalent_excess_gamma_dose_rate,uSv/h,50.0,1.0,6360,0.0003254000039305538,True,,1,0.1,0.09000000000000001,False,,0.000592500000493601,
2943,RADIATION,RADIATION,523180.920497467,5696584.290406497,10,40,28.284271247461902,70789.3505962716,0.31609485052043435,ground_equivalent_excess_gamma_dose_rate,uSv/h,50.0,1.0,6360,0.00032869999995455146,True,,1,0.1,0.09000000000000001,False,,0.000597400008700788,
2944,RADIATION,RADIATION,523200.920497467,5696564.290406497,9,41,28.284271247461902,70817.63486751907,0.2847369093285745,ground_equivalent_excess_gamma_dose_rate,uSv/h,50.0,1.0,6360,0.0003350999904796481,True,,1,0.1,0.09000000000000001,False,,0.000675299990689382,
2945,RADIATION,RADIATION,523200.920497467,5696544.290406497,8,41,20.0,70837.63486751907,0.27067771390077455,ground_equivalent_excess_gamma_dose_rate,uSv/h,50.0,1.0,6360,0.00033290000283159316,True,,1,0.1,0.09000000000000001,False,,0.000604800006840378,
2946,RADIATION,RADIATION,523220.920497467,5696564.290406497,9,42,28.284271247461902,70865.91913876653,0.270611592854962,ground_equivalent_excess_gamma_dose_rate,uSv/h,50.0,1.0,6360,0.0003377000102773309,True,,1,0.1,0.09000000000000001,False,,0.0005861000099685043,
2947,RADIATION,RADIATION,523240.920497467,5696584.290406497,10,43,28.284271247461902,70894.203410014,0.2703454565337392,ground_equivalent_excess_gamma_dose_rate,uSv/h,50.0,1.0,6360,0.0003367000026628375,True,,1,0.1,0.09000000000000001,False,,0.000586000009207055,
2948,RADIATION,RADIATION,523220.920497467,5696564.290406497,9,42,28.284271247461902,70922.48768126147,0.270611592854962,ground_equivalent_excess_gamma_dose_rate,uSv/h,50.0,1.0,6360,0.0003293000045232475,True,,1,0.1,0.09000000000000001,False,,0.000592800002777949,
2949,RADIATION,RADIATION,523240.920497467,5696544.290406497,8,43,28.284271247461902,70950.77195250893,0.24504257359204662,ground_equivalent_excess_gamma_dose_rate,uSv/h,50.0,1.0,6360,0.0003304000128991902,True,,1,0.1,0.09000000000000001,False,,0.0005822000093758106,
2950,RADIATION,RADIATION,523260.920497467,5696524.290406497,7,44,28.284271247461902,70979.0562237564,0.22278339064098923,ground_equivalent_excess_gamma_dose_rate,uSv/h,50.0,1.0,6360,0.0003527999797370285,True,,1,0.1,0.09000000000000001,False,,0.0005680999893229455,
2951,RADIATION,RADIATION,523280.920497467,5696524.290406497,7,45,20.0,70999.0562237564,0.21228968876823706,ground_equivalent_excess_gamma_dose_rate,uSv/h,50.0,1.0,6360,0.00034020000020973384,True,,1,0.1,0.09000000000000001,False,,0.0005566000181715935,
2952,RADIATION,RADIATION,523300.920497467,5696524.290406497,7,46,20.0,71019.0562237564,0.20231322210779407,ground_equivalent_excess_gamma_dose_rate,uSv/h,50.0,1.0,6360,0.00033660000190138817,True,,1,0.1,0.09000000000000001,False,,0.0005749000119976699,
2953,RADIATION,RADIATION,523320.920497467,5696544.290406497,8,47,28.284271247461902,71047.34049500387,0.20094183646964214,ground_equivalent_excess_gamma_dose_rate,uSv/h,50.0,1.0,6360,0.000374399998690933,True,,1,0.1,0.09000000000000001,False,,0.0005638000147882849,
2954,RADIATION,RADIATION,523320.920497467,5696564.290406497,9,47,20.0,71067.34049500387,0.20956796618297896,ground_equivalent_excess_gamma_dose_rate,uSv/h,50.0,1.0,6360,0.0003364000003784895,True,,1,0.1,0.09000000000000001,False,,0.0005774000019300729,
2955,RADIATION,RADIATION,523340.920497467,5696584.290406497,10,48,28.284271247461902,71095.62476625133,0.20747549230430512,ground_equivalent_excess_gamma_dose_rate,uSv/h,50.0,1.0,6360,0.0003423999878577888,True,,1,0.1,0.09000000000000001,False,,0.0005748000112362206,
2956,RADIATION,RADIATION,523340.920497467,5696564.290406497,9,48,20.0,71115.62476625133,0.19912783768805392,ground_equivalent_excess_gamma_dose_rate,uSv/h,50.0,1.0,6360,0.00033629999961704016,True,,1,0.1,0.09000000000000001,False,,0.0005600000149570405,
2957,RADIATION,RADIATION,523360.920497467,5696564.290406497,9,49,20.0,71135.62476625133,0.18924082230233613,ground_equivalent_excess_gamma_dose_rate,uSv/h,50.0,1.0,6360,0.00034100000630132854,True,,1,0.1,0.09000000000000001,False,,0.0005801999941468239,
2958,RADIATION,RADIATION,523360.920497467,5696544.290406497,8,49,20.0,71155.62476625133,0.18206861444111883,ground_equivalent_excess_gamma_dose_rate,uSv/h,50.0,1.0,6360,0.0003582000208552927,True,,1,0.1,0.09000000000000001,False,,0.0005574000242631882,
2959,RADIATION,RADIATION,523340.920497467,5696524.290406497,7,48,28.284271247461902,71183.9090374988,0.18381804889836456,ground_equivalent_excess_gamma_dose_rate,uSv/h,50.0,1.0,6360,0.00033889999031089246,True,,1,0.1,0.09000000000000001,False,,0.0005206000059843063,
2960,RADIATION,RADIATION,523340.920497467,5696504.290406497,6,48,20.0,71203.9090374988,0.17677686477807342,ground_equivalent_excess_gamma_dose_rate,uSv/h,50.0,1.0,6360,0.00037170000723563135,True,,1,0.1,0.09000000000000001,False,,0.0005268999957479537,
2961,RADIATION,RADIATION,523340.920497467,5696524.290406497,7,48,20.0,71223.9090374988,0.18381804889836456,ground_equivalent_excess_gamma_dose_rate,uSv/h,50.0,1.0,6360,0.0003330000035930425,True,,1,0.1,0.09000000000000001,False,,0.00038369998219422996,
2962,RADIATION,RADIATION,523320.920497467,5696524.290406497,7,47,20.0,71243.9090374988,0.19282951918824282,ground_equivalent_excess_gamma_dose_rate,uSv/h,50.0,1.0,6360,0.00035239997669123113,True,,1,0.1,0.09000000000000001,False,,0.0005370000144466758,
2963,RADIATION,RADIATION,523300.920497467,5696504.290406497,6,46,28.284271247461902,71272.19330874627,0.194017391577668,ground_equivalent_excess_gamma_dose_rate,uSv/h,50.0,1.0,6360,0.00034339999547228217,True,,1,0.1,0.09000000000000001,False,,0.0005668999801855534,
2964,RADIATION,RADIATION,523280.920497467,5696484.290406497,5,45,28.284271247461902,71300.47757999373,0.194873935362134,ground_equivalent_excess_gamma_dose_rate,uSv/h,50.0,1.0,6360,0.00037250001332722604,True,,1,0.1,0.09000000000000001,False,,0.0005355000030249357,
2965,RADIATION,RADIATION,523260.920497467,5696464.290406497,4,44,28.284271247461902,71328.7618512412,0.19544637325255992,ground_equivalent_excess_gamma_dose_rate,uSv/h,50.0,1.0,6360,0.0003649999853223562,True,,1,0.1,0.09000000000000001,False,,0.0005072999920230359,
2966,RADIATION,RADIATION,523240.920497467,5696464.290406497,4,43,20.0,71348.7618512412,0.2044328333166962,ground_equivalent_excess_gamma_dose_rate,uSv/h,50.0,1.0,6360,0.0003512999974191189,True,,1,0.1,0.09000000000000001,False,,0.0004783000040333718,
2967,RADIATION,RADIATION,523240.920497467,5696484.290406497,5,43,20.0,71368.7618512412,0.21361511300137637,ground_equivalent_excess_gamma_dose_rate,uSv/h,50.0,1.0,6360,0.0003347999881953001,True,,1,0.1,0.09000000000000001,False,,0.000545499991858378,
2968,RADIATION,RADIATION,523260.920497467,5696464.290406497,4,44,28.284271247461902,71397.04612248867,0.19544637325255992,ground_equivalent_excess_gamma_dose_rate,uSv/h,50.0,1.0,6360,0.0003299000090919435,True,,1,0.1,0.09000000000000001,False,,0.0006099000165704638,
2969,RADIATION,RADIATION,523240.920497467,5696444.290406497,3,43,28.284271247461902,71425.33039373613,0.19576854598411653,ground_equivalent_excess_gamma_dose_rate,uSv/h,50.0,1.0,6360,0.0003679999790620059,True,,1,0.1,0.09000000000000001,False,,0.00048320001224055886,
2970,RADIATION,RADIATION,523220.920497467,5696464.290406497,4,42,28.284271247461902,71453.6146649836,0.21391920293758776,ground_equivalent_excess_gamma_dose_rate,uSv/h,50.0,1.0,6360,0.00035620000562630594,True,,1,0.1,0.09000000000000001,False,,0.0003609999839682132,
2971,RADIATION,RADIATION,523240.920497467,5696464.290406497,4,43,20.0,71473.6146649836,0.2044328333166962,ground_equivalent_excess_gamma_dose_rate,uSv/h,50.0,1.0,6360,0.0003285999991931021,True,,1,0.1,0.09000000000000001,False,,0.00059710000641644,
2972,RADIATION,RADIATION,523240.920497467,5696444.290406497,3,43,20.0,71493.6146649836,0.19576854598411653,ground_equivalent_excess_gamma_dose_rate,uSv/h,50.0,1.0,6360,0.0003212000010535121,True,,1,0.1,0.09000000000000001,False,,0.0005348999984562397,
2973,RADIATION,RADIATION,523260.920497467,5696464.290406497,4,44,28.284271247461902,71521.89893623107,0.19544637325255992,ground_equivalent_excess_gamma_dose_rate,uSv/h,50.0,1.0,6360,0.00032359999022446573,True,,1,0.1,0.09000000000000001,False,,0.0003555000002961606,
2974,RADIATION,RADIATION,523240.920497467,5696444.290406497,3,43,28.284271247461902,71550.18320747853,0.19576854598411653,ground_equivalent_excess_gamma_dose_rate,uSv/h,50.0,1.0,6360,0.0003231999871786684,True,,1,0.1,0.09000000000000001,False,,0.00046990002738311887,
2975,RADIATION,RADIATION,523220.920497467,5696444.290406497,3,42,20.0,71570.18320747853,0.20463838190123274,ground_equivalent_excess_gamma_dose_rate,uSv/h,50.0,1.0,6360,0.00036550001823343337,True,,1,0.1,0.09000000000000001,False,,0.00035000001662410796,
2976,RADIATION,RADIATION,523200.920497467,5696464.290406497,4,41,28.284271247461902,71598.467478726,0.22396083177731146,ground_equivalent_excess_gamma_dose_rate,uSv/h,50.0,1.0,6360,0.00036219999310560524,True,,1,0.1,0.09000000000000001,False,,0.0004707000043708831,
2977,RADIATION,RADIATION,523220.920497467,5696464.290406497,4,42,20.0,71618.467478726,0.21391920293758776,ground_equivalent_excess_gamma_dose_rate,uSv/h,50.0,1.0,6360,0.0003311999898869544,True,,1,0.1,0.09000000000000001,False,,0.0006353000062517822,
2978,RADIATION,RADIATION,523240.920497467,5696444.290406497,3,43,28.284271247461902,71646.75174997347,0.19576854598411653,ground_equivalent_excess_gamma_dose_rate,uSv/h,50.0,1.0,6360,0.00033320000511594117,True,,1,0.1,0.09000000000000001,False,,0.000603299995418638,
2979,RADIATION,RADIATION,523220.920497467,5696464.290406497,4,42,28.284271247461902,71675.03602122093,0.21391920293758776,ground_equivalent_excess_gamma_dose_rate,uSv/h,50.0,1.0,6360,0.0003352999920025468,True,,1,0.1,0.09000000000000001,False,,0.000384299986762926,
2980,RADIATION,RADIATION,523200.920497467,5696444.290406497,3,41,28.284271247461902,71703.3202924684,0.21402652193506638,ground_equivalent_excess_gamma_dose_rate,uSv/h,50.0,1.0,6360,0.0003527000080794096,True,,1,0.1,0.09000000000000001,False,,0.0006207000114955008,
2981,RADIATION,RADIATION,523180.920497467,5696464.290406497,4,40,28.284271247461902,71731.60456371587,0.23462823185174686,ground_equivalent_excess_gamma_dose_rate,uSv/h,50.0,1.0,6360,0.0003392999933566898,True,,1,0.1,0.09000000000000001,False,,0.0005409999866969883,
2982,RADIATION,RADIATION,523160.920497467,5696464.290406497,4,39,20.0,71751.60456371587,0.24601125843423832,ground_equivalent_excess_gamma_dose_rate,uSv/h,50.0,1.0,6360,0.00034389999927952886,True,,1,0.1,0.09000000000000001,False,,0.0005922999989707023,
2983,RADIATION,RADIATION,523140.920497467,5696444.290406497,3,38,28.284271247461902,71779.88883496333,0.24603279114764193,ground_equivalent_excess_gamma_dose_rate,uSv/h,50.0,1.0,6360,0.0007207999879028648,True,,1,0.1,0.09000000000000001,False,,0.0005904999852646142,
2984,RADIATION,RADIATION,523120.920497467,5696444.290406497,3,37,20.0,71799.88883496333,0.2583234935551704,ground_equivalent_excess_gamma_dose_rate,uSv/h,50.0,1.0,6360,0.0009384999866597354,True,,1,0.1,0.09000000000000001,False,,0.0006081000028643757,
2985,RADIATION,RADIATION,523140.920497467,5696464.290406497,4,38,28.284271247461902,71828.1731062108,0.2582241454987475,ground_equivalent_excess_gamma_dose_rate,uSv/h,50.0,1.0,6360,0.00034199998481199145,True,,1,0.1,0.09000000000000001,False,,0.0006431999790947884,
2986,RADIATION,RADIATION,523160.920497467,5696444.290406497,3,39,28.284271247461902,71856.45737745827,0.23463271601369456,ground_equivalent_excess_gamma_dose_rate,uSv/h,50.0,1.0,6360,0.0003422000154387206,True,,1,0.1,0.09000000000000001,False,,0.0006030999938957393,
2987,RADIATION,RADIATION,523180.920497467,5696464.290406497,4,40,28.284271247461902,71884.74164870573,0.23462823185174686,ground_equivalent_excess_gamma_dose_rate,uSv/h,50.0,1.0,6360,0.0003338000096846372,True,,1,0.1,0.09000000000000001,False,,0.0007369999948423356,
2988,RADIATION,RADIATION,523200.920497467,5696444.290406497,3,41,28.284271247461902,71913.0259199532,0.21402652193506638,ground_equivalent_excess_gamma_dose_rate,uSv/h,50.0,1.0,6360,0.00035170000046491623,True,,1,0.1,0.09000000000000001,False,,0.0007163000118453056,
2989,RADIATION,RADIATION,523200.920497467,5696424.290406497,2,41,20.0,71933.0259199532,0.20462600410211496,ground_equivalent_excess_gamma_dose_rate,uSv/h,50.0,1.0,6360,0.00038720000884495676,True,,1,0.1,0.09000000000000001,False,,0.0005556000105571002,
2990,RADIATION,RADIATION,523180.920497467,5696444.290406497,3,40,28.284271247461902,71961.31019120067,0.22399764699889463,ground_equivalent_excess_gamma_dose_rate,uSv/h,50.0,1.0,6360,0.0003333000058773905,True,,1,0.1,0.09000000000000001,False,,0.0003704999980982393,
2991,RADIATION,RADIATION,523200.920497467,5696424.290406497,2,41,28.284271247461902,71989.59446244813,0.20462600410211496,ground_equivalent_excess_gamma_dose_rate,uSv/h,50.0,1.0,6360,0.0003463999892119318,True,,1,0.1,0.09000000000000001,False,,0.000655200012261048,
2992,RADIATION,RADIATION,523180.920497467,5696424.290406497,2,40,20.0,72009.59446244813,0.2139324585168681,ground_equivalent_excess_gamma_dose_rate,uSv/h,50.0,1.0,6360,0.0003389999910723418,True,,1,0.1,0.09000000000000001,False,,0.00035940000088885427,
2993,RADIATION,RADIATION,523160.920497467,5696444.290406497,3,39,28.284271247461902,72037.8787336956,0.23463271601369456,ground_equivalent_excess_gamma_dose_rate,uSv/h,50.0,1.0,6360,0.00034679999225772917,True,,1,0.1,0.09000000000000001,False,,0.0004028000112157315,
2994,RADIATION,RADIATION,523180.920497467,5696424.290406497,2,40,28.284271247461902,72066.16300494307,0.2139324585168681,ground_equivalent_excess_gamma_dose_rate,uSv/h,50.0,1.0,6360,0.0003229000139981508,True,,1,0.1,0.09000000000000001,False,,0.0005776000034529716,
2995,RADIATION,RADIATION,523180.920497467,5696444.290406497,3,40,20.0,72086.16300494307,0.22399764699889463,ground_equivalent_excess_gamma_dose_rate,uSv/h,50.0,1.0,6360,0.0003459000145085156,True,,1,0.1,0.09000000000000001,False,,0.00040210000588558614,
2996,RADIATION,RADIATION,523160.920497467,5696444.290406497,3,39,20.0,72106.16300494307,0.23463271601369456,ground_equivalent_excess_gamma_dose_rate,uSv/h,50.0,1.0,6360,0.0003344000142533332,True,,1,0.1,0.09000000000000001,False,,0.0005915999936405569,
2997,RADIATION,RADIATION,523140.920497467,5696444.290406497,3,38,20.0,72126.16300494307,0.24603279114764193,ground_equivalent_excess_gamma_dose_rate,uSv/h,50.0,1.0,6360,0.00033129999064840376,True,,1,0.1,0.09000000000000001,False,,0.0006015000108163804,
2998,RADIATION,RADIATION,523120.920497467,5696444.290406497,3,37,20.0,72146.16300494307,0.2583234935551704,ground_equivalent_excess_gamma_dose_rate,uSv/h,50.0,1.0,6360,0.00033489998895674944,True,,1,0.1,0.09000000000000001,False,,0.0005806999979540706,
2999,RADIATION,RADIATION,523120.920497467,5696424.290406497,2,37,20.0,72166.16300494307,0.24587160669732194,ground_equivalent_excess_gamma_dose_rate,uSv/h,50.0,1.0,6360,0.0003341000119689852,True,,1,0.1,0.09000000000000001,False,,0.0005867000145372003,
3000,RADIATION,RADIATION,523100.920497467,5696444.290406497,3,36,28.284271247461902,72194.44727619053,0.27166014540927874,ground_equivalent_excess_gamma_dose_rate,uSv/h,50.0,1.0,6360,0.0003453000099398196,True,,1,0.1,0.09000000000000001,False,,0.0005687999946530908,
3001,RADIATION,RADIATION,523080.920497467,5696424.290406497,2,35,28.284271247461902,72222.731547438,0.27165075636742625,ground_equivalent_excess_gamma_dose_rate,uSv/h,50.0,1.0,6360,0.0003569000109564513,True,,1,0.1,0.09000000000000001,False,,0.0005740000051446259,
3002,RADIATION,RADIATION,523060.920497467,5696444.290406497,3,34,28.284271247461902,72251.01581868547,0.30227709261466024,ground_equivalent_excess_gamma_dose_rate,uSv/h,50.0,1.0,6360,0.00034550001146271825,True,,1,0.1,0.09000000000000001,False,,0.0006022999878041446,
3003,RADIATION,RADIATION,523080.920497467,5696464.290406497,4,35,28.284271247461902,72279.30008993293,0.30148481254858245,ground_equivalent_excess_gamma_dose_rate,uSv/h,50.0,1.0,6360,0.00033080001594498754,True,,1,0.1,0.09000000000000001,False,,0.0005869999877177179,
3004,RADIATION,RADIATION,523080.920497467,5696484.290406497,5,35,20.0,72299.30008993293,0.3174285683652022,ground_equivalent_excess_gamma_dose_rate,uSv/h,50.0,1.0,6360,0.0003288000007160008,True,,1,0.1,0.09000000000000001,False,,0.0005977999826427549,
3005,RADIATION,RADIATION,523060.920497467,5696484.290406497,5,34,20.0,72319.30008993293,0.33617225745701423,ground_equivalent_excess_gamma_dose_rate,uSv/h,50.0,1.0,6360,0.0003429999924264848,True,,1,0.1,0.09000000000000001,False,,0.0005749000119976699,
3006,RADIATION,RADIATION,523080.920497467,5696464.290406497,4,35,28.284271247461902,72347.5843611804,0.30148481254858245,ground_equivalent_excess_gamma_dose_rate,uSv/h,50.0,1.0,6360,0.0003321999975014478,True,,1,0.1,0.09000000000000001,False,,0.0005838999932166189,
3007,RADIATION,RADIATION,523080.920497467,5696484.290406497,5,35,20.0,72367.5843611804,0.3174285683652022,ground_equivalent_excess_gamma_dose_rate,uSv/h,50.0,1.0,6360,0.0003299000090919435,True,,1,0.1,0.09000000000000001,False,,0.000594900018768385,
3008,RADIATION,RADIATION,523100.920497467,5696464.290406497,4,36,28.284271247461902,72395.86863242787,0.2857556361221706,ground_equivalent_excess_gamma_dose_rate,uSv/h,50.0,1.0,6360,0.00041779997991397977,True,,1,0.1,0.09000000000000001,False,,0.0005778000049758703,
3009,RADIATION,RADIATION,523080.920497467,5696464.290406497,4,35,20.0,72415.86863242787,0.30148481254858245,ground_equivalent_excess_gamma_dose_rate,uSv/h,50.0,1.0,6360,0.00032389999250881374,True,,1,0.1,0.09000000000000001,False,,0.0006031999946571887,
3010,RADIATION,RADIATION,523080.920497467,5696484.290406497,5,35,20.0,72435.86863242787,0.3174285683652022,ground_equivalent_excess_gamma_dose_rate,uSv/h,50.0,1.0,6360,0.0003406000032555312,True,,1,0.1,0.09000000000000001,False,,0.0005806999979540706,
3011,RADIATION,RADIATION,523100.920497467,5696504.290406497,6,36,28.284271247461902,72464.15290367533,0.3161134040855012,ground_equivalent_excess_gamma_dose_rate,uSv/h,50.0,1.0,6360,0.00032709998777136207,True,,1,0.1,0.09000000000000001,False,,0.0005793999880552292,
3012,RADIATION,RADIATION,523120.920497467,5696524.290406497,7,37,28.284271247461902,72492.4371749228,0.31523274072959334,ground_equivalent_excess_gamma_dose_rate,uSv/h,50.0,1.0,6360,0.00032869999995455146,True,,1,0.1,0.09000000000000001,False,,0.0005831999878864735,
3013,RADIATION,RADIATION,523100.920497467,5696504.290406497,6,36,28.284271247461902,72520.72144617027,0.3161134040855012,ground_equivalent_excess_gamma_dose_rate,uSv/h,50.0,1.0,6360,0.0003294999769423157,True,,1,0.1,0.09000000000000001,False,,0.0005775000026915222,
3014,RADIATION,RADIATION,523120.920497467,5696524.290406497,7,37,28.284271247461902,72549.00571741773,0.31523274072959334,ground_equivalent_excess_gamma_dose_rate,uSv/h,50.0,1.0,6360,0.00032560000545345247,True,,1,0.1,0.09000000000000001,False,,0.0005950000195298344,
3015,RADIATION,RADIATION,523100.920497467,5696504.290406497,6,36,28.284271247461902,72577.2899886652,0.3161134040855012,ground_equivalent_excess_gamma_dose_rate,uSv/h,50.0,1.0,6360,0.0003237000200897455,True,,1,0.1,0.09000000000000001,False,,0.0005841999955009669,
3016,RADIATION,RADIATION,523120.920497467,5696504.290406497,6,37,20.0,72597.2899886652,0.2997604664510004,ground_equivalent_excess_gamma_dose_rate,uSv/h,50.0,1.0,6360,0.0003234000178053975,True,,1,0.1,0.09000000000000001,False,,0.000598300015553832,
3017,RADIATION,RADIATION,523140.920497467,5696524.290406497,7,38,28.284271247461902,72625.57425991267,0.299308655978003,ground_equivalent_excess_gamma_dose_rate,uSv/h,50.0,1.0,6360,0.0003504000196699053,True,,1,0.1,0.09000000000000001,False,,0.0005859000084456056,
3018,RADIATION,RADIATION,523120.920497467,5696544.290406497,8,37,28.284271247461902,72653.85853116013,0.33178921378094123,ground_equivalent_excess_gamma_dose_rate,uSv/h,50.0,1.0,6360,0.0003307999868411571,True,,1,0.1,0.09000000000000001,False,,0.0005938999820500612,
3019,RADIATION,RADIATION,523140.920497467,5696564.290406497,9,38,28.284271247461902,72682.1428024076,0.3319080017998685,ground_equivalent_excess_gamma_dose_rate,uSv/h,50.0,1.0,6360,0.0003319999959785491,True,,1,0.1,0.09000000000000001,False,,0.0006001000001560897,
3020,RADIATION,RADIATION,523160.920497467,5696544.290406497,8,39,28.284271247461902,72710.42707365507,0.2992690099630559,ground_equivalent_excess_gamma_dose_rate,uSv/h,50.0,1.0,6360,0.00032679998548701406,True,,1,0.1,0.09000000000000001,False,,0.0005869999877177179,
3021,RADIATION,RADIATION,523180.920497467,5696524.290406497,7,40,28.284271247461902,72738.71134490253,0.270721560019981,ground_equivalent_excess_gamma_dose_rate,uSv/h,50.0,1.0,6360,0.00032890000147745013,True,,1,0.1,0.09000000000000001,False,,0.0006120000034570694,
3022,RADIATION,RADIATION,523200.920497467,5696504.290406497,6,41,28.284271247461902,72766.99561615,0.2457150424566476,ground_equivalent_excess_gamma_dose_rate,uSv/h,50.0,1.0,6360,0.0003828000044450164,True,,1,0.1,0.09000000000000001,False,,0.0005753999867010862,
3023,RADIATION,RADIATION,523220.920497467,5696484.290406497,5,42,28.284271247461902,72795.27988739747,0.22376066261890692,ground_equivalent_excess_gamma_dose_rate,uSv/h,50.0,1.0,6360,0.0003333999775350094,True,,1,0.1,0.09000000000000001,False,,0.0005804999964311719,
3024,RADIATION,RADIATION,523200.920497467,5696504.290406497,6,41,28.284271247461902,72823.56415864493,0.2457150424566476,ground_equivalent_excess_gamma_dose_rate,uSv/h,50.0,1.0,6360,0.0003318999952170998,True,,1,0.1,0.09000000000000001,False,,0.0005916999944020063,
3025,RADIATION,RADIATION,523180.920497467,5696504.290406497,6,40,20.0,72843.56415864493,0.25788502474708364,ground_equivalent_excess_gamma_dose_rate,uSv/h,50.0,1.0,6360,0.00033110001822933555,True,,1,0.1,0.09000000000000001,False,,0.0006046000053174794,
3026,RADIATION,RADIATION,523160.920497467,5696524.290406497,7,39,28.284271247461902,72871.8484298924,0.2845346768250109,ground_equivalent_excess_gamma_dose_rate,uSv/h,50.0,1.0,6360,0.0003288000007160008,True,,1,0.1,0.09000000000000001,False,,0.000599599996348843,
3027,RADIATION,RADIATION,523140.920497467,5696524.290406497,7,38,20.0,72891.8484298924,0.299308655978003,ground_equivalent_excess_gamma_dose_rate,uSv/h,50.0,1.0,6360,0.0003305000136606395,True,,1,0.1,0.09000000000000001,False,,0.0005779000057373196,
3028,RADIATION,RADIATION,523160.920497467,5696504.290406497,6,39,28.284271247461902,72920.13270113987,0.2708520490196904,ground_equivalent_excess_gamma_dose_rate,uSv/h,50.0,1.0,6360,0.0003674000035971403,True,,1,0.1,0.09000000000000001,False,,0.0007718000269960612,
3029,RADIATION,RADIATION,523160.920497467,5696484.290406497,5,39,20.0,72940.13270113987,0.2580529847495864,ground_equivalent_excess_gamma_dose_rate,uSv/h,50.0,1.0,6360,0.00034690002212300897,True,,1,0.1,0.09000000000000001,False,,0.0006288000149652362,
3030,RADIATION,RADIATION,523180.920497467,5696484.290406497,5,40,20.0,72960.13270113987,0.24589365456444795,ground_equivalent_excess_gamma_dose_rate,uSv/h,50.0,1.0,6360,0.000367600005120039,True,,1,0.1,0.09000000000000001,False,,0.0006788000173401088,
3031,RADIATION,RADIATION,523200.920497467,5696504.290406497,6,41,28.284271247461902,72988.41697238733,0.2457150424566476,ground_equivalent_excess_gamma_dose_rate,uSv/h,50.0,1.0,6360,0.00034580001374706626,True,,1,0.1,0.09000000000000001,False,,0.0006181999924592674,
3032,RADIATION,RADIATION,523200.920497467,5696524.290406497,7,41,20.0,73008.41697238733,0.25772939754593005,ground_equivalent_excess_gamma_dose_rate,uSv/h,50.0,1.0,6360,0.0003381999849807471,True,,1,0.1,0.09000000000000001,False,,0.0006100000173319131,
3033,RADIATION,RADIATION,523220.920497467,5696504.290406497,6,42,28.284271247461902,73036.7012436348,0.23424028231784527,ground_equivalent_excess_gamma_dose_rate,uSv/h,50.0,1.0,6360,0.00033209999673999846,True,,1,0.1,0.09000000000000001,False,,0.0006092000112403184,
3034,RADIATION,RADIATION,523200.920497467,5696504.290406497,6,41,20.0,73056.7012436348,0.2457150424566476,ground_equivalent_excess_gamma_dose_rate,uSv/h,50.0,1.0,6360,0.0003383999865036458,True,,1,0.1,0.09000000000000001,False,,0.0006329999887384474,
3035,RADIATION,RADIATION,523180.920497467,5696524.290406497,7,40,28.284271247461902,73084.98551488227,0.270721560019981,ground_equivalent_excess_gamma_dose_rate,uSv/h,50.0,1.0,6360,0.0003510999958962202,True,,1,0.1,0.09000000000000001,False,,0.0005879999953322113,
3036,RADIATION,RADIATION,523200.920497467,5696524.290406497,7,41,20.0,73104.98551488227,0.25772939754593005,ground_equivalent_excess_gamma_dose_rate,uSv/h,50.0,1.0,6360,0.0003281999961473048,True,,1,0.1,0.09000000000000001,False,,0.0005848000000696629,
3037,RADIATION,RADIATION,523180.920497467,5696504.290406497,6,40,28.284271247461902,73133.26978612973,0.25788502474708364,ground_equivalent_excess_gamma_dose_rate,uSv/h,50.0,1.0,6360,0.00034210001467727125,True,,1,0.1,0.09000000000000001,False,,0.0005915999936405569,
3038,RADIATION,RADIATION,523200.920497467,5696504.290406497,6,41,20.0,73153.26978612973,0.2457150424566476,ground_equivalent_excess_gamma_dose_rate,uSv/h,50.0,1.0,6360,0.00032160000409930944,True,,1,0.1,0.09000000000000001,False,,0.0005783000087831169,
3039,RADIATION,RADIATION,523180.920497467,5696484.290406497,5,40,28.284271247461902,73181.5540573772,0.24589365456444795,ground_equivalent_excess_gamma_dose_rate,uSv/h,50.0,1.0,6360,0.00033000000985339284,True,,1,0.1,0.09000000000000001,False,,0.0005864999839104712,
3040,RADIATION,RADIATION,523160.920497467,5696464.290406497,4,39,28.284271247461902,73209.83832862467,0.24601125843423832,ground_equivalent_excess_gamma_dose_rate,uSv/h,50.0,1.0,6360,0.00043830001959577203,True,,1,0.1,0.09000000000000001,False,,0.0005756000173278153,
3041,RADIATION,RADIATION,523140.920497467,5696484.290406497,5,38,28.284271247461902,73238.12259987213,0.2710992279640342,ground_equivalent_excess_gamma_dose_rate,uSv/h,50.0,1.0,6360,0.0003708000003825873,True,,1,0.1,0.09000000000000001,False,,0.0007102000236045569,
3042,RADIATION,RADIATION,523120.920497467,5696464.290406497,4,37,28.284271247461902,73266.4068711196,0.2714115306501059,ground_equivalent_excess_gamma_dose_rate,uSv/h,50.0,1.0,6360,0.00034989998675882816,True,,1,0.1,0.09000000000000001,False,,0.0006279000081121922,
3043,RADIATION,RADIATION,523140.920497467,5696444.290406497,3,38,28.284271247461902,73294.69114236707,0.24603279114764193,ground_equivalent_excess_gamma_dose_rate,uSv/h,50.0,1.0,6360,0.0003541000187397003,True,,1,0.1,0.09000000000000001,False,,0.0007137999928090721,
3044,RADIATION,RADIATION,523160.920497467,5696444.290406497,3,39,20.0,73314.69114236707,0.23463271601369456,ground_equivalent_excess_gamma_dose_rate,uSv/h,50.0,1.0,6360,0.0003336000081617385,True,,1,0.1,0.09000000000000001,False,,0.0006028000207152218,
3045,RADIATION,RADIATION,523140.920497467,5696464.290406497,4,38,28.284271247461902,73342.97541361453,0.2582241454987475,ground_equivalent_excess_gamma_dose_rate,uSv/h,50.0,1.0,6360,0.00033989999792538583,True,,1,0.1,0.09000000000000001,False,,0.000604800006840378,
3046,RADIATION,RADIATION,523120.920497467,5696464.290406497,4,37,20.0,73362.97541361453,0.2714115306501059,ground_equivalent_excess_gamma_dose_rate,uSv/h,50.0,1.0,6360,0.00033239999902434647,True,,1,0.1,0.09000000000000001,False,,0.0005895999784115702,
3047,RADIATION,RADIATION,523100.920497467,5696444.290406497,3,36,28.284271247461902,73391.259684862,0.27166014540927874,ground_equivalent_excess_gamma_dose_rate,uSv/h,50.0,1.0,6360,0.0003395999956410378,True,,1,0.1,0.09000000000000001,False,,0.0005954999942332506,
3048,RADIATION,RADIATION,523100.920497467,5696464.290406497,4,36,20.0,73411.259684862,0.2857556361221706,ground_equivalent_excess_gamma_dose_rate,uSv/h,50.0,1.0,6360,0.00033930002246052027,True,,1,0.1,0.09000000000000001,False,,0.0005790000141132623,
3049,RADIATION,RADIATION,523120.920497467,5696484.290406497,5,37,28.284271247461902,73439.54395610947,0.2851950163852706,ground_equivalent_excess_gamma_dose_rate,uSv/h,50.0,1.0,6360,0.0003281999961473048,True,,1,0.1,0.09000000000000001,False,,0.0005807999987155199,
3050,RADIATION,RADIATION,523140.920497467,5696504.290406497,6,38,28.284271247461902,73467.82822735693,0.2847511571796773,ground_equivalent_excess_gamma_dose_rate,uSv/h,50.0,1.0,6360,0.00033989999792538583,True,,1,0.1,0.09000000000000001,False,,0.000596800004132092,
3051,RADIATION,RADIATION,523120.920497467,5696524.290406497,7,37,28.284271247461902,73496.1124986044,0.31523274072959334,ground_equivalent_excess_gamma_dose_rate,uSv/h,50.0,1.0,6360,0.00033840001560747623,True,,1,0.1,0.09000000000000001,False,,0.0005857999785803258,
3052,RADIATION,RADIATION,523100.920497467,5696524.290406497,7,36,20.0,73516.1124986044,0.3325606395109057,ground_equivalent_excess_gamma_dose_rate,uSv/h,50.0,1.0,6360,0.0003367000026628375,True,,1,0.1,0.09000000000000001,False,,0.0005985000170767307,
3053,RADIATION,RADIATION,523120.920497467,5696544.290406497,8,37,28.284271247461902,73544.39676985187,0.33178921378094123,ground_equivalent_excess_gamma_dose_rate,uSv/h,50.0,1.0,6360,0.0003490000090096146,True,,1,0.1,0.09000000000000001,False,,0.0005785999819636345,
3054,RADIATION,RADIATION,523100.920497467,5696544.290406497,8,36,20.0,73564.39676985187,0.35005969403507703,ground_equivalent_excess_gamma_dose_rate,uSv/h,50.0,1.0,6360,0.00033660000190138817,True,,1,0.1,0.09000000000000001,False,,0.000585700006922707,
3055,RADIATION,RADIATION,523100.920497467,5696524.290406497,7,36,20.0,73584.39676985187,0.3325606395109057,ground_equivalent_excess_gamma_dose_rate,uSv/h,50.0,1.0,6360,0.00033239999902434647,True,,1,0.1,0.09000000000000001,False,,0.0005806999979540706,
3056,RADIATION,RADIATION,523100.920497467,5696544.290406497,8,36,20.0,73604.39676985187,0.35005969403507703,ground_equivalent_excess_gamma_dose_rate,uSv/h,50.0,1.0,6360,0.000321599974995479,True,,1,0.1,0.09000000000000001,False,,0.0005837999924551696,
3057,RADIATION,RADIATION,523120.920497467,5696524.290406497,7,37,28.284271247461902,73632.68104109933,0.31523274072959334,ground_equivalent_excess_gamma_dose_rate,uSv/h,50.0,1.0,6360,0.00032729998929426074,True,,1,0.1,0.09000000000000001,False,,0.0005922999989707023,
3058,RADIATION,RADIATION,523140.920497467,5696544.290406497,8,38,28.284271247461902,73660.9653123468,0.3149479921002096,ground_equivalent_excess_gamma_dose_rate,uSv/h,50.0,1.0,6360,0.0003254000039305538,True,,1,0.1,0.09000000000000001,False,,0.0005959999980404973,
3059,RADIATION,RADIATION,523160.920497467,5696524.290406497,7,39,28.284271247461902,73689.24958359427,0.2845346768250109,ground_equivalent_excess_gamma_dose_rate,uSv/h,50.0,1.0,6360,0.0003245999978389591,True,,1,0.1,0.09000000000000001,False,,0.0005895000067539513,
3060,RADIATION,RADIATION,523160.920497467,5696544.290406497,8,39,20.0,73709.24958359427,0.2992690099630559,ground_equivalent_excess_gamma_dose_rate,uSv/h,50.0,1.0,6360,0.0003335000074002892,True,,1,0.1,0.09000000000000001,False,,0.0005801999941468239,
3061,RADIATION,RADIATION,523180.920497467,5696544.290406497,8,40,20.0,73729.24958359427,0.28455848974868925,ground_equivalent_excess_gamma_dose_rate,uSv/h,50.0,1.0,6360,0.00032539997482672334,True,,1,0.1,0.09000000000000001,False,,0.000582000007852912,
3062,RADIATION,RADIATION,523160.920497467,5696544.290406497,8,39,20.0,73749.24958359427,0.2992690099630559,ground_equivalent_excess_gamma_dose_rate,uSv/h,50.0,1.0,6360,0.00032839999767020345,True,,1,0.1,0.09000000000000001,False,,0.0005975000094622374,
3063,RADIATION,RADIATION,523180.920497467,5696524.290406497,7,40,28.284271247461902,73777.53385484173,0.270721560019981,ground_equivalent_excess_gamma_dose_rate,uSv/h,50.0,1.0,6360,0.00032580000697635114,True,,1,0.1,0.09000000000000001,False,,0.0005804999964311719,
3064,RADIATION,RADIATION,523180.920497467,5696544.290406497,8,40,20.0,73797.53385484173,0.28455848974868925,ground_equivalent_excess_gamma_dose_rate,uSv/h,50.0,1.0,6360,0.0003259000077378005,True,,1,0.1,0.09000000000000001,False,,0.0005940999835729599,
3065,RADIATION,RADIATION,523160.920497467,5696524.290406497,7,39,28.284271247461902,73825.8181260892,0.2845346768250109,ground_equivalent_excess_gamma_dose_rate,uSv/h,50.0,1.0,6360,0.0003304000128991902,True,,1,0.1,0.09000000000000001,False,,0.0005799999926239252,
3066,RADIATION,RADIATION,523140.920497467,5696524.290406497,7,38,20.0,73845.8181260892,0.299308655978003,ground_equivalent_excess_gamma_dose_rate,uSv/h,50.0,1.0,6360,0.0003776000230573118,True,,1,0.1,0.09000000000000001,False,,0.0007275000098161399,
3067,RADIATION,RADIATION,523160.920497467,5696504.290406497,6,39,28.284271247461902,73874.10239733667,0.2708520490196904,ground_equivalent_excess_gamma_dose_rate,uSv/h,50.0,1.0,6360,0.00034759999834932387,True,,1,0.1,0.09000000000000001,False,,0.0006315000064205378,
3068,RADIATION,RADIATION,523180.920497467,5696504.290406497,6,40,20.0,73894.10239733667,0.25788502474708364,ground_equivalent_excess_gamma_dose_rate,uSv/h,50.0,1.0,6360,0.0003528999804984778,True,,1,0.1,0.09000000000000001,False,,0.0006006999756209552,
3069,RADIATION,RADIATION,523200.920497467,5696484.290406497,5,41,28.284271247461902,73922.38666858413,0.23449526365493462,ground_equivalent_excess_gamma_dose_rate,uSv/h,50.0,1.0,6360,0.0003417999832890928,True,,1,0.1,0.09000000000000001,False,,0.0006113999988883734,
3070,RADIATION,RADIATION,523180.920497467,5696504.290406497,6,40,28.284271247461902,73950.6709398316,0.25788502474708364,ground_equivalent_excess_gamma_dose_rate,uSv/h,50.0,1.0,6360,0.00045610000961460173,True,,1,0.1,0.09000000000000001,False,,0.0005960999988019466,
3071,RADIATION,RADIATION,523160.920497467,5696504.290406497,6,39,20.0,73970.6709398316,0.2708520490196904,ground_equivalent_excess_gamma_dose_rate,uSv/h,50.0,1.0,6360,0.0003389000194147229,True,,1,0.1,0.09000000000000001,False,,0.0006085999775677919,
3072,RADIATION,RADIATION,523160.920497467,5696484.290406497,5,39,20.0,73990.6709398316,0.2580529847495864,ground_equivalent_excess_gamma_dose_rate,uSv/h,50.0,1.0,6360,0.0003335000074002892,True,,1,0.1,0.09000000000000001,False,,0.0006058999861124903,
3073,RADIATION,RADIATION,523160.920497467,5696464.290406497,4,39,20.0,74010.6709398316,0.24601125843423832,ground_equivalent_excess_gamma_dose_rate,uSv/h,50.0,1.0,6360,0.0003436999977566302,True,,1,0.1,0.09000000000000001,False,,0.0005833999894093722,
3074,RADIATION,RADIATION,523140.920497467,5696484.290406497,5,38,28.284271247461902,74038.95521107907,0.2710992279640342,ground_equivalent_excess_gamma_dose_rate,uSv/h,50.0,1.0,6360,0.0003339000104460865,True,,1,0.1,0.09000000000000001,False,,0.0005923999997321516,
3075,RADIATION,RADIATION,523160.920497467,5696464.290406497,4,39,28.284271247461902,74067.23948232653,0.24601125843423832,ground_equivalent_excess_gamma_dose_rate,uSv/h,50.0,1.0,6360,0.00034219998633489013,True,,1,0.1,0.09000000000000001,False,,0.000586000009207055,
3076,RADIATION,RADIATION,523180.920497467,5696444.290406497,3,40,28.284271247461902,74095.523753574,0.22399764699889463,ground_equivalent_excess_gamma_dose_rate,uSv/h,50.0,1.0,6360,0.00032959997770376503,True,,1,0.1,0.09000000000000001,False,,0.0005905000143684447,
3077,RADIATION,RADIATION,523160.920497467,5696464.290406497,4,39,28.284271247461902,74123.80802482147,0.24601125843423832,ground_equivalent_excess_gamma_dose_rate,uSv/h,50.0,1.0,6360,0.0003229000139981508,True,,1,0.1,0.09000000000000001,False,,0.0006010000070091337,
3078,RADIATION,RADIATION,523180.920497467,5696444.290406497,3,40,28.284271247461902,74152.09229606893,0.22399764699889463,ground_equivalent_excess_gamma_dose_rate,uSv/h,50.0,1.0,6360,0.0003315000212751329,True,,1,0.1,0.09000000000000001,False,,0.0005831000162288547,
3079,RADIATION,RADIATION,523160.920497467,5696444.290406497,3,39,20.0,74172.09229606893,0.23463271601369456,ground_equivalent_excess_gamma_dose_rate,uSv/h,50.0,1.0,6360,0.00033549999352544546,True,,1,0.1,0.09000000000000001,False,,0.0005851000023540109,
3080,RADIATION,RADIATION,523160.920497467,5696424.290406497,2,39,20.0,74192.09229606893,0.22384737425124163,ground_equivalent_excess_gamma_dose_rate,uSv/h,50.0,1.0,6360,0.00034429997322149575,True,,1,0.1,0.09000000000000001,False,,0.0005816000048071146,
3081,RADIATION,RADIATION,523180.920497467,5696424.290406497,2,40,20.0,74212.09229606893,0.2139324585168681,ground_equivalent_excess_gamma_dose_rate,uSv/h,50.0,1.0,6360,0.0003242999955546111,True,,1,0.1,0.09000000000000001,False,,0.0004675000091083348,
3082,RADIATION,RADIATION,523180.920497467,5696444.290406497,3,40,20.0,74232.09229606893,0.22399764699889463,ground_equivalent_excess_gamma_dose_rate,uSv/h,50.0,1.0,6360,0.00033760000951588154,True,,1,0.1,0.09000000000000001,False,,0.00042219998431392014,
3083,RADIATION,RADIATION,523200.920497467,5696444.290406497,3,41,20.0,74252.09229606893,0.21402652193506638,ground_equivalent_excess_gamma_dose_rate,uSv/h,50.0,1.0,6360,0.0003406000032555312,True,,1,0.1,0.09000000000000001,False,,0.0005850999732501805,
3084,RADIATION,RADIATION,523220.920497467,5696464.290406497,4,42,28.284271247461902,74280.3765673164,0.21391920293758776,ground_equivalent_excess_gamma_dose_rate,uSv/h,50.0,1.0,6360,0.00032879997161217034,True,,1,0.1,0.09000000000000001,False,,0.0005433000042103231,
3085,RADIATION,RADIATION,523220.920497467,5696484.290406497,5,42,20.0,74300.3765673164,0.22376066261890692,ground_equivalent_excess_gamma_dose_rate,uSv/h,50.0,1.0,6360,0.00032430002465844154,True,,1,0.1,0.09000000000000001,False,,0.0005884999991394579,
3086,RADIATION,RADIATION,523200.920497467,5696464.290406497,4,41,28.284271247461902,74328.66083856387,0.22396083177731146,ground_equivalent_excess_gamma_dose_rate,uSv/h,50.0,1.0,6360,0.0003302000113762915,True,,1,0.1,0.09000000000000001,False,,0.0005862000107299536,
3087,RADIATION,RADIATION,523180.920497467,5696464.290406497,4,40,20.0,74348.66083856387,0.23462823185174686,ground_equivalent_excess_gamma_dose_rate,uSv/h,50.0,1.0,6360,0.0003392999933566898,True,,1,0.1,0.09000000000000001,False,,0.0005824999825563282,
3088,RADIATION,RADIATION,523200.920497467,5696444.290406497,3,41,28.284271247461902,74376.94510981133,0.21402652193506638,ground_equivalent_excess_gamma_dose_rate,uSv/h,50.0,1.0,6360,0.00032619998091831803,True,,1,0.1,0.09000000000000001,False,,0.0005858000076841563,
3089,RADIATION,RADIATION,523180.920497467,5696464.290406497,4,40,28.284271247461902,74405.2293810588,0.23462823185174686,ground_equivalent_excess_gamma_dose_rate,uSv/h,50.0,1.0,6360,0.0003305999853182584,True,,1,0.1,0.09000000000000001,False,,0.0005452999903354794,
3090,RADIATION,RADIATION,523200.920497467,5696444.290406497,3,41,28.284271247461902,74433.51365230627,0.21402652193506638,ground_equivalent_excess_gamma_dose_rate,uSv/h,50.0,1.0,6360,0.00032629998167976737,True,,1,0.1,0.09000000000000001,False,,0.0005841999955009669,
3091,RADIATION,RADIATION,523220.920497467,5696464.290406497,4,42,28.284271247461902,74461.79792355374,0.21391920293758776,ground_equivalent_excess_gamma_dose_rate,uSv/h,50.0,1.0,6360,0.00032709998777136207,True,,1,0.1,0.09000000000000001,False,,0.0005454000202007592,
3092,RADIATION,RADIATION,523240.920497467,5696444.290406497,3,43,28.284271247461902,74490.0821948012,0.19576854598411653,ground_equivalent_excess_gamma_dose_rate,uSv/h,50.0,1.0,6360,0.00032309998641721904,True,,1,0.1,0.09000000000000001,False,,0.0005774000019300729,
3093,RADIATION,RADIATION,523240.920497467,5696464.290406497,4,43,20.0,74510.0821948012,0.2044328333166962,ground_equivalent_excess_gamma_dose_rate,uSv/h,50.0,1.0,6360,0.0003243999963160604,True,,1,0.1,0.09000000000000001,False,,0.00035200000274926424,
3094,RADIATION,RADIATION,523220.920497467,5696444.290406497,3,42,28.284271247461902,74538.36646604867,0.20463838190123274,ground_equivalent_excess_gamma_dose_rate,uSv/h,50.0,1.0,6360,0.00032320001628249884,True,,1,0.1,0.09000000000000001,False,,0.0005181000160519034,
3095,RADIATION,RADIATION,523240.920497467,5696464.290406497,4,43,28.284271247461902,74566.65073729614,0.2044328333166962,ground_equivalent_excess_gamma_dose_rate,uSv/h,50.0,1.0,6360,0.0003233000170439482,True,,1,0.1,0.09000000000000001,False,,0.0004791999817825854,
3096,RADIATION,RADIATION,523260.920497467,5696484.290406497,5,44,28.284271247461902,74594.9350085436,0.20400106369319632,ground_equivalent_excess_gamma_dose_rate,uSv/h,50.0,1.0,6360,0.00034070000401698053,True,,1,0.1,0.09000000000000001,False,,0.0005318000039551407,
3097,RADIATION,RADIATION,523260.920497467,5696504.290406497,6,44,20.0,74614.9350085436,0.21308920349032479,ground_equivalent_excess_gamma_dose_rate,uSv/h,50.0,1.0,6360,0.0003347000165376812,True,,1,0.1,0.09000000000000001,False,,0.0006111999973654747,
3098,RADIATION,RADIATION,523280.920497467,5696484.290406497,5,45,28.284271247461902,74643.21927979107,0.194873935362134,ground_equivalent_excess_gamma_dose_rate,uSv/h,50.0,1.0,6360,0.00032649998320266604,True,,1,0.1,0.09000000000000001,False,,0.0005920000257901847,
3099,RADIATION,RADIATION,523260.920497467,5696464.290406497,4,44,28.284271247461902,74671.50355103854,0.19544637325255992,ground_equivalent_excess_gamma_dose_rate,uSv/h,50.0,1.0,6360,0.00033340000663883984,True,,1,0.1,0.09000000000000001,False,,0.0006501000025309622,
3100,RADIATION,RADIATION,523260.920497467,5696484.290406497,5,44,20.0,74691.50355103854,0.20400106369319632,ground_equivalent_excess_gamma_dose_rate,uSv/h,50.0,1.0,6360,0.0003288999723736197,True,,1,0.1,0.09000000000000001,False,,0.0004984000115655363,
3101,RADIATION,RADIATION,523240.920497467,5696484.290406497,5,43,20.0,74711.50355103854,0.21361511300137637,ground_equivalent_excess_gamma_dose_rate,uSv/h,50.0,1.0,6360,0.0003370000049471855,True,,1,0.1,0.09000000000000001,False,,0.000592800002777949,
3102,RADIATION,RADIATION,523260.920497467,5696504.290406497,6,44,28.284271247461902,74739.787822286,0.21308920349032479,ground_equivalent_excess_gamma_dose_rate,uSv/h,50.0,1.0,6360,0.00033239999902434647,True,,1,0.1,0.09000000000000001,False,,0.000592800002777949,
3103,RADIATION,RADIATION,523240.920497467,5696524.290406497,7,43,28.284271247461902,74768.07209353347,0.23382516491688932,ground_equivalent_excess_gamma_dose_rate,uSv/h,50.0,1.0,6360,0.00035239997669123113,True,,1,0.1,0.09000000000000001,False,,0.0005807999987155199,
3104,RADIATION,RADIATION,523260.920497467,5696524.290406497,7,44,20.0,74788.07209353347,0.22278339064098923,ground_equivalent_excess_gamma_dose_rate,uSv/h,50.0,1.0,6360,0.0003274999908171594,True,,1,0.1,0.09000000000000001,False,,0.0005822999810334295,
3105,RADIATION,RADIATION,523280.920497467,5696544.290406497,8,45,28.284271247461902,74816.35636478094,0.2218803828622803,ground_equivalent_excess_gamma_dose_rate,uSv/h,50.0,1.0,6360,0.00037769999471493065,True,,1,0.1,0.09000000000000001,False,,0.0005950999911874533,
3106,RADIATION,RADIATION,523280.920497467,5696564.290406497,9,45,20.0,74836.35636478094,0.2321682253095056,ground_equivalent_excess_gamma_dose_rate,uSv/h,50.0,1.0,6360,0.00033829998574219644,True,,1,0.1,0.09000000000000001,False,,0.0006118000019341707,
3107,RADIATION,RADIATION,523260.920497467,5696564.290406497,9,44,20.0,74856.35636478094,0.24435808658971364,ground_equivalent_excess_gamma_dose_rate,uSv/h,50.0,1.0,6360,0.0003383999865036458,True,,1,0.1,0.09000000000000001,False,,0.0005895999784115702,
3108,RADIATION,RADIATION,523240.920497467,5696544.290406497,8,43,28.284271247461902,74884.6406360284,0.24504257359204662,ground_equivalent_excess_gamma_dose_rate,uSv/h,50.0,1.0,6360,0.00035620000562630594,True,,1,0.1,0.09000000000000001,False,,0.00058230001013726,
3109,RADIATION,RADIATION,523220.920497467,5696524.290406497,7,42,28.284271247461902,74912.92490727587,0.24545557121546213,ground_equivalent_excess_gamma_dose_rate,uSv/h,50.0,1.0,6360,0.0004318999999668449,True,,1,0.1,0.09000000000000001,False,,0.000612899981206283,
3110,RADIATION,RADIATION,523200.920497467,5696524.290406497,7,41,20.0,74932.92490727587,0.25772939754593005,ground_equivalent_excess_gamma_dose_rate,uSv/h,50.0,1.0,6360,0.0003547999949660152,True,,1,0.1,0.09000000000000001,False,,0.0006187999970279634,
3111,RADIATION,RADIATION,523220.920497467,5696524.290406497,7,42,20.0,74952.92490727587,0.24545557121546213,ground_equivalent_excess_gamma_dose_rate,uSv/h,50.0,1.0,6360,0.0003394999948795885,True,,1,0.1,0.09000000000000001,False,,0.0005959999980404973,
3112,RADIATION,RADIATION,523200.920497467,5696504.290406497,6,41,28.284271247461902,74981.20917852334,0.2457150424566476,ground_equivalent_excess_gamma_dose_rate,uSv/h,50.0,1.0,6360,0.00032709998777136207,True,,1,0.1,0.09000000000000001,False,,0.0005816000048071146,
3113,RADIATION,RADIATION,523200.920497467,5696484.290406497,5,41,20.0,75001.20917852334,0.23449526365493462,ground_equivalent_excess_gamma_dose_rate,uSv/h,50.0,1.0,6360,0.0003308999876026064,True,,1,0.1,0.09000000000000001,False,,0.0005745000089518726,
3114,RADIATION,RADIATION,523180.920497467,5696504.290406497,6,40,28.284271247461902,75029.4934497708,0.25788502474708364,ground_equivalent_excess_gamma_dose_rate,uSv/h,50.0,1.0,6360,0.0003394999948795885,True,,1,0.1,0.09000000000000001,False,,0.000583200016990304,
3115,RADIATION,RADIATION,523180.920497467,5696524.290406497,7,40,20.0,75049.4934497708,0.270721560019981,ground_equivalent_excess_gamma_dose_rate,uSv/h,50.0,1.0,6360,0.0003301000106148422,True,,1,0.1,0.09000000000000001,False,,0.000595899997279048,
3116,RADIATION,RADIATION,523160.920497467,5696504.290406497,6,39,28.284271247461902,75077.77772101827,0.2708520490196904,ground_equivalent_excess_gamma_dose_rate,uSv/h,50.0,1.0,6360,0.0003302000113762915,True,,1,0.1,0.09000000000000001,False,,0.0005766999965999275,
3117,RADIATION,RADIATION,523180.920497467,5696504.290406497,6,40,20.0,75097.77772101827,0.25788502474708364,ground_equivalent_excess_gamma_dose_rate,uSv/h,50.0,1.0,6360,0.00032550000469200313,True,,1,0.1,0.09000000000000001,False,,0.000590000010561198,
3118,RADIATION,RADIATION,523160.920497467,5696484.290406497,5,39,28.284271247461902,75126.06199226574,0.2580529847495864,ground_equivalent_excess_gamma_dose_rate,uSv/h,50.0,1.0,6360,0.00034199998481199145,True,,1,0.1,0.09000000000000001,False,,0.0005736000020988286,
3119,RADIATION,RADIATION,523140.920497467,5696504.290406497,6,38,28.284271247461902,75154.3462635132,0.2847511571796773,ground_equivalent_excess_gamma_dose_rate,uSv/h,50.0,1.0,6360,0.00035489999572746456,True,,1,0.1,0.09000000000000001,False,,0.0006506000063382089,
3120,RADIATION,RADIATION,523140.920497467,5696524.290406497,7,38,20.0,75174.3462635132,0.299308655978003,ground_equivalent_excess_gamma_dose_rate,uSv/h,50.0,1.0,6360,0.00033519999124109745,True,,1,0.1,0.09000000000000001,False,,0.000600500003201887,
3121,RADIATION,RADIATION,523140.920497467,5696544.290406497,8,38,20.0,75194.3462635132,0.3149479921002096,ground_equivalent_excess_gamma_dose_rate,uSv/h,50.0,1.0,6360,0.00033680000342428684,True,,1,0.1,0.09000000000000001,False,,0.0005760000203736126,
3122,RADIATION,RADIATION,523160.920497467,5696544.290406497,8,39,20.0,75214.3462635132,0.2992690099630559,ground_equivalent_excess_gamma_dose_rate,uSv/h,50.0,1.0,6360,0.0003291000030003488,True,,1,0.1,0.09000000000000001,False,,0.0006192000000737607,
3123,RADIATION,RADIATION,523140.920497467,5696564.290406497,9,38,28.284271247461902,75242.63053476067,0.3319080017998685,ground_equivalent_excess_gamma_dose_rate,uSv/h,50.0,1.0,6360,0.0003465999907348305,True,,1,0.1,0.09000000000000001,False,,0.0005877999938093126,
3124,RADIATION,RADIATION,523160.920497467,5696584.290406497,10,39,28.284271247461902,75270.91480600814,0.3328515636887918,ground_equivalent_excess_gamma_dose_rate,uSv/h,50.0,1.0,6360,0.0003279999946244061,True,,1,0.1,0.09000000000000001,False,,0.0005874000198673457,
3125,RADIATION,RADIATION,523180.920497467,5696584.290406497,10,40,20.0,75290.91480600814,0.31609485052043435,ground_equivalent_excess_gamma_dose_rate,uSv/h,50.0,1.0,6360,0.0003315999929327518,True,,1,0.1,0.09000000000000001,False,,0.0005938000103924423,
3126,RADIATION,RADIATION,523160.920497467,5696584.290406497,10,39,20.0,75310.91480600814,0.3328515636887918,ground_equivalent_excess_gamma_dose_rate,uSv/h,50.0,1.0,6360,0.00032869999995455146,True,,1,0.1,0.09000000000000001,False,,0.0005789999850094318,
3127,RADIATION,RADIATION,523160.920497467,5696604.290406497,11,39,20.0,75330.91480600814,0.3523723755587,ground_equivalent_excess_gamma_dose_rate,uSv/h,50.0,1.0,6360,0.0003318000235594809,True,,1,0.1,0.09000000000000001,False,,0.000596500001847744,
3128,RADIATION,RADIATION,523180.920497467,5696604.290406497,11,40,20.0,75350.91480600814,0.3343837002015972,ground_equivalent_excess_gamma_dose_rate,uSv/h,50.0,1.0,6360,0.00032839999767020345,True,,1,0.1,0.09000000000000001,False,,0.0005807999987155199,
3129,RADIATION,RADIATION,523180.920497467,5696624.290406497,12,40,20.0,75370.91480600814,0.3548849408318088,ground_equivalent_excess_gamma_dose_rate,uSv/h,50.0,1.0,6360,0.0003282999969087541,True,,1,0.1,0.09000000000000001,False,,0.0005852000031154603,
3130,RADIATION,RADIATION,523200.920497467,5696624.290406497,12,41,20.0,75390.91480600814,0.33611018616768046,ground_equivalent_excess_gamma_dose_rate,uSv/h,50.0,1.0,6360,0.0003440000000409782,True,,1,0.1,0.09000000000000001,False,,0.000582000007852912,
3131,RADIATION,RADIATION,523200.920497467,5696644.290406497,13,41,20.0,75410.91480600814,0.35748143026697793,ground_equivalent_excess_gamma_dose_rate,uSv/h,50.0,1.0,6360,0.0003240999940317124,True,,1,0.1,0.09000000000000001,False,,0.0005835999909322709,
3132,RADIATION,RADIATION,523180.920497467,5696624.290406497,12,40,28.284271247461902,75439.1990772556,0.3548849408318088,ground_equivalent_excess_gamma_dose_rate,uSv/h,50.0,1.0,6360,0.0003577999887056649,True,,1,0.1,0.09000000000000001,False,,0.0005970000056549907,
3133,RADIATION,RADIATION,523160.920497467,5696604.290406497,11,39,28.284271247461902,75467.48334850307,0.3523723755587,ground_equivalent_excess_gamma_dose_rate,uSv/h,50.0,1.0,6360,0.0003330000035930425,True,,1,0.1,0.09000000000000001,False,,0.0005904000136069953,
3134,RADIATION,RADIATION,523140.920497467,5696584.290406497,10,38,28.284271247461902,75495.76761975054,0.35050910454400713,ground_equivalent_excess_gamma_dose_rate,uSv/h,50.0,1.0,6360,0.00033569999504834414,True,,1,0.1,0.09000000000000001,False,,0.0006031999946571887,
3135,RADIATION,RADIATION,523160.920497467,5696584.290406497,10,39,20.0,75515.76761975054,0.3328515636887918,ground_equivalent_excess_gamma_dose_rate,uSv/h,50.0,1.0,6360,0.0003454999823588878,True,,1,0.1,0.09000000000000001,False,,0.0006745999853592366,
3136,RADIATION,RADIATION,523140.920497467,5696604.290406497,11,38,28.284271247461902,75544.051890998,0.3711777060707408,ground_equivalent_excess_gamma_dose_rate,uSv/h,50.0,1.0,6360,0.00033969999640248716,True,,1,0.1,0.09000000000000001,False,,0.0005887000006623566,
3137,RADIATION,RADIATION,523140.920497467,5696584.290406497,10,38,20.0,75564.051890998,0.35050910454400713,ground_equivalent_excess_gamma_dose_rate,uSv/h,50.0,1.0,6360,0.00033660000190138817,True,,1,0.1,0.09000000000000001,False,,0.0006024999893270433,
3138,RADIATION,RADIATION,523140.920497467,5696564.290406497,9,38,20.0,75584.051890998,0.3319080017998685,ground_equivalent_excess_gamma_dose_rate,uSv/h,50.0,1.0,6360,0.00033069998607970774,True,,1,0.1,0.09000000000000001,False,,0.0005801999941468239,
3139,RADIATION,RADIATION,523140.920497467,5696584.290406497,10,38,20.0,75604.051890998,0.35050910454400713,ground_equivalent_excess_gamma_dose_rate,uSv/h,50.0,1.0,6360,0.00032469999860040843,True,,1,0.1,0.09000000000000001,False,,0.0005951999919489026,
3140,RADIATION,RADIATION,523140.920497467,5696604.290406497,11,38,20.0,75624.051890998,0.3711777060707408,ground_equivalent_excess_gamma_dose_rate,uSv/h,50.0,1.0,6360,0.0003361999988555908,True,,1,0.1,0.09000000000000001,False,,0.0005797999911010265,
3141,RADIATION,RADIATION,523120.920497467,5696624.290406497,12,37,28.284271247461902,75652.33616224547,0.4153983733063928,ground_equivalent_excess_gamma_dose_rate,uSv/h,50.0,1.0,6360,0.0003310999891255051,True,,1,0.1,0.09000000000000001,False,,0.0005813000025227666,
3142,RADIATION,RADIATION,523100.920497467,5696624.290406497,12,36,20.0,75672.33616224547,0.43727382157525957,ground_equivalent_excess_gamma_dose_rate,uSv/h,50.0,1.0,6360,0.00033680000342428684,True,,1,0.1,0.09000000000000001,False,,0.000596800004132092,
3143,RADIATION,RADIATION,523080.920497467,5696624.290406497,12,35,20.0,75692.33616224547,0.46042036425599825,ground_equivalent_excess_gamma_dose_rate,uSv/h,50.0,1.0,6360,0.0003364000003784895,True,,1,0.1,0.09000000000000001,False,,0.0005840999947395176,
3144,RADIATION,RADIATION,523060.920497467,5696604.290406497,11,34,28.284271247461902,75720.62043349294,0.45894483483485166,ground_equivalent_excess_gamma_dose_rate,uSv/h,50.0,1.0,6360,0.00033489998895674944,True,,1,0.1,0.09000000000000001,False,,0.0005955999949947,
3145,RADIATION,RADIATION,523060.920497467,5696584.290406497,10,34,20.0,75740.62043349294,0.4350987028661499,ground_equivalent_excess_gamma_dose_rate,uSv/h,50.0,1.0,6360,0.0003284000267740339,True,,1,0.1,0.09000000000000001,False,,0.0005815000040456653,
3146,RADIATION,RADIATION,523080.920497467,5696604.290406497,11,35,28.284271247461902,75768.9047047404,0.434375241317609,ground_equivalent_excess_gamma_dose_rate,uSv/h,50.0,1.0,6360,0.00032359999022446573,True,,1,0.1,0.09000000000000001,False,,0.0005870000168215483,
3147,RADIATION,RADIATION,523100.920497467,5696584.290406497,10,36,28.284271247461902,75797.18897598787,0.3893019403567491,ground_equivalent_excess_gamma_dose_rate,uSv/h,50.0,1.0,6360,0.0003504999913275242,True,,1,0.1,0.09000000000000001,False,,0.0005787999834865332,
3148,RADIATION,RADIATION,523080.920497467,5696604.290406497,11,35,28.284271247461902,75825.47324723534,0.434375241317609,ground_equivalent_excess_gamma_dose_rate,uSv/h,50.0,1.0,6360,0.00032950000604614615,True,,1,0.1,0.09000000000000001,False,,0.0005976999818813056,
3149,RADIATION,RADIATION,523060.920497467,5696624.290406497,12,34,28.284271247461902,75853.7575184828,0.4853398590602193,ground_equivalent_excess_gamma_dose_rate,uSv/h,50.0,1.0,6360,0.0003335000074002892,True,,1,0.1,0.09000000000000001,False,,0.0005996999971102923,
3150,RADIATION,RADIATION,523080.920497467,5696604.290406497,11,35,28.284271247461902,75882.04178973027,0.434375241317609,ground_equivalent_excess_gamma_dose_rate,uSv/h,50.0,1.0,6360,0.00032469999860040843,True,,1,0.1,0.09000000000000001,False,,0.0005908999883104116,
3151,RADIATION,RADIATION,523080.920497467,5696584.290406497,10,35,20.0,75902.04178973027,0.4110758255441593,ground_equivalent_excess_gamma_dose_rate,uSv/h,50.0,1.0,6360,0.00032560000545345247,True,,1,0.1,0.09000000000000001,False,,0.0005899000097997487,
3152,RADIATION,RADIATION,523060.920497467,5696604.290406497,11,34,28.284271247461902,75930.32606097774,0.45894483483485166,ground_equivalent_excess_gamma_dose_rate,uSv/h,50.0,1.0,6360,0.0003383000148460269,True,,1,0.1,0.09000000000000001,False,,0.0005790000141132623,
3153,RADIATION,RADIATION,523040.920497467,5696584.290406497,10,33,28.284271247461902,75958.6103322252,0.46211951751414765,ground_equivalent_excess_gamma_dose_rate,uSv/h,50.0,1.0,6360,0.0003338000096846372,True,,1,0.1,0.09000000000000001,False,,0.00059120001969859,
3154,RADIATION,RADIATION,523020.920497467,5696584.290406497,10,32,20.0,75978.6103322252,0.49317019157168157,ground_equivalent_excess_gamma_dose_rate,uSv/h,50.0,1.0,6360,0.00034070000401698053,True,,1,0.1,0.09000000000000001,False,,0.0005956999957561493,
3155,RADIATION,RADIATION,523040.920497467,5696604.290406497,11,33,28.284271247461902,76006.89460347267,0.4863542570745835,ground_equivalent_excess_gamma_dose_rate,uSv/h,50.0,1.0,6360,0.00033170002279803157,True,,1,0.1,0.09000000000000001,False,,0.0007118000066839159,
3156,RADIATION,RADIATION,523020.920497467,5696624.290406497,12,32,28.284271247461902,76035.17887472014,0.5438094574475698,ground_equivalent_excess_gamma_dose_rate,uSv/h,50.0,1.0,6360,0.00033740000799298286,True,,1,0.1,0.09000000000000001,False,,0.0006049999792594463,
3157,RADIATION,RADIATION,523020.920497467,5696644.290406497,13,32,20.0,76055.17887472014,0.572532958590358,ground_equivalent_excess_gamma_dose_rate,uSv/h,50.0,1.0,6360,0.0003476999991107732,True,,1,0.1,0.09000000000000001,False,,0.0005870000168215483,
3158,RADIATION,RADIATION,523000.920497467,5696624.290406497,12,31,28.284271247461902,76083.4631459676,0.5799257534504014,ground_equivalent_excess_gamma_dose_rate,uSv/h,50.0,1.0,6360,0.0003324999997857958,True,,1,0.1,0.09000000000000001,False,,0.000583200016990304,
3159,RADIATION,RADIATION,523000.920497467,5696604.290406497,11,31,20.0,76103.4631459676,0.5543736722367558,ground_equivalent_excess_gamma_dose_rate,uSv/h,50.0,1.0,6360,0.0003381000133231282,True,,1,0.1,0.09000000000000001,False,,0.0005933999782428145,
3160,RADIATION,RADIATION,523020.920497467,5696584.290406497,10,32,28.284271247461902,76131.74741721507,0.49317019157168157,ground_equivalent_excess_gamma_dose_rate,uSv/h,50.0,1.0,6360,0.0003328000020701438,True,,1,0.1,0.09000000000000001,False,,0.0006071999960113317,
3161,RADIATION,RADIATION,523040.920497467,5696564.290406497,9,33,28.284271247461902,76160.03168846254,0.4393993076296658,ground_equivalent_excess_gamma_dose_rate,uSv/h,50.0,1.0,6360,0.0003308999876026064,True,,1,0.1,0.09000000000000001,False,,0.0005937999812886119,
3162,RADIATION,RADIATION,523040.920497467,5696544.290406497,8,33,20.0,76180.03168846254,0.41775219651064205,ground_equivalent_excess_gamma_dose_rate,uSv/h,50.0,1.0,6360,0.00032809999538585544,True,,1,0.1,0.09000000000000001,False,,0.0005765000241808593,
3163,RADIATION,RADIATION,523060.920497467,5696564.290406497,9,34,28.284271247461902,76208.31595971,0.4131004887196949,ground_equivalent_excess_gamma_dose_rate,uSv/h,50.0,1.0,6360,0.00032140000257641077,True,,1,0.1,0.09000000000000001,False,,0.0005848000000696629,
3164,RADIATION,RADIATION,523060.920497467,5696544.290406497,8,34,20.0,76228.31595971,0.39246838641152054,ground_equivalent_excess_gamma_dose_rate,uSv/h,50.0,1.0,6360,0.0003459999861661345,True,,1,0.1,0.09000000000000001,False,,0.0005777000042144209,
3165,RADIATION,RADIATION,523040.920497467,5696564.290406497,9,33,28.284271247461902,76256.60023095747,0.4393993076296658,ground_equivalent_excess_gamma_dose_rate,uSv/h,50.0,1.0,6360,0.0003234000178053975,True,,1,0.1,0.09000000000000001,False,,0.0005834999901708215,
3166,RADIATION,RADIATION,523060.920497467,5696564.290406497,9,34,20.0,76276.60023095747,0.4131004887196949,ground_equivalent_excess_gamma_dose_rate,uSv/h,50.0,1.0,6360,0.0003262000100221485,True,,1,0.1,0.09000000000000001,False,,0.0005985999887343496,
3167,RADIATION,RADIATION,523080.920497467,5696564.290406497,9,35,20.0,76296.60023095747,0.3898236573275477,ground_equivalent_excess_gamma_dose_rate,uSv/h,50.0,1.0,6360,0.0003251000016462058,True,,1,0.1,0.09000000000000001,False,,0.0005827999848406762,
3168,RADIATION,RADIATION,523080.920497467,5696544.290406497,8,35,20.0,76316.60023095747,0.37012283621117686,ground_equivalent_excess_gamma_dose_rate,uSv/h,50.0,1.0,6360,0.00032309998641721904,True,,1,0.1,0.09000000000000001,False,,0.0006007000047247857,
3169,RADIATION,RADIATION,523100.920497467,5696524.290406497,7,36,28.284271247461902,76344.88450220494,0.3325606395109057,ground_equivalent_excess_gamma_dose_rate,uSv/h,50.0,1.0,6360,0.0003383999865036458,True,,1,0.1,0.09000000000000001,False,,0.0005751000135205686,
3170,RADIATION,RADIATION,523120.920497467,5696524.290406497,7,37,20.0,76364.88450220494,0.31523274072959334,ground_equivalent_excess_gamma_dose_rate,uSv/h,50.0,1.0,6360,0.00032469999860040843,True,,1,0.1,0.09000000000000001,False,,0.0005839000223204494,
3171,RADIATION,RADIATION,523140.920497467,5696504.290406497,6,38,28.284271247461902,76393.1687734524,0.2847511571796773,ground_equivalent_excess_gamma_dose_rate,uSv/h,50.0,1.0,6360,0.0003381000133231282,True,,1,0.1,0.09000000000000001,False,,0.0005782999796792865,
3172,RADIATION,RADIATION,523120.920497467,5696524.290406497,7,37,28.284271247461902,76421.45304469987,0.31523274072959334,ground_equivalent_excess_gamma_dose_rate,uSv/h,50.0,1.0,6360,0.00037289998726919293,True,,1,0.1,0.09000000000000001,False,,0.0006680999940726906,
3173,RADIATION,RADIATION,523100.920497467,5696504.290406497,6,36,28.284271247461902,76449.73731594734,0.3161134040855012,ground_equivalent_excess_gamma_dose_rate,uSv/h,50.0,1.0,6360,0.0003388000186532736,True,,1,0.1,0.09000000000000001,False,,0.000604800006840378,
3174,RADIATION,RADIATION,523080.920497467,5696484.290406497,5,35,28.284271247461902,76478.0215871948,0.3174285683652022,ground_equivalent_excess_gamma_dose_rate,uSv/h,50.0,1.0,6360,0.0003549999964889139,True,,1,0.1,0.09000000000000001,False,,0.000582600012421608,
3175,RADIATION,RADIATION,523060.920497467,5696504.290406497,6,34,28.284271247461902,76506.30585844227,0.3541561915000941,ground_equivalent_excess_gamma_dose_rate,uSv/h,50.0,1.0,6360,0.00034160001087002456,True,,1,0.1,0.09000000000000001,False,,0.0005920999974478036,
3176,RADIATION,RADIATION,523080.920497467,5696504.290406497,6,35,20.0,76526.30585844227,0.33411399581739215,ground_equivalent_excess_gamma_dose_rate,uSv/h,50.0,1.0,6360,0.0003310000174678862,True,,1,0.1,0.09000000000000001,False,,0.0005964000010862947,
3177,RADIATION,RADIATION,523060.920497467,5696484.290406497,5,34,28.284271247461902,76554.59012968974,0.33617225745701423,ground_equivalent_excess_gamma_dose_rate,uSv/h,50.0,1.0,6360,0.0003282999969087541,True,,1,0.1,0.09000000000000001,False,,0.0005801999941468239,
3178,RADIATION,RADIATION,523080.920497467,5696504.290406497,6,35,28.284271247461902,76582.8744009372,0.33411399581739215,ground_equivalent_excess_gamma_dose_rate,uSv/h,50.0,1.0,6360,0.00032589997863397,True,,1,0.1,0.09000000000000001,False,,0.000601100007770583,
3179,RADIATION,RADIATION,523060.920497467,5696484.290406497,5,34,28.284271247461902,76611.15867218467,0.33617225745701423,ground_equivalent_excess_gamma_dose_rate,uSv/h,50.0,1.0,6360,0.0003465999907348305,True,,1,0.1,0.09000000000000001,False,,0.0005807999987155199,
3180,RADIATION,RADIATION,523080.920497467,5696504.290406497,6,35,28.284271247461902,76639.44294343214,0.33411399581739215,ground_equivalent_excess_gamma_dose_rate,uSv/h,50.0,1.0,6360,0.0003266999847255647,True,,1,0.1,0.09000000000000001,False,,0.0005841999955009669,
3181,RADIATION,RADIATION,523060.920497467,5696524.290406497,7,34,28.284271247461902,76667.7272146796,0.3728853916232497,ground_equivalent_excess_gamma_dose_rate,uSv/h,50.0,1.0,6360,0.0003507000219542533,True,,1,0.1,0.09000000000000001,False,,0.0005797999911010265,
3182,RADIATION,RADIATION,523080.920497467,5696544.290406497,8,35,28.284271247461902,76696.01148592707,0.37012283621117686,ground_equivalent_excess_gamma_dose_rate,uSv/h,50.0,1.0,6360,0.00032610000926069915,True,,1,0.1,0.09000000000000001,False,,0.0005907000158913434,
3183,RADIATION,RADIATION,523100.920497467,5696564.290406497,9,36,28.284271247461902,76724.29575717454,0.36885673562746085,ground_equivalent_excess_gamma_dose_rate,uSv/h,50.0,1.0,6360,0.0003249000001233071,True,,1,0.1,0.09000000000000001,False,,0.00059120001969859,
3184,RADIATION,RADIATION,523120.920497467,5696544.290406497,8,37,28.284271247461902,76752.580028422,0.33178921378094123,ground_equivalent_excess_gamma_dose_rate,uSv/h,50.0,1.0,6360,0.0003262000100221485,True,,1,0.1,0.09000000000000001,False,,0.0005787999834865332,
3185,RADIATION,RADIATION,523120.920497467,5696564.290406497,9,37,20.0,76772.580028422,0.3496777119579115,ground_equivalent_excess_gamma_dose_rate,uSv/h,50.0,1.0,6360,0.0003721000102814287,True,,1,0.1,0.09000000000000001,False,,0.0005954000225756317,
3186,RADIATION,RADIATION,523120.920497467,5696544.290406497,8,37,20.0,76792.580028422,0.33178921378094123,ground_equivalent_excess_gamma_dose_rate,uSv/h,50.0,1.0,6360,0.00033909999183379114,True,,1,0.1,0.09000000000000001,False,,0.0006276000058278441,
3187,RADIATION,RADIATION,523100.920497467,5696544.290406497,8,36,20.0,76812.580028422,0.35005969403507703,ground_equivalent_excess_gamma_dose_rate,uSv/h,50.0,1.0,6360,0.0003323000273667276,True,,1,0.1,0.09000000000000001,False,,0.000587800022913143,
3188,RADIATION,RADIATION,523100.920497467,5696524.290406497,7,36,20.0,76832.580028422,0.3325606395109057,ground_equivalent_excess_gamma_dose_rate,uSv/h,50.0,1.0,6360,0.00033939999411813915,True,,1,0.1,0.09000000000000001,False,,0.0006001000001560897,
3189,RADIATION,RADIATION,523080.920497467,5696524.290406497,7,35,20.0,76852.580028422,0.3516296758422614,ground_equivalent_excess_gamma_dose_rate,uSv/h,50.0,1.0,6360,0.0003335000074002892,True,,1,0.1,0.09000000000000001,False,,0.0005873999907635152,
3190,RADIATION,RADIATION,523080.920497467,5696544.290406497,8,35,20.0,76872.580028422,0.37012283621117686,ground_equivalent_excess_gamma_dose_rate,uSv/h,50.0,1.0,6360,0.00033179999445565045,True,,1,0.1,0.09000000000000001,False,,0.0005905999860260636,
3191,RADIATION,RADIATION,523060.920497467,5696544.290406497,8,34,20.0,76892.580028422,0.39246838641152054,ground_equivalent_excess_gamma_dose_rate,uSv/h,50.0,1.0,6360,0.00035039999056607485,True,,1,0.1,0.09000000000000001,False,,0.0005845000268891454,
3192,RADIATION,RADIATION,523040.920497467,5696524.290406497,7,33,28.284271247461902,76920.86429966947,0.3969138124079747,ground_equivalent_excess_gamma_dose_rate,uSv/h,50.0,1.0,6360,0.00034160001087002456,True,,1,0.1,0.09000000000000001,False,,0.0005901999829802662,
3193,RADIATION,RADIATION,523060.920497467,5696504.290406497,6,34,28.284271247461902,76949.14857091694,0.3541561915000941,ground_equivalent_excess_gamma_dose_rate,uSv/h,50.0,1.0,6360,0.00032759999157860875,True,,1,0.1,0.09000000000000001,False,,0.000599599996348843,
3194,RADIATION,RADIATION,523060.920497467,5696524.290406497,7,34,20.0,76969.14857091694,0.3728853916232497,ground_equivalent_excess_gamma_dose_rate,uSv/h,50.0,1.0,6360,0.00033030001213774085,True,,1,0.1,0.09000000000000001,False,,0.0006128000095486641,
3195,RADIATION,RADIATION,523080.920497467,5696524.290406497,7,35,20.0,76989.14857091694,0.3516296758422614,ground_equivalent_excess_gamma_dose_rate,uSv/h,50.0,1.0,6360,0.0003307999868411571,True,,1,0.1,0.09000000000000001,False,,0.0006068999937269837,
3196,RADIATION,RADIATION,523100.920497467,5696524.290406497,7,36,20.0,77009.14857091694,0.3325606395109057,ground_equivalent_excess_gamma_dose_rate,uSv/h,50.0,1.0,6360,0.0003404000017326325,True,,1,0.1,0.09000000000000001,False,,0.0005862000107299536,
3197,RADIATION,RADIATION,523080.920497467,5696524.290406497,7,35,20.0,77029.14857091694,0.3516296758422614,ground_equivalent_excess_gamma_dose_rate,uSv/h,50.0,1.0,6360,0.0003262000100221485,True,,1,0.1,0.09000000000000001,False,,0.0005797999911010265,
3198,RADIATION,RADIATION,523100.920497467,5696504.290406497,6,36,28.284271247461902,77057.4328421644,0.3161134040855012,ground_equivalent_excess_gamma_dose_rate,uSv/h,50.0,1.0,6360,0.00036100001307204366,True,,1,0.1,0.09000000000000001,False,,0.0006076000281609595,
3199,RADIATION,RADIATION,523120.920497467,5696504.290406497,6,37,20.0,77077.4328421644,0.2997604664510004,ground_equivalent_excess_gamma_dose_rate,uSv/h,50.0,1.0,6360,0.00033469998743385077,True,,1,0.1,0.09000000000000001,False,,0.0006009000062476844,
3200,RADIATION,RADIATION,523100.920497467,5696524.290406497,7,36,28.284271247461902,77105.71711341187,0.3325606395109057,ground_equivalent_excess_gamma_dose_rate,uSv/h,50.0,1.0,6360,0.00033030001213774085,True,,1,0.1,0.09000000000000001,False,,0.0005947999889031053,
3201,RADIATION,RADIATION,523120.920497467,5696544.290406497,8,37,28.284271247461902,77134.00138465934,0.33178921378094123,ground_equivalent_excess_gamma_dose_rate,uSv/h,50.0,1.0,6360,0.00033969999640248716,True,,1,0.1,0.09000000000000001,False,,0.0005822000093758106,
3202,RADIATION,RADIATION,523140.920497467,5696544.290406497,8,38,20.0,77154.00138465934,0.3149479921002096,ground_equivalent_excess_gamma_dose_rate,uSv/h,50.0,1.0,6360,0.0003288000007160008,True,,1,0.1,0.09000000000000001,False,,0.00058970000827685,
3203,RADIATION,RADIATION,523160.920497467,5696564.290406497,9,39,28.284271247461902,77182.2856559068,0.31527736275246604,ground_equivalent_excess_gamma_dose_rate,uSv/h,50.0,1.0,6360,0.0003273999900557101,True,,1,0.1,0.09000000000000001,False,,0.000596199999563396,
3204,RADIATION,RADIATION,523160.920497467,5696584.290406497,10,39,20.0,77202.2856559068,0.3328515636887918,ground_equivalent_excess_gamma_dose_rate,uSv/h,50.0,1.0,6360,0.00032809999538585544,True,,1,0.1,0.09000000000000001,False,,0.0005842999962624162,
3205,RADIATION,RADIATION,523140.920497467,5696564.290406497,9,38,28.284271247461902,77230.56992715427,0.3319080017998685,ground_equivalent_excess_gamma_dose_rate,uSv/h,50.0,1.0,6360,0.0003252000024076551,True,,1,0.1,0.09000000000000001,False,,0.0005939999828115106,
3206,RADIATION,RADIATION,523120.920497467,5696564.290406497,9,37,20.0,77250.56992715427,0.3496777119579115,ground_equivalent_excess_gamma_dose_rate,uSv/h,50.0,1.0,6360,0.00034260001848451793,True,,1,0.1,0.09000000000000001,False,,0.0005792999872937799,
3207,RADIATION,RADIATION,523100.920497467,5696564.290406497,9,36,20.0,77270.56992715427,0.36885673562746085,ground_equivalent_excess_gamma_dose_rate,uSv/h,50.0,1.0,6360,0.0003313999914098531,True,,1,0.1,0.09000000000000001,False,,0.0005786999827250838,
3208,RADIATION,RADIATION,523080.920497467,5696544.290406497,8,35,28.284271247461902,77298.85419840174,0.37012283621117686,ground_equivalent_excess_gamma_dose_rate,uSv/h,50.0,1.0,6360,0.00033290000283159316,True,,1,0.1,0.09000000000000001,False,,0.0005806999979540706,
3209,RADIATION,RADIATION,523080.920497467,5696524.290406497,7,35,20.0,77318.85419840174,0.3516296758422614,ground_equivalent_excess_gamma_dose_rate,uSv/h,50.0,1.0,6360,0.00033209999673999846,True,,1,0.1,0.09000000000000001,False,,0.0005817000055685639,
3210,RADIATION,RADIATION,523080.920497467,5696544.290406497,8,35,20.0,77338.85419840174,0.37012283621117686,ground_equivalent_excess_gamma_dose_rate,uSv/h,50.0,1.0,6360,0.00034810000215657055,True,,1,0.1,0.09000000000000001,False,,0.0006006999756209552,
3211,RADIATION,RADIATION,523100.920497467,5696524.290406497,7,36,28.284271247461902,77367.1384696492,0.3325606395109057,ground_equivalent_excess_gamma_dose_rate,uSv/h,50.0,1.0,6360,0.00033030001213774085,True,,1,0.1,0.09000000000000001,False,,0.0007030999986454844,
3212,RADIATION,RADIATION,523100.920497467,5696504.290406497,6,36,20.0,77387.1384696492,0.3161134040855012,ground_equivalent_excess_gamma_dose_rate,uSv/h,50.0,1.0,6360,0.0003431000222917646,True,,1,0.1,0.09000000000000001,False,,0.0006250000151339918,
3213,RADIATION,RADIATION,523120.920497467,5696484.290406497,5,37,28.284271247461902,77415.42274089667,0.2851950163852706,ground_equivalent_excess_gamma_dose_rate,uSv/h,50.0,1.0,6360,0.0003392999933566898,True,,1,0.1,0.09000000000000001,False,,0.0005884999991394579,
3214,RADIATION,RADIATION,523140.920497467,5696464.290406497,4,38,28.284271247461902,77443.70701214414,0.2582241454987475,ground_equivalent_excess_gamma_dose_rate,uSv/h,50.0,1.0,6360,0.0003315000212751329,True,,1,0.1,0.09000000000000001,False,,0.0005858000076841563,
3215,RADIATION,RADIATION,523140.920497467,5696444.290406497,3,38,20.0,77463.70701214414,0.24603279114764193,ground_equivalent_excess_gamma_dose_rate,uSv/h,50.0,1.0,6360,0.0003318999952170998,True,,1,0.1,0.09000000000000001,False,,0.0006013000092934817,
3216,RADIATION,RADIATION,523120.920497467,5696424.290406497,2,37,28.284271247461902,77491.9912833916,0.24587160669732194,ground_equivalent_excess_gamma_dose_rate,uSv/h,50.0,1.0,6360,0.0003350999904796481,True,,1,0.1,0.09000000000000001,False,,0.000583500019274652,
3217,RADIATION,RADIATION,523120.920497467,5696444.290406497,3,37,20.0,77511.9912833916,0.2583234935551704,ground_equivalent_excess_gamma_dose_rate,uSv/h,50.0,1.0,6360,0.00032419999479316175,True,,1,0.1,0.09000000000000001,False,,0.0005773000011686236,
3218,RADIATION,RADIATION,523120.920497467,5696464.290406497,4,37,20.0,77531.9912833916,0.2714115306501059,ground_equivalent_excess_gamma_dose_rate,uSv/h,50.0,1.0,6360,0.0003394999948795885,True,,1,0.1,0.09000000000000001,False,,0.0005808999994769692,
3219,RADIATION,RADIATION,523100.920497467,5696464.290406497,4,36,20.0,77551.9912833916,0.2857556361221706,ground_equivalent_excess_gamma_dose_rate,uSv/h,50.0,1.0,6360,0.0003293000045232475,True,,1,0.1,0.09000000000000001,False,,0.0005801999941468239,
3220,RADIATION,RADIATION,523120.920497467,5696464.290406497,4,37,20.0,77571.9912833916,0.2714115306501059,ground_equivalent_excess_gamma_dose_rate,uSv/h,50.0,1.0,6360,0.0003267000138293952,True,,1,0.1,0.09000000000000001,False,,0.0005975000094622374,
3221,RADIATION,RADIATION,523140.920497467,5696484.290406497,5,38,28.284271247461902,77600.27555463907,0.2710992279640342,ground_equivalent_excess_gamma_dose_rate,uSv/h,50.0,1.0,6360,0.00032469999860040843,True,,1,0.1,0.09000000000000001,False,,0.0005833999894093722,
3222,RADIATION,RADIATION,523140.920497467,5696504.290406497,6,38,20.0,77620.27555463907,0.2847511571796773,ground_equivalent_excess_gamma_dose_rate,uSv/h,50.0,1.0,6360,0.0003268999862484634,True,,1,0.1,0.09000000000000001,False,,0.0005996999971102923,
3223,RADIATION,RADIATION,523120.920497467,5696484.290406497,5,37,28.284271247461902,77648.55982588654,0.2851950163852706,ground_equivalent_excess_gamma_dose_rate,uSv/h,50.0,1.0,6360,0.0003445000038482249,True,,1,0.1,0.09000000000000001,False,,0.0006073999975342304,
3224,RADIATION,RADIATION,523140.920497467,5696504.290406497,6,38,28.284271247461902,77676.844097134,0.2847511571796773,ground_equivalent_excess_gamma_dose_rate,uSv/h,50.0,1.0,6360,0.0003242999955546111,True,,1,0.1,0.09000000000000001,False,,0.0005846999993082136,
3225,RADIATION,RADIATION,523120.920497467,5696484.290406497,5,37,28.284271247461902,77705.12836838147,0.2851950163852706,ground_equivalent_excess_gamma_dose_rate,uSv/h,50.0,1.0,6360,0.0003228000132367015,True,,1,0.1,0.09000000000000001,False,,0.0005904000136069953,
3226,RADIATION,RADIATION,523100.920497467,5696464.290406497,4,36,28.284271247461902,77733.41263962894,0.2857556361221706,ground_equivalent_excess_gamma_dose_rate,uSv/h,50.0,1.0,6360,0.00032890000147745013,True,,1,0.1,0.09000000000000001,False,,0.0005790000141132623,
3227,RADIATION,RADIATION,523080.920497467,5696464.290406497,4,35,20.0,77753.41263962894,0.30148481254858245,ground_equivalent_excess_gamma_dose_rate,uSv/h,50.0,1.0,6360,0.0003360999980941415,True,,1,0.1,0.09000000000000001,False,,0.0005967000033706427,
3228,RADIATION,RADIATION,523060.920497467,5696484.290406497,5,34,28.284271247461902,77781.6969108764,0.33617225745701423,ground_equivalent_excess_gamma_dose_rate,uSv/h,50.0,1.0,6360,0.0003525000065565109,True,,1,0.1,0.09000000000000001,False,,0.0005819000070914626,
3229,RADIATION,RADIATION,523040.920497467,5696464.290406497,4,33,28.284271247461902,77809.98118212387,0.338305238553298,ground_equivalent_excess_gamma_dose_rate,uSv/h,50.0,1.0,6360,0.00036949999048374593,True,,1,0.1,0.09000000000000001,False,,0.0005815000040456653,
3230,RADIATION,RADIATION,523060.920497467,5696444.290406497,3,34,28.284271247461902,77838.26545337134,0.30227709261466024,ground_equivalent_excess_gamma_dose_rate,uSv/h,50.0,1.0,6360,0.00033569999504834414,True,,1,0.1,0.09000000000000001,False,,0.0005877999938093126,
3231,RADIATION,RADIATION,523080.920497467,5696424.290406497,2,35,28.284271247461902,77866.5497246188,0.27165075636742625,ground_equivalent_excess_gamma_dose_rate,uSv/h,50.0,1.0,6360,0.0003330000035930425,True,,1,0.1,0.09000000000000001,False,,0.0005839999939780682,
3232,RADIATION,RADIATION,523060.920497467,5696424.290406497,2,34,20.0,77886.5497246188,0.28635880957891047,ground_equivalent_excess_gamma_dose_rate,uSv/h,50.0,1.0,6360,0.0003252000024076551,True,,1,0.1,0.09000000000000001,False,,0.0005843999970238656,
3233,RADIATION,RADIATION,523080.920497467,5696444.290406497,3,35,28.284271247461902,77914.83399586627,0.28623364504473103,ground_equivalent_excess_gamma_dose_rate,uSv/h,50.0,1.0,6360,0.00032479999936185777,True,,1,0.1,0.09000000000000001,False,,0.0005651999963447452,
3234,RADIATION,RADIATION,523100.920497467,5696424.290406497,2,36,28.284271247461902,77943.11826711374,0.2582171377903598,ground_equivalent_excess_gamma_dose_rate,uSv/h,50.0,1.0,6360,0.00032690001535229385,True,,1,0.1,0.09000000000000001,False,,0.0005916999944020063,
3235,RADIATION,RADIATION,523100.920497467,5696404.290406497,1,36,20.0,77963.11826711374,0.24539820950293129,ground_equivalent_excess_gamma_dose_rate,uSv/h,50.0,1.0,5680,0.00032759999157860875,True,,1,0.1,0.09000000000000001,False,,0.0005683999916072935,
3236,RADIATION,RADIATION,523080.920497467,5696404.290406497,1,35,20.0,77983.11826711374,0.2577256971122066,ground_equivalent_excess_gamma_dose_rate,uSv/h,50.0,1.0,5680,0.00030029998742975295,True,,1,0.1,0.09000000000000001,False,,0.00041900001815520227,
3237,RADIATION,RADIATION,523060.920497467,5696404.290406497,1,34,20.0,78003.11826711374,0.2711430256689302,ground_equivalent_excess_gamma_dose_rate,uSv/h,50.0,1.0,5680,0.0003130999975837767,True,,1,0.1,0.09000000000000001,False,,0.00045190000673756003,
3238,RADIATION,RADIATION,523040.920497467,5696384.290406497,0,33,28.284271247461902,78031.4025383612,0.26987746884294417,ground_equivalent_excess_gamma_dose_rate,uSv/h,50.0,1.0,4095,0.00026980001712217927,True,,1,0.1,0.09000000000000001,False,,0.0004974999756086618,
3239,RADIATION,RADIATION,523020.920497467,5696404.290406497,1,32,28.284271247461902,78059.68680960867,0.3019393485379059,ground_equivalent_excess_gamma_dose_rate,uSv/h,50.0,1.0,5680,0.00030509999487549067,True,,1,0.1,0.09000000000000001,False,,0.00037090000114403665,
3240,RADIATION,RADIATION,523000.920497467,5696404.290406497,1,31,20.0,78079.68680960867,0.31971857870763604,ground_equivalent_excess_gamma_dose_rate,uSv/h,50.0,1.0,5680,0.000308599992422387,True,,1,0.1,0.09000000000000001,False,,0.0005524999869521707,
3241,RADIATION,RADIATION,522980.9204974669,5696404.290406497,1,30,20.000000000058208,78099.68680960873,0.3393818970271146,ground_equivalent_excess_gamma_dose_rate,uSv/h,50.0,1.0,5680,0.0003171999996993691,True,,1,0.1,0.09000000000000001,False,,0.0005478000093717128,
3242,RADIATION,RADIATION,522980.9204974669,5696424.290406497,2,30,20.0,78119.68680960873,0.36291465261163963,ground_equivalent_excess_gamma_dose_rate,uSv/h,50.0,1.0,6360,0.0003463999892119318,True,,1,0.1,0.09000000000000001,False,,0.0005575999966822565,
3243,RADIATION,RADIATION,523000.920497467,5696424.290406497,2,31,20.000000000058208,78139.68680960879,0.3405232456907063,ground_equivalent_excess_gamma_dose_rate,uSv/h,50.0,1.0,6360,0.0003316999936942011,True,,1,0.1,0.09000000000000001,False,,0.000586000009207055,
3244,RADIATION,RADIATION,523000.920497467,5696404.290406497,1,31,20.0,78159.68680960879,0.31971857870763604,ground_equivalent_excess_gamma_dose_rate,uSv/h,50.0,1.0,5680,0.00033049998455680907,True,,1,0.1,0.09000000000000001,False,,0.0005679999885614961,
3245,RADIATION,RADIATION,522980.9204974669,5696404.290406497,1,30,20.000000000058208,78179.68680960884,0.3393818970271146,ground_equivalent_excess_gamma_dose_rate,uSv/h,50.0,1.0,5680,0.0003042000171262771,True,,1,0.1,0.09000000000000001,False,,0.0005681000184267759,
3246,RADIATION,RADIATION,523000.920497467,5696384.290406497,0,31,28.28427124750306,78207.97108085635,0.3000247064939538,ground_equivalent_excess_gamma_dose_rate,uSv/h,50.0,1.0,4095,0.00026110000908374786,True,,1,0.1,0.09000000000000001,False,,0.0005525999877136201,
3247,RADIATION,RADIATION,523020.920497467,5696404.290406497,1,32,28.284271247461902,78236.25535210382,0.3019393485379059,ground_equivalent_excess_gamma_dose_rate,uSv/h,50.0,1.0,5680,0.0002964999875985086,True,,1,0.1,0.09000000000000001,False,,0.0003920000162906945,
3248,RADIATION,RADIATION,523040.920497467,5696384.290406497,0,33,28.284271247461902,78264.53962335129,0.26987746884294417,ground_equivalent_excess_gamma_dose_rate,uSv/h,50.0,1.0,4095,0.0002502000133972615,True,,1,0.1,0.09000000000000001,False,,0.000555399979930371,
3249,RADIATION,RADIATION,523020.920497467,5696384.290406497,0,32,20.0,78284.53962335129,0.2842900981059687,ground_equivalent_excess_gamma_dose_rate,uSv/h,50.0,1.0,4095,0.0002505000156816095,True,,1,0.1,0.09000000000000001,False,,0.00039030000334605575,
3250,RADIATION,RADIATION,523020.920497467,5696404.290406497,1,32,20.0,78304.53962335129,0.3019393485379059,ground_equivalent_excess_gamma_dose_rate,uSv/h,50.0,1.0,5680,0.0002921000123023987,True,,1,0.1,0.09000000000000001,False,,0.0003761000116355717,
3251,RADIATION,RADIATION,523000.920497467,5696404.290406497,1,31,20.0,78324.53962335129,0.31971857870763604,ground_equivalent_excess_gamma_dose_rate,uSv/h,50.0,1.0,5680,0.00030010001501068473,True,,1,0.1,0.09000000000000001,False,,0.0005818999779876322,
3252,RADIATION,RADIATION,522980.9204974669,5696384.290406497,0,30,28.28427124750306,78352.8238945988,0.31722602359189284,ground_equivalent_excess_gamma_dose_rate,uSv/h,50.0,1.0,4095,0.0002505999873392284,True,,1,0.1,0.09000000000000001,False,,0.0005456999933812767,
3253,RADIATION,RADIATION,522980.9204974669,5696404.290406497,1,30,20.0,78372.8238945988,0.3393818970271146,ground_equivalent_excess_gamma_dose_rate,uSv/h,50.0,1.0,5680,0.000295300007564947,True,,1,0.1,0.09000000000000001,False,,0.00038800001493655145,
3254,RADIATION,RADIATION,522980.9204974669,5696384.290406497,0,30,20.0,78392.8238945988,0.31722602359189284,ground_equivalent_excess_gamma_dose_rate,uSv/h,50.0,1.0,4095,0.0002494000073056668,True,,1,0.1,0.09000000000000001,False,,0.0005491999909281731,
3255,RADIATION,RADIATION,523000.920497467,5696404.290406497,1,31,28.28427124750306,78421.10816584631,0.31971857870763604,ground_equivalent_excess_gamma_dose_rate,uSv/h,50.0,1.0,5680,0.000299000006634742,True,,1,0.1,0.09000000000000001,False,,0.0003918000147677958,
3256,RADIATION,RADIATION,523000.920497467,5696424.290406497,2,31,20.0,78441.10816584631,0.3405232456907063,ground_equivalent_excess_gamma_dose_rate,uSv/h,50.0,1.0,6360,0.00033909999183379114,True,,1,0.1,0.09000000000000001,False,,0.0005601000157184899,
3257,RADIATION,RADIATION,523020.920497467,5696404.290406497,1,32,28.284271247461902,78469.39243709377,0.3019393485379059,ground_equivalent_excess_gamma_dose_rate,uSv/h,50.0,1.0,5680,0.00029620001441799104,True,,1,0.1,0.09000000000000001,False,,0.0005939999828115106,
3258,RADIATION,RADIATION,523040.920497467,5696404.290406497,1,33,20.0,78489.39243709377,0.28581765406220044,ground_equivalent_excess_gamma_dose_rate,uSv/h,50.0,1.0,5680,0.00029570001061074436,True,,1,0.1,0.09000000000000001,False,,0.0005522999854292721,
3259,RADIATION,RADIATION,523060.920497467,5696404.290406497,1,34,20.0,78509.39243709377,0.2711430256689302,ground_equivalent_excess_gamma_dose_rate,uSv/h,50.0,1.0,5680,0.0003006000188179314,True,,1,0.1,0.09000000000000001,False,,0.0005543000006582588,
3260,RADIATION,RADIATION,523040.920497467,5696424.290406497,2,33,28.284271247461902,78537.67670834124,0.30256178386684657,ground_equivalent_excess_gamma_dose_rate,uSv/h,50.0,1.0,6360,0.00034680002136155963,True,,1,0.1,0.09000000000000001,False,,0.0005031999899074435,
3261,RADIATION,RADIATION,523020.920497467,5696404.290406497,1,32,28.284271247461902,78565.96097958871,0.3019393485379059,ground_equivalent_excess_gamma_dose_rate,uSv/h,50.0,1.0,5680,0.00029460000223480165,True,,1,0.1,0.09000000000000001,False,,0.0005682999908458441,
3262,RADIATION,RADIATION,523040.920497467,5696384.290406497,0,33,28.284271247461902,78594.24525083617,0.26987746884294417,ground_equivalent_excess_gamma_dose_rate,uSv/h,50.0,1.0,4095,0.0002565999748185277,True,,1,0.1,0.09000000000000001,False,,0.0005539999983739108,
3263,RADIATION,RADIATION,523020.920497467,5696384.290406497,0,32,20.0,78614.24525083617,0.2842900981059687,ground_equivalent_excess_gamma_dose_rate,uSv/h,50.0,1.0,4095,0.0002567000046838075,True,,1,0.1,0.09000000000000001,False,,0.0003853000234812498,
3264,RADIATION,RADIATION,523020.920497467,5696404.290406497,1,32,20.0,78634.24525083617,0.3019393485379059,ground_equivalent_excess_gamma_dose_rate,uSv/h,50.0,1.0,5680,0.0003099000023212284,True,,1,0.1,0.09000000000000001,False,,0.0003782999992836267,
3265,RADIATION,RADIATION,523000.920497467,5696384.290406497,0,31,28.284271247461902,78662.52952208364,0.3000247064939538,ground_equivalent_excess_gamma_dose_rate,uSv/h,50.0,1.0,4095,0.0002564000023994595,True,,1,0.1,0.09000000000000001,False,,0.0006400000129360706,
3266,RADIATION,RADIATION,522980.9204974669,5696404.290406497,1,30,28.28427124750306,78690.81379333115,0.3393818970271146,ground_equivalent_excess_gamma_dose_rate,uSv/h,50.0,1.0,5680,0.0003071999817620963,True,,1,0.1,0.09000000000000001,False,,0.0003876000118907541,
3267,RADIATION,RADIATION,522960.9204974669,5696424.290406497,2,29,28.284271247461902,78719.09806457862,0.3880605827042029,ground_equivalent_excess_gamma_dose_rate,uSv/h,50.0,1.0,6360,0.00034050000249408185,True,,1,0.1,0.09000000000000001,False,,0.0005535999953281134,
3268,RADIATION,RADIATION,522980.9204974669,5696444.290406497,3,30,28.284271247461902,78747.38233582609,0.3877078017455498,ground_equivalent_excess_gamma_dose_rate,uSv/h,50.0,1.0,6360,0.00033459998667240143,True,,1,0.1,0.09000000000000001,False,,0.0007055999885778874,
3269,RADIATION,RADIATION,523000.920497467,5696424.290406497,2,31,28.28427124750306,78775.6666070736,0.3405232456907063,ground_equivalent_excess_gamma_dose_rate,uSv/h,50.0,1.0,6360,0.0003281000244896859,True,,1,0.1,0.09000000000000001,False,,0.0005868000152986497,
3270,RADIATION,RADIATION,522980.9204974669,5696404.290406497,1,30,28.28427124750306,78803.9508783211,0.3393818970271146,ground_equivalent_excess_gamma_dose_rate,uSv/h,50.0,1.0,5680,0.00030499999411404133,True,,1,0.1,0.09000000000000001,False,,0.0005748999828938395,
3271,RADIATION,RADIATION,522960.9204974669,5696424.290406497,2,29,28.284271247461902,78832.23514956857,0.3880605827042029,ground_equivalent_excess_gamma_dose_rate,uSv/h,50.0,1.0,6360,0.0003426999901421368,True,,1,0.1,0.09000000000000001,False,,0.0005506000015884638,
3272,RADIATION,RADIATION,522940.9204974669,5696404.290406497,1,28,28.284271247461902,78860.51942081604,0.38528378772417987,ground_equivalent_excess_gamma_dose_rate,uSv/h,50.0,1.0,5680,0.000307999987853691,True,,1,0.1,0.09000000000000001,False,,0.0005707000091206282,
3273,RADIATION,RADIATION,522920.9204974669,5696384.290406497,0,27,28.284271247461902,78888.8036920635,0.37884602542858964,ground_equivalent_excess_gamma_dose_rate,uSv/h,50.0,1.0,4095,0.00027409999165683985,True,,1,0.1,0.09000000000000001,False,,0.0005518000107258558,
3274,RADIATION,RADIATION,522940.9204974669,5696404.290406497,1,28,28.284271247461902,78917.08796331097,0.38528378772417987,ground_equivalent_excess_gamma_dose_rate,uSv/h,50.0,1.0,5680,0.0002972999936901033,True,,1,0.1,0.09000000000000001,False,,0.0003769999893847853,
3275,RADIATION,RADIATION,522940.9204974669,5696424.290406497,2,28,20.0,78937.08796331097,0.41634908978941326,ground_equivalent_excess_gamma_dose_rate,uSv/h,50.0,1.0,6360,0.0003370000049471855,True,,1,0.1,0.09000000000000001,False,,0.0005529000191017985,
3276,RADIATION,RADIATION,522920.9204974669,5696444.290406497,3,27,28.284271247461902,78965.37223455844,0.4874773992733072,ground_equivalent_excess_gamma_dose_rate,uSv/h,50.0,1.0,6360,0.0003396000247448683,True,,1,0.1,0.09000000000000001,False,,0.0005776000034529716,
3277,RADIATION,RADIATION,522920.9204974669,5696464.290406497,4,27,20.0,78985.37223455844,0.5296114495787361,ground_equivalent_excess_gamma_dose_rate,uSv/h,50.0,1.0,6360,0.00033260000054724514,True,,1,0.1,0.09000000000000001,False,,0.0006018000131007284,
3278,RADIATION,RADIATION,522900.9204974669,5696444.290406497,3,26,28.284271247461902,79013.6565058059,0.530826707867049,ground_equivalent_excess_gamma_dose_rate,uSv/h,50.0,1.0,6360,0.0003420999855734408,True,,1,0.1,0.09000000000000001,False,,0.0005814000032842159,
3279,RADIATION,RADIATION,522880.9204974669,5696424.290406497,2,25,28.284271247461902,79041.94077705337,0.523505305925686,ground_equivalent_excess_gamma_dose_rate,uSv/h,50.0,1.0,6360,0.0003352999920025468,True,,1,0.1,0.09000000000000001,False,,0.0005922999989707023,
3280,RADIATION,RADIATION,522900.9204974669,5696404.290406497,1,26,28.284271247461902,79070.22504830084,0.4412128342307639,ground_equivalent_excess_gamma_dose_rate,uSv/h,50.0,1.0,5680,0.000315699988277629,True,,1,0.1,0.09000000000000001,False,,0.0005723999929614365,
3281,RADIATION,RADIATION,522880.9204974669,5696384.290406497,0,25,28.284271247461902,79098.5093195483,0.4285859212277195,ground_equivalent_excess_gamma_dose_rate,uSv/h,50.0,1.0,4095,0.0002632999967318028,True,,1,0.1,0.09000000000000001,False,,0.0005492999916896224,
3282,RADIATION,RADIATION,522900.9204974669,5696404.290406497,1,26,28.284271247461902,79126.79359079577,0.4412128342307639,ground_equivalent_excess_gamma_dose_rate,uSv/h,50.0,1.0,5680,0.00031599999056197703,True,,1,0.1,0.09000000000000001,False,,0.00032479999936185777,
3283,RADIATION,RADIATION,522880.9204974669,5696384.290406497,0,25,28.284271247461902,79155.07786204324,0.4285859212277195,ground_equivalent_excess_gamma_dose_rate,uSv/h,50.0,1.0,4095,0.00027200000477023423,True,,1,0.1,0.09000000000000001,False,,0.0005724999937228858,
3284,RADIATION,RADIATION,522880.9204974669,5696404.290406497,1,25,20.0,79175.07786204324,0.47309423355424624,ground_equivalent_excess_gamma_dose_rate,uSv/h,50.0,1.0,5680,0.0003129999968223274,True,,1,0.1,0.09000000000000001,False,,0.0003355999942868948,
3285,RADIATION,RADIATION,522880.9204974669,5696424.290406497,2,25,20.0,79195.07786204324,0.523505305925686,ground_equivalent_excess_gamma_dose_rate,uSv/h,50.0,1.0,6360,0.00034260001848451793,True,,1,0.1,0.09000000000000001,False,,0.0005074999935459346,
3286,RADIATION,RADIATION,522860.9204974669,5696444.290406497,3,24,28.284271247461902,79223.3621332907,0.6361457654351128,ground_equivalent_excess_gamma_dose_rate,uSv/h,50.0,1.0,6360,0.0003454999823588878,True,,1,0.1,0.09000000000000001,False,,0.0005723999929614365,
3287,RADIATION,RADIATION,522860.9204974669,5696424.290406497,2,24,20.0,79243.3621332907,0.5671565604997217,ground_equivalent_excess_gamma_dose_rate,uSv/h,50.0,1.0,6360,0.00032750001992098987,True,,1,0.1,0.09000000000000001,False,,0.0005839999939780682,
3288,RADIATION,RADIATION,522840.9204974669,5696424.290406497,2,23,20.0,79263.3621332907,0.6142758809816995,ground_equivalent_excess_gamma_dose_rate,uSv/h,50.0,1.0,6360,0.00033549999352544546,True,,1,0.1,0.09000000000000001,False,,0.0005849000008311123,
3289,RADIATION,RADIATION,522860.9204974669,5696424.290406497,2,24,20.0,79283.3621332907,0.5671565604997217,ground_equivalent_excess_gamma_dose_rate,uSv/h,50.0,1.0,6360,0.00032190000638365746,True,,1,0.1,0.09000000000000001,False,,0.0005683999916072935,
3290,RADIATION,RADIATION,522860.9204974669,5696444.290406497,3,24,20.0,79303.3621332907,0.6361457654351128,ground_equivalent_excess_gamma_dose_rate,uSv/h,50.0,1.0,6360,0.00032640001154504716,True,,1,0.1,0.09000000000000001,False,,0.0005700999754481018,
3291,RADIATION,RADIATION,522840.9204974669,5696444.290406497,3,23,20.0,79323.3621332907,0.6983085550196788,ground_equivalent_excess_gamma_dose_rate,uSv/h,50.0,1.0,6360,0.00033969999640248716,True,,1,0.1,0.09000000000000001,False,,0.0005797999911010265,
3292,RADIATION,RADIATION,522860.9204974669,5696424.290406497,2,24,28.284271247461902,79351.64640453817,0.5671565604997217,ground_equivalent_excess_gamma_dose_rate,uSv/h,50.0,1.0,6360,0.00033229999826289713,True,,1,0.1,0.09000000000000001,False,,0.0006051000091247261,
3293,RADIATION,RADIATION,522860.9204974669,5696444.290406497,3,24,20.0,79371.64640453817,0.6361457654351128,ground_equivalent_excess_gamma_dose_rate,uSv/h,50.0,1.0,6360,0.0003271999885328114,True,,1,0.1,0.09000000000000001,False,,0.0005862000107299536,
3294,RADIATION,RADIATION,522880.9204974669,5696464.290406497,4,25,28.284271247461902,79399.93067578564,0.6435212465203928,ground_equivalent_excess_gamma_dose_rate,uSv/h,50.0,1.0,6360,0.00032259998260997236,True,,1,0.1,0.09000000000000001,False,,0.0005815000040456653,
3295,RADIATION,RADIATION,522860.9204974669,5696464.290406497,4,24,20.0,79419.93067578564,0.7151108151593524,ground_equivalent_excess_gamma_dose_rate,uSv/h,50.0,1.0,6360,0.00035459999344311655,True,,1,0.1,0.09000000000000001,False,,0.000597700010985136,
3296,RADIATION,RADIATION,522840.9204974669,5696444.290406497,3,23,28.284271247461902,79448.2149470331,0.6983085550196788,ground_equivalent_excess_gamma_dose_rate,uSv/h,50.0,1.0,6360,0.0003533000126481056,True,,1,0.1,0.09000000000000001,False,,0.0005983999872114509,
3297,RADIATION,RADIATION,522860.9204974669,5696444.290406497,3,24,20.0,79468.2149470331,0.6361457654351128,ground_equivalent_excess_gamma_dose_rate,uSv/h,50.0,1.0,6360,0.0003239000216126442,True,,1,0.1,0.09000000000000001,False,,0.0005912999913562089,
3298,RADIATION,RADIATION,522880.9204974669,5696464.290406497,4,25,28.284271247461902,79496.49921828057,0.6435212465203928,ground_equivalent_excess_gamma_dose_rate,uSv/h,50.0,1.0,6360,0.00032479999936185777,True,,1,0.1,0.09000000000000001,False,,0.0005825000116601586,
3299,RADIATION,RADIATION,522900.9204974669,5696484.290406497,5,26,28.284271247461902,79524.78348952804,0.6369776899062334,ground_equivalent_excess_gamma_dose_rate,uSv/h,50.0,1.0,6360,0.0003323000273667276,True,,1,0.1,0.09000000000000001,False,,0.0005878999945707619,
3300,RADIATION,RADIATION,522880.9204974669,5696484.290406497,5,25,20.0,79544.78348952804,0.7128530127763009,ground_equivalent_excess_gamma_dose_rate,uSv/h,50.0,1.0,6360,0.00032649998320266604,True,,1,0.1,0.09000000000000001,False,,0.000599899998633191,
3301,RADIATION,RADIATION,522880.9204974669,5696464.290406497,4,25,20.0,79564.78348952804,0.6435212465203928,ground_equivalent_excess_gamma_dose_rate,uSv/h,50.0,1.0,6360,0.0003288000007160008,True,,1,0.1,0.09000000000000001,False,,0.0005880999960936606,
3302,RADIATION,RADIATION,522900.9204974669,5696464.290406497,4,26,20.0,79584.78348952804,0.5820781410844478,ground_equivalent_excess_gamma_dose_rate,uSv/h,50.0,1.0,6360,0.00032550000469200313,True,,1,0.1,0.09000000000000001,False,,0.0005892000044696033,
3303,RADIATION,RADIATION,522900.9204974669,5696484.290406497,5,26,20.0,79604.78348952804,0.6369776899062334,ground_equivalent_excess_gamma_dose_rate,uSv/h,50.0,1.0,6360,0.00032969997846521437,True,,1,0.1,0.09000000000000001,False,,0.0005914999928791076,
3304,RADIATION,RADIATION,522920.9204974669,5696504.290406497,6,27,28.284271247461902,79633.0677607755,0.6196584041823876,ground_equivalent_excess_gamma_dose_rate,uSv/h,50.0,1.0,6360,0.0003328000020701438,True,,1,0.1,0.09000000000000001,False,,0.0005857999785803258,
3305,RADIATION,RADIATION,522900.9204974669,5696484.290406497,5,26,28.284271247461902,79661.35203202297,0.6369776899062334,ground_equivalent_excess_gamma_dose_rate,uSv/h,50.0,1.0,6360,0.0003263999824412167,True,,1,0.1,0.09000000000000001,False,,0.0005963000003248453,
3306,RADIATION,RADIATION,522920.9204974669,5696464.290406497,4,27,28.284271247461902,79689.63630327044,0.5296114495787361,ground_equivalent_excess_gamma_dose_rate,uSv/h,50.0,1.0,6360,0.00032699998700991273,True,,1,0.1,0.09000000000000001,False,,0.0005803000240121037,
3307,RADIATION,RADIATION,522900.9204974669,5696464.290406497,4,26,20.0,79709.63630327044,0.5820781410844478,ground_equivalent_excess_gamma_dose_rate,uSv/h,50.0,1.0,6360,0.00032300001475960016,True,,1,0.1,0.09000000000000001,False,,0.0005834999901708215,
3308,RADIATION,RADIATION,522880.9204974669,5696444.290406497,3,25,28.284271247461902,79737.9205745179,0.5802667627557299,ground_equivalent_excess_gamma_dose_rate,uSv/h,50.0,1.0,6360,0.0003423999878577888,True,,1,0.1,0.09000000000000001,False,,0.0005776000034529716,
3309,RADIATION,RADIATION,522900.9204974669,5696464.290406497,4,26,28.284271247461902,79766.20484576537,0.5820781410844478,ground_equivalent_excess_gamma_dose_rate,uSv/h,50.0,1.0,6360,0.0003895999980159104,True,,1,0.1,0.09000000000000001,False,,0.0005873999907635152,
3310,RADIATION,RADIATION,522880.9204974669,5696444.290406497,3,25,28.284271247461902,79794.48911701284,0.5802667627557299,ground_equivalent_excess_gamma_dose_rate,uSv/h,50.0,1.0,6360,0.00036460001138038933,True,,1,0.1,0.09000000000000001,False,,0.0006923999753780663,
3311,RADIATION,RADIATION,522860.9204974669,5696464.290406497,4,24,28.284271247461902,79822.7733882603,0.7151108151593524,ground_equivalent_excess_gamma_dose_rate,uSv/h,50.0,1.0,6360,0.0003561000048648566,True,,1,0.1,0.09000000000000001,False,,0.0006257999921217561,
3312,RADIATION,RADIATION,522880.9204974669,5696484.290406497,5,25,28.284271247461902,79851.05765950777,0.7128530127763009,ground_equivalent_excess_gamma_dose_rate,uSv/h,50.0,1.0,6360,0.0003381999849807471,True,,1,0.1,0.09000000000000001,False,,0.0006013000092934817,
3313,RADIATION,RADIATION,522860.9204974669,5696504.290406497,6,24,28.284271247461902,79879.34193075524,0.9025507009736873,ground_equivalent_excess_gamma_dose_rate,uSv/h,50.0,1.0,6360,0.00034219998633489013,True,,1,0.1,0.09000000000000001,False,,0.0006136999872978777,
3314,RADIATION,RADIATION,522860.9204974669,5696524.290406497,7,24,20.0,79899.34193075524,1.0069572588904947,ground_equivalent_excess_gamma_dose_rate,uSv/h,50.0,1.0,6360,0.0003381000133231282,True,,1,0.1,0.09000000000000001,False,,0.000588800001423806,
3315,RADIATION,RADIATION,522880.9204974669,5696504.290406497,6,25,28.284271247461902,79927.6262020027,0.7869538049062046,ground_equivalent_excess_gamma_dose_rate,uSv/h,50.0,1.0,6360,0.00033729997812770307,True,,1,0.1,0.09000000000000001,False,,0.0006024999893270433,
3316,RADIATION,RADIATION,522880.9204974669,5696524.290406497,7,25,20.0,79947.6262020027,0.8632656246618859,ground_equivalent_excess_gamma_dose_rate,uSv/h,50.0,1.0,6360,0.0003555000002961606,True,,1,0.1,0.09000000000000001,False,,0.0005895000067539513,
3317,RADIATION,RADIATION,522860.9204974669,5696524.290406497,7,24,20.0,79967.6262020027,1.0069572588904947,ground_equivalent_excess_gamma_dose_rate,uSv/h,50.0,1.0,6360,0.0003310000174678862,True,,1,0.1,0.09000000000000001,False,,0.0005944999866187572,
3318,RADIATION,RADIATION,522840.9204974669,5696504.290406497,6,23,28.284271247461902,79995.91047325017,1.0470926247646222,ground_equivalent_excess_gamma_dose_rate,uSv/h,50.0,1.0,6360,0.00033710000570863485,True,,1,0.1,0.09000000000000001,False,,0.0005900999822188169,
3319,RADIATION,RADIATION,522860.9204974669,5696484.290406497,5,24,28.284271247461902,80024.19474449764,0.8042526782824468,ground_equivalent_excess_gamma_dose_rate,uSv/h,50.0,1.0,6360,0.0003276999923400581,True,,1,0.1,0.09000000000000001,False,,0.0005862000107299536,
3320,RADIATION,RADIATION,522880.9204974669,5696464.290406497,4,25,28.284271247461902,80052.4790157451,0.6435212465203928,ground_equivalent_excess_gamma_dose_rate,uSv/h,50.0,1.0,6360,0.00034020000020973384,True,,1,0.1,0.09000000000000001,False,,0.0006044999754521996,
3321,RADIATION,RADIATION,522900.9204974669,5696464.290406497,4,26,20.0,80072.4790157451,0.5820781410844478,ground_equivalent_excess_gamma_dose_rate,uSv/h,50.0,1.0,6360,0.00033939999411813915,True,,1,0.1,0.09000000000000001,False,,0.0005905000143684447,
3322,RADIATION,RADIATION,522920.9204974669,5696444.290406497,3,27,28.284271247461902,80100.76328699257,0.4874773992733072,ground_equivalent_excess_gamma_dose_rate,uSv/h,50.0,1.0,6360,0.0003415000101085752,True,,1,0.1,0.09000000000000001,False,,0.0005950000195298344,
3323,RADIATION,RADIATION,522900.9204974669,5696444.290406497,3,26,20.0,80120.76328699257,0.530826707867049,ground_equivalent_excess_gamma_dose_rate,uSv/h,50.0,1.0,6360,0.0003419000131543726,True,,1,0.1,0.09000000000000001,False,,0.000598999991780147,
3324,RADIATION,RADIATION,522880.9204974669,5696444.290406497,3,25,20.0,80140.76328699257,0.5802667627557299,ground_equivalent_excess_gamma_dose_rate,uSv/h,50.0,1.0,6360,0.00034810000215657055,True,,1,0.1,0.09000000000000001,False,,0.0007063000230118632,
3325,RADIATION,RADIATION,522900.9204974669,5696424.290406497,2,26,28.284271247461902,80169.04755824004,0.48381648347346146,ground_equivalent_excess_gamma_dose_rate,uSv/h,50.0,1.0,6360,0.0003319999959785491,True,,1,0.1,0.09000000000000001,False,,0.0005991000216454268,
3326,RADIATION,RADIATION,522880.9204974669,5696444.290406497,3,25,28.284271247461902,80197.3318294875,0.5802667627557299,ground_equivalent_excess_gamma_dose_rate,uSv/h,50.0,1.0,6360,0.00034329999471083283,True,,1,0.1,0.09000000000000001,False,,0.0005753999867010862,
3327,RADIATION,RADIATION,522900.9204974669,5696424.290406497,2,26,28.284271247461902,80225.61610073497,0.48381648347346146,ground_equivalent_excess_gamma_dose_rate,uSv/h,50.0,1.0,6360,0.00032229998032562435,True,,1,0.1,0.09000000000000001,False,,0.0005815000040456653,
3328,RADIATION,RADIATION,522900.9204974669,5696444.290406497,3,26,20.0,80245.61610073497,0.530826707867049,ground_equivalent_excess_gamma_dose_rate,uSv/h,50.0,1.0,6360,0.0003245999978389591,True,,1,0.1,0.09000000000000001,False,,0.0005698000022675842,
3329,RADIATION,RADIATION,522920.9204974669,5696424.290406497,2,27,28.284271247461902,80273.90037198244,0.448160030441725,ground_equivalent_excess_gamma_dose_rate,uSv/h,50.0,1.0,6360,0.00032729998929426074,True,,1,0.1,0.09000000000000001,False,,0.0006943000189494342,
3330,RADIATION,RADIATION,522920.9204974669,5696444.290406497,3,27,20.0,80293.90037198244,0.4874773992733072,ground_equivalent_excess_gamma_dose_rate,uSv/h,50.0,1.0,6360,0.00032809999538585544,True,,1,0.1,0.09000000000000001,False,,0.0005865000130143017,
3331,RADIATION,RADIATION,522940.9204974669,5696424.290406497,2,28,28.284271247461902,80322.1846432299,0.41634908978941326,ground_equivalent_excess_gamma_dose_rate,uSv/h,50.0,1.0,6360,0.0003378999826963991,True,,1,0.1,0.09000000000000001,False,,0.0005803999956697226,
3332,RADIATION,RADIATION,522920.9204974669,5696404.290406497,1,27,28.284271247461902,80350.46891447737,0.41193162640152664,ground_equivalent_excess_gamma_dose_rate,uSv/h,50.0,1.0,5680,0.0003132999991066754,True,,1,0.1,0.09000000000000001,False,,0.0005710000114049762,
3333,RADIATION,RADIATION,522920.9204974669,5696384.290406497,0,27,20.0,80370.46891447737,0.37884602542858964,ground_equivalent_excess_gamma_dose_rate,uSv/h,50.0,1.0,4095,0.0002796000044327229,True,,1,0.1,0.09000000000000001,False,,0.0005440000095404685,
3334,RADIATION,RADIATION,522940.9204974669,5696404.290406497,1,28,28.284271247461902,80398.75318572484,0.38528378772417987,ground_equivalent_excess_gamma_dose_rate,uSv/h,50.0,1.0,5680,0.00029930000891909003,True,,1,0.1,0.09000000000000001,False,,0.00038180002593435347,
3335,RADIATION,RADIATION,522940.9204974669,5696424.290406497,2,28,20.0,80418.75318572484,0.41634908978941326,ground_equivalent_excess_gamma_dose_rate,uSv/h,50.0,1.0,6360,0.00034600001526996493,True,,1,0.1,0.09000000000000001,False,,0.0005480999825522304,
3336,RADIATION,RADIATION,522940.9204974669,5696404.290406497,1,28,20.0,80438.75318572484,0.38528378772417987,ground_equivalent_excess_gamma_dose_rate,uSv/h,50.0,1.0,5680,0.00029779999749735,True,,1,0.1,0.09000000000000001,False,,0.00056900002527982,
3337,RADIATION,RADIATION,522960.9204974669,5696404.290406497,1,29,20.0,80458.75318572484,0.361162545173123,ground_equivalent_excess_gamma_dose_rate,uSv/h,50.0,1.0,5680,0.00029460000223480165,True,,1,0.1,0.09000000000000001,False,,0.0005575999966822565,
3338,RADIATION,RADIATION,522980.9204974669,5696404.290406497,1,30,20.0,80478.75318572484,0.3393818970271146,ground_equivalent_excess_gamma_dose_rate,uSv/h,50.0,1.0,5680,0.00029429999995045364,True,,1,0.1,0.09000000000000001,False,,0.0005491000192705542,
3339,RADIATION,RADIATION,522980.9204974669,5696384.290406497,0,30,20.0,80498.75318572484,0.31722602359189284,ground_equivalent_excess_gamma_dose_rate,uSv/h,50.0,1.0,4095,0.0002601000014692545,True,,1,0.1,0.09000000000000001,False,,0.0005571999936364591,
3340,RADIATION,RADIATION,522960.9204974669,5696404.290406497,1,29,28.284271247461902,80527.0374569723,0.361162545173123,ground_equivalent_excess_gamma_dose_rate,uSv/h,50.0,1.0,5680,0.00029409999842755497,True,,1,0.1,0.09000000000000001,False,,0.0003764999855775386,
3341,RADIATION,RADIATION,522940.9204974669,5696424.290406497,2,28,28.284271247461902,80555.32172821977,0.41634908978941326,ground_equivalent_excess_gamma_dose_rate,uSv/h,50.0,1.0,6360,0.00034729999606497586,True,,1,0.1,0.09000000000000001,False,,0.0005768999981228262,
3342,RADIATION,RADIATION,522960.9204974669,5696444.290406497,3,29,28.284271247461902,80583.60599946724,0.4165932824948037,ground_equivalent_excess_gamma_dose_rate,uSv/h,50.0,1.0,6360,0.00033420001273043454,True,,1,0.1,0.09000000000000001,False,,0.0005918999959249049,
3343,RADIATION,RADIATION,522960.9204974669,5696464.290406497,4,29,20.0,80603.60599946724,0.44651929836739596,ground_equivalent_excess_gamma_dose_rate,uSv/h,50.0,1.0,6360,0.00032909997389651835,True,,1,0.1,0.09000000000000001,False,,0.0005860999808646739,
3344,RADIATION,RADIATION,522940.9204974669,5696444.290406497,3,28,28.284271247461902,80631.8902707147,0.4496256148129893,ground_equivalent_excess_gamma_dose_rate,uSv/h,50.0,1.0,6360,0.0003369000041857362,True,,1,0.1,0.09000000000000001,False,,0.0005804999964311719,
3345,RADIATION,RADIATION,522940.9204974669,5696424.290406497,2,28,20.0,80651.8902707147,0.41634908978941326,ground_equivalent_excess_gamma_dose_rate,uSv/h,50.0,1.0,6360,0.0003239999932702631,True,,1,0.1,0.09000000000000001,False,,0.0005815000040456653,
3346,RADIATION,RADIATION,522920.9204974669,5696424.290406497,2,27,20.0,80671.8902707147,0.448160030441725,ground_equivalent_excess_gamma_dose_rate,uSv/h,50.0,1.0,6360,0.00033149999217130244,True,,1,0.1,0.09000000000000001,False,,0.0005800000217277557,
3347,RADIATION,RADIATION,522920.9204974669,5696404.290406497,1,27,20.0,80691.8902707147,0.41193162640152664,ground_equivalent_excess_gamma_dose_rate,uSv/h,50.0,1.0,5680,0.00030519999563694,True,,1,0.1,0.09000000000000001,False,,0.0005679000169038773,
3348,RADIATION,RADIATION,522940.9204974669,5696404.290406497,1,28,20.0,80711.8902707147,0.38528378772417987,ground_equivalent_excess_gamma_dose_rate,uSv/h,50.0,1.0,5680,0.00029670001822523773,True,,1,0.1,0.09000000000000001,False,,0.0005623999750241637,
3349,RADIATION,RADIATION,522920.9204974669,5696384.290406497,0,27,28.284271247461902,80740.17454196217,0.37884602542858964,ground_equivalent_excess_gamma_dose_rate,uSv/h,50.0,1.0,4095,0.00026359999901615083,True,,1,0.1,0.09000000000000001,False,,0.0005482000124175102,
3350,RADIATION,RADIATION,522900.9204974669,5696384.290406497,0,26,20.0,80760.17454196217,0.4029049015881863,ground_equivalent_excess_gamma_dose_rate,uSv/h,50.0,1.0,4095,0.0002812000166159123,True,,1,0.1,0.09000000000000001,False,,0.0003969999961555004,
3351,RADIATION,RADIATION,522880.9204974669,5696384.290406497,0,25,20.0,80780.17454196217,0.4285859212277195,ground_equivalent_excess_gamma_dose_rate,uSv/h,50.0,1.0,4095,0.0002606000052765012,True,,1,0.1,0.09000000000000001,False,,0.0003850999928545207,
3352,RADIATION,RADIATION,522860.9204974669,5696404.290406497,1,24,28.284271247461902,80808.45881320964,0.507320914823951,ground_equivalent_excess_gamma_dose_rate,uSv/h,50.0,1.0,5680,0.00031319999834522605,True,,1,0.1,0.09000000000000001,False,,0.00032079999800771475,
3353,RADIATION,RADIATION,522860.9204974669,5696424.290406497,2,24,20.0,80828.45881320964,0.5671565604997217,ground_equivalent_excess_gamma_dose_rate,uSv/h,50.0,1.0,6360,0.00033939999411813915,True,,1,0.1,0.09000000000000001,False,,0.0004474000015761703,
3354,RADIATION,RADIATION,522860.9204974669,5696404.290406497,1,24,20.0,80848.45881320964,0.507320914823951,ground_equivalent_excess_gamma_dose_rate,uSv/h,50.0,1.0,5680,0.00031480001052841544,True,,1,0.1,0.09000000000000001,False,,0.0005853000038769096,
3355,RADIATION,RADIATION,522880.9204974669,5696424.290406497,2,25,28.284271247461902,80876.7430844571,0.523505305925686,ground_equivalent_excess_gamma_dose_rate,uSv/h,50.0,1.0,6360,0.00033310000435449183,True,,1,0.1,0.09000000000000001,False,,0.00045029999455437064,
3356,RADIATION,RADIATION,522900.9204974669,5696404.290406497,1,26,28.284271247461902,80905.02735570457,0.4412128342307639,ground_equivalent_excess_gamma_dose_rate,uSv/h,50.0,1.0,5680,0.00030690000858157873,True,,1,0.1,0.09000000000000001,False,,0.0006009000062476844,
3357,RADIATION,RADIATION,522880.9204974669,5696384.290406497,0,25,28.284271247461902,80933.31162695204,0.4285859212277195,ground_equivalent_excess_gamma_dose_rate,uSv/h,50.0,1.0,4095,0.0002609000075608492,True,,1,0.1,0.09000000000000001,False,,0.0005501999985426664,
3358,RADIATION,RADIATION,522860.9204974669,5696404.290406497,1,24,28.284271247461902,80961.5958981995,0.507320914823951,ground_equivalent_excess_gamma_dose_rate,uSv/h,50.0,1.0,5680,0.0002995000104419887,True,,1,0.1,0.09000000000000001,False,,0.00034169998252764344,
3359,RADIATION,RADIATION,522860.9204974669,5696424.290406497,2,24,20.0,80981.5958981995,0.5671565604997217,ground_equivalent_excess_gamma_dose_rate,uSv/h,50.0,1.0,6360,0.0003310000174678862,True,,1,0.1,0.09000000000000001,False,,0.0004461999924387783,
3360,RADIATION,RADIATION,522840.9204974669,5696404.290406497,1,23,28.284271247461902,81009.88016944697,0.5433163665177829,ground_equivalent_excess_gamma_dose_rate,uSv/h,50.0,1.0,5680,0.00030189999961294234,True,,1,0.1,0.09000000000000001,False,,0.0005775000026915222,
3361,RADIATION,RADIATION,522820.9204974669,5696404.290406497,1,22,20.0,81029.88016944697,0.5800782063192833,ground_equivalent_excess_gamma_dose_rate,uSv/h,50.0,1.0,5680,0.0003040000156033784,True,,1,0.1,0.09000000000000001,False,,0.00039430000470019877,
3362,RADIATION,RADIATION,522840.9204974669,5696424.290406497,2,23,28.284271247461902,81058.16444069444,0.6142758809816995,ground_equivalent_excess_gamma_dose_rate,uSv/h,50.0,1.0,6360,0.0003396000247448683,True,,1,0.1,0.09000000000000001,False,,0.0004121999954804778,
3363,RADIATION,RADIATION,522860.9204974669,5696424.290406497,2,24,20.0,81078.16444069444,0.5671565604997217,ground_equivalent_excess_gamma_dose_rate,uSv/h,50.0,1.0,6360,0.00032190000638365746,True,,1,0.1,0.09000000000000001,False,,0.0005727999960072339,
3364,RADIATION,RADIATION,522880.9204974669,5696404.290406497,1,25,28.284271247461902,81106.4487119419,0.47309423355424624,ground_equivalent_excess_gamma_dose_rate,uSv/h,50.0,1.0,5680,0.00029620001441799104,True,,1,0.1,0.09000000000000001,False,,0.0005861000099685043,
3365,RADIATION,RADIATION,522880.9204974669,5696424.290406497,2,25,20.0,81126.4487119419,0.523505305925686,ground_equivalent_excess_gamma_dose_rate,uSv/h,50.0,1.0,6360,0.0003242999955546111,True,,1,0.1,0.09000000000000001,False,,0.0004981000092811882,
3366,RADIATION,RADIATION,522880.9204974669,5696444.290406497,3,25,20.0,81146.4487119419,0.5802667627557299,ground_equivalent_excess_gamma_dose_rate,uSv/h,50.0,1.0,6360,0.0003265999839641154,True,,1,0.1,0.09000000000000001,False,,0.0005718000174965709,
3367,RADIATION,RADIATION,522900.9204974669,5696424.290406497,2,26,28.284271247461902,81174.73298318937,0.48381648347346146,ground_equivalent_excess_gamma_dose_rate,uSv/h,50.0,1.0,6360,0.0003389999910723418,True,,1,0.1,0.09000000000000001,False,,0.0005807999987155199,
3368,RADIATION,RADIATION,522920.9204974669,5696424.290406497,2,27,20.0,81194.73298318937,0.448160030441725,ground_equivalent_excess_gamma_dose_rate,uSv/h,50.0,1.0,6360,0.00032140000257641077,True,,1,0.1,0.09000000000000001,False,,0.0005768999981228262,
3369,RADIATION,RADIATION,522900.9204974669,5696404.290406497,1,26,28.284271247461902,81223.01725443684,0.4412128342307639,ground_equivalent_excess_gamma_dose_rate,uSv/h,50.0,1.0,5680,0.00030519999563694,True,,1,0.1,0.09000000000000001,False,,0.0005816000048071146,
3370,RADIATION,RADIATION,522920.9204974669,5696384.290406497,0,27,28.284271247461902,81251.3015256843,0.37884602542858964,ground_equivalent_excess_gamma_dose_rate,uSv/h,50.0,1.0,4095,0.00026870000874623656,True,,1,0.1,0.09000000000000001,False,,0.0005489999894052744,
3371,RADIATION,RADIATION,522900.9204974669,5696404.290406497,1,26,28.284271247461902,81279.58579693177,0.4412128342307639,ground_equivalent_excess_gamma_dose_rate,uSv/h,50.0,1.0,5680,0.00030899999546818435,True,,1,0.1,0.09000000000000001,False,,0.0003920000162906945,
3372,RADIATION,RADIATION,522900.9204974669,5696384.290406497,0,26,20.0,81299.58579693177,0.4029049015881863,ground_equivalent_excess_gamma_dose_rate,uSv/h,50.0,1.0,4095,0.0002609000075608492,True,,1,0.1,0.09000000000000001,False,,0.0005619000003207475,
3373,RADIATION,RADIATION,522920.9204974669,5696404.290406497,1,27,28.284271247461902,81327.87006817924,0.41193162640152664,ground_equivalent_excess_gamma_dose_rate,uSv/h,50.0,1.0,5680,0.00029839997296221554,True,,1,0.1,0.09000000000000001,False,,0.00039430000470019877,
3374,RADIATION,RADIATION,522940.9204974669,5696424.290406497,2,28,28.284271247461902,81356.1543394267,0.41634908978941326,ground_equivalent_excess_gamma_dose_rate,uSv/h,50.0,1.0,6360,0.0003355999942868948,True,,1,0.1,0.09000000000000001,False,,0.0005531999922823161,
3375,RADIATION,RADIATION,522960.9204974669,5696404.290406497,1,29,28.284271247461902,81384.43861067417,0.361162545173123,ground_equivalent_excess_gamma_dose_rate,uSv/h,50.0,1.0,5680,0.00029379999614320695,True,,1,0.1,0.09000000000000001,False,,0.000583500019274652,
3376,RADIATION,RADIATION,522940.9204974669,5696404.290406497,1,28,20.0,81404.43861067417,0.38528378772417987,ground_equivalent_excess_gamma_dose_rate,uSv/h,50.0,1.0,5680,0.00029399999766610563,True,,1,0.1,0.09000000000000001,False,,0.0005487999878823757,
3377,RADIATION,RADIATION,522940.9204974669,5696384.290406497,0,28,20.0,81424.43861067417,0.35654893834321816,ground_equivalent_excess_gamma_dose_rate,uSv/h,50.0,1.0,4095,0.00025630000163801014,True,,1,0.1,0.09000000000000001,False,,0.0005674999847542495,
3378,RADIATION,RADIATION,522920.9204974669,5696404.290406497,1,27,28.284271247461902,81452.72288192164,0.41193162640152664,ground_equivalent_excess_gamma_dose_rate,uSv/h,50.0,1.0,5680,0.00029490000451914966,True,,1,0.1,0.09000000000000001,False,,0.0003759999817702919,
3379,RADIATION,RADIATION,522900.9204974669,5696384.290406497,0,26,28.284271247461902,81481.0071531691,0.4029049015881863,ground_equivalent_excess_gamma_dose_rate,uSv/h,50.0,1.0,4095,0.0002514999941922724,True,,1,0.1,0.09000000000000001,False,,0.0005619000003207475,
3380,RADIATION,RADIATION,522920.9204974669,5696384.290406497,0,27,20.0,81501.0071531691,0.37884602542858964,ground_equivalent_excess_gamma_dose_rate,uSv/h,50.0,1.0,4095,0.0002477999951224774,True,,1,0.1,0.09000000000000001,False,,0.00037390002398751676,
3381,RADIATION,RADIATION,522900.9204974669,5696404.290406497,1,26,28.284271247461902,81529.29142441657,0.4412128342307639,ground_equivalent_excess_gamma_dose_rate,uSv/h,50.0,1.0,5680,0.00035149999894201756,True,,1,0.1,0.09000000000000001,False,,0.00039280002238228917,
3382,RADIATION,RADIATION,522920.9204974669,5696404.290406497,1,27,20.0,81549.29142441657,0.41193162640152664,ground_equivalent_excess_gamma_dose_rate,uSv/h,50.0,1.0,5680,0.00034359999699518085,True,,1,0.1,0.09000000000000001,False,,0.000749099999666214,
3383,RADIATION,RADIATION,522940.9204974669,5696404.290406497,1,28,20.0,81569.29142441657,0.38528378772417987,ground_equivalent_excess_gamma_dose_rate,uSv/h,50.0,1.0,5680,0.00031010000384412706,True,,1,0.1,0.09000000000000001,False,,0.000601400010054931,
3384,RADIATION,RADIATION,522940.9204974669,5696384.290406497,0,28,20.0,81589.29142441657,0.35654893834321816,ground_equivalent_excess_gamma_dose_rate,uSv/h,50.0,1.0,4095,0.0002696000155992806,True,,1,0.1,0.09000000000000001,False,,0.0005941000126767904,
3385,RADIATION,RADIATION,522940.9204974669,5696404.290406497,1,28,20.0,81609.29142441657,0.38528378772417987,ground_equivalent_excess_gamma_dose_rate,uSv/h,50.0,1.0,5680,0.0003020000003743917,True,,1,0.1,0.09000000000000001,False,,0.0004037999897263944,
3386,RADIATION,RADIATION,522920.9204974669,5696424.290406497,2,27,28.284271247461902,81637.57569566404,0.448160030441725,ground_equivalent_excess_gamma_dose_rate,uSv/h,50.0,1.0,6360,0.0003415999817661941,True,,1,0.1,0.09000000000000001,False,,0.0005750000127591193,
3387,RADIATION,RADIATION,522920.9204974669,5696444.290406497,3,27,20.0,81657.57569566404,0.4874773992733072,ground_equivalent_excess_gamma_dose_rate,uSv/h,50.0,1.0,6360,0.0003284999984316528,True,,1,0.1,0.09000000000000001,False,,0.0005833999894093722,
3388,RADIATION,RADIATION,522900.9204974669,5696444.290406497,3,26,20.0,81677.57569566404,0.530826707867049,ground_equivalent_excess_gamma_dose_rate,uSv/h,50.0,1.0,6360,0.0003411000070627779,True,,1,0.1,0.09000000000000001,False,,0.0006194000015966594,
3389,RADIATION,RADIATION,522920.9204974669,5696464.290406497,4,27,28.284271247461902,81705.8599669115,0.5296114495787361,ground_equivalent_excess_gamma_dose_rate,uSv/h,50.0,1.0,6360,0.0003491000097710639,True,,1,0.1,0.09000000000000001,False,,0.0005783000087831169,
3390,RADIATION,RADIATION,522900.9204974669,5696464.290406497,4,26,20.0,81725.8599669115,0.5820781410844478,ground_equivalent_excess_gamma_dose_rate,uSv/h,50.0,1.0,6360,0.0003313000197522342,True,,1,0.1,0.09000000000000001,False,,0.0005907000158913434,
3391,RADIATION,RADIATION,522900.9204974669,5696484.290406497,5,26,20.0,81745.8599669115,0.6369776899062334,ground_equivalent_excess_gamma_dose_rate,uSv/h,50.0,1.0,6360,0.0003339999821037054,True,,1,0.1,0.09000000000000001,False,,0.0005963000003248453,
3392,RADIATION,RADIATION,522900.9204974669,5696464.290406497,4,26,20.0,81765.8599669115,0.5820781410844478,ground_equivalent_excess_gamma_dose_rate,uSv/h,50.0,1.0,6360,0.00033239999902434647,True,,1,0.1,0.09000000000000001,False,,0.0005903999845031649,
3393,RADIATION,RADIATION,522900.9204974669,5696444.290406497,3,26,20.0,81785.8599669115,0.530826707867049,ground_equivalent_excess_gamma_dose_rate,uSv/h,50.0,1.0,6360,0.0003336000081617385,True,,1,0.1,0.09000000000000001,False,,0.0006087999790906906,
3394,RADIATION,RADIATION,522920.9204974669,5696444.290406497,3,27,20.0,81805.8599669115,0.4874773992733072,ground_equivalent_excess_gamma_dose_rate,uSv/h,50.0,1.0,6360,0.00034580001374706626,True,,1,0.1,0.09000000000000001,False,,0.0005808999994769692,
3395,RADIATION,RADIATION,522940.9204974669,5696444.290406497,3,28,20.0,81825.8599669115,0.4496256148129893,ground_equivalent_excess_gamma_dose_rate,uSv/h,50.0,1.0,6360,0.0003288000007160008,True,,1,0.1,0.09000000000000001,False,,0.000590900017414242,
3396,RADIATION,RADIATION,522920.9204974669,5696464.290406497,4,27,28.284271247461902,81854.14423815897,0.5296114495787361,ground_equivalent_excess_gamma_dose_rate,uSv/h,50.0,1.0,6360,0.00032800002372823656,True,,1,0.1,0.09000000000000001,False,,0.000601100007770583,
3397,RADIATION,RADIATION,522940.9204974669,5696444.290406497,3,28,28.284271247461902,81882.42850940644,0.4496256148129893,ground_equivalent_excess_gamma_dose_rate,uSv/h,50.0,1.0,6360,0.0003291000030003488,True,,1,0.1,0.09000000000000001,False,,0.0006759000243619084,
3398,RADIATION,RADIATION,522940.9204974669,5696464.290406497,4,28,20.0,81902.42850940644,0.48483437463739526,ground_equivalent_excess_gamma_dose_rate,uSv/h,50.0,1.0,6360,0.0003321999975014478,True,,1,0.1,0.09000000000000001,False,,0.0006063000182621181,
3399,RADIATION,RADIATION,522960.9204974669,5696444.290406497,3,29,28.284271247461902,81930.7127806539,0.4165932824948037,ground_equivalent_excess_gamma_dose_rate,uSv/h,50.0,1.0,6360,0.00033569999504834414,True,,1,0.1,0.09000000000000001,False,,0.0005833999894093722,
3400,RADIATION,RADIATION,522980.9204974669,5696444.290406497,3,30,20.0,81950.7127806539,0.3877078017455498,ground_equivalent_excess_gamma_dose_rate,uSv/h,50.0,1.0,6360,0.00032900000223889947,True,,1,0.1,0.09000000000000001,False,,0.0005895000067539513,
3401,RADIATION,RADIATION,523000.920497467,5696464.290406497,4,31,28.28427124750306,81978.99705190142,0.38505696738650647,ground_equivalent_excess_gamma_dose_rate,uSv/h,50.0,1.0,6360,0.00032950000604614615,True,,1,0.1,0.09000000000000001,False,,0.0005912999913562089,
3402,RADIATION,RADIATION,523020.920497467,5696464.290406497,4,32,20.0,81998.99705190142,0.36018489457644537,ground_equivalent_excess_gamma_dose_rate,uSv/h,50.0,1.0,6360,0.00032550000469200313,True,,1,0.1,0.09000000000000001,False,,0.0005824999825563282,
3403,RADIATION,RADIATION,523000.920497467,5696484.290406497,5,31,28.284271247461902,82027.28132314888,0.4084752313394399,ground_equivalent_excess_gamma_dose_rate,uSv/h,50.0,1.0,6360,0.00032920000376179814,True,,1,0.1,0.09000000000000001,False,,0.0006099000165704638,
3404,RADIATION,RADIATION,523020.920497467,5696504.290406497,6,32,28.284271247461902,82055.56559439635,0.4025471385967014,ground_equivalent_excess_gamma_dose_rate,uSv/h,50.0,1.0,6360,0.0003367000026628375,True,,1,0.1,0.09000000000000001,False,,0.000579200015636161,
3405,RADIATION,RADIATION,523040.920497467,5696524.290406497,7,33,28.284271247461902,82083.84986564382,0.3969138124079747,ground_equivalent_excess_gamma_dose_rate,uSv/h,50.0,1.0,6360,0.0003367000026628375,True,,1,0.1,0.09000000000000001,False,,0.0005894999776501209,
3406,RADIATION,RADIATION,523020.920497467,5696524.290406497,7,32,20.0,82103.84986564382,0.4244847591423139,ground_equivalent_excess_gamma_dose_rate,uSv/h,50.0,1.0,6360,0.00033530002110637724,True,,1,0.1,0.09000000000000001,False,,0.000586900016060099,
3407,RADIATION,RADIATION,523000.920497467,5696524.290406497,7,31,20.0,82123.84986564382,0.4566113463975143,ground_equivalent_excess_gamma_dose_rate,uSv/h,50.0,1.0,6360,0.00033239999902434647,True,,1,0.1,0.09000000000000001,False,,0.000590600015129894,
3408,RADIATION,RADIATION,523000.920497467,5696504.290406497,6,31,20.0,82143.84986564382,0.432397171508558,ground_equivalent_excess_gamma_dose_rate,uSv/h,50.0,1.0,6360,0.0003236000193282962,True,,1,0.1,0.09000000000000001,False,,0.0006028000207152218,
3409,RADIATION,RADIATION,523020.920497467,5696504.290406497,6,32,20.0,82163.84986564382,0.4025471385967014,ground_equivalent_excess_gamma_dose_rate,uSv/h,50.0,1.0,6360,0.0003304000128991902,True,,1,0.1,0.09000000000000001,False,,0.0005777000042144209,
3410,RADIATION,RADIATION,523040.920497467,5696524.290406497,7,33,28.284271247461902,82192.13413689128,0.3969138124079747,ground_equivalent_excess_gamma_dose_rate,uSv/h,50.0,1.0,6360,0.0003276000206824392,True,,1,0.1,0.09000000000000001,False,,0.0006169000116642565,
3411,RADIATION,RADIATION,523020.920497467,5696524.290406497,7,32,20.0,82212.13413689128,0.4244847591423139,ground_equivalent_excess_gamma_dose_rate,uSv/h,50.0,1.0,6360,0.00033340000663883984,True,,1,0.1,0.09000000000000001,False,,0.0005772000004071742,
3412,RADIATION,RADIATION,523040.920497467,5696504.290406497,6,33,28.284271247461902,82240.41840813875,0.37674866306299254,ground_equivalent_excess_gamma_dose_rate,uSv/h,50.0,1.0,6360,0.0003225000109523535,True,,1,0.1,0.09000000000000001,False,,0.0005833999894093722,
3413,RADIATION,RADIATION,523020.920497467,5696484.290406497,5,32,28.284271247461902,82268.70267938622,0.3810830421709703,ground_equivalent_excess_gamma_dose_rate,uSv/h,50.0,1.0,6360,0.0003284999984316528,True,,1,0.1,0.09000000000000001,False,,0.0005902000120840967,
3414,RADIATION,RADIATION,523000.920497467,5696484.290406497,5,31,20.0,82288.70267938622,0.4084752313394399,ground_equivalent_excess_gamma_dose_rate,uSv/h,50.0,1.0,6360,0.0003249000001233071,True,,1,0.1,0.09000000000000001,False,,0.0005802999949082732,
3415,RADIATION,RADIATION,523000.920497467,5696464.290406497,4,31,20.0,82308.70267938622,0.38505696738650647,ground_equivalent_excess_gamma_dose_rate,uSv/h,50.0,1.0,6360,0.0003243999963160604,True,,1,0.1,0.09000000000000001,False,,0.0005942999850958586,
3416,RADIATION,RADIATION,523020.920497467,5696484.290406497,5,32,28.284271247461902,82336.98695063368,0.3810830421709703,ground_equivalent_excess_gamma_dose_rate,uSv/h,50.0,1.0,6360,0.0003232999879401177,True,,1,0.1,0.09000000000000001,False,,0.0005832999886479229,
3417,RADIATION,RADIATION,523040.920497467,5696484.290406497,5,33,20.0,82356.98695063368,0.35720970192050133,ground_equivalent_excess_gamma_dose_rate,uSv/h,50.0,1.0,6360,0.00033229999826289713,True,,1,0.1,0.09000000000000001,False,,0.0005812000017613173,
3418,RADIATION,RADIATION,523040.920497467,5696464.290406497,4,33,20.0,82376.98695063368,0.338305238553298,ground_equivalent_excess_gamma_dose_rate,uSv/h,50.0,1.0,6360,0.00033820001408457756,True,,1,0.1,0.09000000000000001,False,,0.0005761999927926809,
3419,RADIATION,RADIATION,523020.920497467,5696444.290406497,3,32,28.284271247461902,82405.27122188115,0.33996163849362065,ground_equivalent_excess_gamma_dose_rate,uSv/h,50.0,1.0,6360,0.0003479000006336719,True,,1,0.1,0.09000000000000001,False,,0.0005803000240121037,
3420,RADIATION,RADIATION,523020.920497467,5696464.290406497,4,32,20.0,82425.27122188115,0.36018489457644537,ground_equivalent_excess_gamma_dose_rate,uSv/h,50.0,1.0,6360,0.0003394000232219696,True,,1,0.1,0.09000000000000001,False,,0.0006134000141173601,
3421,RADIATION,RADIATION,523040.920497467,5696484.290406497,5,33,28.284271247461902,82453.55549312862,0.35720970192050133,ground_equivalent_excess_gamma_dose_rate,uSv/h,50.0,1.0,6360,0.0003349999897181988,True,,1,0.1,0.09000000000000001,False,,0.0005975000094622374,
3422,RADIATION,RADIATION,523040.920497467,5696504.290406497,6,33,20.0,82473.55549312862,0.37674866306299254,ground_equivalent_excess_gamma_dose_rate,uSv/h,50.0,1.0,6360,0.0004143000114709139,True,,1,0.1,0.09000000000000001,False,,0.000586900016060099,
3423,RADIATION,RADIATION,523020.920497467,5696484.290406497,5,32,28.284271247461902,82501.83976437608,0.3810830421709703,ground_equivalent_excess_gamma_dose_rate,uSv/h,50.0,1.0,6360,0.0003308999876026064,True,,1,0.1,0.09000000000000001,False,,0.000588800001423806,
3424,RADIATION,RADIATION,523000.920497467,5696464.290406497,4,31,28.284271247461902,82530.12403562355,0.38505696738650647,ground_equivalent_excess_gamma_dose_rate,uSv/h,50.0,1.0,6360,0.00033019998227246106,True,,1,0.1,0.09000000000000001,False,,0.0005800000217277557,
3425,RADIATION,RADIATION,523000.920497467,5696444.290406497,3,31,20.0,82550.12403562355,0.3623476746623843,ground_equivalent_excess_gamma_dose_rate,uSv/h,50.0,1.0,6360,0.00033239999902434647,True,,1,0.1,0.09000000000000001,False,,0.000596199999563396,
3426,RADIATION,RADIATION,523000.920497467,5696464.290406497,4,31,20.0,82570.12403562355,0.38505696738650647,ground_equivalent_excess_gamma_dose_rate,uSv/h,50.0,1.0,6360,0.0003302999830339104,True,,1,0.1,0.09000000000000001,False,,0.0005849000008311123,
3427,RADIATION,RADIATION,523000.920497467,5696484.290406497,5,31,20.0,82590.12403562355,0.4084752313394399,ground_equivalent_excess_gamma_dose_rate,uSv/h,50.0,1.0,6360,0.00034180001239292324,True,,1,0.1,0.09000000000000001,False,,0.000587200018344447,
3428,RADIATION,RADIATION,523000.920497467,5696504.290406497,6,31,20.0,82610.12403562355,0.432397171508558,ground_equivalent_excess_gamma_dose_rate,uSv/h,50.0,1.0,6360,0.00035099999513477087,True,,1,0.1,0.09000000000000001,False,,0.0005850000015925616,
3429,RADIATION,RADIATION,522980.9204974669,5696484.290406497,5,30,28.28427124750306,82638.40830687106,0.44024505545677023,ground_equivalent_excess_gamma_dose_rate,uSv/h,50.0,1.0,6360,0.0003316999936942011,True,,1,0.1,0.09000000000000001,False,,0.0005808999994769692,
3430,RADIATION,RADIATION,522980.9204974669,5696464.290406497,4,30,20.0,82658.40830687106,0.4135727938721762,ground_equivalent_excess_gamma_dose_rate,uSv/h,50.0,1.0,6360,0.0003315999929327518,True,,1,0.1,0.09000000000000001,False,,0.000586300011491403,
3431,RADIATION,RADIATION,523000.920497467,5696484.290406497,5,31,28.28427124750306,82686.69257811857,0.4084752313394399,ground_equivalent_excess_gamma_dose_rate,uSv/h,50.0,1.0,6360,0.0003209999995306134,True,,1,0.1,0.09000000000000001,False,,0.0005799999926239252,
3432,RADIATION,RADIATION,523020.920497467,5696504.290406497,6,32,28.284271247461902,82714.97684936604,0.4025471385967014,ground_equivalent_excess_gamma_dose_rate,uSv/h,50.0,1.0,6360,0.000357400014763698,True,,1,0.1,0.09000000000000001,False,,0.0005940999835729599,
3433,RADIATION,RADIATION,523000.920497467,5696524.290406497,7,31,28.284271247461902,82743.2611206135,0.4566113463975143,ground_equivalent_excess_gamma_dose_rate,uSv/h,50.0,1.0,6360,0.00035519999801181257,True,,1,0.1,0.09000000000000001,False,,0.0006018000131007284,
3434,RADIATION,RADIATION,522980.9204974669,5696504.290406497,6,30,28.28427124750306,82771.54539186101,0.467391281468537,ground_equivalent_excess_gamma_dose_rate,uSv/h,50.0,1.0,6360,0.0003369000041857362,True,,1,0.1,0.09000000000000001,False,,0.0005929000035393983,
3435,RADIATION,RADIATION,522960.9204974669,5696484.290406497,5,29,28.284271247461902,82799.82966310848,0.47746988874862545,ground_equivalent_excess_gamma_dose_rate,uSv/h,50.0,1.0,6360,0.0003556000010576099,True,,1,0.1,0.09000000000000001,False,,0.0005985999887343496,
3436,RADIATION,RADIATION,522940.9204974669,5696464.290406497,4,28,28.284271247461902,82828.11393435595,0.48483437463739526,ground_equivalent_excess_gamma_dose_rate,uSv/h,50.0,1.0,6360,0.0003388000186532736,True,,1,0.1,0.09000000000000001,False,,0.0005831000162288547,
3437,RADIATION,RADIATION,522920.9204974669,5696484.290406497,5,27,28.284271247461902,82856.39820560341,0.5739884933083912,ground_equivalent_excess_gamma_dose_rate,uSv/h,50.0,1.0,6360,0.0003445000038482249,True,,1,0.1,0.09000000000000001,False,,0.0005984999879729003,
3438,RADIATION,RADIATION,522920.9204974669,5696504.290406497,6,27,20.0,82876.39820560341,0.6196584041823876,ground_equivalent_excess_gamma_dose_rate,uSv/h,50.0,1.0,6360,0.0003533000126481056,True,,1,0.1,0.09000000000000001,False,,0.0007092999876476824,
3439,RADIATION,RADIATION,522900.9204974669,5696524.290406497,7,26,28.284271247461902,82904.68247685088,0.7522352365615996,ground_equivalent_excess_gamma_dose_rate,uSv/h,50.0,1.0,6360,0.0003370000049471855,True,,1,0.1,0.09000000000000001,False,,0.0005865000130143017,
3440,RADIATION,RADIATION,522920.9204974669,5696504.290406497,6,27,28.284271247461902,82932.96674809835,0.6196584041823876,ground_equivalent_excess_gamma_dose_rate,uSv/h,50.0,1.0,6360,0.0003263000107835978,True,,1,0.1,0.09000000000000001,False,,0.0005986000178381801,
3441,RADIATION,RADIATION,522920.9204974669,5696524.290406497,7,27,20.0,82952.96674809835,0.6652590354534296,ground_equivalent_excess_gamma_dose_rate,uSv/h,50.0,1.0,6360,0.00032759999157860875,True,,1,0.1,0.09000000000000001,False,,0.0005840999947395176,
3442,RADIATION,RADIATION,522900.9204974669,5696504.290406497,6,26,28.284271247461902,82981.25101934581,0.694336690757765,ground_equivalent_excess_gamma_dose_rate,uSv/h,50.0,1.0,6360,0.00033129999064840376,True,,1,0.1,0.09000000000000001,False,,0.0005911999905947596,
3443,RADIATION,RADIATION,522900.9204974669,5696524.290406497,7,26,20.0,83001.25101934581,0.7522352365615996,ground_equivalent_excess_gamma_dose_rate,uSv/h,50.0,1.0,6360,0.0003369000041857362,True,,1,0.1,0.09000000000000001,False,,0.0005791000148747116,
3444,RADIATION,RADIATION,522920.9204974669,5696544.290406497,8,27,28.284271247461902,83029.53529059328,0.709063786313094,ground_equivalent_excess_gamma_dose_rate,uSv/h,50.0,1.0,6360,0.0003271000168751925,True,,1,0.1,0.09000000000000001,False,,0.0005791999865323305,
3445,RADIATION,RADIATION,522900.9204974669,5696564.290406497,9,26,28.284271247461902,83057.81956184075,0.8584375503482913,ground_equivalent_excess_gamma_dose_rate,uSv/h,50.0,1.0,6360,0.0004228999896440655,True,,1,0.1,0.09000000000000001,False,,0.0011095999798271805,
3446,RADIATION,RADIATION,522920.9204974669,5696584.290406497,10,27,28.284271247461902,83086.10383308821,0.7837287261544676,ground_equivalent_excess_gamma_dose_rate,uSv/h,50.0,1.0,6360,0.0004064000095240772,True,,1,0.1,0.09000000000000001,False,,0.0007031999994069338,
3447,RADIATION,RADIATION,522940.9204974669,5696584.290406497,10,28,20.0,83106.10383308821,0.6957625326265369,ground_equivalent_excess_gamma_dose_rate,uSv/h,50.0,1.0,6360,0.0003637999761849642,True,,1,0.1,0.09000000000000001,False,,0.0006439999851863831,
3448,RADIATION,RADIATION,522920.9204974669,5696584.290406497,10,27,20.0,83126.10383308821,0.7837287261544676,ground_equivalent_excess_gamma_dose_rate,uSv/h,50.0,1.0,6360,0.0003958999877795577,True,,1,0.1,0.09000000000000001,False,,0.0010661999986041337,
3449,RADIATION,RADIATION,522940.9204974669,5696564.290406497,9,28,28.284271247461902,83154.38810433568,0.6656035281503974,ground_equivalent_excess_gamma_dose_rate,uSv/h,50.0,1.0,6360,0.0006924999761395156,True,,1,0.1,0.09000000000000001,False,,0.0009401999996043742,
3450,RADIATION,RADIATION,522960.9204974669,5696584.290406497,10,29,28.284271247461902,83182.67237558315,0.6276320686909014,ground_equivalent_excess_gamma_dose_rate,uSv/h,50.0,1.0,6360,0.00036360000376589596,True,,1,0.1,0.09000000000000001,False,,0.0008755000017117709,
3451,RADIATION,RADIATION,522940.9204974669,5696604.290406497,11,28,28.284271247461902,83210.95664683061,0.7219516811937614,ground_equivalent_excess_gamma_dose_rate,uSv/h,50.0,1.0,6360,0.0006536999717354774,True,,1,0.1,0.09000000000000001,False,,0.0006190999993123114,
3452,RADIATION,RADIATION,522940.9204974669,5696584.290406497,10,28,20.0,83230.95664683061,0.6957625326265369,ground_equivalent_excess_gamma_dose_rate,uSv/h,50.0,1.0,6360,0.0005551000067498535,True,,1,0.1,0.09000000000000001,False,,0.0017361000063829124,
3453,RADIATION,RADIATION,522960.9204974669,5696604.290406497,11,29,28.284271247461902,83259.24091807808,0.6529979548432416,ground_equivalent_excess_gamma_dose_rate,uSv/h,50.0,1.0,6360,0.0006034999969415367,True,,1,0.1,0.09000000000000001,False,,0.0012408999900799245,
3454,RADIATION,RADIATION,522940.9204974669,5696584.290406497,10,28,28.284271247461902,83287.52518932555,0.6957625326265369,ground_equivalent_excess_gamma_dose_rate,uSv/h,50.0,1.0,6360,0.00037319998955354095,True,,1,0.1,0.09000000000000001,False,,0.000978299998678267,
3455,RADIATION,RADIATION,522960.9204974669,5696584.290406497,10,29,20.0,83307.52518932555,0.6276320686909014,ground_equivalent_excess_gamma_dose_rate,uSv/h,50.0,1.0,6360,0.0003699999942909926,True,,1,0.1,0.09000000000000001,False,,0.0009172999998554587,
3456,RADIATION,RADIATION,522960.9204974669,5696564.290406497,9,29,20.0,83327.52518932555,0.6002321560055266,ground_equivalent_excess_gamma_dose_rate,uSv/h,50.0,1.0,6360,0.0003657999914139509,True,,1,0.1,0.09000000000000001,False,,0.0009278999932575971,
3457,RADIATION,RADIATION,522940.9204974669,5696584.290406497,10,28,28.284271247461902,83355.80946057301,0.6957625326265369,ground_equivalent_excess_gamma_dose_rate,uSv/h,50.0,1.0,6360,0.00036219999310560524,True,,1,0.1,0.09000000000000001,False,,0.0008802999800536782,
3458,RADIATION,RADIATION,522920.9204974669,5696584.290406497,10,27,20.0,83375.80946057301,0.7837287261544676,ground_equivalent_excess_gamma_dose_rate,uSv/h,50.0,1.0,6360,0.0006261999951675534,True,,1,0.1,0.09000000000000001,False,,0.0008136999967973679,
3459,RADIATION,RADIATION,522900.9204974669,5696584.290406497,10,26,20.0,83395.80946057301,0.9002894333126745,ground_equivalent_excess_gamma_dose_rate,uSv/h,50.0,1.0,6360,0.00036869998439215124,True,,1,0.1,0.09000000000000001,False,,0.0006457999988924712,
3460,RADIATION,RADIATION,522880.9204974669,5696604.290406497,11,25,28.284271247461902,83424.09373182048,1.0955467918053625,ground_equivalent_excess_gamma_dose_rate,uSv/h,50.0,1.0,6360,0.0006668000132776797,True,,1,0.1,0.09000000000000001,False,,0.0009309999877586961,
3461,RADIATION,RADIATION,522880.9204974669,5696624.290406497,12,25,20.0,83444.09373182048,1.1113588426186198,ground_equivalent_excess_gamma_dose_rate,uSv/h,50.0,1.0,6360,0.00038540002424269915,True,,1,0.1,0.09000000000000001,False,,0.0006824999873060733,
3462,RADIATION,RADIATION,522860.9204974669,5696624.290406497,12,24,20.0,83464.09373182048,1.3422489428477187,ground_equivalent_excess_gamma_dose_rate,uSv/h,50.0,1.0,6360,0.0007041999779175967,True,,1,0.1,0.09000000000000001,False,,0.0007616000075358897,
3463,RADIATION,RADIATION,522880.9204974669,5696644.290406497,13,25,28.284271247461902,83492.37800306795,1.1078329712733028,ground_equivalent_excess_gamma_dose_rate,uSv/h,50.0,1.0,6360,0.00040690001333132386,True,,1,0.1,0.09000000000000001,False,,0.0013273999793455005,
3464,RADIATION,RADIATION,522860.9204974669,5696644.290406497,13,24,20.0,83512.37800306795,1.3209691108439916,ground_equivalent_excess_gamma_dose_rate,uSv/h,50.0,1.0,6360,0.0003623999946285039,True,,1,0.1,0.09000000000000001,False,,0.0006317999796010554,
3465,RADIATION,RADIATION,522860.9204974669,5696624.290406497,12,24,20.0,83532.37800306795,1.3422489428477187,ground_equivalent_excess_gamma_dose_rate,uSv/h,50.0,1.0,6360,0.00045399999362416565,True,,1,0.1,0.09000000000000001,False,,0.0006602000212296844,
3466,RADIATION,RADIATION,522840.9204974669,5696604.290406497,11,23,28.284271247461902,83560.66227431541,1.6817746613037337,ground_equivalent_excess_gamma_dose_rate,uSv/h,50.0,1.0,6360,0.0003674000035971403,True,,1,0.1,0.09000000000000001,False,,0.0006393000076059252,
3467,RADIATION,RADIATION,522840.9204974669,5696584.290406497,10,23,20.0,83580.66227431541,1.6143615091058312,ground_equivalent_excess_gamma_dose_rate,uSv/h,50.0,1.0,6360,0.0003829000052064657,True,,1,0.1,0.09000000000000001,False,,0.0008710999973118305,
3468,RADIATION,RADIATION,522820.9204974669,5696604.290406497,11,22,28.284271247461902,83608.94654556288,2.239615981349233,ground_equivalent_excess_gamma_dose_rate,uSv/h,50.0,1.0,6360,0.0003756999794859439,True,,1,0.1,0.09000000000000001,False,,0.0006745999853592366,
3469,RADIATION,RADIATION,522840.9204974669,5696604.290406497,11,23,20.0,83628.94654556288,1.6817746613037337,ground_equivalent_excess_gamma_dose_rate,uSv/h,50.0,1.0,6360,0.0006395999807864428,True,,1,0.1,0.09000000000000001,False,,0.0006222999945748597,
3470,RADIATION,RADIATION,522860.9204974669,5696584.290406497,10,24,28.284271247461902,83657.23081681035,1.2838216635299238,ground_equivalent_excess_gamma_dose_rate,uSv/h,50.0,1.0,6360,0.0004087999986950308,True,,1,0.1,0.09000000000000001,False,,0.001410199998645112,
3471,RADIATION,RADIATION,522840.9204974669,5696584.290406497,10,23,20.0,83677.23081681035,1.6143615091058312,ground_equivalent_excess_gamma_dose_rate,uSv/h,50.0,1.0,6360,0.0003614999877754599,True,,1,0.1,0.09000000000000001,False,,0.0006240999791771173,
3472,RADIATION,RADIATION,522840.9204974669,5696604.290406497,11,23,20.0,83697.23081681035,1.6817746613037337,ground_equivalent_excess_gamma_dose_rate,uSv/h,50.0,1.0,6360,0.0010971000010613352,True,,1,0.1,0.09000000000000001,False,,0.0009812000207602978,
3473,RADIATION,RADIATION,522860.9204974669,5696604.290406497,11,24,20.0,83717.23081681035,1.3304885730635891,ground_equivalent_excess_gamma_dose_rate,uSv/h,50.0,1.0,6360,0.0003628999984357506,True,,1,0.1,0.09000000000000001,False,,0.0006957000005058944,
3474,RADIATION,RADIATION,522840.9204974669,5696584.290406497,10,23,28.284271247461902,83745.51508805781,1.6143615091058312,ground_equivalent_excess_gamma_dose_rate,uSv/h,50.0,1.0,6360,0.0003600000054575503,True,,1,0.1,0.09000000000000001,False,,0.0009085999918170273,
3475,RADIATION,RADIATION,522820.9204974669,5696564.290406497,9,22,28.284271247461902,83773.79935930528,1.9254481906253862,ground_equivalent_excess_gamma_dose_rate,uSv/h,50.0,1.0,6360,0.000370699999621138,True,,1,0.1,0.09000000000000001,False,,0.0013832999975420535,
3476,RADIATION,RADIATION,522800.9204974669,5696564.290406497,9,21,20.0,83793.79935930528,2.5903545392336462,ground_equivalent_excess_gamma_dose_rate,uSv/h,50.0,1.0,6360,0.0006471000087913126,True,,1,0.1,0.09000000000000001,False,,0.0006154000002425164,
3477,RADIATION,RADIATION,522780.9204974669,5696564.290406497,9,20,20.0,83813.79935930528,3.6684515991816737,ground_equivalent_excess_gamma_dose_rate,uSv/h,50.0,1.0,6360,0.00037670001620426774,True,,1,0.1,0.09000000000000001,False,,0.0013417000009212643,
3478,RADIATION,RADIATION,522780.9204974669,5696584.290406497,10,20,20.0,83833.79935930528,4.536205908696023,ground_equivalent_excess_gamma_dose_rate,uSv/h,50.0,1.0,6360,0.00035949997254647315,True,,1,0.1,0.09000000000000001,False,,0.0006291999889072031,
3479,RADIATION,RADIATION,522800.9204974669,5696584.290406497,10,21,20.0,83853.79935930528,2.980780702750932,ground_equivalent_excess_gamma_dose_rate,uSv/h,50.0,1.0,6360,0.0005531999922823161,True,,1,0.1,0.09000000000000001,False,,0.0009760000102687627,
3480,RADIATION,RADIATION,522800.9204974669,5696604.290406497,11,21,20.0,83873.79935930528,3.2018638731603555,ground_equivalent_excess_gamma_dose_rate,uSv/h,50.0,1.0,6360,0.0003870000073220581,True,,1,0.1,0.09000000000000001,False,,0.0009698000212665647,
3481,RADIATION,RADIATION,522820.9204974669,5696604.290406497,11,22,20.0,83893.79935930528,2.239615981349233,ground_equivalent_excess_gamma_dose_rate,uSv/h,50.0,1.0,6360,0.000357700017048046,True,,1,0.1,0.09000000000000001,False,,0.0006373000214807689,
3482,RADIATION,RADIATION,522840.9204974669,5696584.290406497,10,23,28.284271247461902,83922.08363055275,1.6143615091058312,ground_equivalent_excess_gamma_dose_rate,uSv/h,50.0,1.0,6360,0.00034619998768903315,True,,1,0.1,0.09000000000000001,False,,0.0005997999978717417,
3483,RADIATION,RADIATION,522820.9204974669,5696604.290406497,11,22,28.284271247461902,83950.36790180021,2.239615981349233,ground_equivalent_excess_gamma_dose_rate,uSv/h,50.0,1.0,6360,0.0003397999971639365,True,,1,0.1,0.09000000000000001,False,,0.0006084000051487237,
3484,RADIATION,RADIATION,522840.9204974669,5696604.290406497,11,23,20.0,83970.36790180021,1.6817746613037337,ground_equivalent_excess_gamma_dose_rate,uSv/h,50.0,1.0,6360,0.0003683999821078032,True,,1,0.1,0.09000000000000001,False,,0.0005859999801032245,
3485,RADIATION,RADIATION,522820.9204974669,5696624.290406497,12,22,28.284271247461902,83998.65217304768,2.230502562629363,ground_equivalent_excess_gamma_dose_rate,uSv/h,50.0,1.0,6360,0.0003476999991107732,True,,1,0.1,0.09000000000000001,False,,0.000588800001423806,
3486,RADIATION,RADIATION,522820.9204974669,5696604.290406497,11,22,20.0,84018.65217304768,2.239615981349233,ground_equivalent_excess_gamma_dose_rate,uSv/h,50.0,1.0,6360,0.00033969999640248716,True,,1,0.1,0.09000000000000001,False,,0.0005874999915249646,
3487,RADIATION,RADIATION,522800.9204974669,5696624.290406497,12,21,28.284271247461902,84046.93644429515,3.15948292882976,ground_equivalent_excess_gamma_dose_rate,uSv/h,50.0,1.0,6360,0.00034440000308677554,True,,1,0.1,0.09000000000000001,False,,0.0005804999964311719,
3488,RADIATION,RADIATION,522820.9204974669,5696604.290406497,11,22,28.284271247461902,84075.22071554261,2.239615981349233,ground_equivalent_excess_gamma_dose_rate,uSv/h,50.0,1.0,6360,0.00033450001501478255,True,,1,0.1,0.09000000000000001,False,,0.0005990999925415963,
3489,RADIATION,RADIATION,522820.9204974669,5696624.290406497,12,22,20.0,84095.22071554261,2.230502562629363,ground_equivalent_excess_gamma_dose_rate,uSv/h,50.0,1.0,6360,0.00033049998455680907,True,,1,0.1,0.09000000000000001,False,,0.0005740000051446259,
3490,RADIATION,RADIATION,522820.9204974669,5696644.290406497,13,22,20.0,84115.22071554261,2.109917196102166,ground_equivalent_excess_gamma_dose_rate,uSv/h,50.0,1.0,6360,0.00033420001273043454,True,,1,0.1,0.09000000000000001,False,,0.0005792999872937799,
3491,RADIATION,RADIATION,522840.9204974669,5696644.290406497,13,23,20.0,84135.22071554261,1.6327067034698757,ground_equivalent_excess_gamma_dose_rate,uSv/h,50.0,1.0,6360,0.00035420001950114965,True,,1,0.1,0.09000000000000001,False,,0.0005759999912697822,
3492,RADIATION,RADIATION,522860.9204974669,5696664.290406497,14,24,28.284271247461902,84163.50498679008,1.2749196406527012,ground_equivalent_excess_gamma_dose_rate,uSv/h,50.0,1.0,6360,0.0003436999977566302,True,,1,0.1,0.09000000000000001,False,,0.0006071999960113317,
3493,RADIATION,RADIATION,522880.9204974669,5696664.290406497,14,25,20.0,84183.50498679008,1.089273399057465,ground_equivalent_excess_gamma_dose_rate,uSv/h,50.0,1.0,6360,0.00034329999471083283,True,,1,0.1,0.09000000000000001,False,,0.0006009000062476844,
3494,RADIATION,RADIATION,522860.9204974669,5696644.290406497,13,24,28.284271247461902,84211.78925803755,1.3209691108439916,ground_equivalent_excess_gamma_dose_rate,uSv/h,50.0,1.0,6360,0.00033049998455680907,True,,1,0.1,0.09000000000000001,False,,0.000700899981893599,
3495,RADIATION,RADIATION,522880.9204974669,5696644.290406497,13,25,20.0,84231.78925803755,1.1078329712733028,ground_equivalent_excess_gamma_dose_rate,uSv/h,50.0,1.0,6360,0.0003826000029221177,True,,1,0.1,0.09000000000000001,False,,0.0007339000003412366,
3496,RADIATION,RADIATION,522880.9204974669,5696664.290406497,14,25,20.0,84251.78925803755,1.089273399057465,ground_equivalent_excess_gamma_dose_rate,uSv/h,50.0,1.0,6360,0.000354300020262599,True,,1,0.1,0.09000000000000001,False,,0.0006394000083673745,
3497,RADIATION,RADIATION,522860.9204974669,5696644.290406497,13,24,28.284271247461902,84280.07352928501,1.3209691108439916,ground_equivalent_excess_gamma_dose_rate,uSv/h,50.0,1.0,6360,0.0003417000116314739,True,,1,0.1,0.09000000000000001,False,,0.0006148999964352697,
3498,RADIATION,RADIATION,522840.9204974669,5696624.290406497,12,23,28.284271247461902,84308.35780053248,1.6865880406490164,ground_equivalent_excess_gamma_dose_rate,uSv/h,50.0,1.0,6360,0.00043849999201484025,True,,1,0.1,0.09000000000000001,False,,0.0006322999834083021,
3499,RADIATION,RADIATION,522860.9204974669,5696604.290406497,11,24,28.284271247461902,84336.64207177995,1.3304885730635891,ground_equivalent_excess_gamma_dose_rate,uSv/h,50.0,1.0,6360,0.00033950002398341894,True,,1,0.1,0.09000000000000001,False,,0.0006849000055808574,
3500,RADIATION,RADIATION,522860.9204974669,5696624.290406497,12,24,20.0,84356.64207177995,1.3422489428477187,ground_equivalent_excess_gamma_dose_rate,uSv/h,50.0,1.0,6360,0.0003316999936942011,True,,1,0.1,0.09000000000000001,False,,0.000603299995418638,
3501,RADIATION,RADIATION,522880.9204974669,5696624.290406497,12,25,20.0,84376.64207177995,1.1113588426186198,ground_equivalent_excess_gamma_dose_rate,uSv/h,50.0,1.0,6360,0.00032950000604614615,True,,1,0.1,0.09000000000000001,False,,0.0005879999953322113,
3502,RADIATION,RADIATION,522900.9204974669,5696644.290406497,13,26,28.284271247461902,84404.92634302741,0.9566659687471946,ground_equivalent_excess_gamma_dose_rate,uSv/h,50.0,1.0,6360,0.00032950000604614615,True,,1,0.1,0.09000000000000001,False,,0.0006027999916113913,
3503,RADIATION,RADIATION,522900.9204974669,5696664.290406497,14,26,20.0,84424.92634302741,0.9549082650556386,ground_equivalent_excess_gamma_dose_rate,uSv/h,50.0,1.0,6360,0.00032649998320266604,True,,1,0.1,0.09000000000000001,False,,0.0005834000185132027,
3504,RADIATION,RADIATION,522920.9204974669,5696664.290406497,14,27,20.0,84444.92634302741,0.8554197894355511,ground_equivalent_excess_gamma_dose_rate,uSv/h,50.0,1.0,6360,0.0003268999862484634,True,,1,0.1,0.09000000000000001,False,,0.000602699990849942,
3505,RADIATION,RADIATION,522900.9204974669,5696684.290406497,15,26,28.284271247461902,84473.21061427488,0.9480035514968528,ground_equivalent_excess_gamma_dose_rate,uSv/h,50.0,1.0,6360,0.000350600021192804,True,,1,0.1,0.09000000000000001,False,,0.0005801999941468239,
3506,RADIATION,RADIATION,522880.9204974669,5696704.290406497,16,25,28.284271247461902,84501.49488552235,1.0319929550696723,ground_equivalent_excess_gamma_dose_rate,uSv/h,50.0,1.0,6360,0.00033809998421929777,True,,1,0.1,0.09000000000000001,False,,0.0005728999967686832,
3507,RADIATION,RADIATION,522900.9204974669,5696684.290406497,15,26,28.284271247461902,84529.77915676982,0.9480035514968528,ground_equivalent_excess_gamma_dose_rate,uSv/h,50.0,1.0,6360,0.00033170002279803157,True,,1,0.1,0.09000000000000001,False,,0.0006018000131007284,
3508,RADIATION,RADIATION,522880.9204974669,5696664.290406497,14,25,28.284271247461902,84558.06342801728,1.089273399057465,ground_equivalent_excess_gamma_dose_rate,uSv/h,50.0,1.0,6360,0.0003353999927639961,True,,1,0.1,0.09000000000000001,False,,0.0005811000009998679,
3509,RADIATION,RADIATION,522860.9204974669,5696664.290406497,14,24,20.0,84578.06342801728,1.2749196406527012,ground_equivalent_excess_gamma_dose_rate,uSv/h,50.0,1.0,6360,0.0003364000003784895,True,,1,0.1,0.09000000000000001,False,,0.0005972000071778893,
3510,RADIATION,RADIATION,522880.9204974669,5696664.290406497,14,25,20.0,84598.06342801728,1.089273399057465,ground_equivalent_excess_gamma_dose_rate,uSv/h,50.0,1.0,6360,0.0003391999925952405,True,,1,0.1,0.09000000000000001,False,,0.0005887000006623566,
3511,RADIATION,RADIATION,522880.9204974669,5696644.290406497,13,25,20.0,84618.06342801728,1.1078329712733028,ground_equivalent_excess_gamma_dose_rate,uSv/h,50.0,1.0,6360,0.00033080001594498754,True,,1,0.1,0.09000000000000001,False,,0.0005873999907635152,
3512,RADIATION,RADIATION,522880.9204974669,5696624.290406497,12,25,20.0,84638.06342801728,1.1113588426186198,ground_equivalent_excess_gamma_dose_rate,uSv/h,50.0,1.0,6360,0.00033840001560747623,True,,1,0.1,0.09000000000000001,False,,0.0005927000020164996,
3513,RADIATION,RADIATION,522860.9204974669,5696604.290406497,11,24,28.284271247461902,84666.34769926475,1.3304885730635891,ground_equivalent_excess_gamma_dose_rate,uSv/h,50.0,1.0,6360,0.0003451000084169209,True,,1,0.1,0.09000000000000001,False,,0.0005861999816261232,
3514,RADIATION,RADIATION,522840.9204974669,5696624.290406497,12,23,28.284271247461902,84694.63197051222,1.6865880406490164,ground_equivalent_excess_gamma_dose_rate,uSv/h,50.0,1.0,6360,0.0003349000180605799,True,,1,0.1,0.09000000000000001,False,,0.0006009000062476844,
3515,RADIATION,RADIATION,522860.9204974669,5696644.290406497,13,24,28.284271247461902,84722.91624175968,1.3209691108439916,ground_equivalent_excess_gamma_dose_rate,uSv/h,50.0,1.0,6360,0.00034169998252764344,True,,1,0.1,0.09000000000000001,False,,0.0005894999776501209,
3516,RADIATION,RADIATION,522860.9204974669,5696664.290406497,14,24,20.0,84742.91624175968,1.2749196406527012,ground_equivalent_excess_gamma_dose_rate,uSv/h,50.0,1.0,6360,0.00035650000791065395,True,,1,0.1,0.09000000000000001,False,,0.0005920999974478036,
3517,RADIATION,RADIATION,522840.9204974669,5696664.290406497,14,23,20.0,84762.91624175968,1.537997581580437,ground_equivalent_excess_gamma_dose_rate,uSv/h,50.0,1.0,6360,0.00034950001281686127,True,,1,0.1,0.09000000000000001,False,,0.0005871000175829977,
3518,RADIATION,RADIATION,522860.9204974669,5696664.290406497,14,24,20.0,84782.91624175968,1.2749196406527012,ground_equivalent_excess_gamma_dose_rate,uSv/h,50.0,1.0,6360,0.00032640001154504716,True,,1,0.1,0.09000000000000001,False,,0.0005867999861948192,
3519,RADIATION,RADIATION,522880.9204974669,5696684.290406497,15,25,28.284271247461902,84811.20051300715,1.0618553955746919,ground_equivalent_excess_gamma_dose_rate,uSv/h,50.0,1.0,6360,0.0003304000128991902,True,,1,0.1,0.09000000000000001,False,,0.0005970999773126096,
3520,RADIATION,RADIATION,522900.9204974669,5696684.290406497,15,26,20.0,84831.20051300715,0.9480035514968528,ground_equivalent_excess_gamma_dose_rate,uSv/h,50.0,1.0,6360,0.00032729998929426074,True,,1,0.1,0.09000000000000001,False,,0.0005842999962624162,
3521,RADIATION,RADIATION,522920.9204974669,5696664.290406497,14,27,28.284271247461902,84859.48478425462,0.8554197894355511,ground_equivalent_excess_gamma_dose_rate,uSv/h,50.0,1.0,6360,0.00032610000926069915,True,,1,0.1,0.09000000000000001,False,,0.0005867999861948192,
3522,RADIATION,RADIATION,522940.9204974669,5696644.290406497,13,28,28.284271247461902,84887.76905550208,0.7630913754844664,ground_equivalent_excess_gamma_dose_rate,uSv/h,50.0,1.0,6360,0.0004650999908335507,True,,1,0.1,0.09000000000000001,False,,0.0005874999915249646,
3523,RADIATION,RADIATION,522920.9204974669,5696664.290406497,14,27,28.284271247461902,84916.05332674955,0.8554197894355511,ground_equivalent_excess_gamma_dose_rate,uSv/h,50.0,1.0,6360,0.00032970000756904483,True,,1,0.1,0.09000000000000001,False,,0.0005953999934718013,
3524,RADIATION,RADIATION,522900.9204974669,5696664.290406497,14,26,20.0,84936.05332674955,0.9549082650556386,ground_equivalent_excess_gamma_dose_rate,uSv/h,50.0,1.0,6360,0.00033629999961704016,True,,1,0.1,0.09000000000000001,False,,0.000600200000917539,
3525,RADIATION,RADIATION,522900.9204974669,5696684.290406497,15,26,20.0,84956.05332674955,0.9480035514968528,ground_equivalent_excess_gamma_dose_rate,uSv/h,50.0,1.0,6360,0.0003234999894630164,True,,1,0.1,0.09000000000000001,False,,0.0005813000025227666,
3526,RADIATION,RADIATION,522900.9204974669,5696704.290406497,16,26,20.0,84976.05332674955,0.9400842825622409,ground_equivalent_excess_gamma_dose_rate,uSv/h,50.0,1.0,6360,0.00033149999217130244,True,,1,0.1,0.09000000000000001,False,,0.0005840999947395176,
3527,RADIATION,RADIATION,522880.9204974669,5696684.290406497,15,25,28.284271247461902,85004.33759799702,1.0618553955746919,ground_equivalent_excess_gamma_dose_rate,uSv/h,50.0,1.0,6360,0.00034550001146271825,True,,1,0.1,0.09000000000000001,False,,0.0005798999918624759,
3528,RADIATION,RADIATION,522860.9204974669,5696704.290406497,16,24,28.284271247461902,85032.62186924448,1.1532999004863471,ground_equivalent_excess_gamma_dose_rate,uSv/h,50.0,1.0,6360,0.00033680000342428684,True,,1,0.1,0.09000000000000001,False,,0.0005837999924551696,
3529,RADIATION,RADIATION,522880.9204974669,5696684.290406497,15,25,28.284271247461902,85060.90614049195,1.0618553955746919,ground_equivalent_excess_gamma_dose_rate,uSv/h,50.0,1.0,6360,0.00033080001594498754,True,,1,0.1,0.09000000000000001,False,,0.0006858000124339014,
3530,RADIATION,RADIATION,522900.9204974669,5696684.290406497,15,26,20.0,85080.90614049195,0.9480035514968528,ground_equivalent_excess_gamma_dose_rate,uSv/h,50.0,1.0,6360,0.00036509998608380556,True,,1,0.1,0.09000000000000001,False,,0.0007007000094745308,
3531,RADIATION,RADIATION,522920.9204974669,5696664.290406497,14,27,28.284271247461902,85109.19041173942,0.8554197894355511,ground_equivalent_excess_gamma_dose_rate,uSv/h,50.0,1.0,6360,0.0003344999859109521,True,,1,0.1,0.09000000000000001,False,,0.0005954999942332506,
3532,RADIATION,RADIATION,522940.9204974669,5696644.290406497,13,28,28.284271247461902,85137.47468298688,0.7630913754844664,ground_equivalent_excess_gamma_dose_rate,uSv/h,50.0,1.0,6360,0.00033469998743385077,True,,1,0.1,0.09000000000000001,False,,0.0005859999801032245,
3533,RADIATION,RADIATION,522960.9204974669,5696624.290406497,12,29,28.284271247461902,85165.75895423435,0.6765716952885656,ground_equivalent_excess_gamma_dose_rate,uSv/h,50.0,1.0,6360,0.00034050000249408185,True,,1,0.1,0.09000000000000001,False,,0.0005916999944020063,
3534,RADIATION,RADIATION,522940.9204974669,5696604.290406497,11,28,28.284271247461902,85194.04322548182,0.7219516811937614,ground_equivalent_excess_gamma_dose_rate,uSv/h,50.0,1.0,6360,0.0003397999971639365,True,,1,0.1,0.09000000000000001,False,,0.0006136999872978777,
3535,RADIATION,RADIATION,522940.9204974669,5696624.290406497,12,28,20.0,85214.04322548182,0.7441630124685645,ground_equivalent_excess_gamma_dose_rate,uSv/h,50.0,1.0,6360,0.00033859998802654445,True,,1,0.1,0.09000000000000001,False,,0.0005952999927103519,
3536,RADIATION,RADIATION,522940.9204974669,5696604.290406497,11,28,20.0,85234.04322548182,0.7219516811937614,ground_equivalent_excess_gamma_dose_rate,uSv/h,50.0,1.0,6360,0.0003244000254198909,True,,1,0.1,0.09000000000000001,False,,0.0005911999905947596,
3537,RADIATION,RADIATION,522920.9204974669,5696604.290406497,11,27,20.0,85254.04322548182,0.8115009113776892,ground_equivalent_excess_gamma_dose_rate,uSv/h,50.0,1.0,6360,0.0003353999927639961,True,,1,0.1,0.09000000000000001,False,,0.0005837999924551696,
3538,RADIATION,RADIATION,522920.9204974669,5696584.290406497,10,27,20.0,85274.04322548182,0.7837287261544676,ground_equivalent_excess_gamma_dose_rate,uSv/h,50.0,1.0,6360,0.0003277999931015074,True,,1,0.1,0.09000000000000001,False,,0.0005777000042144209,
3539,RADIATION,RADIATION,522920.9204974669,5696564.290406497,9,27,20.0,85294.04322548182,0.7491541074657091,ground_equivalent_excess_gamma_dose_rate,uSv/h,50.0,1.0,6360,0.00033340000663883984,True,,1,0.1,0.09000000000000001,False,,0.000597400008700788,
3540,RADIATION,RADIATION,522940.9204974669,5696544.290406497,8,28,28.284271247461902,85322.32749672928,0.6320660231628368,ground_equivalent_excess_gamma_dose_rate,uSv/h,50.0,1.0,6360,0.0003277999931015074,True,,1,0.1,0.09000000000000001,False,,0.000578900013351813,
3541,RADIATION,RADIATION,522960.9204974669,5696564.290406497,9,29,28.284271247461902,85350.61176797675,0.6002321560055266,ground_equivalent_excess_gamma_dose_rate,uSv/h,50.0,1.0,6360,0.00034879997838288546,True,,1,0.1,0.09000000000000001,False,,0.000596800004132092,
3542,RADIATION,RADIATION,522980.9204974669,5696584.290406497,10,30,28.284271247461902,85378.89603922422,0.5735748560004095,ground_equivalent_excess_gamma_dose_rate,uSv/h,50.0,1.0,6360,0.00033439998514950275,True,,1,0.1,0.09000000000000001,False,,0.0005830000154674053,
3543,RADIATION,RADIATION,522960.9204974669,5696584.290406497,10,29,20.0,85398.89603922422,0.6276320686909014,ground_equivalent_excess_gamma_dose_rate,uSv/h,50.0,1.0,6360,0.00037140000495128334,True,,1,0.1,0.09000000000000001,False,,0.0005810000002384186,
3544,RADIATION,RADIATION,522980.9204974669,5696584.290406497,10,30,20.0,85418.89603922422,0.5735748560004095,ground_equivalent_excess_gamma_dose_rate,uSv/h,50.0,1.0,6360,0.00035260000731796026,True,,1,0.1,0.09000000000000001,False,,0.0006442000158131123,
3545,RADIATION,RADIATION,523000.920497467,5696604.290406497,11,31,28.28427124750306,85447.18031047173,0.5543736722367558,ground_equivalent_excess_gamma_dose_rate,uSv/h,50.0,1.0,6360,0.00033920002169907093,True,,1,0.1,0.09000000000000001,False,,0.0005953000218141824,
3546,RADIATION,RADIATION,523000.920497467,5696584.290406497,10,31,20.0,85467.18031047173,0.5296688156082658,ground_equivalent_excess_gamma_dose_rate,uSv/h,50.0,1.0,6360,0.0003259000077378005,True,,1,0.1,0.09000000000000001,False,,0.0005920999974478036,
3547,RADIATION,RADIATION,523020.920497467,5696604.290406497,11,32,28.284271247461902,85495.46458171919,0.5176704743513407,ground_equivalent_excess_gamma_dose_rate,uSv/h,50.0,1.0,6360,0.0003530999820213765,True,,1,0.1,0.09000000000000001,False,,0.00058970000827685,
3548,RADIATION,RADIATION,523000.920497467,5696584.290406497,10,31,28.284271247461902,85523.74885296666,0.5296688156082658,ground_equivalent_excess_gamma_dose_rate,uSv/h,50.0,1.0,6360,0.00033420001273043454,True,,1,0.1,0.09000000000000001,False,,0.000589100003708154,
3549,RADIATION,RADIATION,523000.920497467,5696564.290406497,9,31,20.0,85543.74885296666,0.5052749783407449,ground_equivalent_excess_gamma_dose_rate,uSv/h,50.0,1.0,6360,0.0003281999961473048,True,,1,0.1,0.09000000000000001,False,,0.0005917999951634556,
3550,RADIATION,RADIATION,523020.920497467,5696544.290406497,8,32,28.284271247461902,85572.03312421413,0.4468505969544973,ground_equivalent_excess_gamma_dose_rate,uSv/h,50.0,1.0,6360,0.00033809998421929777,True,,1,0.1,0.09000000000000001,False,,0.0007045000093057752,
3551,RADIATION,RADIATION,523000.920497467,5696524.290406497,7,31,28.284271247461902,85600.31739546159,0.4566113463975143,ground_equivalent_excess_gamma_dose_rate,uSv/h,50.0,1.0,6360,0.00034550001146271825,True,,1,0.1,0.09000000000000001,False,,0.0005966000026091933,
3552,RADIATION,RADIATION,523000.920497467,5696544.290406497,8,31,20.0,85620.31739546159,0.48093706710881884,ground_equivalent_excess_gamma_dose_rate,uSv/h,50.0,1.0,6360,0.00034679999225772917,True,,1,0.1,0.09000000000000001,False,,0.0005839999939780682,
3553,RADIATION,RADIATION,523000.920497467,5696564.290406497,9,31,20.0,85640.31739546159,0.5052749783407449,ground_equivalent_excess_gamma_dose_rate,uSv/h,50.0,1.0,6360,0.0003257000062149018,True,,1,0.1,0.09000000000000001,False,,0.0005875999922864139,
3554,RADIATION,RADIATION,522980.9204974669,5696564.290406497,9,30,20.000000000058208,85660.31739546165,0.5479605613799281,ground_equivalent_excess_gamma_dose_rate,uSv/h,50.0,1.0,6360,0.00034070000401698053,True,,1,0.1,0.09000000000000001,False,,0.0006164000078570098,
3555,RADIATION,RADIATION,522980.9204974669,5696584.290406497,10,30,20.0,85680.31739546165,0.5735748560004095,ground_equivalent_excess_gamma_dose_rate,uSv/h,50.0,1.0,6360,0.0003254000039305538,True,,1,0.1,0.09000000000000001,False,,0.000579200015636161,
3556,RADIATION,RADIATION,522980.9204974669,5696604.290406497,11,30,20.0,85700.31739546165,0.5985199014111515,ground_equivalent_excess_gamma_dose_rate,uSv/h,50.0,1.0,6360,0.00033400001120753586,True,,1,0.1,0.09000000000000001,False,,0.0006118000019341707,
3557,RADIATION,RADIATION,522980.9204974669,5696624.290406497,12,30,20.0,85720.31739546165,0.6232093020989125,ground_equivalent_excess_gamma_dose_rate,uSv/h,50.0,1.0,6360,0.00034339999547228217,True,,1,0.1,0.09000000000000001,False,,0.0005912999913562089,
3558,RADIATION,RADIATION,522980.9204974669,5696644.290406497,13,30,20.0,85740.31739546165,0.6484578204848166,ground_equivalent_excess_gamma_dose_rate,uSv/h,50.0,1.0,6360,0.00032729998929426074,True,,1,0.1,0.09000000000000001,False,,0.0005916999944020063,
3559,RADIATION,RADIATION,523000.920497467,5696644.290406497,13,31,20.000000000058208,85760.31739546171,0.6072113397304411,ground_equivalent_excess_gamma_dose_rate,uSv/h,50.0,1.0,6360,0.0003328000020701438,True,,1,0.1,0.09000000000000001,False,,0.0005952999927103519,
3560,RADIATION,RADIATION,522980.9204974669,5696624.290406497,12,30,28.28427124750306,85788.60166670922,0.6232093020989125,ground_equivalent_excess_gamma_dose_rate,uSv/h,50.0,1.0,6360,0.0003293000045232475,True,,1,0.1,0.09000000000000001,False,,0.0005868000152986497,
3561,RADIATION,RADIATION,523000.920497467,5696644.290406497,13,31,28.28427124750306,85816.88593795673,0.6072113397304411,ground_equivalent_excess_gamma_dose_rate,uSv/h,50.0,1.0,6360,0.00033160002203658223,True,,1,0.1,0.09000000000000001,False,,0.0006083000043872744,
3562,RADIATION,RADIATION,523020.920497467,5696644.290406497,13,32,20.0,85836.88593795673,0.572532958590358,ground_equivalent_excess_gamma_dose_rate,uSv/h,50.0,1.0,6360,0.00033510001958347857,True,,1,0.1,0.09000000000000001,False,,0.0005841999955009669,
3563,RADIATION,RADIATION,523040.920497467,5696664.290406497,14,33,28.284271247461902,85865.1702092042,0.5765397944220811,ground_equivalent_excess_gamma_dose_rate,uSv/h,50.0,1.0,6360,0.0003242000238969922,True,,1,0.1,0.09000000000000001,False,,0.0005859000084456056,
3564,RADIATION,RADIATION,523060.920497467,5696684.290406497,15,34,28.284271247461902,85893.45448045166,0.5918426572009039,ground_equivalent_excess_gamma_dose_rate,uSv/h,50.0,1.0,6360,0.0003369000041857362,True,,1,0.1,0.09000000000000001,False,,0.0005858000076841563,
3565,RADIATION,RADIATION,523060.920497467,5696664.290406497,14,34,20.0,85913.45448045166,0.5501353078476989,ground_equivalent_excess_gamma_dose_rate,uSv/h,50.0,1.0,6360,0.00032479999936185777,True,,1,0.1,0.09000000000000001,False,,0.000585400004638359,
3566,RADIATION,RADIATION,523040.920497467,5696664.290406497,14,33,20.0,85933.45448045166,0.5765397944220811,ground_equivalent_excess_gamma_dose_rate,uSv/h,50.0,1.0,6360,0.0003262000100221485,True,,1,0.1,0.09000000000000001,False,,0.0005947999889031053,
3567,RADIATION,RADIATION,523040.920497467,5696644.290406497,13,33,20.0,85953.45448045166,0.5423791904768924,ground_equivalent_excess_gamma_dose_rate,uSv/h,50.0,1.0,6360,0.00033260000054724514,True,,1,0.1,0.09000000000000001,False,,0.0005874000198673457,
3568,RADIATION,RADIATION,523020.920497467,5696624.290406497,12,32,28.284271247461902,85981.73875169913,0.5438094574475698,ground_equivalent_excess_gamma_dose_rate,uSv/h,50.0,1.0,6360,0.00033760000951588154,True,,1,0.1,0.09000000000000001,False,,0.0005856000061612576,
3569,RADIATION,RADIATION,523040.920497467,5696644.290406497,13,33,28.284271247461902,86010.0230229466,0.5423791904768924,ground_equivalent_excess_gamma_dose_rate,uSv/h,50.0,1.0,6360,0.0003578999894671142,True,,1,0.1,0.09000000000000001,False,,0.0005848000000696629,
3570,RADIATION,RADIATION,523060.920497467,5696664.290406497,14,34,28.284271247461902,86038.30729419406,0.5501353078476989,ground_equivalent_excess_gamma_dose_rate,uSv/h,50.0,1.0,6360,0.0003349999897181988,True,,1,0.1,0.09000000000000001,False,,0.0006071999960113317,
3571,RADIATION,RADIATION,523080.920497467,5696684.290406497,15,35,28.284271247461902,86066.59156544153,0.5667071123164735,ground_equivalent_excess_gamma_dose_rate,uSv/h,50.0,1.0,6360,0.0003307999868411571,True,,1,0.1,0.09000000000000001,False,,0.000600200000917539,
3572,RADIATION,RADIATION,523100.920497467,5696704.290406497,16,36,28.284271247461902,86094.875836689,0.5911018405688817,ground_equivalent_excess_gamma_dose_rate,uSv/h,50.0,1.0,6360,0.0003324999997857958,True,,1,0.1,0.09000000000000001,False,,0.000589400005992502,
3573,RADIATION,RADIATION,523080.920497467,5696724.290406497,17,35,28.284271247461902,86123.16010793646,0.682300161226888,ground_equivalent_excess_gamma_dose_rate,uSv/h,50.0,1.0,6360,0.0003409000055398792,True,,1,0.1,0.09000000000000001,False,,0.000596199999563396,
3574,RADIATION,RADIATION,523100.920497467,5696724.290406497,17,36,20.0,86143.16010793646,0.653361858054138,ground_equivalent_excess_gamma_dose_rate,uSv/h,50.0,1.0,6360,0.0003386999887879938,True,,1,0.1,0.09000000000000001,False,,0.0005819999787490815,
3575,RADIATION,RADIATION,523120.920497467,5696744.290406497,18,37,28.284271247461902,86171.44437918393,0.695245396094581,ground_equivalent_excess_gamma_dose_rate,uSv/h,50.0,1.0,6360,0.0003327000013086945,True,,1,0.1,0.09000000000000001,False,,0.0005850000015925616,
3576,RADIATION,RADIATION,523140.920497467,5696744.290406497,18,38,20.0,86191.44437918393,0.6538810504024639,ground_equivalent_excess_gamma_dose_rate,uSv/h,50.0,1.0,6360,0.0003293000045232475,True,,1,0.1,0.09000000000000001,False,,0.000593400007346645,
3577,RADIATION,RADIATION,523120.920497467,5696764.290406497,19,37,28.284271247461902,86219.7286504314,0.7903655477613885,ground_equivalent_excess_gamma_dose_rate,uSv/h,50.0,1.0,6360,0.0003259000077378005,True,,1,0.1,0.09000000000000001,False,,0.0005762999935541302,
3578,RADIATION,RADIATION,523120.920497467,5696744.290406497,18,37,20.0,86239.7286504314,0.695245396094581,ground_equivalent_excess_gamma_dose_rate,uSv/h,50.0,1.0,6360,0.00032610000926069915,True,,1,0.1,0.09000000000000001,False,,0.0005884999991394579,
3579,RADIATION,RADIATION,523100.920497467,5696764.290406497,19,36,28.284271247461902,86268.01292167886,0.8368683565995918,ground_equivalent_excess_gamma_dose_rate,uSv/h,50.0,1.0,6360,0.0003406000032555312,True,,1,0.1,0.09000000000000001,False,,0.0005741000059060752,
3580,RADIATION,RADIATION,523100.920497467,5696784.290406497,20,36,20.0,86288.01292167886,0.9763855674161348,ground_equivalent_excess_gamma_dose_rate,uSv/h,50.0,1.0,6360,0.00033489998895674944,True,,1,0.1,0.09000000000000001,False,,0.000594900018768385,
3581,RADIATION,RADIATION,523080.920497467,5696804.290406497,21,35,28.284271247461902,86316.29719292633,1.2348435429324465,ground_equivalent_excess_gamma_dose_rate,uSv/h,50.0,1.0,6360,0.0003422000154387206,True,,1,0.1,0.09000000000000001,False,,0.0005870000168215483,
3582,RADIATION,RADIATION,523060.920497467,5696804.290406497,21,34,20.0,86336.29719292633,1.2725148178738463,ground_equivalent_excess_gamma_dose_rate,uSv/h,50.0,1.0,6360,0.00043960000039078295,True,,1,0.1,0.09000000000000001,False,,0.0005859000084456056,
3583,RADIATION,RADIATION,523060.920497467,5696784.290406497,20,34,20.0,86356.29719292633,1.0555710884006468,ground_equivalent_excess_gamma_dose_rate,uSv/h,50.0,1.0,6360,0.0003462999884504825,True,,1,0.1,0.09000000000000001,False,,0.0006328999879769981,
3584,RADIATION,RADIATION,523040.920497467,5696764.290406497,19,33,28.284271247461902,86384.5814641738,0.9197570709178744,ground_equivalent_excess_gamma_dose_rate,uSv/h,50.0,1.0,6360,0.00035450002178549767,True,,1,0.1,0.09000000000000001,False,,0.000588800001423806,
3585,RADIATION,RADIATION,523020.920497467,5696784.290406497,20,32,28.284271247461902,86412.86573542126,1.064287422942681,ground_equivalent_excess_gamma_dose_rate,uSv/h,50.0,1.0,6360,0.00034520000917837024,True,,1,0.1,0.09000000000000001,False,,0.0005872999900020659,
3586,RADIATION,RADIATION,523000.920497467,5696804.290406497,21,31,28.284271247461902,86441.15000666873,1.2139190325441982,ground_equivalent_excess_gamma_dose_rate,uSv/h,50.0,1.0,6360,0.00035110002500005066,True,,1,0.1,0.09000000000000001,False,,0.0006090000097174197,
3587,RADIATION,RADIATION,523000.920497467,5696824.290406497,22,31,20.0,86461.15000666873,1.446999653898286,ground_equivalent_excess_gamma_dose_rate,uSv/h,50.0,1.0,6360,0.00033140002051368356,True,,1,0.1,0.09000000000000001,False,,0.0005826999840792269,
3588,RADIATION,RADIATION,523020.920497467,5696844.290406497,23,32,28.284271247461902,86489.4342779162,1.9538767781614388,ground_equivalent_excess_gamma_dose_rate,uSv/h,50.0,1.0,6360,0.0003311999898869544,True,,1,0.1,0.09000000000000001,False,,0.0005992000224068761,
3589,RADIATION,RADIATION,523000.920497467,5696844.290406497,23,31,20.0,86509.4342779162,1.7821405292786237,ground_equivalent_excess_gamma_dose_rate,uSv/h,50.0,1.0,6360,0.00034139998024329543,True,,1,0.1,0.09000000000000001,False,,0.0005770999996457249,
3590,RADIATION,RADIATION,523000.920497467,5696864.290406497,24,31,20.0,86529.4342779162,2.275853580043821,ground_equivalent_excess_gamma_dose_rate,uSv/h,50.0,1.0,6360,0.00032920000376179814,True,,1,0.1,0.09000000000000001,False,,0.0005794000171590596,
3591,RADIATION,RADIATION,522980.9204974669,5696884.290406497,25,30,28.28427124750306,86557.7185491637,2.4066410511157406,ground_equivalent_excess_gamma_dose_rate,uSv/h,50.0,1.0,6360,0.0003364000003784895,True,,1,0.1,0.09000000000000001,False,,0.0005735000013373792,
3592,RADIATION,RADIATION,523000.920497467,5696864.290406497,24,31,28.28427124750306,86586.00282041122,2.275853580043821,ground_equivalent_excess_gamma_dose_rate,uSv/h,50.0,1.0,6360,0.0003315000212751329,True,,1,0.1,0.09000000000000001,False,,0.000583800021559,
3593,RADIATION,RADIATION,523000.920497467,5696884.290406497,25,31,20.0,86606.00282041122,3.0158539604924135,ground_equivalent_excess_gamma_dose_rate,uSv/h,50.0,1.0,6360,0.0003277999931015074,True,,1,0.1,0.09000000000000001,False,,0.0005994000239297748,
3594,RADIATION,RADIATION,522980.9204974669,5696864.290406497,24,30,28.28427124750306,86634.28709165873,1.9430580546542082,ground_equivalent_excess_gamma_dose_rate,uSv/h,50.0,1.0,6360,0.00032640001154504716,True,,1,0.1,0.09000000000000001,False,,0.0005784000095445663,
3595,RADIATION,RADIATION,523000.920497467,5696864.290406497,24,31,20.000000000058208,86654.28709165879,2.275853580043821,ground_equivalent_excess_gamma_dose_rate,uSv/h,50.0,1.0,6360,0.00032279998413287103,True,,1,0.1,0.09000000000000001,False,,0.000580700027057901,
3596,RADIATION,RADIATION,523020.920497467,5696884.290406497,25,32,28.284271247461902,86682.57136290625,3.7325523587856924,ground_equivalent_excess_gamma_dose_rate,uSv/h,50.0,1.0,6360,0.00033939999411813915,True,,1,0.1,0.09000000000000001,False,,0.0005890000029467046,
3597,RADIATION,RADIATION,523000.920497467,5696904.290406497,26,31,28.284271247461902,86710.85563415372,4.1146835185742,ground_equivalent_excess_gamma_dose_rate,uSv/h,50.0,1.0,6360,0.0003319999959785491,True,,1,0.1,0.09000000000000001,False,,0.0005887000006623566,
3598,RADIATION,RADIATION,523020.920497467,5696924.290406497,27,32,28.284271247461902,86739.13990540119,9.361501345733219,ground_equivalent_excess_gamma_dose_rate,uSv/h,50.0,1.0,6360,0.0003328000020701438,True,,1,0.1,0.09000000000000001,False,,0.0006031999946571887,
3599,RADIATION,RADIATION,523000.920497467,5696904.290406497,26,31,28.284271247461902,86767.42417664865,4.1146835185742,ground_equivalent_excess_gamma_dose_rate,uSv/h,50.0,1.0,6360,0.000322199979564175,True,,1,0.1,0.09000000000000001,False,,0.0005855999770574272,
3600,RADIATION,COMPLETE,523020.920497467,5696904.290406497,26,32,20.0,86787.42417664865,5.724439219177811,ground_equivalent_excess_gamma_dose_rate,uSv/h,50.0,1.0,6360,0.0003243999963160604,True,,1,0.1,0.09000000000000001,False,mission_limit_reached,0.0005926000012550503,
