controller_call_index,executed_step_index,mode_before,mode_after,moved,x_m,y_m,event_type,episode_index,entry_multiplier_initial,entry_threshold_current,exit_threshold_current,base_hazard_reference,trigger_measurement,radiation_quantity,radiation_unit,transition_reason,normal_route_interrupted,normal_route_replanned,mission_complete,completion_reason
0,0,NORMAL,NORMAL,True,522960.9204974669,5696984.290406497,,1,0.01,0.1,0.09000000000000001,10.0,0.0030870548547954025,ground_equivalent_excess_collision_air_kerma_rate,uGy/h,,False,False,False,
1,1,NORMAL,NORMAL,True,522940.9204974669,5696964.290406497,,1,0.01,0.1,0.09000000000000001,10.0,0.003105752338736326,ground_equivalent_excess_collision_air_kerma_rate,uGy/h,,False,False,False,
2,2,NORMAL,NORMAL,True,522920.9204974669,5696944.290406497,,1,0.01,0.1,0.09000000000000001,10.0,0.0029508072217812897,ground_equivalent_excess_collision_air_kerma_rate,uGy/h,,False,False,False,
3,3,NORMAL,NORMAL,True,522900.9204974669,5696924.290406497,,1,0.01,0.1,0.09000000000000001,10.0,0.00265492662895438,ground_equivalent_excess_collision_air_kerma_rate,uGy/h,,False,False,False,
4,4,NORMAL,NORMAL,True,522880.9204974669,5696904.290406497,,1,0.01,0.1,0.09000000000000001,10.0,0.0022760611046682352,ground_equivalent_excess_collision_air_kerma_rate,uGy/h,,False,False,False,
5,5,NORMAL,NORMAL,True,522860.9204974669,5696884.290406497,,1,0.01,0.1,0.09000000000000001,10.0,0.0018736054803968373,ground_equivalent_excess_collision_air_kerma_rate,uGy/h,,False,False,False,
6,6,NORMAL,NORMAL,True,522840.9204974669,5696864.290406497,,1,0.01,0.1,0.09000000000000001,10.0,0.0,ground_equivalent_excess_collision_air_kerma_rate,uGy/h,,False,False,False,
7,7,NORMAL,NORMAL,True,522820.9204974669,5696844.290406497,,1,0.01,0.1,0.09000000000000001,10.0,0.0,ground_equivalent_excess_collision_air_kerma_rate,uGy/h,,False,False,False,
8,8,NORMAL,NORMAL,True,522800.9204974669,5696824.290406497,,1,0.01,0.1,0.09000000000000001,10.0,0.0,ground_equivalent_excess_collision_air_kerma_rate,uGy/h,,False,False,False,
9,9,NORMAL,NORMAL,True,522820.9204974669,5696804.290406497,,1,0.01,0.1,0.09000000000000001,10.0,0.0,ground_equivalent_excess_collision_air_kerma_rate,uGy/h,,False,False,False,
10,10,NORMAL,NORMAL,True,522840.9204974669,5696784.290406497,,1,0.01,0.1,0.09000000000000001,10.0,0.0,ground_equivalent_excess_collision_air_kerma_rate,uGy/h,,False,False,False,
11,11,NORMAL,NORMAL,True,522820.9204974669,5696764.290406497,,1,0.01,0.1,0.09000000000000001,10.0,0.0,ground_equivalent_excess_collision_air_kerma_rate,uGy/h,,False,False,False,
12,12,NORMAL,NORMAL,True,522840.9204974669,5696744.290406497,,1,0.01,0.1,0.09000000000000001,10.0,0.0,ground_equivalent_excess_collision_air_kerma_rate,uGy/h,,False,False,False,
13,13,NORMAL,NORMAL,True,522860.9204974669,5696724.290406497,,1,0.01,0.1,0.09000000000000001,10.0,0.002125833407202124,ground_equivalent_excess_collision_air_kerma_rate,uGy/h,,False,False,False,
14,14,NORMAL,NORMAL,True,522840.9204974669,5696704.290406497,,1,0.01,0.1,0.09000000000000001,10.0,0.0,ground_equivalent_excess_collision_air_kerma_rate,uGy/h,,False,False,False,
15,15,NORMAL,NORMAL,True,522820.9204974669,5696684.290406497,,1,0.01,0.1,0.09000000000000001,10.0,0.0,ground_equivalent_excess_collision_air_kerma_rate,uGy/h,,False,False,False,
16,16,NORMAL,NORMAL,True,522800.9204974669,5696664.290406497,,1,0.01,0.1,0.09000000000000001,10.0,0.0,ground_equivalent_excess_collision_air_kerma_rate,uGy/h,,False,False,False,
17,17,NORMAL,NORMAL,True,522820.9204974669,5696644.290406497,,1,0.01,0.1,0.09000000000000001,10.0,0.0,ground_equivalent_excess_collision_air_kerma_rate,uGy/h,,False,False,False,
18,18,NORMAL,NORMAL,True,522820.9204974669,5696624.290406497,,1,0.01,0.1,0.09000000000000001,10.0,0.0,ground_equivalent_excess_collision_air_kerma_rate,uGy/h,,False,False,False,
19,19,NORMAL,NORMAL,True,522820.9204974669,5696604.290406497,,1,0.01,0.1,0.09000000000000001,10.0,0.0,ground_equivalent_excess_collision_air_kerma_rate,uGy/h,,False,False,False,
20,20,NORMAL,NORMAL,True,522800.9204974669,5696584.290406497,,1,0.01,0.1,0.09000000000000001,10.0,0.0,ground_equivalent_excess_collision_air_kerma_rate,uGy/h,,False,False,False,
21,21,NORMAL,NORMAL,True,522800.9204974669,5696564.290406497,,1,0.01,0.1,0.09000000000000001,10.0,0.0,ground_equivalent_excess_collision_air_kerma_rate,uGy/h,,False,False,False,
22,22,NORMAL,NORMAL,True,522780.9204974669,5696544.290406497,,1,0.01,0.1,0.09000000000000001,10.0,0.0,ground_equivalent_excess_collision_air_kerma_rate,uGy/h,,False,False,False,
23,23,NORMAL,NORMAL,True,522760.9204974669,5696544.290406497,,1,0.01,0.1,0.09000000000000001,10.0,0.0,ground_equivalent_excess_collision_air_kerma_rate,uGy/h,,False,False,False,
24,24,NORMAL,NORMAL,True,522740.9204974669,5696544.290406497,,1,0.01,0.1,0.09000000000000001,10.0,0.0,ground_equivalent_excess_collision_air_kerma_rate,uGy/h,,False,False,False,
25,25,NORMAL,NORMAL,True,522720.9204974669,5696544.290406497,,1,0.01,0.1,0.09000000000000001,10.0,0.0,ground_equivalent_excess_collision_air_kerma_rate,uGy/h,,False,False,False,
26,26,NORMAL,NORMAL,True,522700.9204974669,5696544.290406497,,1,0.01,0.1,0.09000000000000001,10.0,0.0,ground_equivalent_excess_collision_air_kerma_rate,uGy/h,,False,False,False,
27,27,NORMAL,NORMAL,True,522680.9204974669,5696544.290406497,,1,0.01,0.1,0.09000000000000001,10.0,0.0,ground_equivalent_excess_collision_air_kerma_rate,uGy/h,,False,False,False,
28,28,NORMAL,NORMAL,True,522660.9204974669,5696544.290406497,,1,0.01,0.1,0.09000000000000001,10.0,0.0,ground_equivalent_excess_collision_air_kerma_rate,uGy/h,,False,False,False,
29,29,NORMAL,NORMAL,True,522640.9204974669,5696544.290406497,,1,0.01,0.1,0.09000000000000001,10.0,0.0,ground_equivalent_excess_collision_air_kerma_rate,uGy/h,,False,False,False,
30,30,NORMAL,NORMAL,True,522620.9204974669,5696564.290406497,,1,0.01,0.1,0.09000000000000001,10.0,0.0,ground_equivalent_excess_collision_air_kerma_rate,uGy/h,,False,False,False,
31,31,NORMAL,NORMAL,True,522600.9204974669,5696564.290406497,,1,0.01,0.1,0.09000000000000001,10.0,0.0,ground_equivalent_excess_collision_air_kerma_rate,uGy/h,,False,False,False,
32,32,NORMAL,NORMAL,True,522580.9204974669,5696584.290406497,,1,0.01,0.1,0.09000000000000001,10.0,0.0,ground_equivalent_excess_collision_air_kerma_rate,uGy/h,,False,False,False,
33,33,NORMAL,NORMAL,True,522600.9204974669,5696604.290406497,,1,0.01,0.1,0.09000000000000001,10.0,0.0,ground_equivalent_excess_collision_air_kerma_rate,uGy/h,,False,False,False,
34,34,NORMAL,NORMAL,True,522620.9204974669,5696624.290406497,,1,0.01,0.1,0.09000000000000001,10.0,0.0,ground_equivalent_excess_collision_air_kerma_rate,uGy/h,,False,False,False,
35,35,NORMAL,NORMAL,True,522620.9204974669,5696644.290406497,,1,0.01,0.1,0.09000000000000001,10.0,0.0,ground_equivalent_excess_collision_air_kerma_rate,uGy/h,,False,False,False,
36,36,NORMAL,NORMAL,True,522640.9204974669,5696664.290406497,,1,0.01,0.1,0.09000000000000001,10.0,0.0,ground_equivalent_excess_collision_air_kerma_rate,uGy/h,,False,False,False,
37,37,NORMAL,NORMAL,True,522640.9204974669,5696684.290406497,,1,0.01,0.1,0.09000000000000001,10.0,0.0,ground_equivalent_excess_collision_air_kerma_rate,uGy/h,,False,False,False,
38,38,NORMAL,NORMAL,True,522640.9204974669,5696704.290406497,,1,0.01,0.1,0.09000000000000001,10.0,0.0,ground_equivalent_excess_collision_air_kerma_rate,uGy/h,,False,False,False,
39,39,NORMAL,NORMAL,True,522660.9204974669,5696724.290406497,,1,0.01,0.1,0.09000000000000001,10.0,0.0,ground_equivalent_excess_collision_air_kerma_rate,uGy/h,,False,False,False,
40,40,NORMAL,NORMAL,True,522660.9204974669,5696744.290406497,,1,0.01,0.1,0.09000000000000001,10.0,0.0,ground_equivalent_excess_collision_air_kerma_rate,uGy/h,,False,False,False,
41,41,NORMAL,NORMAL,True,522660.9204974669,5696764.290406497,,1,0.01,0.1,0.09000000000000001,10.0,0.0,ground_equivalent_excess_collision_air_kerma_rate,uGy/h,,False,False,False,
42,42,NORMAL,NORMAL,True,522660.9204974669,5696784.290406497,,1,0.01,0.1,0.09000000000000001,10.0,0.0,ground_equivalent_excess_collision_air_kerma_rate,uGy/h,,False,False,False,
43,43,NORMAL,NORMAL,True,522660.9204974669,5696804.290406497,,1,0.01,0.1,0.09000000000000001,10.0,0.0,ground_equivalent_excess_collision_air_kerma_rate,uGy/h,,False,False,False,
44,44,NORMAL,NORMAL,True,522660.9204974669,5696824.290406497,,1,0.01,0.1,0.09000000000000001,10.0,0.0,ground_equivalent_excess_collision_air_kerma_rate,uGy/h,,False,False,False,
45,45,NORMAL,NORMAL,True,522640.9204974669,5696844.290406497,,1,0.01,0.1,0.09000000000000001,10.0,0.0,ground_equivalent_excess_collision_air_kerma_rate,uGy/h,,False,False,False,
46,46,NORMAL,NORMAL,True,522640.9204974669,5696864.290406497,,1,0.01,0.1,0.09000000000000001,10.0,0.0,ground_equivalent_excess_collision_air_kerma_rate,uGy/h,,False,False,False,
47,47,NORMAL,NORMAL,True,522620.9204974669,5696884.290406497,,1,0.01,0.1,0.09000000000000001,10.0,0.0,ground_equivalent_excess_collision_air_kerma_rate,uGy/h,,False,False,False,
48,48,NORMAL,NORMAL,True,522600.9204974669,5696884.290406497,,1,0.01,0.1,0.09000000000000001,10.0,0.0,ground_equivalent_excess_collision_air_kerma_rate,uGy/h,,False,False,False,
49,49,NORMAL,NORMAL,True,522580.9204974669,5696884.290406497,,1,0.01,0.1,0.09000000000000001,10.0,0.0,ground_equivalent_excess_collision_air_kerma_rate,uGy/h,,False,False,False,
50,50,NORMAL,NORMAL,True,522560.9204974669,5696884.290406497,,1,0.01,0.1,0.09000000000000001,10.0,0.0,ground_equivalent_excess_collision_air_kerma_rate,uGy/h,,False,False,False,
51,51,NORMAL,NORMAL,True,522540.9204974669,5696864.290406497,,1,0.01,0.1,0.09000000000000001,10.0,0.0,ground_equivalent_excess_collision_air_kerma_rate,uGy/h,,False,False,False,
52,52,NORMAL,NORMAL,True,522520.9204974669,5696864.290406497,,1,0.01,0.1,0.09000000000000001,10.0,0.0,ground_equivalent_excess_collision_air_kerma_rate,uGy/h,,False,False,False,
53,53,NORMAL,NORMAL,True,522500.9204974669,5696844.290406497,,1,0.01,0.1,0.09000000000000001,10.0,0.0,ground_equivalent_excess_collision_air_kerma_rate,uGy/h,,False,False,False,
54,54,NORMAL,NORMAL,True,522500.9204974669,5696824.290406497,,1,0.01,0.1,0.09000000000000001,10.0,0.0,ground_equivalent_excess_collision_air_kerma_rate,uGy/h,,False,False,False,
55,55,NORMAL,NORMAL,True,522500.9204974669,5696804.290406497,,1,0.01,0.1,0.09000000000000001,10.0,0.0,ground_equivalent_excess_collision_air_kerma_rate,uGy/h,,False,False,False,
56,56,NORMAL,NORMAL,True,522500.9204974669,5696784.290406497,,1,0.01,0.1,0.09000000000000001,10.0,0.0,ground_equivalent_excess_collision_air_kerma_rate,uGy/h,,False,False,False,
57,57,NORMAL,NORMAL,True,522480.9204974669,5696764.290406497,,1,0.01,0.1,0.09000000000000001,10.0,0.0,ground_equivalent_excess_collision_air_kerma_rate,uGy/h,,False,False,False,
58,58,NORMAL,NORMAL,True,522500.9204974669,5696744.290406497,,1,0.01,0.1,0.09000000000000001,10.0,0.0,ground_equivalent_excess_collision_air_kerma_rate,uGy/h,,False,False,False,
59,59,NORMAL,NORMAL,True,522520.9204974669,5696724.290406497,,1,0.01,0.1,0.09000000000000001,10.0,0.0,ground_equivalent_excess_collision_air_kerma_rate,uGy/h,,False,False,False,
60,60,NORMAL,NORMAL,True,522520.9204974669,5696704.290406497,,1,0.01,0.1,0.09000000000000001,10.0,0.0,ground_equivalent_excess_collision_air_kerma_rate,uGy/h,,False,False,False,
61,61,NORMAL,NORMAL,True,522540.9204974669,5696684.290406497,,1,0.01,0.1,0.09000000000000001,10.0,0.0,ground_equivalent_excess_collision_air_kerma_rate,uGy/h,,False,False,False,
62,62,NORMAL,NORMAL,True,522540.9204974669,5696664.290406497,,1,0.01,0.1,0.09000000000000001,10.0,0.0,ground_equivalent_excess_collision_air_kerma_rate,uGy/h,,False,False,False,
63,63,NORMAL,NORMAL,True,522560.9204974669,5696644.290406497,,1,0.01,0.1,0.09000000000000001,10.0,0.0,ground_equivalent_excess_collision_air_kerma_rate,uGy/h,,False,False,False,
64,64,NORMAL,NORMAL,True,522560.9204974669,5696624.290406497,,1,0.01,0.1,0.09000000000000001,10.0,0.0,ground_equivalent_excess_collision_air_kerma_rate,uGy/h,,False,False,False,
65,65,NORMAL,NORMAL,True,522540.9204974669,5696604.290406497,,1,0.01,0.1,0.09000000000000001,10.0,0.0,ground_equivalent_excess_collision_air_kerma_rate,uGy/h,,False,False,False,
66,66,NORMAL,NORMAL,True,522520.9204974669,5696624.290406497,,1,0.01,0.1,0.09000000000000001,10.0,0.0,ground_equivalent_excess_collision_air_kerma_rate,uGy/h,,False,False,False,
67,67,NORMAL,NORMAL,True,522500.9204974669,5696644.290406497,,1,0.01,0.1,0.09000000000000001,10.0,0.0,ground_equivalent_excess_collision_air_kerma_rate,uGy/h,,False,False,False,
68,68,NORMAL,NORMAL,True,522480.9204974669,5696664.290406497,,1,0.01,0.1,0.09000000000000001,10.0,0.0,ground_equivalent_excess_collision_air_kerma_rate,uGy/h,,False,False,False,
69,69,NORMAL,NORMAL,True,522480.9204974669,5696684.290406497,,1,0.01,0.1,0.09000000000000001,10.0,0.0,ground_equivalent_excess_collision_air_kerma_rate,uGy/h,,False,False,False,
70,70,NORMAL,NORMAL,True,522460.9204974669,5696704.290406497,,1,0.01,0.1,0.09000000000000001,10.0,0.0,ground_equivalent_excess_collision_air_kerma_rate,uGy/h,,False,False,False,
71,71,NORMAL,NORMAL,True,522460.9204974669,5696724.290406497,,1,0.01,0.1,0.09000000000000001,10.0,0.0,ground_equivalent_excess_collision_air_kerma_rate,uGy/h,,False,False,False,
72,72,NORMAL,NORMAL,True,522440.9204974669,5696744.290406497,,1,0.01,0.1,0.09000000000000001,10.0,0.0,ground_equivalent_excess_collision_air_kerma_rate,uGy/h,,False,False,False,
73,73,NORMAL,NORMAL,True,522420.9204974669,5696764.290406497,,1,0.01,0.1,0.09000000000000001,10.0,0.0,ground_equivalent_excess_collision_air_kerma_rate,uGy/h,,False,False,False,
74,74,NORMAL,NORMAL,True,522440.9204974669,5696784.290406497,,1,0.01,0.1,0.09000000000000001,10.0,0.0,ground_equivalent_excess_collision_air_kerma_rate,uGy/h,,False,False,False,
75,75,NORMAL,NORMAL,True,522440.9204974669,5696804.290406497,,1,0.01,0.1,0.09000000000000001,10.0,0.0,ground_equivalent_excess_collision_air_kerma_rate,uGy/h,,False,False,False,
76,76,NORMAL,NORMAL,True,522440.9204974669,5696824.290406497,,1,0.01,0.1,0.09000000000000001,10.0,0.0,ground_equivalent_excess_collision_air_kerma_rate,uGy/h,,False,False,False,
77,77,NORMAL,NORMAL,True,522440.9204974669,5696844.290406497,,1,0.01,0.1,0.09000000000000001,10.0,0.0,ground_equivalent_excess_collision_air_kerma_rate,uGy/h,,False,False,False,
78,78,NORMAL,NORMAL,True,522460.9204974669,5696864.290406497,,1,0.01,0.1,0.09000000000000001,10.0,0.0,ground_equivalent_excess_collision_air_kerma_rate,uGy/h,,False,False,False,
79,79,NORMAL,NORMAL,True,522480.9204974669,5696884.290406497,,1,0.01,0.1,0.09000000000000001,10.0,0.0,ground_equivalent_excess_collision_air_kerma_rate,uGy/h,,False,False,False,
80,80,NORMAL,NORMAL,True,522480.9204974669,5696904.290406497,,1,0.01,0.1,0.09000000000000001,10.0,0.0,ground_equivalent_excess_collision_air_kerma_rate,uGy/h,,False,False,False,
81,81,NORMAL,NORMAL,True,522480.9204974669,5696924.290406497,,1,0.01,0.1,0.09000000000000001,10.0,0.0,ground_equivalent_excess_collision_air_kerma_rate,uGy/h,,False,False,False,
82,82,NORMAL,NORMAL,True,522480.9204974669,5696944.290406497,,1,0.01,0.1,0.09000000000000001,10.0,0.0,ground_equivalent_excess_collision_air_kerma_rate,uGy/h,,False,False,False,
83,83,NORMAL,NORMAL,True,522480.9204974669,5696964.290406497,,1,0.01,0.1,0.09000000000000001,10.0,0.0,ground_equivalent_excess_collision_air_kerma_rate,uGy/h,,False,False,False,
84,84,NORMAL,NORMAL,True,522500.9204974669,5696984.290406497,,1,0.01,0.1,0.09000000000000001,10.0,0.0,ground_equivalent_excess_collision_air_kerma_rate,uGy/h,,False,False,False,
85,85,NORMAL,NORMAL,True,522520.9204974669,5696984.290406497,,1,0.01,0.1,0.09000000000000001,10.0,0.0,ground_equivalent_excess_collision_air_kerma_rate,uGy/h,,False,False,False,
86,86,NORMAL,NORMAL,True,522540.9204974669,5696984.290406497,,1,0.01,0.1,0.09000000000000001,10.0,0.0,ground_equivalent_excess_collision_air_kerma_rate,uGy/h,,False,False,False,
87,87,NORMAL,NORMAL,True,522560.9204974669,5696984.290406497,,1,0.01,0.1,0.09000000000000001,10.0,0.0,ground_equivalent_excess_collision_air_kerma_rate,uGy/h,,False,False,False,
88,88,NORMAL,NORMAL,True,522580.9204974669,5696984.290406497,,1,0.01,0.1,0.09000000000000001,10.0,0.0,ground_equivalent_excess_collision_air_kerma_rate,uGy/h,,False,False,False,
89,89,NORMAL,NORMAL,True,522600.9204974669,5696964.290406497,,1,0.01,0.1,0.09000000000000001,10.0,0.0,ground_equivalent_excess_collision_air_kerma_rate,uGy/h,,False,False,False,
90,90,NORMAL,NORMAL,True,522600.9204974669,5696944.290406497,,1,0.01,0.1,0.09000000000000001,10.0,0.0,ground_equivalent_excess_collision_air_kerma_rate,uGy/h,,False,False,False,
91,91,NORMAL,NORMAL,True,522600.9204974669,5696924.290406497,,1,0.01,0.1,0.09000000000000001,10.0,0.0,ground_equivalent_excess_collision_air_kerma_rate,uGy/h,,False,False,False,
92,92,NORMAL,NORMAL,True,522620.9204974669,5696904.290406497,,1,0.01,0.1,0.09000000000000001,10.0,0.0,ground_equivalent_excess_collision_air_kerma_rate,uGy/h,,False,False,False,
93,93,NORMAL,NORMAL,True,522640.9204974669,5696924.290406497,,1,0.01,0.1,0.09000000000000001,10.0,0.0,ground_equivalent_excess_collision_air_kerma_rate,uGy/h,,False,False,False,
94,94,NORMAL,NORMAL,True,522660.9204974669,5696904.290406497,,1,0.01,0.1,0.09000000000000001,10.0,0.0,ground_equivalent_excess_collision_air_kerma_rate,uGy/h,,False,False,False,
95,95,NORMAL,NORMAL,True,522680.9204974669,5696904.290406497,,1,0.01,0.1,0.09000000000000001,10.0,0.0,ground_equivalent_excess_collision_air_kerma_rate,uGy/h,,False,False,False,
96,96,NORMAL,NORMAL,True,522700.9204974669,5696904.290406497,,1,0.01,0.1,0.09000000000000001,10.0,0.0,ground_equivalent_excess_collision_air_kerma_rate,uGy/h,,False,False,False,
97,97,NORMAL,NORMAL,True,522720.9204974669,5696904.290406497,,1,0.01,0.1,0.09000000000000001,10.0,0.0,ground_equivalent_excess_collision_air_kerma_rate,uGy/h,,False,False,False,
98,98,NORMAL,NORMAL,True,522740.9204974669,5696904.290406497,,1,0.01,0.1,0.09000000000000001,10.0,0.0,ground_equivalent_excess_collision_air_kerma_rate,uGy/h,,False,False,False,
99,99,NORMAL,NORMAL,True,522760.9204974669,5696884.290406497,,1,0.01,0.1,0.09000000000000001,10.0,0.0,ground_equivalent_excess_collision_air_kerma_rate,uGy/h,,False,False,False,
100,100,NORMAL,NORMAL,True,522780.9204974669,5696864.290406497,,1,0.01,0.1,0.09000000000000001,10.0,0.0,ground_equivalent_excess_collision_air_kerma_rate,uGy/h,,False,False,False,
101,101,NORMAL,NORMAL,True,522760.9204974669,5696844.290406497,,1,0.01,0.1,0.09000000000000001,10.0,0.0,ground_equivalent_excess_collision_air_kerma_rate,uGy/h,,False,False,False,
102,102,NORMAL,NORMAL,True,522740.9204974669,5696824.290406497,,1,0.01,0.1,0.09000000000000001,10.0,0.0,ground_equivalent_excess_collision_air_kerma_rate,uGy/h,,False,False,False,
103,103,NORMAL,NORMAL,True,522720.9204974669,5696804.290406497,,1,0.01,0.1,0.09000000000000001,10.0,0.0,ground_equivalent_excess_collision_air_kerma_rate,uGy/h,,False,False,False,
104,104,NORMAL,NORMAL,True,522720.9204974669,5696784.290406497,,1,0.01,0.1,0.09000000000000001,10.0,0.0,ground_equivalent_excess_collision_air_kerma_rate,uGy/h,,False,False,False,
105,105,NORMAL,NORMAL,True,522720.9204974669,5696764.290406497,,1,0.01,0.1,0.09000000000000001,10.0,0.0,ground_equivalent_excess_collision_air_kerma_rate,uGy/h,,False,False,False,
106,106,NORMAL,NORMAL,True,522720.9204974669,5696744.290406497,,1,0.01,0.1,0.09000000000000001,10.0,0.0,ground_equivalent_excess_collision_air_kerma_rate,uGy/h,,False,False,False,
107,107,NORMAL,NORMAL,True,522720.9204974669,5696724.290406497,,1,0.01,0.1,0.09000000000000001,10.0,0.0,ground_equivalent_excess_collision_air_kerma_rate,uGy/h,,False,False,False,
108,108,NORMAL,NORMAL,True,522740.9204974669,5696704.290406497,,1,0.01,0.1,0.09000000000000001,10.0,0.0,ground_equivalent_excess_collision_air_kerma_rate,uGy/h,,False,False,False,
109,109,NORMAL,NORMAL,True,522760.9204974669,5696684.290406497,,1,0.01,0.1,0.09000000000000001,10.0,0.0,ground_equivalent_excess_collision_air_kerma_rate,uGy/h,,False,False,False,
110,110,NORMAL,NORMAL,True,522740.9204974669,5696664.290406497,,1,0.01,0.1,0.09000000000000001,10.0,0.0,ground_equivalent_excess_collision_air_kerma_rate,uGy/h,,False,False,False,
111,111,NORMAL,NORMAL,True,522760.9204974669,5696644.290406497,,1,0.01,0.1,0.09000000000000001,10.0,0.0,ground_equivalent_excess_collision_air_kerma_rate,uGy/h,,False,False,False,
112,112,NORMAL,NORMAL,True,522760.9204974669,5696624.290406497,,1,0.01,0.1,0.09000000000000001,10.0,0.0,ground_equivalent_excess_collision_air_kerma_rate,uGy/h,,False,False,False,
113,113,NORMAL,NORMAL,True,522760.9204974669,5696604.290406497,,1,0.01,0.1,0.09000000000000001,10.0,0.0,ground_equivalent_excess_collision_air_kerma_rate,uGy/h,,False,False,False,
114,114,NORMAL,NORMAL,True,522740.9204974669,5696604.290406497,,1,0.01,0.1,0.09000000000000001,10.0,0.0,ground_equivalent_excess_collision_air_kerma_rate,uGy/h,,False,False,False,
115,115,NORMAL,NORMAL,True,522720.9204974669,5696624.290406497,,1,0.01,0.1,0.09000000000000001,10.0,0.0,ground_equivalent_excess_collision_air_kerma_rate,uGy/h,,False,False,False,
116,116,NORMAL,NORMAL,True,522700.9204974669,5696644.290406497,,1,0.01,0.1,0.09000000000000001,10.0,0.0,ground_equivalent_excess_collision_air_kerma_rate,uGy/h,,False,False,False,
117,117,NORMAL,NORMAL,True,522680.9204974669,5696644.290406497,,1,0.01,0.1,0.09000000000000001,10.0,0.0,ground_equivalent_excess_collision_air_kerma_rate,uGy/h,,False,False,False,
118,118,NORMAL,NORMAL,True,522680.9204974669,5696624.290406497,,1,0.01,0.1,0.09000000000000001,10.0,0.0,ground_equivalent_excess_collision_air_kerma_rate,uGy/h,,False,False,False,
119,119,NORMAL,NORMAL,True,522680.9204974669,5696604.290406497,,1,0.01,0.1,0.09000000000000001,10.0,0.0,ground_equivalent_excess_collision_air_kerma_rate,uGy/h,,False,False,False,
120,120,NORMAL,NORMAL,True,522700.9204974669,5696584.290406497,,1,0.01,0.1,0.09000000000000001,10.0,0.0,ground_equivalent_excess_collision_air_kerma_rate,uGy/h,,False,False,False,
121,121,NORMAL,NORMAL,True,522680.9204974669,5696584.290406497,,1,0.01,0.1,0.09000000000000001,10.0,0.0,ground_equivalent_excess_collision_air_kerma_rate,uGy/h,,False,False,False,
122,122,NORMAL,NORMAL,True,522660.9204974669,5696604.290406497,,1,0.01,0.1,0.09000000000000001,10.0,0.0,ground_equivalent_excess_collision_air_kerma_rate,uGy/h,,False,False,False,
123,123,NORMAL,NORMAL,True,522640.9204974669,5696584.290406497,,1,0.01,0.1,0.09000000000000001,10.0,0.0,ground_equivalent_excess_collision_air_kerma_rate,uGy/h,,False,False,False,
124,124,NORMAL,NORMAL,True,522620.9204974669,5696564.290406497,,1,0.01,0.1,0.09000000000000001,10.0,0.0,ground_equivalent_excess_collision_air_kerma_rate,uGy/h,,False,False,False,
125,125,NORMAL,NORMAL,True,522600.9204974669,5696544.290406497,,1,0.01,0.1,0.09000000000000001,10.0,0.0,ground_equivalent_excess_collision_air_kerma_rate,uGy/h,,False,False,False,
126,126,NORMAL,NORMAL,True,522600.9204974669,5696524.290406497,,1,0.01,0.1,0.09000000000000001,10.0,0.0,ground_equivalent_excess_collision_air_kerma_rate,uGy/h,,False,False,False,
127,127,NORMAL,NORMAL,True,522620.9204974669,5696504.290406497,,1,0.01,0.1,0.09000000000000001,10.0,0.0,ground_equivalent_excess_collision_air_kerma_rate,uGy/h,,False,False,False,
128,128,NORMAL,NORMAL,True,522640.9204974669,5696484.290406497,,1,0.01,0.1,0.09000000000000001,10.0,0.0,ground_equivalent_excess_collision_air_kerma_rate,uGy/h,,False,False,False,
129,129,NORMAL,NORMAL,True,522660.9204974669,5696484.290406497,,1,0.01,0.1,0.09000000000000001,10.0,0.0,ground_equivalent_excess_collision_air_kerma_rate,uGy/h,,False,False,False,
130,130,NORMAL,NORMAL,True,522680.9204974669,5696484.290406497,,1,0.01,0.1,0.09000000000000001,10.0,0.0,ground_equivalent_excess_collision_air_kerma_rate,uGy/h,,False,False,False,
131,131,NORMAL,NORMAL,True,522700.9204974669,5696484.290406497,,1,0.01,0.1,0.09000000000000001,10.0,0.0,ground_equivalent_excess_collision_air_kerma_rate,uGy/h,,False,False,False,
132,132,NORMAL,NORMAL,True,522720.9204974669,5696484.290406497,,1,0.01,0.1,0.09000000000000001,10.0,0.0,ground_equivalent_excess_collision_air_kerma_rate,uGy/h,,False,False,False,
133,133,NORMAL,NORMAL,True,522740.9204974669,5696484.290406497,,1,0.01,0.1,0.09000000000000001,10.0,0.0,ground_equivalent_excess_collision_air_kerma_rate,uGy/h,,False,False,False,
134,134,NORMAL,NORMAL,True,522760.9204974669,5696484.290406497,,1,0.01,0.1,0.09000000000000001,10.0,0.0,ground_equivalent_excess_collision_air_kerma_rate,uGy/h,,False,False,False,
135,135,NORMAL,NORMAL,True,522780.9204974669,5696484.290406497,,1,0.01,0.1,0.09000000000000001,10.0,0.0,ground_equivalent_excess_collision_air_kerma_rate,uGy/h,,False,False,False,
136,136,NORMAL,NORMAL,True,522800.9204974669,5696484.290406497,,1,0.01,0.1,0.09000000000000001,10.0,0.0,ground_equivalent_excess_collision_air_kerma_rate,uGy/h,,False,False,False,
137,137,NORMAL,NORMAL,True,522820.9204974669,5696504.290406497,,1,0.01,0.1,0.09000000000000001,10.0,0.0,ground_equivalent_excess_collision_air_kerma_rate,uGy/h,,False,False,False,
138,138,NORMAL,NORMAL,True,522840.9204974669,5696524.290406497,,1,0.01,0.1,0.09000000000000001,10.0,0.0,ground_equivalent_excess_collision_air_kerma_rate,uGy/h,,False,False,False,
139,139,NORMAL,NORMAL,True,522860.9204974669,5696544.290406497,,1,0.01,0.1,0.09000000000000001,10.0,0.0005267320074776624,ground_equivalent_excess_collision_air_kerma_rate,uGy/h,,False,False,False,
140,140,NORMAL,NORMAL,True,522880.9204974669,5696564.290406497,,1,0.01,0.1,0.09000000000000001,10.0,0.0008128381609700241,ground_equivalent_excess_collision_air_kerma_rate,uGy/h,,False,False,False,
141,141,NORMAL,NORMAL,True,522900.9204974669,5696584.290406497,,1,0.01,0.1,0.09000000000000001,10.0,0.001275601408587343,ground_equivalent_excess_collision_air_kerma_rate,uGy/h,,False,False,False,
142,142,NORMAL,NORMAL,True,522920.9204974669,5696584.290406497,,1,0.01,0.1,0.09000000000000001,10.0,0.0016225749925806352,ground_equivalent_excess_collision_air_kerma_rate,uGy/h,,False,False,False,
143,143,NORMAL,NORMAL,True,522940.9204974669,5696604.290406497,,1,0.01,0.1,0.09000000000000001,10.0,0.002634315136496844,ground_equivalent_excess_collision_air_kerma_rate,uGy/h,,False,False,False,
144,144,NORMAL,NORMAL,True,522960.9204974669,5696604.290406497,,1,0.01,0.1,0.09000000000000001,10.0,0.003373769877709472,ground_equivalent_excess_collision_air_kerma_rate,uGy/h,,False,False,False,
145,145,NORMAL,NORMAL,True,522980.9204974669,5696604.290406497,,1,0.01,0.1,0.09000000000000001,10.0,0.004279838122345181,ground_equivalent_excess_collision_air_kerma_rate,uGy/h,,False,False,False,
146,146,NORMAL,NORMAL,True,523000.920497467,5696624.290406497,,1,0.01,0.1,0.09000000000000001,10.0,0.00738944947611183,ground_equivalent_excess_collision_air_kerma_rate,uGy/h,,False,False,False,
147,147,NORMAL,NORMAL,True,523020.920497467,5696624.290406497,,1,0.01,0.1,0.09000000000000001,10.0,0.009337348507987115,ground_equivalent_excess_collision_air_kerma_rate,uGy/h,,False,False,False,
148,148,NORMAL,NORMAL,True,523040.920497467,5696644.290406497,,1,0.01,0.1,0.09000000000000001,10.0,0.017170979888830238,ground_equivalent_excess_collision_air_kerma_rate,uGy/h,,False,False,False,
149,149,NORMAL,NORMAL,True,523060.920497467,5696644.290406497,,1,0.01,0.1,0.09000000000000001,10.0,0.021065163597688213,ground_equivalent_excess_collision_air_kerma_rate,uGy/h,,False,False,False,
150,150,NORMAL,NORMAL,True,523080.920497467,5696644.290406497,,1,0.01,0.1,0.09000000000000001,10.0,0.02465933016231652,ground_equivalent_excess_collision_air_kerma_rate,uGy/h,,False,False,False,
151,151,NORMAL,NORMAL,True,523100.920497467,5696664.290406497,,1,0.01,0.1,0.09000000000000001,10.0,0.04602013068799906,ground_equivalent_excess_collision_air_kerma_rate,uGy/h,,False,False,False,
152,152,NORMAL,NORMAL,True,523120.920497467,5696664.290406497,,1,0.01,0.1,0.09000000000000001,10.0,0.049409595469428386,ground_equivalent_excess_collision_air_kerma_rate,uGy/h,,False,False,False,
153,153,NORMAL,NORMAL,True,523140.920497467,5696684.290406497,,1,0.01,0.1,0.09000000000000001,10.0,0.09270217014035023,ground_equivalent_excess_collision_air_kerma_rate,uGy/h,,False,False,False,
154,154,NORMAL,NORMAL,True,523160.920497467,5696684.290406497,,1,0.01,0.1,0.09000000000000001,10.0,0.09294969697051125,ground_equivalent_excess_collision_air_kerma_rate,uGy/h,,False,False,False,
155,155,NORMAL,NORMAL,True,523180.920497467,5696684.290406497,,1,0.01,0.1,0.09000000000000001,10.0,0.09075933285000845,ground_equivalent_excess_collision_air_kerma_rate,uGy/h,,False,False,False,
156,156,NORMAL,NORMAL,True,523200.920497467,5696684.290406497,,1,0.01,0.1,0.09000000000000001,10.0,0.08568890227129672,ground_equivalent_excess_collision_air_kerma_rate,uGy/h,,False,False,False,
157,157,NORMAL,NORMAL,True,523220.920497467,5696684.290406497,,1,0.01,0.1,0.09000000000000001,10.0,0.07681853144271424,ground_equivalent_excess_collision_air_kerma_rate,uGy/h,,False,False,False,
158,158,NORMAL,RADIATION,True,523240.920497467,5696704.290406497,ENTER,1,0.01,0.1,0.09000000000000001,10.0,0.14067611599041563,ground_equivalent_excess_collision_air_kerma_rate,uGy/h,hazard_enter_threshold,True,False,False,
159,159,RADIATION,NORMAL,True,523260.920497467,5696704.290406497,EXIT,1,0.01,0.1,0.09000000000000001,10.0,0.08787637656449587,ground_equivalent_excess_collision_air_kerma_rate,uGy/h,hazard_exit_threshold,False,True,False,
160,160,NORMAL,NORMAL,True,523280.920497467,5696724.290406497,,2,0.01,0.2,0.18000000000000002,10.0,0.07417021917999389,ground_equivalent_excess_collision_air_kerma_rate,uGy/h,,False,False,False,
161,161,NORMAL,NORMAL,True,523300.920497467,5696724.290406497,,2,0.01,0.2,0.18000000000000002,10.0,0.03962866066903277,ground_equivalent_excess_collision_air_kerma_rate,uGy/h,,False,False,False,
162,162,NORMAL,NORMAL,True,523320.920497467,5696744.290406497,,2,0.01,0.2,0.18000000000000002,10.0,0.02786332355977754,ground_equivalent_excess_collision_air_kerma_rate,uGy/h,,False,False,False,
163,163,NORMAL,NORMAL,True,523340.920497467,5696744.290406497,,2,0.01,0.2,0.18000000000000002,10.0,0.01717542573475719,ground_equivalent_excess_collision_air_kerma_rate,uGy/h,,False,False,False,
164,164,NORMAL,NORMAL,True,523360.920497467,5696764.290406497,,2,0.01,0.2,0.18000000000000002,10.0,0.011942971336735811,ground_equivalent_excess_collision_air_kerma_rate,uGy/h,,False,False,False,
165,165,NORMAL,NORMAL,True,523380.920497467,5696784.290406497,,2,0.01,0.2,0.18000000000000002,10.0,0.008104052117460986,ground_equivalent_excess_collision_air_kerma_rate,uGy/h,,False,False,False,
166,166,NORMAL,NORMAL,True,523400.920497467,5696804.290406497,,2,0.01,0.2,0.18000000000000002,10.0,0.005423476226684709,ground_equivalent_excess_collision_air_kerma_rate,uGy/h,,False,False,False,
167,167,NORMAL,NORMAL,True,523420.920497467,5696824.290406497,,2,0.01,0.2,0.18000000000000002,10.0,0.0036067068148658565,ground_equivalent_excess_collision_air_kerma_rate,uGy/h,,False,False,False,
168,168,NORMAL,NORMAL,True,523400.920497467,5696844.290406497,,2,0.01,0.2,0.18000000000000002,10.0,0.004878596502553071,ground_equivalent_excess_collision_air_kerma_rate,uGy/h,,False,False,False,
169,169,NORMAL,NORMAL,True,523380.920497467,5696864.290406497,,2,0.01,0.2,0.18000000000000002,10.0,0.006384996058228109,ground_equivalent_excess_collision_air_kerma_rate,uGy/h,,False,False,False,
170,170,NORMAL,NORMAL,True,523360.920497467,5696884.290406497,,2,0.01,0.2,0.18000000000000002,10.0,0.007971652215541166,ground_equivalent_excess_collision_air_kerma_rate,uGy/h,,False,False,False,
171,171,NORMAL,NORMAL,True,523340.920497467,5696884.290406497,,2,0.01,0.2,0.18000000000000002,10.0,0.011683836040035847,ground_equivalent_excess_collision_air_kerma_rate,uGy/h,,False,False,False,
172,172,NORMAL,NORMAL,True,523320.920497467,5696864.290406497,,2,0.01,0.2,0.18000000000000002,10.0,0.02214259101832949,ground_equivalent_excess_collision_air_kerma_rate,uGy/h,,False,False,False,
173,173,NORMAL,NORMAL,True,523300.920497467,5696864.290406497,,2,0.01,0.2,0.18000000000000002,10.0,0.03641504421919231,ground_equivalent_excess_collision_air_kerma_rate,uGy/h,,False,False,False,
174,174,NORMAL,NORMAL,True,523280.920497467,5696844.290406497,,2,0.01,0.2,0.18000000000000002,10.0,0.08980101386663568,ground_equivalent_excess_collision_air_kerma_rate,uGy/h,,False,False,False,
175,175,NORMAL,NORMAL,True,523300.920497467,5696824.290406497,,2,0.01,0.2,0.18000000000000002,10.0,0.052873747086655466,ground_equivalent_excess_collision_air_kerma_rate,uGy/h,,False,False,False,
176,176,NORMAL,NORMAL,True,523300.920497467,5696804.290406497,,2,0.01,0.2,0.18000000000000002,10.0,0.05671841898608701,ground_equivalent_excess_collision_air_kerma_rate,uGy/h,,False,False,False,
177,177,NORMAL,NORMAL,True,523300.920497467,5696784.290406497,,2,0.01,0.2,0.18000000000000002,10.0,0.05725707539852284,ground_equivalent_excess_collision_air_kerma_rate,uGy/h,,False,False,False,
178,178,NORMAL,NORMAL,True,523280.920497467,5696764.290406497,,2,0.01,0.2,0.18000000000000002,10.0,0.10901470761432829,ground_equivalent_excess_collision_air_kerma_rate,uGy/h,,False,False,False,
179,179,NORMAL,RADIATION,True,523260.920497467,5696764.290406497,ENTER,2,0.01,0.2,0.18000000000000002,10.0,0.3089768573612923,ground_equivalent_excess_collision_air_kerma_rate,uGy/h,hazard_enter_threshold,True,False,False,
180,180,RADIATION,RADIATION,True,523240.920497467,5696764.290406497,,2,0.01,0.2,0.18000000000000002,10.0,1.5882119845241833,ground_equivalent_excess_collision_air_kerma_rate,uGy/h,,False,False,False,
181,181,RADIATION,RADIATION,True,523220.920497467,5696744.290406497,,2,0.01,0.2,0.18000000000000002,10.0,1.6664245327091203,ground_equivalent_excess_collision_air_kerma_rate,uGy/h,,False,False,False,
182,182,RADIATION,RADIATION,True,523200.920497467,5696744.290406497,,2,0.01,0.2,0.18000000000000002,10.0,1.7042457111566671,ground_equivalent_excess_collision_air_kerma_rate,uGy/h,,False,False,False,
183,183,RADIATION,RADIATION,True,523180.920497467,5696744.290406497,,2,0.01,0.2,0.18000000000000002,10.0,1.719830340957618,ground_equivalent_excess_collision_air_kerma_rate,uGy/h,,False,False,False,
184,184,RADIATION,RADIATION,True,523160.920497467,5696744.290406497,,2,0.01,0.2,0.18000000000000002,10.0,1.7256498085362098,ground_equivalent_excess_collision_air_kerma_rate,uGy/h,,False,False,False,
185,185,RADIATION,RADIATION,True,523140.920497467,5696744.290406497,,2,0.01,0.2,0.18000000000000002,10.0,1.7250160826922252,ground_equivalent_excess_collision_air_kerma_rate,uGy/h,,False,False,False,
186,186,RADIATION,RADIATION,True,523140.920497467,5696764.290406497,,2,0.01,0.2,0.18000000000000002,10.0,1.7949516015549158,ground_equivalent_excess_collision_air_kerma_rate,uGy/h,,False,False,False,
187,187,RADIATION,RADIATION,True,523120.920497467,5696784.290406497,,2,0.01,0.2,0.18000000000000002,10.0,1.807501282390093,ground_equivalent_excess_collision_air_kerma_rate,uGy/h,,False,False,False,
188,188,RADIATION,RADIATION,True,523140.920497467,5696804.290406497,,2,0.01,0.2,0.18000000000000002,10.0,1.8126311290406116,ground_equivalent_excess_collision_air_kerma_rate,uGy/h,,False,False,False,
189,189,RADIATION,RADIATION,True,523160.920497467,5696804.290406497,,2,0.01,0.2,0.18000000000000002,10.0,1.8133916967610393,ground_equivalent_excess_collision_air_kerma_rate,uGy/h,,False,False,False,
190,190,RADIATION,RADIATION,True,523180.920497467,5696824.290406497,,2,0.01,0.2,0.18000000000000002,10.0,1.7740418249036165,ground_equivalent_excess_collision_air_kerma_rate,uGy/h,,False,False,False,
191,191,RADIATION,RADIATION,True,523180.920497467,5696804.290406497,,2,0.01,0.2,0.18000000000000002,10.0,1.8063922853040533,ground_equivalent_excess_collision_air_kerma_rate,uGy/h,,False,False,False,
192,192,RADIATION,RADIATION,True,523200.920497467,5696784.290406497,,2,0.01,0.2,0.18000000000000002,10.0,1.791196694143166,ground_equivalent_excess_collision_air_kerma_rate,uGy/h,,False,False,False,
193,193,RADIATION,RADIATION,True,523220.920497467,5696804.290406497,,2,0.01,0.2,0.18000000000000002,10.0,1.7423028806608107,ground_equivalent_excess_collision_air_kerma_rate,uGy/h,,False,False,False,
194,194,RADIATION,RADIATION,True,523220.920497467,5696824.290406497,,2,0.01,0.2,0.18000000000000002,10.0,1.714605005561688,ground_equivalent_excess_collision_air_kerma_rate,uGy/h,,False,False,False,
195,195,RADIATION,RADIATION,True,523200.920497467,5696844.290406497,,2,0.01,0.2,0.18000000000000002,10.0,1.6561951232559187,ground_equivalent_excess_collision_air_kerma_rate,uGy/h,,False,False,False,
196,196,RADIATION,RADIATION,True,523180.920497467,5696844.290406497,,2,0.01,0.2,0.18000000000000002,10.0,1.67070860768286,ground_equivalent_excess_collision_air_kerma_rate,uGy/h,,False,False,False,
197,197,RADIATION,RADIATION,True,523160.920497467,5696844.290406497,,2,0.01,0.2,0.18000000000000002,10.0,1.6761594276355234,ground_equivalent_excess_collision_air_kerma_rate,uGy/h,,False,False,False,
198,198,RADIATION,RADIATION,True,523140.920497467,5696844.290406497,,2,0.01,0.2,0.18000000000000002,10.0,1.675564835444841,ground_equivalent_excess_collision_air_kerma_rate,uGy/h,,False,False,False,
199,199,RADIATION,RADIATION,True,523120.920497467,5696824.290406497,,2,0.01,0.2,0.18000000000000002,10.0,1.771564965403598,ground_equivalent_excess_collision_air_kerma_rate,uGy/h,,False,False,False,
200,200,RADIATION,RADIATION,True,523100.920497467,5696804.290406497,,2,0.01,0.2,0.18000000000000002,10.0,1.7812033491767243,ground_equivalent_excess_collision_air_kerma_rate,uGy/h,,False,False,False,
201,201,RADIATION,RADIATION,True,523100.920497467,5696784.290406497,,2,0.01,0.2,0.18000000000000002,10.0,1.7847654043745835,ground_equivalent_excess_collision_air_kerma_rate,uGy/h,,False,False,False,
202,202,RADIATION,RADIATION,True,523100.920497467,5696764.290406497,,2,0.01,0.2,0.18000000000000002,10.0,1.7649297810191245,ground_equivalent_excess_collision_air_kerma_rate,uGy/h,,False,False,False,
203,203,RADIATION,RADIATION,True,523080.920497467,5696764.290406497,,2,0.01,0.2,0.18000000000000002,10.0,1.7116116810754327,ground_equivalent_excess_collision_air_kerma_rate,uGy/h,,False,False,False,
204,204,RADIATION,RADIATION,True,523100.920497467,5696744.290406497,,2,0.01,0.2,0.18000000000000002,10.0,1.698971386785075,ground_equivalent_excess_collision_air_kerma_rate,uGy/h,,False,False,False,
205,205,RADIATION,RADIATION,True,523120.920497467,5696724.290406497,,2,0.01,0.2,0.18000000000000002,10.0,1.3611918050252736,ground_equivalent_excess_collision_air_kerma_rate,uGy/h,,False,False,False,
206,206,RADIATION,RADIATION,True,523100.920497467,5696724.290406497,,2,0.01,0.2,0.18000000000000002,10.0,1.3469474090837126,ground_equivalent_excess_collision_air_kerma_rate,uGy/h,,False,False,False,
207,207,RADIATION,RADIATION,True,523080.920497467,5696724.290406497,,2,0.01,0.2,0.18000000000000002,10.0,1.313382760718248,ground_equivalent_excess_collision_air_kerma_rate,uGy/h,,False,False,False,
208,208,RADIATION,RADIATION,True,523060.920497467,5696744.290406497,,2,0.01,0.2,0.18000000000000002,10.0,1.4678388423437205,ground_equivalent_excess_collision_air_kerma_rate,uGy/h,,False,False,False,
209,209,RADIATION,RADIATION,True,523060.920497467,5696764.290406497,,2,0.01,0.2,0.18000000000000002,10.0,1.5121616220172167,ground_equivalent_excess_collision_air_kerma_rate,uGy/h,,False,False,False,
210,210,RADIATION,RADIATION,True,523060.920497467,5696784.290406497,,2,0.01,0.2,0.18000000000000002,10.0,1.5254237626922729,ground_equivalent_excess_collision_air_kerma_rate,uGy/h,,False,False,False,
211,211,RADIATION,RADIATION,True,523060.920497467,5696804.290406497,,2,0.01,0.2,0.18000000000000002,10.0,1.5230364838552075,ground_equivalent_excess_collision_air_kerma_rate,uGy/h,,False,False,False,
212,212,RADIATION,RADIATION,True,523080.920497467,5696824.290406497,,2,0.01,0.2,0.18000000000000002,10.0,1.699144614935586,ground_equivalent_excess_collision_air_kerma_rate,uGy/h,,False,False,False,
213,213,RADIATION,RADIATION,True,523100.920497467,5696844.290406497,,2,0.01,0.2,0.18000000000000002,10.0,1.6513043006487456,ground_equivalent_excess_collision_air_kerma_rate,uGy/h,,False,False,False,
214,214,RADIATION,RADIATION,True,523120.920497467,5696864.290406497,,2,0.01,0.2,0.18000000000000002,10.0,0.5052931200646933,ground_equivalent_excess_collision_air_kerma_rate,uGy/h,,False,False,False,
215,215,RADIATION,NORMAL,True,523140.920497467,5696884.290406497,EXIT,2,0.01,0.2,0.18000000000000002,10.0,0.1506700153890913,ground_equivalent_excess_collision_air_kerma_rate,uGy/h,hazard_exit_threshold,False,True,False,
216,216,NORMAL,NORMAL,True,523160.920497467,5696904.290406497,,3,0.01,0.30000000000000004,0.2700000000000001,10.0,0.07548524801313695,ground_equivalent_excess_collision_air_kerma_rate,uGy/h,,False,False,False,
217,217,NORMAL,NORMAL,True,523180.920497467,5696904.290406497,,3,0.01,0.30000000000000004,0.2700000000000001,10.0,0.07359785414932803,ground_equivalent_excess_collision_air_kerma_rate,uGy/h,,False,False,False,
218,218,NORMAL,NORMAL,True,523200.920497467,5696904.290406497,,3,0.01,0.30000000000000004,0.2700000000000001,10.0,0.06931007912843387,ground_equivalent_excess_collision_air_kerma_rate,uGy/h,,False,False,False,
219,219,NORMAL,NORMAL,True,523220.920497467,5696884.290406497,,3,0.01,0.30000000000000004,0.2700000000000001,10.0,0.12759158763296516,ground_equivalent_excess_collision_air_kerma_rate,uGy/h,,False,False,False,
220,220,NORMAL,RADIATION,True,523240.920497467,5696864.290406497,ENTER,3,0.01,0.30000000000000004,0.2700000000000001,10.0,0.4075543383953644,ground_equivalent_excess_collision_air_kerma_rate,uGy/h,hazard_enter_threshold,True,False,False,
221,221,RADIATION,NORMAL,True,523260.920497467,5696884.290406497,EXIT,3,0.01,0.30000000000000004,0.2700000000000001,10.0,0.07000349566049613,ground_equivalent_excess_collision_air_kerma_rate,uGy/h,hazard_exit_threshold,False,True,False,
222,222,NORMAL,NORMAL,True,523280.920497467,5696904.290406497,,4,0.01,0.4,0.36000000000000004,10.0,0.027846510720174467,ground_equivalent_excess_collision_air_kerma_rate,uGy/h,,False,False,False,
223,223,NORMAL,NORMAL,True,523280.920497467,5696924.290406497,,4,0.01,0.4,0.36000000000000004,10.0,0.0184489434707027,ground_equivalent_excess_collision_air_kerma_rate,uGy/h,,False,False,False,
224,224,NORMAL,NORMAL,True,523280.920497467,5696944.290406497,,4,0.01,0.4,0.36000000000000004,10.0,0.01252652107258654,ground_equivalent_excess_collision_air_kerma_rate,uGy/h,,False,False,False,
225,225,NORMAL,NORMAL,True,523260.920497467,5696964.290406497,,4,0.01,0.4,0.36000000000000004,10.0,0.010526202581499973,ground_equivalent_excess_collision_air_kerma_rate,uGy/h,,False,False,False,
226,226,NORMAL,NORMAL,True,523260.920497467,5696984.290406497,,4,0.01,0.4,0.36000000000000004,10.0,0.007245137319034535,ground_equivalent_excess_collision_air_kerma_rate,uGy/h,,False,False,False,
227,227,NORMAL,NORMAL,True,523240.920497467,5697004.290406496,,4,0.01,0.4,0.36000000000000004,10.0,0.005771800961532023,ground_equivalent_excess_collision_air_kerma_rate,uGy/h,,False,False,False,
228,228,NORMAL,NORMAL,True,523240.920497467,5697024.290406496,,4,0.01,0.4,0.36000000000000004,10.0,0.004055429927252622,ground_equivalent_excess_collision_air_kerma_rate,uGy/h,,False,False,False,
229,229,NORMAL,NORMAL,True,523220.920497467,5697044.290406496,,4,0.01,0.4,0.36000000000000004,10.0,0.0031449841514847063,ground_equivalent_excess_collision_air_kerma_rate,uGy/h,,False,False,False,
230,230,NORMAL,NORMAL,True,523220.920497467,5697064.290406496,,4,0.01,0.4,0.36000000000000004,10.0,0.0,ground_equivalent_excess_collision_air_kerma_rate,uGy/h,,False,False,False,
231,231,NORMAL,NORMAL,True,523240.920497467,5697084.290406496,,4,0.01,0.4,0.36000000000000004,10.0,0.0,ground_equivalent_excess_collision_air_kerma_rate,uGy/h,,False,False,False,
232,232,NORMAL,NORMAL,True,523220.920497467,5697104.290406496,,4,0.01,0.4,0.36000000000000004,10.0,0.0,ground_equivalent_excess_collision_air_kerma_rate,uGy/h,,False,False,False,
233,233,NORMAL,NORMAL,True,523220.920497467,5697124.290406496,,4,0.01,0.4,0.36000000000000004,10.0,0.0,ground_equivalent_excess_collision_air_kerma_rate,uGy/h,,False,False,False,
234,234,NORMAL,NORMAL,True,523200.920497467,5697144.290406496,,4,0.01,0.4,0.36000000000000004,10.0,0.0,ground_equivalent_excess_collision_air_kerma_rate,uGy/h,,False,False,False,
235,235,NORMAL,NORMAL,True,523200.920497467,5697164.290406496,,4,0.01,0.4,0.36000000000000004,10.0,0.0,ground_equivalent_excess_collision_air_kerma_rate,uGy/h,,False,False,False,
236,236,NORMAL,NORMAL,True,523180.920497467,5697184.290406496,,4,0.01,0.4,0.36000000000000004,10.0,0.0,ground_equivalent_excess_collision_air_kerma_rate,uGy/h,,False,False,False,
237,237,NORMAL,NORMAL,True,523200.920497467,5697204.290406496,,4,0.01,0.4,0.36000000000000004,10.0,0.0,ground_equivalent_excess_collision_air_kerma_rate,uGy/h,,False,False,False,
238,238,NORMAL,NORMAL,True,523220.920497467,5697204.290406496,,4,0.01,0.4,0.36000000000000004,10.0,0.0,ground_equivalent_excess_collision_air_kerma_rate,uGy/h,,False,False,False,
239,239,NORMAL,NORMAL,True,523240.920497467,5697204.290406496,,4,0.01,0.4,0.36000000000000004,10.0,0.0,ground_equivalent_excess_collision_air_kerma_rate,uGy/h,,False,False,False,
240,240,NORMAL,NORMAL,True,523260.920497467,5697224.290406496,,4,0.01,0.4,0.36000000000000004,10.0,0.0,ground_equivalent_excess_collision_air_kerma_rate,uGy/h,,False,False,False,
241,241,NORMAL,NORMAL,True,523280.920497467,5697204.290406496,,4,0.01,0.4,0.36000000000000004,10.0,0.0,ground_equivalent_excess_collision_air_kerma_rate,uGy/h,,False,False,False,
242,242,NORMAL,NORMAL,True,523300.920497467,5697224.290406496,,4,0.01,0.4,0.36000000000000004,10.0,0.0,ground_equivalent_excess_collision_air_kerma_rate,uGy/h,,False,False,False,
243,243,NORMAL,NORMAL,True,523320.920497467,5697224.290406496,,4,0.01,0.4,0.36000000000000004,10.0,0.0,ground_equivalent_excess_collision_air_kerma_rate,uGy/h,,False,False,False,
244,244,NORMAL,NORMAL,True,523340.920497467,5697224.290406496,,4,0.01,0.4,0.36000000000000004,10.0,0.0,ground_equivalent_excess_collision_air_kerma_rate,uGy/h,,False,False,False,
245,245,NORMAL,NORMAL,True,523360.920497467,5697224.290406496,,4,0.01,0.4,0.36000000000000004,10.0,0.0,ground_equivalent_excess_collision_air_kerma_rate,uGy/h,,False,False,False,
246,246,NORMAL,NORMAL,True,523380.920497467,5697244.290406496,,4,0.01,0.4,0.36000000000000004,10.0,0.0,ground_equivalent_excess_collision_air_kerma_rate,uGy/h,,False,False,False,
247,247,NORMAL,NORMAL,True,523400.920497467,5697244.290406496,,4,0.01,0.4,0.36000000000000004,10.0,0.0,ground_equivalent_excess_collision_air_kerma_rate,uGy/h,,False,False,False,
248,248,NORMAL,NORMAL,True,523420.920497467,5697244.290406496,,4,0.01,0.4,0.36000000000000004,10.0,0.0,ground_equivalent_excess_collision_air_kerma_rate,uGy/h,,False,False,False,
249,249,NORMAL,NORMAL,True,523440.920497467,5697244.290406496,,4,0.01,0.4,0.36000000000000004,10.0,0.0,ground_equivalent_excess_collision_air_kerma_rate,uGy/h,,False,False,False,
250,250,NORMAL,NORMAL,True,523460.920497467,5697264.290406496,,4,0.01,0.4,0.36000000000000004,10.0,0.0,ground_equivalent_excess_collision_air_kerma_rate,uGy/h,,False,False,False,
251,251,NORMAL,NORMAL,True,523480.920497467,5697264.290406496,,4,0.01,0.4,0.36000000000000004,10.0,0.0,ground_equivalent_excess_collision_air_kerma_rate,uGy/h,,False,False,False,
252,252,NORMAL,NORMAL,True,523480.920497467,5697244.290406496,,4,0.01,0.4,0.36000000000000004,10.0,0.0,ground_equivalent_excess_collision_air_kerma_rate,uGy/h,,False,False,False,
253,253,NORMAL,NORMAL,True,523480.920497467,5697224.290406496,,4,0.01,0.4,0.36000000000000004,10.0,0.0,ground_equivalent_excess_collision_air_kerma_rate,uGy/h,,False,False,False,
254,254,NORMAL,NORMAL,True,523460.920497467,5697204.290406496,,4,0.01,0.4,0.36000000000000004,10.0,0.0,ground_equivalent_excess_collision_air_kerma_rate,uGy/h,,False,False,False,
255,255,NORMAL,NORMAL,True,523440.920497467,5697184.290406496,,4,0.01,0.4,0.36000000000000004,10.0,0.0,ground_equivalent_excess_collision_air_kerma_rate,uGy/h,,False,False,False,
256,256,NORMAL,NORMAL,True,523420.920497467,5697164.290406496,,4,0.01,0.4,0.36000000000000004,10.0,0.0,ground_equivalent_excess_collision_air_kerma_rate,uGy/h,,False,False,False,
257,257,NORMAL,NORMAL,True,523400.920497467,5697144.290406496,,4,0.01,0.4,0.36000000000000004,10.0,0.0,ground_equivalent_excess_collision_air_kerma_rate,uGy/h,,False,False,False,
258,258,NORMAL,NORMAL,True,523380.920497467,5697124.290406496,,4,0.01,0.4,0.36000000000000004,10.0,0.0,ground_equivalent_excess_collision_air_kerma_rate,uGy/h,,False,False,False,
259,259,NORMAL,NORMAL,True,523360.920497467,5697104.290406496,,4,0.01,0.4,0.36000000000000004,10.0,0.0,ground_equivalent_excess_collision_air_kerma_rate,uGy/h,,False,False,False,
260,260,NORMAL,NORMAL,True,523340.920497467,5697104.290406496,,4,0.01,0.4,0.36000000000000004,10.0,0.0,ground_equivalent_excess_collision_air_kerma_rate,uGy/h,,False,False,False,
261,261,NORMAL,NORMAL,True,523320.920497467,5697124.290406496,,4,0.01,0.4,0.36000000000000004,10.0,0.0,ground_equivalent_excess_collision_air_kerma_rate,uGy/h,,False,False,False,
262,262,NORMAL,NORMAL,True,523320.920497467,5697144.290406496,,4,0.01,0.4,0.36000000000000004,10.0,0.0,ground_equivalent_excess_collision_air_kerma_rate,uGy/h,,False,False,False,
263,263,NORMAL,NORMAL,True,523300.920497467,5697164.290406496,,4,0.01,0.4,0.36000000000000004,10.0,0.0,ground_equivalent_excess_collision_air_kerma_rate,uGy/h,,False,False,False,
264,264,NORMAL,NORMAL,True,523280.920497467,5697144.290406496,,4,0.01,0.4,0.36000000000000004,10.0,0.0,ground_equivalent_excess_collision_air_kerma_rate,uGy/h,,False,False,False,
265,265,NORMAL,NORMAL,True,523260.920497467,5697144.290406496,,4,0.01,0.4,0.36000000000000004,10.0,0.0,ground_equivalent_excess_collision_air_kerma_rate,uGy/h,,False,False,False,
266,266,NORMAL,NORMAL,True,523260.920497467,5697164.290406496,,4,0.01,0.4,0.36000000000000004,10.0,0.0,ground_equivalent_excess_collision_air_kerma_rate,uGy/h,,False,False,False,
267,267,NORMAL,NORMAL,True,523280.920497467,5697164.290406496,,4,0.01,0.4,0.36000000000000004,10.0,0.0,ground_equivalent_excess_collision_air_kerma_rate,uGy/h,,False,False,False,
268,268,NORMAL,NORMAL,True,523300.920497467,5697184.290406496,,4,0.01,0.4,0.36000000000000004,10.0,0.0,ground_equivalent_excess_collision_air_kerma_rate,uGy/h,,False,False,False,
269,269,NORMAL,NORMAL,True,523320.920497467,5697164.290406496,,4,0.01,0.4,0.36000000000000004,10.0,0.0,ground_equivalent_excess_collision_air_kerma_rate,uGy/h,,False,False,False,
270,270,NORMAL,NORMAL,True,523340.920497467,5697164.290406496,,4,0.01,0.4,0.36000000000000004,10.0,0.0,ground_equivalent_excess_collision_air_kerma_rate,uGy/h,,False,False,False,
271,271,NORMAL,NORMAL,True,523360.920497467,5697164.290406496,,4,0.01,0.4,0.36000000000000004,10.0,0.0,ground_equivalent_excess_collision_air_kerma_rate,uGy/h,,False,False,False,
272,272,NORMAL,NORMAL,True,523380.920497467,5697184.290406496,,4,0.01,0.4,0.36000000000000004,10.0,0.0,ground_equivalent_excess_collision_air_kerma_rate,uGy/h,,False,False,False,
273,273,NORMAL,NORMAL,True,523400.920497467,5697204.290406496,,4,0.01,0.4,0.36000000000000004,10.0,0.0,ground_equivalent_excess_collision_air_kerma_rate,uGy/h,,False,False,False,
274,274,NORMAL,NORMAL,True,523380.920497467,5697224.290406496,,4,0.01,0.4,0.36000000000000004,10.0,0.0,ground_equivalent_excess_collision_air_kerma_rate,uGy/h,,False,False,False,
275,275,NORMAL,NORMAL,True,523360.920497467,5697244.290406496,,4,0.01,0.4,0.36000000000000004,10.0,0.0,ground_equivalent_excess_collision_air_kerma_rate,uGy/h,,False,False,False,
276,276,NORMAL,NORMAL,True,523340.920497467,5697264.290406496,,4,0.01,0.4,0.36000000000000004,10.0,0.0,ground_equivalent_excess_collision_air_kerma_rate,uGy/h,,False,False,False,
277,277,NORMAL,NORMAL,True,523320.920497467,5697284.290406496,,4,0.01,0.4,0.36000000000000004,10.0,0.0,ground_equivalent_excess_collision_air_kerma_rate,uGy/h,,False,False,False,
278,278,NORMAL,NORMAL,True,523300.920497467,5697284.290406496,,4,0.01,0.4,0.36000000000000004,10.0,0.0,ground_equivalent_excess_collision_air_kerma_rate,uGy/h,,False,False,False,
279,279,NORMAL,NORMAL,True,523280.920497467,5697264.290406496,,4,0.01,0.4,0.36000000000000004,10.0,0.0,ground_equivalent_excess_collision_air_kerma_rate,uGy/h,,False,False,False,
280,280,NORMAL,NORMAL,True,523260.920497467,5697284.290406496,,4,0.01,0.4,0.36000000000000004,10.0,0.0,ground_equivalent_excess_collision_air_kerma_rate,uGy/h,,False,False,False,
281,281,NORMAL,NORMAL,True,523240.920497467,5697264.290406496,,4,0.01,0.4,0.36000000000000004,10.0,0.0,ground_equivalent_excess_collision_air_kerma_rate,uGy/h,,False,False,False,
282,282,NORMAL,NORMAL,True,523220.920497467,5697284.290406496,,4,0.01,0.4,0.36000000000000004,10.0,0.0,ground_equivalent_excess_collision_air_kerma_rate,uGy/h,,False,False,False,
283,283,NORMAL,NORMAL,True,523200.920497467,5697304.290406496,,4,0.01,0.4,0.36000000000000004,10.0,0.0,ground_equivalent_excess_collision_air_kerma_rate,uGy/h,,False,False,False,
284,284,NORMAL,NORMAL,True,523180.920497467,5697304.290406496,,4,0.01,0.4,0.36000000000000004,10.0,0.0,ground_equivalent_excess_collision_air_kerma_rate,uGy/h,,False,False,False,
285,285,NORMAL,NORMAL,True,523160.920497467,5697324.290406496,,4,0.01,0.4,0.36000000000000004,10.0,0.0,ground_equivalent_excess_collision_air_kerma_rate,uGy/h,,False,False,False,
286,286,NORMAL,NORMAL,True,523140.920497467,5697324.290406496,,4,0.01,0.4,0.36000000000000004,10.0,0.0,ground_equivalent_excess_collision_air_kerma_rate,uGy/h,,False,False,False,
287,287,NORMAL,NORMAL,True,523120.920497467,5697344.290406496,,4,0.01,0.4,0.36000000000000004,10.0,0.0,ground_equivalent_excess_collision_air_kerma_rate,uGy/h,,False,False,False,
288,288,NORMAL,NORMAL,True,523100.920497467,5697344.290406496,,4,0.01,0.4,0.36000000000000004,10.0,0.0,ground_equivalent_excess_collision_air_kerma_rate,uGy/h,,False,False,False,
289,289,NORMAL,NORMAL,True,523080.920497467,5697344.290406496,,4,0.01,0.4,0.36000000000000004,10.0,0.0,ground_equivalent_excess_collision_air_kerma_rate,uGy/h,,False,False,False,
290,290,NORMAL,NORMAL,True,523060.920497467,5697364.290406496,,4,0.01,0.4,0.36000000000000004,10.0,0.0,ground_equivalent_excess_collision_air_kerma_rate,uGy/h,,False,False,False,
291,291,NORMAL,NORMAL,True,523040.920497467,5697364.290406496,,4,0.01,0.4,0.36000000000000004,10.0,0.0,ground_equivalent_excess_collision_air_kerma_rate,uGy/h,,False,False,False,
292,292,NORMAL,NORMAL,True,523020.920497467,5697364.290406496,,4,0.01,0.4,0.36000000000000004,10.0,0.0,ground_equivalent_excess_collision_air_kerma_rate,uGy/h,,False,False,False,
293,293,NORMAL,NORMAL,True,523000.920497467,5697364.290406496,,4,0.01,0.4,0.36000000000000004,10.0,0.0,ground_equivalent_excess_collision_air_kerma_rate,uGy/h,,False,False,False,
294,294,NORMAL,NORMAL,True,522980.9204974669,5697364.290406496,,4,0.01,0.4,0.36000000000000004,10.0,0.0,ground_equivalent_excess_collision_air_kerma_rate,uGy/h,,False,False,False,
295,295,NORMAL,NORMAL,True,522960.9204974669,5697364.290406496,,4,0.01,0.4,0.36000000000000004,10.0,0.0,ground_equivalent_excess_collision_air_kerma_rate,uGy/h,,False,False,False,
296,296,NORMAL,NORMAL,True,522940.9204974669,5697364.290406496,,4,0.01,0.4,0.36000000000000004,10.0,0.0,ground_equivalent_excess_collision_air_kerma_rate,uGy/h,,False,False,False,
297,297,NORMAL,NORMAL,True,522920.9204974669,5697344.290406496,,4,0.01,0.4,0.36000000000000004,10.0,0.0,ground_equivalent_excess_collision_air_kerma_rate,uGy/h,,False,False,False,
298,298,NORMAL,NORMAL,True,522900.9204974669,5697324.290406496,,4,0.01,0.4,0.36000000000000004,10.0,0.0,ground_equivalent_excess_collision_air_kerma_rate,uGy/h,,False,False,False,
299,299,NORMAL,NORMAL,True,522880.9204974669,5697344.290406496,,4,0.01,0.4,0.36000000000000004,10.0,0.0,ground_equivalent_excess_collision_air_kerma_rate,uGy/h,,False,False,False,
300,300,NORMAL,NORMAL,True,522860.9204974669,5697344.290406496,,4,0.01,0.4,0.36000000000000004,10.0,0.0,ground_equivalent_excess_collision_air_kerma_rate,uGy/h,,False,False,False,
301,301,NORMAL,NORMAL,True,522840.9204974669,5697324.290406496,,4,0.01,0.4,0.36000000000000004,10.0,0.0,ground_equivalent_excess_collision_air_kerma_rate,uGy/h,,False,False,False,
302,302,NORMAL,NORMAL,True,522820.9204974669,5697324.290406496,,4,0.01,0.4,0.36000000000000004,10.0,0.0,ground_equivalent_excess_collision_air_kerma_rate,uGy/h,,False,False,False,
303,303,NORMAL,NORMAL,True,522800.9204974669,5697304.290406496,,4,0.01,0.4,0.36000000000000004,10.0,0.0,ground_equivalent_excess_collision_air_kerma_rate,uGy/h,,False,False,False,
304,304,NORMAL,NORMAL,True,522780.9204974669,5697304.290406496,,4,0.01,0.4,0.36000000000000004,10.0,0.0,ground_equivalent_excess_collision_air_kerma_rate,uGy/h,,False,False,False,
305,305,NORMAL,NORMAL,True,522760.9204974669,5697284.290406496,,4,0.01,0.4,0.36000000000000004,10.0,0.0,ground_equivalent_excess_collision_air_kerma_rate,uGy/h,,False,False,False,
306,306,NORMAL,NORMAL,True,522780.9204974669,5697264.290406496,,4,0.01,0.4,0.36000000000000004,10.0,0.0,ground_equivalent_excess_collision_air_kerma_rate,uGy/h,,False,False,False,
307,307,NORMAL,NORMAL,True,522760.9204974669,5697244.290406496,,4,0.01,0.4,0.36000000000000004,10.0,0.0,ground_equivalent_excess_collision_air_kerma_rate,uGy/h,,False,False,False,
308,308,NORMAL,NORMAL,True,522740.9204974669,5697244.290406496,,4,0.01,0.4,0.36000000000000004,10.0,0.0,ground_equivalent_excess_collision_air_kerma_rate,uGy/h,,False,False,False,
309,309,NORMAL,NORMAL,True,522720.9204974669,5697244.290406496,,4,0.01,0.4,0.36000000000000004,10.0,0.0,ground_equivalent_excess_collision_air_kerma_rate,uGy/h,,False,False,False,
310,310,NORMAL,NORMAL,True,522700.9204974669,5697244.290406496,,4,0.01,0.4,0.36000000000000004,10.0,0.0,ground_equivalent_excess_collision_air_kerma_rate,uGy/h,,False,False,False,
311,311,NORMAL,NORMAL,True,522680.9204974669,5697224.290406496,,4,0.01,0.4,0.36000000000000004,10.0,0.0,ground_equivalent_excess_collision_air_kerma_rate,uGy/h,,False,False,False,
312,312,NORMAL,NORMAL,True,522660.9204974669,5697224.290406496,,4,0.01,0.4,0.36000000000000004,10.0,0.0,ground_equivalent_excess_collision_air_kerma_rate,uGy/h,,False,False,False,
313,313,NORMAL,NORMAL,True,522640.9204974669,5697224.290406496,,4,0.01,0.4,0.36000000000000004,10.0,0.0,ground_equivalent_excess_collision_air_kerma_rate,uGy/h,,False,False,False,
314,314,NORMAL,NORMAL,True,522620.9204974669,5697204.290406496,,4,0.01,0.4,0.36000000000000004,10.0,0.0,ground_equivalent_excess_collision_air_kerma_rate,uGy/h,,False,False,False,
315,315,NORMAL,NORMAL,True,522600.9204974669,5697204.290406496,,4,0.01,0.4,0.36000000000000004,10.0,0.0,ground_equivalent_excess_collision_air_kerma_rate,uGy/h,,False,False,False,
316,316,NORMAL,NORMAL,True,522580.9204974669,5697184.290406496,,4,0.01,0.4,0.36000000000000004,10.0,0.0,ground_equivalent_excess_collision_air_kerma_rate,uGy/h,,False,False,False,
317,317,NORMAL,NORMAL,True,522560.9204974669,5697184.290406496,,4,0.01,0.4,0.36000000000000004,10.0,0.0,ground_equivalent_excess_collision_air_kerma_rate,uGy/h,,False,False,False,
318,318,NORMAL,NORMAL,True,522540.9204974669,5697164.290406496,,4,0.01,0.4,0.36000000000000004,10.0,0.0,ground_equivalent_excess_collision_air_kerma_rate,uGy/h,,False,False,False,
319,319,NORMAL,NORMAL,True,522520.9204974669,5697164.290406496,,4,0.01,0.4,0.36000000000000004,10.0,0.0,ground_equivalent_excess_collision_air_kerma_rate,uGy/h,,False,False,False,
320,320,NORMAL,NORMAL,True,522500.9204974669,5697164.290406496,,4,0.01,0.4,0.36000000000000004,10.0,0.0,ground_equivalent_excess_collision_air_kerma_rate,uGy/h,,False,False,False,
321,321,NORMAL,NORMAL,True,522480.9204974669,5697144.290406496,,4,0.01,0.4,0.36000000000000004,10.0,0.0,ground_equivalent_excess_collision_air_kerma_rate,uGy/h,,False,False,False,
322,322,NORMAL,NORMAL,True,522460.9204974669,5697144.290406496,,4,0.01,0.4,0.36000000000000004,10.0,0.0,ground_equivalent_excess_collision_air_kerma_rate,uGy/h,,False,False,False,
323,323,NORMAL,NORMAL,True,522440.9204974669,5697164.290406496,,4,0.01,0.4,0.36000000000000004,10.0,0.0,ground_equivalent_excess_collision_air_kerma_rate,uGy/h,,False,False,False,
324,324,NORMAL,NORMAL,True,522420.9204974669,5697144.290406496,,4,0.01,0.4,0.36000000000000004,10.0,0.0,ground_equivalent_excess_collision_air_kerma_rate,uGy/h,,False,False,False,
325,325,NORMAL,NORMAL,True,522420.9204974669,5697124.290406496,,4,0.01,0.4,0.36000000000000004,10.0,0.0,ground_equivalent_excess_collision_air_kerma_rate,uGy/h,,False,False,False,
326,326,NORMAL,NORMAL,True,522440.9204974669,5697104.290406496,,4,0.01,0.4,0.36000000000000004,10.0,0.0,ground_equivalent_excess_collision_air_kerma_rate,uGy/h,,False,False,False,
327,327,NORMAL,NORMAL,True,522460.9204974669,5697084.290406496,,4,0.01,0.4,0.36000000000000004,10.0,0.0,ground_equivalent_excess_collision_air_kerma_rate,uGy/h,,False,False,False,
328,328,NORMAL,NORMAL,True,522480.9204974669,5697084.290406496,,4,0.01,0.4,0.36000000000000004,10.0,0.0,ground_equivalent_excess_collision_air_kerma_rate,uGy/h,,False,False,False,
329,329,NORMAL,NORMAL,True,522500.9204974669,5697084.290406496,,4,0.01,0.4,0.36000000000000004,10.0,0.0,ground_equivalent_excess_collision_air_kerma_rate,uGy/h,,False,False,False,
330,330,NORMAL,NORMAL,True,522520.9204974669,5697084.290406496,,4,0.01,0.4,0.36000000000000004,10.0,0.0,ground_equivalent_excess_collision_air_kerma_rate,uGy/h,,False,False,False,
331,331,NORMAL,NORMAL,True,522540.9204974669,5697084.290406496,,4,0.01,0.4,0.36000000000000004,10.0,0.0,ground_equivalent_excess_collision_air_kerma_rate,uGy/h,,False,False,False,
332,332,NORMAL,NORMAL,True,522560.9204974669,5697084.290406496,,4,0.01,0.4,0.36000000000000004,10.0,0.0,ground_equivalent_excess_collision_air_kerma_rate,uGy/h,,False,False,False,
333,333,NORMAL,NORMAL,True,522580.9204974669,5697084.290406496,,4,0.01,0.4,0.36000000000000004,10.0,0.0,ground_equivalent_excess_collision_air_kerma_rate,uGy/h,,False,False,False,
334,334,NORMAL,NORMAL,True,522600.9204974669,5697084.290406496,,4,0.01,0.4,0.36000000000000004,10.0,0.0,ground_equivalent_excess_collision_air_kerma_rate,uGy/h,,False,False,False,
335,335,NORMAL,NORMAL,True,522620.9204974669,5697084.290406496,,4,0.01,0.4,0.36000000000000004,10.0,0.0,ground_equivalent_excess_collision_air_kerma_rate,uGy/h,,False,False,False,
336,336,NORMAL,NORMAL,True,522640.9204974669,5697104.290406496,,4,0.01,0.4,0.36000000000000004,10.0,0.0,ground_equivalent_excess_collision_air_kerma_rate,uGy/h,,False,False,False,
337,337,NORMAL,NORMAL,True,522660.9204974669,5697104.290406496,,4,0.01,0.4,0.36000000000000004,10.0,0.0,ground_equivalent_excess_collision_air_kerma_rate,uGy/h,,False,False,False,
338,338,NORMAL,NORMAL,True,522680.9204974669,5697104.290406496,,4,0.01,0.4,0.36000000000000004,10.0,0.0,ground_equivalent_excess_collision_air_kerma_rate,uGy/h,,False,False,False,
339,339,NORMAL,NORMAL,True,522700.9204974669,5697104.290406496,,4,0.01,0.4,0.36000000000000004,10.0,0.0,ground_equivalent_excess_collision_air_kerma_rate,uGy/h,,False,False,False,
340,340,NORMAL,NORMAL,True,522720.9204974669,5697104.290406496,,4,0.01,0.4,0.36000000000000004,10.0,0.0,ground_equivalent_excess_collision_air_kerma_rate,uGy/h,,False,False,False,
341,341,NORMAL,NORMAL,True,522740.9204974669,5697104.290406496,,4,0.01,0.4,0.36000000000000004,10.0,0.0,ground_equivalent_excess_collision_air_kerma_rate,uGy/h,,False,False,False,
342,342,NORMAL,NORMAL,True,522760.9204974669,5697124.290406496,,4,0.01,0.4,0.36000000000000004,10.0,0.0,ground_equivalent_excess_collision_air_kerma_rate,uGy/h,,False,False,False,
343,343,NORMAL,NORMAL,True,522780.9204974669,5697124.290406496,,4,0.01,0.4,0.36000000000000004,10.0,0.0,ground_equivalent_excess_collision_air_kerma_rate,uGy/h,,False,False,False,
344,344,NORMAL,NORMAL,True,522800.9204974669,5697124.290406496,,4,0.01,0.4,0.36000000000000004,10.0,0.0,ground_equivalent_excess_collision_air_kerma_rate,uGy/h,,False,False,False,
345,345,NORMAL,NORMAL,True,522820.9204974669,5697124.290406496,,4,0.01,0.4,0.36000000000000004,10.0,0.0,ground_equivalent_excess_collision_air_kerma_rate,uGy/h,,False,False,False,
346,346,NORMAL,NORMAL,True,522840.9204974669,5697124.290406496,,4,0.01,0.4,0.36000000000000004,10.0,0.0,ground_equivalent_excess_collision_air_kerma_rate,uGy/h,,False,False,False,
347,347,NORMAL,NORMAL,True,522860.9204974669,5697104.290406496,,4,0.01,0.4,0.36000000000000004,10.0,0.0,ground_equivalent_excess_collision_air_kerma_rate,uGy/h,,False,False,False,
348,348,NORMAL,NORMAL,True,522880.9204974669,5697104.290406496,,4,0.01,0.4,0.36000000000000004,10.0,0.0,ground_equivalent_excess_collision_air_kerma_rate,uGy/h,,False,False,False,
349,349,NORMAL,NORMAL,True,522900.9204974669,5697124.290406496,,4,0.01,0.4,0.36000000000000004,10.0,0.0,ground_equivalent_excess_collision_air_kerma_rate,uGy/h,,False,False,False,
350,350,NORMAL,NORMAL,True,522920.9204974669,5697124.290406496,,4,0.01,0.4,0.36000000000000004,10.0,0.0,ground_equivalent_excess_collision_air_kerma_rate,uGy/h,,False,False,False,
351,351,NORMAL,NORMAL,True,522940.9204974669,5697144.290406496,,4,0.01,0.4,0.36000000000000004,10.0,0.0,ground_equivalent_excess_collision_air_kerma_rate,uGy/h,,False,False,False,
352,352,NORMAL,NORMAL,True,522960.9204974669,5697144.290406496,,4,0.01,0.4,0.36000000000000004,10.0,0.0,ground_equivalent_excess_collision_air_kerma_rate,uGy/h,,False,False,False,
353,353,NORMAL,NORMAL,True,522980.9204974669,5697124.290406496,,4,0.01,0.4,0.36000000000000004,10.0,0.0,ground_equivalent_excess_collision_air_kerma_rate,uGy/h,,False,False,False,
354,354,NORMAL,NORMAL,True,523000.920497467,5697124.290406496,,4,0.01,0.4,0.36000000000000004,10.0,0.0,ground_equivalent_excess_collision_air_kerma_rate,uGy/h,,False,False,False,
355,355,NORMAL,NORMAL,True,523020.920497467,5697124.290406496,,4,0.01,0.4,0.36000000000000004,10.0,0.0,ground_equivalent_excess_collision_air_kerma_rate,uGy/h,,False,False,False,
356,356,NORMAL,NORMAL,True,523040.920497467,5697124.290406496,,4,0.01,0.4,0.36000000000000004,10.0,0.0,ground_equivalent_excess_collision_air_kerma_rate,uGy/h,,False,False,False,
357,357,NORMAL,NORMAL,True,523060.920497467,5697144.290406496,,4,0.01,0.4,0.36000000000000004,10.0,0.0,ground_equivalent_excess_collision_air_kerma_rate,uGy/h,,False,False,False,
358,358,NORMAL,NORMAL,True,523080.920497467,5697144.290406496,,4,0.01,0.4,0.36000000000000004,10.0,0.0,ground_equivalent_excess_collision_air_kerma_rate,uGy/h,,False,False,False,
359,359,NORMAL,NORMAL,True,523100.920497467,5697164.290406496,,4,0.01,0.4,0.36000000000000004,10.0,0.0,ground_equivalent_excess_collision_air_kerma_rate,uGy/h,,False,False,False,
360,360,NORMAL,NORMAL,True,523120.920497467,5697184.290406496,,4,0.01,0.4,0.36000000000000004,10.0,0.0,ground_equivalent_excess_collision_air_kerma_rate,uGy/h,,False,False,False,
361,361,NORMAL,NORMAL,True,523140.920497467,5697164.290406496,,4,0.01,0.4,0.36000000000000004,10.0,0.0,ground_equivalent_excess_collision_air_kerma_rate,uGy/h,,False,False,False,
362,362,NORMAL,NORMAL,True,523140.920497467,5697144.290406496,,4,0.01,0.4,0.36000000000000004,10.0,0.0,ground_equivalent_excess_collision_air_kerma_rate,uGy/h,,False,False,False,
363,363,NORMAL,NORMAL,True,523160.920497467,5697124.290406496,,4,0.01,0.4,0.36000000000000004,10.0,0.0,ground_equivalent_excess_collision_air_kerma_rate,uGy/h,,False,False,False,
364,364,NORMAL,NORMAL,True,523160.920497467,5697104.290406496,,4,0.01,0.4,0.36000000000000004,10.0,0.0,ground_equivalent_excess_collision_air_kerma_rate,uGy/h,,False,False,False,
365,365,NORMAL,NORMAL,True,523180.920497467,5697084.290406496,,4,0.01,0.4,0.36000000000000004,10.0,0.0,ground_equivalent_excess_collision_air_kerma_rate,uGy/h,,False,False,False,
366,366,NORMAL,NORMAL,True,523160.920497467,5697064.290406496,,4,0.01,0.4,0.36000000000000004,10.0,0.0,ground_equivalent_excess_collision_air_kerma_rate,uGy/h,,False,False,False,
367,367,NORMAL,NORMAL,True,523160.920497467,5697044.290406496,,4,0.01,0.4,0.36000000000000004,10.0,0.0035633926599260377,ground_equivalent_excess_collision_air_kerma_rate,uGy/h,,False,False,False,
368,368,NORMAL,NORMAL,True,523180.920497467,5697024.290406496,,4,0.01,0.4,0.36000000000000004,10.0,0.004990104139009572,ground_equivalent_excess_collision_air_kerma_rate,uGy/h,,False,False,False,
369,369,NORMAL,NORMAL,True,523180.920497467,5697004.290406496,,4,0.01,0.4,0.36000000000000004,10.0,0.007242818406797406,ground_equivalent_excess_collision_air_kerma_rate,uGy/h,,False,False,False,
370,370,NORMAL,NORMAL,True,523200.920497467,5696984.290406497,,4,0.01,0.4,0.36000000000000004,10.0,0.010163799032279248,ground_equivalent_excess_collision_air_kerma_rate,uGy/h,,False,False,False,
371,371,NORMAL,NORMAL,True,523200.920497467,5696964.290406497,,4,0.01,0.4,0.36000000000000004,10.0,0.015358564340017582,ground_equivalent_excess_collision_air_kerma_rate,uGy/h,,False,False,False,
372,372,NORMAL,NORMAL,True,523220.920497467,5696944.290406497,,4,0.01,0.4,0.36000000000000004,10.0,0.02172518394622479,ground_equivalent_excess_collision_air_kerma_rate,uGy/h,,False,False,False,
373,373,NORMAL,NORMAL,True,523240.920497467,5696924.290406497,,4,0.01,0.4,0.36000000000000004,10.0,0.030056819910528092,ground_equivalent_excess_collision_air_kerma_rate,uGy/h,,False,False,False,
374,374,NORMAL,NORMAL,True,523220.920497467,5696904.290406497,,4,0.01,0.4,0.36000000000000004,10.0,0.06207295884357044,ground_equivalent_excess_collision_air_kerma_rate,uGy/h,,False,False,False,
375,375,NORMAL,NORMAL,True,523220.920497467,5696924.290406497,,4,0.01,0.4,0.36000000000000004,10.0,0.0353080096452118,ground_equivalent_excess_collision_air_kerma_rate,uGy/h,,False,False,False,
376,376,NORMAL,NORMAL,True,523200.920497467,5696944.290406497,,4,0.01,0.4,0.36000000000000004,10.0,0.02399005537424803,ground_equivalent_excess_collision_air_kerma_rate,uGy/h,,False,False,False,
377,377,NORMAL,NORMAL,True,523180.920497467,5696944.290406497,,4,0.01,0.4,0.36000000000000004,10.0,0.025503169111308684,ground_equivalent_excess_collision_air_kerma_rate,uGy/h,,False,False,False,
378,378,NORMAL,NORMAL,True,523160.920497467,5696964.290406497,,4,0.01,0.4,0.36000000000000004,10.0,0.016707930643949372,ground_equivalent_excess_collision_air_kerma_rate,uGy/h,,False,False,False,
379,379,NORMAL,NORMAL,True,523140.920497467,5696944.290406497,,4,0.01,0.4,0.36000000000000004,10.0,0.02613711833051523,ground_equivalent_excess_collision_air_kerma_rate,uGy/h,,False,False,False,
380,380,NORMAL,NORMAL,True,523120.920497467,5696924.290406497,,4,0.01,0.4,0.36000000000000004,10.0,0.04141769084465682,ground_equivalent_excess_collision_air_kerma_rate,uGy/h,,False,False,False,
381,381,NORMAL,NORMAL,True,523100.920497467,5696904.290406497,,4,0.01,0.4,0.36000000000000004,10.0,0.06806767946477903,ground_equivalent_excess_collision_air_kerma_rate,uGy/h,,False,False,False,
382,382,NORMAL,NORMAL,True,523080.920497467,5696884.290406497,,4,0.01,0.4,0.36000000000000004,10.0,0.12362108013633616,ground_equivalent_excess_collision_air_kerma_rate,uGy/h,,False,False,False,
383,383,NORMAL,NORMAL,True,523060.920497467,5696864.290406497,,4,0.01,0.4,0.36000000000000004,10.0,0.37759865615619004,ground_equivalent_excess_collision_air_kerma_rate,uGy/h,,False,False,False,
384,384,NORMAL,NORMAL,True,523040.920497467,5696844.290406497,,4,0.01,0.4,0.36000000000000004,10.0,0.19500813440379722,ground_equivalent_excess_collision_air_kerma_rate,uGy/h,,False,False,False,
385,385,NORMAL,NORMAL,True,523020.920497467,5696824.290406497,,4,0.01,0.4,0.36000000000000004,10.0,0.09007154787010471,ground_equivalent_excess_collision_air_kerma_rate,uGy/h,,False,False,False,
386,386,NORMAL,NORMAL,True,523000.920497467,5696804.290406497,,4,0.01,0.4,0.36000000000000004,10.0,0.049988319488046565,ground_equivalent_excess_collision_air_kerma_rate,uGy/h,,False,False,False,
387,387,NORMAL,NORMAL,True,523000.920497467,5696784.290406497,,4,0.01,0.4,0.36000000000000004,10.0,0.05045975879932485,ground_equivalent_excess_collision_air_kerma_rate,uGy/h,,False,False,False,
388,388,NORMAL,NORMAL,True,523000.920497467,5696764.290406497,,4,0.01,0.4,0.36000000000000004,10.0,0.048062582297573826,ground_equivalent_excess_collision_air_kerma_rate,uGy/h,,False,False,False,
389,389,NORMAL,NORMAL,True,523000.920497467,5696744.290406497,,4,0.01,0.4,0.36000000000000004,10.0,0.04284751438529061,ground_equivalent_excess_collision_air_kerma_rate,uGy/h,,False,False,False,
390,390,NORMAL,NORMAL,True,522980.9204974669,5696724.290406497,,4,0.01,0.4,0.36000000000000004,10.0,0.021436441535136568,ground_equivalent_excess_collision_air_kerma_rate,uGy/h,,False,False,False,
391,391,NORMAL,NORMAL,True,522960.9204974669,5696704.290406497,,4,0.01,0.4,0.36000000000000004,10.0,0.011502377317196421,ground_equivalent_excess_collision_air_kerma_rate,uGy/h,,False,False,False,
392,392,NORMAL,NORMAL,True,522940.9204974669,5696684.290406497,,4,0.01,0.4,0.36000000000000004,10.0,0.006521285127503372,ground_equivalent_excess_collision_air_kerma_rate,uGy/h,,False,False,False,
393,393,NORMAL,NORMAL,True,522920.9204974669,5696664.290406497,,4,0.01,0.4,0.36000000000000004,10.0,0.003854008862547739,ground_equivalent_excess_collision_air_kerma_rate,uGy/h,,False,False,False,
394,394,NORMAL,NORMAL,True,522900.9204974669,5696644.290406497,,4,0.01,0.4,0.36000000000000004,10.0,0.0023510108945929524,ground_equivalent_excess_collision_air_kerma_rate,uGy/h,,False,False,False,
395,395,NORMAL,NORMAL,True,522880.9204974669,5696644.290406497,,4,0.01,0.4,0.36000000000000004,10.0,0.001753685561189443,ground_equivalent_excess_collision_air_kerma_rate,uGy/h,,False,False,False,
396,396,NORMAL,NORMAL,True,522860.9204974669,5696664.290406497,,4,0.01,0.4,0.36000000000000004,10.0,0.0015209196048200245,ground_equivalent_excess_collision_air_kerma_rate,uGy/h,,False,False,False,
397,397,NORMAL,NORMAL,True,522880.9204974669,5696684.290406497,,4,0.01,0.4,0.36000000000000004,10.0,0.002381854841635166,ground_equivalent_excess_collision_air_kerma_rate,uGy/h,,False,False,False,
398,398,NORMAL,NORMAL,True,522900.9204974669,5696704.290406497,,4,0.01,0.4,0.36000000000000004,10.0,0.003791273857375088,ground_equivalent_excess_collision_air_kerma_rate,uGy/h,,False,False,False,
399,399,NORMAL,NORMAL,True,522920.9204974669,5696724.290406497,,4,0.01,0.4,0.36000000000000004,10.0,0.0061436016025094116,ground_equivalent_excess_collision_air_kerma_rate,uGy/h,,False,False,False,
400,400,NORMAL,NORMAL,True,522900.9204974669,5696744.290406497,,4,0.01,0.4,0.36000000000000004,10.0,0.004633461593681172,ground_equivalent_excess_collision_air_kerma_rate,uGy/h,,False,False,False,
401,401,NORMAL,NORMAL,True,522900.9204974669,5696764.290406497,,4,0.01,0.4,0.36000000000000004,10.0,0.004904919302584871,ground_equivalent_excess_collision_air_kerma_rate,uGy/h,,False,False,False,
402,402,NORMAL,NORMAL,True,522900.9204974669,5696784.290406497,,4,0.01,0.4,0.36000000000000004,10.0,0.005034851665248991,ground_equivalent_excess_collision_air_kerma_rate,uGy/h,,False,False,False,
403,403,NORMAL,NORMAL,True,522880.9204974669,5696804.290406497,,4,0.01,0.4,0.36000000000000004,10.0,0.0034562563251312726,ground_equivalent_excess_collision_air_kerma_rate,uGy/h,,False,False,False,
404,404,NORMAL,NORMAL,True,522860.9204974669,5696824.290406497,,4,0.01,0.4,0.36000000000000004,10.0,0.0023547310444553236,ground_equivalent_excess_collision_air_kerma_rate,uGy/h,,False,False,False,
405,405,NORMAL,NORMAL,True,522880.9204974669,5696844.290406497,,4,0.01,0.4,0.36000000000000004,10.0,0.00315322772508078,ground_equivalent_excess_collision_air_kerma_rate,uGy/h,,False,False,False,
406,406,NORMAL,NORMAL,True,522900.9204974669,5696844.290406497,,4,0.01,0.4,0.36000000000000004,10.0,0.004517786573638003,ground_equivalent_excess_collision_air_kerma_rate,uGy/h,,False,False,False,
407,407,NORMAL,NORMAL,True,522920.9204974669,5696824.290406497,,4,0.01,0.4,0.36000000000000004,10.0,0.007105541163319662,ground_equivalent_excess_collision_air_kerma_rate,uGy/h,,False,False,False,
408,408,NORMAL,NORMAL,True,522940.9204974669,5696804.290406497,,4,0.01,0.4,0.36000000000000004,10.0,0.01122263144004877,ground_equivalent_excess_collision_air_kerma_rate,uGy/h,,False,False,False,
409,409,NORMAL,NORMAL,True,522960.9204974669,5696824.290406497,,4,0.01,0.4,0.36000000000000004,10.0,0.016637373478411075,ground_equivalent_excess_collision_air_kerma_rate,uGy/h,,False,False,False,
410,410,NORMAL,NORMAL,True,522960.9204974669,5696844.290406497,,4,0.01,0.4,0.36000000000000004,10.0,0.015037272521818966,ground_equivalent_excess_collision_air_kerma_rate,uGy/h,,False,False,False,
411,411,NORMAL,NORMAL,True,522940.9204974669,5696864.290406497,,4,0.01,0.4,0.36000000000000004,10.0,0.008656764724314083,ground_equivalent_excess_collision_air_kerma_rate,uGy/h,,False,False,False,
412,412,NORMAL,NORMAL,True,522920.9204974669,5696884.290406497,,4,0.01,0.4,0.36000000000000004,10.0,0.005140774245227383,ground_equivalent_excess_collision_air_kerma_rate,uGy/h,,False,False,False,
413,413,NORMAL,NORMAL,True,522940.9204974669,5696904.290406497,,4,0.01,0.4,0.36000000000000004,10.0,0.006112102183339831,ground_equivalent_excess_collision_air_kerma_rate,uGy/h,,False,False,False,
414,414,NORMAL,NORMAL,True,522960.9204974669,5696904.290406497,,4,0.01,0.4,0.36000000000000004,10.0,0.008655176026735396,ground_equivalent_excess_collision_air_kerma_rate,uGy/h,,False,False,False,
415,415,NORMAL,NORMAL,True,522980.9204974669,5696884.290406497,,4,0.01,0.4,0.36000000000000004,10.0,0.016060647655372993,ground_equivalent_excess_collision_air_kerma_rate,uGy/h,,False,False,False,
416,416,NORMAL,NORMAL,True,523000.920497467,5696864.290406497,,4,0.01,0.4,0.36000000000000004,10.0,0.03264901856326297,ground_equivalent_excess_collision_air_kerma_rate,uGy/h,,False,False,False,
417,417,NORMAL,NORMAL,True,523020.920497467,5696884.290406497,,4,0.01,0.4,0.36000000000000004,10.0,0.03894159358538599,ground_equivalent_excess_collision_air_kerma_rate,uGy/h,,False,False,False,
418,418,NORMAL,NORMAL,True,523040.920497467,5696904.290406497,,4,0.01,0.4,0.36000000000000004,10.0,0.036653834463780746,ground_equivalent_excess_collision_air_kerma_rate,uGy/h,,False,False,False,
419,419,NORMAL,NORMAL,True,523060.920497467,5696924.290406497,,4,0.01,0.4,0.36000000000000004,10.0,0.028851724749713703,ground_equivalent_excess_collision_air_kerma_rate,uGy/h,,False,False,False,
420,420,NORMAL,NORMAL,True,523080.920497467,5696944.290406497,,4,0.01,0.4,0.36000000000000004,10.0,0.02117077473095296,ground_equivalent_excess_collision_air_kerma_rate,uGy/h,,False,False,False,
421,421,NORMAL,NORMAL,True,523100.920497467,5696964.290406497,,4,0.01,0.4,0.36000000000000004,10.0,0.015113618478675095,ground_equivalent_excess_collision_air_kerma_rate,uGy/h,,False,False,False,
422,422,NORMAL,NORMAL,True,523120.920497467,5696984.290406497,,4,0.01,0.4,0.36000000000000004,10.0,0.010628313616709103,ground_equivalent_excess_collision_air_kerma_rate,uGy/h,,False,False,False,
423,423,NORMAL,NORMAL,True,523120.920497467,5697004.290406496,,4,0.01,0.4,0.36000000000000004,10.0,0.007184573772184184,ground_equivalent_excess_collision_air_kerma_rate,uGy/h,,False,False,False,
424,424,NORMAL,NORMAL,True,523120.920497467,5697024.290406496,,4,0.01,0.4,0.36000000000000004,10.0,0.004953103825495834,ground_equivalent_excess_collision_air_kerma_rate,uGy/h,,False,False,False,
425,425,NORMAL,NORMAL,True,523100.920497467,5697044.290406496,,4,0.01,0.4,0.36000000000000004,10.0,0.0033131783523281484,ground_equivalent_excess_collision_air_kerma_rate,uGy/h,,False,False,False,
426,426,NORMAL,NORMAL,True,523100.920497467,5697064.290406496,,4,0.01,0.4,0.36000000000000004,10.0,0.0,ground_equivalent_excess_collision_air_kerma_rate,uGy/h,,False,False,False,
427,427,NORMAL,NORMAL,True,523120.920497467,5697084.290406496,,4,0.01,0.4,0.36000000000000004,10.0,0.0,ground_equivalent_excess_collision_air_kerma_rate,uGy/h,,False,False,False,
428,428,NORMAL,NORMAL,True,523100.920497467,5697104.290406496,,4,0.01,0.4,0.36000000000000004,10.0,0.0,ground_equivalent_excess_collision_air_kerma_rate,uGy/h,,False,False,False,
429,429,NORMAL,NORMAL,True,523080.920497467,5697104.290406496,,4,0.01,0.4,0.36000000000000004,10.0,0.0,ground_equivalent_excess_collision_air_kerma_rate,uGy/h,,False,False,False,
430,430,NORMAL,NORMAL,True,523060.920497467,5697084.290406496,,4,0.01,0.4,0.36000000000000004,10.0,0.0,ground_equivalent_excess_collision_air_kerma_rate,uGy/h,,False,False,False,
431,431,NORMAL,NORMAL,True,523040.920497467,5697064.290406496,,4,0.01,0.4,0.36000000000000004,10.0,0.0,ground_equivalent_excess_collision_air_kerma_rate,uGy/h,,False,False,False,
432,432,NORMAL,NORMAL,True,523020.920497467,5697064.290406496,,4,0.01,0.4,0.36000000000000004,10.0,0.0,ground_equivalent_excess_collision_air_kerma_rate,uGy/h,,False,False,False,
433,433,NORMAL,NORMAL,True,523000.920497467,5697064.290406496,,4,0.01,0.4,0.36000000000000004,10.0,0.0,ground_equivalent_excess_collision_air_kerma_rate,uGy/h,,False,False,False,
434,434,NORMAL,NORMAL,True,522980.9204974669,5697064.290406496,,4,0.01,0.4,0.36000000000000004,10.0,0.0,ground_equivalent_excess_collision_air_kerma_rate,uGy/h,,False,False,False,
435,435,NORMAL,NORMAL,True,522960.9204974669,5697084.290406496,,4,0.01,0.4,0.36000000000000004,10.0,0.0,ground_equivalent_excess_collision_air_kerma_rate,uGy/h,,False,False,False,
436,436,NORMAL,NORMAL,True,522940.9204974669,5697084.290406496,,4,0.01,0.4,0.36000000000000004,10.0,0.0,ground_equivalent_excess_collision_air_kerma_rate,uGy/h,,False,False,False,
437,437,NORMAL,NORMAL,True,522940.9204974669,5697064.290406496,,4,0.01,0.4,0.36000000000000004,10.0,0.0,ground_equivalent_excess_collision_air_kerma_rate,uGy/h,,False,False,False,
438,438,NORMAL,NORMAL,True,522940.9204974669,5697044.290406496,,4,0.01,0.4,0.36000000000000004,10.0,0.0011346182601079328,ground_equivalent_excess_collision_air_kerma_rate,uGy/h,,False,False,False,
439,439,NORMAL,NORMAL,True,522920.9204974669,5697024.290406496,,4,0.01,0.4,0.36000000000000004,10.0,0.0011842909551431058,ground_equivalent_excess_collision_air_kerma_rate,uGy/h,,False,False,False,
440,440,NORMAL,NORMAL,True,522900.9204974669,5697024.290406496,,4,0.01,0.4,0.36000000000000004,10.0,0.0009504527119039166,ground_equivalent_excess_collision_air_kerma_rate,uGy/h,,False,False,False,
441,441,NORMAL,NORMAL,True,522880.9204974669,5697044.290406496,,4,0.01,0.4,0.36000000000000004,10.0,0.0006123987223434158,ground_equivalent_excess_collision_air_kerma_rate,uGy/h,,False,False,False,
442,442,NORMAL,NORMAL,True,522860.9204974669,5697044.290406496,,4,0.01,0.4,0.36000000000000004,10.0,0.0004925885800904353,ground_equivalent_excess_collision_air_kerma_rate,uGy/h,,False,False,False,
443,443,NORMAL,NORMAL,True,522840.9204974669,5697044.290406496,,4,0.01,0.4,0.36000000000000004,10.0,0.0,ground_equivalent_excess_collision_air_kerma_rate,uGy/h,,False,False,False,
444,444,NORMAL,NORMAL,True,522820.9204974669,5697024.290406496,,4,0.01,0.4,0.36000000000000004,10.0,0.0,ground_equivalent_excess_collision_air_kerma_rate,uGy/h,,False,False,False,
445,445,NORMAL,NORMAL,True,522800.9204974669,5697024.290406496,,4,0.01,0.4,0.36000000000000004,10.0,0.0,ground_equivalent_excess_collision_air_kerma_rate,uGy/h,,False,False,False,
446,446,NORMAL,NORMAL,True,522780.9204974669,5697024.290406496,,4,0.01,0.4,0.36000000000000004,10.0,0.0,ground_equivalent_excess_collision_air_kerma_rate,uGy/h,,False,False,False,
447,447,NORMAL,NORMAL,True,522760.9204974669,5697044.290406496,,4,0.01,0.4,0.36000000000000004,10.0,0.0,ground_equivalent_excess_collision_air_kerma_rate,uGy/h,,False,False,False,
448,448,NORMAL,NORMAL,True,522740.9204974669,5697044.290406496,,4,0.01,0.4,0.36000000000000004,10.0,0.0,ground_equivalent_excess_collision_air_kerma_rate,uGy/h,,False,False,False,
449,449,NORMAL,NORMAL,True,522720.9204974669,5697044.290406496,,4,0.01,0.4,0.36000000000000004,10.0,0.0,ground_equivalent_excess_collision_air_kerma_rate,uGy/h,,False,False,False,
450,450,NORMAL,NORMAL,True,522700.9204974669,5697044.290406496,,4,0.01,0.4,0.36000000000000004,10.0,0.0,ground_equivalent_excess_collision_air_kerma_rate,uGy/h,,False,False,False,
451,451,NORMAL,NORMAL,True,522680.9204974669,5697044.290406496,,4,0.01,0.4,0.36000000000000004,10.0,0.0,ground_equivalent_excess_collision_air_kerma_rate,uGy/h,,False,False,False,
452,452,NORMAL,NORMAL,True,522660.9204974669,5697024.290406496,,4,0.01,0.4,0.36000000000000004,10.0,0.0,ground_equivalent_excess_collision_air_kerma_rate,uGy/h,,False,False,False,
453,453,NORMAL,NORMAL,True,522640.9204974669,5697024.290406496,,4,0.01,0.4,0.36000000000000004,10.0,0.0,ground_equivalent_excess_collision_air_kerma_rate,uGy/h,,False,False,False,
454,454,NORMAL,NORMAL,True,522620.9204974669,5697024.290406496,,4,0.01,0.4,0.36000000000000004,10.0,0.0,ground_equivalent_excess_collision_air_kerma_rate,uGy/h,,False,False,False,
455,455,NORMAL,NORMAL,True,522600.9204974669,5697024.290406496,,4,0.01,0.4,0.36000000000000004,10.0,0.0,ground_equivalent_excess_collision_air_kerma_rate,uGy/h,,False,False,False,
456,456,NORMAL,NORMAL,True,522580.9204974669,5697024.290406496,,4,0.01,0.4,0.36000000000000004,10.0,0.0,ground_equivalent_excess_collision_air_kerma_rate,uGy/h,,False,False,False,
457,457,NORMAL,NORMAL,True,522560.9204974669,5697024.290406496,,4,0.01,0.4,0.36000000000000004,10.0,0.0,ground_equivalent_excess_collision_air_kerma_rate,uGy/h,,False,False,False,
458,458,NORMAL,NORMAL,True,522540.9204974669,5697024.290406496,,4,0.01,0.4,0.36000000000000004,10.0,0.0,ground_equivalent_excess_collision_air_kerma_rate,uGy/h,,False,False,False,
459,459,NORMAL,NORMAL,True,522520.9204974669,5697024.290406496,,4,0.01,0.4,0.36000000000000004,10.0,0.0,ground_equivalent_excess_collision_air_kerma_rate,uGy/h,,False,False,False,
460,460,NORMAL,NORMAL,True,522500.9204974669,5697024.290406496,,4,0.01,0.4,0.36000000000000004,10.0,0.0,ground_equivalent_excess_collision_air_kerma_rate,uGy/h,,False,False,False,
461,461,NORMAL,NORMAL,True,522480.9204974669,5697024.290406496,,4,0.01,0.4,0.36000000000000004,10.0,0.0,ground_equivalent_excess_collision_air_kerma_rate,uGy/h,,False,False,False,
462,462,NORMAL,NORMAL,True,522460.9204974669,5697004.290406496,,4,0.01,0.4,0.36000000000000004,10.0,0.0,ground_equivalent_excess_collision_air_kerma_rate,uGy/h,,False,False,False,
463,463,NORMAL,NORMAL,True,522440.9204974669,5696984.290406497,,4,0.01,0.4,0.36000000000000004,10.0,0.0,ground_equivalent_excess_collision_air_kerma_rate,uGy/h,,False,False,False,
464,464,NORMAL,NORMAL,True,522420.9204974669,5696964.290406497,,4,0.01,0.4,0.36000000000000004,10.0,0.0,ground_equivalent_excess_collision_air_kerma_rate,uGy/h,,False,False,False,
465,465,NORMAL,NORMAL,True,522400.9204974669,5696964.290406497,,4,0.01,0.4,0.36000000000000004,10.0,0.0,ground_equivalent_excess_collision_air_kerma_rate,uGy/h,,False,False,False,
466,466,NORMAL,NORMAL,True,522420.9204974669,5696944.290406497,,4,0.01,0.4,0.36000000000000004,10.0,0.0,ground_equivalent_excess_collision_air_kerma_rate,uGy/h,,False,False,False,
467,467,NORMAL,NORMAL,True,522420.9204974669,5696924.290406497,,4,0.01,0.4,0.36000000000000004,10.0,0.0,ground_equivalent_excess_collision_air_kerma_rate,uGy/h,,False,False,False,
468,468,NORMAL,NORMAL,True,522420.9204974669,5696904.290406497,,4,0.01,0.4,0.36000000000000004,10.0,0.0,ground_equivalent_excess_collision_air_kerma_rate,uGy/h,,False,False,False,
469,469,NORMAL,NORMAL,True,522420.9204974669,5696884.290406497,,4,0.01,0.4,0.36000000000000004,10.0,0.0,ground_equivalent_excess_collision_air_kerma_rate,uGy/h,,False,False,False,
470,470,NORMAL,NORMAL,True,522400.9204974669,5696864.290406497,,4,0.01,0.4,0.36000000000000004,10.0,0.0,ground_equivalent_excess_collision_air_kerma_rate,uGy/h,,False,False,False,
471,471,NORMAL,NORMAL,True,522380.9204974669,5696884.290406497,,4,0.01,0.4,0.36000000000000004,10.0,0.0,ground_equivalent_excess_collision_air_kerma_rate,uGy/h,,False,False,False,
472,472,NORMAL,NORMAL,True,522380.9204974669,5696904.290406497,,4,0.01,0.4,0.36000000000000004,10.0,0.0,ground_equivalent_excess_collision_air_kerma_rate,uGy/h,,False,False,False,
473,473,NORMAL,NORMAL,True,522380.9204974669,5696924.290406497,,4,0.01,0.4,0.36000000000000004,10.0,0.0,ground_equivalent_excess_collision_air_kerma_rate,uGy/h,,False,False,False,
474,474,NORMAL,NORMAL,True,522400.9204974669,5696924.290406497,,4,0.01,0.4,0.36000000000000004,10.0,0.0,ground_equivalent_excess_collision_air_kerma_rate,uGy/h,,False,False,False,
475,475,NORMAL,NORMAL,True,522420.9204974669,5696944.290406497,,4,0.01,0.4,0.36000000000000004,10.0,0.0,ground_equivalent_excess_collision_air_kerma_rate,uGy/h,,False,False,False,
476,476,NORMAL,NORMAL,True,522440.9204974669,5696944.290406497,,4,0.01,0.4,0.36000000000000004,10.0,0.0,ground_equivalent_excess_collision_air_kerma_rate,uGy/h,,False,False,False,
477,477,NORMAL,NORMAL,True,522460.9204974669,5696944.290406497,,4,0.01,0.4,0.36000000000000004,10.0,0.0,ground_equivalent_excess_collision_air_kerma_rate,uGy/h,,False,False,False,
478,478,NORMAL,NORMAL,True,522440.9204974669,5696964.290406497,,4,0.01,0.4,0.36000000000000004,10.0,0.0,ground_equivalent_excess_collision_air_kerma_rate,uGy/h,,False,False,False,
479,479,NORMAL,NORMAL,True,522420.9204974669,5696984.290406497,,4,0.01,0.4,0.36000000000000004,10.0,0.0,ground_equivalent_excess_collision_air_kerma_rate,uGy/h,,False,False,False,
480,480,NORMAL,NORMAL,True,522400.9204974669,5697004.290406496,,4,0.01,0.4,0.36000000000000004,10.0,0.0,ground_equivalent_excess_collision_air_kerma_rate,uGy/h,,False,False,False,
481,481,NORMAL,NORMAL,True,522420.9204974669,5697024.290406496,,4,0.01,0.4,0.36000000000000004,10.0,0.0,ground_equivalent_excess_collision_air_kerma_rate,uGy/h,,False,False,False,
482,482,NORMAL,NORMAL,True,522440.9204974669,5697044.290406496,,4,0.01,0.4,0.36000000000000004,10.0,0.0,ground_equivalent_excess_collision_air_kerma_rate,uGy/h,,False,False,False,
483,483,NORMAL,NORMAL,True,522420.9204974669,5697064.290406496,,4,0.01,0.4,0.36000000000000004,10.0,0.0,ground_equivalent_excess_collision_air_kerma_rate,uGy/h,,False,False,False,
484,484,NORMAL,NORMAL,True,522400.9204974669,5697084.290406496,,4,0.01,0.4,0.36000000000000004,10.0,0.0,ground_equivalent_excess_collision_air_kerma_rate,uGy/h,,False,False,False,
485,485,NORMAL,NORMAL,True,522400.9204974669,5697064.290406496,,4,0.01,0.4,0.36000000000000004,10.0,0.0,ground_equivalent_excess_collision_air_kerma_rate,uGy/h,,False,False,False,
486,486,NORMAL,NORMAL,True,522380.9204974669,5697044.290406496,,4,0.01,0.4,0.36000000000000004,10.0,0.0,ground_equivalent_excess_collision_air_kerma_rate,uGy/h,,False,False,False,
487,487,NORMAL,NORMAL,True,522400.9204974669,5697064.290406496,,4,0.01,0.4,0.36000000000000004,10.0,0.0,ground_equivalent_excess_collision_air_kerma_rate,uGy/h,,False,False,False,
488,488,NORMAL,NORMAL,True,522400.9204974669,5697044.290406496,,4,0.01,0.4,0.36000000000000004,10.0,0.0,ground_equivalent_excess_collision_air_kerma_rate,uGy/h,,False,False,False,
489,489,NORMAL,NORMAL,True,522420.9204974669,5697044.290406496,,4,0.01,0.4,0.36000000000000004,10.0,0.0,ground_equivalent_excess_collision_air_kerma_rate,uGy/h,,False,False,False,
490,490,NORMAL,NORMAL,True,522400.9204974669,5697024.290406496,,4,0.01,0.4,0.36000000000000004,10.0,0.0,ground_equivalent_excess_collision_air_kerma_rate,uGy/h,,False,False,False,
491,491,NORMAL,NORMAL,True,522380.9204974669,5697004.290406496,,4,0.01,0.4,0.36000000000000004,10.0,0.0,ground_equivalent_excess_collision_air_kerma_rate,uGy/h,,False,False,False,
492,492,NORMAL,NORMAL,True,522400.9204974669,5697004.290406496,,4,0.01,0.4,0.36000000000000004,10.0,0.0,ground_equivalent_excess_collision_air_kerma_rate,uGy/h,,False,False,False,
493,493,NORMAL,NORMAL,True,522400.9204974669,5697024.290406496,,4,0.01,0.4,0.36000000000000004,10.0,0.0,ground_equivalent_excess_collision_air_kerma_rate,uGy/h,,False,False,False,
494,494,NORMAL,NORMAL,True,522400.9204974669,5697044.290406496,,4,0.01,0.4,0.36000000000000004,10.0,0.0,ground_equivalent_excess_collision_air_kerma_rate,uGy/h,,False,False,False,
495,495,NORMAL,NORMAL,True,522420.9204974669,5697024.290406496,,4,0.01,0.4,0.36000000000000004,10.0,0.0,ground_equivalent_excess_collision_air_kerma_rate,uGy/h,,False,False,False,
496,496,NORMAL,NORMAL,True,522400.9204974669,5697024.290406496,,4,0.01,0.4,0.36000000000000004,10.0,0.0,ground_equivalent_excess_collision_air_kerma_rate,uGy/h,,False,False,False,
497,497,NORMAL,NORMAL,True,522420.9204974669,5697024.290406496,,4,0.01,0.4,0.36000000000000004,10.0,0.0,ground_equivalent_excess_collision_air_kerma_rate,uGy/h,,False,False,False,
498,498,NORMAL,NORMAL,True,522400.9204974669,5697024.290406496,,4,0.01,0.4,0.36000000000000004,10.0,0.0,ground_equivalent_excess_collision_air_kerma_rate,uGy/h,,False,False,False,
499,499,NORMAL,NORMAL,True,522400.9204974669,5697004.290406496,,4,0.01,0.4,0.36000000000000004,10.0,0.0,ground_equivalent_excess_collision_air_kerma_rate,uGy/h,,False,False,False,
500,500,NORMAL,NORMAL,True,522420.9204974669,5696984.290406497,,4,0.01,0.4,0.36000000000000004,10.0,0.0,ground_equivalent_excess_collision_air_kerma_rate,uGy/h,,False,False,False,
501,501,NORMAL,NORMAL,True,522400.9204974669,5696984.290406497,,4,0.01,0.4,0.36000000000000004,10.0,0.0,ground_equivalent_excess_collision_air_kerma_rate,uGy/h,,False,False,False,
502,502,NORMAL,NORMAL,True,522420.9204974669,5696984.290406497,,4,0.01,0.4,0.36000000000000004,10.0,0.0,ground_equivalent_excess_collision_air_kerma_rate,uGy/h,,False,False,False,
503,503,NORMAL,NORMAL,True,522440.9204974669,5697004.290406496,,4,0.01,0.4,0.36000000000000004,10.0,0.0,ground_equivalent_excess_collision_air_kerma_rate,uGy/h,,False,False,False,
504,504,NORMAL,NORMAL,True,522460.9204974669,5697004.290406496,,4,0.01,0.4,0.36000000000000004,10.0,0.0,ground_equivalent_excess_collision_air_kerma_rate,uGy/h,,False,False,False,
505,505,NORMAL,NORMAL,True,522440.9204974669,5697004.290406496,,4,0.01,0.4,0.36000000000000004,10.0,0.0,ground_equivalent_excess_collision_air_kerma_rate,uGy/h,,False,False,False,
506,506,NORMAL,NORMAL,True,522420.9204974669,5697024.290406496,,4,0.01,0.4,0.36000000000000004,10.0,0.0,ground_equivalent_excess_collision_air_kerma_rate,uGy/h,,False,False,False,
507,507,NORMAL,NORMAL,True,522420.9204974669,5697044.290406496,,4,0.01,0.4,0.36000000000000004,10.0,0.0,ground_equivalent_excess_collision_air_kerma_rate,uGy/h,,False,False,False,
508,508,NORMAL,NORMAL,True,522400.9204974669,5697044.290406496,,4,0.01,0.4,0.36000000000000004,10.0,0.0,ground_equivalent_excess_collision_air_kerma_rate,uGy/h,,False,False,False,
509,509,NORMAL,NORMAL,True,522380.9204974669,5697044.290406496,,4,0.01,0.4,0.36000000000000004,10.0,0.0,ground_equivalent_excess_collision_air_kerma_rate,uGy/h,,False,False,False,
510,510,NORMAL,NORMAL,True,522400.9204974669,5697024.290406496,,4,0.01,0.4,0.36000000000000004,10.0,0.0,ground_equivalent_excess_collision_air_kerma_rate,uGy/h,,False,False,False,
511,511,NORMAL,NORMAL,True,522400.9204974669,5697044.290406496,,4,0.01,0.4,0.36000000000000004,10.0,0.0,ground_equivalent_excess_collision_air_kerma_rate,uGy/h,,False,False,False,
512,512,NORMAL,NORMAL,True,522400.9204974669,5697064.290406496,,4,0.01,0.4,0.36000000000000004,10.0,0.0,ground_equivalent_excess_collision_air_kerma_rate,uGy/h,,False,False,False,
513,513,NORMAL,NORMAL,True,522400.9204974669,5697044.290406496,,4,0.01,0.4,0.36000000000000004,10.0,0.0,ground_equivalent_excess_collision_air_kerma_rate,uGy/h,,False,False,False,
514,514,NORMAL,NORMAL,True,522420.9204974669,5697024.290406496,,4,0.01,0.4,0.36000000000000004,10.0,0.0,ground_equivalent_excess_collision_air_kerma_rate,uGy/h,,False,False,False,
515,515,NORMAL,NORMAL,True,522440.9204974669,5697004.290406496,,4,0.01,0.4,0.36000000000000004,10.0,0.0,ground_equivalent_excess_collision_air_kerma_rate,uGy/h,,False,False,False,
516,516,NORMAL,NORMAL,True,522460.9204974669,5697024.290406496,,4,0.01,0.4,0.36000000000000004,10.0,0.0,ground_equivalent_excess_collision_air_kerma_rate,uGy/h,,False,False,False,
517,517,NORMAL,NORMAL,True,522440.9204974669,5697004.290406496,,4,0.01,0.4,0.36000000000000004,10.0,0.0,ground_equivalent_excess_collision_air_kerma_rate,uGy/h,,False,False,False,
518,518,NORMAL,NORMAL,True,522440.9204974669,5696984.290406497,,4,0.01,0.4,0.36000000000000004,10.0,0.0,ground_equivalent_excess_collision_air_kerma_rate,uGy/h,,False,False,False,
519,519,NORMAL,NORMAL,True,522460.9204974669,5696964.290406497,,4,0.01,0.4,0.36000000000000004,10.0,0.0,ground_equivalent_excess_collision_air_kerma_rate,uGy/h,,False,False,False,
520,520,NORMAL,NORMAL,True,522480.9204974669,5696964.290406497,,4,0.01,0.4,0.36000000000000004,10.0,0.0,ground_equivalent_excess_collision_air_kerma_rate,uGy/h,,False,False,False,
521,521,NORMAL,NORMAL,True,522500.9204974669,5696944.290406497,,4,0.01,0.4,0.36000000000000004,10.0,0.0,ground_equivalent_excess_collision_air_kerma_rate,uGy/h,,False,False,False,
522,522,NORMAL,NORMAL,True,522520.9204974669,5696924.290406497,,4,0.01,0.4,0.36000000000000004,10.0,0.0,ground_equivalent_excess_collision_air_kerma_rate,uGy/h,,False,False,False,
523,523,NORMAL,NORMAL,True,522540.9204974669,5696924.290406497,,4,0.01,0.4,0.36000000000000004,10.0,0.0,ground_equivalent_excess_collision_air_kerma_rate,uGy/h,,False,False,False,
524,524,NORMAL,NORMAL,True,522560.9204974669,5696924.290406497,,4,0.01,0.4,0.36000000000000004,10.0,0.0,ground_equivalent_excess_collision_air_kerma_rate,uGy/h,,False,False,False,
525,525,NORMAL,NORMAL,True,522560.9204974669,5696904.290406497,,4,0.01,0.4,0.36000000000000004,10.0,0.0,ground_equivalent_excess_collision_air_kerma_rate,uGy/h,,False,False,False,
526,526,NORMAL,NORMAL,True,522580.9204974669,5696904.290406497,,4,0.01,0.4,0.36000000000000004,10.0,0.0,ground_equivalent_excess_collision_air_kerma_rate,uGy/h,,False,False,False,
527,527,NORMAL,NORMAL,True,522560.9204974669,5696924.290406497,,4,0.01,0.4,0.36000000000000004,10.0,0.0,ground_equivalent_excess_collision_air_kerma_rate,uGy/h,,False,False,False,
528,528,NORMAL,NORMAL,True,522560.9204974669,5696944.290406497,,4,0.01,0.4,0.36000000000000004,10.0,0.0,ground_equivalent_excess_collision_air_kerma_rate,uGy/h,,False,False,False,
529,529,NORMAL,NORMAL,True,522540.9204974669,5696924.290406497,,4,0.01,0.4,0.36000000000000004,10.0,0.0,ground_equivalent_excess_collision_air_kerma_rate,uGy/h,,False,False,False,
530,530,NORMAL,NORMAL,True,522540.9204974669,5696904.290406497,,4,0.01,0.4,0.36000000000000004,10.0,0.0,ground_equivalent_excess_collision_air_kerma_rate,uGy/h,,False,False,False,
531,531,NORMAL,NORMAL,True,522520.9204974669,5696884.290406497,,4,0.01,0.4,0.36000000000000004,10.0,0.0,ground_equivalent_excess_collision_air_kerma_rate,uGy/h,,False,False,False,
532,532,NORMAL,NORMAL,True,522540.9204974669,5696904.290406497,,4,0.01,0.4,0.36000000000000004,10.0,0.0,ground_equivalent_excess_collision_air_kerma_rate,uGy/h,,False,False,False,
533,533,NORMAL,NORMAL,True,522520.9204974669,5696924.290406497,,4,0.01,0.4,0.36000000000000004,10.0,0.0,ground_equivalent_excess_collision_air_kerma_rate,uGy/h,,False,False,False,
534,534,NORMAL,NORMAL,True,522540.9204974669,5696924.290406497,,4,0.01,0.4,0.36000000000000004,10.0,0.0,ground_equivalent_excess_collision_air_kerma_rate,uGy/h,,False,False,False,
535,535,NORMAL,NORMAL,True,522540.9204974669,5696944.290406497,,4,0.01,0.4,0.36000000000000004,10.0,0.0,ground_equivalent_excess_collision_air_kerma_rate,uGy/h,,False,False,False,
536,536,NORMAL,NORMAL,True,522560.9204974669,5696944.290406497,,4,0.01,0.4,0.36000000000000004,10.0,0.0,ground_equivalent_excess_collision_air_kerma_rate,uGy/h,,False,False,False,
537,537,NORMAL,NORMAL,True,522560.9204974669,5696924.290406497,,4,0.01,0.4,0.36000000000000004,10.0,0.0,ground_equivalent_excess_collision_air_kerma_rate,uGy/h,,False,False,False,
538,538,NORMAL,NORMAL,True,522580.9204974669,5696924.290406497,,4,0.01,0.4,0.36000000000000004,10.0,0.0,ground_equivalent_excess_collision_air_kerma_rate,uGy/h,,False,False,False,
539,539,NORMAL,NORMAL,True,522560.9204974669,5696944.290406497,,4,0.01,0.4,0.36000000000000004,10.0,0.0,ground_equivalent_excess_collision_air_kerma_rate,uGy/h,,False,False,False,
540,540,NORMAL,NORMAL,True,522540.9204974669,5696924.290406497,,4,0.01,0.4,0.36000000000000004,10.0,0.0,ground_equivalent_excess_collision_air_kerma_rate,uGy/h,,False,False,False,
541,541,NORMAL,NORMAL,True,522560.9204974669,5696924.290406497,,4,0.01,0.4,0.36000000000000004,10.0,0.0,ground_equivalent_excess_collision_air_kerma_rate,uGy/h,,False,False,False,
542,542,NORMAL,NORMAL,True,522540.9204974669,5696924.290406497,,4,0.01,0.4,0.36000000000000004,10.0,0.0,ground_equivalent_excess_collision_air_kerma_rate,uGy/h,,False,False,False,
543,543,NORMAL,NORMAL,True,522520.9204974669,5696904.290406497,,4,0.01,0.4,0.36000000000000004,10.0,0.0,ground_equivalent_excess_collision_air_kerma_rate,uGy/h,,False,False,False,
544,544,NORMAL,NORMAL,True,522540.9204974669,5696884.290406497,,4,0.01,0.4,0.36000000000000004,10.0,0.0,ground_equivalent_excess_collision_air_kerma_rate,uGy/h,,False,False,False,
545,545,NORMAL,NORMAL,True,522560.9204974669,5696864.290406497,,4,0.01,0.4,0.36000000000000004,10.0,0.0,ground_equivalent_excess_collision_air_kerma_rate,uGy/h,,False,False,False,
546,546,NORMAL,NORMAL,True,522580.9204974669,5696844.290406497,,4,0.01,0.4,0.36000000000000004,10.0,0.0,ground_equivalent_excess_collision_air_kerma_rate,uGy/h,,False,False,False,
547,547,NORMAL,NORMAL,True,522600.9204974669,5696824.290406497,,4,0.01,0.4,0.36000000000000004,10.0,0.0,ground_equivalent_excess_collision_air_kerma_rate,uGy/h,,False,False,False,
548,548,NORMAL,NORMAL,True,522600.9204974669,5696804.290406497,,4,0.01,0.4,0.36000000000000004,10.0,0.0,ground_equivalent_excess_collision_air_kerma_rate,uGy/h,,False,False,False,
549,549,NORMAL,NORMAL,True,522600.9204974669,5696784.290406497,,4,0.01,0.4,0.36000000000000004,10.0,0.0,ground_equivalent_excess_collision_air_kerma_rate,uGy/h,,False,False,False,
550,550,NORMAL,NORMAL,True,522600.9204974669,5696764.290406497,,4,0.01,0.4,0.36000000000000004,10.0,0.0,ground_equivalent_excess_collision_air_kerma_rate,uGy/h,,False,False,False,
551,551,NORMAL,NORMAL,True,522600.9204974669,5696744.290406497,,4,0.01,0.4,0.36000000000000004,10.0,0.0,ground_equivalent_excess_collision_air_kerma_rate,uGy/h,,False,False,False,
552,552,NORMAL,NORMAL,True,522600.9204974669,5696724.290406497,,4,0.01,0.4,0.36000000000000004,10.0,0.0,ground_equivalent_excess_collision_air_kerma_rate,uGy/h,,False,False,False,
553,553,NORMAL,NORMAL,True,522580.9204974669,5696704.290406497,,4,0.01,0.4,0.36000000000000004,10.0,0.0,ground_equivalent_excess_collision_air_kerma_rate,uGy/h,,False,False,False,
554,554,NORMAL,NORMAL,True,522560.9204974669,5696724.290406497,,4,0.01,0.4,0.36000000000000004,10.0,0.0,ground_equivalent_excess_collision_air_kerma_rate,uGy/h,,False,False,False,
555,555,NORMAL,NORMAL,True,522560.9204974669,5696744.290406497,,4,0.01,0.4,0.36000000000000004,10.0,0.0,ground_equivalent_excess_collision_air_kerma_rate,uGy/h,,False,False,False,
556,556,NORMAL,NORMAL,True,522540.9204974669,5696764.290406497,,4,0.01,0.4,0.36000000000000004,10.0,0.0,ground_equivalent_excess_collision_air_kerma_rate,uGy/h,,False,False,False,
557,557,NORMAL,NORMAL,True,522560.9204974669,5696784.290406497,,4,0.01,0.4,0.36000000000000004,10.0,0.0,ground_equivalent_excess_collision_air_kerma_rate,uGy/h,,False,False,False,
558,558,NORMAL,NORMAL,True,522560.9204974669,5696804.290406497,,4,0.01,0.4,0.36000000000000004,10.0,0.0,ground_equivalent_excess_collision_air_kerma_rate,uGy/h,,False,False,False,
559,559,NORMAL,NORMAL,True,522540.9204974669,5696804.290406497,,4,0.01,0.4,0.36000000000000004,10.0,0.0,ground_equivalent_excess_collision_air_kerma_rate,uGy/h,,False,False,False,
560,560,NORMAL,NORMAL,True,522520.9204974669,5696804.290406497,,4,0.01,0.4,0.36000000000000004,10.0,0.0,ground_equivalent_excess_collision_air_kerma_rate,uGy/h,,False,False,False,
561,561,NORMAL,NORMAL,True,522540.9204974669,5696784.290406497,,4,0.01,0.4,0.36000000000000004,10.0,0.0,ground_equivalent_excess_collision_air_kerma_rate,uGy/h,,False,False,False,
562,562,NORMAL,NORMAL,True,522560.9204974669,5696764.290406497,,4,0.01,0.4,0.36000000000000004,10.0,0.0,ground_equivalent_excess_collision_air_kerma_rate,uGy/h,,False,False,False,
563,563,NORMAL,NORMAL,True,522540.9204974669,5696784.290406497,,4,0.01,0.4,0.36000000000000004,10.0,0.0,ground_equivalent_excess_collision_air_kerma_rate,uGy/h,,False,False,False,
564,564,NORMAL,NORMAL,True,522520.9204974669,5696784.290406497,,4,0.01,0.4,0.36000000000000004,10.0,0.0,ground_equivalent_excess_collision_air_kerma_rate,uGy/h,,False,False,False,
565,565,NORMAL,NORMAL,True,522500.9204974669,5696784.290406497,,4,0.01,0.4,0.36000000000000004,10.0,0.0,ground_equivalent_excess_collision_air_kerma_rate,uGy/h,,False,False,False,
566,566,NORMAL,NORMAL,True,522500.9204974669,5696804.290406497,,4,0.01,0.4,0.36000000000000004,10.0,0.0,ground_equivalent_excess_collision_air_kerma_rate,uGy/h,,False,False,False,
567,567,NORMAL,NORMAL,True,522480.9204974669,5696784.290406497,,4,0.01,0.4,0.36000000000000004,10.0,0.0,ground_equivalent_excess_collision_air_kerma_rate,uGy/h,,False,False,False,
568,568,NORMAL,NORMAL,True,522500.9204974669,5696764.290406497,,4,0.01,0.4,0.36000000000000004,10.0,0.0,ground_equivalent_excess_collision_air_kerma_rate,uGy/h,,False,False,False,
569,569,NORMAL,NORMAL,True,522480.9204974669,5696744.290406497,,4,0.01,0.4,0.36000000000000004,10.0,0.0,ground_equivalent_excess_collision_air_kerma_rate,uGy/h,,False,False,False,
570,570,NORMAL,NORMAL,True,522500.9204974669,5696764.290406497,,4,0.01,0.4,0.36000000000000004,10.0,0.0,ground_equivalent_excess_collision_air_kerma_rate,uGy/h,,False,False,False,
571,571,NORMAL,NORMAL,True,522500.9204974669,5696744.290406497,,4,0.01,0.4,0.36000000000000004,10.0,0.0,ground_equivalent_excess_collision_air_kerma_rate,uGy/h,,False,False,False,
572,572,NORMAL,NORMAL,True,522500.9204974669,5696764.290406497,,4,0.01,0.4,0.36000000000000004,10.0,0.0,ground_equivalent_excess_collision_air_kerma_rate,uGy/h,,False,False,False,
573,573,NORMAL,NORMAL,True,522500.9204974669,5696744.290406497,,4,0.01,0.4,0.36000000000000004,10.0,0.0,ground_equivalent_excess_collision_air_kerma_rate,uGy/h,,False,False,False,
574,574,NORMAL,NORMAL,True,522520.9204974669,5696724.290406497,,4,0.01,0.4,0.36000000000000004,10.0,0.0,ground_equivalent_excess_collision_air_kerma_rate,uGy/h,,False,False,False,
575,575,NORMAL,NORMAL,True,522540.9204974669,5696724.290406497,,4,0.01,0.4,0.36000000000000004,10.0,0.0,ground_equivalent_excess_collision_air_kerma_rate,uGy/h,,False,False,False,
576,576,NORMAL,NORMAL,True,522540.9204974669,5696744.290406497,,4,0.01,0.4,0.36000000000000004,10.0,0.0,ground_equivalent_excess_collision_air_kerma_rate,uGy/h,,False,False,False,
577,577,NORMAL,NORMAL,True,522540.9204974669,5696724.290406497,,4,0.01,0.4,0.36000000000000004,10.0,0.0,ground_equivalent_excess_collision_air_kerma_rate,uGy/h,,False,False,False,
578,578,NORMAL,NORMAL,True,522540.9204974669,5696704.290406497,,4,0.01,0.4,0.36000000000000004,10.0,0.0,ground_equivalent_excess_collision_air_kerma_rate,uGy/h,,False,False,False,
579,579,NORMAL,NORMAL,True,522560.9204974669,5696724.290406497,,4,0.01,0.4,0.36000000000000004,10.0,0.0,ground_equivalent_excess_collision_air_kerma_rate,uGy/h,,False,False,False,
580,580,NORMAL,NORMAL,True,522580.9204974669,5696704.290406497,,4,0.01,0.4,0.36000000000000004,10.0,0.0,ground_equivalent_excess_collision_air_kerma_rate,uGy/h,,False,False,False,
581,581,NORMAL,NORMAL,True,522600.9204974669,5696684.290406497,,4,0.01,0.4,0.36000000000000004,10.0,0.0,ground_equivalent_excess_collision_air_kerma_rate,uGy/h,,False,False,False,
582,582,NORMAL,NORMAL,True,522580.9204974669,5696664.290406497,,4,0.01,0.4,0.36000000000000004,10.0,0.0,ground_equivalent_excess_collision_air_kerma_rate,uGy/h,,False,False,False,
583,583,NORMAL,NORMAL,True,522580.9204974669,5696644.290406497,,4,0.01,0.4,0.36000000000000004,10.0,0.0,ground_equivalent_excess_collision_air_kerma_rate,uGy/h,,False,False,False,
584,584,NORMAL,NORMAL,True,522560.9204974669,5696664.290406497,,4,0.01,0.4,0.36000000000000004,10.0,0.0,ground_equivalent_excess_collision_air_kerma_rate,uGy/h,,False,False,False,
585,585,NORMAL,NORMAL,True,522540.9204974669,5696644.290406497,,4,0.01,0.4,0.36000000000000004,10.0,0.0,ground_equivalent_excess_collision_air_kerma_rate,uGy/h,,False,False,False,
586,586,NORMAL,NORMAL,True,522540.9204974669,5696664.290406497,,4,0.01,0.4,0.36000000000000004,10.0,0.0,ground_equivalent_excess_collision_air_kerma_rate,uGy/h,,False,False,False,
587,587,NORMAL,NORMAL,True,522560.9204974669,5696684.290406497,,4,0.01,0.4,0.36000000000000004,10.0,0.0,ground_equivalent_excess_collision_air_kerma_rate,uGy/h,,False,False,False,
588,588,NORMAL,NORMAL,True,522560.9204974669,5696704.290406497,,4,0.01,0.4,0.36000000000000004,10.0,0.0,ground_equivalent_excess_collision_air_kerma_rate,uGy/h,,False,False,False,
589,589,NORMAL,NORMAL,True,522580.9204974669,5696684.290406497,,4,0.01,0.4,0.36000000000000004,10.0,0.0,ground_equivalent_excess_collision_air_kerma_rate,uGy/h,,False,False,False,
590,590,NORMAL,NORMAL,True,522560.9204974669,5696664.290406497,,4,0.01,0.4,0.36000000000000004,10.0,0.0,ground_equivalent_excess_collision_air_kerma_rate,uGy/h,,False,False,False,
591,591,NORMAL,NORMAL,True,522540.9204974669,5696664.290406497,,4,0.01,0.4,0.36000000000000004,10.0,0.0,ground_equivalent_excess_collision_air_kerma_rate,uGy/h,,False,False,False,
592,592,NORMAL,NORMAL,True,522560.9204974669,5696644.290406497,,4,0.01,0.4,0.36000000000000004,10.0,0.0,ground_equivalent_excess_collision_air_kerma_rate,uGy/h,,False,False,False,
593,593,NORMAL,NORMAL,True,522580.9204974669,5696664.290406497,,4,0.01,0.4,0.36000000000000004,10.0,0.0,ground_equivalent_excess_collision_air_kerma_rate,uGy/h,,False,False,False,
594,594,NORMAL,NORMAL,True,522560.9204974669,5696684.290406497,,4,0.01,0.4,0.36000000000000004,10.0,0.0,ground_equivalent_excess_collision_air_kerma_rate,uGy/h,,False,False,False,
595,595,NORMAL,NORMAL,True,522580.9204974669,5696704.290406497,,4,0.01,0.4,0.36000000000000004,10.0,0.0,ground_equivalent_excess_collision_air_kerma_rate,uGy/h,,False,False,False,
596,596,NORMAL,NORMAL,True,522580.9204974669,5696724.290406497,,4,0.01,0.4,0.36000000000000004,10.0,0.0,ground_equivalent_excess_collision_air_kerma_rate,uGy/h,,False,False,False,
597,597,NORMAL,NORMAL,True,522560.9204974669,5696744.290406497,,4,0.01,0.4,0.36000000000000004,10.0,0.0,ground_equivalent_excess_collision_air_kerma_rate,uGy/h,,False,False,False,
598,598,NORMAL,NORMAL,True,522540.9204974669,5696724.290406497,,4,0.01,0.4,0.36000000000000004,10.0,0.0,ground_equivalent_excess_collision_air_kerma_rate,uGy/h,,False,False,False,
599,599,NORMAL,NORMAL,True,522520.9204974669,5696704.290406497,,4,0.01,0.4,0.36000000000000004,10.0,0.0,ground_equivalent_excess_collision_air_kerma_rate,uGy/h,,False,False,False,
600,600,NORMAL,NORMAL,True,522500.9204974669,5696684.290406497,,4,0.01,0.4,0.36000000000000004,10.0,0.0,ground_equivalent_excess_collision_air_kerma_rate,uGy/h,,False,False,False,
601,601,NORMAL,NORMAL,True,522520.9204974669,5696684.290406497,,4,0.01,0.4,0.36000000000000004,10.0,0.0,ground_equivalent_excess_collision_air_kerma_rate,uGy/h,,False,False,False,
602,602,NORMAL,NORMAL,True,522520.9204974669,5696664.290406497,,4,0.01,0.4,0.36000000000000004,10.0,0.0,ground_equivalent_excess_collision_air_kerma_rate,uGy/h,,False,False,False,
603,603,NORMAL,NORMAL,True,522540.9204974669,5696684.290406497,,4,0.01,0.4,0.36000000000000004,10.0,0.0,ground_equivalent_excess_collision_air_kerma_rate,uGy/h,,False,False,False,
604,604,NORMAL,NORMAL,True,522540.9204974669,5696664.290406497,,4,0.01,0.4,0.36000000000000004,10.0,0.0,ground_equivalent_excess_collision_air_kerma_rate,uGy/h,,False,False,False,
605,605,NORMAL,NORMAL,True,522560.9204974669,5696684.290406497,,4,0.01,0.4,0.36000000000000004,10.0,0.0,ground_equivalent_excess_collision_air_kerma_rate,uGy/h,,False,False,False,
606,606,NORMAL,NORMAL,True,522540.9204974669,5696704.290406497,,4,0.01,0.4,0.36000000000000004,10.0,0.0,ground_equivalent_excess_collision_air_kerma_rate,uGy/h,,False,False,False,
607,607,NORMAL,NORMAL,True,522520.9204974669,5696684.290406497,,4,0.01,0.4,0.36000000000000004,10.0,0.0,ground_equivalent_excess_collision_air_kerma_rate,uGy/h,,False,False,False,
608,608,NORMAL,NORMAL,True,522500.9204974669,5696664.290406497,,4,0.01,0.4,0.36000000000000004,10.0,0.0,ground_equivalent_excess_collision_air_kerma_rate,uGy/h,,False,False,False,
609,609,NORMAL,NORMAL,True,522480.9204974669,5696664.290406497,,4,0.01,0.4,0.36000000000000004,10.0,0.0,ground_equivalent_excess_collision_air_kerma_rate,uGy/h,,False,False,False,
610,610,NORMAL,NORMAL,True,522460.9204974669,5696684.290406497,,4,0.01,0.4,0.36000000000000004,10.0,0.0,ground_equivalent_excess_collision_air_kerma_rate,uGy/h,,False,False,False,
611,611,NORMAL,NORMAL,True,522480.9204974669,5696684.290406497,,4,0.01,0.4,0.36000000000000004,10.0,0.0,ground_equivalent_excess_collision_air_kerma_rate,uGy/h,,False,False,False,
612,612,NORMAL,NORMAL,True,522500.9204974669,5696664.290406497,,4,0.01,0.4,0.36000000000000004,10.0,0.0,ground_equivalent_excess_collision_air_kerma_rate,uGy/h,,False,False,False,
613,613,NORMAL,NORMAL,True,522520.9204974669,5696664.290406497,,4,0.01,0.4,0.36000000000000004,10.0,0.0,ground_equivalent_excess_collision_air_kerma_rate,uGy/h,,False,False,False,
614,614,NORMAL,NORMAL,True,522520.9204974669,5696644.290406497,,4,0.01,0.4,0.36000000000000004,10.0,0.0,ground_equivalent_excess_collision_air_kerma_rate,uGy/h,,False,False,False,
615,615,NORMAL,NORMAL,True,522500.9204974669,5696624.290406497,,4,0.01,0.4,0.36000000000000004,10.0,0.0,ground_equivalent_excess_collision_air_kerma_rate,uGy/h,,False,False,False,
616,616,NORMAL,NORMAL,True,522520.9204974669,5696604.290406497,,4,0.01,0.4,0.36000000000000004,10.0,0.0,ground_equivalent_excess_collision_air_kerma_rate,uGy/h,,False,False,False,
617,617,NORMAL,NORMAL,True,522520.9204974669,5696584.290406497,,4,0.01,0.4,0.36000000000000004,10.0,0.0,ground_equivalent_excess_collision_air_kerma_rate,uGy/h,,False,False,False,
618,618,NORMAL,NORMAL,True,522540.9204974669,5696564.290406497,,4,0.01,0.4,0.36000000000000004,10.0,0.0,ground_equivalent_excess_collision_air_kerma_rate,uGy/h,,False,False,False,
619,619,NORMAL,NORMAL,True,522560.9204974669,5696544.290406497,,4,0.01,0.4,0.36000000000000004,10.0,0.0,ground_equivalent_excess_collision_air_kerma_rate,uGy/h,,False,False,False,
620,620,NORMAL,NORMAL,True,522580.9204974669,5696524.290406497,,4,0.01,0.4,0.36000000000000004,10.0,0.0,ground_equivalent_excess_collision_air_kerma_rate,uGy/h,,False,False,False,
621,621,NORMAL,NORMAL,True,522600.9204974669,5696504.290406497,,4,0.01,0.4,0.36000000000000004,10.0,0.0,ground_equivalent_excess_collision_air_kerma_rate,uGy/h,,False,False,False,
622,622,NORMAL,NORMAL,True,522600.9204974669,5696524.290406497,,4,0.01,0.4,0.36000000000000004,10.0,0.0,ground_equivalent_excess_collision_air_kerma_rate,uGy/h,,False,False,False,
623,623,NORMAL,NORMAL,True,522620.9204974669,5696544.290406497,,4,0.01,0.4,0.36000000000000004,10.0,0.0,ground_equivalent_excess_collision_air_kerma_rate,uGy/h,,False,False,False,
624,624,NORMAL,NORMAL,True,522640.9204974669,5696524.290406497,,4,0.01,0.4,0.36000000000000004,10.0,0.0,ground_equivalent_excess_collision_air_kerma_rate,uGy/h,,False,False,False,
625,625,NORMAL,NORMAL,True,522660.9204974669,5696544.290406497,,4,0.01,0.4,0.36000000000000004,10.0,0.0,ground_equivalent_excess_collision_air_kerma_rate,uGy/h,,False,False,False,
626,626,NORMAL,NORMAL,True,522680.9204974669,5696524.290406497,,4,0.01,0.4,0.36000000000000004,10.0,0.0,ground_equivalent_excess_collision_air_kerma_rate,uGy/h,,False,False,False,
627,627,NORMAL,NORMAL,True,522700.9204974669,5696504.290406497,,4,0.01,0.4,0.36000000000000004,10.0,0.0,ground_equivalent_excess_collision_air_kerma_rate,uGy/h,,False,False,False,
628,628,NORMAL,NORMAL,True,522680.9204974669,5696484.290406497,,4,0.01,0.4,0.36000000000000004,10.0,0.0,ground_equivalent_excess_collision_air_kerma_rate,uGy/h,,False,False,False,
629,629,NORMAL,NORMAL,True,522700.9204974669,5696464.290406497,,4,0.01,0.4,0.36000000000000004,10.0,0.0,ground_equivalent_excess_collision_air_kerma_rate,uGy/h,,False,False,False,
630,630,NORMAL,NORMAL,True,522720.9204974669,5696444.290406497,,4,0.01,0.4,0.36000000000000004,10.0,0.0,ground_equivalent_excess_collision_air_kerma_rate,uGy/h,,False,False,False,
631,631,NORMAL,NORMAL,True,522740.9204974669,5696444.290406497,,4,0.01,0.4,0.36000000000000004,10.0,0.0,ground_equivalent_excess_collision_air_kerma_rate,uGy/h,,False,False,False,
632,632,NORMAL,NORMAL,True,522760.9204974669,5696424.290406497,,4,0.01,0.4,0.36000000000000004,10.0,0.0,ground_equivalent_excess_collision_air_kerma_rate,uGy/h,,False,False,False,
633,633,NORMAL,NORMAL,True,522780.9204974669,5696424.290406497,,4,0.01,0.4,0.36000000000000004,10.0,0.0,ground_equivalent_excess_collision_air_kerma_rate,uGy/h,,False,False,False,
634,634,NORMAL,NORMAL,True,522800.9204974669,5696424.290406497,,4,0.01,0.4,0.36000000000000004,10.0,0.0,ground_equivalent_excess_collision_air_kerma_rate,uGy/h,,False,False,False,
635,635,NORMAL,NORMAL,True,522820.9204974669,5696404.290406497,,4,0.01,0.4,0.36000000000000004,10.0,0.0,ground_equivalent_excess_collision_air_kerma_rate,uGy/h,,False,False,False,
636,636,NORMAL,NORMAL,True,522840.9204974669,5696424.290406497,,4,0.01,0.4,0.36000000000000004,10.0,0.0,ground_equivalent_excess_collision_air_kerma_rate,uGy/h,,False,False,False,
637,637,NORMAL,NORMAL,True,522860.9204974669,5696444.290406497,,4,0.01,0.4,0.36000000000000004,10.0,0.0,ground_equivalent_excess_collision_air_kerma_rate,uGy/h,,False,False,False,
638,638,NORMAL,NORMAL,True,522880.9204974669,5696464.290406497,,4,0.01,0.4,0.36000000000000004,10.0,0.0,ground_equivalent_excess_collision_air_kerma_rate,uGy/h,,False,False,False,
639,639,NORMAL,NORMAL,True,522900.9204974669,5696484.290406497,,4,0.01,0.4,0.36000000000000004,10.0,0.0,ground_equivalent_excess_collision_air_kerma_rate,uGy/h,,False,False,False,
640,640,NORMAL,NORMAL,True,522920.9204974669,5696484.290406497,,4,0.01,0.4,0.36000000000000004,10.0,0.0,ground_equivalent_excess_collision_air_kerma_rate,uGy/h,,False,False,False,
641,641,NORMAL,NORMAL,True,522940.9204974669,5696484.290406497,,4,0.01,0.4,0.36000000000000004,10.0,0.0,ground_equivalent_excess_collision_air_kerma_rate,uGy/h,,False,False,False,
642,642,NORMAL,NORMAL,True,522960.9204974669,5696484.290406497,,4,0.01,0.4,0.36000000000000004,10.0,0.0,ground_equivalent_excess_collision_air_kerma_rate,uGy/h,,False,False,False,
643,643,NORMAL,NORMAL,True,522980.9204974669,5696504.290406497,,4,0.01,0.4,0.36000000000000004,10.0,0.0,ground_equivalent_excess_collision_air_kerma_rate,uGy/h,,False,False,False,
644,644,NORMAL,NORMAL,True,523000.920497467,5696504.290406497,,4,0.01,0.4,0.36000000000000004,10.0,0.0,ground_equivalent_excess_collision_air_kerma_rate,uGy/h,,False,False,False,
645,645,NORMAL,NORMAL,True,523020.920497467,5696524.290406497,,4,0.01,0.4,0.36000000000000004,10.0,0.0018122862685718707,ground_equivalent_excess_collision_air_kerma_rate,uGy/h,,False,False,False,
646,646,NORMAL,NORMAL,True,523040.920497467,5696524.290406497,,4,0.01,0.4,0.36000000000000004,10.0,0.0020476086830011524,ground_equivalent_excess_collision_air_kerma_rate,uGy/h,,False,False,False,
647,647,NORMAL,NORMAL,True,523060.920497467,5696504.290406497,,4,0.01,0.4,0.36000000000000004,10.0,0.0,ground_equivalent_excess_collision_air_kerma_rate,uGy/h,,False,False,False,
648,648,NORMAL,NORMAL,True,523080.920497467,5696504.290406497,,4,0.01,0.4,0.36000000000000004,10.0,0.0,ground_equivalent_excess_collision_air_kerma_rate,uGy/h,,False,False,False,
649,649,NORMAL,NORMAL,True,523100.920497467,5696524.290406497,,4,0.01,0.4,0.36000000000000004,10.0,0.0026359182267145006,ground_equivalent_excess_collision_air_kerma_rate,uGy/h,,False,False,False,
650,650,NORMAL,NORMAL,True,523120.920497467,5696524.290406497,,4,0.01,0.4,0.36000000000000004,10.0,0.0027538848613723166,ground_equivalent_excess_collision_air_kerma_rate,uGy/h,,False,False,False,
651,651,NORMAL,NORMAL,True,523140.920497467,5696544.290406497,,4,0.01,0.4,0.36000000000000004,10.0,0.0039931505237069155,ground_equivalent_excess_collision_air_kerma_rate,uGy/h,,False,False,False,
652,652,NORMAL,NORMAL,True,523160.920497467,5696524.290406497,,4,0.01,0.4,0.36000000000000004,10.0,0.0028241253153260194,ground_equivalent_excess_collision_air_kerma_rate,uGy/h,,False,False,False,
653,653,NORMAL,NORMAL,True,523180.920497467,5696544.290406497,,4,0.01,0.4,0.36000000000000004,10.0,0.003922351840328143,ground_equivalent_excess_collision_air_kerma_rate,uGy/h,,False,False,False,
654,654,NORMAL,NORMAL,True,523200.920497467,5696544.290406497,,4,0.01,0.4,0.36000000000000004,10.0,0.00375794359585638,ground_equivalent_excess_collision_air_kerma_rate,uGy/h,,False,False,False,
655,655,NORMAL,NORMAL,True,523220.920497467,5696564.290406497,,4,0.01,0.4,0.36000000000000004,10.0,0.005004461315389897,ground_equivalent_excess_collision_air_kerma_rate,uGy/h,,False,False,False,
656,656,NORMAL,NORMAL,True,523240.920497467,5696544.290406497,,4,0.01,0.4,0.36000000000000004,10.0,0.00322548868221968,ground_equivalent_excess_collision_air_kerma_rate,uGy/h,,False,False,False,
657,657,NORMAL,NORMAL,True,523260.920497467,5696564.290406497,,4,0.01,0.4,0.36000000000000004,10.0,0.004034661197722396,ground_equivalent_excess_collision_air_kerma_rate,uGy/h,,False,False,False,
658,658,NORMAL,NORMAL,True,523280.920497467,5696564.290406497,,4,0.01,0.4,0.36000000000000004,10.0,0.0035006244405622255,ground_equivalent_excess_collision_air_kerma_rate,uGy/h,,False,False,False,
659,659,NORMAL,NORMAL,True,523300.920497467,5696584.290406497,,4,0.01,0.4,0.36000000000000004,10.0,0.004067410144245985,ground_equivalent_excess_collision_air_kerma_rate,uGy/h,,False,False,False,
660,660,NORMAL,NORMAL,True,523320.920497467,5696564.290406497,,4,0.01,0.4,0.36000000000000004,10.0,0.002486685116792936,ground_equivalent_excess_collision_air_kerma_rate,uGy/h,,False,False,False,
661,661,NORMAL,NORMAL,True,523340.920497467,5696584.290406497,,4,0.01,0.4,0.36000000000000004,10.0,0.0026951626267145102,ground_equivalent_excess_collision_air_kerma_rate,uGy/h,,False,False,False,
662,662,NORMAL,NORMAL,True,523360.920497467,5696604.290406497,,4,0.01,0.4,0.36000000000000004,10.0,0.0027751021141111626,ground_equivalent_excess_collision_air_kerma_rate,uGy/h,,False,False,False,
663,663,NORMAL,NORMAL,True,523340.920497467,5696624.290406497,,4,0.01,0.4,0.36000000000000004,10.0,0.004662156250446551,ground_equivalent_excess_collision_air_kerma_rate,uGy/h,,False,False,False,
664,664,NORMAL,NORMAL,True,523340.920497467,5696644.290406497,,4,0.01,0.4,0.36000000000000004,10.0,0.006096929469874777,ground_equivalent_excess_collision_air_kerma_rate,uGy/h,,False,False,False,
665,665,NORMAL,NORMAL,True,523340.920497467,5696664.290406497,,4,0.01,0.4,0.36000000000000004,10.0,0.007898685435856949,ground_equivalent_excess_collision_air_kerma_rate,uGy/h,,False,False,False,
666,666,NORMAL,NORMAL,True,523340.920497467,5696684.290406497,,4,0.01,0.4,0.36000000000000004,10.0,0.010066792341163304,ground_equivalent_excess_collision_air_kerma_rate,uGy/h,,False,False,False,
667,667,NORMAL,NORMAL,True,523360.920497467,5696704.290406497,,4,0.01,0.4,0.36000000000000004,10.0,0.008445608895008293,ground_equivalent_excess_collision_air_kerma_rate,uGy/h,,False,False,False,
668,668,NORMAL,NORMAL,True,523380.920497467,5696724.290406497,,4,0.01,0.4,0.36000000000000004,10.0,0.006648340455780027,ground_equivalent_excess_collision_air_kerma_rate,uGy/h,,False,False,False,
669,669,NORMAL,NORMAL,True,523400.920497467,5696744.290406497,,4,0.01,0.4,0.36000000000000004,10.0,0.005006795396057454,ground_equivalent_excess_collision_air_kerma_rate,uGy/h,,False,False,False,
670,670,NORMAL,NORMAL,True,523420.920497467,5696764.290406497,,4,0.01,0.4,0.36000000000000004,10.0,0.0036575568741672383,ground_equivalent_excess_collision_air_kerma_rate,uGy/h,,False,False,False,
671,671,NORMAL,NORMAL,True,523440.920497467,5696784.290406497,,4,0.01,0.4,0.36000000000000004,10.0,0.0026174307962092266,ground_equivalent_excess_collision_air_kerma_rate,uGy/h,,False,False,False,
672,672,NORMAL,NORMAL,True,523460.920497467,5696804.290406497,,4,0.01,0.4,0.36000000000000004,10.0,0.0,ground_equivalent_excess_collision_air_kerma_rate,uGy/h,,False,False,False,
673,673,NORMAL,NORMAL,True,523480.920497467,5696824.290406497,,4,0.01,0.4,0.36000000000000004,10.0,0.0,ground_equivalent_excess_collision_air_kerma_rate,uGy/h,,False,False,False,
674,674,NORMAL,NORMAL,True,523500.920497467,5696824.290406497,,4,0.01,0.4,0.36000000000000004,10.0,0.0,ground_equivalent_excess_collision_air_kerma_rate,uGy/h,,False,False,False,
675,675,NORMAL,NORMAL,True,523520.920497467,5696804.290406497,,4,0.01,0.4,0.36000000000000004,10.0,0.0,ground_equivalent_excess_collision_air_kerma_rate,uGy/h,,False,False,False,
676,676,NORMAL,NORMAL,True,523500.920497467,5696784.290406497,,4,0.01,0.4,0.36000000000000004,10.0,0.0,ground_equivalent_excess_collision_air_kerma_rate,uGy/h,,False,False,False,
677,677,NORMAL,NORMAL,True,523480.920497467,5696764.290406497,,4,0.01,0.4,0.36000000000000004,10.0,0.0,ground_equivalent_excess_collision_air_kerma_rate,uGy/h,,False,False,False,
678,678,NORMAL,NORMAL,True,523460.920497467,5696744.290406497,,4,0.01,0.4,0.36000000000000004,10.0,0.0,ground_equivalent_excess_collision_air_kerma_rate,uGy/h,,False,False,False,
679,679,NORMAL,NORMAL,True,523440.920497467,5696724.290406497,,4,0.01,0.4,0.36000000000000004,10.0,0.002279256483853393,ground_equivalent_excess_collision_air_kerma_rate,uGy/h,,False,False,False,
680,680,NORMAL,NORMAL,True,523420.920497467,5696704.290406497,,4,0.01,0.4,0.36000000000000004,10.0,0.0028923437734966508,ground_equivalent_excess_collision_air_kerma_rate,uGy/h,,False,False,False,
681,681,NORMAL,NORMAL,True,523400.920497467,5696684.290406497,,4,0.01,0.4,0.36000000000000004,10.0,0.003534941194530259,ground_equivalent_excess_collision_air_kerma_rate,uGy/h,,False,False,False,
682,682,NORMAL,NORMAL,True,523400.920497467,5696664.290406497,,4,0.01,0.4,0.36000000000000004,10.0,0.002999665921333213,ground_equivalent_excess_collision_air_kerma_rate,uGy/h,,False,False,False,
683,683,NORMAL,NORMAL,True,523400.920497467,5696644.290406497,,4,0.01,0.4,0.36000000000000004,10.0,0.0024996767473378636,ground_equivalent_excess_collision_air_kerma_rate,uGy/h,,False,False,False,
684,684,NORMAL,NORMAL,True,523400.920497467,5696624.290406497,,4,0.01,0.4,0.36000000000000004,10.0,0.0020528742461139735,ground_equivalent_excess_collision_air_kerma_rate,uGy/h,,False,False,False,
685,685,NORMAL,NORMAL,True,523420.920497467,5696604.290406497,,4,0.01,0.4,0.36000000000000004,10.0,0.0012855353632390356,ground_equivalent_excess_collision_air_kerma_rate,uGy/h,,False,False,False,
686,686,NORMAL,NORMAL,True,523440.920497467,5696624.290406497,,4,0.01,0.4,0.36000000000000004,10.0,0.0011818031521529267,ground_equivalent_excess_collision_air_kerma_rate,uGy/h,,False,False,False,
687,687,NORMAL,NORMAL,True,523440.920497467,5696644.290406497,,4,0.01,0.4,0.36000000000000004,10.0,0.0013934402474250877,ground_equivalent_excess_collision_air_kerma_rate,uGy/h,,False,False,False,
688,688,NORMAL,NORMAL,True,523460.920497467,5696664.290406497,,4,0.01,0.4,0.36000000000000004,10.0,0.0,ground_equivalent_excess_collision_air_kerma_rate,uGy/h,,False,False,False,
689,689,NORMAL,NORMAL,True,523460.920497467,5696684.290406497,,4,0.01,0.4,0.36000000000000004,10.0,0.0,ground_equivalent_excess_collision_air_kerma_rate,uGy/h,,False,False,False,
690,690,NORMAL,NORMAL,True,523480.920497467,5696704.290406497,,4,0.01,0.4,0.36000000000000004,10.0,0.0,ground_equivalent_excess_collision_air_kerma_rate,uGy/h,,False,False,False,
691,691,NORMAL,NORMAL,True,523500.920497467,5696724.290406497,,4,0.01,0.4,0.36000000000000004,10.0,0.0,ground_equivalent_excess_collision_air_kerma_rate,uGy/h,,False,False,False,
692,692,NORMAL,NORMAL,True,523520.920497467,5696744.290406497,,4,0.01,0.4,0.36000000000000004,10.0,0.0,ground_equivalent_excess_collision_air_kerma_rate,uGy/h,,False,False,False,
693,693,NORMAL,NORMAL,True,523500.920497467,5696744.290406497,,4,0.01,0.4,0.36000000000000004,10.0,0.0,ground_equivalent_excess_collision_air_kerma_rate,uGy/h,,False,False,False,
694,694,NORMAL,NORMAL,True,523520.920497467,5696744.290406497,,4,0.01,0.4,0.36000000000000004,10.0,0.0,ground_equivalent_excess_collision_air_kerma_rate,uGy/h,,False,False,False,
695,695,NORMAL,NORMAL,True,523500.920497467,5696764.290406497,,4,0.01,0.4,0.36000000000000004,10.0,0.0,ground_equivalent_excess_collision_air_kerma_rate,uGy/h,,False,False,False,
696,696,NORMAL,NORMAL,True,523500.920497467,5696744.290406497,,4,0.01,0.4,0.36000000000000004,10.0,0.0,ground_equivalent_excess_collision_air_kerma_rate,uGy/h,,False,False,False,
697,697,NORMAL,NORMAL,True,523500.920497467,5696724.290406497,,4,0.01,0.4,0.36000000000000004,10.0,0.0,ground_equivalent_excess_collision_air_kerma_rate,uGy/h,,False,False,False,
698,698,NORMAL,NORMAL,True,523500.920497467,5696704.290406497,,4,0.01,0.4,0.36000000000000004,10.0,0.0,ground_equivalent_excess_collision_air_kerma_rate,uGy/h,,False,False,False,
699,699,NORMAL,NORMAL,True,523480.920497467,5696704.290406497,,4,0.01,0.4,0.36000000000000004,10.0,0.0,ground_equivalent_excess_collision_air_kerma_rate,uGy/h,,False,False,False,
700,700,NORMAL,NORMAL,True,523460.920497467,5696684.290406497,,4,0.01,0.4,0.36000000000000004,10.0,0.0,ground_equivalent_excess_collision_air_kerma_rate,uGy/h,,False,False,False,
701,701,NORMAL,NORMAL,True,523460.920497467,5696664.290406497,,4,0.01,0.4,0.36000000000000004,10.0,0.0,ground_equivalent_excess_collision_air_kerma_rate,uGy/h,,False,False,False,
702,702,NORMAL,NORMAL,True,523440.920497467,5696684.290406497,,4,0.01,0.4,0.36000000000000004,10.0,0.0018509951649524434,ground_equivalent_excess_collision_air_kerma_rate,uGy/h,,False,False,False,
703,703,NORMAL,NORMAL,True,523460.920497467,5696704.290406497,,4,0.01,0.4,0.36000000000000004,10.0,0.0,ground_equivalent_excess_collision_air_kerma_rate,uGy/h,,False,False,False,
704,704,NORMAL,NORMAL,True,523480.920497467,5696704.290406497,,4,0.01,0.4,0.36000000000000004,10.0,0.0,ground_equivalent_excess_collision_air_kerma_rate,uGy/h,,False,False,False,
705,705,NORMAL,NORMAL,True,523480.920497467,5696684.290406497,,4,0.01,0.4,0.36000000000000004,10.0,0.0,ground_equivalent_excess_collision_air_kerma_rate,uGy/h,,False,False,False,
706,706,NORMAL,NORMAL,True,523500.920497467,5696704.290406497,,4,0.01,0.4,0.36000000000000004,10.0,0.0,ground_equivalent_excess_collision_air_kerma_rate,uGy/h,,False,False,False,
707,707,NORMAL,NORMAL,True,523480.920497467,5696724.290406497,,4,0.01,0.4,0.36000000000000004,10.0,0.0,ground_equivalent_excess_collision_air_kerma_rate,uGy/h,,False,False,False,
708,708,NORMAL,NORMAL,True,523460.920497467,5696744.290406497,,4,0.01,0.4,0.36000000000000004,10.0,0.0,ground_equivalent_excess_collision_air_kerma_rate,uGy/h,,False,False,False,
709,709,NORMAL,NORMAL,True,523460.920497467,5696724.290406497,,4,0.01,0.4,0.36000000000000004,10.0,0.0,ground_equivalent_excess_collision_air_kerma_rate,uGy/h,,False,False,False,
710,710,NORMAL,NORMAL,True,523480.920497467,5696724.290406497,,4,0.01,0.4,0.36000000000000004,10.0,0.0,ground_equivalent_excess_collision_air_kerma_rate,uGy/h,,False,False,False,
711,711,NORMAL,NORMAL,True,523460.920497467,5696704.290406497,,4,0.01,0.4,0.36000000000000004,10.0,0.0,ground_equivalent_excess_collision_air_kerma_rate,uGy/h,,False,False,False,
712,712,NORMAL,NORMAL,True,523440.920497467,5696724.290406497,,4,0.01,0.4,0.36000000000000004,10.0,0.002279256483853393,ground_equivalent_excess_collision_air_kerma_rate,uGy/h,,False,False,False,
713,713,NORMAL,NORMAL,True,523440.920497467,5696704.290406497,,4,0.01,0.4,0.36000000000000004,10.0,0.002075780027419095,ground_equivalent_excess_collision_air_kerma_rate,uGy/h,,False,False,False,
714,714,NORMAL,NORMAL,True,523460.920497467,5696724.290406497,,4,0.01,0.4,0.36000000000000004,10.0,0.0,ground_equivalent_excess_collision_air_kerma_rate,uGy/h,,False,False,False,
715,715,NORMAL,NORMAL,True,523440.920497467,5696704.290406497,,4,0.01,0.4,0.36000000000000004,10.0,0.002075780027419095,ground_equivalent_excess_collision_air_kerma_rate,uGy/h,,False,False,False,
716,716,NORMAL,NORMAL,True,523420.920497467,5696724.290406497,,4,0.01,0.4,0.36000000000000004,10.0,0.0032096464098579913,ground_equivalent_excess_collision_air_kerma_rate,uGy/h,,False,False,False,
717,717,NORMAL,NORMAL,True,523420.920497467,5696704.290406497,,4,0.01,0.4,0.36000000000000004,10.0,0.0028923437734966508,ground_equivalent_excess_collision_air_kerma_rate,uGy/h,,False,False,False,
718,718,NORMAL,NORMAL,True,523400.920497467,5696724.290406497,,4,0.01,0.4,0.36000000000000004,10.0,0.00458157812913602,ground_equivalent_excess_collision_air_kerma_rate,uGy/h,,False,False,False,
719,719,NORMAL,NORMAL,True,523380.920497467,5696724.290406497,,4,0.01,0.4,0.36000000000000004,10.0,0.006648340455780027,ground_equivalent_excess_collision_air_kerma_rate,uGy/h,,False,False,False,
720,720,NORMAL,NORMAL,True,523400.920497467,5696744.290406497,,4,0.01,0.4,0.36000000000000004,10.0,0.005006795396057454,ground_equivalent_excess_collision_air_kerma_rate,uGy/h,,False,False,False,
721,721,NORMAL,NORMAL,True,523380.920497467,5696764.290406497,,4,0.01,0.4,0.36000000000000004,10.0,0.007860802688491911,ground_equivalent_excess_collision_air_kerma_rate,uGy/h,,False,False,False,
722,722,NORMAL,NORMAL,True,523360.920497467,5696784.290406497,,4,0.01,0.4,0.36000000000000004,10.0,0.012366661369767332,ground_equivalent_excess_collision_air_kerma_rate,uGy/h,,False,False,False,
723,723,NORMAL,NORMAL,True,523340.920497467,5696804.290406497,,4,0.01,0.4,0.36000000000000004,10.0,0.019375509579851444,ground_equivalent_excess_collision_air_kerma_rate,uGy/h,,False,False,False,
724,724,NORMAL,NORMAL,True,523360.920497467,5696824.290406497,,4,0.01,0.4,0.36000000000000004,10.0,0.011699796986415507,ground_equivalent_excess_collision_air_kerma_rate,uGy/h,,False,False,False,
725,725,NORMAL,NORMAL,True,523340.920497467,5696824.290406497,,4,0.01,0.4,0.36000000000000004,10.0,0.018323592283406104,ground_equivalent_excess_collision_air_kerma_rate,uGy/h,,False,False,False,
726,726,NORMAL,NORMAL,True,523360.920497467,5696804.290406497,,4,0.01,0.4,0.36000000000000004,10.0,0.012282028628697782,ground_equivalent_excess_collision_air_kerma_rate,uGy/h,,False,False,False,
727,727,NORMAL,NORMAL,True,523340.920497467,5696784.290406497,,4,0.01,0.4,0.36000000000000004,10.0,0.01952811273173466,ground_equivalent_excess_collision_air_kerma_rate,uGy/h,,False,False,False,
728,728,NORMAL,NORMAL,True,523360.920497467,5696784.290406497,,4,0.01,0.4,0.36000000000000004,10.0,0.012366661369767332,ground_equivalent_excess_collision_air_kerma_rate,uGy/h,,False,False,False,
729,729,NORMAL,NORMAL,True,523340.920497467,5696784.290406497,,4,0.01,0.4,0.36000000000000004,10.0,0.01952811273173466,ground_equivalent_excess_collision_air_kerma_rate,uGy/h,,False,False,False,
730,730,NORMAL,NORMAL,True,523320.920497467,5696764.290406497,,4,0.01,0.4,0.36000000000000004,10.0,0.030878150153878774,ground_equivalent_excess_collision_air_kerma_rate,uGy/h,,False,False,False,
731,731,NORMAL,NORMAL,True,523340.920497467,5696764.290406497,,4,0.01,0.4,0.36000000000000004,10.0,0.018763288007988016,ground_equivalent_excess_collision_air_kerma_rate,uGy/h,,False,False,False,
732,732,NORMAL,NORMAL,True,523340.920497467,5696744.290406497,,4,0.01,0.4,0.36000000000000004,10.0,0.01717542573475719,ground_equivalent_excess_collision_air_kerma_rate,uGy/h,,False,False,False,
733,733,NORMAL,NORMAL,True,523320.920497467,5696724.290406497,,4,0.01,0.4,0.36000000000000004,10.0,0.023665646213170147,ground_equivalent_excess_collision_air_kerma_rate,uGy/h,,False,False,False,
734,734,NORMAL,NORMAL,True,523300.920497467,5696704.290406497,,4,0.01,0.4,0.36000000000000004,10.0,0.029948558205117607,ground_equivalent_excess_collision_air_kerma_rate,uGy/h,,False,False,False,
735,735,NORMAL,NORMAL,True,523280.920497467,5696684.290406497,,4,0.01,0.4,0.36000000000000004,10.0,0.03206736853801712,ground_equivalent_excess_collision_air_kerma_rate,uGy/h,,False,False,False,
736,736,NORMAL,NORMAL,True,523260.920497467,5696664.290406497,,4,0.01,0.4,0.36000000000000004,10.0,0.028106053299900895,ground_equivalent_excess_collision_air_kerma_rate,uGy/h,,False,False,False,
737,737,NORMAL,NORMAL,True,523240.920497467,5696644.290406497,,4,0.01,0.4,0.36000000000000004,10.0,0.021853153416724072,ground_equivalent_excess_collision_air_kerma_rate,uGy/h,,False,False,False,
738,738,NORMAL,NORMAL,True,523220.920497467,5696624.290406497,,4,0.01,0.4,0.36000000000000004,10.0,0.016129423883882988,ground_equivalent_excess_collision_air_kerma_rate,uGy/h,,False,False,False,
739,739,NORMAL,NORMAL,True,523200.920497467,5696624.290406497,,4,0.01,0.4,0.36000000000000004,10.0,0.017711704571750645,ground_equivalent_excess_collision_air_kerma_rate,uGy/h,,False,False,False,
740,740,NORMAL,NORMAL,True,523180.920497467,5696624.290406497,,4,0.01,0.4,0.36000000000000004,10.0,0.01878611346550863,ground_equivalent_excess_collision_air_kerma_rate,uGy/h,,False,False,False,
741,741,NORMAL,NORMAL,True,523160.920497467,5696624.290406497,,4,0.01,0.4,0.36000000000000004,10.0,0.019301375785825282,ground_equivalent_excess_collision_air_kerma_rate,uGy/h,,False,False,False,
742,742,NORMAL,NORMAL,True,523140.920497467,5696624.290406497,,4,0.01,0.4,0.36000000000000004,10.0,0.01924138978229025,ground_equivalent_excess_collision_air_kerma_rate,uGy/h,,False,False,False,
743,743,NORMAL,NORMAL,True,523120.920497467,5696604.290406497,,4,0.01,0.4,0.36000000000000004,10.0,0.01215185488310832,ground_equivalent_excess_collision_air_kerma_rate,uGy/h,,False,False,False,
744,744,NORMAL,NORMAL,True,523120.920497467,5696584.290406497,,4,0.01,0.4,0.36000000000000004,10.0,0.00815311296914528,ground_equivalent_excess_collision_air_kerma_rate,uGy/h,,False,False,False,
745,745,NORMAL,NORMAL,True,523100.920497467,5696604.290406497,,4,0.01,0.4,0.36000000000000004,10.0,0.0114318565949806,ground_equivalent_excess_collision_air_kerma_rate,uGy/h,,False,False,False,
746,746,NORMAL,NORMAL,True,523080.920497467,5696584.290406497,,4,0.01,0.4,0.36000000000000004,10.0,0.007088483653174425,ground_equivalent_excess_collision_air_kerma_rate,uGy/h,,False,False,False,
747,747,NORMAL,NORMAL,True,523060.920497467,5696584.290406497,,4,0.01,0.4,0.36000000000000004,10.0,0.006342446748830633,ground_equivalent_excess_collision_air_kerma_rate,uGy/h,,False,False,False,
748,748,NORMAL,NORMAL,True,523040.920497467,5696584.290406497,,4,0.01,0.4,0.36000000000000004,10.0,0.005525832130321335,ground_equivalent_excess_collision_air_kerma_rate,uGy/h,,False,False,False,
749,749,NORMAL,NORMAL,True,523020.920497467,5696584.290406497,,4,0.01,0.4,0.36000000000000004,10.0,0.004697568161684939,ground_equivalent_excess_collision_air_kerma_rate,uGy/h,,False,False,False,
750,750,NORMAL,NORMAL,True,523000.920497467,5696564.290406497,,4,0.01,0.4,0.36000000000000004,10.0,0.0028711379239033646,ground_equivalent_excess_collision_air_kerma_rate,uGy/h,,False,False,False,
751,751,NORMAL,NORMAL,True,522980.9204974669,5696564.290406497,,4,0.01,0.4,0.36000000000000004,10.0,0.002390769165443007,ground_equivalent_excess_collision_air_kerma_rate,uGy/h,,False,False,False,
752,752,NORMAL,NORMAL,True,522960.9204974669,5696544.290406497,,4,0.01,0.4,0.36000000000000004,10.0,0.0014970743031338092,ground_equivalent_excess_collision_air_kerma_rate,uGy/h,,False,False,False,
753,753,NORMAL,NORMAL,True,522940.9204974669,5696544.290406497,,4,0.01,0.4,0.36000000000000004,10.0,0.001234252675152769,ground_equivalent_excess_collision_air_kerma_rate,uGy/h,,False,False,False,
754,754,NORMAL,NORMAL,True,522920.9204974669,5696544.290406497,,4,0.01,0.4,0.36000000000000004,10.0,0.0010078156563625997,ground_equivalent_excess_collision_air_kerma_rate,uGy/h,,False,False,False,
755,755,NORMAL,NORMAL,True,522900.9204974669,5696524.290406497,,4,0.01,0.4,0.36000000000000004,10.0,0.0006491140417949612,ground_equivalent_excess_collision_air_kerma_rate,uGy/h,,False,False,False,
756,756,NORMAL,NORMAL,True,522880.9204974669,5696504.290406497,,4,0.01,0.4,0.36000000000000004,10.0,0.0,ground_equivalent_excess_collision_air_kerma_rate,uGy/h,,False,False,False,
757,757,NORMAL,NORMAL,True,522860.9204974669,5696484.290406497,,4,0.01,0.4,0.36000000000000004,10.0,0.0,ground_equivalent_excess_collision_air_kerma_rate,uGy/h,,False,False,False,
758,758,NORMAL,NORMAL,True,522840.9204974669,5696464.290406497,,4,0.01,0.4,0.36000000000000004,10.0,0.0,ground_equivalent_excess_collision_air_kerma_rate,uGy/h,,False,False,False,
759,759,NORMAL,NORMAL,True,522820.9204974669,5696444.290406497,,4,0.01,0.4,0.36000000000000004,10.0,0.0,ground_equivalent_excess_collision_air_kerma_rate,uGy/h,,False,False,False,
760,760,NORMAL,NORMAL,True,522820.9204974669,5696424.290406497,,4,0.01,0.4,0.36000000000000004,10.0,0.0,ground_equivalent_excess_collision_air_kerma_rate,uGy/h,,False,False,False,
761,761,NORMAL,NORMAL,True,522840.9204974669,5696404.290406497,,4,0.01,0.4,0.36000000000000004,10.0,0.0,ground_equivalent_excess_collision_air_kerma_rate,uGy/h,,False,False,False,
762,762,NORMAL,NORMAL,True,522860.9204974669,5696404.290406497,,4,0.01,0.4,0.36000000000000004,10.0,0.0,ground_equivalent_excess_collision_air_kerma_rate,uGy/h,,False,False,False,
763,763,NORMAL,NORMAL,True,522880.9204974669,5696404.290406497,,4,0.01,0.4,0.36000000000000004,10.0,0.0,ground_equivalent_excess_collision_air_kerma_rate,uGy/h,,False,False,False,
764,764,NORMAL,NORMAL,True,522900.9204974669,5696424.290406497,,4,0.01,0.4,0.36000000000000004,10.0,0.0,ground_equivalent_excess_collision_air_kerma_rate,uGy/h,,False,False,False,
765,765,NORMAL,NORMAL,True,522920.9204974669,5696424.290406497,,4,0.01,0.4,0.36000000000000004,10.0,0.0,ground_equivalent_excess_collision_air_kerma_rate,uGy/h,,False,False,False,
766,766,NORMAL,NORMAL,True,522940.9204974669,5696404.290406497,,4,0.01,0.4,0.36000000000000004,10.0,0.0,ground_equivalent_excess_collision_air_kerma_rate,uGy/h,,False,False,False,
767,767,NORMAL,NORMAL,True,522960.9204974669,5696404.290406497,,4,0.01,0.4,0.36000000000000004,10.0,0.0,ground_equivalent_excess_collision_air_kerma_rate,uGy/h,,False,False,False,
768,768,NORMAL,NORMAL,True,522980.9204974669,5696404.290406497,,4,0.01,0.4,0.36000000000000004,10.0,0.0,ground_equivalent_excess_collision_air_kerma_rate,uGy/h,,False,False,False,
769,769,NORMAL,NORMAL,True,523000.920497467,5696404.290406497,,4,0.01,0.4,0.36000000000000004,10.0,0.0,ground_equivalent_excess_collision_air_kerma_rate,uGy/h,,False,False,False,
770,770,NORMAL,NORMAL,True,523020.920497467,5696404.290406497,,4,0.01,0.4,0.36000000000000004,10.0,0.0,ground_equivalent_excess_collision_air_kerma_rate,uGy/h,,False,False,False,
771,771,NORMAL,NORMAL,True,523040.920497467,5696404.290406497,,4,0.01,0.4,0.36000000000000004,10.0,0.0,ground_equivalent_excess_collision_air_kerma_rate,uGy/h,,False,False,False,
772,772,NORMAL,NORMAL,True,523060.920497467,5696404.290406497,,4,0.01,0.4,0.36000000000000004,10.0,0.0,ground_equivalent_excess_collision_air_kerma_rate,uGy/h,,False,False,False,
773,773,NORMAL,NORMAL,True,523080.920497467,5696404.290406497,,4,0.01,0.4,0.36000000000000004,10.0,0.0,ground_equivalent_excess_collision_air_kerma_rate,uGy/h,,False,False,False,
774,774,NORMAL,NORMAL,True,523100.920497467,5696404.290406497,,4,0.01,0.4,0.36000000000000004,10.0,0.0,ground_equivalent_excess_collision_air_kerma_rate,uGy/h,,False,False,False,
775,775,NORMAL,NORMAL,True,523120.920497467,5696404.290406497,,4,0.01,0.4,0.36000000000000004,10.0,0.0,ground_equivalent_excess_collision_air_kerma_rate,uGy/h,,False,False,False,
776,776,NORMAL,NORMAL,True,523140.920497467,5696424.290406497,,4,0.01,0.4,0.36000000000000004,10.0,0.0,ground_equivalent_excess_collision_air_kerma_rate,uGy/h,,False,False,False,
777,777,NORMAL,NORMAL,True,523120.920497467,5696444.290406497,,4,0.01,0.4,0.36000000000000004,10.0,0.0,ground_equivalent_excess_collision_air_kerma_rate,uGy/h,,False,False,False,
778,778,NORMAL,NORMAL,True,523100.920497467,5696464.290406497,,4,0.01,0.4,0.36000000000000004,10.0,0.0,ground_equivalent_excess_collision_air_kerma_rate,uGy/h,,False,False,False,
779,779,NORMAL,NORMAL,True,523120.920497467,5696484.290406497,,4,0.01,0.4,0.36000000000000004,10.0,0.0,ground_equivalent_excess_collision_air_kerma_rate,uGy/h,,False,False,False,
780,780,NORMAL,NORMAL,True,523140.920497467,5696484.290406497,,4,0.01,0.4,0.36000000000000004,10.0,0.0,ground_equivalent_excess_collision_air_kerma_rate,uGy/h,,False,False,False,
781,781,NORMAL,NORMAL,True,523160.920497467,5696464.290406497,,4,0.01,0.4,0.36000000000000004,10.0,0.0,ground_equivalent_excess_collision_air_kerma_rate,uGy/h,,False,False,False,
782,782,NORMAL,NORMAL,True,523180.920497467,5696484.290406497,,4,0.01,0.4,0.36000000000000004,10.0,0.0,ground_equivalent_excess_collision_air_kerma_rate,uGy/h,,False,False,False,
783,783,NORMAL,NORMAL,True,523200.920497467,5696484.290406497,,4,0.01,0.4,0.36000000000000004,10.0,0.0,ground_equivalent_excess_collision_air_kerma_rate,uGy/h,,False,False,False,
784,784,NORMAL,NORMAL,True,523220.920497467,5696464.290406497,,4,0.01,0.4,0.36000000000000004,10.0,0.0,ground_equivalent_excess_collision_air_kerma_rate,uGy/h,,False,False,False,
785,785,NORMAL,NORMAL,True,523240.920497467,5696464.290406497,,4,0.01,0.4,0.36000000000000004,10.0,0.0,ground_equivalent_excess_collision_air_kerma_rate,uGy/h,,False,False,False,
786,786,NORMAL,NORMAL,True,523260.920497467,5696484.290406497,,4,0.01,0.4,0.36000000000000004,10.0,0.0,ground_equivalent_excess_collision_air_kerma_rate,uGy/h,,False,False,False,
787,787,NORMAL,NORMAL,True,523260.920497467,5696504.290406497,,4,0.01,0.4,0.36000000000000004,10.0,0.0,ground_equivalent_excess_collision_air_kerma_rate,uGy/h,,False,False,False,
788,788,NORMAL,NORMAL,True,523280.920497467,5696524.290406497,,4,0.01,0.4,0.36000000000000004,10.0,0.0018615649540857388,ground_equivalent_excess_collision_air_kerma_rate,uGy/h,,False,False,False,
789,789,NORMAL,NORMAL,True,523300.920497467,5696504.290406497,,4,0.01,0.4,0.36000000000000004,10.0,0.0,ground_equivalent_excess_collision_air_kerma_rate,uGy/h,,False,False,False,
790,790,NORMAL,NORMAL,True,523320.920497467,5696524.290406497,,4,0.01,0.4,0.36000000000000004,10.0,0.0013974666106485506,ground_equivalent_excess_collision_air_kerma_rate,uGy/h,,False,False,False,
791,791,NORMAL,NORMAL,True,523340.920497467,5696524.290406497,,4,0.01,0.4,0.36000000000000004,10.0,0.001184907715002888,ground_equivalent_excess_collision_air_kerma_rate,uGy/h,,False,False,False,
792,792,NORMAL,NORMAL,True,523360.920497467,5696544.290406497,,4,0.01,0.4,0.36000000000000004,10.0,0.001285911951192395,ground_equivalent_excess_collision_air_kerma_rate,uGy/h,,False,False,False,
793,793,NORMAL,NORMAL,True,523380.920497467,5696564.290406497,,4,0.01,0.4,0.36000000000000004,10.0,0.001341382470642403,ground_equivalent_excess_collision_air_kerma_rate,uGy/h,,False,False,False,
794,794,NORMAL,NORMAL,True,523400.920497467,5696564.290406497,,4,0.01,0.4,0.36000000000000004,10.0,0.0010726937252138336,ground_equivalent_excess_collision_air_kerma_rate,uGy/h,,False,False,False,
795,795,NORMAL,NORMAL,True,523420.920497467,5696584.290406497,,4,0.01,0.4,0.36000000000000004,10.0,0.0010511824101373903,ground_equivalent_excess_collision_air_kerma_rate,uGy/h,,False,False,False,
796,796,NORMAL,NORMAL,True,523400.920497467,5696564.290406497,,4,0.01,0.4,0.36000000000000004,10.0,0.0010726937252138336,ground_equivalent_excess_collision_air_kerma_rate,uGy/h,,False,False,False,
797,797,NORMAL,NORMAL,True,523380.920497467,5696564.290406497,,4,0.01,0.4,0.36000000000000004,10.0,0.001341382470642403,ground_equivalent_excess_collision_air_kerma_rate,uGy/h,,False,False,False,
798,798,NORMAL,NORMAL,True,523380.920497467,5696544.290406497,,4,0.01,0.4,0.36000000000000004,10.0,0.0010519363035599364,ground_equivalent_excess_collision_air_kerma_rate,uGy/h,,False,False,False,
799,799,NORMAL,NORMAL,True,523360.920497467,5696524.290406497,,4,0.01,0.4,0.36000000000000004,10.0,0.0009926859685520117,ground_equivalent_excess_collision_air_kerma_rate,uGy/h,,False,False,False,
800,800,NORMAL,NORMAL,True,523340.920497467,5696504.290406497,,4,0.01,0.4,0.36000000000000004,10.0,0.0,ground_equivalent_excess_collision_air_kerma_rate,uGy/h,,False,False,False,
801,801,NORMAL,NORMAL,True,523320.920497467,5696524.290406497,,4,0.01,0.4,0.36000000000000004,10.0,0.0013974666106485506,ground_equivalent_excess_collision_air_kerma_rate,uGy/h,,False,False,False,
802,802,NORMAL,NORMAL,True,523300.920497467,5696524.290406497,,4,0.01,0.4,0.36000000000000004,10.0,0.001625530594222666,ground_equivalent_excess_collision_air_kerma_rate,uGy/h,,False,False,False,
803,803,NORMAL,NORMAL,True,523300.920497467,5696504.290406497,,4,0.01,0.4,0.36000000000000004,10.0,0.0,ground_equivalent_excess_collision_air_kerma_rate,uGy/h,,False,False,False,
804,804,NORMAL,NORMAL,True,523280.920497467,5696484.290406497,,4,0.01,0.4,0.36000000000000004,10.0,0.0,ground_equivalent_excess_collision_air_kerma_rate,uGy/h,,False,False,False,
805,805,NORMAL,NORMAL,True,523260.920497467,5696464.290406497,,4,0.01,0.4,0.36000000000000004,10.0,0.0,ground_equivalent_excess_collision_air_kerma_rate,uGy/h,,False,False,False,
806,806,NORMAL,NORMAL,True,523240.920497467,5696444.290406497,,4,0.01,0.4,0.36000000000000004,10.0,0.0,ground_equivalent_excess_collision_air_kerma_rate,uGy/h,,False,False,False,
807,807,NORMAL,NORMAL,True,523220.920497467,5696444.290406497,,4,0.01,0.4,0.36000000000000004,10.0,0.0,ground_equivalent_excess_collision_air_kerma_rate,uGy/h,,False,False,False,
808,808,NORMAL,NORMAL,True,523200.920497467,5696424.290406497,,4,0.01,0.4,0.36000000000000004,10.0,0.0,ground_equivalent_excess_collision_air_kerma_rate,uGy/h,,False,False,False,
809,809,NORMAL,NORMAL,True,523180.920497467,5696424.290406497,,4,0.01,0.4,0.36000000000000004,10.0,0.0,ground_equivalent_excess_collision_air_kerma_rate,uGy/h,,False,False,False,
810,810,NORMAL,NORMAL,True,523160.920497467,5696444.290406497,,4,0.01,0.4,0.36000000000000004,10.0,0.0,ground_equivalent_excess_collision_air_kerma_rate,uGy/h,,False,False,False,
811,811,NORMAL,NORMAL,True,523140.920497467,5696424.290406497,,4,0.01,0.4,0.36000000000000004,10.0,0.0,ground_equivalent_excess_collision_air_kerma_rate,uGy/h,,False,False,False,
812,812,NORMAL,NORMAL,True,523160.920497467,5696444.290406497,,4,0.01,0.4,0.36000000000000004,10.0,0.0,ground_equivalent_excess_collision_air_kerma_rate,uGy/h,,False,False,False,
813,813,NORMAL,NORMAL,True,523140.920497467,5696444.290406497,,4,0.01,0.4,0.36000000000000004,10.0,0.0,ground_equivalent_excess_collision_air_kerma_rate,uGy/h,,False,False,False,
814,814,NORMAL,NORMAL,True,523160.920497467,5696464.290406497,,4,0.01,0.4,0.36000000000000004,10.0,0.0,ground_equivalent_excess_collision_air_kerma_rate,uGy/h,,False,False,False,
815,815,NORMAL,NORMAL,True,523180.920497467,5696484.290406497,,4,0.01,0.4,0.36000000000000004,10.0,0.0,ground_equivalent_excess_collision_air_kerma_rate,uGy/h,,False,False,False,
816,816,NORMAL,NORMAL,True,523200.920497467,5696504.290406497,,4,0.01,0.4,0.36000000000000004,10.0,0.0,ground_equivalent_excess_collision_air_kerma_rate,uGy/h,,False,False,False,
817,817,NORMAL,NORMAL,True,523220.920497467,5696504.290406497,,4,0.01,0.4,0.36000000000000004,10.0,0.0,ground_equivalent_excess_collision_air_kerma_rate,uGy/h,,False,False,False,
818,818,NORMAL,NORMAL,True,523240.920497467,5696524.290406497,,4,0.01,0.4,0.36000000000000004,10.0,0.0023155657739088002,ground_equivalent_excess_collision_air_kerma_rate,uGy/h,,False,False,False,
819,819,NORMAL,NORMAL,True,523260.920497467,5696524.290406497,,4,0.01,0.4,0.36000000000000004,10.0,0.0020955256425630774,ground_equivalent_excess_collision_air_kerma_rate,uGy/h,,False,False,False,
820,820,NORMAL,NORMAL,True,523240.920497467,5696524.290406497,,4,0.01,0.4,0.36000000000000004,10.0,0.0023155657739088002,ground_equivalent_excess_collision_air_kerma_rate,uGy/h,,False,False,False,
821,821,NORMAL,NORMAL,True,523220.920497467,5696544.290406497,,4,0.01,0.4,0.36000000000000004,10.0,0.003520350406081014,ground_equivalent_excess_collision_air_kerma_rate,uGy/h,,False,False,False,
822,822,NORMAL,NORMAL,True,523200.920497467,5696564.290406497,,4,0.01,0.4,0.36000000000000004,10.0,0.00537402746556064,ground_equivalent_excess_collision_air_kerma_rate,uGy/h,,False,False,False,
823,823,NORMAL,NORMAL,True,523180.920497467,5696584.290406497,,4,0.01,0.4,0.36000000000000004,10.0,0.00822098038785338,ground_equivalent_excess_collision_air_kerma_rate,uGy/h,,False,False,False,
824,824,NORMAL,NORMAL,True,523160.920497467,5696564.290406497,,4,0.01,0.4,0.36000000000000004,10.0,0.005754868366918443,ground_equivalent_excess_collision_air_kerma_rate,uGy/h,,False,False,False,
825,825,NORMAL,NORMAL,True,523140.920497467,5696544.290406497,,4,0.01,0.4,0.36000000000000004,10.0,0.0039931505237069155,ground_equivalent_excess_collision_air_kerma_rate,uGy/h,,False,False,False,
826,826,NORMAL,NORMAL,True,523120.920497467,5696564.290406497,,4,0.01,0.4,0.36000000000000004,10.0,0.005587135279299356,ground_equivalent_excess_collision_air_kerma_rate,uGy/h,,False,False,False,
827,827,NORMAL,NORMAL,True,523100.920497467,5696544.290406497,,4,0.01,0.4,0.36000000000000004,10.0,0.003714100078931642,ground_equivalent_excess_collision_air_kerma_rate,uGy/h,,False,False,False,
828,828,NORMAL,NORMAL,True,523080.920497467,5696544.290406497,,4,0.01,0.4,0.36000000000000004,10.0,0.003463148281179434,ground_equivalent_excess_collision_air_kerma_rate,uGy/h,,False,False,False,
829,829,NORMAL,NORMAL,True,523080.920497467,5696564.290406497,,4,0.01,0.4,0.36000000000000004,10.0,0.004915613934096971,ground_equivalent_excess_collision_air_kerma_rate,uGy/h,,False,False,False,
830,830,NORMAL,NORMAL,True,523100.920497467,5696544.290406497,,4,0.01,0.4,0.36000000000000004,10.0,0.003714100078931642,ground_equivalent_excess_collision_air_kerma_rate,uGy/h,,False,False,False,
831,831,NORMAL,NORMAL,True,523080.920497467,5696524.290406497,,4,0.01,0.4,0.36000000000000004,10.0,0.0024716968863823414,ground_equivalent_excess_collision_air_kerma_rate,uGy/h,,False,False,False,
832,832,NORMAL,NORMAL,True,523080.920497467,5696504.290406497,,4,0.01,0.4,0.36000000000000004,10.0,0.0,ground_equivalent_excess_collision_air_kerma_rate,uGy/h,,False,False,False,
833,833,NORMAL,NORMAL,True,523060.920497467,5696484.290406497,,4,0.01,0.4,0.36000000000000004,10.0,0.0,ground_equivalent_excess_collision_air_kerma_rate,uGy/h,,False,False,False,
834,834,NORMAL,NORMAL,True,523040.920497467,5696464.290406497,,4,0.01,0.4,0.36000000000000004,10.0,0.0,ground_equivalent_excess_collision_air_kerma_rate,uGy/h,,False,False,False,
835,835,NORMAL,NORMAL,True,523020.920497467,5696464.290406497,,4,0.01,0.4,0.36000000000000004,10.0,0.0,ground_equivalent_excess_collision_air_kerma_rate,uGy/h,,False,False,False,
836,836,NORMAL,NORMAL,True,523000.920497467,5696464.290406497,,4,0.01,0.4,0.36000000000000004,10.0,0.0,ground_equivalent_excess_collision_air_kerma_rate,uGy/h,,False,False,False,
837,837,NORMAL,NORMAL,True,522980.9204974669,5696444.290406497,,4,0.01,0.4,0.36000000000000004,10.0,0.0,ground_equivalent_excess_collision_air_kerma_rate,uGy/h,,False,False,False,
838,838,NORMAL,NORMAL,True,522960.9204974669,5696444.290406497,,4,0.01,0.4,0.36000000000000004,10.0,0.0,ground_equivalent_excess_collision_air_kerma_rate,uGy/h,,False,False,False,
839,839,NORMAL,NORMAL,True,522960.9204974669,5696424.290406497,,4,0.01,0.4,0.36000000000000004,10.0,0.0,ground_equivalent_excess_collision_air_kerma_rate,uGy/h,,False,False,False,
840,840,NORMAL,NORMAL,True,522940.9204974669,5696404.290406497,,4,0.01,0.4,0.36000000000000004,10.0,0.0,ground_equivalent_excess_collision_air_kerma_rate,uGy/h,,False,False,False,
841,841,NORMAL,NORMAL,True,522920.9204974669,5696384.290406497,,4,0.01,0.4,0.36000000000000004,10.0,0.0,ground_equivalent_excess_collision_air_kerma_rate,uGy/h,,False,False,False,
842,842,NORMAL,NORMAL,True,522920.9204974669,5696404.290406497,,4,0.01,0.4,0.36000000000000004,10.0,0.0,ground_equivalent_excess_collision_air_kerma_rate,uGy/h,,False,False,False,
843,843,NORMAL,NORMAL,True,522900.9204974669,5696384.290406497,,4,0.01,0.4,0.36000000000000004,10.0,0.0,ground_equivalent_excess_collision_air_kerma_rate,uGy/h,,False,False,False,
844,844,NORMAL,NORMAL,True,522920.9204974669,5696404.290406497,,4,0.01,0.4,0.36000000000000004,10.0,0.0,ground_equivalent_excess_collision_air_kerma_rate,uGy/h,,False,False,False,
845,845,NORMAL,NORMAL,True,522900.9204974669,5696404.290406497,,4,0.01,0.4,0.36000000000000004,10.0,0.0,ground_equivalent_excess_collision_air_kerma_rate,uGy/h,,False,False,False,
846,846,NORMAL,NORMAL,True,522880.9204974669,5696424.290406497,,4,0.01,0.4,0.36000000000000004,10.0,0.0,ground_equivalent_excess_collision_air_kerma_rate,uGy/h,,False,False,False,
847,847,NORMAL,NORMAL,True,522900.9204974669,5696404.290406497,,4,0.01,0.4,0.36000000000000004,10.0,0.0,ground_equivalent_excess_collision_air_kerma_rate,uGy/h,,False,False,False,
848,848,NORMAL,NORMAL,True,522900.9204974669,5696384.290406497,,4,0.01,0.4,0.36000000000000004,10.0,0.0,ground_equivalent_excess_collision_air_kerma_rate,uGy/h,,False,False,False,
849,849,NORMAL,NORMAL,True,522880.9204974669,5696384.290406497,,4,0.01,0.4,0.36000000000000004,10.0,0.0,ground_equivalent_excess_collision_air_kerma_rate,uGy/h,,False,False,False,
850,850,NORMAL,NORMAL,True,522880.9204974669,5696404.290406497,,4,0.01,0.4,0.36000000000000004,10.0,0.0,ground_equivalent_excess_collision_air_kerma_rate,uGy/h,,False,False,False,
851,851,NORMAL,NORMAL,True,522880.9204974669,5696424.290406497,,4,0.01,0.4,0.36000000000000004,10.0,0.0,ground_equivalent_excess_collision_air_kerma_rate,uGy/h,,False,False,False,
852,852,NORMAL,NORMAL,True,522900.9204974669,5696404.290406497,,4,0.01,0.4,0.36000000000000004,10.0,0.0,ground_equivalent_excess_collision_air_kerma_rate,uGy/h,,False,False,False,
853,853,NORMAL,NORMAL,True,522920.9204974669,5696384.290406497,,4,0.01,0.4,0.36000000000000004,10.0,0.0,ground_equivalent_excess_collision_air_kerma_rate,uGy/h,,False,False,False,
854,854,NORMAL,NORMAL,True,522940.9204974669,5696404.290406497,,4,0.01,0.4,0.36000000000000004,10.0,0.0,ground_equivalent_excess_collision_air_kerma_rate,uGy/h,,False,False,False,
855,855,NORMAL,NORMAL,True,522940.9204974669,5696424.290406497,,4,0.01,0.4,0.36000000000000004,10.0,0.0,ground_equivalent_excess_collision_air_kerma_rate,uGy/h,,False,False,False,
856,856,NORMAL,NORMAL,True,522920.9204974669,5696424.290406497,,4,0.01,0.4,0.36000000000000004,10.0,0.0,ground_equivalent_excess_collision_air_kerma_rate,uGy/h,,False,False,False,
857,857,NORMAL,NORMAL,True,522920.9204974669,5696404.290406497,,4,0.01,0.4,0.36000000000000004,10.0,0.0,ground_equivalent_excess_collision_air_kerma_rate,uGy/h,,False,False,False,
858,858,NORMAL,NORMAL,True,522940.9204974669,5696384.290406497,,4,0.01,0.4,0.36000000000000004,10.0,0.0,ground_equivalent_excess_collision_air_kerma_rate,uGy/h,,False,False,False,
859,859,NORMAL,NORMAL,True,522920.9204974669,5696404.290406497,,4,0.01,0.4,0.36000000000000004,10.0,0.0,ground_equivalent_excess_collision_air_kerma_rate,uGy/h,,False,False,False,
860,860,NORMAL,NORMAL,True,522940.9204974669,5696404.290406497,,4,0.01,0.4,0.36000000000000004,10.0,0.0,ground_equivalent_excess_collision_air_kerma_rate,uGy/h,,False,False,False,
861,861,NORMAL,NORMAL,True,522940.9204974669,5696384.290406497,,4,0.01,0.4,0.36000000000000004,10.0,0.0,ground_equivalent_excess_collision_air_kerma_rate,uGy/h,,False,False,False,
862,862,NORMAL,NORMAL,True,522920.9204974669,5696384.290406497,,4,0.01,0.4,0.36000000000000004,10.0,0.0,ground_equivalent_excess_collision_air_kerma_rate,uGy/h,,False,False,False,
863,863,NORMAL,NORMAL,True,522900.9204974669,5696404.290406497,,4,0.01,0.4,0.36000000000000004,10.0,0.0,ground_equivalent_excess_collision_air_kerma_rate,uGy/h,,False,False,False,
864,864,NORMAL,NORMAL,True,522900.9204974669,5696424.290406497,,4,0.01,0.4,0.36000000000000004,10.0,0.0,ground_equivalent_excess_collision_air_kerma_rate,uGy/h,,False,False,False,
865,865,NORMAL,NORMAL,True,522900.9204974669,5696404.290406497,,4,0.01,0.4,0.36000000000000004,10.0,0.0,ground_equivalent_excess_collision_air_kerma_rate,uGy/h,,False,False,False,
866,866,NORMAL,NORMAL,True,522880.9204974669,5696404.290406497,,4,0.01,0.4,0.36000000000000004,10.0,0.0,ground_equivalent_excess_collision_air_kerma_rate,uGy/h,,False,False,False,
867,867,NORMAL,NORMAL,True,522900.9204974669,5696384.290406497,,4,0.01,0.4,0.36000000000000004,10.0,0.0,ground_equivalent_excess_collision_air_kerma_rate,uGy/h,,False,False,False,
868,868,NORMAL,NORMAL,True,522920.9204974669,5696384.290406497,,4,0.01,0.4,0.36000000000000004,10.0,0.0,ground_equivalent_excess_collision_air_kerma_rate,uGy/h,,False,False,False,
869,869,NORMAL,NORMAL,True,522920.9204974669,5696404.290406497,,4,0.01,0.4,0.36000000000000004,10.0,0.0,ground_equivalent_excess_collision_air_kerma_rate,uGy/h,,False,False,False,
870,870,NORMAL,NORMAL,True,522940.9204974669,5696384.290406497,,4,0.01,0.4,0.36000000000000004,10.0,0.0,ground_equivalent_excess_collision_air_kerma_rate,uGy/h,,False,False,False,
871,871,NORMAL,NORMAL,True,522960.9204974669,5696384.290406497,,4,0.01,0.4,0.36000000000000004,10.0,0.0,ground_equivalent_excess_collision_air_kerma_rate,uGy/h,,False,False,False,
872,872,NORMAL,NORMAL,True,522980.9204974669,5696404.290406497,,4,0.01,0.4,0.36000000000000004,10.0,0.0,ground_equivalent_excess_collision_air_kerma_rate,uGy/h,,False,False,False,
873,873,NORMAL,NORMAL,True,522980.9204974669,5696384.290406497,,4,0.01,0.4,0.36000000000000004,10.0,0.0,ground_equivalent_excess_collision_air_kerma_rate,uGy/h,,False,False,False,
874,874,NORMAL,NORMAL,True,522960.9204974669,5696384.290406497,,4,0.01,0.4,0.36000000000000004,10.0,0.0,ground_equivalent_excess_collision_air_kerma_rate,uGy/h,,False,False,False,
875,875,NORMAL,NORMAL,True,522980.9204974669,5696404.290406497,,4,0.01,0.4,0.36000000000000004,10.0,0.0,ground_equivalent_excess_collision_air_kerma_rate,uGy/h,,False,False,False,
876,876,NORMAL,NORMAL,True,523000.920497467,5696404.290406497,,4,0.01,0.4,0.36000000000000004,10.0,0.0,ground_equivalent_excess_collision_air_kerma_rate,uGy/h,,False,False,False,
877,877,NORMAL,NORMAL,True,522980.9204974669,5696384.290406497,,4,0.01,0.4,0.36000000000000004,10.0,0.0,ground_equivalent_excess_collision_air_kerma_rate,uGy/h,,False,False,False,
878,878,NORMAL,NORMAL,True,522960.9204974669,5696404.290406497,,4,0.01,0.4,0.36000000000000004,10.0,0.0,ground_equivalent_excess_collision_air_kerma_rate,uGy/h,,False,False,False,
879,879,NORMAL,NORMAL,True,522980.9204974669,5696404.290406497,,4,0.01,0.4,0.36000000000000004,10.0,0.0,ground_equivalent_excess_collision_air_kerma_rate,uGy/h,,False,False,False,
880,880,NORMAL,NORMAL,True,523000.920497467,5696384.290406497,,4,0.01,0.4,0.36000000000000004,10.0,0.0,ground_equivalent_excess_collision_air_kerma_rate,uGy/h,,False,False,False,
881,881,NORMAL,NORMAL,True,522980.9204974669,5696404.290406497,,4,0.01,0.4,0.36000000000000004,10.0,0.0,ground_equivalent_excess_collision_air_kerma_rate,uGy/h,,False,False,False,
882,882,NORMAL,NORMAL,True,522960.9204974669,5696424.290406497,,4,0.01,0.4,0.36000000000000004,10.0,0.0,ground_equivalent_excess_collision_air_kerma_rate,uGy/h,,False,False,False,
883,883,NORMAL,NORMAL,True,522980.9204974669,5696404.290406497,,4,0.01,0.4,0.36000000000000004,10.0,0.0,ground_equivalent_excess_collision_air_kerma_rate,uGy/h,,False,False,False,
884,884,NORMAL,NORMAL,True,522980.9204974669,5696424.290406497,,4,0.01,0.4,0.36000000000000004,10.0,0.0,ground_equivalent_excess_collision_air_kerma_rate,uGy/h,,False,False,False,
885,885,NORMAL,NORMAL,True,522960.9204974669,5696424.290406497,,4,0.01,0.4,0.36000000000000004,10.0,0.0,ground_equivalent_excess_collision_air_kerma_rate,uGy/h,,False,False,False,
886,886,NORMAL,NORMAL,True,522980.9204974669,5696444.290406497,,4,0.01,0.4,0.36000000000000004,10.0,0.0,ground_equivalent_excess_collision_air_kerma_rate,uGy/h,,False,False,False,
887,887,NORMAL,NORMAL,True,522960.9204974669,5696424.290406497,,4,0.01,0.4,0.36000000000000004,10.0,0.0,ground_equivalent_excess_collision_air_kerma_rate,uGy/h,,False,False,False,
888,888,NORMAL,NORMAL,True,522980.9204974669,5696404.290406497,,4,0.01,0.4,0.36000000000000004,10.0,0.0,ground_equivalent_excess_collision_air_kerma_rate,uGy/h,,False,False,False,
889,889,NORMAL,NORMAL,True,522960.9204974669,5696424.290406497,,4,0.01,0.4,0.36000000000000004,10.0,0.0,ground_equivalent_excess_collision_air_kerma_rate,uGy/h,,False,False,False,
890,890,NORMAL,NORMAL,True,522980.9204974669,5696444.290406497,,4,0.01,0.4,0.36000000000000004,10.0,0.0,ground_equivalent_excess_collision_air_kerma_rate,uGy/h,,False,False,False,
891,891,NORMAL,NORMAL,True,522980.9204974669,5696424.290406497,,4,0.01,0.4,0.36000000000000004,10.0,0.0,ground_equivalent_excess_collision_air_kerma_rate,uGy/h,,False,False,False,
892,892,NORMAL,NORMAL,True,523000.920497467,5696444.290406497,,4,0.01,0.4,0.36000000000000004,10.0,0.0,ground_equivalent_excess_collision_air_kerma_rate,uGy/h,,False,False,False,
893,893,NORMAL,NORMAL,True,523000.920497467,5696424.290406497,,4,0.01,0.4,0.36000000000000004,10.0,0.0,ground_equivalent_excess_collision_air_kerma_rate,uGy/h,,False,False,False,
894,894,NORMAL,NORMAL,True,522980.9204974669,5696424.290406497,,4,0.01,0.4,0.36000000000000004,10.0,0.0,ground_equivalent_excess_collision_air_kerma_rate,uGy/h,,False,False,False,
895,895,NORMAL,NORMAL,True,523000.920497467,5696404.290406497,,4,0.01,0.4,0.36000000000000004,10.0,0.0,ground_equivalent_excess_collision_air_kerma_rate,uGy/h,,False,False,False,
896,896,NORMAL,NORMAL,True,522980.9204974669,5696404.290406497,,4,0.01,0.4,0.36000000000000004,10.0,0.0,ground_equivalent_excess_collision_air_kerma_rate,uGy/h,,False,False,False,
897,897,NORMAL,NORMAL,True,523000.920497467,5696424.290406497,,4,0.01,0.4,0.36000000000000004,10.0,0.0,ground_equivalent_excess_collision_air_kerma_rate,uGy/h,,False,False,False,
898,898,NORMAL,NORMAL,True,522980.9204974669,5696444.290406497,,4,0.01,0.4,0.36000000000000004,10.0,0.0,ground_equivalent_excess_collision_air_kerma_rate,uGy/h,,False,False,False,
899,899,NORMAL,NORMAL,True,522980.9204974669,5696464.290406497,,4,0.01,0.4,0.36000000000000004,10.0,0.0,ground_equivalent_excess_collision_air_kerma_rate,uGy/h,,False,False,False,
900,900,NORMAL,NORMAL,True,523000.920497467,5696444.290406497,,4,0.01,0.4,0.36000000000000004,10.0,0.0,ground_equivalent_excess_collision_air_kerma_rate,uGy/h,,False,False,False,
901,901,NORMAL,NORMAL,True,523020.920497467,5696464.290406497,,4,0.01,0.4,0.36000000000000004,10.0,0.0,ground_equivalent_excess_collision_air_kerma_rate,uGy/h,,False,False,False,
902,902,NORMAL,NORMAL,True,523040.920497467,5696444.290406497,,4,0.01,0.4,0.36000000000000004,10.0,0.0,ground_equivalent_excess_collision_air_kerma_rate,uGy/h,,False,False,False,
903,903,NORMAL,NORMAL,True,523060.920497467,5696444.290406497,,4,0.01,0.4,0.36000000000000004,10.0,0.0,ground_equivalent_excess_collision_air_kerma_rate,uGy/h,,False,False,False,
904,904,NORMAL,NORMAL,True,523040.920497467,5696444.290406497,,4,0.01,0.4,0.36000000000000004,10.0,0.0,ground_equivalent_excess_collision_air_kerma_rate,uGy/h,,False,False,False,
905,905,NORMAL,NORMAL,True,523020.920497467,5696464.290406497,,4,0.01,0.4,0.36000000000000004,10.0,0.0,ground_equivalent_excess_collision_air_kerma_rate,uGy/h,,False,False,False,
906,906,NORMAL,NORMAL,True,523000.920497467,5696484.290406497,,4,0.01,0.4,0.36000000000000004,10.0,0.0,ground_equivalent_excess_collision_air_kerma_rate,uGy/h,,False,False,False,
907,907,NORMAL,NORMAL,True,522980.9204974669,5696504.290406497,,4,0.01,0.4,0.36000000000000004,10.0,0.0,ground_equivalent_excess_collision_air_kerma_rate,uGy/h,,False,False,False,
908,908,NORMAL,NORMAL,True,523000.920497467,5696504.290406497,,4,0.01,0.4,0.36000000000000004,10.0,0.0,ground_equivalent_excess_collision_air_kerma_rate,uGy/h,,False,False,False,
909,909,NORMAL,NORMAL,True,522980.9204974669,5696504.290406497,,4,0.01,0.4,0.36000000000000004,10.0,0.0,ground_equivalent_excess_collision_air_kerma_rate,uGy/h,,False,False,False,
910,910,NORMAL,NORMAL,True,522960.9204974669,5696524.290406497,,4,0.01,0.4,0.36000000000000004,10.0,0.001143147955841044,ground_equivalent_excess_collision_air_kerma_rate,uGy/h,,False,False,False,
911,911,NORMAL,NORMAL,True,522980.9204974669,5696544.290406497,,4,0.01,0.4,0.36000000000000004,10.0,0.001794769495664609,ground_equivalent_excess_collision_air_kerma_rate,uGy/h,,False,False,False,
912,912,NORMAL,NORMAL,True,522960.9204974669,5696544.290406497,,4,0.01,0.4,0.36000000000000004,10.0,0.0014970743031338092,ground_equivalent_excess_collision_air_kerma_rate,uGy/h,,False,False,False,
913,913,NORMAL,NORMAL,True,522980.9204974669,5696544.290406497,,4,0.01,0.4,0.36000000000000004,10.0,0.001794769495664609,ground_equivalent_excess_collision_air_kerma_rate,uGy/h,,False,False,False,
914,914,NORMAL,NORMAL,True,522980.9204974669,5696524.290406497,,4,0.01,0.4,0.36000000000000004,10.0,0.0013517880945494326,ground_equivalent_excess_collision_air_kerma_rate,uGy/h,,False,False,False,
915,915,NORMAL,NORMAL,True,523000.920497467,5696504.290406497,,4,0.01,0.4,0.36000000000000004,10.0,0.0,ground_equivalent_excess_collision_air_kerma_rate,uGy/h,,False,False,False,
916,916,NORMAL,NORMAL,True,523000.920497467,5696524.290406497,,4,0.01,0.4,0.36000000000000004,10.0,0.0015771582956121632,ground_equivalent_excess_collision_air_kerma_rate,uGy/h,,False,False,False,
917,917,NORMAL,NORMAL,True,522980.9204974669,5696544.290406497,,4,0.01,0.4,0.36000000000000004,10.0,0.001794769495664609,ground_equivalent_excess_collision_air_kerma_rate,uGy/h,,False,False,False,
918,918,NORMAL,NORMAL,True,522980.9204974669,5696524.290406497,,4,0.01,0.4,0.36000000000000004,10.0,0.0013517880945494326,ground_equivalent_excess_collision_air_kerma_rate,uGy/h,,False,False,False,
919,919,NORMAL,NORMAL,True,523000.920497467,5696524.290406497,,4,0.01,0.4,0.36000000000000004,10.0,0.0015771582956121632,ground_equivalent_excess_collision_air_kerma_rate,uGy/h,,False,False,False,
920,920,NORMAL,NORMAL,True,523000.920497467,5696544.290406497,,4,0.01,0.4,0.36000000000000004,10.0,0.0021219953065140314,ground_equivalent_excess_collision_air_kerma_rate,uGy/h,,False,False,False,
921,921,NORMAL,NORMAL,True,522980.9204974669,5696524.290406497,,4,0.01,0.4,0.36000000000000004,10.0,0.0013517880945494326,ground_equivalent_excess_collision_air_kerma_rate,uGy/h,,False,False,False,
922,922,NORMAL,NORMAL,True,522960.9204974669,5696504.290406497,,4,0.01,0.4,0.36000000000000004,10.0,0.0,ground_equivalent_excess_collision_air_kerma_rate,uGy/h,,False,False,False,
923,923,NORMAL,NORMAL,True,522940.9204974669,5696504.290406497,,4,0.01,0.4,0.36000000000000004,10.0,0.0,ground_equivalent_excess_collision_air_kerma_rate,uGy/h,,False,False,False,
924,924,NORMAL,NORMAL,True,522920.9204974669,5696524.290406497,,4,0.01,0.4,0.36000000000000004,10.0,0.0007908310956851365,ground_equivalent_excess_collision_air_kerma_rate,uGy/h,,False,False,False,
925,925,NORMAL,NORMAL,True,522940.9204974669,5696504.290406497,,4,0.01,0.4,0.36000000000000004,10.0,0.0,ground_equivalent_excess_collision_air_kerma_rate,uGy/h,,False,False,False,
926,926,NORMAL,NORMAL,True,522940.9204974669,5696524.290406497,,4,0.01,0.4,0.36000000000000004,10.0,0.0009555261632134195,ground_equivalent_excess_collision_air_kerma_rate,uGy/h,,False,False,False,
927,927,NORMAL,NORMAL,True,522940.9204974669,5696544.290406497,,4,0.01,0.4,0.36000000000000004,10.0,0.001234252675152769,ground_equivalent_excess_collision_air_kerma_rate,uGy/h,,False,False,False,
928,928,NORMAL,NORMAL,True,522960.9204974669,5696544.290406497,,4,0.01,0.4,0.36000000000000004,10.0,0.0014970743031338092,ground_equivalent_excess_collision_air_kerma_rate,uGy/h,,False,False,False,
929,929,NORMAL,NORMAL,True,522940.9204974669,5696544.290406497,,4,0.01,0.4,0.36000000000000004,10.0,0.001234252675152769,ground_equivalent_excess_collision_air_kerma_rate,uGy/h,,False,False,False,
930,930,NORMAL,NORMAL,True,522920.9204974669,5696524.290406497,,4,0.01,0.4,0.36000000000000004,10.0,0.0007908310956851365,ground_equivalent_excess_collision_air_kerma_rate,uGy/h,,False,False,False,
931,931,NORMAL,NORMAL,True,522920.9204974669,5696544.290406497,,4,0.01,0.4,0.36000000000000004,10.0,0.0010078156563625997,ground_equivalent_excess_collision_air_kerma_rate,uGy/h,,False,False,False,
932,932,NORMAL,NORMAL,True,522940.9204974669,5696564.290406497,,4,0.01,0.4,0.36000000000000004,10.0,0.0015929484766510386,ground_equivalent_excess_collision_air_kerma_rate,uGy/h,,False,False,False,
933,933,NORMAL,NORMAL,True,522920.9204974669,5696564.290406497,,4,0.01,0.4,0.36000000000000004,10.0,0.0012811580625770275,ground_equivalent_excess_collision_air_kerma_rate,uGy/h,,False,False,False,
934,934,NORMAL,NORMAL,True,522940.9204974669,5696564.290406497,,4,0.01,0.4,0.36000000000000004,10.0,0.0015929484766510386,ground_equivalent_excess_collision_air_kerma_rate,uGy/h,,False,False,False,
935,935,NORMAL,NORMAL,True,522940.9204974669,5696584.290406497,,4,0.01,0.4,0.36000000000000004,10.0,0.0020520003626276558,ground_equivalent_excess_collision_air_kerma_rate,uGy/h,,False,False,False,
936,936,NORMAL,NORMAL,True,522920.9204974669,5696604.290406497,,4,0.01,0.4,0.36000000000000004,10.0,0.002043882822216526,ground_equivalent_excess_collision_air_kerma_rate,uGy/h,,False,False,False,
937,937,NORMAL,NORMAL,True,522900.9204974669,5696604.290406497,,4,0.01,0.4,0.36000000000000004,10.0,0.001579429468474149,ground_equivalent_excess_collision_air_kerma_rate,uGy/h,,False,False,False,
938,938,NORMAL,NORMAL,True,522880.9204974669,5696624.290406497,,4,0.01,0.4,0.36000000000000004,10.0,0.0014701525117320922,ground_equivalent_excess_collision_air_kerma_rate,uGy/h,,False,False,False,
939,939,NORMAL,NORMAL,True,522860.9204974669,5696604.290406497,,4,0.01,0.4,0.36000000000000004,10.0,0.0009377840033780735,ground_equivalent_excess_collision_air_kerma_rate,uGy/h,,False,False,False,
940,940,NORMAL,NORMAL,True,522840.9204974669,5696584.290406497,,4,0.01,0.4,0.36000000000000004,10.0,0.0,ground_equivalent_excess_collision_air_kerma_rate,uGy/h,,False,False,False,
941,941,NORMAL,NORMAL,True,522820.9204974669,5696564.290406497,,4,0.01,0.4,0.36000000000000004,10.0,0.0,ground_equivalent_excess_collision_air_kerma_rate,uGy/h,,False,False,False,
942,942,NORMAL,NORMAL,True,522800.9204974669,5696544.290406497,,4,0.01,0.4,0.36000000000000004,10.0,0.0,ground_equivalent_excess_collision_air_kerma_rate,uGy/h,,False,False,False,
943,943,NORMAL,NORMAL,True,522780.9204974669,5696564.290406497,,4,0.01,0.4,0.36000000000000004,10.0,0.0,ground_equivalent_excess_collision_air_kerma_rate,uGy/h,,False,False,False,
944,944,NORMAL,NORMAL,True,522780.9204974669,5696544.290406497,,4,0.01,0.4,0.36000000000000004,10.0,0.0,ground_equivalent_excess_collision_air_kerma_rate,uGy/h,,False,False,False,
945,945,NORMAL,NORMAL,True,522760.9204974669,5696564.290406497,,4,0.01,0.4,0.36000000000000004,10.0,0.0,ground_equivalent_excess_collision_air_kerma_rate,uGy/h,,False,False,False,
946,946,NORMAL,NORMAL,True,522780.9204974669,5696584.290406497,,4,0.01,0.4,0.36000000000000004,10.0,0.0,ground_equivalent_excess_collision_air_kerma_rate,uGy/h,,False,False,False,
947,947,NORMAL,NORMAL,True,522780.9204974669,5696604.290406497,,4,0.01,0.4,0.36000000000000004,10.0,0.0,ground_equivalent_excess_collision_air_kerma_rate,uGy/h,,False,False,False,
948,948,NORMAL,NORMAL,True,522760.9204974669,5696604.290406497,,4,0.01,0.4,0.36000000000000004,10.0,0.0,ground_equivalent_excess_collision_air_kerma_rate,uGy/h,,False,False,False,
949,949,NORMAL,NORMAL,True,522780.9204974669,5696604.290406497,,4,0.01,0.4,0.36000000000000004,10.0,0.0,ground_equivalent_excess_collision_air_kerma_rate,uGy/h,,False,False,False,
950,950,NORMAL,NORMAL,True,522800.9204974669,5696584.290406497,,4,0.01,0.4,0.36000000000000004,10.0,0.0,ground_equivalent_excess_collision_air_kerma_rate,uGy/h,,False,False,False,
951,951,NORMAL,NORMAL,True,522780.9204974669,5696604.290406497,,4,0.01,0.4,0.36000000000000004,10.0,0.0,ground_equivalent_excess_collision_air_kerma_rate,uGy/h,,False,False,False,
952,952,NORMAL,NORMAL,True,522780.9204974669,5696584.290406497,,4,0.01,0.4,0.36000000000000004,10.0,0.0,ground_equivalent_excess_collision_air_kerma_rate,uGy/h,,False,False,False,
953,953,NORMAL,NORMAL,True,522800.9204974669,5696564.290406497,,4,0.01,0.4,0.36000000000000004,10.0,0.0,ground_equivalent_excess_collision_air_kerma_rate,uGy/h,,False,False,False,
954,954,NORMAL,NORMAL,True,522820.9204974669,5696544.290406497,,4,0.01,0.4,0.36000000000000004,10.0,0.0,ground_equivalent_excess_collision_air_kerma_rate,uGy/h,,False,False,False,
955,955,NORMAL,NORMAL,True,522840.9204974669,5696524.290406497,,4,0.01,0.4,0.36000000000000004,10.0,0.0,ground_equivalent_excess_collision_air_kerma_rate,uGy/h,,False,False,False,
956,956,NORMAL,NORMAL,True,522860.9204974669,5696504.290406497,,4,0.01,0.4,0.36000000000000004,10.0,0.0,ground_equivalent_excess_collision_air_kerma_rate,uGy/h,,False,False,False,
957,957,NORMAL,NORMAL,True,522840.9204974669,5696484.290406497,,4,0.01,0.4,0.36000000000000004,10.0,0.0,ground_equivalent_excess_collision_air_kerma_rate,uGy/h,,False,False,False,
958,958,NORMAL,NORMAL,True,522820.9204974669,5696504.290406497,,4,0.01,0.4,0.36000000000000004,10.0,0.0,ground_equivalent_excess_collision_air_kerma_rate,uGy/h,,False,False,False,
959,959,NORMAL,NORMAL,True,522800.9204974669,5696504.290406497,,4,0.01,0.4,0.36000000000000004,10.0,0.0,ground_equivalent_excess_collision_air_kerma_rate,uGy/h,,False,False,False,
960,960,NORMAL,NORMAL,True,522820.9204974669,5696524.290406497,,4,0.01,0.4,0.36000000000000004,10.0,0.0,ground_equivalent_excess_collision_air_kerma_rate,uGy/h,,False,False,False,
961,961,NORMAL,NORMAL,True,522820.9204974669,5696504.290406497,,4,0.01,0.4,0.36000000000000004,10.0,0.0,ground_equivalent_excess_collision_air_kerma_rate,uGy/h,,False,False,False,
962,962,NORMAL,NORMAL,True,522800.9204974669,5696524.290406497,,4,0.01,0.4,0.36000000000000004,10.0,0.0,ground_equivalent_excess_collision_air_kerma_rate,uGy/h,,False,False,False,
963,963,NORMAL,NORMAL,True,522800.9204974669,5696504.290406497,,4,0.01,0.4,0.36000000000000004,10.0,0.0,ground_equivalent_excess_collision_air_kerma_rate,uGy/h,,False,False,False,
964,964,NORMAL,NORMAL,True,522820.9204974669,5696504.290406497,,4,0.01,0.4,0.36000000000000004,10.0,0.0,ground_equivalent_excess_collision_air_kerma_rate,uGy/h,,False,False,False,
965,965,NORMAL,NORMAL,True,522800.9204974669,5696504.290406497,,4,0.01,0.4,0.36000000000000004,10.0,0.0,ground_equivalent_excess_collision_air_kerma_rate,uGy/h,,False,False,False,
966,966,NORMAL,NORMAL,True,522780.9204974669,5696504.290406497,,4,0.01,0.4,0.36000000000000004,10.0,0.0,ground_equivalent_excess_collision_air_kerma_rate,uGy/h,,False,False,False,
967,967,NORMAL,NORMAL,True,522760.9204974669,5696524.290406497,,4,0.01,0.4,0.36000000000000004,10.0,0.0,ground_equivalent_excess_collision_air_kerma_rate,uGy/h,,False,False,False,
968,968,NORMAL,NORMAL,True,522760.9204974669,5696544.290406497,,4,0.01,0.4,0.36000000000000004,10.0,0.0,ground_equivalent_excess_collision_air_kerma_rate,uGy/h,,False,False,False,
969,969,NORMAL,NORMAL,True,522780.9204974669,5696524.290406497,,4,0.01,0.4,0.36000000000000004,10.0,0.0,ground_equivalent_excess_collision_air_kerma_rate,uGy/h,,False,False,False,
970,970,NORMAL,NORMAL,True,522780.9204974669,5696544.290406497,,4,0.01,0.4,0.36000000000000004,10.0,0.0,ground_equivalent_excess_collision_air_kerma_rate,uGy/h,,False,False,False,
971,971,NORMAL,NORMAL,True,522780.9204974669,5696524.290406497,,4,0.01,0.4,0.36000000000000004,10.0,0.0,ground_equivalent_excess_collision_air_kerma_rate,uGy/h,,False,False,False,
972,972,NORMAL,NORMAL,True,522800.9204974669,5696504.290406497,,4,0.01,0.4,0.36000000000000004,10.0,0.0,ground_equivalent_excess_collision_air_kerma_rate,uGy/h,,False,False,False,
973,973,NORMAL,NORMAL,True,522820.9204974669,5696484.290406497,,4,0.01,0.4,0.36000000000000004,10.0,0.0,ground_equivalent_excess_collision_air_kerma_rate,uGy/h,,False,False,False,
974,974,NORMAL,NORMAL,True,522840.9204974669,5696504.290406497,,4,0.01,0.4,0.36000000000000004,10.0,0.0,ground_equivalent_excess_collision_air_kerma_rate,uGy/h,,False,False,False,
975,975,NORMAL,NORMAL,True,522820.9204974669,5696484.290406497,,4,0.01,0.4,0.36000000000000004,10.0,0.0,ground_equivalent_excess_collision_air_kerma_rate,uGy/h,,False,False,False,
976,976,NORMAL,NORMAL,True,522800.9204974669,5696484.290406497,,4,0.01,0.4,0.36000000000000004,10.0,0.0,ground_equivalent_excess_collision_air_kerma_rate,uGy/h,,False,False,False,
977,977,NORMAL,NORMAL,True,522780.9204974669,5696484.290406497,,4,0.01,0.4,0.36000000000000004,10.0,0.0,ground_equivalent_excess_collision_air_kerma_rate,uGy/h,,False,False,False,
978,978,NORMAL,NORMAL,True,522780.9204974669,5696504.290406497,,4,0.01,0.4,0.36000000000000004,10.0,0.0,ground_equivalent_excess_collision_air_kerma_rate,uGy/h,,False,False,False,
979,979,NORMAL,NORMAL,True,522760.9204974669,5696504.290406497,,4,0.01,0.4,0.36000000000000004,10.0,0.0,ground_equivalent_excess_collision_air_kerma_rate,uGy/h,,False,False,False,
980,980,NORMAL,NORMAL,True,522780.9204974669,5696524.290406497,,4,0.01,0.4,0.36000000000000004,10.0,0.0,ground_equivalent_excess_collision_air_kerma_rate,uGy/h,,False,False,False,
981,981,NORMAL,NORMAL,True,522760.9204974669,5696544.290406497,,4,0.01,0.4,0.36000000000000004,10.0,0.0,ground_equivalent_excess_collision_air_kerma_rate,uGy/h,,False,False,False,
982,982,NORMAL,NORMAL,True,522740.9204974669,5696564.290406497,,4,0.01,0.4,0.36000000000000004,10.0,0.0,ground_equivalent_excess_collision_air_kerma_rate,uGy/h,,False,False,False,
983,983,NORMAL,NORMAL,True,522740.9204974669,5696584.290406497,,4,0.01,0.4,0.36000000000000004,10.0,0.0,ground_equivalent_excess_collision_air_kerma_rate,uGy/h,,False,False,False,
984,984,NORMAL,NORMAL,True,522740.9204974669,5696564.290406497,,4,0.01,0.4,0.36000000000000004,10.0,0.0,ground_equivalent_excess_collision_air_kerma_rate,uGy/h,,False,False,False,
985,985,NORMAL,NORMAL,True,522720.9204974669,5696564.290406497,,4,0.01,0.4,0.36000000000000004,10.0,0.0,ground_equivalent_excess_collision_air_kerma_rate,uGy/h,,False,False,False,
986,986,NORMAL,NORMAL,True,522740.9204974669,5696564.290406497,,4,0.01,0.4,0.36000000000000004,10.0,0.0,ground_equivalent_excess_collision_air_kerma_rate,uGy/h,,False,False,False,
987,987,NORMAL,NORMAL,True,522740.9204974669,5696544.290406497,,4,0.01,0.4,0.36000000000000004,10.0,0.0,ground_equivalent_excess_collision_air_kerma_rate,uGy/h,,False,False,False,
988,988,NORMAL,NORMAL,True,522720.9204974669,5696524.290406497,,4,0.01,0.4,0.36000000000000004,10.0,0.0,ground_equivalent_excess_collision_air_kerma_rate,uGy/h,,False,False,False,
989,989,NORMAL,NORMAL,True,522720.9204974669,5696504.290406497,,4,0.01,0.4,0.36000000000000004,10.0,0.0,ground_equivalent_excess_collision_air_kerma_rate,uGy/h,,False,False,False,
990,990,NORMAL,NORMAL,True,522720.9204974669,5696524.290406497,,4,0.01,0.4,0.36000000000000004,10.0,0.0,ground_equivalent_excess_collision_air_kerma_rate,uGy/h,,False,False,False,
991,991,NORMAL,NORMAL,True,522700.9204974669,5696544.290406497,,4,0.01,0.4,0.36000000000000004,10.0,0.0,ground_equivalent_excess_collision_air_kerma_rate,uGy/h,,False,False,False,
992,992,NORMAL,NORMAL,True,522720.9204974669,5696524.290406497,,4,0.01,0.4,0.36000000000000004,10.0,0.0,ground_equivalent_excess_collision_air_kerma_rate,uGy/h,,False,False,False,
993,993,NORMAL,NORMAL,True,522700.9204974669,5696544.290406497,,4,0.01,0.4,0.36000000000000004,10.0,0.0,ground_equivalent_excess_collision_air_kerma_rate,uGy/h,,False,False,False,
994,994,NORMAL,NORMAL,True,522680.9204974669,5696564.290406497,,4,0.01,0.4,0.36000000000000004,10.0,0.0,ground_equivalent_excess_collision_air_kerma_rate,uGy/h,,False,False,False,
995,995,NORMAL,NORMAL,True,522680.9204974669,5696584.290406497,,4,0.01,0.4,0.36000000000000004,10.0,0.0,ground_equivalent_excess_collision_air_kerma_rate,uGy/h,,False,False,False,
996,996,NORMAL,NORMAL,True,522700.9204974669,5696604.290406497,,4,0.01,0.4,0.36000000000000004,10.0,0.0,ground_equivalent_excess_collision_air_kerma_rate,uGy/h,,False,False,False,
997,997,NORMAL,NORMAL,True,522720.9204974669,5696624.290406497,,4,0.01,0.4,0.36000000000000004,10.0,0.0,ground_equivalent_excess_collision_air_kerma_rate,uGy/h,,False,False,False,
998,998,NORMAL,NORMAL,True,522720.9204974669,5696604.290406497,,4,0.01,0.4,0.36000000000000004,10.0,0.0,ground_equivalent_excess_collision_air_kerma_rate,uGy/h,,False,False,False,
999,999,NORMAL,NORMAL,True,522720.9204974669,5696624.290406497,,4,0.01,0.4,0.36000000000000004,10.0,0.0,ground_equivalent_excess_collision_air_kerma_rate,uGy/h,,False,False,False,
1000,1000,NORMAL,NORMAL,True,522700.9204974669,5696624.290406497,,4,0.01,0.4,0.36000000000000004,10.0,0.0,ground_equivalent_excess_collision_air_kerma_rate,uGy/h,,False,False,False,
1001,1001,NORMAL,NORMAL,True,522680.9204974669,5696624.290406497,,4,0.01,0.4,0.36000000000000004,10.0,0.0,ground_equivalent_excess_collision_air_kerma_rate,uGy/h,,False,False,False,
1002,1002,NORMAL,NORMAL,True,522660.9204974669,5696644.290406497,,4,0.01,0.4,0.36000000000000004,10.0,0.0,ground_equivalent_excess_collision_air_kerma_rate,uGy/h,,False,False,False,
1003,1003,NORMAL,NORMAL,True,522680.9204974669,5696664.290406497,,4,0.01,0.4,0.36000000000000004,10.0,0.0,ground_equivalent_excess_collision_air_kerma_rate,uGy/h,,False,False,False,
1004,1004,NORMAL,NORMAL,True,522700.9204974669,5696684.290406497,,4,0.01,0.4,0.36000000000000004,10.0,0.0,ground_equivalent_excess_collision_air_kerma_rate,uGy/h,,False,False,False,
1005,1005,NORMAL,NORMAL,True,522680.9204974669,5696684.290406497,,4,0.01,0.4,0.36000000000000004,10.0,0.0,ground_equivalent_excess_collision_air_kerma_rate,uGy/h,,False,False,False,
1006,1006,NORMAL,NORMAL,True,522700.9204974669,5696684.290406497,,4,0.01,0.4,0.36000000000000004,10.0,0.0,ground_equivalent_excess_collision_air_kerma_rate,uGy/h,,False,False,False,
1007,1007,NORMAL,NORMAL,True,522680.9204974669,5696684.290406497,,4,0.01,0.4,0.36000000000000004,10.0,0.0,ground_equivalent_excess_collision_air_kerma_rate,uGy/h,,False,False,False,
1008,1008,NORMAL,NORMAL,True,522700.9204974669,5696704.290406497,,4,0.01,0.4,0.36000000000000004,10.0,0.0,ground_equivalent_excess_collision_air_kerma_rate,uGy/h,,False,False,False,
1009,1009,NORMAL,NORMAL,True,522700.9204974669,5696684.290406497,,4,0.01,0.4,0.36000000000000004,10.0,0.0,ground_equivalent_excess_collision_air_kerma_rate,uGy/h,,False,False,False,
1010,1010,NORMAL,NORMAL,True,522680.9204974669,5696664.290406497,,4,0.01,0.4,0.36000000000000004,10.0,0.0,ground_equivalent_excess_collision_air_kerma_rate,uGy/h,,False,False,False,
1011,1011,NORMAL,NORMAL,True,522660.9204974669,5696644.290406497,,4,0.01,0.4,0.36000000000000004,10.0,0.0,ground_equivalent_excess_collision_air_kerma_rate,uGy/h,,False,False,False,
1012,1012,NORMAL,NORMAL,True,522660.9204974669,5696664.290406497,,4,0.01,0.4,0.36000000000000004,10.0,0.0,ground_equivalent_excess_collision_air_kerma_rate,uGy/h,,False,False,False,
1013,1013,NORMAL,NORMAL,True,522640.9204974669,5696664.290406497,,4,0.01,0.4,0.36000000000000004,10.0,0.0,ground_equivalent_excess_collision_air_kerma_rate,uGy/h,,False,False,False,
1014,1014,NORMAL,NORMAL,True,522620.9204974669,5696664.290406497,,4,0.01,0.4,0.36000000000000004,10.0,0.0,ground_equivalent_excess_collision_air_kerma_rate,uGy/h,,False,False,False,
1015,1015,NORMAL,NORMAL,True,522600.9204974669,5696684.290406497,,4,0.01,0.4,0.36000000000000004,10.0,0.0,ground_equivalent_excess_collision_air_kerma_rate,uGy/h,,False,False,False,
1016,1016,NORMAL,NORMAL,True,522580.9204974669,5696684.290406497,,4,0.01,0.4,0.36000000000000004,10.0,0.0,ground_equivalent_excess_collision_air_kerma_rate,uGy/h,,False,False,False,
1017,1017,NORMAL,NORMAL,True,522600.9204974669,5696684.290406497,,4,0.01,0.4,0.36000000000000004,10.0,0.0,ground_equivalent_excess_collision_air_kerma_rate,uGy/h,,False,False,False,
1018,1018,NORMAL,NORMAL,True,522580.9204974669,5696664.290406497,,4,0.01,0.4,0.36000000000000004,10.0,0.0,ground_equivalent_excess_collision_air_kerma_rate,uGy/h,,False,False,False,
1019,1019,NORMAL,NORMAL,True,522580.9204974669,5696644.290406497,,4,0.01,0.4,0.36000000000000004,10.0,0.0,ground_equivalent_excess_collision_air_kerma_rate,uGy/h,,False,False,False,
1020,1020,NORMAL,NORMAL,True,522600.9204974669,5696664.290406497,,4,0.01,0.4,0.36000000000000004,10.0,0.0,ground_equivalent_excess_collision_air_kerma_rate,uGy/h,,False,False,False,
1021,1021,NORMAL,NORMAL,True,522580.9204974669,5696664.290406497,,4,0.01,0.4,0.36000000000000004,10.0,0.0,ground_equivalent_excess_collision_air_kerma_rate,uGy/h,,False,False,False,
1022,1022,NORMAL,NORMAL,True,522580.9204974669,5696644.290406497,,4,0.01,0.4,0.36000000000000004,10.0,0.0,ground_equivalent_excess_collision_air_kerma_rate,uGy/h,,False,False,False,
1023,1023,NORMAL,NORMAL,True,522600.9204974669,5696624.290406497,,4,0.01,0.4,0.36000000000000004,10.0,0.0,ground_equivalent_excess_collision_air_kerma_rate,uGy/h,,False,False,False,
1024,1024,NORMAL,NORMAL,True,522620.9204974669,5696604.290406497,,4,0.01,0.4,0.36000000000000004,10.0,0.0,ground_equivalent_excess_collision_air_kerma_rate,uGy/h,,False,False,False,
1025,1025,NORMAL,NORMAL,True,522640.9204974669,5696584.290406497,,4,0.01,0.4,0.36000000000000004,10.0,0.0,ground_equivalent_excess_collision_air_kerma_rate,uGy/h,,False,False,False,
1026,1026,NORMAL,NORMAL,True,522660.9204974669,5696564.290406497,,4,0.01,0.4,0.36000000000000004,10.0,0.0,ground_equivalent_excess_collision_air_kerma_rate,uGy/h,,False,False,False,
1027,1027,NORMAL,NORMAL,True,522640.9204974669,5696584.290406497,,4,0.01,0.4,0.36000000000000004,10.0,0.0,ground_equivalent_excess_collision_air_kerma_rate,uGy/h,,False,False,False,
1028,1028,NORMAL,NORMAL,True,522620.9204974669,5696564.290406497,,4,0.01,0.4,0.36000000000000004,10.0,0.0,ground_equivalent_excess_collision_air_kerma_rate,uGy/h,,False,False,False,
1029,1029,NORMAL,NORMAL,True,522640.9204974669,5696544.290406497,,4,0.01,0.4,0.36000000000000004,10.0,0.0,ground_equivalent_excess_collision_air_kerma_rate,uGy/h,,False,False,False,
1030,1030,NORMAL,NORMAL,True,522620.9204974669,5696544.290406497,,4,0.01,0.4,0.36000000000000004,10.0,0.0,ground_equivalent_excess_collision_air_kerma_rate,uGy/h,,False,False,False,
1031,1031,NORMAL,NORMAL,True,522640.9204974669,5696544.290406497,,4,0.01,0.4,0.36000000000000004,10.0,0.0,ground_equivalent_excess_collision_air_kerma_rate,uGy/h,,False,False,False,
1032,1032,NORMAL,NORMAL,True,522660.9204974669,5696564.290406497,,4,0.01,0.4,0.36000000000000004,10.0,0.0,ground_equivalent_excess_collision_air_kerma_rate,uGy/h,,False,False,False,
1033,1033,NORMAL,NORMAL,True,522680.9204974669,5696584.290406497,,4,0.01,0.4,0.36000000000000004,10.0,0.0,ground_equivalent_excess_collision_air_kerma_rate,uGy/h,,False,False,False,
1034,1034,NORMAL,NORMAL,True,522700.9204974669,5696564.290406497,,4,0.01,0.4,0.36000000000000004,10.0,0.0,ground_equivalent_excess_collision_air_kerma_rate,uGy/h,,False,False,False,
1035,1035,NORMAL,NORMAL,True,522720.9204974669,5696564.290406497,,4,0.01,0.4,0.36000000000000004,10.0,0.0,ground_equivalent_excess_collision_air_kerma_rate,uGy/h,,False,False,False,
1036,1036,NORMAL,NORMAL,True,522700.9204974669,5696544.290406497,,4,0.01,0.4,0.36000000000000004,10.0,0.0,ground_equivalent_excess_collision_air_kerma_rate,uGy/h,,False,False,False,
1037,1037,NORMAL,NORMAL,True,522720.9204974669,5696544.290406497,,4,0.01,0.4,0.36000000000000004,10.0,0.0,ground_equivalent_excess_collision_air_kerma_rate,uGy/h,,False,False,False,
1038,1038,NORMAL,NORMAL,True,522720.9204974669,5696524.290406497,,4,0.01,0.4,0.36000000000000004,10.0,0.0,ground_equivalent_excess_collision_air_kerma_rate,uGy/h,,False,False,False,
1039,1039,NORMAL,NORMAL,True,522700.9204974669,5696504.290406497,,4,0.01,0.4,0.36000000000000004,10.0,0.0,ground_equivalent_excess_collision_air_kerma_rate,uGy/h,,False,False,False,
1040,1040,NORMAL,NORMAL,True,522680.9204974669,5696524.290406497,,4,0.01,0.4,0.36000000000000004,10.0,0.0,ground_equivalent_excess_collision_air_kerma_rate,uGy/h,,False,False,False,
1041,1041,NORMAL,NORMAL,True,522680.9204974669,5696504.290406497,,4,0.01,0.4,0.36000000000000004,10.0,0.0,ground_equivalent_excess_collision_air_kerma_rate,uGy/h,,False,False,False,
1042,1042,NORMAL,NORMAL,True,522660.9204974669,5696504.290406497,,4,0.01,0.4,0.36000000000000004,10.0,0.0,ground_equivalent_excess_collision_air_kerma_rate,uGy/h,,False,False,False,
1043,1043,NORMAL,NORMAL,True,522640.9204974669,5696484.290406497,,4,0.01,0.4,0.36000000000000004,10.0,0.0,ground_equivalent_excess_collision_air_kerma_rate,uGy/h,,False,False,False,
1044,1044,NORMAL,NORMAL,True,522640.9204974669,5696504.290406497,,4,0.01,0.4,0.36000000000000004,10.0,0.0,ground_equivalent_excess_collision_air_kerma_rate,uGy/h,,False,False,False,
1045,1045,NORMAL,NORMAL,True,522640.9204974669,5696524.290406497,,4,0.01,0.4,0.36000000000000004,10.0,0.0,ground_equivalent_excess_collision_air_kerma_rate,uGy/h,,False,False,False,
1046,1046,NORMAL,NORMAL,True,522660.9204974669,5696524.290406497,,4,0.01,0.4,0.36000000000000004,10.0,0.0,ground_equivalent_excess_collision_air_kerma_rate,uGy/h,,False,False,False,
1047,1047,NORMAL,NORMAL,True,522660.9204974669,5696544.290406497,,4,0.01,0.4,0.36000000000000004,10.0,0.0,ground_equivalent_excess_collision_air_kerma_rate,uGy/h,,False,False,False,
1048,1048,NORMAL,NORMAL,True,522640.9204974669,5696544.290406497,,4,0.01,0.4,0.36000000000000004,10.0,0.0,ground_equivalent_excess_collision_air_kerma_rate,uGy/h,,False,False,False,
1049,1049,NORMAL,NORMAL,True,522640.9204974669,5696524.290406497,,4,0.01,0.4,0.36000000000000004,10.0,0.0,ground_equivalent_excess_collision_air_kerma_rate,uGy/h,,False,False,False,
1050,1050,NORMAL,NORMAL,True,522640.9204974669,5696504.290406497,,4,0.01,0.4,0.36000000000000004,10.0,0.0,ground_equivalent_excess_collision_air_kerma_rate,uGy/h,,False,False,False,
1051,1051,NORMAL,NORMAL,True,522660.9204974669,5696484.290406497,,4,0.01,0.4,0.36000000000000004,10.0,0.0,ground_equivalent_excess_collision_air_kerma_rate,uGy/h,,False,False,False,
1052,1052,NORMAL,NORMAL,True,522680.9204974669,5696464.290406497,,4,0.01,0.4,0.36000000000000004,10.0,0.0,ground_equivalent_excess_collision_air_kerma_rate,uGy/h,,False,False,False,
1053,1053,NORMAL,NORMAL,True,522660.9204974669,5696464.290406497,,4,0.01,0.4,0.36000000000000004,10.0,0.0,ground_equivalent_excess_collision_air_kerma_rate,uGy/h,,False,False,False,
1054,1054,NORMAL,NORMAL,True,522640.9204974669,5696484.290406497,,4,0.01,0.4,0.36000000000000004,10.0,0.0,ground_equivalent_excess_collision_air_kerma_rate,uGy/h,,False,False,False,
1055,1055,NORMAL,NORMAL,True,522660.9204974669,5696484.290406497,,4,0.01,0.4,0.36000000000000004,10.0,0.0,ground_equivalent_excess_collision_air_kerma_rate,uGy/h,,False,False,False,
1056,1056,NORMAL,NORMAL,True,522640.9204974669,5696504.290406497,,4,0.01,0.4,0.36000000000000004,10.0,0.0,ground_equivalent_excess_collision_air_kerma_rate,uGy/h,,False,False,False,
1057,1057,NORMAL,NORMAL,True,522660.9204974669,5696484.290406497,,4,0.01,0.4,0.36000000000000004,10.0,0.0,ground_equivalent_excess_collision_air_kerma_rate,uGy/h,,False,False,False,
1058,1058,NORMAL,NORMAL,True,522640.9204974669,5696504.290406497,,4,0.01,0.4,0.36000000000000004,10.0,0.0,ground_equivalent_excess_collision_air_kerma_rate,uGy/h,,False,False,False,
1059,1059,NORMAL,NORMAL,True,522620.9204974669,5696504.290406497,,4,0.01,0.4,0.36000000000000004,10.0,0.0,ground_equivalent_excess_collision_air_kerma_rate,uGy/h,,False,False,False,
1060,1060,NORMAL,NORMAL,True,522620.9204974669,5696524.290406497,,4,0.01,0.4,0.36000000000000004,10.0,0.0,ground_equivalent_excess_collision_air_kerma_rate,uGy/h,,False,False,False,
1061,1061,NORMAL,NORMAL,True,522640.9204974669,5696524.290406497,,4,0.01,0.4,0.36000000000000004,10.0,0.0,ground_equivalent_excess_collision_air_kerma_rate,uGy/h,,False,False,False,
1062,1062,NORMAL,NORMAL,True,522660.9204974669,5696544.290406497,,4,0.01,0.4,0.36000000000000004,10.0,0.0,ground_equivalent_excess_collision_air_kerma_rate,uGy/h,,False,False,False,
1063,1063,NORMAL,NORMAL,True,522640.9204974669,5696544.290406497,,4,0.01,0.4,0.36000000000000004,10.0,0.0,ground_equivalent_excess_collision_air_kerma_rate,uGy/h,,False,False,False,
1064,1064,NORMAL,NORMAL,True,522660.9204974669,5696524.290406497,,4,0.01,0.4,0.36000000000000004,10.0,0.0,ground_equivalent_excess_collision_air_kerma_rate,uGy/h,,False,False,False,
1065,1065,NORMAL,NORMAL,True,522680.9204974669,5696524.290406497,,4,0.01,0.4,0.36000000000000004,10.0,0.0,ground_equivalent_excess_collision_air_kerma_rate,uGy/h,,False,False,False,
1066,1066,NORMAL,NORMAL,True,522660.9204974669,5696544.290406497,,4,0.01,0.4,0.36000000000000004,10.0,0.0,ground_equivalent_excess_collision_air_kerma_rate,uGy/h,,False,False,False,
1067,1067,NORMAL,NORMAL,True,522640.9204974669,5696544.290406497,,4,0.01,0.4,0.36000000000000004,10.0,0.0,ground_equivalent_excess_collision_air_kerma_rate,uGy/h,,False,False,False,
1068,1068,NORMAL,NORMAL,True,522660.9204974669,5696544.290406497,,4,0.01,0.4,0.36000000000000004,10.0,0.0,ground_equivalent_excess_collision_air_kerma_rate,uGy/h,,False,False,False,
1069,1069,NORMAL,NORMAL,True,522640.9204974669,5696544.290406497,,4,0.01,0.4,0.36000000000000004,10.0,0.0,ground_equivalent_excess_collision_air_kerma_rate,uGy/h,,False,False,False,
1070,1070,NORMAL,NORMAL,True,522660.9204974669,5696524.290406497,,4,0.01,0.4,0.36000000000000004,10.0,0.0,ground_equivalent_excess_collision_air_kerma_rate,uGy/h,,False,False,False,
1071,1071,NORMAL,NORMAL,True,522680.9204974669,5696504.290406497,,4,0.01,0.4,0.36000000000000004,10.0,0.0,ground_equivalent_excess_collision_air_kerma_rate,uGy/h,,False,False,False,
1072,1072,NORMAL,NORMAL,True,522700.9204974669,5696524.290406497,,4,0.01,0.4,0.36000000000000004,10.0,0.0,ground_equivalent_excess_collision_air_kerma_rate,uGy/h,,False,False,False,
1073,1073,NORMAL,NORMAL,True,522680.9204974669,5696544.290406497,,4,0.01,0.4,0.36000000000000004,10.0,0.0,ground_equivalent_excess_collision_air_kerma_rate,uGy/h,,False,False,False,
1074,1074,NORMAL,NORMAL,True,522660.9204974669,5696524.290406497,,4,0.01,0.4,0.36000000000000004,10.0,0.0,ground_equivalent_excess_collision_air_kerma_rate,uGy/h,,False,False,False,
1075,1075,NORMAL,NORMAL,True,522680.9204974669,5696544.290406497,,4,0.01,0.4,0.36000000000000004,10.0,0.0,ground_equivalent_excess_collision_air_kerma_rate,uGy/h,,False,False,False,
1076,1076,NORMAL,NORMAL,True,522660.9204974669,5696564.290406497,,4,0.01,0.4,0.36000000000000004,10.0,0.0,ground_equivalent_excess_collision_air_kerma_rate,uGy/h,,False,False,False,
1077,1077,NORMAL,NORMAL,True,522640.9204974669,5696544.290406497,,4,0.01,0.4,0.36000000000000004,10.0,0.0,ground_equivalent_excess_collision_air_kerma_rate,uGy/h,,False,False,False,
1078,1078,NORMAL,NORMAL,True,522620.9204974669,5696564.290406497,,4,0.01,0.4,0.36000000000000004,10.0,0.0,ground_equivalent_excess_collision_air_kerma_rate,uGy/h,,False,False,False,
1079,1079,NORMAL,NORMAL,True,522640.9204974669,5696564.290406497,,4,0.01,0.4,0.36000000000000004,10.0,0.0,ground_equivalent_excess_collision_air_kerma_rate,uGy/h,,False,False,False,
1080,1080,NORMAL,NORMAL,True,522660.9204974669,5696584.290406497,,4,0.01,0.4,0.36000000000000004,10.0,0.0,ground_equivalent_excess_collision_air_kerma_rate,uGy/h,,False,False,False,
1081,1081,NORMAL,NORMAL,True,522640.9204974669,5696584.290406497,,4,0.01,0.4,0.36000000000000004,10.0,0.0,ground_equivalent_excess_collision_air_kerma_rate,uGy/h,,False,False,False,
1082,1082,NORMAL,NORMAL,True,522660.9204974669,5696584.290406497,,4,0.01,0.4,0.36000000000000004,10.0,0.0,ground_equivalent_excess_collision_air_kerma_rate,uGy/h,,False,False,False,
1083,1083,NORMAL,NORMAL,True,522680.9204974669,5696564.290406497,,4,0.01,0.4,0.36000000000000004,10.0,0.0,ground_equivalent_excess_collision_air_kerma_rate,uGy/h,,False,False,False,
1084,1084,NORMAL,NORMAL,True,522700.9204974669,5696544.290406497,,4,0.01,0.4,0.36000000000000004,10.0,0.0,ground_equivalent_excess_collision_air_kerma_rate,uGy/h,,False,False,False,
1085,1085,NORMAL,NORMAL,True,522720.9204974669,5696544.290406497,,4,0.01,0.4,0.36000000000000004,10.0,0.0,ground_equivalent_excess_collision_air_kerma_rate,uGy/h,,False,False,False,
1086,1086,NORMAL,NORMAL,True,522720.9204974669,5696564.290406497,,4,0.01,0.4,0.36000000000000004,10.0,0.0,ground_equivalent_excess_collision_air_kerma_rate,uGy/h,,False,False,False,
1087,1087,NORMAL,NORMAL,True,522740.9204974669,5696584.290406497,,4,0.01,0.4,0.36000000000000004,10.0,0.0,ground_equivalent_excess_collision_air_kerma_rate,uGy/h,,False,False,False,
1088,1088,NORMAL,NORMAL,True,522740.9204974669,5696604.290406497,,4,0.01,0.4,0.36000000000000004,10.0,0.0,ground_equivalent_excess_collision_air_kerma_rate,uGy/h,,False,False,False,
1089,1089,NORMAL,NORMAL,True,522760.9204974669,5696604.290406497,,4,0.01,0.4,0.36000000000000004,10.0,0.0,ground_equivalent_excess_collision_air_kerma_rate,uGy/h,,False,False,False,
1090,1090,NORMAL,NORMAL,True,522780.9204974669,5696604.290406497,,4,0.01,0.4,0.36000000000000004,10.0,0.0,ground_equivalent_excess_collision_air_kerma_rate,uGy/h,,False,False,False,
1091,1091,NORMAL,NORMAL,True,522800.9204974669,5696584.290406497,,4,0.01,0.4,0.36000000000000004,10.0,0.0,ground_equivalent_excess_collision_air_kerma_rate,uGy/h,,False,False,False,
1092,1092,NORMAL,NORMAL,True,522800.9204974669,5696604.290406497,,4,0.01,0.4,0.36000000000000004,10.0,0.0,ground_equivalent_excess_collision_air_kerma_rate,uGy/h,,False,False,False,
1093,1093,NORMAL,NORMAL,True,522820.9204974669,5696584.290406497,,4,0.01,0.4,0.36000000000000004,10.0,0.0,ground_equivalent_excess_collision_air_kerma_rate,uGy/h,,False,False,False,
1094,1094,NORMAL,NORMAL,True,522840.9204974669,5696564.290406497,,4,0.01,0.4,0.36000000000000004,10.0,0.0,ground_equivalent_excess_collision_air_kerma_rate,uGy/h,,False,False,False,
1095,1095,NORMAL,NORMAL,True,522840.9204974669,5696584.290406497,,4,0.01,0.4,0.36000000000000004,10.0,0.0,ground_equivalent_excess_collision_air_kerma_rate,uGy/h,,False,False,False,
1096,1096,NORMAL,NORMAL,True,522860.9204974669,5696584.290406497,,4,0.01,0.4,0.36000000000000004,10.0,0.0007799343836615673,ground_equivalent_excess_collision_air_kerma_rate,uGy/h,,False,False,False,
1097,1097,NORMAL,NORMAL,True,522880.9204974669,5696564.290406497,,4,0.01,0.4,0.36000000000000004,10.0,0.0008128381609700241,ground_equivalent_excess_collision_air_kerma_rate,uGy/h,,False,False,False,
1098,1098,NORMAL,NORMAL,True,522880.9204974669,5696584.290406497,,4,0.01,0.4,0.36000000000000004,10.0,0.0009987834691682772,ground_equivalent_excess_collision_air_kerma_rate,uGy/h,,False,False,False,
1099,1099,NORMAL,NORMAL,True,522900.9204974669,5696604.290406497,,4,0.01,0.4,0.36000000000000004,10.0,0.001579429468474149,ground_equivalent_excess_collision_air_kerma_rate,uGy/h,,False,False,False,
1100,1100,NORMAL,NORMAL,True,522920.9204974669,5696584.290406497,,4,0.01,0.4,0.36000000000000004,10.0,0.0016225749925806352,ground_equivalent_excess_collision_air_kerma_rate,uGy/h,,False,False,False,
1101,1101,NORMAL,NORMAL,True,522940.9204974669,5696584.290406497,,4,0.01,0.4,0.36000000000000004,10.0,0.0020520003626276558,ground_equivalent_excess_collision_air_kerma_rate,uGy/h,,False,False,False,
1102,1102,NORMAL,NORMAL,True,522920.9204974669,5696584.290406497,,4,0.01,0.4,0.36000000000000004,10.0,0.0016225749925806352,ground_equivalent_excess_collision_air_kerma_rate,uGy/h,,False,False,False,
1103,1103,NORMAL,NORMAL,True,522900.9204974669,5696604.290406497,,4,0.01,0.4,0.36000000000000004,10.0,0.001579429468474149,ground_equivalent_excess_collision_air_kerma_rate,uGy/h,,False,False,False,
1104,1104,NORMAL,NORMAL,True,522920.9204974669,5696624.290406497,,4,0.01,0.4,0.36000000000000004,10.0,0.0025549639886995323,ground_equivalent_excess_collision_air_kerma_rate,uGy/h,,False,False,False,
1105,1105,NORMAL,NORMAL,True,522940.9204974669,5696644.290406497,,4,0.01,0.4,0.36000000000000004,10.0,0.004255861615588076,ground_equivalent_excess_collision_air_kerma_rate,uGy/h,,False,False,False,
1106,1106,NORMAL,NORMAL,True,522960.9204974669,5696644.290406497,,4,0.01,0.4,0.36000000000000004,10.0,0.00573209372477937,ground_equivalent_excess_collision_air_kerma_rate,uGy/h,,False,False,False,
1107,1107,NORMAL,NORMAL,True,522980.9204974669,5696664.290406497,,4,0.01,0.4,0.36000000000000004,10.0,0.010270310101962617,ground_equivalent_excess_collision_air_kerma_rate,uGy/h,,False,False,False,
1108,1108,NORMAL,NORMAL,True,523000.920497467,5696684.290406497,,4,0.01,0.4,0.36000000000000004,10.0,0.01988931783421957,ground_equivalent_excess_collision_air_kerma_rate,uGy/h,,False,False,False,
1109,1109,NORMAL,NORMAL,True,523020.920497467,5696704.290406497,,4,0.01,0.4,0.36000000000000004,10.0,0.04451868691092856,ground_equivalent_excess_collision_air_kerma_rate,uGy/h,,False,False,False,
1110,1110,NORMAL,NORMAL,True,523040.920497467,5696704.290406497,,4,0.01,0.4,0.36000000000000004,10.0,0.07786349395790192,ground_equivalent_excess_collision_air_kerma_rate,uGy/h,,False,False,False,
1111,1111,NORMAL,NORMAL,True,523060.920497467,5696684.290406497,,4,0.01,0.4,0.36000000000000004,10.0,0.059984833078844904,ground_equivalent_excess_collision_air_kerma_rate,uGy/h,,False,False,False,
1112,1112,NORMAL,NORMAL,True,523040.920497467,5696664.290406497,,4,0.01,0.4,0.36000000000000004,10.0,0.02656837366346481,ground_equivalent_excess_collision_air_kerma_rate,uGy/h,,False,False,False,
1113,1113,NORMAL,NORMAL,True,523060.920497467,5696664.290406497,,4,0.01,0.4,0.36000000000000004,10.0,0.03402289085373526,ground_equivalent_excess_collision_air_kerma_rate,uGy/h,,False,False,False,
1114,1114,NORMAL,NORMAL,True,523060.920497467,5696684.290406497,,4,0.01,0.4,0.36000000000000004,10.0,0.059984833078844904,ground_equivalent_excess_collision_air_kerma_rate,uGy/h,,False,False,False,
1115,1115,NORMAL,NORMAL,True,523080.920497467,5696684.290406497,,4,0.01,0.4,0.36000000000000004,10.0,0.07439776993119454,ground_equivalent_excess_collision_air_kerma_rate,uGy/h,,False,False,False,
1116,1116,NORMAL,NORMAL,True,523100.920497467,5696704.290406497,,4,0.01,0.4,0.36000000000000004,10.0,0.18743212898786535,ground_equivalent_excess_collision_air_kerma_rate,uGy/h,,False,False,False,
1117,1117,NORMAL,NORMAL,True,523080.920497467,5696704.290406497,,4,0.01,0.4,0.36000000000000004,10.0,0.16847943270649143,ground_equivalent_excess_collision_air_kerma_rate,uGy/h,,False,False,False,
1118,1118,NORMAL,NORMAL,True,523060.920497467,5696704.290406497,,4,0.01,0.4,0.36000000000000004,10.0,0.1307048316596232,ground_equivalent_excess_collision_air_kerma_rate,uGy/h,,False,False,False,
1119,1119,NORMAL,NORMAL,True,523040.920497467,5696704.290406497,,4,0.01,0.4,0.36000000000000004,10.0,0.07786349395790192,ground_equivalent_excess_collision_air_kerma_rate,uGy/h,,False,False,False,
1120,1120,NORMAL,RADIATION,True,523060.920497467,5696724.290406497,ENTER,4,0.01,0.4,0.36000000000000004,10.0,1.188535361508347,ground_equivalent_excess_collision_air_kerma_rate,uGy/h,hazard_enter_threshold,True,False,False,
1121,1121,RADIATION,RADIATION,True,523060.920497467,5696744.290406497,,4,0.01,0.4,0.36000000000000004,10.0,1.4678388423437205,ground_equivalent_excess_collision_air_kerma_rate,uGy/h,,False,False,False,
1122,1122,RADIATION,NORMAL,True,523040.920497467,5696764.290406497,EXIT,4,0.01,0.4,0.36000000000000004,10.0,0.2328686116771217,ground_equivalent_excess_collision_air_kerma_rate,uGy/h,hazard_exit_threshold,False,True,False,
1123,1123,NORMAL,NORMAL,True,523020.920497467,5696784.290406497,,5,0.01,0.5,0.45,10.0,0.09753719901138883,ground_equivalent_excess_collision_air_kerma_rate,uGy/h,,False,False,False,
1124,1124,NORMAL,NORMAL,True,523020.920497467,5696804.290406497,,5,0.01,0.5,0.45,10.0,0.09665119877489156,ground_equivalent_excess_collision_air_kerma_rate,uGy/h,,False,False,False,
1125,1125,NORMAL,NORMAL,True,523040.920497467,5696824.290406497,,5,0.01,0.5,0.45,10.0,0.22725846257094015,ground_equivalent_excess_collision_air_kerma_rate,uGy/h,,False,False,False,
1126,1126,NORMAL,NORMAL,True,523020.920497467,5696804.290406497,,5,0.01,0.5,0.45,10.0,0.09665119877489156,ground_equivalent_excess_collision_air_kerma_rate,uGy/h,,False,False,False,
1127,1127,NORMAL,NORMAL,True,523000.920497467,5696824.290406497,,5,0.01,0.5,0.45,10.0,0.04664765458093352,ground_equivalent_excess_collision_air_kerma_rate,uGy/h,,False,False,False,
1128,1128,NORMAL,NORMAL,True,523000.920497467,5696804.290406497,,5,0.01,0.5,0.45,10.0,0.049988319488046565,ground_equivalent_excess_collision_air_kerma_rate,uGy/h,,False,False,False,
1129,1129,NORMAL,NORMAL,True,522980.9204974669,5696784.290406497,,5,0.01,0.5,0.45,10.0,0.0289605789128734,ground_equivalent_excess_collision_air_kerma_rate,uGy/h,,False,False,False,
1130,1130,NORMAL,NORMAL,True,522960.9204974669,5696764.290406497,,5,0.01,0.5,0.45,10.0,0.017024791568495363,ground_equivalent_excess_collision_air_kerma_rate,uGy/h,,False,False,False,
1131,1131,NORMAL,NORMAL,True,522940.9204974669,5696744.290406497,,5,0.01,0.5,0.45,10.0,0.010141197195610067,ground_equivalent_excess_collision_air_kerma_rate,uGy/h,,False,False,False,
1132,1132,NORMAL,NORMAL,True,522960.9204974669,5696764.290406497,,5,0.01,0.5,0.45,10.0,0.017024791568495363,ground_equivalent_excess_collision_air_kerma_rate,uGy/h,,False,False,False,
1133,1133,NORMAL,NORMAL,True,522940.9204974669,5696744.290406497,,5,0.01,0.5,0.45,10.0,0.010141197195610067,ground_equivalent_excess_collision_air_kerma_rate,uGy/h,,False,False,False,
1134,1134,NORMAL,NORMAL,True,522940.9204974669,5696724.290406497,,5,0.01,0.5,0.45,10.0,0.009057343512799701,ground_equivalent_excess_collision_air_kerma_rate,uGy/h,,False,False,False,
1135,1135,NORMAL,NORMAL,True,522940.9204974669,5696704.290406497,,5,0.01,0.5,0.45,10.0,0.0078046590081349435,ground_equivalent_excess_collision_air_kerma_rate,uGy/h,,False,False,False,
1136,1136,NORMAL,NORMAL,True,522960.9204974669,5696704.290406497,,5,0.01,0.5,0.45,10.0,0.011502377317196421,ground_equivalent_excess_collision_air_kerma_rate,uGy/h,,False,False,False,
1137,1137,NORMAL,NORMAL,True,522940.9204974669,5696684.290406497,,5,0.01,0.5,0.45,10.0,0.006521285127503372,ground_equivalent_excess_collision_air_kerma_rate,uGy/h,,False,False,False,
1138,1138,NORMAL,NORMAL,True,522920.9204974669,5696664.290406497,,5,0.01,0.5,0.45,10.0,0.003854008862547739,ground_equivalent_excess_collision_air_kerma_rate,uGy/h,,False,False,False,
1139,1139,NORMAL,NORMAL,True,522940.9204974669,5696664.290406497,,5,0.01,0.5,0.45,10.0,0.005316675607225088,ground_equivalent_excess_collision_air_kerma_rate,uGy/h,,False,False,False,
1140,1140,NORMAL,NORMAL,True,522960.9204974669,5696684.290406497,,5,0.01,0.5,0.45,10.0,0.009329022841892532,ground_equivalent_excess_collision_air_kerma_rate,uGy/h,,False,False,False,
1141,1141,NORMAL,NORMAL,True,522980.9204974669,5696684.290406497,,5,0.01,0.5,0.45,10.0,0.013526824911904647,ground_equivalent_excess_collision_air_kerma_rate,uGy/h,,False,False,False,
1142,1142,NORMAL,NORMAL,True,522960.9204974669,5696684.290406497,,5,0.01,0.5,0.45,10.0,0.009329022841892532,ground_equivalent_excess_collision_air_kerma_rate,uGy/h,,False,False,False,
1143,1143,NORMAL,NORMAL,True,522940.9204974669,5696704.290406497,,5,0.01,0.5,0.45,10.0,0.0078046590081349435,ground_equivalent_excess_collision_air_kerma_rate,uGy/h,,False,False,False,
1144,1144,NORMAL,NORMAL,True,522960.9204974669,5696704.290406497,,5,0.01,0.5,0.45,10.0,0.011502377317196421,ground_equivalent_excess_collision_air_kerma_rate,uGy/h,,False,False,False,
1145,1145,NORMAL,NORMAL,True,522940.9204974669,5696704.290406497,,5,0.01,0.5,0.45,10.0,0.0078046590081349435,ground_equivalent_excess_collision_air_kerma_rate,uGy/h,,False,False,False,
1146,1146,NORMAL,NORMAL,True,522960.9204974669,5696704.290406497,,5,0.01,0.5,0.45,10.0,0.011502377317196421,ground_equivalent_excess_collision_air_kerma_rate,uGy/h,,False,False,False,
1147,1147,NORMAL,NORMAL,True,522940.9204974669,5696684.290406497,,5,0.01,0.5,0.45,10.0,0.006521285127503372,ground_equivalent_excess_collision_air_kerma_rate,uGy/h,,False,False,False,
1148,1148,NORMAL,NORMAL,True,522940.9204974669,5696664.290406497,,5,0.01,0.5,0.45,10.0,0.005316675607225088,ground_equivalent_excess_collision_air_kerma_rate,uGy/h,,False,False,False,
1149,1149,NORMAL,NORMAL,True,522920.9204974669,5696684.290406497,,5,0.01,0.5,0.45,10.0,0.004614004722943176,ground_equivalent_excess_collision_air_kerma_rate,uGy/h,,False,False,False,
1150,1150,NORMAL,NORMAL,True,522940.9204974669,5696664.290406497,,5,0.01,0.5,0.45,10.0,0.005316675607225088,ground_equivalent_excess_collision_air_kerma_rate,uGy/h,,False,False,False,
1151,1151,NORMAL,NORMAL,True,522920.9204974669,5696644.290406497,,5,0.01,0.5,0.45,10.0,0.003160307712506901,ground_equivalent_excess_collision_air_kerma_rate,uGy/h,,False,False,False,
1152,1152,NORMAL,NORMAL,True,522900.9204974669,5696624.290406497,,5,0.01,0.5,0.45,10.0,0.0019381606957239528,ground_equivalent_excess_collision_air_kerma_rate,uGy/h,,False,False,False,
1153,1153,NORMAL,NORMAL,True,522900.9204974669,5696644.290406497,,5,0.01,0.5,0.45,10.0,0.0023510108945929524,ground_equivalent_excess_collision_air_kerma_rate,uGy/h,,False,False,False,
1154,1154,NORMAL,NORMAL,True,522920.9204974669,5696624.290406497,,5,0.01,0.5,0.45,10.0,0.0025549639886995323,ground_equivalent_excess_collision_air_kerma_rate,uGy/h,,False,False,False,
1155,1155,NORMAL,NORMAL,True,522900.9204974669,5696604.290406497,,5,0.01,0.5,0.45,10.0,0.001579429468474149,ground_equivalent_excess_collision_air_kerma_rate,uGy/h,,False,False,False,
1156,1156,NORMAL,NORMAL,True,522880.9204974669,5696624.290406497,,5,0.01,0.5,0.45,10.0,0.0014701525117320922,ground_equivalent_excess_collision_air_kerma_rate,uGy/h,,False,False,False,
1157,1157,NORMAL,NORMAL,True,522900.9204974669,5696624.290406497,,5,0.01,0.5,0.45,10.0,0.0019381606957239528,ground_equivalent_excess_collision_air_kerma_rate,uGy/h,,False,False,False,
1158,1158,NORMAL,NORMAL,True,522880.9204974669,5696624.290406497,,5,0.01,0.5,0.45,10.0,0.0014701525117320922,ground_equivalent_excess_collision_air_kerma_rate,uGy/h,,False,False,False,
1159,1159,NORMAL,NORMAL,True,522900.9204974669,5696644.290406497,,5,0.01,0.5,0.45,10.0,0.0023510108945929524,ground_equivalent_excess_collision_air_kerma_rate,uGy/h,,False,False,False,
1160,1160,NORMAL,NORMAL,True,522920.9204974669,5696624.290406497,,5,0.01,0.5,0.45,10.0,0.0025549639886995323,ground_equivalent_excess_collision_air_kerma_rate,uGy/h,,False,False,False,
1161,1161,NORMAL,NORMAL,True,522940.9204974669,5696624.290406497,,5,0.01,0.5,0.45,10.0,0.0033629422311506024,ground_equivalent_excess_collision_air_kerma_rate,uGy/h,,False,False,False,
1162,1162,NORMAL,NORMAL,True,522920.9204974669,5696644.290406497,,5,0.01,0.5,0.45,10.0,0.003160307712506901,ground_equivalent_excess_collision_air_kerma_rate,uGy/h,,False,False,False,
1163,1163,NORMAL,NORMAL,True,522940.9204974669,5696644.290406497,,5,0.01,0.5,0.45,10.0,0.004255861615588076,ground_equivalent_excess_collision_air_kerma_rate,uGy/h,,False,False,False,
1164,1164,NORMAL,NORMAL,True,522940.9204974669,5696624.290406497,,5,0.01,0.5,0.45,10.0,0.0033629422311506024,ground_equivalent_excess_collision_air_kerma_rate,uGy/h,,False,False,False,
1165,1165,NORMAL,NORMAL,True,522920.9204974669,5696644.290406497,,5,0.01,0.5,0.45,10.0,0.003160307712506901,ground_equivalent_excess_collision_air_kerma_rate,uGy/h,,False,False,False,
1166,1166,NORMAL,NORMAL,True,522900.9204974669,5696664.290406497,,5,0.01,0.5,0.45,10.0,0.0028103975012483905,ground_equivalent_excess_collision_air_kerma_rate,uGy/h,,False,False,False,
1167,1167,NORMAL,NORMAL,True,522880.9204974669,5696644.290406497,,5,0.01,0.5,0.45,10.0,0.001753685561189443,ground_equivalent_excess_collision_air_kerma_rate,uGy/h,,False,False,False,
1168,1168,NORMAL,NORMAL,True,522880.9204974669,5696624.290406497,,5,0.01,0.5,0.45,10.0,0.0014701525117320922,ground_equivalent_excess_collision_air_kerma_rate,uGy/h,,False,False,False,
1169,1169,NORMAL,NORMAL,True,522860.9204974669,5696644.290406497,,5,0.01,0.5,0.45,10.0,0.0013122571031946076,ground_equivalent_excess_collision_air_kerma_rate,uGy/h,,False,False,False,
1170,1170,NORMAL,NORMAL,True,522840.9204974669,5696624.290406497,,5,0.01,0.5,0.45,10.0,0.0,ground_equivalent_excess_collision_air_kerma_rate,uGy/h,,False,False,False,
1171,1171,NORMAL,NORMAL,True,522860.9204974669,5696644.290406497,,5,0.01,0.5,0.45,10.0,0.0013122571031946076,ground_equivalent_excess_collision_air_kerma_rate,uGy/h,,False,False,False,
1172,1172,NORMAL,NORMAL,True,522840.9204974669,5696624.290406497,,5,0.01,0.5,0.45,10.0,0.0,ground_equivalent_excess_collision_air_kerma_rate,uGy/h,,False,False,False,
1173,1173,NORMAL,NORMAL,True,522860.9204974669,5696644.290406497,,5,0.01,0.5,0.45,10.0,0.0013122571031946076,ground_equivalent_excess_collision_air_kerma_rate,uGy/h,,False,False,False,
1174,1174,NORMAL,NORMAL,True,522840.9204974669,5696664.290406497,,5,0.01,0.5,0.45,10.0,0.0,ground_equivalent_excess_collision_air_kerma_rate,uGy/h,,False,False,False,
1175,1175,NORMAL,NORMAL,True,522820.9204974669,5696664.290406497,,5,0.01,0.5,0.45,10.0,0.0,ground_equivalent_excess_collision_air_kerma_rate,uGy/h,,False,False,False,
1176,1176,NORMAL,NORMAL,True,522800.9204974669,5696684.290406497,,5,0.01,0.5,0.45,10.0,0.0,ground_equivalent_excess_collision_air_kerma_rate,uGy/h,,False,False,False,
1177,1177,NORMAL,NORMAL,True,522780.9204974669,5696704.290406497,,5,0.01,0.5,0.45,10.0,0.0,ground_equivalent_excess_collision_air_kerma_rate,uGy/h,,False,False,False,
1178,1178,NORMAL,NORMAL,True,522780.9204974669,5696724.290406497,,5,0.01,0.5,0.45,10.0,0.0,ground_equivalent_excess_collision_air_kerma_rate,uGy/h,,False,False,False,
1179,1179,NORMAL,NORMAL,True,522780.9204974669,5696744.290406497,,5,0.01,0.5,0.45,10.0,0.0,ground_equivalent_excess_collision_air_kerma_rate,uGy/h,,False,False,False,
1180,1180,NORMAL,NORMAL,True,522760.9204974669,5696764.290406497,,5,0.01,0.5,0.45,10.0,0.0,ground_equivalent_excess_collision_air_kerma_rate,uGy/h,,False,False,False,
1181,1181,NORMAL,NORMAL,True,522780.9204974669,5696784.290406497,,5,0.01,0.5,0.45,10.0,0.0,ground_equivalent_excess_collision_air_kerma_rate,uGy/h,,False,False,False,
1182,1182,NORMAL,NORMAL,True,522760.9204974669,5696784.290406497,,5,0.01,0.5,0.45,10.0,0.0,ground_equivalent_excess_collision_air_kerma_rate,uGy/h,,False,False,False,
1183,1183,NORMAL,NORMAL,True,522780.9204974669,5696764.290406497,,5,0.01,0.5,0.45,10.0,0.0,ground_equivalent_excess_collision_air_kerma_rate,uGy/h,,False,False,False,
1184,1184,NORMAL,NORMAL,True,522800.9204974669,5696744.290406497,,5,0.01,0.5,0.45,10.0,0.0,ground_equivalent_excess_collision_air_kerma_rate,uGy/h,,False,False,False,
1185,1185,NORMAL,NORMAL,True,522800.9204974669,5696724.290406497,,5,0.01,0.5,0.45,10.0,0.0,ground_equivalent_excess_collision_air_kerma_rate,uGy/h,,False,False,False,
1186,1186,NORMAL,NORMAL,True,522780.9204974669,5696744.290406497,,5,0.01,0.5,0.45,10.0,0.0,ground_equivalent_excess_collision_air_kerma_rate,uGy/h,,False,False,False,
1187,1187,NORMAL,NORMAL,True,522780.9204974669,5696764.290406497,,5,0.01,0.5,0.45,10.0,0.0,ground_equivalent_excess_collision_air_kerma_rate,uGy/h,,False,False,False,
1188,1188,NORMAL,NORMAL,True,522780.9204974669,5696744.290406497,,5,0.01,0.5,0.45,10.0,0.0,ground_equivalent_excess_collision_air_kerma_rate,uGy/h,,False,False,False,
1189,1189,NORMAL,NORMAL,True,522800.9204974669,5696744.290406497,,5,0.01,0.5,0.45,10.0,0.0,ground_equivalent_excess_collision_air_kerma_rate,uGy/h,,False,False,False,
1190,1190,NORMAL,NORMAL,True,522820.9204974669,5696764.290406497,,5,0.01,0.5,0.45,10.0,0.0,ground_equivalent_excess_collision_air_kerma_rate,uGy/h,,False,False,False,
1191,1191,NORMAL,NORMAL,True,522840.9204974669,5696744.290406497,,5,0.01,0.5,0.45,10.0,0.0,ground_equivalent_excess_collision_air_kerma_rate,uGy/h,,False,False,False,
1192,1192,NORMAL,NORMAL,True,522820.9204974669,5696764.290406497,,5,0.01,0.5,0.45,10.0,0.0,ground_equivalent_excess_collision_air_kerma_rate,uGy/h,,False,False,False,
1193,1193,NORMAL,NORMAL,True,522820.9204974669,5696744.290406497,,5,0.01,0.5,0.45,10.0,0.0,ground_equivalent_excess_collision_air_kerma_rate,uGy/h,,False,False,False,
1194,1194,NORMAL,NORMAL,True,522820.9204974669,5696764.290406497,,5,0.01,0.5,0.45,10.0,0.0,ground_equivalent_excess_collision_air_kerma_rate,uGy/h,,False,False,False,
1195,1195,NORMAL,NORMAL,True,522820.9204974669,5696744.290406497,,5,0.01,0.5,0.45,10.0,0.0,ground_equivalent_excess_collision_air_kerma_rate,uGy/h,,False,False,False,
1196,1196,NORMAL,NORMAL,True,522840.9204974669,5696724.290406497,,5,0.01,0.5,0.45,10.0,0.0,ground_equivalent_excess_collision_air_kerma_rate,uGy/h,,False,False,False,
1197,1197,NORMAL,NORMAL,True,522820.9204974669,5696724.290406497,,5,0.01,0.5,0.45,10.0,0.0,ground_equivalent_excess_collision_air_kerma_rate,uGy/h,,False,False,False,
1198,1198,NORMAL,NORMAL,True,522840.9204974669,5696704.290406497,,5,0.01,0.5,0.45,10.0,0.0,ground_equivalent_excess_collision_air_kerma_rate,uGy/h,,False,False,False,
1199,1199,NORMAL,NORMAL,True,522840.9204974669,5696684.290406497,,5,0.01,0.5,0.45,10.0,0.0,ground_equivalent_excess_collision_air_kerma_rate,uGy/h,,False,False,False,
1200,1200,NORMAL,NORMAL,True,522820.9204974669,5696704.290406497,,5,0.01,0.5,0.45,10.0,0.0,ground_equivalent_excess_collision_air_kerma_rate,uGy/h,,False,False,False,
1201,1201,NORMAL,NORMAL,True,522800.9204974669,5696684.290406497,,5,0.01,0.5,0.45,10.0,0.0,ground_equivalent_excess_collision_air_kerma_rate,uGy/h,,False,False,False,
1202,1202,NORMAL,NORMAL,True,522820.9204974669,5696704.290406497,,5,0.01,0.5,0.45,10.0,0.0,ground_equivalent_excess_collision_air_kerma_rate,uGy/h,,False,False,False,
1203,1203,NORMAL,NORMAL,True,522800.9204974669,5696684.290406497,,5,0.01,0.5,0.45,10.0,0.0,ground_equivalent_excess_collision_air_kerma_rate,uGy/h,,False,False,False,
1204,1204,NORMAL,NORMAL,True,522820.9204974669,5696664.290406497,,5,0.01,0.5,0.45,10.0,0.0,ground_equivalent_excess_collision_air_kerma_rate,uGy/h,,False,False,False,
1205,1205,NORMAL,NORMAL,True,522840.9204974669,5696684.290406497,,5,0.01,0.5,0.45,10.0,0.0,ground_equivalent_excess_collision_air_kerma_rate,uGy/h,,False,False,False,
1206,1206,NORMAL,NORMAL,True,522840.9204974669,5696664.290406497,,5,0.01,0.5,0.45,10.0,0.0,ground_equivalent_excess_collision_air_kerma_rate,uGy/h,,False,False,False,
1207,1207,NORMAL,NORMAL,True,522820.9204974669,5696644.290406497,,5,0.01,0.5,0.45,10.0,0.0,ground_equivalent_excess_collision_air_kerma_rate,uGy/h,,False,False,False,
1208,1208,NORMAL,NORMAL,True,522800.9204974669,5696664.290406497,,5,0.01,0.5,0.45,10.0,0.0,ground_equivalent_excess_collision_air_kerma_rate,uGy/h,,False,False,False,
1209,1209,NORMAL,NORMAL,True,522780.9204974669,5696644.290406497,,5,0.01,0.5,0.45,10.0,0.0,ground_equivalent_excess_collision_air_kerma_rate,uGy/h,,False,False,False,
1210,1210,NORMAL,NORMAL,True,522800.9204974669,5696664.290406497,,5,0.01,0.5,0.45,10.0,0.0,ground_equivalent_excess_collision_air_kerma_rate,uGy/h,,False,False,False,
1211,1211,NORMAL,NORMAL,True,522780.9204974669,5696664.290406497,,5,0.01,0.5,0.45,10.0,0.0,ground_equivalent_excess_collision_air_kerma_rate,uGy/h,,False,False,False,
1212,1212,NORMAL,NORMAL,True,522780.9204974669,5696684.290406497,,5,0.01,0.5,0.45,10.0,0.0,ground_equivalent_excess_collision_air_kerma_rate,uGy/h,,False,False,False,
1213,1213,NORMAL,NORMAL,True,522780.9204974669,5696664.290406497,,5,0.01,0.5,0.45,10.0,0.0,ground_equivalent_excess_collision_air_kerma_rate,uGy/h,,False,False,False,
1214,1214,NORMAL,NORMAL,True,522780.9204974669,5696644.290406497,,5,0.01,0.5,0.45,10.0,0.0,ground_equivalent_excess_collision_air_kerma_rate,uGy/h,,False,False,False,
1215,1215,NORMAL,NORMAL,True,522800.9204974669,5696664.290406497,,5,0.01,0.5,0.45,10.0,0.0,ground_equivalent_excess_collision_air_kerma_rate,uGy/h,,False,False,False,
1216,1216,NORMAL,NORMAL,True,522800.9204974669,5696684.290406497,,5,0.01,0.5,0.45,10.0,0.0,ground_equivalent_excess_collision_air_kerma_rate,uGy/h,,False,False,False,
1217,1217,NORMAL,NORMAL,True,522820.9204974669,5696704.290406497,,5,0.01,0.5,0.45,10.0,0.0,ground_equivalent_excess_collision_air_kerma_rate,uGy/h,,False,False,False,
1218,1218,NORMAL,NORMAL,True,522840.9204974669,5696684.290406497,,5,0.01,0.5,0.45,10.0,0.0,ground_equivalent_excess_collision_air_kerma_rate,uGy/h,,False,False,False,
1219,1219,NORMAL,NORMAL,True,522820.9204974669,5696684.290406497,,5,0.01,0.5,0.45,10.0,0.0,ground_equivalent_excess_collision_air_kerma_rate,uGy/h,,False,False,False,
1220,1220,NORMAL,NORMAL,True,522840.9204974669,5696684.290406497,,5,0.01,0.5,0.45,10.0,0.0,ground_equivalent_excess_collision_air_kerma_rate,uGy/h,,False,False,False,
1221,1221,NORMAL,NORMAL,True,522820.9204974669,5696684.290406497,,5,0.01,0.5,0.45,10.0,0.0,ground_equivalent_excess_collision_air_kerma_rate,uGy/h,,False,False,False,
1222,1222,NORMAL,NORMAL,True,522820.9204974669,5696664.290406497,,5,0.01,0.5,0.45,10.0,0.0,ground_equivalent_excess_collision_air_kerma_rate,uGy/h,,False,False,False,
1223,1223,NORMAL,NORMAL,True,522800.9204974669,5696664.290406497,,5,0.01,0.5,0.45,10.0,0.0,ground_equivalent_excess_collision_air_kerma_rate,uGy/h,,False,False,False,
1224,1224,NORMAL,NORMAL,True,522820.9204974669,5696664.290406497,,5,0.01,0.5,0.45,10.0,0.0,ground_equivalent_excess_collision_air_kerma_rate,uGy/h,,False,False,False,
1225,1225,NORMAL,NORMAL,True,522800.9204974669,5696644.290406497,,5,0.01,0.5,0.45,10.0,0.0,ground_equivalent_excess_collision_air_kerma_rate,uGy/h,,False,False,False,
1226,1226,NORMAL,NORMAL,True,522820.9204974669,5696624.290406497,,5,0.01,0.5,0.45,10.0,0.0,ground_equivalent_excess_collision_air_kerma_rate,uGy/h,,False,False,False,
1227,1227,NORMAL,NORMAL,True,522840.9204974669,5696604.290406497,,5,0.01,0.5,0.45,10.0,0.0,ground_equivalent_excess_collision_air_kerma_rate,uGy/h,,False,False,False,
1228,1228,NORMAL,NORMAL,True,522820.9204974669,5696584.290406497,,5,0.01,0.5,0.45,10.0,0.0,ground_equivalent_excess_collision_air_kerma_rate,uGy/h,,False,False,False,
1229,1229,NORMAL,NORMAL,True,522800.9204974669,5696564.290406497,,5,0.01,0.5,0.45,10.0,0.0,ground_equivalent_excess_collision_air_kerma_rate,uGy/h,,False,False,False,
1230,1230,NORMAL,NORMAL,True,522780.9204974669,5696564.290406497,,5,0.01,0.5,0.45,10.0,0.0,ground_equivalent_excess_collision_air_kerma_rate,uGy/h,,False,False,False,
1231,1231,NORMAL,NORMAL,True,522760.9204974669,5696544.290406497,,5,0.01,0.5,0.45,10.0,0.0,ground_equivalent_excess_collision_air_kerma_rate,uGy/h,,False,False,False,
1232,1232,NORMAL,NORMAL,True,522780.9204974669,5696524.290406497,,5,0.01,0.5,0.45,10.0,0.0,ground_equivalent_excess_collision_air_kerma_rate,uGy/h,,False,False,False,
1233,1233,NORMAL,NORMAL,True,522800.9204974669,5696524.290406497,,5,0.01,0.5,0.45,10.0,0.0,ground_equivalent_excess_collision_air_kerma_rate,uGy/h,,False,False,False,
1234,1234,NORMAL,NORMAL,True,522800.9204974669,5696544.290406497,,5,0.01,0.5,0.45,10.0,0.0,ground_equivalent_excess_collision_air_kerma_rate,uGy/h,,False,False,False,
1235,1235,NORMAL,NORMAL,True,522780.9204974669,5696524.290406497,,5,0.01,0.5,0.45,10.0,0.0,ground_equivalent_excess_collision_air_kerma_rate,uGy/h,,False,False,False,
1236,1236,NORMAL,NORMAL,True,522760.9204974669,5696524.290406497,,5,0.01,0.5,0.45,10.0,0.0,ground_equivalent_excess_collision_air_kerma_rate,uGy/h,,False,False,False,
1237,1237,NORMAL,NORMAL,True,522740.9204974669,5696504.290406497,,5,0.01,0.5,0.45,10.0,0.0,ground_equivalent_excess_collision_air_kerma_rate,uGy/h,,False,False,False,
1238,1238,NORMAL,NORMAL,True,522720.9204974669,5696504.290406497,,5,0.01,0.5,0.45,10.0,0.0,ground_equivalent_excess_collision_air_kerma_rate,uGy/h,,False,False,False,
1239,1239,NORMAL,NORMAL,True,522700.9204974669,5696504.290406497,,5,0.01,0.5,0.45,10.0,0.0,ground_equivalent_excess_collision_air_kerma_rate,uGy/h,,False,False,False,
1240,1240,NORMAL,NORMAL,True,522700.9204974669,5696524.290406497,,5,0.01,0.5,0.45,10.0,0.0,ground_equivalent_excess_collision_air_kerma_rate,uGy/h,,False,False,False,
1241,1241,NORMAL,NORMAL,True,522680.9204974669,5696524.290406497,,5,0.01,0.5,0.45,10.0,0.0,ground_equivalent_excess_collision_air_kerma_rate,uGy/h,,False,False,False,
1242,1242,NORMAL,NORMAL,True,522700.9204974669,5696544.290406497,,5,0.01,0.5,0.45,10.0,0.0,ground_equivalent_excess_collision_air_kerma_rate,uGy/h,,False,False,False,
1243,1243,NORMAL,NORMAL,True,522700.9204974669,5696524.290406497,,5,0.01,0.5,0.45,10.0,0.0,ground_equivalent_excess_collision_air_kerma_rate,uGy/h,,False,False,False,
1244,1244,NORMAL,NORMAL,True,522680.9204974669,5696504.290406497,,5,0.01,0.5,0.45,10.0,0.0,ground_equivalent_excess_collision_air_kerma_rate,uGy/h,,False,False,False,
1245,1245,NORMAL,NORMAL,True,522660.9204974669,5696484.290406497,,5,0.01,0.5,0.45,10.0,0.0,ground_equivalent_excess_collision_air_kerma_rate,uGy/h,,False,False,False,
1246,1246,NORMAL,NORMAL,True,522640.9204974669,5696484.290406497,,5,0.01,0.5,0.45,10.0,0.0,ground_equivalent_excess_collision_air_kerma_rate,uGy/h,,False,False,False,
1247,1247,NORMAL,NORMAL,True,522660.9204974669,5696464.290406497,,5,0.01,0.5,0.45,10.0,0.0,ground_equivalent_excess_collision_air_kerma_rate,uGy/h,,False,False,False,
1248,1248,NORMAL,NORMAL,True,522680.9204974669,5696464.290406497,,5,0.01,0.5,0.45,10.0,0.0,ground_equivalent_excess_collision_air_kerma_rate,uGy/h,,False,False,False,
1249,1249,NORMAL,NORMAL,True,522660.9204974669,5696464.290406497,,5,0.01,0.5,0.45,10.0,0.0,ground_equivalent_excess_collision_air_kerma_rate,uGy/h,,False,False,False,
1250,1250,NORMAL,NORMAL,True,522680.9204974669,5696484.290406497,,5,0.01,0.5,0.45,10.0,0.0,ground_equivalent_excess_collision_air_kerma_rate,uGy/h,,False,False,False,
1251,1251,NORMAL,NORMAL,True,522680.9204974669,5696504.290406497,,5,0.01,0.5,0.45,10.0,0.0,ground_equivalent_excess_collision_air_kerma_rate,uGy/h,,False,False,False,
1252,1252,NORMAL,NORMAL,True,522660.9204974669,5696484.290406497,,5,0.01,0.5,0.45,10.0,0.0,ground_equivalent_excess_collision_air_kerma_rate,uGy/h,,False,False,False,
1253,1253,NORMAL,NORMAL,True,522680.9204974669,5696504.290406497,,5,0.01,0.5,0.45,10.0,0.0,ground_equivalent_excess_collision_air_kerma_rate,uGy/h,,False,False,False,
1254,1254,NORMAL,NORMAL,True,522680.9204974669,5696484.290406497,,5,0.01,0.5,0.45,10.0,0.0,ground_equivalent_excess_collision_air_kerma_rate,uGy/h,,False,False,False,
1255,1255,NORMAL,NORMAL,True,522660.9204974669,5696484.290406497,,5,0.01,0.5,0.45,10.0,0.0,ground_equivalent_excess_collision_air_kerma_rate,uGy/h,,False,False,False,
1256,1256,NORMAL,NORMAL,True,522640.9204974669,5696484.290406497,,5,0.01,0.5,0.45,10.0,0.0,ground_equivalent_excess_collision_air_kerma_rate,uGy/h,,False,False,False,
1257,1257,NORMAL,NORMAL,True,522620.9204974669,5696504.290406497,,5,0.01,0.5,0.45,10.0,0.0,ground_equivalent_excess_collision_air_kerma_rate,uGy/h,,False,False,False,
1258,1258,NORMAL,NORMAL,True,522620.9204974669,5696524.290406497,,5,0.01,0.5,0.45,10.0,0.0,ground_equivalent_excess_collision_air_kerma_rate,uGy/h,,False,False,False,
1259,1259,NORMAL,NORMAL,True,522600.9204974669,5696544.290406497,,5,0.01,0.5,0.45,10.0,0.0,ground_equivalent_excess_collision_air_kerma_rate,uGy/h,,False,False,False,
1260,1260,NORMAL,NORMAL,True,522620.9204974669,5696544.290406497,,5,0.01,0.5,0.45,10.0,0.0,ground_equivalent_excess_collision_air_kerma_rate,uGy/h,,False,False,False,
1261,1261,NORMAL,NORMAL,True,522600.9204974669,5696564.290406497,,5,0.01,0.5,0.45,10.0,0.0,ground_equivalent_excess_collision_air_kerma_rate,uGy/h,,False,False,False,
1262,1262,NORMAL,NORMAL,True,522580.9204974669,5696584.290406497,,5,0.01,0.5,0.45,10.0,0.0,ground_equivalent_excess_collision_air_kerma_rate,uGy/h,,False,False,False,
1263,1263,NORMAL,NORMAL,True,522580.9204974669,5696564.290406497,,5,0.01,0.5,0.45,10.0,0.0,ground_equivalent_excess_collision_air_kerma_rate,uGy/h,,False,False,False,
1264,1264,NORMAL,NORMAL,True,522560.9204974669,5696564.290406497,,5,0.01,0.5,0.45,10.0,0.0,ground_equivalent_excess_collision_air_kerma_rate,uGy/h,,False,False,False,
1265,1265,NORMAL,NORMAL,True,522560.9204974669,5696544.290406497,,5,0.01,0.5,0.45,10.0,0.0,ground_equivalent_excess_collision_air_kerma_rate,uGy/h,,False,False,False,
1266,1266,NORMAL,NORMAL,True,522560.9204974669,5696564.290406497,,5,0.01,0.5,0.45,10.0,0.0,ground_equivalent_excess_collision_air_kerma_rate,uGy/h,,False,False,False,
1267,1267,NORMAL,NORMAL,True,522580.9204974669,5696564.290406497,,5,0.01,0.5,0.45,10.0,0.0,ground_equivalent_excess_collision_air_kerma_rate,uGy/h,,False,False,False,
1268,1268,NORMAL,NORMAL,True,522560.9204974669,5696584.290406497,,5,0.01,0.5,0.45,10.0,0.0,ground_equivalent_excess_collision_air_kerma_rate,uGy/h,,False,False,False,
1269,1269,NORMAL,NORMAL,True,522580.9204974669,5696584.290406497,,5,0.01,0.5,0.45,10.0,0.0,ground_equivalent_excess_collision_air_kerma_rate,uGy/h,,False,False,False,
1270,1270,NORMAL,NORMAL,True,522600.9204974669,5696564.290406497,,5,0.01,0.5,0.45,10.0,0.0,ground_equivalent_excess_collision_air_kerma_rate,uGy/h,,False,False,False,
1271,1271,NORMAL,NORMAL,True,522600.9204974669,5696544.290406497,,5,0.01,0.5,0.45,10.0,0.0,ground_equivalent_excess_collision_air_kerma_rate,uGy/h,,False,False,False,
1272,1272,NORMAL,NORMAL,True,522620.9204974669,5696564.290406497,,5,0.01,0.5,0.45,10.0,0.0,ground_equivalent_excess_collision_air_kerma_rate,uGy/h,,False,False,False,
1273,1273,NORMAL,NORMAL,True,522640.9204974669,5696544.290406497,,5,0.01,0.5,0.45,10.0,0.0,ground_equivalent_excess_collision_air_kerma_rate,uGy/h,,False,False,False,
1274,1274,NORMAL,NORMAL,True,522620.9204974669,5696524.290406497,,5,0.01,0.5,0.45,10.0,0.0,ground_equivalent_excess_collision_air_kerma_rate,uGy/h,,False,False,False,
1275,1275,NORMAL,NORMAL,True,522640.9204974669,5696504.290406497,,5,0.01,0.5,0.45,10.0,0.0,ground_equivalent_excess_collision_air_kerma_rate,uGy/h,,False,False,False,
1276,1276,NORMAL,NORMAL,True,522660.9204974669,5696524.290406497,,5,0.01,0.5,0.45,10.0,0.0,ground_equivalent_excess_collision_air_kerma_rate,uGy/h,,False,False,False,
1277,1277,NORMAL,NORMAL,True,522680.9204974669,5696504.290406497,,5,0.01,0.5,0.45,10.0,0.0,ground_equivalent_excess_collision_air_kerma_rate,uGy/h,,False,False,False,
1278,1278,NORMAL,NORMAL,True,522700.9204974669,5696524.290406497,,5,0.01,0.5,0.45,10.0,0.0,ground_equivalent_excess_collision_air_kerma_rate,uGy/h,,False,False,False,
1279,1279,NORMAL,NORMAL,True,522680.9204974669,5696524.290406497,,5,0.01,0.5,0.45,10.0,0.0,ground_equivalent_excess_collision_air_kerma_rate,uGy/h,,False,False,False,
1280,1280,NORMAL,NORMAL,True,522680.9204974669,5696544.290406497,,5,0.01,0.5,0.45,10.0,0.0,ground_equivalent_excess_collision_air_kerma_rate,uGy/h,,False,False,False,
1281,1281,NORMAL,NORMAL,True,522660.9204974669,5696564.290406497,,5,0.01,0.5,0.45,10.0,0.0,ground_equivalent_excess_collision_air_kerma_rate,uGy/h,,False,False,False,
1282,1282,NORMAL,NORMAL,True,522640.9204974669,5696544.290406497,,5,0.01,0.5,0.45,10.0,0.0,ground_equivalent_excess_collision_air_kerma_rate,uGy/h,,False,False,False,
1283,1283,NORMAL,NORMAL,True,522660.9204974669,5696544.290406497,,5,0.01,0.5,0.45,10.0,0.0,ground_equivalent_excess_collision_air_kerma_rate,uGy/h,,False,False,False,
1284,1284,NORMAL,NORMAL,True,522640.9204974669,5696544.290406497,,5,0.01,0.5,0.45,10.0,0.0,ground_equivalent_excess_collision_air_kerma_rate,uGy/h,,False,False,False,
1285,1285,NORMAL,NORMAL,True,522640.9204974669,5696524.290406497,,5,0.01,0.5,0.45,10.0,0.0,ground_equivalent_excess_collision_air_kerma_rate,uGy/h,,False,False,False,
1286,1286,NORMAL,NORMAL,True,522660.9204974669,5696524.290406497,,5,0.01,0.5,0.45,10.0,0.0,ground_equivalent_excess_collision_air_kerma_rate,uGy/h,,False,False,False,
1287,1287,NORMAL,NORMAL,True,522640.9204974669,5696504.290406497,,5,0.01,0.5,0.45,10.0,0.0,ground_equivalent_excess_collision_air_kerma_rate,uGy/h,,False,False,False,
1288,1288,NORMAL,NORMAL,True,522620.9204974669,5696524.290406497,,5,0.01,0.5,0.45,10.0,0.0,ground_equivalent_excess_collision_air_kerma_rate,uGy/h,,False,False,False,
1289,1289,NORMAL,NORMAL,True,522620.9204974669,5696544.290406497,,5,0.01,0.5,0.45,10.0,0.0,ground_equivalent_excess_collision_air_kerma_rate,uGy/h,,False,False,False,
1290,1290,NORMAL,NORMAL,True,522600.9204974669,5696524.290406497,,5,0.01,0.5,0.45,10.0,0.0,ground_equivalent_excess_collision_air_kerma_rate,uGy/h,,False,False,False,
1291,1291,NORMAL,NORMAL,True,522620.9204974669,5696524.290406497,,5,0.01,0.5,0.45,10.0,0.0,ground_equivalent_excess_collision_air_kerma_rate,uGy/h,,False,False,False,
1292,1292,NORMAL,NORMAL,True,522600.9204974669,5696544.290406497,,5,0.01,0.5,0.45,10.0,0.0,ground_equivalent_excess_collision_air_kerma_rate,uGy/h,,False,False,False,
1293,1293,NORMAL,NORMAL,True,522580.9204974669,5696524.290406497,,5,0.01,0.5,0.45,10.0,0.0,ground_equivalent_excess_collision_air_kerma_rate,uGy/h,,False,False,False,
1294,1294,NORMAL,NORMAL,True,522600.9204974669,5696524.290406497,,5,0.01,0.5,0.45,10.0,0.0,ground_equivalent_excess_collision_air_kerma_rate,uGy/h,,False,False,False,
1295,1295,NORMAL,NORMAL,True,522620.9204974669,5696504.290406497,,5,0.01,0.5,0.45,10.0,0.0,ground_equivalent_excess_collision_air_kerma_rate,uGy/h,,False,False,False,
1296,1296,NORMAL,NORMAL,True,522640.9204974669,5696484.290406497,,5,0.01,0.5,0.45,10.0,0.0,ground_equivalent_excess_collision_air_kerma_rate,uGy/h,,False,False,False,
1297,1297,NORMAL,NORMAL,True,522660.9204974669,5696504.290406497,,5,0.01,0.5,0.45,10.0,0.0,ground_equivalent_excess_collision_air_kerma_rate,uGy/h,,False,False,False,
1298,1298,NORMAL,NORMAL,True,522640.9204974669,5696504.290406497,,5,0.01,0.5,0.45,10.0,0.0,ground_equivalent_excess_collision_air_kerma_rate,uGy/h,,False,False,False,
1299,1299,NORMAL,NORMAL,True,522640.9204974669,5696524.290406497,,5,0.01,0.5,0.45,10.0,0.0,ground_equivalent_excess_collision_air_kerma_rate,uGy/h,,False,False,False,
1300,1300,NORMAL,NORMAL,True,522660.9204974669,5696524.290406497,,5,0.01,0.5,0.45,10.0,0.0,ground_equivalent_excess_collision_air_kerma_rate,uGy/h,,False,False,False,
1301,1301,NORMAL,NORMAL,True,522680.9204974669,5696544.290406497,,5,0.01,0.5,0.45,10.0,0.0,ground_equivalent_excess_collision_air_kerma_rate,uGy/h,,False,False,False,
1302,1302,NORMAL,NORMAL,True,522700.9204974669,5696564.290406497,,5,0.01,0.5,0.45,10.0,0.0,ground_equivalent_excess_collision_air_kerma_rate,uGy/h,,False,False,False,
1303,1303,NORMAL,NORMAL,True,522720.9204974669,5696564.290406497,,5,0.01,0.5,0.45,10.0,0.0,ground_equivalent_excess_collision_air_kerma_rate,uGy/h,,False,False,False,
1304,1304,NORMAL,NORMAL,True,522740.9204974669,5696544.290406497,,5,0.01,0.5,0.45,10.0,0.0,ground_equivalent_excess_collision_air_kerma_rate,uGy/h,,False,False,False,
1305,1305,NORMAL,NORMAL,True,522720.9204974669,5696544.290406497,,5,0.01,0.5,0.45,10.0,0.0,ground_equivalent_excess_collision_air_kerma_rate,uGy/h,,False,False,False,
1306,1306,NORMAL,NORMAL,True,522720.9204974669,5696564.290406497,,5,0.01,0.5,0.45,10.0,0.0,ground_equivalent_excess_collision_air_kerma_rate,uGy/h,,False,False,False,
1307,1307,NORMAL,NORMAL,True,522700.9204974669,5696564.290406497,,5,0.01,0.5,0.45,10.0,0.0,ground_equivalent_excess_collision_air_kerma_rate,uGy/h,,False,False,False,
1308,1308,NORMAL,NORMAL,True,522720.9204974669,5696564.290406497,,5,0.01,0.5,0.45,10.0,0.0,ground_equivalent_excess_collision_air_kerma_rate,uGy/h,,False,False,False,
1309,1309,NORMAL,NORMAL,True,522720.9204974669,5696544.290406497,,5,0.01,0.5,0.45,10.0,0.0,ground_equivalent_excess_collision_air_kerma_rate,uGy/h,,False,False,False,
1310,1310,NORMAL,NORMAL,True,522740.9204974669,5696564.290406497,,5,0.01,0.5,0.45,10.0,0.0,ground_equivalent_excess_collision_air_kerma_rate,uGy/h,,False,False,False,
1311,1311,NORMAL,NORMAL,True,522720.9204974669,5696584.290406497,,5,0.01,0.5,0.45,10.0,0.0,ground_equivalent_excess_collision_air_kerma_rate,uGy/h,,False,False,False,
1312,1312,NORMAL,NORMAL,True,522740.9204974669,5696564.290406497,,5,0.01,0.5,0.45,10.0,0.0,ground_equivalent_excess_collision_air_kerma_rate,uGy/h,,False,False,False,
1313,1313,NORMAL,NORMAL,True,522760.9204974669,5696564.290406497,,5,0.01,0.5,0.45,10.0,0.0,ground_equivalent_excess_collision_air_kerma_rate,uGy/h,,False,False,False,
1314,1314,NORMAL,NORMAL,True,522740.9204974669,5696564.290406497,,5,0.01,0.5,0.45,10.0,0.0,ground_equivalent_excess_collision_air_kerma_rate,uGy/h,,False,False,False,
1315,1315,NORMAL,NORMAL,True,522740.9204974669,5696544.290406497,,5,0.01,0.5,0.45,10.0,0.0,ground_equivalent_excess_collision_air_kerma_rate,uGy/h,,False,False,False,
1316,1316,NORMAL,NORMAL,True,522740.9204974669,5696564.290406497,,5,0.01,0.5,0.45,10.0,0.0,ground_equivalent_excess_collision_air_kerma_rate,uGy/h,,False,False,False,
1317,1317,NORMAL,NORMAL,True,522760.9204974669,5696584.290406497,,5,0.01,0.5,0.45,10.0,0.0,ground_equivalent_excess_collision_air_kerma_rate,uGy/h,,False,False,False,
1318,1318,NORMAL,NORMAL,True,522760.9204974669,5696604.290406497,,5,0.01,0.5,0.45,10.0,0.0,ground_equivalent_excess_collision_air_kerma_rate,uGy/h,,False,False,False,
1319,1319,NORMAL,NORMAL,True,522780.9204974669,5696584.290406497,,5,0.01,0.5,0.45,10.0,0.0,ground_equivalent_excess_collision_air_kerma_rate,uGy/h,,False,False,False,
1320,1320,NORMAL,NORMAL,True,522800.9204974669,5696564.290406497,,5,0.01,0.5,0.45,10.0,0.0,ground_equivalent_excess_collision_air_kerma_rate,uGy/h,,False,False,False,
1321,1321,NORMAL,NORMAL,True,522780.9204974669,5696544.290406497,,5,0.01,0.5,0.45,10.0,0.0,ground_equivalent_excess_collision_air_kerma_rate,uGy/h,,False,False,False,
1322,1322,NORMAL,NORMAL,True,522760.9204974669,5696564.290406497,,5,0.01,0.5,0.45,10.0,0.0,ground_equivalent_excess_collision_air_kerma_rate,uGy/h,,False,False,False,
1323,1323,NORMAL,NORMAL,True,522780.9204974669,5696544.290406497,,5,0.01,0.5,0.45,10.0,0.0,ground_equivalent_excess_collision_air_kerma_rate,uGy/h,,False,False,False,
1324,1324,NORMAL,NORMAL,True,522800.9204974669,5696564.290406497,,5,0.01,0.5,0.45,10.0,0.0,ground_equivalent_excess_collision_air_kerma_rate,uGy/h,,False,False,False,
1325,1325,NORMAL,NORMAL,True,522800.9204974669,5696584.290406497,,5,0.01,0.5,0.45,10.0,0.0,ground_equivalent_excess_collision_air_kerma_rate,uGy/h,,False,False,False,
1326,1326,NORMAL,NORMAL,True,522800.9204974669,5696564.290406497,,5,0.01,0.5,0.45,10.0,0.0,ground_equivalent_excess_collision_air_kerma_rate,uGy/h,,False,False,False,
1327,1327,NORMAL,NORMAL,True,522820.9204974669,5696584.290406497,,5,0.01,0.5,0.45,10.0,0.0,ground_equivalent_excess_collision_air_kerma_rate,uGy/h,,False,False,False,
1328,1328,NORMAL,NORMAL,True,522820.9204974669,5696564.290406497,,5,0.01,0.5,0.45,10.0,0.0,ground_equivalent_excess_collision_air_kerma_rate,uGy/h,,False,False,False,
1329,1329,NORMAL,NORMAL,True,522800.9204974669,5696564.290406497,,5,0.01,0.5,0.45,10.0,0.0,ground_equivalent_excess_collision_air_kerma_rate,uGy/h,,False,False,False,
1330,1330,NORMAL,NORMAL,True,522780.9204974669,5696564.290406497,,5,0.01,0.5,0.45,10.0,0.0,ground_equivalent_excess_collision_air_kerma_rate,uGy/h,,False,False,False,
1331,1331,NORMAL,NORMAL,True,522800.9204974669,5696584.290406497,,5,0.01,0.5,0.45,10.0,0.0,ground_equivalent_excess_collision_air_kerma_rate,uGy/h,,False,False,False,
1332,1332,NORMAL,NORMAL,True,522780.9204974669,5696604.290406497,,5,0.01,0.5,0.45,10.0,0.0,ground_equivalent_excess_collision_air_kerma_rate,uGy/h,,False,False,False,
1333,1333,NORMAL,NORMAL,True,522800.9204974669,5696624.290406497,,5,0.01,0.5,0.45,10.0,0.0,ground_equivalent_excess_collision_air_kerma_rate,uGy/h,,False,False,False,
1334,1334,NORMAL,NORMAL,True,522820.9204974669,5696624.290406497,,5,0.01,0.5,0.45,10.0,0.0,ground_equivalent_excess_collision_air_kerma_rate,uGy/h,,False,False,False,
1335,1335,NORMAL,NORMAL,True,522820.9204974669,5696644.290406497,,5,0.01,0.5,0.45,10.0,0.0,ground_equivalent_excess_collision_air_kerma_rate,uGy/h,,False,False,False,
1336,1336,NORMAL,NORMAL,True,522820.9204974669,5696664.290406497,,5,0.01,0.5,0.45,10.0,0.0,ground_equivalent_excess_collision_air_kerma_rate,uGy/h,,False,False,False,
1337,1337,NORMAL,NORMAL,True,522820.9204974669,5696684.290406497,,5,0.01,0.5,0.45,10.0,0.0,ground_equivalent_excess_collision_air_kerma_rate,uGy/h,,False,False,False,
1338,1338,NORMAL,NORMAL,True,522800.9204974669,5696684.290406497,,5,0.01,0.5,0.45,10.0,0.0,ground_equivalent_excess_collision_air_kerma_rate,uGy/h,,False,False,False,
1339,1339,NORMAL,NORMAL,True,522780.9204974669,5696684.290406497,,5,0.01,0.5,0.45,10.0,0.0,ground_equivalent_excess_collision_air_kerma_rate,uGy/h,,False,False,False,
1340,1340,NORMAL,NORMAL,True,522800.9204974669,5696704.290406497,,5,0.01,0.5,0.45,10.0,0.0,ground_equivalent_excess_collision_air_kerma_rate,uGy/h,,False,False,False,
1341,1341,NORMAL,NORMAL,True,522800.9204974669,5696724.290406497,,5,0.01,0.5,0.45,10.0,0.0,ground_equivalent_excess_collision_air_kerma_rate,uGy/h,,False,False,False,
1342,1342,NORMAL,NORMAL,True,522820.9204974669,5696744.290406497,,5,0.01,0.5,0.45,10.0,0.0,ground_equivalent_excess_collision_air_kerma_rate,uGy/h,,False,False,False,
1343,1343,NORMAL,NORMAL,True,522840.9204974669,5696744.290406497,,5,0.01,0.5,0.45,10.0,0.0,ground_equivalent_excess_collision_air_kerma_rate,uGy/h,,False,False,False,
1344,1344,NORMAL,NORMAL,True,522860.9204974669,5696764.290406497,,5,0.01,0.5,0.45,10.0,0.002383775071833411,ground_equivalent_excess_collision_air_kerma_rate,uGy/h,,False,False,False,
1345,1345,NORMAL,NORMAL,True,522840.9204974669,5696784.290406497,,5,0.01,0.5,0.45,10.0,0.0,ground_equivalent_excess_collision_air_kerma_rate,uGy/h,,False,False,False,
1346,1346,NORMAL,NORMAL,True,522820.9204974669,5696804.290406497,,5,0.01,0.5,0.45,10.0,0.0,ground_equivalent_excess_collision_air_kerma_rate,uGy/h,,False,False,False,
1347,1347,NORMAL,NORMAL,True,522820.9204974669,5696784.290406497,,5,0.01,0.5,0.45,10.0,0.0,ground_equivalent_excess_collision_air_kerma_rate,uGy/h,,False,False,False,
1348,1348,NORMAL,NORMAL,True,522840.9204974669,5696784.290406497,,5,0.01,0.5,0.45,10.0,0.0,ground_equivalent_excess_collision_air_kerma_rate,uGy/h,,False,False,False,
1349,1349,NORMAL,NORMAL,True,522820.9204974669,5696804.290406497,,5,0.01,0.5,0.45,10.0,0.0,ground_equivalent_excess_collision_air_kerma_rate,uGy/h,,False,False,False,
1350,1350,NORMAL,NORMAL,True,522820.9204974669,5696824.290406497,,5,0.01,0.5,0.45,10.0,0.0,ground_equivalent_excess_collision_air_kerma_rate,uGy/h,,False,False,False,
1351,1351,NORMAL,NORMAL,True,522840.9204974669,5696844.290406497,,5,0.01,0.5,0.45,10.0,0.0,ground_equivalent_excess_collision_air_kerma_rate,uGy/h,,False,False,False,
1352,1352,NORMAL,NORMAL,True,522820.9204974669,5696864.290406497,,5,0.01,0.5,0.45,10.0,0.0,ground_equivalent_excess_collision_air_kerma_rate,uGy/h,,False,False,False,
1353,1353,NORMAL,NORMAL,True,522800.9204974669,5696884.290406497,,5,0.01,0.5,0.45,10.0,0.0,ground_equivalent_excess_collision_air_kerma_rate,uGy/h,,False,False,False,
1354,1354,NORMAL,NORMAL,True,522800.9204974669,5696904.290406497,,5,0.01,0.5,0.45,10.0,0.0,ground_equivalent_excess_collision_air_kerma_rate,uGy/h,,False,False,False,
1355,1355,NORMAL,NORMAL,True,522780.9204974669,5696924.290406497,,5,0.01,0.5,0.45,10.0,0.0,ground_equivalent_excess_collision_air_kerma_rate,uGy/h,,False,False,False,
1356,1356,NORMAL,NORMAL,True,522780.9204974669,5696944.290406497,,5,0.01,0.5,0.45,10.0,0.0,ground_equivalent_excess_collision_air_kerma_rate,uGy/h,,False,False,False,
1357,1357,NORMAL,NORMAL,True,522800.9204974669,5696964.290406497,,5,0.01,0.5,0.45,10.0,0.0,ground_equivalent_excess_collision_air_kerma_rate,uGy/h,,False,False,False,
1358,1358,NORMAL,NORMAL,True,522800.9204974669,5696984.290406497,,5,0.01,0.5,0.45,10.0,0.0,ground_equivalent_excess_collision_air_kerma_rate,uGy/h,,False,False,False,
1359,1359,NORMAL,NORMAL,True,522820.9204974669,5696964.290406497,,5,0.01,0.5,0.45,10.0,0.0,ground_equivalent_excess_collision_air_kerma_rate,uGy/h,,False,False,False,
1360,1360,NORMAL,NORMAL,True,522840.9204974669,5696944.290406497,,5,0.01,0.5,0.45,10.0,0.0,ground_equivalent_excess_collision_air_kerma_rate,uGy/h,,False,False,False,
1361,1361,NORMAL,NORMAL,True,522840.9204974669,5696924.290406497,,5,0.01,0.5,0.45,10.0,0.0,ground_equivalent_excess_collision_air_kerma_rate,uGy/h,,False,False,False,
1362,1362,NORMAL,NORMAL,True,522860.9204974669,5696944.290406497,,5,0.01,0.5,0.45,10.0,0.0012460177432847088,ground_equivalent_excess_collision_air_kerma_rate,uGy/h,,False,False,False,
1363,1363,NORMAL,NORMAL,True,522880.9204974669,5696964.290406497,,5,0.01,0.5,0.45,10.0,0.0013834581512617065,ground_equivalent_excess_collision_air_kerma_rate,uGy/h,,False,False,False,
1364,1364,NORMAL,NORMAL,True,522860.9204974669,5696984.290406497,,5,0.01,0.5,0.45,10.0,0.0008835185042998644,ground_equivalent_excess_collision_air_kerma_rate,uGy/h,,False,False,False,
1365,1365,NORMAL,NORMAL,True,522840.9204974669,5696984.290406497,,5,0.01,0.5,0.45,10.0,0.0,ground_equivalent_excess_collision_air_kerma_rate,uGy/h,,False,False,False,
1366,1366,NORMAL,NORMAL,True,522860.9204974669,5696964.290406497,,5,0.01,0.5,0.45,10.0,0.0010552899300538452,ground_equivalent_excess_collision_air_kerma_rate,uGy/h,,False,False,False,
1367,1367,NORMAL,NORMAL,True,522880.9204974669,5696984.290406497,,5,0.01,0.5,0.45,10.0,0.0011419420502266583,ground_equivalent_excess_collision_air_kerma_rate,uGy/h,,False,False,False,
1368,1368,NORMAL,NORMAL,True,522900.9204974669,5696984.290406497,,5,0.01,0.5,0.45,10.0,0.0014735025058918738,ground_equivalent_excess_collision_air_kerma_rate,uGy/h,,False,False,False,
1369,1369,NORMAL,NORMAL,True,522920.9204974669,5697004.290406496,,5,0.01,0.5,0.45,10.0,0.0015019791080067167,ground_equivalent_excess_collision_air_kerma_rate,uGy/h,,False,False,False,
1370,1370,NORMAL,NORMAL,True,522940.9204974669,5697024.290406496,,5,0.01,0.5,0.45,10.0,0.0014649056056367752,ground_equivalent_excess_collision_air_kerma_rate,uGy/h,,False,False,False,
1371,1371,NORMAL,NORMAL,True,522960.9204974669,5697024.290406496,,5,0.01,0.5,0.45,10.0,0.001795246132690861,ground_equivalent_excess_collision_air_kerma_rate,uGy/h,,False,False,False,
1372,1372,NORMAL,NORMAL,True,522980.9204974669,5697024.290406496,,5,0.01,0.5,0.45,10.0,0.0021747417552008437,ground_equivalent_excess_collision_air_kerma_rate,uGy/h,,False,False,False,
1373,1373,NORMAL,NORMAL,True,523000.920497467,5697024.290406496,,5,0.01,0.5,0.45,10.0,0.0025975577897090667,ground_equivalent_excess_collision_air_kerma_rate,uGy/h,,False,False,False,
1374,1374,NORMAL,NORMAL,True,523020.920497467,5697004.290406496,,5,0.01,0.5,0.45,10.0,0.004214752055402127,ground_equivalent_excess_collision_air_kerma_rate,uGy/h,,False,False,False,
1375,1375,NORMAL,NORMAL,True,523040.920497467,5697004.290406496,,5,0.01,0.5,0.45,10.0,0.004930022745164307,ground_equivalent_excess_collision_air_kerma_rate,uGy/h,,False,False,False,
1376,1376,NORMAL,NORMAL,True,523060.920497467,5697024.290406496,,5,0.01,0.5,0.45,10.0,0.0039662214958603795,ground_equivalent_excess_collision_air_kerma_rate,uGy/h,,False,False,False,
1377,1377,NORMAL,NORMAL,True,523080.920497467,5697004.290406496,,5,0.01,0.5,0.45,10.0,0.006271777767406408,ground_equivalent_excess_collision_air_kerma_rate,uGy/h,,False,False,False,
1378,1378,NORMAL,NORMAL,True,523060.920497467,5696984.290406497,,5,0.01,0.5,0.45,10.0,0.008130783232106503,ground_equivalent_excess_collision_air_kerma_rate,uGy/h,,False,False,False,
1379,1379,NORMAL,NORMAL,True,523040.920497467,5696964.290406497,,5,0.01,0.5,0.45,10.0,0.010137322092039344,ground_equivalent_excess_collision_air_kerma_rate,uGy/h,,False,False,False,
1380,1380,NORMAL,NORMAL,True,523020.920497467,5696944.290406497,,5,0.01,0.5,0.45,10.0,0.011909072440812017,ground_equivalent_excess_collision_air_kerma_rate,uGy/h,,False,False,False,
1381,1381,NORMAL,NORMAL,True,523000.920497467,5696924.290406497,,5,0.01,0.5,0.45,10.0,0.012820050755995079,ground_equivalent_excess_collision_air_kerma_rate,uGy/h,,False,False,False,
1382,1382,NORMAL,NORMAL,True,522980.9204974669,5696944.290406497,,5,0.01,0.5,0.45,10.0,0.006992884933205627,ground_equivalent_excess_collision_air_kerma_rate,uGy/h,,False,False,False,
1383,1383,NORMAL,NORMAL,True,523000.920497467,5696964.290406497,,5,0.01,0.5,0.45,10.0,0.006641985731704519,ground_equivalent_excess_collision_air_kerma_rate,uGy/h,,False,False,False,
1384,1384,NORMAL,NORMAL,True,523020.920497467,5696944.290406497,,5,0.01,0.5,0.45,10.0,0.011909072440812017,ground_equivalent_excess_collision_air_kerma_rate,uGy/h,,False,False,False,
1385,1385,NORMAL,NORMAL,True,523040.920497467,5696964.290406497,,5,0.01,0.5,0.45,10.0,0.010137322092039344,ground_equivalent_excess_collision_air_kerma_rate,uGy/h,,False,False,False,
1386,1386,NORMAL,NORMAL,True,523060.920497467,5696984.290406497,,5,0.01,0.5,0.45,10.0,0.008130783232106503,ground_equivalent_excess_collision_air_kerma_rate,uGy/h,,False,False,False,
1387,1387,NORMAL,NORMAL,True,523060.920497467,5696964.290406497,,5,0.01,0.5,0.45,10.0,0.011991537845219787,ground_equivalent_excess_collision_air_kerma_rate,uGy/h,,False,False,False,
1388,1388,NORMAL,NORMAL,True,523040.920497467,5696964.290406497,,5,0.01,0.5,0.45,10.0,0.010137322092039344,ground_equivalent_excess_collision_air_kerma_rate,uGy/h,,False,False,False,
1389,1389,NORMAL,NORMAL,True,523060.920497467,5696984.290406497,,5,0.01,0.5,0.45,10.0,0.008130783232106503,ground_equivalent_excess_collision_air_kerma_rate,uGy/h,,False,False,False,
1390,1390,NORMAL,NORMAL,True,523060.920497467,5696964.290406497,,5,0.01,0.5,0.45,10.0,0.011991537845219787,ground_equivalent_excess_collision_air_kerma_rate,uGy/h,,False,False,False,
1391,1391,NORMAL,NORMAL,True,523060.920497467,5696984.290406497,,5,0.01,0.5,0.45,10.0,0.008130783232106503,ground_equivalent_excess_collision_air_kerma_rate,uGy/h,,False,False,False,
1392,1392,NORMAL,NORMAL,True,523040.920497467,5696964.290406497,,5,0.01,0.5,0.45,10.0,0.010137322092039344,ground_equivalent_excess_collision_air_kerma_rate,uGy/h,,False,False,False,
1393,1393,NORMAL,NORMAL,True,523040.920497467,5696944.290406497,,5,0.01,0.5,0.45,10.0,0.014999304503567103,ground_equivalent_excess_collision_air_kerma_rate,uGy/h,,False,False,False,
1394,1394,NORMAL,NORMAL,True,523040.920497467,5696964.290406497,,5,0.01,0.5,0.45,10.0,0.010137322092039344,ground_equivalent_excess_collision_air_kerma_rate,uGy/h,,False,False,False,
1395,1395,NORMAL,NORMAL,True,523060.920497467,5696964.290406497,,5,0.01,0.5,0.45,10.0,0.011991537845219787,ground_equivalent_excess_collision_air_kerma_rate,uGy/h,,False,False,False,
1396,1396,NORMAL,NORMAL,True,523080.920497467,5696964.290406497,,5,0.01,0.5,0.45,10.0,0.013702148571474478,ground_equivalent_excess_collision_air_kerma_rate,uGy/h,,False,False,False,
1397,1397,NORMAL,NORMAL,True,523080.920497467,5696984.290406497,,5,0.01,0.5,0.45,10.0,0.009160641291703141,ground_equivalent_excess_collision_air_kerma_rate,uGy/h,,False,False,False,
1398,1398,NORMAL,NORMAL,True,523100.920497467,5696964.290406497,,5,0.01,0.5,0.45,10.0,0.015113618478675095,ground_equivalent_excess_collision_air_kerma_rate,uGy/h,,False,False,False,
1399,1399,NORMAL,NORMAL,True,523120.920497467,5696964.290406497,,5,0.01,0.5,0.45,10.0,0.016117762436214975,ground_equivalent_excess_collision_air_kerma_rate,uGy/h,,False,False,False,
1400,1400,NORMAL,NORMAL,True,523140.920497467,5696964.290406497,,5,0.01,0.5,0.45,10.0,0.016656800251987444,ground_equivalent_excess_collision_air_kerma_rate,uGy/h,,False,False,False,
1401,1401,NORMAL,NORMAL,True,523120.920497467,5696984.290406497,,5,0.01,0.5,0.45,10.0,0.010628313616709103,ground_equivalent_excess_collision_air_kerma_rate,uGy/h,,False,False,False,
1402,1402,NORMAL,NORMAL,True,523140.920497467,5696964.290406497,,5,0.01,0.5,0.45,10.0,0.016656800251987444,ground_equivalent_excess_collision_air_kerma_rate,uGy/h,,False,False,False,
1403,1403,NORMAL,NORMAL,True,523120.920497467,5696984.290406497,,5,0.01,0.5,0.45,10.0,0.010628313616709103,ground_equivalent_excess_collision_air_kerma_rate,uGy/h,,False,False,False,
1404,1404,NORMAL,NORMAL,True,523100.920497467,5696984.290406497,,5,0.01,0.5,0.45,10.0,0.010014690041753153,ground_equivalent_excess_collision_air_kerma_rate,uGy/h,,False,False,False,
1405,1405,NORMAL,NORMAL,True,523120.920497467,5696984.290406497,,5,0.01,0.5,0.45,10.0,0.010628313616709103,ground_equivalent_excess_collision_air_kerma_rate,uGy/h,,False,False,False,
1406,1406,NORMAL,NORMAL,True,523120.920497467,5697004.290406496,,5,0.01,0.5,0.45,10.0,0.007184573772184184,ground_equivalent_excess_collision_air_kerma_rate,uGy/h,,False,False,False,
1407,1407,NORMAL,NORMAL,True,523100.920497467,5697004.290406496,,5,0.01,0.5,0.45,10.0,0.00680218387297403,ground_equivalent_excess_collision_air_kerma_rate,uGy/h,,False,False,False,
1408,1408,NORMAL,NORMAL,True,523080.920497467,5697024.290406496,,5,0.01,0.5,0.45,10.0,0.004373604096926093,ground_equivalent_excess_collision_air_kerma_rate,uGy/h,,False,False,False,
1409,1409,NORMAL,NORMAL,True,523100.920497467,5697044.290406496,,5,0.01,0.5,0.45,10.0,0.0033131783523281484,ground_equivalent_excess_collision_air_kerma_rate,uGy/h,,False,False,False,
1410,1410,NORMAL,NORMAL,True,523100.920497467,5697064.290406496,,5,0.01,0.5,0.45,10.0,0.0,ground_equivalent_excess_collision_air_kerma_rate,uGy/h,,False,False,False,
1411,1411,NORMAL,NORMAL,True,523120.920497467,5697084.290406496,,5,0.01,0.5,0.45,10.0,0.0,ground_equivalent_excess_collision_air_kerma_rate,uGy/h,,False,False,False,
1412,1412,NORMAL,NORMAL,True,523120.920497467,5697104.290406496,,5,0.01,0.5,0.45,10.0,0.0,ground_equivalent_excess_collision_air_kerma_rate,uGy/h,,False,False,False,
1413,1413,NORMAL,NORMAL,True,523140.920497467,5697104.290406496,,5,0.01,0.5,0.45,10.0,0.0,ground_equivalent_excess_collision_air_kerma_rate,uGy/h,,False,False,False,
1414,1414,NORMAL,NORMAL,True,523160.920497467,5697084.290406496,,5,0.01,0.5,0.45,10.0,0.0,ground_equivalent_excess_collision_air_kerma_rate,uGy/h,,False,False,False,
1415,1415,NORMAL,NORMAL,True,523180.920497467,5697104.290406496,,5,0.01,0.5,0.45,10.0,0.0,ground_equivalent_excess_collision_air_kerma_rate,uGy/h,,False,False,False,
1416,1416,NORMAL,NORMAL,True,523160.920497467,5697124.290406496,,5,0.01,0.5,0.45,10.0,0.0,ground_equivalent_excess_collision_air_kerma_rate,uGy/h,,False,False,False,
1417,1417,NORMAL,NORMAL,True,523160.920497467,5697104.290406496,,5,0.01,0.5,0.45,10.0,0.0,ground_equivalent_excess_collision_air_kerma_rate,uGy/h,,False,False,False,
1418,1418,NORMAL,NORMAL,True,523180.920497467,5697084.290406496,,5,0.01,0.5,0.45,10.0,0.0,ground_equivalent_excess_collision_air_kerma_rate,uGy/h,,False,False,False,
1419,1419,NORMAL,NORMAL,True,523200.920497467,5697064.290406496,,5,0.01,0.5,0.45,10.0,0.0,ground_equivalent_excess_collision_air_kerma_rate,uGy/h,,False,False,False,
1420,1420,NORMAL,NORMAL,True,523200.920497467,5697084.290406496,,5,0.01,0.5,0.45,10.0,0.0,ground_equivalent_excess_collision_air_kerma_rate,uGy/h,,False,False,False,
1421,1421,NORMAL,NORMAL,True,523180.920497467,5697064.290406496,,5,0.01,0.5,0.45,10.0,0.0,ground_equivalent_excess_collision_air_kerma_rate,uGy/h,,False,False,False,
1422,1422,NORMAL,NORMAL,True,523160.920497467,5697084.290406496,,5,0.01,0.5,0.45,10.0,0.0,ground_equivalent_excess_collision_air_kerma_rate,uGy/h,,False,False,False,
1423,1423,NORMAL,NORMAL,True,523180.920497467,5697084.290406496,,5,0.01,0.5,0.45,10.0,0.0,ground_equivalent_excess_collision_air_kerma_rate,uGy/h,,False,False,False,
1424,1424,NORMAL,NORMAL,True,523160.920497467,5697064.290406496,,5,0.01,0.5,0.45,10.0,0.0,ground_equivalent_excess_collision_air_kerma_rate,uGy/h,,False,False,False,
1425,1425,NORMAL,NORMAL,True,523180.920497467,5697064.290406496,,5,0.01,0.5,0.45,10.0,0.0,ground_equivalent_excess_collision_air_kerma_rate,uGy/h,,False,False,False,
1426,1426,NORMAL,NORMAL,True,523180.920497467,5697084.290406496,,5,0.01,0.5,0.45,10.0,0.0,ground_equivalent_excess_collision_air_kerma_rate,uGy/h,,False,False,False,
1427,1427,NORMAL,NORMAL,True,523160.920497467,5697104.290406496,,5,0.01,0.5,0.45,10.0,0.0,ground_equivalent_excess_collision_air_kerma_rate,uGy/h,,False,False,False,
1428,1428,NORMAL,NORMAL,True,523180.920497467,5697104.290406496,,5,0.01,0.5,0.45,10.0,0.0,ground_equivalent_excess_collision_air_kerma_rate,uGy/h,,False,False,False,
1429,1429,NORMAL,NORMAL,True,523200.920497467,5697084.290406496,,5,0.01,0.5,0.45,10.0,0.0,ground_equivalent_excess_collision_air_kerma_rate,uGy/h,,False,False,False,
1430,1430,NORMAL,NORMAL,True,523200.920497467,5697064.290406496,,5,0.01,0.5,0.45,10.0,0.0,ground_equivalent_excess_collision_air_kerma_rate,uGy/h,,False,False,False,
1431,1431,NORMAL,NORMAL,True,523180.920497467,5697044.290406496,,5,0.01,0.5,0.45,10.0,0.0034938468902125292,ground_equivalent_excess_collision_air_kerma_rate,uGy/h,,False,False,False,
1432,1432,NORMAL,NORMAL,True,523200.920497467,5697024.290406496,,5,0.01,0.5,0.45,10.0,0.004769228850599027,ground_equivalent_excess_collision_air_kerma_rate,uGy/h,,False,False,False,
1433,1433,NORMAL,NORMAL,True,523180.920497467,5697044.290406496,,5,0.01,0.5,0.45,10.0,0.0034938468902125292,ground_equivalent_excess_collision_air_kerma_rate,uGy/h,,False,False,False,
1434,1434,NORMAL,NORMAL,True,523160.920497467,5697024.290406496,,5,0.01,0.5,0.45,10.0,0.005097846258670061,ground_equivalent_excess_collision_air_kerma_rate,uGy/h,,False,False,False,
1435,1435,NORMAL,NORMAL,True,523180.920497467,5697044.290406496,,5,0.01,0.5,0.45,10.0,0.0034938468902125292,ground_equivalent_excess_collision_air_kerma_rate,uGy/h,,False,False,False,
1436,1436,NORMAL,NORMAL,True,523200.920497467,5697044.290406496,,5,0.01,0.5,0.45,10.0,0.0033512227622825358,ground_equivalent_excess_collision_air_kerma_rate,uGy/h,,False,False,False,
1437,1437,NORMAL,NORMAL,True,523220.920497467,5697024.290406496,,5,0.01,0.5,0.45,10.0,0.004450305514098394,ground_equivalent_excess_collision_air_kerma_rate,uGy/h,,False,False,False,
1438,1438,NORMAL,NORMAL,True,523240.920497467,5697044.290406496,,5,0.01,0.5,0.45,10.0,0.0028887058788210837,ground_equivalent_excess_collision_air_kerma_rate,uGy/h,,False,False,False,
1439,1439,NORMAL,NORMAL,True,523260.920497467,5697064.290406496,,5,0.01,0.5,0.45,10.0,0.0,ground_equivalent_excess_collision_air_kerma_rate,uGy/h,,False,False,False,
1440,1440,NORMAL,NORMAL,True,523280.920497467,5697084.290406496,,5,0.01,0.5,0.45,10.0,0.0,ground_equivalent_excess_collision_air_kerma_rate,uGy/h,,False,False,False,
1441,1441,NORMAL,NORMAL,True,523300.920497467,5697084.290406496,,5,0.01,0.5,0.45,10.0,0.0,ground_equivalent_excess_collision_air_kerma_rate,uGy/h,,False,False,False,
1442,1442,NORMAL,NORMAL,True,523320.920497467,5697064.290406496,,5,0.01,0.5,0.45,10.0,0.0,ground_equivalent_excess_collision_air_kerma_rate,uGy/h,,False,False,False,
1443,1443,NORMAL,NORMAL,True,523340.920497467,5697044.290406496,,5,0.01,0.5,0.45,10.0,0.0014224416564501269,ground_equivalent_excess_collision_air_kerma_rate,uGy/h,,False,False,False,
1444,1444,NORMAL,NORMAL,True,523360.920497467,5697024.290406496,,5,0.01,0.5,0.45,10.0,0.0015294601619436317,ground_equivalent_excess_collision_air_kerma_rate,uGy/h,,False,False,False,
1445,1445,NORMAL,NORMAL,True,523360.920497467,5697004.290406496,,5,0.01,0.5,0.45,10.0,0.001978670946153977,ground_equivalent_excess_collision_air_kerma_rate,uGy/h,,False,False,False,
1446,1446,NORMAL,NORMAL,True,523360.920497467,5696984.290406497,,5,0.01,0.5,0.45,10.0,0.002553740579467563,ground_equivalent_excess_collision_air_kerma_rate,uGy/h,,False,False,False,
1447,1447,NORMAL,NORMAL,True,523360.920497467,5696964.290406497,,5,0.01,0.5,0.45,10.0,0.003281868137440429,ground_equivalent_excess_collision_air_kerma_rate,uGy/h,,False,False,False,
1448,1448,NORMAL,NORMAL,True,523380.920497467,5696944.290406497,,5,0.01,0.5,0.45,10.0,0.0031341818522698213,ground_equivalent_excess_collision_air_kerma_rate,uGy/h,,False,False,False,
1449,1449,NORMAL,NORMAL,True,523380.920497467,5696924.290406497,,5,0.01,0.5,0.45,10.0,0.00385943988008638,ground_equivalent_excess_collision_air_kerma_rate,uGy/h,,False,False,False,
1450,1450,NORMAL,NORMAL,True,523400.920497467,5696944.290406497,,5,0.01,0.5,0.45,10.0,0.0023462338927268444,ground_equivalent_excess_collision_air_kerma_rate,uGy/h,,False,False,False,
1451,1451,NORMAL,NORMAL,True,523420.920497467,5696924.290406497,,5,0.01,0.5,0.45,10.0,0.0020853180158766655,ground_equivalent_excess_collision_air_kerma_rate,uGy/h,,False,False,False,
1452,1452,NORMAL,NORMAL,True,523440.920497467,5696924.290406497,,5,0.01,0.5,0.45,10.0,0.001543996645461308,ground_equivalent_excess_collision_air_kerma_rate,uGy/h,,False,False,False,
1453,1453,NORMAL,NORMAL,True,523460.920497467,5696944.290406497,,5,0.01,0.5,0.45,10.0,0.0,ground_equivalent_excess_collision_air_kerma_rate,uGy/h,,False,False,False,
1454,1454,NORMAL,NORMAL,True,523480.920497467,5696964.290406497,,5,0.01,0.5,0.45,10.0,0.0,ground_equivalent_excess_collision_air_kerma_rate,uGy/h,,False,False,False,
1455,1455,NORMAL,NORMAL,True,523500.920497467,5696984.290406497,,5,0.01,0.5,0.45,10.0,0.0,ground_equivalent_excess_collision_air_kerma_rate,uGy/h,,False,False,False,
1456,1456,NORMAL,NORMAL,True,523520.920497467,5696984.290406497,,5,0.01,0.5,0.45,10.0,0.0,ground_equivalent_excess_collision_air_kerma_rate,uGy/h,,False,False,False,
1457,1457,NORMAL,NORMAL,True,523540.920497467,5697004.290406496,,5,0.01,0.5,0.45,10.0,0.0,ground_equivalent_excess_collision_air_kerma_rate,uGy/h,,False,False,False,
1458,1458,NORMAL,NORMAL,True,523520.920497467,5697024.290406496,,5,0.01,0.5,0.45,10.0,0.0,ground_equivalent_excess_collision_air_kerma_rate,uGy/h,,False,False,False,
1459,1459,NORMAL,NORMAL,True,523500.920497467,5697044.290406496,,5,0.01,0.5,0.45,10.0,0.0,ground_equivalent_excess_collision_air_kerma_rate,uGy/h,,False,False,False,
1460,1460,NORMAL,NORMAL,True,523480.920497467,5697024.290406496,,5,0.01,0.5,0.45,10.0,0.0,ground_equivalent_excess_collision_air_kerma_rate,uGy/h,,False,False,False,
1461,1461,NORMAL,NORMAL,True,523460.920497467,5697004.290406496,,5,0.01,0.5,0.45,10.0,0.0,ground_equivalent_excess_collision_air_kerma_rate,uGy/h,,False,False,False,
1462,1462,NORMAL,NORMAL,True,523440.920497467,5696984.290406497,,5,0.01,0.5,0.45,10.0,0.0009320194789842018,ground_equivalent_excess_collision_air_kerma_rate,uGy/h,,False,False,False,
1463,1463,NORMAL,NORMAL,True,523420.920497467,5696984.290406497,,5,0.01,0.5,0.45,10.0,0.0012043169055156449,ground_equivalent_excess_collision_air_kerma_rate,uGy/h,,False,False,False,
1464,1464,NORMAL,NORMAL,True,523400.920497467,5697004.290406496,,5,0.01,0.5,0.45,10.0,0.0012471681706727785,ground_equivalent_excess_collision_air_kerma_rate,uGy/h,,False,False,False,
1465,1465,NORMAL,NORMAL,True,523420.920497467,5697024.290406496,,5,0.01,0.5,0.45,10.0,0.0007952316176245411,ground_equivalent_excess_collision_air_kerma_rate,uGy/h,,False,False,False,
1466,1466,NORMAL,NORMAL,True,523400.920497467,5697044.290406496,,5,0.01,0.5,0.45,10.0,0.0007910425503700965,ground_equivalent_excess_collision_air_kerma_rate,uGy/h,,False,False,False,
1467,1467,NORMAL,NORMAL,True,523380.920497467,5697064.290406496,,5,0.01,0.5,0.45,10.0,0.0,ground_equivalent_excess_collision_air_kerma_rate,uGy/h,,False,False,False,
1468,1468,NORMAL,NORMAL,True,523400.920497467,5697084.290406496,,5,0.01,0.5,0.45,10.0,0.0,ground_equivalent_excess_collision_air_kerma_rate,uGy/h,,False,False,False,
1469,1469,NORMAL,NORMAL,True,523420.920497467,5697084.290406496,,5,0.01,0.5,0.45,10.0,0.0,ground_equivalent_excess_collision_air_kerma_rate,uGy/h,,False,False,False,
1470,1470,NORMAL,NORMAL,True,523440.920497467,5697064.290406496,,5,0.01,0.5,0.45,10.0,0.0,ground_equivalent_excess_collision_air_kerma_rate,uGy/h,,False,False,False,
1471,1471,NORMAL,NORMAL,True,523460.920497467,5697064.290406496,,5,0.01,0.5,0.45,10.0,0.0,ground_equivalent_excess_collision_air_kerma_rate,uGy/h,,False,False,False,
1472,1472,NORMAL,NORMAL,True,523480.920497467,5697084.290406496,,5,0.01,0.5,0.45,10.0,0.0,ground_equivalent_excess_collision_air_kerma_rate,uGy/h,,False,False,False,
1473,1473,NORMAL,NORMAL,True,523460.920497467,5697104.290406496,,5,0.01,0.5,0.45,10.0,0.0,ground_equivalent_excess_collision_air_kerma_rate,uGy/h,,False,False,False,
1474,1474,NORMAL,NORMAL,True,523440.920497467,5697124.290406496,,5,0.01,0.5,0.45,10.0,0.0,ground_equivalent_excess_collision_air_kerma_rate,uGy/h,,False,False,False,
1475,1475,NORMAL,NORMAL,True,523460.920497467,5697144.290406496,,5,0.01,0.5,0.45,10.0,0.0,ground_equivalent_excess_collision_air_kerma_rate,uGy/h,,False,False,False,
1476,1476,NORMAL,NORMAL,True,523480.920497467,5697144.290406496,,5,0.01,0.5,0.45,10.0,0.0,ground_equivalent_excess_collision_air_kerma_rate,uGy/h,,False,False,False,
1477,1477,NORMAL,NORMAL,True,523500.920497467,5697124.290406496,,5,0.01,0.5,0.45,10.0,0.0,ground_equivalent_excess_collision_air_kerma_rate,uGy/h,,False,False,False,
1478,1478,NORMAL,NORMAL,True,523520.920497467,5697104.290406496,,5,0.01,0.5,0.45,10.0,0.0,ground_equivalent_excess_collision_air_kerma_rate,uGy/h,,False,False,False,
1479,1479,NORMAL,NORMAL,True,523540.920497467,5697084.290406496,,5,0.01,0.5,0.45,10.0,0.0,ground_equivalent_excess_collision_air_kerma_rate,uGy/h,,False,False,False,
1480,1480,NORMAL,NORMAL,True,523540.920497467,5697064.290406496,,5,0.01,0.5,0.45,10.0,0.0,ground_equivalent_excess_collision_air_kerma_rate,uGy/h,,False,False,False,
1481,1481,NORMAL,NORMAL,True,523560.920497467,5697044.290406496,,5,0.01,0.5,0.45,10.0,0.0,ground_equivalent_excess_collision_air_kerma_rate,uGy/h,,False,False,False,
1482,1482,NORMAL,NORMAL,True,523560.920497467,5697064.290406496,,5,0.01,0.5,0.45,10.0,0.0,ground_equivalent_excess_collision_air_kerma_rate,uGy/h,,False,False,False,
1483,1483,NORMAL,NORMAL,True,523540.920497467,5697044.290406496,,5,0.01,0.5,0.45,10.0,0.0,ground_equivalent_excess_collision_air_kerma_rate,uGy/h,,False,False,False,
1484,1484,NORMAL,NORMAL,True,523560.920497467,5697064.290406496,,5,0.01,0.5,0.45,10.0,0.0,ground_equivalent_excess_collision_air_kerma_rate,uGy/h,,False,False,False,
1485,1485,NORMAL,NORMAL,True,523560.920497467,5697044.290406496,,5,0.01,0.5,0.45,10.0,0.0,ground_equivalent_excess_collision_air_kerma_rate,uGy/h,,False,False,False,
1486,1486,NORMAL,NORMAL,True,523560.920497467,5697024.290406496,,5,0.01,0.5,0.45,10.0,0.0,ground_equivalent_excess_collision_air_kerma_rate,uGy/h,,False,False,False,
1487,1487,NORMAL,NORMAL,True,523560.920497467,5697004.290406496,,5,0.01,0.5,0.45,10.0,0.0,ground_equivalent_excess_collision_air_kerma_rate,uGy/h,,False,False,False,
1488,1488,NORMAL,NORMAL,True,523540.920497467,5696984.290406497,,5,0.01,0.5,0.45,10.0,0.0,ground_equivalent_excess_collision_air_kerma_rate,uGy/h,,False,False,False,
1489,1489,NORMAL,NORMAL,True,523540.920497467,5696964.290406497,,5,0.01,0.5,0.45,10.0,0.0,ground_equivalent_excess_collision_air_kerma_rate,uGy/h,,False,False,False,
1490,1490,NORMAL,NORMAL,True,523520.920497467,5696944.290406497,,5,0.01,0.5,0.45,10.0,0.0,ground_equivalent_excess_collision_air_kerma_rate,uGy/h,,False,False,False,
1491,1491,NORMAL,NORMAL,True,523500.920497467,5696924.290406497,,5,0.01,0.5,0.45,10.0,0.0,ground_equivalent_excess_collision_air_kerma_rate,uGy/h,,False,False,False,
1492,1492,NORMAL,NORMAL,True,523480.920497467,5696904.290406497,,5,0.01,0.5,0.45,10.0,0.0,ground_equivalent_excess_collision_air_kerma_rate,uGy/h,,False,False,False,
1493,1493,NORMAL,NORMAL,True,523500.920497467,5696904.290406497,,5,0.01,0.5,0.45,10.0,0.0,ground_equivalent_excess_collision_air_kerma_rate,uGy/h,,False,False,False,
1494,1494,NORMAL,NORMAL,True,523520.920497467,5696904.290406497,,5,0.01,0.5,0.45,10.0,0.0,ground_equivalent_excess_collision_air_kerma_rate,uGy/h,,False,False,False,
1495,1495,NORMAL,NORMAL,True,523540.920497467,5696904.290406497,,5,0.01,0.5,0.45,10.0,0.0,ground_equivalent_excess_collision_air_kerma_rate,uGy/h,,False,False,False,
1496,1496,NORMAL,NORMAL,True,523560.920497467,5696924.290406497,,5,0.01,0.5,0.45,10.0,0.0,ground_equivalent_excess_collision_air_kerma_rate,uGy/h,,False,False,False,
1497,1497,NORMAL,NORMAL,True,523540.920497467,5696924.290406497,,5,0.01,0.5,0.45,10.0,0.0,ground_equivalent_excess_collision_air_kerma_rate,uGy/h,,False,False,False,
1498,1498,NORMAL,NORMAL,True,523560.920497467,5696944.290406497,,5,0.01,0.5,0.45,10.0,0.0,ground_equivalent_excess_collision_air_kerma_rate,uGy/h,,False,False,False,
1499,1499,NORMAL,NORMAL,True,523560.920497467,5696924.290406497,,5,0.01,0.5,0.45,10.0,0.0,ground_equivalent_excess_collision_air_kerma_rate,uGy/h,,False,False,False,
1500,1500,NORMAL,NORMAL,True,523560.920497467,5696944.290406497,,5,0.01,0.5,0.45,10.0,0.0,ground_equivalent_excess_collision_air_kerma_rate,uGy/h,,False,False,False,
1501,1501,NORMAL,NORMAL,True,523560.920497467,5696924.290406497,,5,0.01,0.5,0.45,10.0,0.0,ground_equivalent_excess_collision_air_kerma_rate,uGy/h,,False,False,False,
1502,1502,NORMAL,NORMAL,True,523560.920497467,5696904.290406497,,5,0.01,0.5,0.45,10.0,0.0,ground_equivalent_excess_collision_air_kerma_rate,uGy/h,,False,False,False,
1503,1503,NORMAL,NORMAL,True,523540.920497467,5696924.290406497,,5,0.01,0.5,0.45,10.0,0.0,ground_equivalent_excess_collision_air_kerma_rate,uGy/h,,False,False,False,
1504,1504,NORMAL,NORMAL,True,523520.920497467,5696944.290406497,,5,0.01,0.5,0.45,10.0,0.0,ground_equivalent_excess_collision_air_kerma_rate,uGy/h,,False,False,False,
1505,1505,NORMAL,NORMAL,True,523540.920497467,5696924.290406497,,5,0.01,0.5,0.45,10.0,0.0,ground_equivalent_excess_collision_air_kerma_rate,uGy/h,,False,False,False,
1506,1506,NORMAL,NORMAL,True,523540.920497467,5696904.290406497,,5,0.01,0.5,0.45,10.0,0.0,ground_equivalent_excess_collision_air_kerma_rate,uGy/h,,False,False,False,
1507,1507,NORMAL,NORMAL,True,523520.920497467,5696904.290406497,,5,0.01,0.5,0.45,10.0,0.0,ground_equivalent_excess_collision_air_kerma_rate,uGy/h,,False,False,False,
1508,1508,NORMAL,NORMAL,True,523540.920497467,5696904.290406497,,5,0.01,0.5,0.45,10.0,0.0,ground_equivalent_excess_collision_air_kerma_rate,uGy/h,,False,False,False,
1509,1509,NORMAL,NORMAL,True,523520.920497467,5696884.290406497,,5,0.01,0.5,0.45,10.0,0.0,ground_equivalent_excess_collision_air_kerma_rate,uGy/h,,False,False,False,
1510,1510,NORMAL,NORMAL,True,523500.920497467,5696864.290406497,,5,0.01,0.5,0.45,10.0,0.0,ground_equivalent_excess_collision_air_kerma_rate,uGy/h,,False,False,False,
1511,1511,NORMAL,NORMAL,True,523520.920497467,5696884.290406497,,5,0.01,0.5,0.45,10.0,0.0,ground_equivalent_excess_collision_air_kerma_rate,uGy/h,,False,False,False,
1512,1512,NORMAL,NORMAL,True,523500.920497467,5696864.290406497,,5,0.01,0.5,0.45,10.0,0.0,ground_equivalent_excess_collision_air_kerma_rate,uGy/h,,False,False,False,
1513,1513,NORMAL,NORMAL,True,523480.920497467,5696864.290406497,,5,0.01,0.5,0.45,10.0,0.0,ground_equivalent_excess_collision_air_kerma_rate,uGy/h,,False,False,False,
1514,1514,NORMAL,NORMAL,True,523480.920497467,5696884.290406497,,5,0.01,0.5,0.45,10.0,0.0,ground_equivalent_excess_collision_air_kerma_rate,uGy/h,,False,False,False,
1515,1515,NORMAL,NORMAL,True,523500.920497467,5696864.290406497,,5,0.01,0.5,0.45,10.0,0.0,ground_equivalent_excess_collision_air_kerma_rate,uGy/h,,False,False,False,
1516,1516,NORMAL,NORMAL,True,523480.920497467,5696864.290406497,,5,0.01,0.5,0.45,10.0,0.0,ground_equivalent_excess_collision_air_kerma_rate,uGy/h,,False,False,False,
1517,1517,NORMAL,NORMAL,True,523460.920497467,5696844.290406497,,5,0.01,0.5,0.45,10.0,0.0,ground_equivalent_excess_collision_air_kerma_rate,uGy/h,,False,False,False,
1518,1518,NORMAL,NORMAL,True,523460.920497467,5696864.290406497,,5,0.01,0.5,0.45,10.0,0.0,ground_equivalent_excess_collision_air_kerma_rate,uGy/h,,False,False,False,
1519,1519,NORMAL,NORMAL,True,523440.920497467,5696884.290406497,,5,0.01,0.5,0.45,10.0,0.0020034214736791623,ground_equivalent_excess_collision_air_kerma_rate,uGy/h,,False,False,False,
1520,1520,NORMAL,NORMAL,True,523420.920497467,5696904.290406497,,5,0.01,0.5,0.45,10.0,0.002431490508494866,ground_equivalent_excess_collision_air_kerma_rate,uGy/h,,False,False,False,
1521,1521,NORMAL,NORMAL,True,523420.920497467,5696924.290406497,,5,0.01,0.5,0.45,10.0,0.0020853180158766655,ground_equivalent_excess_collision_air_kerma_rate,uGy/h,,False,False,False,
1522,1522,NORMAL,NORMAL,True,523420.920497467,5696944.290406497,,5,0.01,0.5,0.45,10.0,0.0017590948505084845,ground_equivalent_excess_collision_air_kerma_rate,uGy/h,,False,False,False,
1523,1523,NORMAL,NORMAL,True,523440.920497467,5696924.290406497,,5,0.01,0.5,0.45,10.0,0.001543996645461308,ground_equivalent_excess_collision_air_kerma_rate,uGy/h,,False,False,False,
1524,1524,NORMAL,NORMAL,True,523420.920497467,5696904.290406497,,5,0.01,0.5,0.45,10.0,0.002431490508494866,ground_equivalent_excess_collision_air_kerma_rate,uGy/h,,False,False,False,
1525,1525,NORMAL,NORMAL,True,523440.920497467,5696884.290406497,,5,0.01,0.5,0.45,10.0,0.0020034214736791623,ground_equivalent_excess_collision_air_kerma_rate,uGy/h,,False,False,False,
1526,1526,NORMAL,NORMAL,True,523440.920497467,5696864.290406497,,5,0.01,0.5,0.45,10.0,0.002215606814635309,ground_equivalent_excess_collision_air_kerma_rate,uGy/h,,False,False,False,
1527,1527,NORMAL,NORMAL,True,523460.920497467,5696864.290406497,,5,0.01,0.5,0.45,10.0,0.0,ground_equivalent_excess_collision_air_kerma_rate,uGy/h,,False,False,False,
1528,1528,NORMAL,NORMAL,True,523460.920497467,5696844.290406497,,5,0.01,0.5,0.45,10.0,0.0,ground_equivalent_excess_collision_air_kerma_rate,uGy/h,,False,False,False,
1529,1529,NORMAL,NORMAL,True,523480.920497467,5696864.290406497,,5,0.01,0.5,0.45,10.0,0.0,ground_equivalent_excess_collision_air_kerma_rate,uGy/h,,False,False,False,
1530,1530,NORMAL,NORMAL,True,523500.920497467,5696864.290406497,,5,0.01,0.5,0.45,10.0,0.0,ground_equivalent_excess_collision_air_kerma_rate,uGy/h,,False,False,False,
1531,1531,NORMAL,NORMAL,True,523520.920497467,5696844.290406497,,5,0.01,0.5,0.45,10.0,0.0,ground_equivalent_excess_collision_air_kerma_rate,uGy/h,,False,False,False,
1532,1532,NORMAL,NORMAL,True,523540.920497467,5696824.290406497,,5,0.01,0.5,0.45,10.0,0.0,ground_equivalent_excess_collision_air_kerma_rate,uGy/h,,False,False,False,
1533,1533,NORMAL,NORMAL,True,523540.920497467,5696844.290406497,,5,0.01,0.5,0.45,10.0,0.0,ground_equivalent_excess_collision_air_kerma_rate,uGy/h,,False,False,False,
1534,1534,NORMAL,NORMAL,True,523520.920497467,5696864.290406497,,5,0.01,0.5,0.45,10.0,0.0,ground_equivalent_excess_collision_air_kerma_rate,uGy/h,,False,False,False,
1535,1535,NORMAL,NORMAL,True,523500.920497467,5696864.290406497,,5,0.01,0.5,0.45,10.0,0.0,ground_equivalent_excess_collision_air_kerma_rate,uGy/h,,False,False,False,
1536,1536,NORMAL,NORMAL,True,523500.920497467,5696844.290406497,,5,0.01,0.5,0.45,10.0,0.0,ground_equivalent_excess_collision_air_kerma_rate,uGy/h,,False,False,False,
1537,1537,NORMAL,NORMAL,True,523520.920497467,5696824.290406497,,5,0.01,0.5,0.45,10.0,0.0,ground_equivalent_excess_collision_air_kerma_rate,uGy/h,,False,False,False,
1538,1538,NORMAL,NORMAL,True,523540.920497467,5696824.290406497,,5,0.01,0.5,0.45,10.0,0.0,ground_equivalent_excess_collision_air_kerma_rate,uGy/h,,False,False,False,
1539,1539,NORMAL,NORMAL,True,523520.920497467,5696844.290406497,,5,0.01,0.5,0.45,10.0,0.0,ground_equivalent_excess_collision_air_kerma_rate,uGy/h,,False,False,False,
1540,1540,NORMAL,NORMAL,True,523540.920497467,5696824.290406497,,5,0.01,0.5,0.45,10.0,0.0,ground_equivalent_excess_collision_air_kerma_rate,uGy/h,,False,False,False,
1541,1541,NORMAL,NORMAL,True,523520.920497467,5696844.290406497,,5,0.01,0.5,0.45,10.0,0.0,ground_equivalent_excess_collision_air_kerma_rate,uGy/h,,False,False,False,
1542,1542,NORMAL,NORMAL,True,523540.920497467,5696824.290406497,,5,0.01,0.5,0.45,10.0,0.0,ground_equivalent_excess_collision_air_kerma_rate,uGy/h,,False,False,False,
1543,1543,NORMAL,NORMAL,True,523540.920497467,5696804.290406497,,5,0.01,0.5,0.45,10.0,0.0,ground_equivalent_excess_collision_air_kerma_rate,uGy/h,,False,False,False,
1544,1544,NORMAL,NORMAL,True,523520.920497467,5696804.290406497,,5,0.01,0.5,0.45,10.0,0.0,ground_equivalent_excess_collision_air_kerma_rate,uGy/h,,False,False,False,
1545,1545,NORMAL,NORMAL,True,523520.920497467,5696784.290406497,,5,0.01,0.5,0.45,10.0,0.0,ground_equivalent_excess_collision_air_kerma_rate,uGy/h,,False,False,False,
1546,1546,NORMAL,NORMAL,True,523500.920497467,5696784.290406497,,5,0.01,0.5,0.45,10.0,0.0,ground_equivalent_excess_collision_air_kerma_rate,uGy/h,,False,False,False,
1547,1547,NORMAL,NORMAL,True,523520.920497467,5696764.290406497,,5,0.01,0.5,0.45,10.0,0.0,ground_equivalent_excess_collision_air_kerma_rate,uGy/h,,False,False,False,
1548,1548,NORMAL,NORMAL,True,523520.920497467,5696744.290406497,,5,0.01,0.5,0.45,10.0,0.0,ground_equivalent_excess_collision_air_kerma_rate,uGy/h,,False,False,False,
1549,1549,NORMAL,NORMAL,True,523520.920497467,5696764.290406497,,5,0.01,0.5,0.45,10.0,0.0,ground_equivalent_excess_collision_air_kerma_rate,uGy/h,,False,False,False,
1550,1550,NORMAL,NORMAL,True,523520.920497467,5696744.290406497,,5,0.01,0.5,0.45,10.0,0.0,ground_equivalent_excess_collision_air_kerma_rate,uGy/h,,False,False,False,
1551,1551,NORMAL,NORMAL,True,523500.920497467,5696764.290406497,,5,0.01,0.5,0.45,10.0,0.0,ground_equivalent_excess_collision_air_kerma_rate,uGy/h,,False,False,False,
1552,1552,NORMAL,NORMAL,True,523480.920497467,5696784.290406497,,5,0.01,0.5,0.45,10.0,0.0,ground_equivalent_excess_collision_air_kerma_rate,uGy/h,,False,False,False,
1553,1553,NORMAL,NORMAL,True,523460.920497467,5696804.290406497,,5,0.01,0.5,0.45,10.0,0.0,ground_equivalent_excess_collision_air_kerma_rate,uGy/h,,False,False,False,
1554,1554,NORMAL,NORMAL,True,523480.920497467,5696784.290406497,,5,0.01,0.5,0.45,10.0,0.0,ground_equivalent_excess_collision_air_kerma_rate,uGy/h,,False,False,False,
1555,1555,NORMAL,NORMAL,True,523480.920497467,5696804.290406497,,5,0.01,0.5,0.45,10.0,0.0,ground_equivalent_excess_collision_air_kerma_rate,uGy/h,,False,False,False,
1556,1556,NORMAL,NORMAL,True,523480.920497467,5696784.290406497,,5,0.01,0.5,0.45,10.0,0.0,ground_equivalent_excess_collision_air_kerma_rate,uGy/h,,False,False,False,
1557,1557,NORMAL,NORMAL,True,523500.920497467,5696764.290406497,,5,0.01,0.5,0.45,10.0,0.0,ground_equivalent_excess_collision_air_kerma_rate,uGy/h,,False,False,False,
1558,1558,NORMAL,NORMAL,True,523500.920497467,5696784.290406497,,5,0.01,0.5,0.45,10.0,0.0,ground_equivalent_excess_collision_air_kerma_rate,uGy/h,,False,False,False,
1559,1559,NORMAL,NORMAL,True,523520.920497467,5696764.290406497,,5,0.01,0.5,0.45,10.0,0.0,ground_equivalent_excess_collision_air_kerma_rate,uGy/h,,False,False,False,
1560,1560,NORMAL,NORMAL,True,523500.920497467,5696784.290406497,,5,0.01,0.5,0.45,10.0,0.0,ground_equivalent_excess_collision_air_kerma_rate,uGy/h,,False,False,False,
1561,1561,NORMAL,NORMAL,True,523480.920497467,5696764.290406497,,5,0.01,0.5,0.45,10.0,0.0,ground_equivalent_excess_collision_air_kerma_rate,uGy/h,,False,False,False,
1562,1562,NORMAL,NORMAL,True,523500.920497467,5696764.290406497,,5,0.01,0.5,0.45,10.0,0.0,ground_equivalent_excess_collision_air_kerma_rate,uGy/h,,False,False,False,
1563,1563,NORMAL,NORMAL,True,523500.920497467,5696784.290406497,,5,0.01,0.5,0.45,10.0,0.0,ground_equivalent_excess_collision_air_kerma_rate,uGy/h,,False,False,False,
1564,1564,NORMAL,NORMAL,True,523480.920497467,5696804.290406497,,5,0.01,0.5,0.45,10.0,0.0,ground_equivalent_excess_collision_air_kerma_rate,uGy/h,,False,False,False,
1565,1565,NORMAL,NORMAL,True,523500.920497467,5696804.290406497,,5,0.01,0.5,0.45,10.0,0.0,ground_equivalent_excess_collision_air_kerma_rate,uGy/h,,False,False,False,
1566,1566,NORMAL,NORMAL,True,523500.920497467,5696824.290406497,,5,0.01,0.5,0.45,10.0,0.0,ground_equivalent_excess_collision_air_kerma_rate,uGy/h,,False,False,False,
1567,1567,NORMAL,NORMAL,True,523520.920497467,5696804.290406497,,5,0.01,0.5,0.45,10.0,0.0,ground_equivalent_excess_collision_air_kerma_rate,uGy/h,,False,False,False,
1568,1568,NORMAL,NORMAL,True,523500.920497467,5696804.290406497,,5,0.01,0.5,0.45,10.0,0.0,ground_equivalent_excess_collision_air_kerma_rate,uGy/h,,False,False,False,
1569,1569,NORMAL,NORMAL,True,523480.920497467,5696784.290406497,,5,0.01,0.5,0.45,10.0,0.0,ground_equivalent_excess_collision_air_kerma_rate,uGy/h,,False,False,False,
1570,1570,NORMAL,NORMAL,True,523460.920497467,5696804.290406497,,5,0.01,0.5,0.45,10.0,0.0,ground_equivalent_excess_collision_air_kerma_rate,uGy/h,,False,False,False,
1571,1571,NORMAL,NORMAL,True,523440.920497467,5696824.290406497,,5,0.01,0.5,0.45,10.0,0.002530357279221253,ground_equivalent_excess_collision_air_kerma_rate,uGy/h,,False,False,False,
1572,1572,NORMAL,NORMAL,True,523440.920497467,5696844.290406497,,5,0.01,0.5,0.45,10.0,0.002396143369777323,ground_equivalent_excess_collision_air_kerma_rate,uGy/h,,False,False,False,
1573,1573,NORMAL,NORMAL,True,523420.920497467,5696864.290406497,,5,0.01,0.5,0.45,10.0,0.0031099364775006998,ground_equivalent_excess_collision_air_kerma_rate,uGy/h,,False,False,False,
1574,1574,NORMAL,NORMAL,True,523420.920497467,5696844.290406497,,5,0.01,0.5,0.45,10.0,0.0033937695004411664,ground_equivalent_excess_collision_air_kerma_rate,uGy/h,,False,False,False,
1575,1575,NORMAL,NORMAL,True,523400.920497467,5696864.290406497,,5,0.01,0.5,0.45,10.0,0.00442175424571724,ground_equivalent_excess_collision_air_kerma_rate,uGy/h,,False,False,False,
1576,1576,NORMAL,NORMAL,True,523400.920497467,5696884.290406497,,5,0.01,0.5,0.45,10.0,0.003899465625665141,ground_equivalent_excess_collision_air_kerma_rate,uGy/h,,False,False,False,
1577,1577,NORMAL,NORMAL,True,523400.920497467,5696864.290406497,,5,0.01,0.5,0.45,10.0,0.00442175424571724,ground_equivalent_excess_collision_air_kerma_rate,uGy/h,,False,False,False,
1578,1578,NORMAL,NORMAL,True,523380.920497467,5696864.290406497,,5,0.01,0.5,0.45,10.0,0.006384996058228109,ground_equivalent_excess_collision_air_kerma_rate,uGy/h,,False,False,False,
1579,1579,NORMAL,NORMAL,True,523400.920497467,5696884.290406497,,5,0.01,0.5,0.45,10.0,0.003899465625665141,ground_equivalent_excess_collision_air_kerma_rate,uGy/h,,False,False,False,
1580,1580,NORMAL,NORMAL,True,523380.920497467,5696884.290406497,,5,0.01,0.5,0.45,10.0,0.00553533912550602,ground_equivalent_excess_collision_air_kerma_rate,uGy/h,,False,False,False,
1581,1581,NORMAL,NORMAL,True,523380.920497467,5696904.290406497,,5,0.01,0.5,0.45,10.0,0.004672635181452089,ground_equivalent_excess_collision_air_kerma_rate,uGy/h,,False,False,False,
1582,1582,NORMAL,NORMAL,True,523360.920497467,5696924.290406497,,5,0.01,0.5,0.45,10.0,0.005286153989831236,ground_equivalent_excess_collision_air_kerma_rate,uGy/h,,False,False,False,
1583,1583,NORMAL,NORMAL,True,523340.920497467,5696924.290406497,,5,0.01,0.5,0.45,10.0,0.0072639019378016026,ground_equivalent_excess_collision_air_kerma_rate,uGy/h,,False,False,False,
1584,1584,NORMAL,NORMAL,True,523320.920497467,5696924.290406497,,5,0.01,0.5,0.45,10.0,0.009989006907558426,ground_equivalent_excess_collision_air_kerma_rate,uGy/h,,False,False,False,
1585,1585,NORMAL,NORMAL,True,523320.920497467,5696944.290406497,,5,0.01,0.5,0.45,10.0,0.007411392230476523,ground_equivalent_excess_collision_air_kerma_rate,uGy/h,,False,False,False,
1586,1586,NORMAL,NORMAL,True,523320.920497467,5696964.290406497,,5,0.01,0.5,0.45,10.0,0.005488694081089187,ground_equivalent_excess_collision_air_kerma_rate,uGy/h,,False,False,False,
1587,1587,NORMAL,NORMAL,True,523320.920497467,5696984.290406497,,5,0.01,0.5,0.45,10.0,0.004070327794243153,ground_equivalent_excess_collision_air_kerma_rate,uGy/h,,False,False,False,
1588,1588,NORMAL,NORMAL,True,523300.920497467,5697004.290406496,,5,0.01,0.5,0.45,10.0,0.00366735183464735,ground_equivalent_excess_collision_air_kerma_rate,uGy/h,,False,False,False,
1589,1589,NORMAL,NORMAL,True,523300.920497467,5697024.290406496,,5,0.01,0.5,0.45,10.0,0.0026898974421902693,ground_equivalent_excess_collision_air_kerma_rate,uGy/h,,False,False,False,
1590,1590,NORMAL,NORMAL,True,523280.920497467,5697024.290406496,,5,0.01,0.5,0.45,10.0,0.0031476587047617045,ground_equivalent_excess_collision_air_kerma_rate,uGy/h,,False,False,False,
1591,1591,NORMAL,NORMAL,True,523300.920497467,5697024.290406496,,5,0.01,0.5,0.45,10.0,0.0026898974421902693,ground_equivalent_excess_collision_air_kerma_rate,uGy/h,,False,False,False,
1592,1592,NORMAL,NORMAL,True,523280.920497467,5697044.290406496,,5,0.01,0.5,0.45,10.0,0.0022924076993541325,ground_equivalent_excess_collision_air_kerma_rate,uGy/h,,False,False,False,
1593,1593,NORMAL,NORMAL,True,523260.920497467,5697064.290406496,,5,0.01,0.5,0.45,10.0,0.0,ground_equivalent_excess_collision_air_kerma_rate,uGy/h,,False,False,False,
1594,1594,NORMAL,NORMAL,True,523260.920497467,5697084.290406496,,5,0.01,0.5,0.45,10.0,0.0,ground_equivalent_excess_collision_air_kerma_rate,uGy/h,,False,False,False,
1595,1595,NORMAL,NORMAL,True,523240.920497467,5697104.290406496,,5,0.01,0.5,0.45,10.0,0.0,ground_equivalent_excess_collision_air_kerma_rate,uGy/h,,False,False,False,
1596,1596,NORMAL,NORMAL,True,523240.920497467,5697124.290406496,,5,0.01,0.5,0.45,10.0,0.0,ground_equivalent_excess_collision_air_kerma_rate,uGy/h,,False,False,False,
1597,1597,NORMAL,NORMAL,True,523260.920497467,5697144.290406496,,5,0.01,0.5,0.45,10.0,0.0,ground_equivalent_excess_collision_air_kerma_rate,uGy/h,,False,False,False,
1598,1598,NORMAL,NORMAL,True,523280.920497467,5697124.290406496,,5,0.01,0.5,0.45,10.0,0.0,ground_equivalent_excess_collision_air_kerma_rate,uGy/h,,False,False,False,
1599,1599,NORMAL,NORMAL,True,523300.920497467,5697144.290406496,,5,0.01,0.5,0.45,10.0,0.0,ground_equivalent_excess_collision_air_kerma_rate,uGy/h,,False,False,False,
1600,1600,NORMAL,NORMAL,True,523280.920497467,5697164.290406496,,5,0.01,0.5,0.45,10.0,0.0,ground_equivalent_excess_collision_air_kerma_rate,uGy/h,,False,False,False,
1601,1601,NORMAL,NORMAL,True,523300.920497467,5697164.290406496,,5,0.01,0.5,0.45,10.0,0.0,ground_equivalent_excess_collision_air_kerma_rate,uGy/h,,False,False,False,
1602,1602,NORMAL,NORMAL,True,523320.920497467,5697144.290406496,,5,0.01,0.5,0.45,10.0,0.0,ground_equivalent_excess_collision_air_kerma_rate,uGy/h,,False,False,False,
1603,1603,NORMAL,NORMAL,True,523300.920497467,5697144.290406496,,5,0.01,0.5,0.45,10.0,0.0,ground_equivalent_excess_collision_air_kerma_rate,uGy/h,,False,False,False,
1604,1604,NORMAL,NORMAL,True,523280.920497467,5697164.290406496,,5,0.01,0.5,0.45,10.0,0.0,ground_equivalent_excess_collision_air_kerma_rate,uGy/h,,False,False,False,
1605,1605,NORMAL,NORMAL,True,523300.920497467,5697144.290406496,,5,0.01,0.5,0.45,10.0,0.0,ground_equivalent_excess_collision_air_kerma_rate,uGy/h,,False,False,False,
1606,1606,NORMAL,NORMAL,True,523320.920497467,5697124.290406496,,5,0.01,0.5,0.45,10.0,0.0,ground_equivalent_excess_collision_air_kerma_rate,uGy/h,,False,False,False,
1607,1607,NORMAL,NORMAL,True,523320.920497467,5697144.290406496,,5,0.01,0.5,0.45,10.0,0.0,ground_equivalent_excess_collision_air_kerma_rate,uGy/h,,False,False,False,
1608,1608,NORMAL,NORMAL,True,523300.920497467,5697144.290406496,,5,0.01,0.5,0.45,10.0,0.0,ground_equivalent_excess_collision_air_kerma_rate,uGy/h,,False,False,False,
1609,1609,NORMAL,NORMAL,True,523280.920497467,5697164.290406496,,5,0.01,0.5,0.45,10.0,0.0,ground_equivalent_excess_collision_air_kerma_rate,uGy/h,,False,False,False,
1610,1610,NORMAL,NORMAL,True,523260.920497467,5697144.290406496,,5,0.01,0.5,0.45,10.0,0.0,ground_equivalent_excess_collision_air_kerma_rate,uGy/h,,False,False,False,
1611,1611,NORMAL,NORMAL,True,523240.920497467,5697124.290406496,,5,0.01,0.5,0.45,10.0,0.0,ground_equivalent_excess_collision_air_kerma_rate,uGy/h,,False,False,False,
1612,1612,NORMAL,NORMAL,True,523240.920497467,5697144.290406496,,5,0.01,0.5,0.45,10.0,0.0,ground_equivalent_excess_collision_air_kerma_rate,uGy/h,,False,False,False,
1613,1613,NORMAL,NORMAL,True,523240.920497467,5697124.290406496,,5,0.01,0.5,0.45,10.0,0.0,ground_equivalent_excess_collision_air_kerma_rate,uGy/h,,False,False,False,
1614,1614,NORMAL,NORMAL,True,523240.920497467,5697144.290406496,,5,0.01,0.5,0.45,10.0,0.0,ground_equivalent_excess_collision_air_kerma_rate,uGy/h,,False,False,False,
1615,1615,NORMAL,NORMAL,True,523260.920497467,5697164.290406496,,5,0.01,0.5,0.45,10.0,0.0,ground_equivalent_excess_collision_air_kerma_rate,uGy/h,,False,False,False,
1616,1616,NORMAL,NORMAL,True,523240.920497467,5697164.290406496,,5,0.01,0.5,0.45,10.0,0.0,ground_equivalent_excess_collision_air_kerma_rate,uGy/h,,False,False,False,
1617,1617,NORMAL,NORMAL,True,523260.920497467,5697184.290406496,,5,0.01,0.5,0.45,10.0,0.0,ground_equivalent_excess_collision_air_kerma_rate,uGy/h,,False,False,False,
1618,1618,NORMAL,NORMAL,True,523240.920497467,5697184.290406496,,5,0.01,0.5,0.45,10.0,0.0,ground_equivalent_excess_collision_air_kerma_rate,uGy/h,,False,False,False,
1619,1619,NORMAL,NORMAL,True,523260.920497467,5697204.290406496,,5,0.01,0.5,0.45,10.0,0.0,ground_equivalent_excess_collision_air_kerma_rate,uGy/h,,False,False,False,
1620,1620,NORMAL,NORMAL,True,523260.920497467,5697184.290406496,,5,0.01,0.5,0.45,10.0,0.0,ground_equivalent_excess_collision_air_kerma_rate,uGy/h,,False,False,False,
1621,1621,NORMAL,NORMAL,True,523240.920497467,5697184.290406496,,5,0.01,0.5,0.45,10.0,0.0,ground_equivalent_excess_collision_air_kerma_rate,uGy/h,,False,False,False,
1622,1622,NORMAL,NORMAL,True,523220.920497467,5697184.290406496,,5,0.01,0.5,0.45,10.0,0.0,ground_equivalent_excess_collision_air_kerma_rate,uGy/h,,False,False,False,
1623,1623,NORMAL,NORMAL,True,523220.920497467,5697204.290406496,,5,0.01,0.5,0.45,10.0,0.0,ground_equivalent_excess_collision_air_kerma_rate,uGy/h,,False,False,False,
1624,1624,NORMAL,NORMAL,True,523200.920497467,5697224.290406496,,5,0.01,0.5,0.45,10.0,0.0,ground_equivalent_excess_collision_air_kerma_rate,uGy/h,,False,False,False,
1625,1625,NORMAL,NORMAL,True,523200.920497467,5697244.290406496,,5,0.01,0.5,0.45,10.0,0.0,ground_equivalent_excess_collision_air_kerma_rate,uGy/h,,False,False,False,
1626,1626,NORMAL,NORMAL,True,523180.920497467,5697244.290406496,,5,0.01,0.5,0.45,10.0,0.0,ground_equivalent_excess_collision_air_kerma_rate,uGy/h,,False,False,False,
1627,1627,NORMAL,NORMAL,True,523160.920497467,5697224.290406496,,5,0.01,0.5,0.45,10.0,0.0,ground_equivalent_excess_collision_air_kerma_rate,uGy/h,,False,False,False,
1628,1628,NORMAL,NORMAL,True,523140.920497467,5697244.290406496,,5,0.01,0.5,0.45,10.0,0.0,ground_equivalent_excess_collision_air_kerma_rate,uGy/h,,False,False,False,
1629,1629,NORMAL,NORMAL,True,523120.920497467,5697264.290406496,,5,0.01,0.5,0.45,10.0,0.0,ground_equivalent_excess_collision_air_kerma_rate,uGy/h,,False,False,False,
1630,1630,NORMAL,NORMAL,True,523120.920497467,5697284.290406496,,5,0.01,0.5,0.45,10.0,0.0,ground_equivalent_excess_collision_air_kerma_rate,uGy/h,,False,False,False,
1631,1631,NORMAL,NORMAL,True,523100.920497467,5697304.290406496,,5,0.01,0.5,0.45,10.0,0.0,ground_equivalent_excess_collision_air_kerma_rate,uGy/h,,False,False,False,
1632,1632,NORMAL,NORMAL,True,523080.920497467,5697284.290406496,,5,0.01,0.5,0.45,10.0,0.0,ground_equivalent_excess_collision_air_kerma_rate,uGy/h,,False,False,False,
1633,1633,NORMAL,NORMAL,True,523060.920497467,5697304.290406496,,5,0.01,0.5,0.45,10.0,0.0,ground_equivalent_excess_collision_air_kerma_rate,uGy/h,,False,False,False,
1634,1634,NORMAL,NORMAL,True,523040.920497467,5697304.290406496,,5,0.01,0.5,0.45,10.0,0.0,ground_equivalent_excess_collision_air_kerma_rate,uGy/h,,False,False,False,
1635,1635,NORMAL,NORMAL,True,523020.920497467,5697304.290406496,,5,0.01,0.5,0.45,10.0,0.0,ground_equivalent_excess_collision_air_kerma_rate,uGy/h,,False,False,False,
1636,1636,NORMAL,NORMAL,True,523000.920497467,5697304.290406496,,5,0.01,0.5,0.45,10.0,0.0,ground_equivalent_excess_collision_air_kerma_rate,uGy/h,,False,False,False,
1637,1637,NORMAL,NORMAL,True,522980.9204974669,5697304.290406496,,5,0.01,0.5,0.45,10.0,0.0,ground_equivalent_excess_collision_air_kerma_rate,uGy/h,,False,False,False,
1638,1638,NORMAL,NORMAL,True,522960.9204974669,5697304.290406496,,5,0.01,0.5,0.45,10.0,0.0,ground_equivalent_excess_collision_air_kerma_rate,uGy/h,,False,False,False,
1639,1639,NORMAL,NORMAL,True,522940.9204974669,5697304.290406496,,5,0.01,0.5,0.45,10.0,0.0,ground_equivalent_excess_collision_air_kerma_rate,uGy/h,,False,False,False,
1640,1640,NORMAL,NORMAL,True,522920.9204974669,5697284.290406496,,5,0.01,0.5,0.45,10.0,0.0,ground_equivalent_excess_collision_air_kerma_rate,uGy/h,,False,False,False,
1641,1641,NORMAL,NORMAL,True,522900.9204974669,5697264.290406496,,5,0.01,0.5,0.45,10.0,0.0,ground_equivalent_excess_collision_air_kerma_rate,uGy/h,,False,False,False,
1642,1642,NORMAL,NORMAL,True,522880.9204974669,5697284.290406496,,5,0.01,0.5,0.45,10.0,0.0,ground_equivalent_excess_collision_air_kerma_rate,uGy/h,,False,False,False,
1643,1643,NORMAL,NORMAL,True,522860.9204974669,5697284.290406496,,5,0.01,0.5,0.45,10.0,0.0,ground_equivalent_excess_collision_air_kerma_rate,uGy/h,,False,False,False,
1644,1644,NORMAL,NORMAL,True,522840.9204974669,5697264.290406496,,5,0.01,0.5,0.45,10.0,0.0,ground_equivalent_excess_collision_air_kerma_rate,uGy/h,,False,False,False,
1645,1645,NORMAL,NORMAL,True,522820.9204974669,5697244.290406496,,5,0.01,0.5,0.45,10.0,0.0,ground_equivalent_excess_collision_air_kerma_rate,uGy/h,,False,False,False,
1646,1646,NORMAL,NORMAL,True,522800.9204974669,5697224.290406496,,5,0.01,0.5,0.45,10.0,0.0,ground_equivalent_excess_collision_air_kerma_rate,uGy/h,,False,False,False,
1647,1647,NORMAL,NORMAL,True,522780.9204974669,5697204.290406496,,5,0.01,0.5,0.45,10.0,0.0,ground_equivalent_excess_collision_air_kerma_rate,uGy/h,,False,False,False,
1648,1648,NORMAL,NORMAL,True,522760.9204974669,5697184.290406496,,5,0.01,0.5,0.45,10.0,0.0,ground_equivalent_excess_collision_air_kerma_rate,uGy/h,,False,False,False,
1649,1649,NORMAL,NORMAL,True,522740.9204974669,5697184.290406496,,5,0.01,0.5,0.45,10.0,0.0,ground_equivalent_excess_collision_air_kerma_rate,uGy/h,,False,False,False,
1650,1650,NORMAL,NORMAL,True,522720.9204974669,5697184.290406496,,5,0.01,0.5,0.45,10.0,0.0,ground_equivalent_excess_collision_air_kerma_rate,uGy/h,,False,False,False,
1651,1651,NORMAL,NORMAL,True,522700.9204974669,5697184.290406496,,5,0.01,0.5,0.45,10.0,0.0,ground_equivalent_excess_collision_air_kerma_rate,uGy/h,,False,False,False,
1652,1652,NORMAL,NORMAL,True,522680.9204974669,5697164.290406496,,5,0.01,0.5,0.45,10.0,0.0,ground_equivalent_excess_collision_air_kerma_rate,uGy/h,,False,False,False,
1653,1653,NORMAL,NORMAL,True,522660.9204974669,5697164.290406496,,5,0.01,0.5,0.45,10.0,0.0,ground_equivalent_excess_collision_air_kerma_rate,uGy/h,,False,False,False,
1654,1654,NORMAL,NORMAL,True,522640.9204974669,5697164.290406496,,5,0.01,0.5,0.45,10.0,0.0,ground_equivalent_excess_collision_air_kerma_rate,uGy/h,,False,False,False,
1655,1655,NORMAL,NORMAL,True,522620.9204974669,5697144.290406496,,5,0.01,0.5,0.45,10.0,0.0,ground_equivalent_excess_collision_air_kerma_rate,uGy/h,,False,False,False,
1656,1656,NORMAL,NORMAL,True,522600.9204974669,5697124.290406496,,5,0.01,0.5,0.45,10.0,0.0,ground_equivalent_excess_collision_air_kerma_rate,uGy/h,,False,False,False,
1657,1657,NORMAL,NORMAL,True,522580.9204974669,5697124.290406496,,5,0.01,0.5,0.45,10.0,0.0,ground_equivalent_excess_collision_air_kerma_rate,uGy/h,,False,False,False,
1658,1658,NORMAL,NORMAL,True,522560.9204974669,5697124.290406496,,5,0.01,0.5,0.45,10.0,0.0,ground_equivalent_excess_collision_air_kerma_rate,uGy/h,,False,False,False,
1659,1659,NORMAL,NORMAL,True,522540.9204974669,5697124.290406496,,5,0.01,0.5,0.45,10.0,0.0,ground_equivalent_excess_collision_air_kerma_rate,uGy/h,,False,False,False,
1660,1660,NORMAL,NORMAL,True,522520.9204974669,5697124.290406496,,5,0.01,0.5,0.45,10.0,0.0,ground_equivalent_excess_collision_air_kerma_rate,uGy/h,,False,False,False,
1661,1661,NORMAL,NORMAL,True,522500.9204974669,5697104.290406496,,5,0.01,0.5,0.45,10.0,0.0,ground_equivalent_excess_collision_air_kerma_rate,uGy/h,,False,False,False,
1662,1662,NORMAL,NORMAL,True,522500.9204974669,5697124.290406496,,5,0.01,0.5,0.45,10.0,0.0,ground_equivalent_excess_collision_air_kerma_rate,uGy/h,,False,False,False,
1663,1663,NORMAL,NORMAL,True,522480.9204974669,5697104.290406496,,5,0.01,0.5,0.45,10.0,0.0,ground_equivalent_excess_collision_air_kerma_rate,uGy/h,,False,False,False,
1664,1664,NORMAL,NORMAL,True,522500.9204974669,5697084.290406496,,5,0.01,0.5,0.45,10.0,0.0,ground_equivalent_excess_collision_air_kerma_rate,uGy/h,,False,False,False,
1665,1665,NORMAL,NORMAL,True,522520.9204974669,5697084.290406496,,5,0.01,0.5,0.45,10.0,0.0,ground_equivalent_excess_collision_air_kerma_rate,uGy/h,,False,False,False,
1666,1666,NORMAL,NORMAL,True,522520.9204974669,5697064.290406496,,5,0.01,0.5,0.45,10.0,0.0,ground_equivalent_excess_collision_air_kerma_rate,uGy/h,,False,False,False,
1667,1667,NORMAL,NORMAL,True,522500.9204974669,5697064.290406496,,5,0.01,0.5,0.45,10.0,0.0,ground_equivalent_excess_collision_air_kerma_rate,uGy/h,,False,False,False,
1668,1668,NORMAL,NORMAL,True,522520.9204974669,5697084.290406496,,5,0.01,0.5,0.45,10.0,0.0,ground_equivalent_excess_collision_air_kerma_rate,uGy/h,,False,False,False,
1669,1669,NORMAL,NORMAL,True,522520.9204974669,5697104.290406496,,5,0.01,0.5,0.45,10.0,0.0,ground_equivalent_excess_collision_air_kerma_rate,uGy/h,,False,False,False,
1670,1670,NORMAL,NORMAL,True,522500.9204974669,5697084.290406496,,5,0.01,0.5,0.45,10.0,0.0,ground_equivalent_excess_collision_air_kerma_rate,uGy/h,,False,False,False,
1671,1671,NORMAL,NORMAL,True,522520.9204974669,5697084.290406496,,5,0.01,0.5,0.45,10.0,0.0,ground_equivalent_excess_collision_air_kerma_rate,uGy/h,,False,False,False,
1672,1672,NORMAL,NORMAL,True,522540.9204974669,5697084.290406496,,5,0.01,0.5,0.45,10.0,0.0,ground_equivalent_excess_collision_air_kerma_rate,uGy/h,,False,False,False,
1673,1673,NORMAL,NORMAL,True,522520.9204974669,5697064.290406496,,5,0.01,0.5,0.45,10.0,0.0,ground_equivalent_excess_collision_air_kerma_rate,uGy/h,,False,False,False,
1674,1674,NORMAL,NORMAL,True,522500.9204974669,5697084.290406496,,5,0.01,0.5,0.45,10.0,0.0,ground_equivalent_excess_collision_air_kerma_rate,uGy/h,,False,False,False,
1675,1675,NORMAL,NORMAL,True,522520.9204974669,5697084.290406496,,5,0.01,0.5,0.45,10.0,0.0,ground_equivalent_excess_collision_air_kerma_rate,uGy/h,,False,False,False,
1676,1676,NORMAL,NORMAL,True,522500.9204974669,5697104.290406496,,5,0.01,0.5,0.45,10.0,0.0,ground_equivalent_excess_collision_air_kerma_rate,uGy/h,,False,False,False,
1677,1677,NORMAL,NORMAL,True,522520.9204974669,5697084.290406496,,5,0.01,0.5,0.45,10.0,0.0,ground_equivalent_excess_collision_air_kerma_rate,uGy/h,,False,False,False,
1678,1678,NORMAL,NORMAL,True,522540.9204974669,5697064.290406496,,5,0.01,0.5,0.45,10.0,0.0,ground_equivalent_excess_collision_air_kerma_rate,uGy/h,,False,False,False,
1679,1679,NORMAL,NORMAL,True,522520.9204974669,5697084.290406496,,5,0.01,0.5,0.45,10.0,0.0,ground_equivalent_excess_collision_air_kerma_rate,uGy/h,,False,False,False,
1680,1680,NORMAL,NORMAL,True,522500.9204974669,5697104.290406496,,5,0.01,0.5,0.45,10.0,0.0,ground_equivalent_excess_collision_air_kerma_rate,uGy/h,,False,False,False,
1681,1681,NORMAL,NORMAL,True,522500.9204974669,5697084.290406496,,5,0.01,0.5,0.45,10.0,0.0,ground_equivalent_excess_collision_air_kerma_rate,uGy/h,,False,False,False,
1682,1682,NORMAL,NORMAL,True,522500.9204974669,5697064.290406496,,5,0.01,0.5,0.45,10.0,0.0,ground_equivalent_excess_collision_air_kerma_rate,uGy/h,,False,False,False,
1683,1683,NORMAL,NORMAL,True,522520.9204974669,5697064.290406496,,5,0.01,0.5,0.45,10.0,0.0,ground_equivalent_excess_collision_air_kerma_rate,uGy/h,,False,False,False,
1684,1684,NORMAL,NORMAL,True,522520.9204974669,5697084.290406496,,5,0.01,0.5,0.45,10.0,0.0,ground_equivalent_excess_collision_air_kerma_rate,uGy/h,,False,False,False,
1685,1685,NORMAL,NORMAL,True,522520.9204974669,5697064.290406496,,5,0.01,0.5,0.45,10.0,0.0,ground_equivalent_excess_collision_air_kerma_rate,uGy/h,,False,False,False,
1686,1686,NORMAL,NORMAL,True,522520.9204974669,5697044.290406496,,5,0.01,0.5,0.45,10.0,0.0,ground_equivalent_excess_collision_air_kerma_rate,uGy/h,,False,False,False,
1687,1687,NORMAL,NORMAL,True,522520.9204974669,5697064.290406496,,5,0.01,0.5,0.45,10.0,0.0,ground_equivalent_excess_collision_air_kerma_rate,uGy/h,,False,False,False,
1688,1688,NORMAL,NORMAL,True,522500.9204974669,5697084.290406496,,5,0.01,0.5,0.45,10.0,0.0,ground_equivalent_excess_collision_air_kerma_rate,uGy/h,,False,False,False,
1689,1689,NORMAL,NORMAL,True,522520.9204974669,5697104.290406496,,5,0.01,0.5,0.45,10.0,0.0,ground_equivalent_excess_collision_air_kerma_rate,uGy/h,,False,False,False,
1690,1690,NORMAL,NORMAL,True,522520.9204974669,5697124.290406496,,5,0.01,0.5,0.45,10.0,0.0,ground_equivalent_excess_collision_air_kerma_rate,uGy/h,,False,False,False,
1691,1691,NORMAL,NORMAL,True,522540.9204974669,5697144.290406496,,5,0.01,0.5,0.45,10.0,0.0,ground_equivalent_excess_collision_air_kerma_rate,uGy/h,,False,False,False,
1692,1692,NORMAL,NORMAL,True,522540.9204974669,5697124.290406496,,5,0.01,0.5,0.45,10.0,0.0,ground_equivalent_excess_collision_air_kerma_rate,uGy/h,,False,False,False,
1693,1693,NORMAL,NORMAL,True,522560.9204974669,5697104.290406496,,5,0.01,0.5,0.45,10.0,0.0,ground_equivalent_excess_collision_air_kerma_rate,uGy/h,,False,False,False,
1694,1694,NORMAL,NORMAL,True,522560.9204974669,5697084.290406496,,5,0.01,0.5,0.45,10.0,0.0,ground_equivalent_excess_collision_air_kerma_rate,uGy/h,,False,False,False,
1695,1695,NORMAL,NORMAL,True,522540.9204974669,5697064.290406496,,5,0.01,0.5,0.45,10.0,0.0,ground_equivalent_excess_collision_air_kerma_rate,uGy/h,,False,False,False,
1696,1696,NORMAL,NORMAL,True,522540.9204974669,5697084.290406496,,5,0.01,0.5,0.45,10.0,0.0,ground_equivalent_excess_collision_air_kerma_rate,uGy/h,,False,False,False,
1697,1697,NORMAL,NORMAL,True,522520.9204974669,5697104.290406496,,5,0.01,0.5,0.45,10.0,0.0,ground_equivalent_excess_collision_air_kerma_rate,uGy/h,,False,False,False,
1698,1698,NORMAL,NORMAL,True,522500.9204974669,5697084.290406496,,5,0.01,0.5,0.45,10.0,0.0,ground_equivalent_excess_collision_air_kerma_rate,uGy/h,,False,False,False,
1699,1699,NORMAL,NORMAL,True,522500.9204974669,5697064.290406496,,5,0.01,0.5,0.45,10.0,0.0,ground_equivalent_excess_collision_air_kerma_rate,uGy/h,,False,False,False,
1700,1700,NORMAL,NORMAL,True,522500.9204974669,5697044.290406496,,5,0.01,0.5,0.45,10.0,0.0,ground_equivalent_excess_collision_air_kerma_rate,uGy/h,,False,False,False,
1701,1701,NORMAL,NORMAL,True,522480.9204974669,5697044.290406496,,5,0.01,0.5,0.45,10.0,0.0,ground_equivalent_excess_collision_air_kerma_rate,uGy/h,,False,False,False,
1702,1702,NORMAL,NORMAL,True,522460.9204974669,5697044.290406496,,5,0.01,0.5,0.45,10.0,0.0,ground_equivalent_excess_collision_air_kerma_rate,uGy/h,,False,False,False,
1703,1703,NORMAL,NORMAL,True,522480.9204974669,5697024.290406496,,5,0.01,0.5,0.45,10.0,0.0,ground_equivalent_excess_collision_air_kerma_rate,uGy/h,,False,False,False,
1704,1704,NORMAL,NORMAL,True,522500.9204974669,5697044.290406496,,5,0.01,0.5,0.45,10.0,0.0,ground_equivalent_excess_collision_air_kerma_rate,uGy/h,,False,False,False,
1705,1705,NORMAL,NORMAL,True,522500.9204974669,5697024.290406496,,5,0.01,0.5,0.45,10.0,0.0,ground_equivalent_excess_collision_air_kerma_rate,uGy/h,,False,False,False,
1706,1706,NORMAL,NORMAL,True,522520.9204974669,5697024.290406496,,5,0.01,0.5,0.45,10.0,0.0,ground_equivalent_excess_collision_air_kerma_rate,uGy/h,,False,False,False,
1707,1707,NORMAL,NORMAL,True,522500.9204974669,5697024.290406496,,5,0.01,0.5,0.45,10.0,0.0,ground_equivalent_excess_collision_air_kerma_rate,uGy/h,,False,False,False,
1708,1708,NORMAL,NORMAL,True,522480.9204974669,5697024.290406496,,5,0.01,0.5,0.45,10.0,0.0,ground_equivalent_excess_collision_air_kerma_rate,uGy/h,,False,False,False,
1709,1709,NORMAL,NORMAL,True,522480.9204974669,5697044.290406496,,5,0.01,0.5,0.45,10.0,0.0,ground_equivalent_excess_collision_air_kerma_rate,uGy/h,,False,False,False,
1710,1710,NORMAL,NORMAL,True,522500.9204974669,5697064.290406496,,5,0.01,0.5,0.45,10.0,0.0,ground_equivalent_excess_collision_air_kerma_rate,uGy/h,,False,False,False,
1711,1711,NORMAL,NORMAL,True,522480.9204974669,5697044.290406496,,5,0.01,0.5,0.45,10.0,0.0,ground_equivalent_excess_collision_air_kerma_rate,uGy/h,,False,False,False,
1712,1712,NORMAL,NORMAL,True,522460.9204974669,5697044.290406496,,5,0.01,0.5,0.45,10.0,0.0,ground_equivalent_excess_collision_air_kerma_rate,uGy/h,,False,False,False,
1713,1713,NORMAL,NORMAL,True,522440.9204974669,5697024.290406496,,5,0.01,0.5,0.45,10.0,0.0,ground_equivalent_excess_collision_air_kerma_rate,uGy/h,,False,False,False,
1714,1714,NORMAL,NORMAL,True,522420.9204974669,5697024.290406496,,5,0.01,0.5,0.45,10.0,0.0,ground_equivalent_excess_collision_air_kerma_rate,uGy/h,,False,False,False,
1715,1715,NORMAL,NORMAL,True,522440.9204974669,5697024.290406496,,5,0.01,0.5,0.45,10.0,0.0,ground_equivalent_excess_collision_air_kerma_rate,uGy/h,,False,False,False,
1716,1716,NORMAL,NORMAL,True,522420.9204974669,5697024.290406496,,5,0.01,0.5,0.45,10.0,0.0,ground_equivalent_excess_collision_air_kerma_rate,uGy/h,,False,False,False,
1717,1717,NORMAL,NORMAL,True,522440.9204974669,5697004.290406496,,5,0.01,0.5,0.45,10.0,0.0,ground_equivalent_excess_collision_air_kerma_rate,uGy/h,,False,False,False,
1718,1718,NORMAL,NORMAL,True,522460.9204974669,5696984.290406497,,5,0.01,0.5,0.45,10.0,0.0,ground_equivalent_excess_collision_air_kerma_rate,uGy/h,,False,False,False,
1719,1719,NORMAL,NORMAL,True,522480.9204974669,5696964.290406497,,5,0.01,0.5,0.45,10.0,0.0,ground_equivalent_excess_collision_air_kerma_rate,uGy/h,,False,False,False,
1720,1720,NORMAL,NORMAL,True,522500.9204974669,5696944.290406497,,5,0.01,0.5,0.45,10.0,0.0,ground_equivalent_excess_collision_air_kerma_rate,uGy/h,,False,False,False,
1721,1721,NORMAL,NORMAL,True,522520.9204974669,5696924.290406497,,5,0.01,0.5,0.45,10.0,0.0,ground_equivalent_excess_collision_air_kerma_rate,uGy/h,,False,False,False,
1722,1722,NORMAL,NORMAL,True,522500.9204974669,5696944.290406497,,5,0.01,0.5,0.45,10.0,0.0,ground_equivalent_excess_collision_air_kerma_rate,uGy/h,,False,False,False,
1723,1723,NORMAL,NORMAL,True,522480.9204974669,5696924.290406497,,5,0.01,0.5,0.45,10.0,0.0,ground_equivalent_excess_collision_air_kerma_rate,uGy/h,,False,False,False,
1724,1724,NORMAL,NORMAL,True,522460.9204974669,5696904.290406497,,5,0.01,0.5,0.45,10.0,0.0,ground_equivalent_excess_collision_air_kerma_rate,uGy/h,,False,False,False,
1725,1725,NORMAL,NORMAL,True,522480.9204974669,5696904.290406497,,5,0.01,0.5,0.45,10.0,0.0,ground_equivalent_excess_collision_air_kerma_rate,uGy/h,,False,False,False,
1726,1726,NORMAL,NORMAL,True,522460.9204974669,5696924.290406497,,5,0.01,0.5,0.45,10.0,0.0,ground_equivalent_excess_collision_air_kerma_rate,uGy/h,,False,False,False,
1727,1727,NORMAL,NORMAL,True,522480.9204974669,5696904.290406497,,5,0.01,0.5,0.45,10.0,0.0,ground_equivalent_excess_collision_air_kerma_rate,uGy/h,,False,False,False,
1728,1728,NORMAL,NORMAL,True,522480.9204974669,5696884.290406497,,5,0.01,0.5,0.45,10.0,0.0,ground_equivalent_excess_collision_air_kerma_rate,uGy/h,,False,False,False,
1729,1729,NORMAL,NORMAL,True,522500.9204974669,5696884.290406497,,5,0.01,0.5,0.45,10.0,0.0,ground_equivalent_excess_collision_air_kerma_rate,uGy/h,,False,False,False,
1730,1730,NORMAL,NORMAL,True,522480.9204974669,5696884.290406497,,5,0.01,0.5,0.45,10.0,0.0,ground_equivalent_excess_collision_air_kerma_rate,uGy/h,,False,False,False,
1731,1731,NORMAL,NORMAL,True,522460.9204974669,5696904.290406497,,5,0.01,0.5,0.45,10.0,0.0,ground_equivalent_excess_collision_air_kerma_rate,uGy/h,,False,False,False,
1732,1732,NORMAL,NORMAL,True,522460.9204974669,5696884.290406497,,5,0.01,0.5,0.45,10.0,0.0,ground_equivalent_excess_collision_air_kerma_rate,uGy/h,,False,False,False,
1733,1733,NORMAL,NORMAL,True,522440.9204974669,5696864.290406497,,5,0.01,0.5,0.45,10.0,0.0,ground_equivalent_excess_collision_air_kerma_rate,uGy/h,,False,False,False,
1734,1734,NORMAL,NORMAL,True,522460.9204974669,5696864.290406497,,5,0.01,0.5,0.45,10.0,0.0,ground_equivalent_excess_collision_air_kerma_rate,uGy/h,,False,False,False,
1735,1735,NORMAL,NORMAL,True,522440.9204974669,5696864.290406497,,5,0.01,0.5,0.45,10.0,0.0,ground_equivalent_excess_collision_air_kerma_rate,uGy/h,,False,False,False,
1736,1736,NORMAL,NORMAL,True,522420.9204974669,5696884.290406497,,5,0.01,0.5,0.45,10.0,0.0,ground_equivalent_excess_collision_air_kerma_rate,uGy/h,,False,False,False,
1737,1737,NORMAL,NORMAL,True,522440.9204974669,5696884.290406497,,5,0.01,0.5,0.45,10.0,0.0,ground_equivalent_excess_collision_air_kerma_rate,uGy/h,,False,False,False,
1738,1738,NORMAL,NORMAL,True,522460.9204974669,5696864.290406497,,5,0.01,0.5,0.45,10.0,0.0,ground_equivalent_excess_collision_air_kerma_rate,uGy/h,,False,False,False,
1739,1739,NORMAL,NORMAL,True,522460.9204974669,5696844.290406497,,5,0.01,0.5,0.45,10.0,0.0,ground_equivalent_excess_collision_air_kerma_rate,uGy/h,,False,False,False,
1740,1740,NORMAL,NORMAL,True,522460.9204974669,5696824.290406497,,5,0.01,0.5,0.45,10.0,0.0,ground_equivalent_excess_collision_air_kerma_rate,uGy/h,,False,False,False,
1741,1741,NORMAL,NORMAL,True,522460.9204974669,5696844.290406497,,5,0.01,0.5,0.45,10.0,0.0,ground_equivalent_excess_collision_air_kerma_rate,uGy/h,,False,False,False,
1742,1742,NORMAL,NORMAL,True,522460.9204974669,5696824.290406497,,5,0.01,0.5,0.45,10.0,0.0,ground_equivalent_excess_collision_air_kerma_rate,uGy/h,,False,False,False,
1743,1743,NORMAL,NORMAL,True,522480.9204974669,5696824.290406497,,5,0.01,0.5,0.45,10.0,0.0,ground_equivalent_excess_collision_air_kerma_rate,uGy/h,,False,False,False,
1744,1744,NORMAL,NORMAL,True,522480.9204974669,5696844.290406497,,5,0.01,0.5,0.45,10.0,0.0,ground_equivalent_excess_collision_air_kerma_rate,uGy/h,,False,False,False,
1745,1745,NORMAL,NORMAL,True,522500.9204974669,5696864.290406497,,5,0.01,0.5,0.45,10.0,0.0,ground_equivalent_excess_collision_air_kerma_rate,uGy/h,,False,False,False,
1746,1746,NORMAL,NORMAL,True,522520.9204974669,5696844.290406497,,5,0.01,0.5,0.45,10.0,0.0,ground_equivalent_excess_collision_air_kerma_rate,uGy/h,,False,False,False,
1747,1747,NORMAL,NORMAL,True,522500.9204974669,5696824.290406497,,5,0.01,0.5,0.45,10.0,0.0,ground_equivalent_excess_collision_air_kerma_rate,uGy/h,,False,False,False,
1748,1748,NORMAL,NORMAL,True,522500.9204974669,5696844.290406497,,5,0.01,0.5,0.45,10.0,0.0,ground_equivalent_excess_collision_air_kerma_rate,uGy/h,,False,False,False,
1749,1749,NORMAL,NORMAL,True,522480.9204974669,5696864.290406497,,5,0.01,0.5,0.45,10.0,0.0,ground_equivalent_excess_collision_air_kerma_rate,uGy/h,,False,False,False,
1750,1750,NORMAL,NORMAL,True,522500.9204974669,5696844.290406497,,5,0.01,0.5,0.45,10.0,0.0,ground_equivalent_excess_collision_air_kerma_rate,uGy/h,,False,False,False,
1751,1751,NORMAL,NORMAL,True,522520.9204974669,5696844.290406497,,5,0.01,0.5,0.45,10.0,0.0,ground_equivalent_excess_collision_air_kerma_rate,uGy/h,,False,False,False,
1752,1752,NORMAL,NORMAL,True,522520.9204974669,5696824.290406497,,5,0.01,0.5,0.45,10.0,0.0,ground_equivalent_excess_collision_air_kerma_rate,uGy/h,,False,False,False,
1753,1753,NORMAL,NORMAL,True,522500.9204974669,5696844.290406497,,5,0.01,0.5,0.45,10.0,0.0,ground_equivalent_excess_collision_air_kerma_rate,uGy/h,,False,False,False,
1754,1754,NORMAL,NORMAL,True,522480.9204974669,5696864.290406497,,5,0.01,0.5,0.45,10.0,0.0,ground_equivalent_excess_collision_air_kerma_rate,uGy/h,,False,False,False,
1755,1755,NORMAL,NORMAL,True,522500.9204974669,5696844.290406497,,5,0.01,0.5,0.45,10.0,0.0,ground_equivalent_excess_collision_air_kerma_rate,uGy/h,,False,False,False,
1756,1756,NORMAL,NORMAL,True,522480.9204974669,5696844.290406497,,5,0.01,0.5,0.45,10.0,0.0,ground_equivalent_excess_collision_air_kerma_rate,uGy/h,,False,False,False,
1757,1757,NORMAL,NORMAL,True,522500.9204974669,5696824.290406497,,5,0.01,0.5,0.45,10.0,0.0,ground_equivalent_excess_collision_air_kerma_rate,uGy/h,,False,False,False,
1758,1758,NORMAL,NORMAL,True,522480.9204974669,5696804.290406497,,5,0.01,0.5,0.45,10.0,0.0,ground_equivalent_excess_collision_air_kerma_rate,uGy/h,,False,False,False,
1759,1759,NORMAL,NORMAL,True,522480.9204974669,5696784.290406497,,5,0.01,0.5,0.45,10.0,0.0,ground_equivalent_excess_collision_air_kerma_rate,uGy/h,,False,False,False,
1760,1760,NORMAL,NORMAL,True,522500.9204974669,5696804.290406497,,5,0.01,0.5,0.45,10.0,0.0,ground_equivalent_excess_collision_air_kerma_rate,uGy/h,,False,False,False,
1761,1761,NORMAL,NORMAL,True,522480.9204974669,5696804.290406497,,5,0.01,0.5,0.45,10.0,0.0,ground_equivalent_excess_collision_air_kerma_rate,uGy/h,,False,False,False,
1762,1762,NORMAL,NORMAL,True,522480.9204974669,5696784.290406497,,5,0.01,0.5,0.45,10.0,0.0,ground_equivalent_excess_collision_air_kerma_rate,uGy/h,,False,False,False,
1763,1763,NORMAL,NORMAL,True,522460.9204974669,5696764.290406497,,5,0.01,0.5,0.45,10.0,0.0,ground_equivalent_excess_collision_air_kerma_rate,uGy/h,,False,False,False,
1764,1764,NORMAL,NORMAL,True,522480.9204974669,5696744.290406497,,5,0.01,0.5,0.45,10.0,0.0,ground_equivalent_excess_collision_air_kerma_rate,uGy/h,,False,False,False,
1765,1765,NORMAL,NORMAL,True,522500.9204974669,5696764.290406497,,5,0.01,0.5,0.45,10.0,0.0,ground_equivalent_excess_collision_air_kerma_rate,uGy/h,,False,False,False,
1766,1766,NORMAL,NORMAL,True,522480.9204974669,5696764.290406497,,5,0.01,0.5,0.45,10.0,0.0,ground_equivalent_excess_collision_air_kerma_rate,uGy/h,,False,False,False,
1767,1767,NORMAL,NORMAL,True,522500.9204974669,5696784.290406497,,5,0.01,0.5,0.45,10.0,0.0,ground_equivalent_excess_collision_air_kerma_rate,uGy/h,,False,False,False,
1768,1768,NORMAL,NORMAL,True,522480.9204974669,5696784.290406497,,5,0.01,0.5,0.45,10.0,0.0,ground_equivalent_excess_collision_air_kerma_rate,uGy/h,,False,False,False,
1769,1769,NORMAL,NORMAL,True,522480.9204974669,5696804.290406497,,5,0.01,0.5,0.45,10.0,0.0,ground_equivalent_excess_collision_air_kerma_rate,uGy/h,,False,False,False,
1770,1770,NORMAL,NORMAL,True,522480.9204974669,5696824.290406497,,5,0.01,0.5,0.45,10.0,0.0,ground_equivalent_excess_collision_air_kerma_rate,uGy/h,,False,False,False,
1771,1771,NORMAL,NORMAL,True,522460.9204974669,5696804.290406497,,5,0.01,0.5,0.45,10.0,0.0,ground_equivalent_excess_collision_air_kerma_rate,uGy/h,,False,False,False,
1772,1772,NORMAL,NORMAL,True,522440.9204974669,5696784.290406497,,5,0.01,0.5,0.45,10.0,0.0,ground_equivalent_excess_collision_air_kerma_rate,uGy/h,,False,False,False,
1773,1773,NORMAL,NORMAL,True,522420.9204974669,5696804.290406497,,5,0.01,0.5,0.45,10.0,0.0,ground_equivalent_excess_collision_air_kerma_rate,uGy/h,,False,False,False,
1774,1774,NORMAL,NORMAL,True,522400.9204974669,5696804.290406497,,5,0.01,0.5,0.45,10.0,0.0,ground_equivalent_excess_collision_air_kerma_rate,uGy/h,,False,False,False,
1775,1775,NORMAL,NORMAL,True,522420.9204974669,5696824.290406497,,5,0.01,0.5,0.45,10.0,0.0,ground_equivalent_excess_collision_air_kerma_rate,uGy/h,,False,False,False,
1776,1776,NORMAL,NORMAL,True,522440.9204974669,5696844.290406497,,5,0.01,0.5,0.45,10.0,0.0,ground_equivalent_excess_collision_air_kerma_rate,uGy/h,,False,False,False,
1777,1777,NORMAL,NORMAL,True,522440.9204974669,5696824.290406497,,5,0.01,0.5,0.45,10.0,0.0,ground_equivalent_excess_collision_air_kerma_rate,uGy/h,,False,False,False,
1778,1778,NORMAL,NORMAL,True,522420.9204974669,5696844.290406497,,5,0.01,0.5,0.45,10.0,0.0,ground_equivalent_excess_collision_air_kerma_rate,uGy/h,,False,False,False,
1779,1779,NORMAL,NORMAL,True,522440.9204974669,5696864.290406497,,5,0.01,0.5,0.45,10.0,0.0,ground_equivalent_excess_collision_air_kerma_rate,uGy/h,,False,False,False,
1780,1780,NORMAL,NORMAL,True,522460.9204974669,5696884.290406497,,5,0.01,0.5,0.45,10.0,0.0,ground_equivalent_excess_collision_air_kerma_rate,uGy/h,,False,False,False,
1781,1781,NORMAL,NORMAL,True,522480.9204974669,5696864.290406497,,5,0.01,0.5,0.45,10.0,0.0,ground_equivalent_excess_collision_air_kerma_rate,uGy/h,,False,False,False,
1782,1782,NORMAL,NORMAL,True,522480.9204974669,5696884.290406497,,5,0.01,0.5,0.45,10.0,0.0,ground_equivalent_excess_collision_air_kerma_rate,uGy/h,,False,False,False,
1783,1783,NORMAL,NORMAL,True,522460.9204974669,5696904.290406497,,5,0.01,0.5,0.45,10.0,0.0,ground_equivalent_excess_collision_air_kerma_rate,uGy/h,,False,False,False,
1784,1784,NORMAL,NORMAL,True,522480.9204974669,5696924.290406497,,5,0.01,0.5,0.45,10.0,0.0,ground_equivalent_excess_collision_air_kerma_rate,uGy/h,,False,False,False,
1785,1785,NORMAL,NORMAL,True,522480.9204974669,5696904.290406497,,5,0.01,0.5,0.45,10.0,0.0,ground_equivalent_excess_collision_air_kerma_rate,uGy/h,,False,False,False,
1786,1786,NORMAL,NORMAL,True,522500.9204974669,5696904.290406497,,5,0.01,0.5,0.45,10.0,0.0,ground_equivalent_excess_collision_air_kerma_rate,uGy/h,,False,False,False,
1787,1787,NORMAL,NORMAL,True,522480.9204974669,5696884.290406497,,5,0.01,0.5,0.45,10.0,0.0,ground_equivalent_excess_collision_air_kerma_rate,uGy/h,,False,False,False,
1788,1788,NORMAL,NORMAL,True,522500.9204974669,5696864.290406497,,5,0.01,0.5,0.45,10.0,0.0,ground_equivalent_excess_collision_air_kerma_rate,uGy/h,,False,False,False,
1789,1789,NORMAL,NORMAL,True,522480.9204974669,5696844.290406497,,5,0.01,0.5,0.45,10.0,0.0,ground_equivalent_excess_collision_air_kerma_rate,uGy/h,,False,False,False,
1790,1790,NORMAL,NORMAL,True,522460.9204974669,5696844.290406497,,5,0.01,0.5,0.45,10.0,0.0,ground_equivalent_excess_collision_air_kerma_rate,uGy/h,,False,False,False,
1791,1791,NORMAL,NORMAL,True,522460.9204974669,5696864.290406497,,5,0.01,0.5,0.45,10.0,0.0,ground_equivalent_excess_collision_air_kerma_rate,uGy/h,,False,False,False,
1792,1792,NORMAL,NORMAL,True,522440.9204974669,5696884.290406497,,5,0.01,0.5,0.45,10.0,0.0,ground_equivalent_excess_collision_air_kerma_rate,uGy/h,,False,False,False,
1793,1793,NORMAL,NORMAL,True,522460.9204974669,5696864.290406497,,5,0.01,0.5,0.45,10.0,0.0,ground_equivalent_excess_collision_air_kerma_rate,uGy/h,,False,False,False,
1794,1794,NORMAL,NORMAL,True,522440.9204974669,5696864.290406497,,5,0.01,0.5,0.45,10.0,0.0,ground_equivalent_excess_collision_air_kerma_rate,uGy/h,,False,False,False,
1795,1795,NORMAL,NORMAL,True,522460.9204974669,5696844.290406497,,5,0.01,0.5,0.45,10.0,0.0,ground_equivalent_excess_collision_air_kerma_rate,uGy/h,,False,False,False,
1796,1796,NORMAL,NORMAL,True,522440.9204974669,5696864.290406497,,5,0.01,0.5,0.45,10.0,0.0,ground_equivalent_excess_collision_air_kerma_rate,uGy/h,,False,False,False,
1797,1797,NORMAL,NORMAL,True,522460.9204974669,5696844.290406497,,5,0.01,0.5,0.45,10.0,0.0,ground_equivalent_excess_collision_air_kerma_rate,uGy/h,,False,False,False,
1798,1798,NORMAL,NORMAL,True,522440.9204974669,5696824.290406497,,5,0.01,0.5,0.45,10.0,0.0,ground_equivalent_excess_collision_air_kerma_rate,uGy/h,,False,False,False,
1799,1799,NORMAL,NORMAL,True,522460.9204974669,5696824.290406497,,5,0.01,0.5,0.45,10.0,0.0,ground_equivalent_excess_collision_air_kerma_rate,uGy/h,,False,False,False,
1800,1800,NORMAL,NORMAL,True,522460.9204974669,5696844.290406497,,5,0.01,0.5,0.45,10.0,0.0,ground_equivalent_excess_collision_air_kerma_rate,uGy/h,,False,False,False,
1801,1801,NORMAL,NORMAL,True,522440.9204974669,5696844.290406497,,5,0.01,0.5,0.45,10.0,0.0,ground_equivalent_excess_collision_air_kerma_rate,uGy/h,,False,False,False,
1802,1802,NORMAL,NORMAL,True,522440.9204974669,5696824.290406497,,5,0.01,0.5,0.45,10.0,0.0,ground_equivalent_excess_collision_air_kerma_rate,uGy/h,,False,False,False,
1803,1803,NORMAL,NORMAL,True,522420.9204974669,5696804.290406497,,5,0.01,0.5,0.45,10.0,0.0,ground_equivalent_excess_collision_air_kerma_rate,uGy/h,,False,False,False,
1804,1804,NORMAL,NORMAL,True,522440.9204974669,5696824.290406497,,5,0.01,0.5,0.45,10.0,0.0,ground_equivalent_excess_collision_air_kerma_rate,uGy/h,,False,False,False,
1805,1805,NORMAL,NORMAL,True,522440.9204974669,5696844.290406497,,5,0.01,0.5,0.45,10.0,0.0,ground_equivalent_excess_collision_air_kerma_rate,uGy/h,,False,False,False,
1806,1806,NORMAL,NORMAL,True,522440.9204974669,5696824.290406497,,5,0.01,0.5,0.45,10.0,0.0,ground_equivalent_excess_collision_air_kerma_rate,uGy/h,,False,False,False,
1807,1807,NORMAL,NORMAL,True,522420.9204974669,5696804.290406497,,5,0.01,0.5,0.45,10.0,0.0,ground_equivalent_excess_collision_air_kerma_rate,uGy/h,,False,False,False,
1808,1808,NORMAL,NORMAL,True,522420.9204974669,5696784.290406497,,5,0.01,0.5,0.45,10.0,0.0,ground_equivalent_excess_collision_air_kerma_rate,uGy/h,,False,False,False,
1809,1809,NORMAL,NORMAL,True,522440.9204974669,5696784.290406497,,5,0.01,0.5,0.45,10.0,0.0,ground_equivalent_excess_collision_air_kerma_rate,uGy/h,,False,False,False,
1810,1810,NORMAL,NORMAL,True,522440.9204974669,5696804.290406497,,5,0.01,0.5,0.45,10.0,0.0,ground_equivalent_excess_collision_air_kerma_rate,uGy/h,,False,False,False,
1811,1811,NORMAL,NORMAL,True,522440.9204974669,5696784.290406497,,5,0.01,0.5,0.45,10.0,0.0,ground_equivalent_excess_collision_air_kerma_rate,uGy/h,,False,False,False,
1812,1812,NORMAL,NORMAL,True,522440.9204974669,5696804.290406497,,5,0.01,0.5,0.45,10.0,0.0,ground_equivalent_excess_collision_air_kerma_rate,uGy/h,,False,False,False,
1813,1813,NORMAL,NORMAL,True,522420.9204974669,5696784.290406497,,5,0.01,0.5,0.45,10.0,0.0,ground_equivalent_excess_collision_air_kerma_rate,uGy/h,,False,False,False,
1814,1814,NORMAL,NORMAL,True,522420.9204974669,5696804.290406497,,5,0.01,0.5,0.45,10.0,0.0,ground_equivalent_excess_collision_air_kerma_rate,uGy/h,,False,False,False,
1815,1815,NORMAL,NORMAL,True,522440.9204974669,5696784.290406497,,5,0.01,0.5,0.45,10.0,0.0,ground_equivalent_excess_collision_air_kerma_rate,uGy/h,,False,False,False,
1816,1816,NORMAL,NORMAL,True,522460.9204974669,5696804.290406497,,5,0.01,0.5,0.45,10.0,0.0,ground_equivalent_excess_collision_air_kerma_rate,uGy/h,,False,False,False,
1817,1817,NORMAL,NORMAL,True,522440.9204974669,5696804.290406497,,5,0.01,0.5,0.45,10.0,0.0,ground_equivalent_excess_collision_air_kerma_rate,uGy/h,,False,False,False,
1818,1818,NORMAL,NORMAL,True,522460.9204974669,5696784.290406497,,5,0.01,0.5,0.45,10.0,0.0,ground_equivalent_excess_collision_air_kerma_rate,uGy/h,,False,False,False,
1819,1819,NORMAL,NORMAL,True,522460.9204974669,5696764.290406497,,5,0.01,0.5,0.45,10.0,0.0,ground_equivalent_excess_collision_air_kerma_rate,uGy/h,,False,False,False,
1820,1820,NORMAL,NORMAL,True,522460.9204974669,5696784.290406497,,5,0.01,0.5,0.45,10.0,0.0,ground_equivalent_excess_collision_air_kerma_rate,uGy/h,,False,False,False,
1821,1821,NORMAL,NORMAL,True,522440.9204974669,5696784.290406497,,5,0.01,0.5,0.45,10.0,0.0,ground_equivalent_excess_collision_air_kerma_rate,uGy/h,,False,False,False,
1822,1822,NORMAL,NORMAL,True,522460.9204974669,5696764.290406497,,5,0.01,0.5,0.45,10.0,0.0,ground_equivalent_excess_collision_air_kerma_rate,uGy/h,,False,False,False,
1823,1823,NORMAL,NORMAL,True,522440.9204974669,5696784.290406497,,5,0.01,0.5,0.45,10.0,0.0,ground_equivalent_excess_collision_air_kerma_rate,uGy/h,,False,False,False,
1824,1824,NORMAL,NORMAL,True,522460.9204974669,5696784.290406497,,5,0.01,0.5,0.45,10.0,0.0,ground_equivalent_excess_collision_air_kerma_rate,uGy/h,,False,False,False,
1825,1825,NORMAL,NORMAL,True,522440.9204974669,5696804.290406497,,5,0.01,0.5,0.45,10.0,0.0,ground_equivalent_excess_collision_air_kerma_rate,uGy/h,,False,False,False,
1826,1826,NORMAL,NORMAL,True,522420.9204974669,5696804.290406497,,5,0.01,0.5,0.45,10.0,0.0,ground_equivalent_excess_collision_air_kerma_rate,uGy/h,,False,False,False,
1827,1827,NORMAL,NORMAL,True,522420.9204974669,5696784.290406497,,5,0.01,0.5,0.45,10.0,0.0,ground_equivalent_excess_collision_air_kerma_rate,uGy/h,,False,False,False,
1828,1828,NORMAL,NORMAL,True,522420.9204974669,5696764.290406497,,5,0.01,0.5,0.45,10.0,0.0,ground_equivalent_excess_collision_air_kerma_rate,uGy/h,,False,False,False,
1829,1829,NORMAL,NORMAL,True,522420.9204974669,5696744.290406497,,5,0.01,0.5,0.45,10.0,0.0,ground_equivalent_excess_collision_air_kerma_rate,uGy/h,,False,False,False,
1830,1830,NORMAL,NORMAL,True,522420.9204974669,5696764.290406497,,5,0.01,0.5,0.45,10.0,0.0,ground_equivalent_excess_collision_air_kerma_rate,uGy/h,,False,False,False,
1831,1831,NORMAL,NORMAL,True,522440.9204974669,5696764.290406497,,5,0.01,0.5,0.45,10.0,0.0,ground_equivalent_excess_collision_air_kerma_rate,uGy/h,,False,False,False,
1832,1832,NORMAL,NORMAL,True,522420.9204974669,5696784.290406497,,5,0.01,0.5,0.45,10.0,0.0,ground_equivalent_excess_collision_air_kerma_rate,uGy/h,,False,False,False,
1833,1833,NORMAL,NORMAL,True,522440.9204974669,5696804.290406497,,5,0.01,0.5,0.45,10.0,0.0,ground_equivalent_excess_collision_air_kerma_rate,uGy/h,,False,False,False,
1834,1834,NORMAL,NORMAL,True,522440.9204974669,5696784.290406497,,5,0.01,0.5,0.45,10.0,0.0,ground_equivalent_excess_collision_air_kerma_rate,uGy/h,,False,False,False,
1835,1835,NORMAL,NORMAL,True,522460.9204974669,5696804.290406497,,5,0.01,0.5,0.45,10.0,0.0,ground_equivalent_excess_collision_air_kerma_rate,uGy/h,,False,False,False,
1836,1836,NORMAL,NORMAL,True,522480.9204974669,5696824.290406497,,5,0.01,0.5,0.45,10.0,0.0,ground_equivalent_excess_collision_air_kerma_rate,uGy/h,,False,False,False,
1837,1837,NORMAL,NORMAL,True,522500.9204974669,5696824.290406497,,5,0.01,0.5,0.45,10.0,0.0,ground_equivalent_excess_collision_air_kerma_rate,uGy/h,,False,False,False,
1838,1838,NORMAL,NORMAL,True,522520.9204974669,5696824.290406497,,5,0.01,0.5,0.45,10.0,0.0,ground_equivalent_excess_collision_air_kerma_rate,uGy/h,,False,False,False,
1839,1839,NORMAL,NORMAL,True,522520.9204974669,5696804.290406497,,5,0.01,0.5,0.45,10.0,0.0,ground_equivalent_excess_collision_air_kerma_rate,uGy/h,,False,False,False,
1840,1840,NORMAL,NORMAL,True,522520.9204974669,5696784.290406497,,5,0.01,0.5,0.45,10.0,0.0,ground_equivalent_excess_collision_air_kerma_rate,uGy/h,,False,False,False,
1841,1841,NORMAL,NORMAL,True,522500.9204974669,5696764.290406497,,5,0.01,0.5,0.45,10.0,0.0,ground_equivalent_excess_collision_air_kerma_rate,uGy/h,,False,False,False,
1842,1842,NORMAL,NORMAL,True,522480.9204974669,5696784.290406497,,5,0.01,0.5,0.45,10.0,0.0,ground_equivalent_excess_collision_air_kerma_rate,uGy/h,,False,False,False,
1843,1843,NORMAL,NORMAL,True,522460.9204974669,5696784.290406497,,5,0.01,0.5,0.45,10.0,0.0,ground_equivalent_excess_collision_air_kerma_rate,uGy/h,,False,False,False,
1844,1844,NORMAL,NORMAL,True,522460.9204974669,5696764.290406497,,5,0.01,0.5,0.45,10.0,0.0,ground_equivalent_excess_collision_air_kerma_rate,uGy/h,,False,False,False,
1845,1845,NORMAL,NORMAL,True,522460.9204974669,5696744.290406497,,5,0.01,0.5,0.45,10.0,0.0,ground_equivalent_excess_collision_air_kerma_rate,uGy/h,,False,False,False,
1846,1846,NORMAL,NORMAL,True,522440.9204974669,5696724.290406497,,5,0.01,0.5,0.45,10.0,0.0,ground_equivalent_excess_collision_air_kerma_rate,uGy/h,,False,False,False,
1847,1847,NORMAL,NORMAL,True,522420.9204974669,5696744.290406497,,5,0.01,0.5,0.45,10.0,0.0,ground_equivalent_excess_collision_air_kerma_rate,uGy/h,,False,False,False,
1848,1848,NORMAL,NORMAL,True,522420.9204974669,5696764.290406497,,5,0.01,0.5,0.45,10.0,0.0,ground_equivalent_excess_collision_air_kerma_rate,uGy/h,,False,False,False,
1849,1849,NORMAL,NORMAL,True,522420.9204974669,5696784.290406497,,5,0.01,0.5,0.45,10.0,0.0,ground_equivalent_excess_collision_air_kerma_rate,uGy/h,,False,False,False,
1850,1850,NORMAL,NORMAL,True,522420.9204974669,5696764.290406497,,5,0.01,0.5,0.45,10.0,0.0,ground_equivalent_excess_collision_air_kerma_rate,uGy/h,,False,False,False,
1851,1851,NORMAL,NORMAL,True,522420.9204974669,5696744.290406497,,5,0.01,0.5,0.45,10.0,0.0,ground_equivalent_excess_collision_air_kerma_rate,uGy/h,,False,False,False,
1852,1852,NORMAL,NORMAL,True,522440.9204974669,5696724.290406497,,5,0.01,0.5,0.45,10.0,0.0,ground_equivalent_excess_collision_air_kerma_rate,uGy/h,,False,False,False,
1853,1853,NORMAL,NORMAL,True,522440.9204974669,5696744.290406497,,5,0.01,0.5,0.45,10.0,0.0,ground_equivalent_excess_collision_air_kerma_rate,uGy/h,,False,False,False,
1854,1854,NORMAL,NORMAL,True,522440.9204974669,5696764.290406497,,5,0.01,0.5,0.45,10.0,0.0,ground_equivalent_excess_collision_air_kerma_rate,uGy/h,,False,False,False,
1855,1855,NORMAL,NORMAL,True,522460.9204974669,5696744.290406497,,5,0.01,0.5,0.45,10.0,0.0,ground_equivalent_excess_collision_air_kerma_rate,uGy/h,,False,False,False,
1856,1856,NORMAL,NORMAL,True,522440.9204974669,5696724.290406497,,5,0.01,0.5,0.45,10.0,0.0,ground_equivalent_excess_collision_air_kerma_rate,uGy/h,,False,False,False,
1857,1857,NORMAL,NORMAL,True,522460.9204974669,5696704.290406497,,5,0.01,0.5,0.45,10.0,0.0,ground_equivalent_excess_collision_air_kerma_rate,uGy/h,,False,False,False,
1858,1858,NORMAL,NORMAL,True,522460.9204974669,5696724.290406497,,5,0.01,0.5,0.45,10.0,0.0,ground_equivalent_excess_collision_air_kerma_rate,uGy/h,,False,False,False,
1859,1859,NORMAL,NORMAL,True,522460.9204974669,5696704.290406497,,5,0.01,0.5,0.45,10.0,0.0,ground_equivalent_excess_collision_air_kerma_rate,uGy/h,,False,False,False,
1860,1860,NORMAL,NORMAL,True,522460.9204974669,5696724.290406497,,5,0.01,0.5,0.45,10.0,0.0,ground_equivalent_excess_collision_air_kerma_rate,uGy/h,,False,False,False,
1861,1861,NORMAL,NORMAL,True,522440.9204974669,5696724.290406497,,5,0.01,0.5,0.45,10.0,0.0,ground_equivalent_excess_collision_air_kerma_rate,uGy/h,,False,False,False,
1862,1862,NORMAL,NORMAL,True,522440.9204974669,5696704.290406497,,5,0.01,0.5,0.45,10.0,0.0,ground_equivalent_excess_collision_air_kerma_rate,uGy/h,,False,False,False,
1863,1863,NORMAL,NORMAL,True,522460.9204974669,5696724.290406497,,5,0.01,0.5,0.45,10.0,0.0,ground_equivalent_excess_collision_air_kerma_rate,uGy/h,,False,False,False,
1864,1864,NORMAL,NORMAL,True,522480.9204974669,5696724.290406497,,5,0.01,0.5,0.45,10.0,0.0,ground_equivalent_excess_collision_air_kerma_rate,uGy/h,,False,False,False,
1865,1865,NORMAL,NORMAL,True,522460.9204974669,5696744.290406497,,5,0.01,0.5,0.45,10.0,0.0,ground_equivalent_excess_collision_air_kerma_rate,uGy/h,,False,False,False,
1866,1866,NORMAL,NORMAL,True,522440.9204974669,5696724.290406497,,5,0.01,0.5,0.45,10.0,0.0,ground_equivalent_excess_collision_air_kerma_rate,uGy/h,,False,False,False,
1867,1867,NORMAL,NORMAL,True,522460.9204974669,5696724.290406497,,5,0.01,0.5,0.45,10.0,0.0,ground_equivalent_excess_collision_air_kerma_rate,uGy/h,,False,False,False,
1868,1868,NORMAL,NORMAL,True,522440.9204974669,5696744.290406497,,5,0.01,0.5,0.45,10.0,0.0,ground_equivalent_excess_collision_air_kerma_rate,uGy/h,,False,False,False,
1869,1869,NORMAL,NORMAL,True,522420.9204974669,5696764.290406497,,5,0.01,0.5,0.45,10.0,0.0,ground_equivalent_excess_collision_air_kerma_rate,uGy/h,,False,False,False,
1870,1870,NORMAL,NORMAL,True,522420.9204974669,5696744.290406497,,5,0.01,0.5,0.45,10.0,0.0,ground_equivalent_excess_collision_air_kerma_rate,uGy/h,,False,False,False,
1871,1871,NORMAL,NORMAL,True,522420.9204974669,5696764.290406497,,5,0.01,0.5,0.45,10.0,0.0,ground_equivalent_excess_collision_air_kerma_rate,uGy/h,,False,False,False,
1872,1872,NORMAL,NORMAL,True,522440.9204974669,5696784.290406497,,5,0.01,0.5,0.45,10.0,0.0,ground_equivalent_excess_collision_air_kerma_rate,uGy/h,,False,False,False,
1873,1873,NORMAL,NORMAL,True,522440.9204974669,5696804.290406497,,5,0.01,0.5,0.45,10.0,0.0,ground_equivalent_excess_collision_air_kerma_rate,uGy/h,,False,False,False,
1874,1874,NORMAL,NORMAL,True,522440.9204974669,5696784.290406497,,5,0.01,0.5,0.45,10.0,0.0,ground_equivalent_excess_collision_air_kerma_rate,uGy/h,,False,False,False,
1875,1875,NORMAL,NORMAL,True,522460.9204974669,5696804.290406497,,5,0.01,0.5,0.45,10.0,0.0,ground_equivalent_excess_collision_air_kerma_rate,uGy/h,,False,False,False,
1876,1876,NORMAL,NORMAL,True,522440.9204974669,5696824.290406497,,5,0.01,0.5,0.45,10.0,0.0,ground_equivalent_excess_collision_air_kerma_rate,uGy/h,,False,False,False,
1877,1877,NORMAL,NORMAL,True,522420.9204974669,5696804.290406497,,5,0.01,0.5,0.45,10.0,0.0,ground_equivalent_excess_collision_air_kerma_rate,uGy/h,,False,False,False,
1878,1878,NORMAL,NORMAL,True,522420.9204974669,5696784.290406497,,5,0.01,0.5,0.45,10.0,0.0,ground_equivalent_excess_collision_air_kerma_rate,uGy/h,,False,False,False,
1879,1879,NORMAL,NORMAL,True,522440.9204974669,5696804.290406497,,5,0.01,0.5,0.45,10.0,0.0,ground_equivalent_excess_collision_air_kerma_rate,uGy/h,,False,False,False,
1880,1880,NORMAL,NORMAL,True,522440.9204974669,5696784.290406497,,5,0.01,0.5,0.45,10.0,0.0,ground_equivalent_excess_collision_air_kerma_rate,uGy/h,,False,False,False,
1881,1881,NORMAL,NORMAL,True,522420.9204974669,5696764.290406497,,5,0.01,0.5,0.45,10.0,0.0,ground_equivalent_excess_collision_air_kerma_rate,uGy/h,,False,False,False,
1882,1882,NORMAL,NORMAL,True,522440.9204974669,5696764.290406497,,5,0.01,0.5,0.45,10.0,0.0,ground_equivalent_excess_collision_air_kerma_rate,uGy/h,,False,False,False,
1883,1883,NORMAL,NORMAL,True,522460.9204974669,5696764.290406497,,5,0.01,0.5,0.45,10.0,0.0,ground_equivalent_excess_collision_air_kerma_rate,uGy/h,,False,False,False,
1884,1884,NORMAL,NORMAL,True,522480.9204974669,5696764.290406497,,5,0.01,0.5,0.45,10.0,0.0,ground_equivalent_excess_collision_air_kerma_rate,uGy/h,,False,False,False,
1885,1885,NORMAL,NORMAL,True,522460.9204974669,5696784.290406497,,5,0.01,0.5,0.45,10.0,0.0,ground_equivalent_excess_collision_air_kerma_rate,uGy/h,,False,False,False,
1886,1886,NORMAL,NORMAL,True,522480.9204974669,5696804.290406497,,5,0.01,0.5,0.45,10.0,0.0,ground_equivalent_excess_collision_air_kerma_rate,uGy/h,,False,False,False,
1887,1887,NORMAL,NORMAL,True,522480.9204974669,5696824.290406497,,5,0.01,0.5,0.45,10.0,0.0,ground_equivalent_excess_collision_air_kerma_rate,uGy/h,,False,False,False,
1888,1888,NORMAL,NORMAL,True,522460.9204974669,5696804.290406497,,5,0.01,0.5,0.45,10.0,0.0,ground_equivalent_excess_collision_air_kerma_rate,uGy/h,,False,False,False,
1889,1889,NORMAL,NORMAL,True,522440.9204974669,5696784.290406497,,5,0.01,0.5,0.45,10.0,0.0,ground_equivalent_excess_collision_air_kerma_rate,uGy/h,,False,False,False,
1890,1890,NORMAL,NORMAL,True,522420.9204974669,5696764.290406497,,5,0.01,0.5,0.45,10.0,0.0,ground_equivalent_excess_collision_air_kerma_rate,uGy/h,,False,False,False,
1891,1891,NORMAL,NORMAL,True,522440.9204974669,5696744.290406497,,5,0.01,0.5,0.45,10.0,0.0,ground_equivalent_excess_collision_air_kerma_rate,uGy/h,,False,False,False,
1892,1892,NORMAL,NORMAL,True,522420.9204974669,5696744.290406497,,5,0.01,0.5,0.45,10.0,0.0,ground_equivalent_excess_collision_air_kerma_rate,uGy/h,,False,False,False,
1893,1893,NORMAL,NORMAL,True,522440.9204974669,5696764.290406497,,5,0.01,0.5,0.45,10.0,0.0,ground_equivalent_excess_collision_air_kerma_rate,uGy/h,,False,False,False,
1894,1894,NORMAL,NORMAL,True,522460.9204974669,5696744.290406497,,5,0.01,0.5,0.45,10.0,0.0,ground_equivalent_excess_collision_air_kerma_rate,uGy/h,,False,False,False,
1895,1895,NORMAL,NORMAL,True,522440.9204974669,5696724.290406497,,5,0.01,0.5,0.45,10.0,0.0,ground_equivalent_excess_collision_air_kerma_rate,uGy/h,,False,False,False,
1896,1896,NORMAL,NORMAL,True,522460.9204974669,5696744.290406497,,5,0.01,0.5,0.45,10.0,0.0,ground_equivalent_excess_collision_air_kerma_rate,uGy/h,,False,False,False,
1897,1897,NORMAL,NORMAL,True,522480.9204974669,5696724.290406497,,5,0.01,0.5,0.45,10.0,0.0,ground_equivalent_excess_collision_air_kerma_rate,uGy/h,,False,False,False,
1898,1898,NORMAL,NORMAL,True,522500.9204974669,5696744.290406497,,5,0.01,0.5,0.45,10.0,0.0,ground_equivalent_excess_collision_air_kerma_rate,uGy/h,,False,False,False,
1899,1899,NORMAL,NORMAL,True,522500.9204974669,5696764.290406497,,5,0.01,0.5,0.45,10.0,0.0,ground_equivalent_excess_collision_air_kerma_rate,uGy/h,,False,False,False,
1900,1900,NORMAL,NORMAL,True,522520.9204974669,5696784.290406497,,5,0.01,0.5,0.45,10.0,0.0,ground_equivalent_excess_collision_air_kerma_rate,uGy/h,,False,False,False,
1901,1901,NORMAL,NORMAL,True,522520.9204974669,5696804.290406497,,5,0.01,0.5,0.45,10.0,0.0,ground_equivalent_excess_collision_air_kerma_rate,uGy/h,,False,False,False,
1902,1902,NORMAL,NORMAL,True,522520.9204974669,5696784.290406497,,5,0.01,0.5,0.45,10.0,0.0,ground_equivalent_excess_collision_air_kerma_rate,uGy/h,,False,False,False,
1903,1903,NORMAL,NORMAL,True,522500.9204974669,5696804.290406497,,5,0.01,0.5,0.45,10.0,0.0,ground_equivalent_excess_collision_air_kerma_rate,uGy/h,,False,False,False,
1904,1904,NORMAL,NORMAL,True,522480.9204974669,5696804.290406497,,5,0.01,0.5,0.45,10.0,0.0,ground_equivalent_excess_collision_air_kerma_rate,uGy/h,,False,False,False,
1905,1905,NORMAL,NORMAL,True,522460.9204974669,5696824.290406497,,5,0.01,0.5,0.45,10.0,0.0,ground_equivalent_excess_collision_air_kerma_rate,uGy/h,,False,False,False,
1906,1906,NORMAL,NORMAL,True,522440.9204974669,5696844.290406497,,5,0.01,0.5,0.45,10.0,0.0,ground_equivalent_excess_collision_air_kerma_rate,uGy/h,,False,False,False,
1907,1907,NORMAL,NORMAL,True,522460.9204974669,5696844.290406497,,5,0.01,0.5,0.45,10.0,0.0,ground_equivalent_excess_collision_air_kerma_rate,uGy/h,,False,False,False,
1908,1908,NORMAL,NORMAL,True,522480.9204974669,5696824.290406497,,5,0.01,0.5,0.45,10.0,0.0,ground_equivalent_excess_collision_air_kerma_rate,uGy/h,,False,False,False,
1909,1909,NORMAL,NORMAL,True,522500.9204974669,5696844.290406497,,5,0.01,0.5,0.45,10.0,0.0,ground_equivalent_excess_collision_air_kerma_rate,uGy/h,,False,False,False,
1910,1910,NORMAL,NORMAL,True,522480.9204974669,5696864.290406497,,5,0.01,0.5,0.45,10.0,0.0,ground_equivalent_excess_collision_air_kerma_rate,uGy/h,,False,False,False,
1911,1911,NORMAL,NORMAL,True,522500.9204974669,5696884.290406497,,5,0.01,0.5,0.45,10.0,0.0,ground_equivalent_excess_collision_air_kerma_rate,uGy/h,,False,False,False,
1912,1912,NORMAL,NORMAL,True,522500.9204974669,5696864.290406497,,5,0.01,0.5,0.45,10.0,0.0,ground_equivalent_excess_collision_air_kerma_rate,uGy/h,,False,False,False,
1913,1913,NORMAL,NORMAL,True,522500.9204974669,5696884.290406497,,5,0.01,0.5,0.45,10.0,0.0,ground_equivalent_excess_collision_air_kerma_rate,uGy/h,,False,False,False,
1914,1914,NORMAL,NORMAL,True,522520.9204974669,5696864.290406497,,5,0.01,0.5,0.45,10.0,0.0,ground_equivalent_excess_collision_air_kerma_rate,uGy/h,,False,False,False,
1915,1915,NORMAL,NORMAL,True,522500.9204974669,5696864.290406497,,5,0.01,0.5,0.45,10.0,0.0,ground_equivalent_excess_collision_air_kerma_rate,uGy/h,,False,False,False,
1916,1916,NORMAL,NORMAL,True,522500.9204974669,5696884.290406497,,5,0.01,0.5,0.45,10.0,0.0,ground_equivalent_excess_collision_air_kerma_rate,uGy/h,,False,False,False,
1917,1917,NORMAL,NORMAL,True,522520.9204974669,5696864.290406497,,5,0.01,0.5,0.45,10.0,0.0,ground_equivalent_excess_collision_air_kerma_rate,uGy/h,,False,False,False,
1918,1918,NORMAL,NORMAL,True,522540.9204974669,5696844.290406497,,5,0.01,0.5,0.45,10.0,0.0,ground_equivalent_excess_collision_air_kerma_rate,uGy/h,,False,False,False,
1919,1919,NORMAL,NORMAL,True,522560.9204974669,5696864.290406497,,5,0.01,0.5,0.45,10.0,0.0,ground_equivalent_excess_collision_air_kerma_rate,uGy/h,,False,False,False,
1920,1920,NORMAL,NORMAL,True,522580.9204974669,5696884.290406497,,5,0.01,0.5,0.45,10.0,0.0,ground_equivalent_excess_collision_air_kerma_rate,uGy/h,,False,False,False,
1921,1921,NORMAL,NORMAL,True,522600.9204974669,5696864.290406497,,5,0.01,0.5,0.45,10.0,0.0,ground_equivalent_excess_collision_air_kerma_rate,uGy/h,,False,False,False,
1922,1922,NORMAL,NORMAL,True,522620.9204974669,5696844.290406497,,5,0.01,0.5,0.45,10.0,0.0,ground_equivalent_excess_collision_air_kerma_rate,uGy/h,,False,False,False,
1923,1923,NORMAL,NORMAL,True,522620.9204974669,5696824.290406497,,5,0.01,0.5,0.45,10.0,0.0,ground_equivalent_excess_collision_air_kerma_rate,uGy/h,,False,False,False,
1924,1924,NORMAL,NORMAL,True,522600.9204974669,5696804.290406497,,5,0.01,0.5,0.45,10.0,0.0,ground_equivalent_excess_collision_air_kerma_rate,uGy/h,,False,False,False,
1925,1925,NORMAL,NORMAL,True,522620.9204974669,5696804.290406497,,5,0.01,0.5,0.45,10.0,0.0,ground_equivalent_excess_collision_air_kerma_rate,uGy/h,,False,False,False,
1926,1926,NORMAL,NORMAL,True,522640.9204974669,5696784.290406497,,5,0.01,0.5,0.45,10.0,0.0,ground_equivalent_excess_collision_air_kerma_rate,uGy/h,,False,False,False,
1927,1927,NORMAL,NORMAL,True,522640.9204974669,5696804.290406497,,5,0.01,0.5,0.45,10.0,0.0,ground_equivalent_excess_collision_air_kerma_rate,uGy/h,,False,False,False,
1928,1928,NORMAL,NORMAL,True,522640.9204974669,5696784.290406497,,5,0.01,0.5,0.45,10.0,0.0,ground_equivalent_excess_collision_air_kerma_rate,uGy/h,,False,False,False,
1929,1929,NORMAL,NORMAL,True,522620.9204974669,5696804.290406497,,5,0.01,0.5,0.45,10.0,0.0,ground_equivalent_excess_collision_air_kerma_rate,uGy/h,,False,False,False,
1930,1930,NORMAL,NORMAL,True,522640.9204974669,5696804.290406497,,5,0.01,0.5,0.45,10.0,0.0,ground_equivalent_excess_collision_air_kerma_rate,uGy/h,,False,False,False,
1931,1931,NORMAL,NORMAL,True,522660.9204974669,5696804.290406497,,5,0.01,0.5,0.45,10.0,0.0,ground_equivalent_excess_collision_air_kerma_rate,uGy/h,,False,False,False,
1932,1932,NORMAL,NORMAL,True,522680.9204974669,5696824.290406497,,5,0.01,0.5,0.45,10.0,0.0,ground_equivalent_excess_collision_air_kerma_rate,uGy/h,,False,False,False,
1933,1933,NORMAL,NORMAL,True,522700.9204974669,5696844.290406497,,5,0.01,0.5,0.45,10.0,0.0,ground_equivalent_excess_collision_air_kerma_rate,uGy/h,,False,False,False,
1934,1934,NORMAL,NORMAL,True,522700.9204974669,5696864.290406497,,5,0.01,0.5,0.45,10.0,0.0,ground_equivalent_excess_collision_air_kerma_rate,uGy/h,,False,False,False,
1935,1935,NORMAL,NORMAL,True,522720.9204974669,5696864.290406497,,5,0.01,0.5,0.45,10.0,0.0,ground_equivalent_excess_collision_air_kerma_rate,uGy/h,,False,False,False,
1936,1936,NORMAL,NORMAL,True,522700.9204974669,5696844.290406497,,5,0.01,0.5,0.45,10.0,0.0,ground_equivalent_excess_collision_air_kerma_rate,uGy/h,,False,False,False,
1937,1937,NORMAL,NORMAL,True,522680.9204974669,5696844.290406497,,5,0.01,0.5,0.45,10.0,0.0,ground_equivalent_excess_collision_air_kerma_rate,uGy/h,,False,False,False,
1938,1938,NORMAL,NORMAL,True,522660.9204974669,5696864.290406497,,5,0.01,0.5,0.45,10.0,0.0,ground_equivalent_excess_collision_air_kerma_rate,uGy/h,,False,False,False,
1939,1939,NORMAL,NORMAL,True,522680.9204974669,5696844.290406497,,5,0.01,0.5,0.45,10.0,0.0,ground_equivalent_excess_collision_air_kerma_rate,uGy/h,,False,False,False,
1940,1940,NORMAL,NORMAL,True,522680.9204974669,5696864.290406497,,5,0.01,0.5,0.45,10.0,0.0,ground_equivalent_excess_collision_air_kerma_rate,uGy/h,,False,False,False,
1941,1941,NORMAL,NORMAL,True,522700.9204974669,5696864.290406497,,5,0.01,0.5,0.45,10.0,0.0,ground_equivalent_excess_collision_air_kerma_rate,uGy/h,,False,False,False,
1942,1942,NORMAL,NORMAL,True,522720.9204974669,5696844.290406497,,5,0.01,0.5,0.45,10.0,0.0,ground_equivalent_excess_collision_air_kerma_rate,uGy/h,,False,False,False,
1943,1943,NORMAL,NORMAL,True,522700.9204974669,5696824.290406497,,5,0.01,0.5,0.45,10.0,0.0,ground_equivalent_excess_collision_air_kerma_rate,uGy/h,,False,False,False,
1944,1944,NORMAL,NORMAL,True,522700.9204974669,5696804.290406497,,5,0.01,0.5,0.45,10.0,0.0,ground_equivalent_excess_collision_air_kerma_rate,uGy/h,,False,False,False,
1945,1945,NORMAL,NORMAL,True,522680.9204974669,5696804.290406497,,5,0.01,0.5,0.45,10.0,0.0,ground_equivalent_excess_collision_air_kerma_rate,uGy/h,,False,False,False,
1946,1946,NORMAL,NORMAL,True,522660.9204974669,5696804.290406497,,5,0.01,0.5,0.45,10.0,0.0,ground_equivalent_excess_collision_air_kerma_rate,uGy/h,,False,False,False,
1947,1947,NORMAL,NORMAL,True,522660.9204974669,5696824.290406497,,5,0.01,0.5,0.45,10.0,0.0,ground_equivalent_excess_collision_air_kerma_rate,uGy/h,,False,False,False,
1948,1948,NORMAL,NORMAL,True,522660.9204974669,5696844.290406497,,5,0.01,0.5,0.45,10.0,0.0,ground_equivalent_excess_collision_air_kerma_rate,uGy/h,,False,False,False,
1949,1949,NORMAL,NORMAL,True,522660.9204974669,5696824.290406497,,5,0.01,0.5,0.45,10.0,0.0,ground_equivalent_excess_collision_air_kerma_rate,uGy/h,,False,False,False,
1950,1950,NORMAL,NORMAL,True,522680.9204974669,5696824.290406497,,5,0.01,0.5,0.45,10.0,0.0,ground_equivalent_excess_collision_air_kerma_rate,uGy/h,,False,False,False,
1951,1951,NORMAL,NORMAL,True,522660.9204974669,5696824.290406497,,5,0.01,0.5,0.45,10.0,0.0,ground_equivalent_excess_collision_air_kerma_rate,uGy/h,,False,False,False,
1952,1952,NORMAL,NORMAL,True,522640.9204974669,5696804.290406497,,5,0.01,0.5,0.45,10.0,0.0,ground_equivalent_excess_collision_air_kerma_rate,uGy/h,,False,False,False,
1953,1953,NORMAL,NORMAL,True,522620.9204974669,5696824.290406497,,5,0.01,0.5,0.45,10.0,0.0,ground_equivalent_excess_collision_air_kerma_rate,uGy/h,,False,False,False,
1954,1954,NORMAL,NORMAL,True,522640.9204974669,5696824.290406497,,5,0.01,0.5,0.45,10.0,0.0,ground_equivalent_excess_collision_air_kerma_rate,uGy/h,,False,False,False,
1955,1955,NORMAL,NORMAL,True,522620.9204974669,5696804.290406497,,5,0.01,0.5,0.45,10.0,0.0,ground_equivalent_excess_collision_air_kerma_rate,uGy/h,,False,False,False,
1956,1956,NORMAL,NORMAL,True,522600.9204974669,5696804.290406497,,5,0.01,0.5,0.45,10.0,0.0,ground_equivalent_excess_collision_air_kerma_rate,uGy/h,,False,False,False,
1957,1957,NORMAL,NORMAL,True,522580.9204974669,5696824.290406497,,5,0.01,0.5,0.45,10.0,0.0,ground_equivalent_excess_collision_air_kerma_rate,uGy/h,,False,False,False,
1958,1958,NORMAL,NORMAL,True,522600.9204974669,5696804.290406497,,5,0.01,0.5,0.45,10.0,0.0,ground_equivalent_excess_collision_air_kerma_rate,uGy/h,,False,False,False,
1959,1959,NORMAL,NORMAL,True,522620.9204974669,5696784.290406497,,5,0.01,0.5,0.45,10.0,0.0,ground_equivalent_excess_collision_air_kerma_rate,uGy/h,,False,False,False,
1960,1960,NORMAL,NORMAL,True,522600.9204974669,5696764.290406497,,5,0.01,0.5,0.45,10.0,0.0,ground_equivalent_excess_collision_air_kerma_rate,uGy/h,,False,False,False,
1961,1961,NORMAL,NORMAL,True,522600.9204974669,5696744.290406497,,5,0.01,0.5,0.45,10.0,0.0,ground_equivalent_excess_collision_air_kerma_rate,uGy/h,,False,False,False,
1962,1962,NORMAL,NORMAL,True,522620.9204974669,5696764.290406497,,5,0.01,0.5,0.45,10.0,0.0,ground_equivalent_excess_collision_air_kerma_rate,uGy/h,,False,False,False,
1963,1963,NORMAL,NORMAL,True,522640.9204974669,5696764.290406497,,5,0.01,0.5,0.45,10.0,0.0,ground_equivalent_excess_collision_air_kerma_rate,uGy/h,,False,False,False,
1964,1964,NORMAL,NORMAL,True,522640.9204974669,5696744.290406497,,5,0.01,0.5,0.45,10.0,0.0,ground_equivalent_excess_collision_air_kerma_rate,uGy/h,,False,False,False,
1965,1965,NORMAL,NORMAL,True,522620.9204974669,5696744.290406497,,5,0.01,0.5,0.45,10.0,0.0,ground_equivalent_excess_collision_air_kerma_rate,uGy/h,,False,False,False,
1966,1966,NORMAL,NORMAL,True,522620.9204974669,5696724.290406497,,5,0.01,0.5,0.45,10.0,0.0,ground_equivalent_excess_collision_air_kerma_rate,uGy/h,,False,False,False,
1967,1967,NORMAL,NORMAL,True,522600.9204974669,5696724.290406497,,5,0.01,0.5,0.45,10.0,0.0,ground_equivalent_excess_collision_air_kerma_rate,uGy/h,,False,False,False,
1968,1968,NORMAL,NORMAL,True,522600.9204974669,5696704.290406497,,5,0.01,0.5,0.45,10.0,0.0,ground_equivalent_excess_collision_air_kerma_rate,uGy/h,,False,False,False,
1969,1969,NORMAL,NORMAL,True,522620.9204974669,5696704.290406497,,5,0.01,0.5,0.45,10.0,0.0,ground_equivalent_excess_collision_air_kerma_rate,uGy/h,,False,False,False,
1970,1970,NORMAL,NORMAL,True,522640.9204974669,5696704.290406497,,5,0.01,0.5,0.45,10.0,0.0,ground_equivalent_excess_collision_air_kerma_rate,uGy/h,,False,False,False,
1971,1971,NORMAL,NORMAL,True,522620.9204974669,5696724.290406497,,5,0.01,0.5,0.45,10.0,0.0,ground_equivalent_excess_collision_air_kerma_rate,uGy/h,,False,False,False,
1972,1972,NORMAL,NORMAL,True,522600.9204974669,5696724.290406497,,5,0.01,0.5,0.45,10.0,0.0,ground_equivalent_excess_collision_air_kerma_rate,uGy/h,,False,False,False,
1973,1973,NORMAL,NORMAL,True,522620.9204974669,5696704.290406497,,5,0.01,0.5,0.45,10.0,0.0,ground_equivalent_excess_collision_air_kerma_rate,uGy/h,,False,False,False,
1974,1974,NORMAL,NORMAL,True,522620.9204974669,5696684.290406497,,5,0.01,0.5,0.45,10.0,0.0,ground_equivalent_excess_collision_air_kerma_rate,uGy/h,,False,False,False,
1975,1975,NORMAL,NORMAL,True,522620.9204974669,5696664.290406497,,5,0.01,0.5,0.45,10.0,0.0,ground_equivalent_excess_collision_air_kerma_rate,uGy/h,,False,False,False,
1976,1976,NORMAL,NORMAL,True,522600.9204974669,5696664.290406497,,5,0.01,0.5,0.45,10.0,0.0,ground_equivalent_excess_collision_air_kerma_rate,uGy/h,,False,False,False,
1977,1977,NORMAL,NORMAL,True,522580.9204974669,5696664.290406497,,5,0.01,0.5,0.45,10.0,0.0,ground_equivalent_excess_collision_air_kerma_rate,uGy/h,,False,False,False,
1978,1978,NORMAL,NORMAL,True,522560.9204974669,5696684.290406497,,5,0.01,0.5,0.45,10.0,0.0,ground_equivalent_excess_collision_air_kerma_rate,uGy/h,,False,False,False,
1979,1979,NORMAL,NORMAL,True,522540.9204974669,5696664.290406497,,5,0.01,0.5,0.45,10.0,0.0,ground_equivalent_excess_collision_air_kerma_rate,uGy/h,,False,False,False,
1980,1980,NORMAL,NORMAL,True,522560.9204974669,5696644.290406497,,5,0.01,0.5,0.45,10.0,0.0,ground_equivalent_excess_collision_air_kerma_rate,uGy/h,,False,False,False,
1981,1981,NORMAL,NORMAL,True,522560.9204974669,5696664.290406497,,5,0.01,0.5,0.45,10.0,0.0,ground_equivalent_excess_collision_air_kerma_rate,uGy/h,,False,False,False,
1982,1982,NORMAL,NORMAL,True,522580.9204974669,5696684.290406497,,5,0.01,0.5,0.45,10.0,0.0,ground_equivalent_excess_collision_air_kerma_rate,uGy/h,,False,False,False,
1983,1983,NORMAL,NORMAL,True,522600.9204974669,5696704.290406497,,5,0.01,0.5,0.45,10.0,0.0,ground_equivalent_excess_collision_air_kerma_rate,uGy/h,,False,False,False,
1984,1984,NORMAL,NORMAL,True,522620.9204974669,5696684.290406497,,5,0.01,0.5,0.45,10.0,0.0,ground_equivalent_excess_collision_air_kerma_rate,uGy/h,,False,False,False,
1985,1985,NORMAL,NORMAL,True,522620.9204974669,5696664.290406497,,5,0.01,0.5,0.45,10.0,0.0,ground_equivalent_excess_collision_air_kerma_rate,uGy/h,,False,False,False,
1986,1986,NORMAL,NORMAL,True,522620.9204974669,5696644.290406497,,5,0.01,0.5,0.45,10.0,0.0,ground_equivalent_excess_collision_air_kerma_rate,uGy/h,,False,False,False,
1987,1987,NORMAL,NORMAL,True,522620.9204974669,5696624.290406497,,5,0.01,0.5,0.45,10.0,0.0,ground_equivalent_excess_collision_air_kerma_rate,uGy/h,,False,False,False,
1988,1988,NORMAL,NORMAL,True,522640.9204974669,5696644.290406497,,5,0.01,0.5,0.45,10.0,0.0,ground_equivalent_excess_collision_air_kerma_rate,uGy/h,,False,False,False,
1989,1989,NORMAL,NORMAL,True,522660.9204974669,5696664.290406497,,5,0.01,0.5,0.45,10.0,0.0,ground_equivalent_excess_collision_air_kerma_rate,uGy/h,,False,False,False,
1990,1990,NORMAL,NORMAL,True,522660.9204974669,5696684.290406497,,5,0.01,0.5,0.45,10.0,0.0,ground_equivalent_excess_collision_air_kerma_rate,uGy/h,,False,False,False,
1991,1991,NORMAL,NORMAL,True,522640.9204974669,5696704.290406497,,5,0.01,0.5,0.45,10.0,0.0,ground_equivalent_excess_collision_air_kerma_rate,uGy/h,,False,False,False,
1992,1992,NORMAL,NORMAL,True,522660.9204974669,5696684.290406497,,5,0.01,0.5,0.45,10.0,0.0,ground_equivalent_excess_collision_air_kerma_rate,uGy/h,,False,False,False,
1993,1993,NORMAL,NORMAL,True,522640.9204974669,5696684.290406497,,5,0.01,0.5,0.45,10.0,0.0,ground_equivalent_excess_collision_air_kerma_rate,uGy/h,,False,False,False,
1994,1994,NORMAL,NORMAL,True,522640.9204974669,5696704.290406497,,5,0.01,0.5,0.45,10.0,0.0,ground_equivalent_excess_collision_air_kerma_rate,uGy/h,,False,False,False,
1995,1995,NORMAL,NORMAL,True,522640.9204974669,5696724.290406497,,5,0.01,0.5,0.45,10.0,0.0,ground_equivalent_excess_collision_air_kerma_rate,uGy/h,,False,False,False,
1996,1996,NORMAL,NORMAL,True,522660.9204974669,5696724.290406497,,5,0.01,0.5,0.45,10.0,0.0,ground_equivalent_excess_collision_air_kerma_rate,uGy/h,,False,False,False,
1997,1997,NORMAL,NORMAL,True,522660.9204974669,5696744.290406497,,5,0.01,0.5,0.45,10.0,0.0,ground_equivalent_excess_collision_air_kerma_rate,uGy/h,,False,False,False,
1998,1998,NORMAL,NORMAL,True,522680.9204974669,5696724.290406497,,5,0.01,0.5,0.45,10.0,0.0,ground_equivalent_excess_collision_air_kerma_rate,uGy/h,,False,False,False,
1999,1999,NORMAL,NORMAL,True,522660.9204974669,5696724.290406497,,5,0.01,0.5,0.45,10.0,0.0,ground_equivalent_excess_collision_air_kerma_rate,uGy/h,,False,False,False,
2000,2000,NORMAL,NORMAL,True,522660.9204974669,5696744.290406497,,5,0.01,0.5,0.45,10.0,0.0,ground_equivalent_excess_collision_air_kerma_rate,uGy/h,,False,False,False,
2001,2001,NORMAL,NORMAL,True,522640.9204974669,5696744.290406497,,5,0.01,0.5,0.45,10.0,0.0,ground_equivalent_excess_collision_air_kerma_rate,uGy/h,,False,False,False,
2002,2002,NORMAL,NORMAL,True,522640.9204974669,5696764.290406497,,5,0.01,0.5,0.45,10.0,0.0,ground_equivalent_excess_collision_air_kerma_rate,uGy/h,,False,False,False,
2003,2003,NORMAL,NORMAL,True,522620.9204974669,5696764.290406497,,5,0.01,0.5,0.45,10.0,0.0,ground_equivalent_excess_collision_air_kerma_rate,uGy/h,,False,False,False,
2004,2004,NORMAL,NORMAL,True,522640.9204974669,5696744.290406497,,5,0.01,0.5,0.45,10.0,0.0,ground_equivalent_excess_collision_air_kerma_rate,uGy/h,,False,False,False,
2005,2005,NORMAL,NORMAL,True,522640.9204974669,5696724.290406497,,5,0.01,0.5,0.45,10.0,0.0,ground_equivalent_excess_collision_air_kerma_rate,uGy/h,,False,False,False,
2006,2006,NORMAL,NORMAL,True,522660.9204974669,5696724.290406497,,5,0.01,0.5,0.45,10.0,0.0,ground_equivalent_excess_collision_air_kerma_rate,uGy/h,,False,False,False,
2007,2007,NORMAL,NORMAL,True,522640.9204974669,5696724.290406497,,5,0.01,0.5,0.45,10.0,0.0,ground_equivalent_excess_collision_air_kerma_rate,uGy/h,,False,False,False,
2008,2008,NORMAL,NORMAL,True,522660.9204974669,5696704.290406497,,5,0.01,0.5,0.45,10.0,0.0,ground_equivalent_excess_collision_air_kerma_rate,uGy/h,,False,False,False,
2009,2009,NORMAL,NORMAL,True,522640.9204974669,5696724.290406497,,5,0.01,0.5,0.45,10.0,0.0,ground_equivalent_excess_collision_air_kerma_rate,uGy/h,,False,False,False,
2010,2010,NORMAL,NORMAL,True,522620.9204974669,5696704.290406497,,5,0.01,0.5,0.45,10.0,0.0,ground_equivalent_excess_collision_air_kerma_rate,uGy/h,,False,False,False,
2011,2011,NORMAL,NORMAL,True,522600.9204974669,5696684.290406497,,5,0.01,0.5,0.45,10.0,0.0,ground_equivalent_excess_collision_air_kerma_rate,uGy/h,,False,False,False,
2012,2012,NORMAL,NORMAL,True,522620.9204974669,5696704.290406497,,5,0.01,0.5,0.45,10.0,0.0,ground_equivalent_excess_collision_air_kerma_rate,uGy/h,,False,False,False,
2013,2013,NORMAL,NORMAL,True,522600.9204974669,5696724.290406497,,5,0.01,0.5,0.45,10.0,0.0,ground_equivalent_excess_collision_air_kerma_rate,uGy/h,,False,False,False,
2014,2014,NORMAL,NORMAL,True,522620.9204974669,5696724.290406497,,5,0.01,0.5,0.45,10.0,0.0,ground_equivalent_excess_collision_air_kerma_rate,uGy/h,,False,False,False,
2015,2015,NORMAL,NORMAL,True,522600.9204974669,5696704.290406497,,5,0.01,0.5,0.45,10.0,0.0,ground_equivalent_excess_collision_air_kerma_rate,uGy/h,,False,False,False,
2016,2016,NORMAL,NORMAL,True,522620.9204974669,5696704.290406497,,5,0.01,0.5,0.45,10.0,0.0,ground_equivalent_excess_collision_air_kerma_rate,uGy/h,,False,False,False,
2017,2017,NORMAL,NORMAL,True,522600.9204974669,5696704.290406497,,5,0.01,0.5,0.45,10.0,0.0,ground_equivalent_excess_collision_air_kerma_rate,uGy/h,,False,False,False,
2018,2018,NORMAL,NORMAL,True,522620.9204974669,5696704.290406497,,5,0.01,0.5,0.45,10.0,0.0,ground_equivalent_excess_collision_air_kerma_rate,uGy/h,,False,False,False,
2019,2019,NORMAL,NORMAL,True,522600.9204974669,5696684.290406497,,5,0.01,0.5,0.45,10.0,0.0,ground_equivalent_excess_collision_air_kerma_rate,uGy/h,,False,False,False,
2020,2020,NORMAL,NORMAL,True,522620.9204974669,5696684.290406497,,5,0.01,0.5,0.45,10.0,0.0,ground_equivalent_excess_collision_air_kerma_rate,uGy/h,,False,False,False,
2021,2021,NORMAL,NORMAL,True,522640.9204974669,5696684.290406497,,5,0.01,0.5,0.45,10.0,0.0,ground_equivalent_excess_collision_air_kerma_rate,uGy/h,,False,False,False,
2022,2022,NORMAL,NORMAL,True,522660.9204974669,5696664.290406497,,5,0.01,0.5,0.45,10.0,0.0,ground_equivalent_excess_collision_air_kerma_rate,uGy/h,,False,False,False,
2023,2023,NORMAL,NORMAL,True,522640.9204974669,5696644.290406497,,5,0.01,0.5,0.45,10.0,0.0,ground_equivalent_excess_collision_air_kerma_rate,uGy/h,,False,False,False,
2024,2024,NORMAL,NORMAL,True,522660.9204974669,5696664.290406497,,5,0.01,0.5,0.45,10.0,0.0,ground_equivalent_excess_collision_air_kerma_rate,uGy/h,,False,False,False,
2025,2025,NORMAL,NORMAL,True,522640.9204974669,5696684.290406497,,5,0.01,0.5,0.45,10.0,0.0,ground_equivalent_excess_collision_air_kerma_rate,uGy/h,,False,False,False,
2026,2026,NORMAL,NORMAL,True,522660.9204974669,5696684.290406497,,5,0.01,0.5,0.45,10.0,0.0,ground_equivalent_excess_collision_air_kerma_rate,uGy/h,,False,False,False,
2027,2027,NORMAL,NORMAL,True,522660.9204974669,5696704.290406497,,5,0.01,0.5,0.45,10.0,0.0,ground_equivalent_excess_collision_air_kerma_rate,uGy/h,,False,False,False,
2028,2028,NORMAL,NORMAL,True,522640.9204974669,5696724.290406497,,5,0.01,0.5,0.45,10.0,0.0,ground_equivalent_excess_collision_air_kerma_rate,uGy/h,,False,False,False,
2029,2029,NORMAL,NORMAL,True,522640.9204974669,5696704.290406497,,5,0.01,0.5,0.45,10.0,0.0,ground_equivalent_excess_collision_air_kerma_rate,uGy/h,,False,False,False,
2030,2030,NORMAL,NORMAL,True,522620.9204974669,5696704.290406497,,5,0.01,0.5,0.45,10.0,0.0,ground_equivalent_excess_collision_air_kerma_rate,uGy/h,,False,False,False,
2031,2031,NORMAL,NORMAL,True,522640.9204974669,5696724.290406497,,5,0.01,0.5,0.45,10.0,0.0,ground_equivalent_excess_collision_air_kerma_rate,uGy/h,,False,False,False,
2032,2032,NORMAL,NORMAL,True,522660.9204974669,5696704.290406497,,5,0.01,0.5,0.45,10.0,0.0,ground_equivalent_excess_collision_air_kerma_rate,uGy/h,,False,False,False,
2033,2033,NORMAL,NORMAL,True,522680.9204974669,5696724.290406497,,5,0.01,0.5,0.45,10.0,0.0,ground_equivalent_excess_collision_air_kerma_rate,uGy/h,,False,False,False,
2034,2034,NORMAL,NORMAL,True,522660.9204974669,5696704.290406497,,5,0.01,0.5,0.45,10.0,0.0,ground_equivalent_excess_collision_air_kerma_rate,uGy/h,,False,False,False,
2035,2035,NORMAL,NORMAL,True,522680.9204974669,5696684.290406497,,5,0.01,0.5,0.45,10.0,0.0,ground_equivalent_excess_collision_air_kerma_rate,uGy/h,,False,False,False,
2036,2036,NORMAL,NORMAL,True,522700.9204974669,5696664.290406497,,5,0.01,0.5,0.45,10.0,0.0,ground_equivalent_excess_collision_air_kerma_rate,uGy/h,,False,False,False,
2037,2037,NORMAL,NORMAL,True,522720.9204974669,5696664.290406497,,5,0.01,0.5,0.45,10.0,0.0,ground_equivalent_excess_collision_air_kerma_rate,uGy/h,,False,False,False,
2038,2038,NORMAL,NORMAL,True,522720.9204974669,5696644.290406497,,5,0.01,0.5,0.45,10.0,0.0,ground_equivalent_excess_collision_air_kerma_rate,uGy/h,,False,False,False,
2039,2039,NORMAL,NORMAL,True,522720.9204974669,5696624.290406497,,5,0.01,0.5,0.45,10.0,0.0,ground_equivalent_excess_collision_air_kerma_rate,uGy/h,,False,False,False,
2040,2040,NORMAL,NORMAL,True,522700.9204974669,5696644.290406497,,5,0.01,0.5,0.45,10.0,0.0,ground_equivalent_excess_collision_air_kerma_rate,uGy/h,,False,False,False,
2041,2041,NORMAL,NORMAL,True,522720.9204974669,5696624.290406497,,5,0.01,0.5,0.45,10.0,0.0,ground_equivalent_excess_collision_air_kerma_rate,uGy/h,,False,False,False,
2042,2042,NORMAL,NORMAL,True,522740.9204974669,5696644.290406497,,5,0.01,0.5,0.45,10.0,0.0,ground_equivalent_excess_collision_air_kerma_rate,uGy/h,,False,False,False,
2043,2043,NORMAL,NORMAL,True,522740.9204974669,5696664.290406497,,5,0.01,0.5,0.45,10.0,0.0,ground_equivalent_excess_collision_air_kerma_rate,uGy/h,,False,False,False,
2044,2044,NORMAL,NORMAL,True,522760.9204974669,5696644.290406497,,5,0.01,0.5,0.45,10.0,0.0,ground_equivalent_excess_collision_air_kerma_rate,uGy/h,,False,False,False,
2045,2045,NORMAL,NORMAL,True,522780.9204974669,5696644.290406497,,5,0.01,0.5,0.45,10.0,0.0,ground_equivalent_excess_collision_air_kerma_rate,uGy/h,,False,False,False,
2046,2046,NORMAL,NORMAL,True,522800.9204974669,5696624.290406497,,5,0.01,0.5,0.45,10.0,0.0,ground_equivalent_excess_collision_air_kerma_rate,uGy/h,,False,False,False,
2047,2047,NORMAL,NORMAL,True,522820.9204974669,5696604.290406497,,5,0.01,0.5,0.45,10.0,0.0,ground_equivalent_excess_collision_air_kerma_rate,uGy/h,,False,False,False,
2048,2048,NORMAL,NORMAL,True,522800.9204974669,5696624.290406497,,5,0.01,0.5,0.45,10.0,0.0,ground_equivalent_excess_collision_air_kerma_rate,uGy/h,,False,False,False,
2049,2049,NORMAL,NORMAL,True,522820.9204974669,5696604.290406497,,5,0.01,0.5,0.45,10.0,0.0,ground_equivalent_excess_collision_air_kerma_rate,uGy/h,,False,False,False,
2050,2050,NORMAL,NORMAL,True,522820.9204974669,5696584.290406497,,5,0.01,0.5,0.45,10.0,0.0,ground_equivalent_excess_collision_air_kerma_rate,uGy/h,,False,False,False,
2051,2051,NORMAL,NORMAL,True,522840.9204974669,5696564.290406497,,5,0.01,0.5,0.45,10.0,0.0,ground_equivalent_excess_collision_air_kerma_rate,uGy/h,,False,False,False,
2052,2052,NORMAL,NORMAL,True,522860.9204974669,5696584.290406497,,5,0.01,0.5,0.45,10.0,0.0007799343836615673,ground_equivalent_excess_collision_air_kerma_rate,uGy/h,,False,False,False,
2053,2053,NORMAL,NORMAL,True,522880.9204974669,5696564.290406497,,5,0.01,0.5,0.45,10.0,0.0008128381609700241,ground_equivalent_excess_collision_air_kerma_rate,uGy/h,,False,False,False,
2054,2054,NORMAL,NORMAL,True,522900.9204974669,5696544.290406497,,5,0.01,0.5,0.45,10.0,0.0008165205861034742,ground_equivalent_excess_collision_air_kerma_rate,uGy/h,,False,False,False,
2055,2055,NORMAL,NORMAL,True,522880.9204974669,5696564.290406497,,5,0.01,0.5,0.45,10.0,0.0008128381609700241,ground_equivalent_excess_collision_air_kerma_rate,uGy/h,,False,False,False,
2056,2056,NORMAL,NORMAL,True,522860.9204974669,5696544.290406497,,5,0.01,0.5,0.45,10.0,0.0005267320074776624,ground_equivalent_excess_collision_air_kerma_rate,uGy/h,,False,False,False,
2057,2057,NORMAL,NORMAL,True,522880.9204974669,5696524.290406497,,5,0.01,0.5,0.45,10.0,0.0005291445814674983,ground_equivalent_excess_collision_air_kerma_rate,uGy/h,,False,False,False,
2058,2058,NORMAL,NORMAL,True,522880.9204974669,5696504.290406497,,5,0.01,0.5,0.45,10.0,0.0,ground_equivalent_excess_collision_air_kerma_rate,uGy/h,,False,False,False,
2059,2059,NORMAL,NORMAL,True,522900.9204974669,5696524.290406497,,5,0.01,0.5,0.45,10.0,0.0006491140417949612,ground_equivalent_excess_collision_air_kerma_rate,uGy/h,,False,False,False,
2060,2060,NORMAL,NORMAL,True,522920.9204974669,5696544.290406497,,5,0.01,0.5,0.45,10.0,0.0010078156563625997,ground_equivalent_excess_collision_air_kerma_rate,uGy/h,,False,False,False,
2061,2061,NORMAL,NORMAL,True,522920.9204974669,5696564.290406497,,5,0.01,0.5,0.45,10.0,0.0012811580625770275,ground_equivalent_excess_collision_air_kerma_rate,uGy/h,,False,False,False,
2062,2062,NORMAL,NORMAL,True,522920.9204974669,5696544.290406497,,5,0.01,0.5,0.45,10.0,0.0010078156563625997,ground_equivalent_excess_collision_air_kerma_rate,uGy/h,,False,False,False,
2063,2063,NORMAL,NORMAL,True,522940.9204974669,5696544.290406497,,5,0.01,0.5,0.45,10.0,0.001234252675152769,ground_equivalent_excess_collision_air_kerma_rate,uGy/h,,False,False,False,
2064,2064,NORMAL,NORMAL,True,522920.9204974669,5696564.290406497,,5,0.01,0.5,0.45,10.0,0.0012811580625770275,ground_equivalent_excess_collision_air_kerma_rate,uGy/h,,False,False,False,
2065,2065,NORMAL,NORMAL,True,522920.9204974669,5696584.290406497,,5,0.01,0.5,0.45,10.0,0.0016225749925806352,ground_equivalent_excess_collision_air_kerma_rate,uGy/h,,False,False,False,
2066,2066,NORMAL,NORMAL,True,522920.9204974669,5696564.290406497,,5,0.01,0.5,0.45,10.0,0.0012811580625770275,ground_equivalent_excess_collision_air_kerma_rate,uGy/h,,False,False,False,
2067,2067,NORMAL,NORMAL,True,522900.9204974669,5696584.290406497,,5,0.01,0.5,0.45,10.0,0.001275601408587343,ground_equivalent_excess_collision_air_kerma_rate,uGy/h,,False,False,False,
2068,2068,NORMAL,NORMAL,True,522900.9204974669,5696564.290406497,,5,0.01,0.5,0.45,10.0,0.0010231944362378907,ground_equivalent_excess_collision_air_kerma_rate,uGy/h,,False,False,False,
2069,2069,NORMAL,NORMAL,True,522920.9204974669,5696564.290406497,,5,0.01,0.5,0.45,10.0,0.0012811580625770275,ground_equivalent_excess_collision_air_kerma_rate,uGy/h,,False,False,False,
2070,2070,NORMAL,NORMAL,True,522940.9204974669,5696584.290406497,,5,0.01,0.5,0.45,10.0,0.0020520003626276558,ground_equivalent_excess_collision_air_kerma_rate,uGy/h,,False,False,False,
2071,2071,NORMAL,NORMAL,True,522920.9204974669,5696564.290406497,,5,0.01,0.5,0.45,10.0,0.0012811580625770275,ground_equivalent_excess_collision_air_kerma_rate,uGy/h,,False,False,False,
2072,2072,NORMAL,NORMAL,True,522920.9204974669,5696544.290406497,,5,0.01,0.5,0.45,10.0,0.0010078156563625997,ground_equivalent_excess_collision_air_kerma_rate,uGy/h,,False,False,False,
2073,2073,NORMAL,NORMAL,True,522920.9204974669,5696564.290406497,,5,0.01,0.5,0.45,10.0,0.0012811580625770275,ground_equivalent_excess_collision_air_kerma_rate,uGy/h,,False,False,False,
2074,2074,NORMAL,NORMAL,True,522900.9204974669,5696544.290406497,,5,0.01,0.5,0.45,10.0,0.0008165205861034742,ground_equivalent_excess_collision_air_kerma_rate,uGy/h,,False,False,False,
2075,2075,NORMAL,NORMAL,True,522880.9204974669,5696564.290406497,,5,0.01,0.5,0.45,10.0,0.0008128381609700241,ground_equivalent_excess_collision_air_kerma_rate,uGy/h,,False,False,False,
2076,2076,NORMAL,NORMAL,True,522900.9204974669,5696564.290406497,,5,0.01,0.5,0.45,10.0,0.0010231944362378907,ground_equivalent_excess_collision_air_kerma_rate,uGy/h,,False,False,False,
2077,2077,NORMAL,NORMAL,True,522920.9204974669,5696544.290406497,,5,0.01,0.5,0.45,10.0,0.0010078156563625997,ground_equivalent_excess_collision_air_kerma_rate,uGy/h,,False,False,False,
2078,2078,NORMAL,NORMAL,True,522920.9204974669,5696564.290406497,,5,0.01,0.5,0.45,10.0,0.0012811580625770275,ground_equivalent_excess_collision_air_kerma_rate,uGy/h,,False,False,False,
2079,2079,NORMAL,NORMAL,True,522920.9204974669,5696584.290406497,,5,0.01,0.5,0.45,10.0,0.0016225749925806352,ground_equivalent_excess_collision_air_kerma_rate,uGy/h,,False,False,False,
2080,2080,NORMAL,NORMAL,True,522940.9204974669,5696564.290406497,,5,0.01,0.5,0.45,10.0,0.0015929484766510386,ground_equivalent_excess_collision_air_kerma_rate,uGy/h,,False,False,False,
2081,2081,NORMAL,NORMAL,True,522920.9204974669,5696544.290406497,,5,0.01,0.5,0.45,10.0,0.0010078156563625997,ground_equivalent_excess_collision_air_kerma_rate,uGy/h,,False,False,False,
2082,2082,NORMAL,NORMAL,True,522920.9204974669,5696524.290406497,,5,0.01,0.5,0.45,10.0,0.0007908310956851365,ground_equivalent_excess_collision_air_kerma_rate,uGy/h,,False,False,False,
2083,2083,NORMAL,NORMAL,True,522900.9204974669,5696504.290406497,,5,0.01,0.5,0.45,10.0,0.0,ground_equivalent_excess_collision_air_kerma_rate,uGy/h,,False,False,False,
2084,2084,NORMAL,NORMAL,True,522920.9204974669,5696524.290406497,,5,0.01,0.5,0.45,10.0,0.0007908310956851365,ground_equivalent_excess_collision_air_kerma_rate,uGy/h,,False,False,False,
2085,2085,NORMAL,NORMAL,True,522940.9204974669,5696524.290406497,,5,0.01,0.5,0.45,10.0,0.0009555261632134195,ground_equivalent_excess_collision_air_kerma_rate,uGy/h,,False,False,False,
2086,2086,NORMAL,NORMAL,True,522920.9204974669,5696544.290406497,,5,0.01,0.5,0.45,10.0,0.0010078156563625997,ground_equivalent_excess_collision_air_kerma_rate,uGy/h,,False,False,False,
2087,2087,NORMAL,NORMAL,True,522920.9204974669,5696524.290406497,,5,0.01,0.5,0.45,10.0,0.0007908310956851365,ground_equivalent_excess_collision_air_kerma_rate,uGy/h,,False,False,False,
2088,2088,NORMAL,NORMAL,True,522920.9204974669,5696544.290406497,,5,0.01,0.5,0.45,10.0,0.0010078156563625997,ground_equivalent_excess_collision_air_kerma_rate,uGy/h,,False,False,False,
2089,2089,NORMAL,NORMAL,True,522900.9204974669,5696564.290406497,,5,0.01,0.5,0.45,10.0,0.0010231944362378907,ground_equivalent_excess_collision_air_kerma_rate,uGy/h,,False,False,False,
2090,2090,NORMAL,NORMAL,True,522900.9204974669,5696584.290406497,,5,0.01,0.5,0.45,10.0,0.001275601408587343,ground_equivalent_excess_collision_air_kerma_rate,uGy/h,,False,False,False,
2091,2091,NORMAL,NORMAL,True,522880.9204974669,5696584.290406497,,5,0.01,0.5,0.45,10.0,0.0009987834691682772,ground_equivalent_excess_collision_air_kerma_rate,uGy/h,,False,False,False,
2092,2092,NORMAL,NORMAL,True,522860.9204974669,5696604.290406497,,5,0.01,0.5,0.45,10.0,0.0009377840033780735,ground_equivalent_excess_collision_air_kerma_rate,uGy/h,,False,False,False,
2093,2093,NORMAL,NORMAL,True,522880.9204974669,5696604.290406497,,5,0.01,0.5,0.45,10.0,0.0012176984058585743,ground_equivalent_excess_collision_air_kerma_rate,uGy/h,,False,False,False,
2094,2094,NORMAL,NORMAL,True,522860.9204974669,5696604.290406497,,5,0.01,0.5,0.45,10.0,0.0009377840033780735,ground_equivalent_excess_collision_air_kerma_rate,uGy/h,,False,False,False,
2095,2095,NORMAL,NORMAL,True,522880.9204974669,5696604.290406497,,5,0.01,0.5,0.45,10.0,0.0012176984058585743,ground_equivalent_excess_collision_air_kerma_rate,uGy/h,,False,False,False,
2096,2096,NORMAL,NORMAL,True,522900.9204974669,5696584.290406497,,5,0.01,0.5,0.45,10.0,0.001275601408587343,ground_equivalent_excess_collision_air_kerma_rate,uGy/h,,False,False,False,
2097,2097,NORMAL,NORMAL,True,522920.9204974669,5696604.290406497,,5,0.01,0.5,0.45,10.0,0.002043882822216526,ground_equivalent_excess_collision_air_kerma_rate,uGy/h,,False,False,False,
2098,2098,NORMAL,NORMAL,True,522900.9204974669,5696624.290406497,,5,0.01,0.5,0.45,10.0,0.0019381606957239528,ground_equivalent_excess_collision_air_kerma_rate,uGy/h,,False,False,False,
2099,2099,NORMAL,NORMAL,True,522880.9204974669,5696644.290406497,,5,0.01,0.5,0.45,10.0,0.001753685561189443,ground_equivalent_excess_collision_air_kerma_rate,uGy/h,,False,False,False,
2100,2100,NORMAL,NORMAL,True,522860.9204974669,5696664.290406497,,5,0.01,0.5,0.45,10.0,0.0015209196048200245,ground_equivalent_excess_collision_air_kerma_rate,uGy/h,,False,False,False,
2101,2101,NORMAL,NORMAL,True,522840.9204974669,5696664.290406497,,5,0.01,0.5,0.45,10.0,0.0,ground_equivalent_excess_collision_air_kerma_rate,uGy/h,,False,False,False,
2102,2102,NORMAL,NORMAL,True,522860.9204974669,5696684.290406497,,5,0.01,0.5,0.45,10.0,0.001733826550262811,ground_equivalent_excess_collision_air_kerma_rate,uGy/h,,False,False,False,
2103,2103,NORMAL,NORMAL,True,522860.9204974669,5696664.290406497,,5,0.01,0.5,0.45,10.0,0.0015209196048200245,ground_equivalent_excess_collision_air_kerma_rate,uGy/h,,False,False,False,
2104,2104,NORMAL,NORMAL,True,522880.9204974669,5696664.290406497,,5,0.01,0.5,0.45,10.0,0.0020615700802700115,ground_equivalent_excess_collision_air_kerma_rate,uGy/h,,False,False,False,
2105,2105,NORMAL,NORMAL,True,522860.9204974669,5696644.290406497,,5,0.01,0.5,0.45,10.0,0.0013122571031946076,ground_equivalent_excess_collision_air_kerma_rate,uGy/h,,False,False,False,
2106,2106,NORMAL,NORMAL,True,522880.9204974669,5696624.290406497,,5,0.01,0.5,0.45,10.0,0.0014701525117320922,ground_equivalent_excess_collision_air_kerma_rate,uGy/h,,False,False,False,
2107,2107,NORMAL,NORMAL,True,522900.9204974669,5696624.290406497,,5,0.01,0.5,0.45,10.0,0.0019381606957239528,ground_equivalent_excess_collision_air_kerma_rate,uGy/h,,False,False,False,
2108,2108,NORMAL,NORMAL,True,522880.9204974669,5696624.290406497,,5,0.01,0.5,0.45,10.0,0.0014701525117320922,ground_equivalent_excess_collision_air_kerma_rate,uGy/h,,False,False,False,
2109,2109,NORMAL,NORMAL,True,522900.9204974669,5696644.290406497,,5,0.01,0.5,0.45,10.0,0.0023510108945929524,ground_equivalent_excess_collision_air_kerma_rate,uGy/h,,False,False,False,
2110,2110,NORMAL,NORMAL,True,522920.9204974669,5696644.290406497,,5,0.01,0.5,0.45,10.0,0.003160307712506901,ground_equivalent_excess_collision_air_kerma_rate,uGy/h,,False,False,False,
2111,2111,NORMAL,NORMAL,True,522900.9204974669,5696644.290406497,,5,0.01,0.5,0.45,10.0,0.0023510108945929524,ground_equivalent_excess_collision_air_kerma_rate,uGy/h,,False,False,False,
2112,2112,NORMAL,NORMAL,True,522880.9204974669,5696644.290406497,,5,0.01,0.5,0.45,10.0,0.001753685561189443,ground_equivalent_excess_collision_air_kerma_rate,uGy/h,,False,False,False,
2113,2113,NORMAL,NORMAL,True,522900.9204974669,5696644.290406497,,5,0.01,0.5,0.45,10.0,0.0023510108945929524,ground_equivalent_excess_collision_air_kerma_rate,uGy/h,,False,False,False,
2114,2114,NORMAL,NORMAL,True,522900.9204974669,5696664.290406497,,5,0.01,0.5,0.45,10.0,0.0028103975012483905,ground_equivalent_excess_collision_air_kerma_rate,uGy/h,,False,False,False,
2115,2115,NORMAL,NORMAL,True,522920.9204974669,5696644.290406497,,5,0.01,0.5,0.45,10.0,0.003160307712506901,ground_equivalent_excess_collision_air_kerma_rate,uGy/h,,False,False,False,
2116,2116,NORMAL,NORMAL,True,522940.9204974669,5696644.290406497,,5,0.01,0.5,0.45,10.0,0.004255861615588076,ground_equivalent_excess_collision_air_kerma_rate,uGy/h,,False,False,False,
2117,2117,NORMAL,NORMAL,True,522960.9204974669,5696644.290406497,,5,0.01,0.5,0.45,10.0,0.00573209372477937,ground_equivalent_excess_collision_air_kerma_rate,uGy/h,,False,False,False,
2118,2118,NORMAL,NORMAL,True,522940.9204974669,5696624.290406497,,5,0.01,0.5,0.45,10.0,0.0033629422311506024,ground_equivalent_excess_collision_air_kerma_rate,uGy/h,,False,False,False,
2119,2119,NORMAL,NORMAL,True,522960.9204974669,5696644.290406497,,5,0.01,0.5,0.45,10.0,0.00573209372477937,ground_equivalent_excess_collision_air_kerma_rate,uGy/h,,False,False,False,
2120,2120,NORMAL,NORMAL,True,522980.9204974669,5696644.290406497,,5,0.01,0.5,0.45,10.0,0.0076989326471079604,ground_equivalent_excess_collision_air_kerma_rate,uGy/h,,False,False,False,
2121,2121,NORMAL,NORMAL,True,522980.9204974669,5696624.290406497,,5,0.01,0.5,0.45,10.0,0.0057423494096257195,ground_equivalent_excess_collision_air_kerma_rate,uGy/h,,False,False,False,
2122,2122,NORMAL,NORMAL,True,522960.9204974669,5696644.290406497,,5,0.01,0.5,0.45,10.0,0.00573209372477937,ground_equivalent_excess_collision_air_kerma_rate,uGy/h,,False,False,False,
2123,2123,NORMAL,NORMAL,True,522940.9204974669,5696664.290406497,,5,0.01,0.5,0.45,10.0,0.005316675607225088,ground_equivalent_excess_collision_air_kerma_rate,uGy/h,,False,False,False,
2124,2124,NORMAL,NORMAL,True,522960.9204974669,5696684.290406497,,5,0.01,0.5,0.45,10.0,0.009329022841892532,ground_equivalent_excess_collision_air_kerma_rate,uGy/h,,False,False,False,
2125,2125,NORMAL,NORMAL,True,522940.9204974669,5696664.290406497,,5,0.01,0.5,0.45,10.0,0.005316675607225088,ground_equivalent_excess_collision_air_kerma_rate,uGy/h,,False,False,False,
2126,2126,NORMAL,NORMAL,True,522920.9204974669,5696664.290406497,,5,0.01,0.5,0.45,10.0,0.003854008862547739,ground_equivalent_excess_collision_air_kerma_rate,uGy/h,,False,False,False,
2127,2127,NORMAL,NORMAL,True,522920.9204974669,5696644.290406497,,5,0.01,0.5,0.45,10.0,0.003160307712506901,ground_equivalent_excess_collision_air_kerma_rate,uGy/h,,False,False,False,
2128,2128,NORMAL,NORMAL,True,522940.9204974669,5696644.290406497,,5,0.01,0.5,0.45,10.0,0.004255861615588076,ground_equivalent_excess_collision_air_kerma_rate,uGy/h,,False,False,False,
2129,2129,NORMAL,NORMAL,True,522960.9204974669,5696644.290406497,,5,0.01,0.5,0.45,10.0,0.00573209372477937,ground_equivalent_excess_collision_air_kerma_rate,uGy/h,,False,False,False,
2130,2130,NORMAL,NORMAL,True,522940.9204974669,5696644.290406497,,5,0.01,0.5,0.45,10.0,0.004255861615588076,ground_equivalent_excess_collision_air_kerma_rate,uGy/h,,False,False,False,
2131,2131,NORMAL,NORMAL,True,522960.9204974669,5696664.290406497,,5,0.01,0.5,0.45,10.0,0.007374815443301779,ground_equivalent_excess_collision_air_kerma_rate,uGy/h,,False,False,False,
2132,2132,NORMAL,NORMAL,True,522980.9204974669,5696664.290406497,,5,0.01,0.5,0.45,10.0,0.010270310101962617,ground_equivalent_excess_collision_air_kerma_rate,uGy/h,,False,False,False,
2133,2133,NORMAL,NORMAL,True,522960.9204974669,5696664.290406497,,5,0.01,0.5,0.45,10.0,0.007374815443301779,ground_equivalent_excess_collision_air_kerma_rate,uGy/h,,False,False,False,
2134,2134,NORMAL,NORMAL,True,522940.9204974669,5696644.290406497,,5,0.01,0.5,0.45,10.0,0.004255861615588076,ground_equivalent_excess_collision_air_kerma_rate,uGy/h,,False,False,False,
2135,2135,NORMAL,NORMAL,True,522960.9204974669,5696624.290406497,,5,0.01,0.5,0.45,10.0,0.004409951721569198,ground_equivalent_excess_collision_air_kerma_rate,uGy/h,,False,False,False,
2136,2136,NORMAL,NORMAL,True,522980.9204974669,5696644.290406497,,5,0.01,0.5,0.45,10.0,0.0076989326471079604,ground_equivalent_excess_collision_air_kerma_rate,uGy/h,,False,False,False,
2137,2137,NORMAL,NORMAL,True,522960.9204974669,5696644.290406497,,5,0.01,0.5,0.45,10.0,0.00573209372477937,ground_equivalent_excess_collision_air_kerma_rate,uGy/h,,False,False,False,
2138,2138,NORMAL,NORMAL,True,522980.9204974669,5696664.290406497,,5,0.01,0.5,0.45,10.0,0.010270310101962617,ground_equivalent_excess_collision_air_kerma_rate,uGy/h,,False,False,False,
2139,2139,NORMAL,NORMAL,True,523000.920497467,5696664.290406497,,5,0.01,0.5,0.45,10.0,0.014303687759791435,ground_equivalent_excess_collision_air_kerma_rate,uGy/h,,False,False,False,
2140,2140,NORMAL,NORMAL,True,523020.920497467,5696664.290406497,,5,0.01,0.5,0.45,10.0,0.01974755706938389,ground_equivalent_excess_collision_air_kerma_rate,uGy/h,,False,False,False,
2141,2141,NORMAL,NORMAL,True,523000.920497467,5696664.290406497,,5,0.01,0.5,0.45,10.0,0.014303687759791435,ground_equivalent_excess_collision_air_kerma_rate,uGy/h,,False,False,False,
2142,2142,NORMAL,NORMAL,True,523020.920497467,5696664.290406497,,5,0.01,0.5,0.45,10.0,0.01974755706938389,ground_equivalent_excess_collision_air_kerma_rate,uGy/h,,False,False,False,
2143,2143,NORMAL,NORMAL,True,523000.920497467,5696644.290406497,,5,0.01,0.5,0.45,10.0,0.010259866329454772,ground_equivalent_excess_collision_air_kerma_rate,uGy/h,,False,False,False,
2144,2144,NORMAL,NORMAL,True,522980.9204974669,5696624.290406497,,5,0.01,0.5,0.45,10.0,0.0057423494096257195,ground_equivalent_excess_collision_air_kerma_rate,uGy/h,,False,False,False,
2145,2145,NORMAL,NORMAL,True,522960.9204974669,5696624.290406497,,5,0.01,0.5,0.45,10.0,0.004409951721569198,ground_equivalent_excess_collision_air_kerma_rate,uGy/h,,False,False,False,
2146,2146,NORMAL,NORMAL,True,522980.9204974669,5696624.290406497,,5,0.01,0.5,0.45,10.0,0.0057423494096257195,ground_equivalent_excess_collision_air_kerma_rate,uGy/h,,False,False,False,
2147,2147,NORMAL,NORMAL,True,523000.920497467,5696624.290406497,,5,0.01,0.5,0.45,10.0,0.00738944947611183,ground_equivalent_excess_collision_air_kerma_rate,uGy/h,,False,False,False,
2148,2148,NORMAL,NORMAL,True,522980.9204974669,5696624.290406497,,5,0.01,0.5,0.45,10.0,0.0057423494096257195,ground_equivalent_excess_collision_air_kerma_rate,uGy/h,,False,False,False,
2149,2149,NORMAL,NORMAL,True,523000.920497467,5696604.290406497,,5,0.01,0.5,0.45,10.0,0.00535599134574527,ground_equivalent_excess_collision_air_kerma_rate,uGy/h,,False,False,False,
2150,2150,NORMAL,NORMAL,True,522980.9204974669,5696624.290406497,,5,0.01,0.5,0.45,10.0,0.0057423494096257195,ground_equivalent_excess_collision_air_kerma_rate,uGy/h,,False,False,False,
2151,2151,NORMAL,NORMAL,True,523000.920497467,5696624.290406497,,5,0.01,0.5,0.45,10.0,0.00738944947611183,ground_equivalent_excess_collision_air_kerma_rate,uGy/h,,False,False,False,
2152,2152,NORMAL,NORMAL,True,522980.9204974669,5696604.290406497,,5,0.01,0.5,0.45,10.0,0.004279838122345181,ground_equivalent_excess_collision_air_kerma_rate,uGy/h,,False,False,False,
2153,2153,NORMAL,NORMAL,True,522960.9204974669,5696604.290406497,,5,0.01,0.5,0.45,10.0,0.003373769877709472,ground_equivalent_excess_collision_air_kerma_rate,uGy/h,,False,False,False,
2154,2154,NORMAL,NORMAL,True,522940.9204974669,5696624.290406497,,5,0.01,0.5,0.45,10.0,0.0033629422311506024,ground_equivalent_excess_collision_air_kerma_rate,uGy/h,,False,False,False,
2155,2155,NORMAL,NORMAL,True,522940.9204974669,5696644.290406497,,5,0.01,0.5,0.45,10.0,0.004255861615588076,ground_equivalent_excess_collision_air_kerma_rate,uGy/h,,False,False,False,
2156,2156,NORMAL,NORMAL,True,522960.9204974669,5696624.290406497,,5,0.01,0.5,0.45,10.0,0.004409951721569198,ground_equivalent_excess_collision_air_kerma_rate,uGy/h,,False,False,False,
2157,2157,NORMAL,NORMAL,True,522980.9204974669,5696644.290406497,,5,0.01,0.5,0.45,10.0,0.0076989326471079604,ground_equivalent_excess_collision_air_kerma_rate,uGy/h,,False,False,False,
2158,2158,NORMAL,NORMAL,True,522960.9204974669,5696664.290406497,,5,0.01,0.5,0.45,10.0,0.007374815443301779,ground_equivalent_excess_collision_air_kerma_rate,uGy/h,,False,False,False,
2159,2159,NORMAL,NORMAL,True,522940.9204974669,5696664.290406497,,5,0.01,0.5,0.45,10.0,0.005316675607225088,ground_equivalent_excess_collision_air_kerma_rate,uGy/h,,False,False,False,
2160,2160,NORMAL,NORMAL,True,522920.9204974669,5696684.290406497,,5,0.01,0.5,0.45,10.0,0.004614004722943176,ground_equivalent_excess_collision_air_kerma_rate,uGy/h,,False,False,False,
2161,2161,NORMAL,NORMAL,True,522920.9204974669,5696704.290406497,,5,0.01,0.5,0.45,10.0,0.005397859132648475,ground_equivalent_excess_collision_air_kerma_rate,uGy/h,,False,False,False,
2162,2162,NORMAL,NORMAL,True,522920.9204974669,5696684.290406497,,5,0.01,0.5,0.45,10.0,0.004614004722943176,ground_equivalent_excess_collision_air_kerma_rate,uGy/h,,False,False,False,
2163,2163,NORMAL,NORMAL,True,522920.9204974669,5696664.290406497,,5,0.01,0.5,0.45,10.0,0.003854008862547739,ground_equivalent_excess_collision_air_kerma_rate,uGy/h,,False,False,False,
2164,2164,NORMAL,NORMAL,True,522900.9204974669,5696664.290406497,,5,0.01,0.5,0.45,10.0,0.0028103975012483905,ground_equivalent_excess_collision_air_kerma_rate,uGy/h,,False,False,False,
2165,2165,NORMAL,NORMAL,True,522880.9204974669,5696644.290406497,,5,0.01,0.5,0.45,10.0,0.001753685561189443,ground_equivalent_excess_collision_air_kerma_rate,uGy/h,,False,False,False,
2166,2166,NORMAL,NORMAL,True,522880.9204974669,5696664.290406497,,5,0.01,0.5,0.45,10.0,0.0020615700802700115,ground_equivalent_excess_collision_air_kerma_rate,uGy/h,,False,False,False,
2167,2167,NORMAL,NORMAL,True,522900.9204974669,5696684.290406497,,5,0.01,0.5,0.45,10.0,0.0032995351839196956,ground_equivalent_excess_collision_air_kerma_rate,uGy/h,,False,False,False,
2168,2168,NORMAL,NORMAL,True,522920.9204974669,5696684.290406497,,5,0.01,0.5,0.45,10.0,0.004614004722943176,ground_equivalent_excess_collision_air_kerma_rate,uGy/h,,False,False,False,
2169,2169,NORMAL,NORMAL,True,522940.9204974669,5696704.290406497,,5,0.01,0.5,0.45,10.0,0.0078046590081349435,ground_equivalent_excess_collision_air_kerma_rate,uGy/h,,False,False,False,
2170,2170,NORMAL,NORMAL,True,522920.9204974669,5696684.290406497,,5,0.01,0.5,0.45,10.0,0.004614004722943176,ground_equivalent_excess_collision_air_kerma_rate,uGy/h,,False,False,False,
2171,2171,NORMAL,NORMAL,True,522900.9204974669,5696704.290406497,,5,0.01,0.5,0.45,10.0,0.003791273857375088,ground_equivalent_excess_collision_air_kerma_rate,uGy/h,,False,False,False,
2172,2172,NORMAL,NORMAL,True,522880.9204974669,5696704.290406497,,5,0.01,0.5,0.45,10.0,0.0026972040110843165,ground_equivalent_excess_collision_air_kerma_rate,uGy/h,,False,False,False,
2173,2173,NORMAL,NORMAL,True,522900.9204974669,5696684.290406497,,5,0.01,0.5,0.45,10.0,0.0032995351839196956,ground_equivalent_excess_collision_air_kerma_rate,uGy/h,,False,False,False,
2174,2174,NORMAL,NORMAL,True,522920.9204974669,5696664.290406497,,5,0.01,0.5,0.45,10.0,0.003854008862547739,ground_equivalent_excess_collision_air_kerma_rate,uGy/h,,False,False,False,
2175,2175,NORMAL,NORMAL,True,522940.9204974669,5696664.290406497,,5,0.01,0.5,0.45,10.0,0.005316675607225088,ground_equivalent_excess_collision_air_kerma_rate,uGy/h,,False,False,False,
2176,2176,NORMAL,NORMAL,True,522920.9204974669,5696684.290406497,,5,0.01,0.5,0.45,10.0,0.004614004722943176,ground_equivalent_excess_collision_air_kerma_rate,uGy/h,,False,False,False,
2177,2177,NORMAL,NORMAL,True,522920.9204974669,5696664.290406497,,5,0.01,0.5,0.45,10.0,0.003854008862547739,ground_equivalent_excess_collision_air_kerma_rate,uGy/h,,False,False,False,
2178,2178,NORMAL,NORMAL,True,522940.9204974669,5696664.290406497,,5,0.01,0.5,0.45,10.0,0.005316675607225088,ground_equivalent_excess_collision_air_kerma_rate,uGy/h,,False,False,False,
2179,2179,NORMAL,NORMAL,True,522960.9204974669,5696684.290406497,,5,0.01,0.5,0.45,10.0,0.009329022841892532,ground_equivalent_excess_collision_air_kerma_rate,uGy/h,,False,False,False,
2180,2180,NORMAL,NORMAL,True,522940.9204974669,5696664.290406497,,5,0.01,0.5,0.45,10.0,0.005316675607225088,ground_equivalent_excess_collision_air_kerma_rate,uGy/h,,False,False,False,
2181,2181,NORMAL,NORMAL,True,522960.9204974669,5696684.290406497,,5,0.01,0.5,0.45,10.0,0.009329022841892532,ground_equivalent_excess_collision_air_kerma_rate,uGy/h,,False,False,False,
2182,2182,NORMAL,NORMAL,True,522980.9204974669,5696684.290406497,,5,0.01,0.5,0.45,10.0,0.013526824911904647,ground_equivalent_excess_collision_air_kerma_rate,uGy/h,,False,False,False,
2183,2183,NORMAL,NORMAL,True,523000.920497467,5696664.290406497,,5,0.01,0.5,0.45,10.0,0.014303687759791435,ground_equivalent_excess_collision_air_kerma_rate,uGy/h,,False,False,False,
2184,2184,NORMAL,NORMAL,True,522980.9204974669,5696684.290406497,,5,0.01,0.5,0.45,10.0,0.013526824911904647,ground_equivalent_excess_collision_air_kerma_rate,uGy/h,,False,False,False,
2185,2185,NORMAL,NORMAL,True,523000.920497467,5696684.290406497,,5,0.01,0.5,0.45,10.0,0.01988931783421957,ground_equivalent_excess_collision_air_kerma_rate,uGy/h,,False,False,False,
2186,2186,NORMAL,NORMAL,True,523000.920497467,5696704.290406497,,5,0.01,0.5,0.45,10.0,0.027146272505696598,ground_equivalent_excess_collision_air_kerma_rate,uGy/h,,False,False,False,
2187,2187,NORMAL,NORMAL,True,522980.9204974669,5696684.290406497,,5,0.01,0.5,0.45,10.0,0.013526824911904647,ground_equivalent_excess_collision_air_kerma_rate,uGy/h,,False,False,False,
2188,2188,NORMAL,NORMAL,True,522960.9204974669,5696664.290406497,,5,0.01,0.5,0.45,10.0,0.007374815443301779,ground_equivalent_excess_collision_air_kerma_rate,uGy/h,,False,False,False,
2189,2189,NORMAL,NORMAL,True,522940.9204974669,5696684.290406497,,5,0.01,0.5,0.45,10.0,0.006521285127503372,ground_equivalent_excess_collision_air_kerma_rate,uGy/h,,False,False,False,
2190,2190,NORMAL,NORMAL,True,522960.9204974669,5696664.290406497,,5,0.01,0.5,0.45,10.0,0.007374815443301779,ground_equivalent_excess_collision_air_kerma_rate,uGy/h,,False,False,False,
2191,2191,NORMAL,NORMAL,True,522960.9204974669,5696644.290406497,,5,0.01,0.5,0.45,10.0,0.00573209372477937,ground_equivalent_excess_collision_air_kerma_rate,uGy/h,,False,False,False,
2192,2192,NORMAL,NORMAL,True,522940.9204974669,5696644.290406497,,5,0.01,0.5,0.45,10.0,0.004255861615588076,ground_equivalent_excess_collision_air_kerma_rate,uGy/h,,False,False,False,
2193,2193,NORMAL,NORMAL,True,522920.9204974669,5696664.290406497,,5,0.01,0.5,0.45,10.0,0.003854008862547739,ground_equivalent_excess_collision_air_kerma_rate,uGy/h,,False,False,False,
2194,2194,NORMAL,NORMAL,True,522920.9204974669,5696644.290406497,,5,0.01,0.5,0.45,10.0,0.003160307712506901,ground_equivalent_excess_collision_air_kerma_rate,uGy/h,,False,False,False,
2195,2195,NORMAL,NORMAL,True,522940.9204974669,5696664.290406497,,5,0.01,0.5,0.45,10.0,0.005316675607225088,ground_equivalent_excess_collision_air_kerma_rate,uGy/h,,False,False,False,
2196,2196,NORMAL,NORMAL,True,522920.9204974669,5696664.290406497,,5,0.01,0.5,0.45,10.0,0.003854008862547739,ground_equivalent_excess_collision_air_kerma_rate,uGy/h,,False,False,False,
2197,2197,NORMAL,NORMAL,True,522920.9204974669,5696644.290406497,,5,0.01,0.5,0.45,10.0,0.003160307712506901,ground_equivalent_excess_collision_air_kerma_rate,uGy/h,,False,False,False,
2198,2198,NORMAL,NORMAL,True,522900.9204974669,5696624.290406497,,5,0.01,0.5,0.45,10.0,0.0019381606957239528,ground_equivalent_excess_collision_air_kerma_rate,uGy/h,,False,False,False,
2199,2199,NORMAL,NORMAL,True,522900.9204974669,5696644.290406497,,5,0.01,0.5,0.45,10.0,0.0023510108945929524,ground_equivalent_excess_collision_air_kerma_rate,uGy/h,,False,False,False,
2200,2200,NORMAL,NORMAL,True,522880.9204974669,5696624.290406497,,5,0.01,0.5,0.45,10.0,0.0014701525117320922,ground_equivalent_excess_collision_air_kerma_rate,uGy/h,,False,False,False,
2201,2201,NORMAL,NORMAL,True,522860.9204974669,5696624.290406497,,5,0.01,0.5,0.45,10.0,0.0011161130320339106,ground_equivalent_excess_collision_air_kerma_rate,uGy/h,,False,False,False,
2202,2202,NORMAL,NORMAL,True,522840.9204974669,5696644.290406497,,5,0.01,0.5,0.45,10.0,0.0,ground_equivalent_excess_collision_air_kerma_rate,uGy/h,,False,False,False,
2203,2203,NORMAL,NORMAL,True,522860.9204974669,5696644.290406497,,5,0.01,0.5,0.45,10.0,0.0013122571031946076,ground_equivalent_excess_collision_air_kerma_rate,uGy/h,,False,False,False,
2204,2204,NORMAL,NORMAL,True,522880.9204974669,5696624.290406497,,5,0.01,0.5,0.45,10.0,0.0014701525117320922,ground_equivalent_excess_collision_air_kerma_rate,uGy/h,,False,False,False,
2205,2205,NORMAL,NORMAL,True,522860.9204974669,5696604.290406497,,5,0.01,0.5,0.45,10.0,0.0009377840033780735,ground_equivalent_excess_collision_air_kerma_rate,uGy/h,,False,False,False,
2206,2206,NORMAL,NORMAL,True,522840.9204974669,5696624.290406497,,5,0.01,0.5,0.45,10.0,0.0,ground_equivalent_excess_collision_air_kerma_rate,uGy/h,,False,False,False,
2207,2207,NORMAL,NORMAL,True,522820.9204974669,5696624.290406497,,5,0.01,0.5,0.45,10.0,0.0,ground_equivalent_excess_collision_air_kerma_rate,uGy/h,,False,False,False,
2208,2208,NORMAL,NORMAL,True,522800.9204974669,5696604.290406497,,5,0.01,0.5,0.45,10.0,0.0,ground_equivalent_excess_collision_air_kerma_rate,uGy/h,,False,False,False,
2209,2209,NORMAL,NORMAL,True,522800.9204974669,5696584.290406497,,5,0.01,0.5,0.45,10.0,0.0,ground_equivalent_excess_collision_air_kerma_rate,uGy/h,,False,False,False,
2210,2210,NORMAL,NORMAL,True,522820.9204974669,5696584.290406497,,5,0.01,0.5,0.45,10.0,0.0,ground_equivalent_excess_collision_air_kerma_rate,uGy/h,,False,False,False,
2211,2211,NORMAL,NORMAL,True,522820.9204974669,5696564.290406497,,5,0.01,0.5,0.45,10.0,0.0,ground_equivalent_excess_collision_air_kerma_rate,uGy/h,,False,False,False,
2212,2212,NORMAL,NORMAL,True,522800.9204974669,5696564.290406497,,5,0.01,0.5,0.45,10.0,0.0,ground_equivalent_excess_collision_air_kerma_rate,uGy/h,,False,False,False,
2213,2213,NORMAL,NORMAL,True,522780.9204974669,5696544.290406497,,5,0.01,0.5,0.45,10.0,0.0,ground_equivalent_excess_collision_air_kerma_rate,uGy/h,,False,False,False,
2214,2214,NORMAL,NORMAL,True,522780.9204974669,5696564.290406497,,5,0.01,0.5,0.45,10.0,0.0,ground_equivalent_excess_collision_air_kerma_rate,uGy/h,,False,False,False,
2215,2215,NORMAL,NORMAL,True,522760.9204974669,5696584.290406497,,5,0.01,0.5,0.45,10.0,0.0,ground_equivalent_excess_collision_air_kerma_rate,uGy/h,,False,False,False,
2216,2216,NORMAL,NORMAL,True,522760.9204974669,5696604.290406497,,5,0.01,0.5,0.45,10.0,0.0,ground_equivalent_excess_collision_air_kerma_rate,uGy/h,,False,False,False,
2217,2217,NORMAL,NORMAL,True,522740.9204974669,5696584.290406497,,5,0.01,0.5,0.45,10.0,0.0,ground_equivalent_excess_collision_air_kerma_rate,uGy/h,,False,False,False,
2218,2218,NORMAL,NORMAL,True,522720.9204974669,5696584.290406497,,5,0.01,0.5,0.45,10.0,0.0,ground_equivalent_excess_collision_air_kerma_rate,uGy/h,,False,False,False,
2219,2219,NORMAL,NORMAL,True,522740.9204974669,5696564.290406497,,5,0.01,0.5,0.45,10.0,0.0,ground_equivalent_excess_collision_air_kerma_rate,uGy/h,,False,False,False,
2220,2220,NORMAL,NORMAL,True,522760.9204974669,5696564.290406497,,5,0.01,0.5,0.45,10.0,0.0,ground_equivalent_excess_collision_air_kerma_rate,uGy/h,,False,False,False,
2221,2221,NORMAL,NORMAL,True,522760.9204974669,5696584.290406497,,5,0.01,0.5,0.45,10.0,0.0,ground_equivalent_excess_collision_air_kerma_rate,uGy/h,,False,False,False,
2222,2222,NORMAL,NORMAL,True,522760.9204974669,5696564.290406497,,5,0.01,0.5,0.45,10.0,0.0,ground_equivalent_excess_collision_air_kerma_rate,uGy/h,,False,False,False,
2223,2223,NORMAL,NORMAL,True,522760.9204974669,5696584.290406497,,5,0.01,0.5,0.45,10.0,0.0,ground_equivalent_excess_collision_air_kerma_rate,uGy/h,,False,False,False,
2224,2224,NORMAL,NORMAL,True,522780.9204974669,5696584.290406497,,5,0.01,0.5,0.45,10.0,0.0,ground_equivalent_excess_collision_air_kerma_rate,uGy/h,,False,False,False,
2225,2225,NORMAL,NORMAL,True,522780.9204974669,5696604.290406497,,5,0.01,0.5,0.45,10.0,0.0,ground_equivalent_excess_collision_air_kerma_rate,uGy/h,,False,False,False,
2226,2226,NORMAL,NORMAL,True,522760.9204974669,5696584.290406497,,5,0.01,0.5,0.45,10.0,0.0,ground_equivalent_excess_collision_air_kerma_rate,uGy/h,,False,False,False,
2227,2227,NORMAL,NORMAL,True,522780.9204974669,5696604.290406497,,5,0.01,0.5,0.45,10.0,0.0,ground_equivalent_excess_collision_air_kerma_rate,uGy/h,,False,False,False,
2228,2228,NORMAL,NORMAL,True,522760.9204974669,5696604.290406497,,5,0.01,0.5,0.45,10.0,0.0,ground_equivalent_excess_collision_air_kerma_rate,uGy/h,,False,False,False,
2229,2229,NORMAL,NORMAL,True,522780.9204974669,5696584.290406497,,5,0.01,0.5,0.45,10.0,0.0,ground_equivalent_excess_collision_air_kerma_rate,uGy/h,,False,False,False,
2230,2230,NORMAL,NORMAL,True,522780.9204974669,5696564.290406497,,5,0.01,0.5,0.45,10.0,0.0,ground_equivalent_excess_collision_air_kerma_rate,uGy/h,,False,False,False,
2231,2231,NORMAL,NORMAL,True,522800.9204974669,5696584.290406497,,5,0.01,0.5,0.45,10.0,0.0,ground_equivalent_excess_collision_air_kerma_rate,uGy/h,,False,False,False,
2232,2232,NORMAL,NORMAL,True,522820.9204974669,5696604.290406497,,5,0.01,0.5,0.45,10.0,0.0,ground_equivalent_excess_collision_air_kerma_rate,uGy/h,,False,False,False,
2233,2233,NORMAL,NORMAL,True,522820.9204974669,5696584.290406497,,5,0.01,0.5,0.45,10.0,0.0,ground_equivalent_excess_collision_air_kerma_rate,uGy/h,,False,False,False,
2234,2234,NORMAL,NORMAL,True,522800.9204974669,5696584.290406497,,5,0.01,0.5,0.45,10.0,0.0,ground_equivalent_excess_collision_air_kerma_rate,uGy/h,,False,False,False,
2235,2235,NORMAL,NORMAL,True,522780.9204974669,5696604.290406497,,5,0.01,0.5,0.45,10.0,0.0,ground_equivalent_excess_collision_air_kerma_rate,uGy/h,,False,False,False,
2236,2236,NORMAL,NORMAL,True,522800.9204974669,5696604.290406497,,5,0.01,0.5,0.45,10.0,0.0,ground_equivalent_excess_collision_air_kerma_rate,uGy/h,,False,False,False,
2237,2237,NORMAL,NORMAL,True,522800.9204974669,5696584.290406497,,5,0.01,0.5,0.45,10.0,0.0,ground_equivalent_excess_collision_air_kerma_rate,uGy/h,,False,False,False,
2238,2238,NORMAL,NORMAL,True,522820.9204974669,5696564.290406497,,5,0.01,0.5,0.45,10.0,0.0,ground_equivalent_excess_collision_air_kerma_rate,uGy/h,,False,False,False,
2239,2239,NORMAL,NORMAL,True,522840.9204974669,5696544.290406497,,5,0.01,0.5,0.45,10.0,0.0,ground_equivalent_excess_collision_air_kerma_rate,uGy/h,,False,False,False,
2240,2240,NORMAL,NORMAL,True,522860.9204974669,5696524.290406497,,5,0.01,0.5,0.45,10.0,0.00042892720228660365,ground_equivalent_excess_collision_air_kerma_rate,uGy/h,,False,False,False,
2241,2241,NORMAL,NORMAL,True,522880.9204974669,5696544.290406497,,5,0.01,0.5,0.45,10.0,0.0006574233419163519,ground_equivalent_excess_collision_air_kerma_rate,uGy/h,,False,False,False,
2242,2242,NORMAL,NORMAL,True,522880.9204974669,5696524.290406497,,5,0.01,0.5,0.45,10.0,0.0005291445814674983,ground_equivalent_excess_collision_air_kerma_rate,uGy/h,,False,False,False,
2243,2243,NORMAL,NORMAL,True,522860.9204974669,5696544.290406497,,5,0.01,0.5,0.45,10.0,0.0005267320074776624,ground_equivalent_excess_collision_air_kerma_rate,uGy/h,,False,False,False,
2244,2244,NORMAL,NORMAL,True,522880.9204974669,5696564.290406497,,5,0.01,0.5,0.45,10.0,0.0008128381609700241,ground_equivalent_excess_collision_air_kerma_rate,uGy/h,,False,False,False,
2245,2245,NORMAL,NORMAL,True,522880.9204974669,5696584.290406497,,5,0.01,0.5,0.45,10.0,0.0009987834691682772,ground_equivalent_excess_collision_air_kerma_rate,uGy/h,,False,False,False,
2246,2246,NORMAL,NORMAL,True,522880.9204974669,5696604.290406497,,5,0.01,0.5,0.45,10.0,0.0012176984058585743,ground_equivalent_excess_collision_air_kerma_rate,uGy/h,,False,False,False,
2247,2247,NORMAL,NORMAL,True,522880.9204974669,5696584.290406497,,5,0.01,0.5,0.45,10.0,0.0009987834691682772,ground_equivalent_excess_collision_air_kerma_rate,uGy/h,,False,False,False,
2248,2248,NORMAL,NORMAL,True,522880.9204974669,5696564.290406497,,5,0.01,0.5,0.45,10.0,0.0008128381609700241,ground_equivalent_excess_collision_air_kerma_rate,uGy/h,,False,False,False,
2249,2249,NORMAL,NORMAL,True,522880.9204974669,5696584.290406497,,5,0.01,0.5,0.45,10.0,0.0009987834691682772,ground_equivalent_excess_collision_air_kerma_rate,uGy/h,,False,False,False,
2250,2250,NORMAL,NORMAL,True,522860.9204974669,5696604.290406497,,5,0.01,0.5,0.45,10.0,0.0009377840033780735,ground_equivalent_excess_collision_air_kerma_rate,uGy/h,,False,False,False,
2251,2251,NORMAL,NORMAL,True,522840.9204974669,5696624.290406497,,5,0.01,0.5,0.45,10.0,0.0,ground_equivalent_excess_collision_air_kerma_rate,uGy/h,,False,False,False,
2252,2252,NORMAL,NORMAL,True,522820.9204974669,5696624.290406497,,5,0.01,0.5,0.45,10.0,0.0,ground_equivalent_excess_collision_air_kerma_rate,uGy/h,,False,False,False,
2253,2253,NORMAL,NORMAL,True,522840.9204974669,5696624.290406497,,5,0.01,0.5,0.45,10.0,0.0,ground_equivalent_excess_collision_air_kerma_rate,uGy/h,,False,False,False,
2254,2254,NORMAL,NORMAL,True,522820.9204974669,5696604.290406497,,5,0.01,0.5,0.45,10.0,0.0,ground_equivalent_excess_collision_air_kerma_rate,uGy/h,,False,False,False,
2255,2255,NORMAL,NORMAL,True,522840.9204974669,5696584.290406497,,5,0.01,0.5,0.45,10.0,0.0,ground_equivalent_excess_collision_air_kerma_rate,uGy/h,,False,False,False,
2256,2256,NORMAL,NORMAL,True,522860.9204974669,5696584.290406497,,5,0.01,0.5,0.45,10.0,0.0007799343836615673,ground_equivalent_excess_collision_air_kerma_rate,uGy/h,,False,False,False,
2257,2257,NORMAL,NORMAL,True,522860.9204974669,5696564.290406497,,5,0.01,0.5,0.45,10.0,0.0006431825459984604,ground_equivalent_excess_collision_air_kerma_rate,uGy/h,,False,False,False,
2258,2258,NORMAL,NORMAL,True,522860.9204974669,5696544.290406497,,5,0.01,0.5,0.45,10.0,0.0005267320074776624,ground_equivalent_excess_collision_air_kerma_rate,uGy/h,,False,False,False,
2259,2259,NORMAL,NORMAL,True,522840.9204974669,5696524.290406497,,5,0.01,0.5,0.45,10.0,0.0,ground_equivalent_excess_collision_air_kerma_rate,uGy/h,,False,False,False,
2260,2260,NORMAL,NORMAL,True,522840.9204974669,5696504.290406497,,5,0.01,0.5,0.45,10.0,0.0,ground_equivalent_excess_collision_air_kerma_rate,uGy/h,,False,False,False,
2261,2261,NORMAL,NORMAL,True,522860.9204974669,5696524.290406497,,5,0.01,0.5,0.45,10.0,0.00042892720228660365,ground_equivalent_excess_collision_air_kerma_rate,uGy/h,,False,False,False,
2262,2262,NORMAL,NORMAL,True,522840.9204974669,5696544.290406497,,5,0.01,0.5,0.45,10.0,0.0,ground_equivalent_excess_collision_air_kerma_rate,uGy/h,,False,False,False,
2263,2263,NORMAL,NORMAL,True,522860.9204974669,5696564.290406497,,5,0.01,0.5,0.45,10.0,0.0006431825459984604,ground_equivalent_excess_collision_air_kerma_rate,uGy/h,,False,False,False,
2264,2264,NORMAL,NORMAL,True,522880.9204974669,5696544.290406497,,5,0.01,0.5,0.45,10.0,0.0006574233419163519,ground_equivalent_excess_collision_air_kerma_rate,uGy/h,,False,False,False,
2265,2265,NORMAL,NORMAL,True,522900.9204974669,5696544.290406497,,5,0.01,0.5,0.45,10.0,0.0008165205861034742,ground_equivalent_excess_collision_air_kerma_rate,uGy/h,,False,False,False,
2266,2266,NORMAL,NORMAL,True,522920.9204974669,5696564.290406497,,5,0.01,0.5,0.45,10.0,0.0012811580625770275,ground_equivalent_excess_collision_air_kerma_rate,uGy/h,,False,False,False,
2267,2267,NORMAL,NORMAL,True,522940.9204974669,5696544.290406497,,5,0.01,0.5,0.45,10.0,0.001234252675152769,ground_equivalent_excess_collision_air_kerma_rate,uGy/h,,False,False,False,
2268,2268,NORMAL,NORMAL,True,522920.9204974669,5696564.290406497,,5,0.01,0.5,0.45,10.0,0.0012811580625770275,ground_equivalent_excess_collision_air_kerma_rate,uGy/h,,False,False,False,
2269,2269,NORMAL,NORMAL,True,522900.9204974669,5696584.290406497,,5,0.01,0.5,0.45,10.0,0.001275601408587343,ground_equivalent_excess_collision_air_kerma_rate,uGy/h,,False,False,False,
2270,2270,NORMAL,NORMAL,True,522900.9204974669,5696604.290406497,,5,0.01,0.5,0.45,10.0,0.001579429468474149,ground_equivalent_excess_collision_air_kerma_rate,uGy/h,,False,False,False,
2271,2271,NORMAL,NORMAL,True,522920.9204974669,5696624.290406497,,5,0.01,0.5,0.45,10.0,0.0025549639886995323,ground_equivalent_excess_collision_air_kerma_rate,uGy/h,,False,False,False,
2272,2272,NORMAL,NORMAL,True,522940.9204974669,5696624.290406497,,5,0.01,0.5,0.45,10.0,0.0033629422311506024,ground_equivalent_excess_collision_air_kerma_rate,uGy/h,,False,False,False,
2273,2273,NORMAL,NORMAL,True,522960.9204974669,5696624.290406497,,5,0.01,0.5,0.45,10.0,0.004409951721569198,ground_equivalent_excess_collision_air_kerma_rate,uGy/h,,False,False,False,
2274,2274,NORMAL,NORMAL,True,522960.9204974669,5696644.290406497,,5,0.01,0.5,0.45,10.0,0.00573209372477937,ground_equivalent_excess_collision_air_kerma_rate,uGy/h,,False,False,False,
2275,2275,NORMAL,NORMAL,True,522940.9204974669,5696664.290406497,,5,0.01,0.5,0.45,10.0,0.005316675607225088,ground_equivalent_excess_collision_air_kerma_rate,uGy/h,,False,False,False,
2276,2276,NORMAL,NORMAL,True,522960.9204974669,5696644.290406497,,5,0.01,0.5,0.45,10.0,0.00573209372477937,ground_equivalent_excess_collision_air_kerma_rate,uGy/h,,False,False,False,
2277,2277,NORMAL,NORMAL,True,522940.9204974669,5696664.290406497,,5,0.01,0.5,0.45,10.0,0.005316675607225088,ground_equivalent_excess_collision_air_kerma_rate,uGy/h,,False,False,False,
2278,2278,NORMAL,NORMAL,True,522960.9204974669,5696664.290406497,,5,0.01,0.5,0.45,10.0,0.007374815443301779,ground_equivalent_excess_collision_air_kerma_rate,uGy/h,,False,False,False,
2279,2279,NORMAL,NORMAL,True,522960.9204974669,5696644.290406497,,5,0.01,0.5,0.45,10.0,0.00573209372477937,ground_equivalent_excess_collision_air_kerma_rate,uGy/h,,False,False,False,
2280,2280,NORMAL,NORMAL,True,522980.9204974669,5696644.290406497,,5,0.01,0.5,0.45,10.0,0.0076989326471079604,ground_equivalent_excess_collision_air_kerma_rate,uGy/h,,False,False,False,
2281,2281,NORMAL,NORMAL,True,523000.920497467,5696644.290406497,,5,0.01,0.5,0.45,10.0,0.010259866329454772,ground_equivalent_excess_collision_air_kerma_rate,uGy/h,,False,False,False,
2282,2282,NORMAL,NORMAL,True,523020.920497467,5696664.290406497,,5,0.01,0.5,0.45,10.0,0.01974755706938389,ground_equivalent_excess_collision_air_kerma_rate,uGy/h,,False,False,False,
2283,2283,NORMAL,NORMAL,True,523040.920497467,5696664.290406497,,5,0.01,0.5,0.45,10.0,0.02656837366346481,ground_equivalent_excess_collision_air_kerma_rate,uGy/h,,False,False,False,
2284,2284,NORMAL,NORMAL,True,523040.920497467,5696644.290406497,,5,0.01,0.5,0.45,10.0,0.017170979888830238,ground_equivalent_excess_collision_air_kerma_rate,uGy/h,,False,False,False,
2285,2285,NORMAL,NORMAL,True,523060.920497467,5696664.290406497,,5,0.01,0.5,0.45,10.0,0.03402289085373526,ground_equivalent_excess_collision_air_kerma_rate,uGy/h,,False,False,False,
2286,2286,NORMAL,NORMAL,True,523080.920497467,5696664.290406497,,5,0.01,0.5,0.45,10.0,0.040818430277368846,ground_equivalent_excess_collision_air_kerma_rate,uGy/h,,False,False,False,
2287,2287,NORMAL,NORMAL,True,523100.920497467,5696644.290406497,,5,0.01,0.5,0.45,10.0,0.027552098331448057,ground_equivalent_excess_collision_air_kerma_rate,uGy/h,,False,False,False,
2288,2288,NORMAL,NORMAL,True,523100.920497467,5696664.290406497,,5,0.01,0.5,0.45,10.0,0.04602013068799906,ground_equivalent_excess_collision_air_kerma_rate,uGy/h,,False,False,False,
2289,2289,NORMAL,NORMAL,True,523080.920497467,5696664.290406497,,5,0.01,0.5,0.45,10.0,0.040818430277368846,ground_equivalent_excess_collision_air_kerma_rate,uGy/h,,False,False,False,
2290,2290,NORMAL,NORMAL,True,523100.920497467,5696644.290406497,,5,0.01,0.5,0.45,10.0,0.027552098331448057,ground_equivalent_excess_collision_air_kerma_rate,uGy/h,,False,False,False,
2291,2291,NORMAL,NORMAL,True,523100.920497467,5696664.290406497,,5,0.01,0.5,0.45,10.0,0.04602013068799906,ground_equivalent_excess_collision_air_kerma_rate,uGy/h,,False,False,False,
2292,2292,NORMAL,NORMAL,True,523100.920497467,5696684.290406497,,5,0.01,0.5,0.45,10.0,0.08419441742129274,ground_equivalent_excess_collision_air_kerma_rate,uGy/h,,False,False,False,
2293,2293,NORMAL,NORMAL,True,523120.920497467,5696684.290406497,,5,0.01,0.5,0.45,10.0,0.08996611108915761,ground_equivalent_excess_collision_air_kerma_rate,uGy/h,,False,False,False,
2294,2294,NORMAL,NORMAL,True,523140.920497467,5696664.290406497,,5,0.01,0.5,0.45,10.0,0.051115105816240965,ground_equivalent_excess_collision_air_kerma_rate,uGy/h,,False,False,False,
2295,2295,NORMAL,NORMAL,True,523140.920497467,5696684.290406497,,5,0.01,0.5,0.45,10.0,0.09270217014035023,ground_equivalent_excess_collision_air_kerma_rate,uGy/h,,False,False,False,
2296,2296,NORMAL,NORMAL,True,523140.920497467,5696664.290406497,,5,0.01,0.5,0.45,10.0,0.051115105816240965,ground_equivalent_excess_collision_air_kerma_rate,uGy/h,,False,False,False,
2297,2297,NORMAL,NORMAL,True,523120.920497467,5696684.290406497,,5,0.01,0.5,0.45,10.0,0.08996611108915761,ground_equivalent_excess_collision_air_kerma_rate,uGy/h,,False,False,False,
2298,2298,NORMAL,NORMAL,True,523140.920497467,5696684.290406497,,5,0.01,0.5,0.45,10.0,0.09270217014035023,ground_equivalent_excess_collision_air_kerma_rate,uGy/h,,False,False,False,
2299,2299,NORMAL,NORMAL,True,523140.920497467,5696704.290406497,,5,0.01,0.5,0.45,10.0,0.20110199063777506,ground_equivalent_excess_collision_air_kerma_rate,uGy/h,,False,False,False,
2300,2300,NORMAL,NORMAL,True,523120.920497467,5696704.290406497,,5,0.01,0.5,0.45,10.0,0.19692912919597733,ground_equivalent_excess_collision_air_kerma_rate,uGy/h,,False,False,False,
2301,2301,NORMAL,RADIATION,True,523120.920497467,5696724.290406497,ENTER,5,0.01,0.5,0.45,10.0,1.3611918050252736,ground_equivalent_excess_collision_air_kerma_rate,uGy/h,hazard_enter_threshold,True,False,False,
2302,2302,RADIATION,RADIATION,True,523140.920497467,5696744.290406497,,5,0.01,0.5,0.45,10.0,1.7250160826922252,ground_equivalent_excess_collision_air_kerma_rate,uGy/h,,False,False,False,
2303,2303,RADIATION,RADIATION,True,523160.920497467,5696764.290406497,,5,0.01,0.5,0.45,10.0,1.7956773896550409,ground_equivalent_excess_collision_air_kerma_rate,uGy/h,,False,False,False,
2304,2304,RADIATION,RADIATION,True,523140.920497467,5696764.290406497,,5,0.01,0.5,0.45,10.0,1.7949516015549158,ground_equivalent_excess_collision_air_kerma_rate,uGy/h,,False,False,False,
2305,2305,RADIATION,RADIATION,True,523160.920497467,5696784.290406497,,5,0.01,0.5,0.45,10.0,1.8173003210976213,ground_equivalent_excess_collision_air_kerma_rate,uGy/h,,False,False,False,
2306,2306,RADIATION,RADIATION,True,523160.920497467,5696804.290406497,,5,0.01,0.5,0.45,10.0,1.8133916967610393,ground_equivalent_excess_collision_air_kerma_rate,uGy/h,,False,False,False,
2307,2307,RADIATION,RADIATION,True,523160.920497467,5696824.290406497,,5,0.01,0.5,0.45,10.0,1.7804859854653248,ground_equivalent_excess_collision_air_kerma_rate,uGy/h,,False,False,False,
2308,2308,RADIATION,RADIATION,True,523160.920497467,5696804.290406497,,5,0.01,0.5,0.45,10.0,1.8133916967610393,ground_equivalent_excess_collision_air_kerma_rate,uGy/h,,False,False,False,
2309,2309,RADIATION,RADIATION,True,523140.920497467,5696804.290406497,,5,0.01,0.5,0.45,10.0,1.8126311290406116,ground_equivalent_excess_collision_air_kerma_rate,uGy/h,,False,False,False,
2310,2310,RADIATION,RADIATION,True,523160.920497467,5696784.290406497,,5,0.01,0.5,0.45,10.0,1.8173003210976213,ground_equivalent_excess_collision_air_kerma_rate,uGy/h,,False,False,False,
2311,2311,RADIATION,RADIATION,True,523140.920497467,5696764.290406497,,5,0.01,0.5,0.45,10.0,1.7949516015549158,ground_equivalent_excess_collision_air_kerma_rate,uGy/h,,False,False,False,
2312,2312,RADIATION,RADIATION,True,523120.920497467,5696744.290406497,,5,0.01,0.5,0.45,10.0,1.71759888763531,ground_equivalent_excess_collision_air_kerma_rate,uGy/h,,False,False,False,
2313,2313,RADIATION,RADIATION,True,523140.920497467,5696744.290406497,,5,0.01,0.5,0.45,10.0,1.7250160826922252,ground_equivalent_excess_collision_air_kerma_rate,uGy/h,,False,False,False,
2314,2314,RADIATION,RADIATION,True,523120.920497467,5696744.290406497,,5,0.01,0.5,0.45,10.0,1.71759888763531,ground_equivalent_excess_collision_air_kerma_rate,uGy/h,,False,False,False,
2315,2315,RADIATION,RADIATION,True,523120.920497467,5696764.290406497,,5,0.01,0.5,0.45,10.0,1.7864308271090252,ground_equivalent_excess_collision_air_kerma_rate,uGy/h,,False,False,False,
2316,2316,RADIATION,RADIATION,True,523100.920497467,5696784.290406497,,5,0.01,0.5,0.45,10.0,1.7847654043745835,ground_equivalent_excess_collision_air_kerma_rate,uGy/h,,False,False,False,
2317,2317,RADIATION,RADIATION,True,523080.920497467,5696764.290406497,,5,0.01,0.5,0.45,10.0,1.7116116810754327,ground_equivalent_excess_collision_air_kerma_rate,uGy/h,,False,False,False,
2318,2318,RADIATION,RADIATION,True,523080.920497467,5696784.290406497,,5,0.01,0.5,0.45,10.0,1.7289745326031247,ground_equivalent_excess_collision_air_kerma_rate,uGy/h,,False,False,False,
2319,2319,RADIATION,RADIATION,True,523060.920497467,5696784.290406497,,5,0.01,0.5,0.45,10.0,1.5254237626922729,ground_equivalent_excess_collision_air_kerma_rate,uGy/h,,False,False,False,
2320,2320,RADIATION,RADIATION,True,523080.920497467,5696784.290406497,,5,0.01,0.5,0.45,10.0,1.7289745326031247,ground_equivalent_excess_collision_air_kerma_rate,uGy/h,,False,False,False,
2321,2321,RADIATION,RADIATION,True,523100.920497467,5696804.290406497,,5,0.01,0.5,0.45,10.0,1.7812033491767243,ground_equivalent_excess_collision_air_kerma_rate,uGy/h,,False,False,False,
2322,2322,RADIATION,RADIATION,True,523080.920497467,5696824.290406497,,5,0.01,0.5,0.45,10.0,1.699144614935586,ground_equivalent_excess_collision_air_kerma_rate,uGy/h,,False,False,False,
2323,2323,RADIATION,RADIATION,True,523060.920497467,5696804.290406497,,5,0.01,0.5,0.45,10.0,1.5230364838552075,ground_equivalent_excess_collision_air_kerma_rate,uGy/h,,False,False,False,
2324,2324,RADIATION,RADIATION,True,523060.920497467,5696784.290406497,,5,0.01,0.5,0.45,10.0,1.5254237626922729,ground_equivalent_excess_collision_air_kerma_rate,uGy/h,,False,False,False,
2325,2325,RADIATION,NORMAL,True,523040.920497467,5696784.290406497,EXIT,5,0.01,0.5,0.45,10.0,0.24127826010582756,ground_equivalent_excess_collision_air_kerma_rate,uGy/h,hazard_exit_threshold,False,True,False,
2326,2326,NORMAL,NORMAL,True,523020.920497467,5696764.290406497,,6,0.01,0.6000000000000001,0.5400000000000001,10.0,0.09292405503730065,ground_equivalent_excess_collision_air_kerma_rate,uGy/h,,False,False,False,
2327,2327,NORMAL,NORMAL,True,523020.920497467,5696744.290406497,,6,0.01,0.6000000000000001,0.5400000000000001,10.0,0.08192195448758256,ground_equivalent_excess_collision_air_kerma_rate,uGy/h,,False,False,False,
2328,2328,NORMAL,NORMAL,True,523020.920497467,5696764.290406497,,6,0.01,0.6000000000000001,0.5400000000000001,10.0,0.09292405503730065,ground_equivalent_excess_collision_air_kerma_rate,uGy/h,,False,False,False,
2329,2329,NORMAL,NORMAL,True,523020.920497467,5696744.290406497,,6,0.01,0.6000000000000001,0.5400000000000001,10.0,0.08192195448758256,ground_equivalent_excess_collision_air_kerma_rate,uGy/h,,False,False,False,
2330,2330,NORMAL,NORMAL,True,523020.920497467,5696724.290406497,,6,0.01,0.6000000000000001,0.5400000000000001,10.0,0.06416241162954235,ground_equivalent_excess_collision_air_kerma_rate,uGy/h,,False,False,False,
2331,2331,NORMAL,NORMAL,True,523040.920497467,5696724.290406497,,6,0.01,0.6000000000000001,0.5400000000000001,10.0,0.15058404304805095,ground_equivalent_excess_collision_air_kerma_rate,uGy/h,,False,False,False,
2332,2332,NORMAL,NORMAL,True,523020.920497467,5696704.290406497,,6,0.01,0.6000000000000001,0.5400000000000001,10.0,0.04451868691092856,ground_equivalent_excess_collision_air_kerma_rate,uGy/h,,False,False,False,
2333,2333,NORMAL,NORMAL,True,523040.920497467,5696684.290406497,,6,0.01,0.6000000000000001,0.5400000000000001,10.0,0.04342484174955992,ground_equivalent_excess_collision_air_kerma_rate,uGy/h,,False,False,False,
2334,2334,NORMAL,NORMAL,True,523060.920497467,5696704.290406497,,6,0.01,0.6000000000000001,0.5400000000000001,10.0,0.1307048316596232,ground_equivalent_excess_collision_air_kerma_rate,uGy/h,,False,False,False,
2335,2335,NORMAL,NORMAL,True,523040.920497467,5696724.290406497,,6,0.01,0.6000000000000001,0.5400000000000001,10.0,0.15058404304805095,ground_equivalent_excess_collision_air_kerma_rate,uGy/h,,False,False,False,
2336,2336,NORMAL,RADIATION,True,523060.920497467,5696744.290406497,ENTER,6,0.01,0.6000000000000001,0.5400000000000001,10.0,1.4678388423437205,ground_equivalent_excess_collision_air_kerma_rate,uGy/h,hazard_enter_threshold,True,False,False,
2337,2337,RADIATION,NORMAL,True,523040.920497467,5696744.290406497,EXIT,6,0.01,0.6000000000000001,0.5400000000000001,10.0,0.20896493268747945,ground_equivalent_excess_collision_air_kerma_rate,uGy/h,hazard_exit_threshold,False,True,False,
2338,2338,NORMAL,RADIATION,True,523060.920497467,5696724.290406497,ENTER,7,0.01,0.7000000000000001,0.6300000000000001,10.0,1.188535361508347,ground_equivalent_excess_collision_air_kerma_rate,uGy/h,hazard_enter_threshold,True,False,False,
2339,2339,RADIATION,NORMAL,True,523040.920497467,5696724.290406497,EXIT,7,0.01,0.7000000000000001,0.6300000000000001,10.0,0.15058404304805095,ground_equivalent_excess_collision_air_kerma_rate,uGy/h,hazard_exit_threshold,False,True,False,
2340,2340,NORMAL,NORMAL,True,523040.920497467,5696704.290406497,,8,0.01,0.8,0.7200000000000001,10.0,0.07786349395790192,ground_equivalent_excess_collision_air_kerma_rate,uGy/h,,False,False,False,
2341,2341,NORMAL,NORMAL,True,523020.920497467,5696684.290406497,,8,0.01,0.8,0.7200000000000001,10.0,0.029537545114178408,ground_equivalent_excess_collision_air_kerma_rate,uGy/h,,False,False,False,
2342,2342,NORMAL,NORMAL,True,523040.920497467,5696704.290406497,,8,0.01,0.8,0.7200000000000001,10.0,0.07786349395790192,ground_equivalent_excess_collision_air_kerma_rate,uGy/h,,False,False,False,
2343,2343,NORMAL,NORMAL,True,523020.920497467,5696724.290406497,,8,0.01,0.8,0.7200000000000001,10.0,0.06416241162954235,ground_equivalent_excess_collision_air_kerma_rate,uGy/h,,False,False,False,
2344,2344,NORMAL,NORMAL,True,523000.920497467,5696724.290406497,,8,0.01,0.8,0.7200000000000001,10.0,0.035367542892778395,ground_equivalent_excess_collision_air_kerma_rate,uGy/h,,False,False,False,
2345,2345,NORMAL,NORMAL,True,523000.920497467,5696704.290406497,,8,0.01,0.8,0.7200000000000001,10.0,0.027146272505696598,ground_equivalent_excess_collision_air_kerma_rate,uGy/h,,False,False,False,
2346,2346,NORMAL,NORMAL,True,522980.9204974669,5696684.290406497,,8,0.01,0.8,0.7200000000000001,10.0,0.013526824911904647,ground_equivalent_excess_collision_air_kerma_rate,uGy/h,,False,False,False,
2347,2347,NORMAL,NORMAL,True,522980.9204974669,5696664.290406497,,8,0.01,0.8,0.7200000000000001,10.0,0.010270310101962617,ground_equivalent_excess_collision_air_kerma_rate,uGy/h,,False,False,False,
2348,2348,NORMAL,NORMAL,True,522960.9204974669,5696644.290406497,,8,0.01,0.8,0.7200000000000001,10.0,0.00573209372477937,ground_equivalent_excess_collision_air_kerma_rate,uGy/h,,False,False,False,
2349,2349,NORMAL,NORMAL,True,522980.9204974669,5696644.290406497,,8,0.01,0.8,0.7200000000000001,10.0,0.0076989326471079604,ground_equivalent_excess_collision_air_kerma_rate,uGy/h,,False,False,False,
2350,2350,NORMAL,NORMAL,True,522980.9204974669,5696624.290406497,,8,0.01,0.8,0.7200000000000001,10.0,0.0057423494096257195,ground_equivalent_excess_collision_air_kerma_rate,uGy/h,,False,False,False,
2351,2351,NORMAL,NORMAL,True,522980.9204974669,5696604.290406497,,8,0.01,0.8,0.7200000000000001,10.0,0.004279838122345181,ground_equivalent_excess_collision_air_kerma_rate,uGy/h,,False,False,False,
2352,2352,NORMAL,NORMAL,True,523000.920497467,5696584.290406497,,8,0.01,0.8,0.7200000000000001,10.0,0.003908592045439533,ground_equivalent_excess_collision_air_kerma_rate,uGy/h,,False,False,False,
2353,2353,NORMAL,NORMAL,True,522980.9204974669,5696604.290406497,,8,0.01,0.8,0.7200000000000001,10.0,0.004279838122345181,ground_equivalent_excess_collision_air_kerma_rate,uGy/h,,False,False,False,
2354,2354,NORMAL,NORMAL,True,522960.9204974669,5696604.290406497,,8,0.01,0.8,0.7200000000000001,10.0,0.003373769877709472,ground_equivalent_excess_collision_air_kerma_rate,uGy/h,,False,False,False,
2355,2355,NORMAL,NORMAL,True,522960.9204974669,5696584.290406497,,8,0.01,0.8,0.7200000000000001,10.0,0.0025742695260523047,ground_equivalent_excess_collision_air_kerma_rate,uGy/h,,False,False,False,
2356,2356,NORMAL,NORMAL,True,522940.9204974669,5696604.290406497,,8,0.01,0.8,0.7200000000000001,10.0,0.002634315136496844,ground_equivalent_excess_collision_air_kerma_rate,uGy/h,,False,False,False,
2357,2357,NORMAL,NORMAL,True,522920.9204974669,5696604.290406497,,8,0.01,0.8,0.7200000000000001,10.0,0.002043882822216526,ground_equivalent_excess_collision_air_kerma_rate,uGy/h,,False,False,False,
2358,2358,NORMAL,NORMAL,True,522920.9204974669,5696584.290406497,,8,0.01,0.8,0.7200000000000001,10.0,0.0016225749925806352,ground_equivalent_excess_collision_air_kerma_rate,uGy/h,,False,False,False,
2359,2359,NORMAL,NORMAL,True,522900.9204974669,5696604.290406497,,8,0.01,0.8,0.7200000000000001,10.0,0.001579429468474149,ground_equivalent_excess_collision_air_kerma_rate,uGy/h,,False,False,False,
2360,2360,NORMAL,NORMAL,True,522920.9204974669,5696624.290406497,,8,0.01,0.8,0.7200000000000001,10.0,0.0025549639886995323,ground_equivalent_excess_collision_air_kerma_rate,uGy/h,,False,False,False,
2361,2361,NORMAL,NORMAL,True,522940.9204974669,5696624.290406497,,8,0.01,0.8,0.7200000000000001,10.0,0.0033629422311506024,ground_equivalent_excess_collision_air_kerma_rate,uGy/h,,False,False,False,
2362,2362,NORMAL,NORMAL,True,522940.9204974669,5696604.290406497,,8,0.01,0.8,0.7200000000000001,10.0,0.002634315136496844,ground_equivalent_excess_collision_air_kerma_rate,uGy/h,,False,False,False,
2363,2363,NORMAL,NORMAL,True,522960.9204974669,5696584.290406497,,8,0.01,0.8,0.7200000000000001,10.0,0.0025742695260523047,ground_equivalent_excess_collision_air_kerma_rate,uGy/h,,False,False,False,
2364,2364,NORMAL,NORMAL,True,522980.9204974669,5696584.290406497,,8,0.01,0.8,0.7200000000000001,10.0,0.003194600024047695,ground_equivalent_excess_collision_air_kerma_rate,uGy/h,,False,False,False,
2365,2365,NORMAL,NORMAL,True,523000.920497467,5696604.290406497,,8,0.01,0.8,0.7200000000000001,10.0,0.00535599134574527,ground_equivalent_excess_collision_air_kerma_rate,uGy/h,,False,False,False,
2366,2366,NORMAL,NORMAL,True,523020.920497467,5696624.290406497,,8,0.01,0.8,0.7200000000000001,10.0,0.009337348507987115,ground_equivalent_excess_collision_air_kerma_rate,uGy/h,,False,False,False,
2367,2367,NORMAL,NORMAL,True,523040.920497467,5696644.290406497,,8,0.01,0.8,0.7200000000000001,10.0,0.017170979888830238,ground_equivalent_excess_collision_air_kerma_rate,uGy/h,,False,False,False,
2368,2368,NORMAL,NORMAL,True,523040.920497467,5696664.290406497,,8,0.01,0.8,0.7200000000000001,10.0,0.02656837366346481,ground_equivalent_excess_collision_air_kerma_rate,uGy/h,,False,False,False,
2369,2369,NORMAL,NORMAL,True,523060.920497467,5696664.290406497,,8,0.01,0.8,0.7200000000000001,10.0,0.03402289085373526,ground_equivalent_excess_collision_air_kerma_rate,uGy/h,,False,False,False,
2370,2370,NORMAL,NORMAL,True,523040.920497467,5696684.290406497,,8,0.01,0.8,0.7200000000000001,10.0,0.04342484174955992,ground_equivalent_excess_collision_air_kerma_rate,uGy/h,,False,False,False,
2371,2371,NORMAL,NORMAL,True,523020.920497467,5696704.290406497,,8,0.01,0.8,0.7200000000000001,10.0,0.04451868691092856,ground_equivalent_excess_collision_air_kerma_rate,uGy/h,,False,False,False,
2372,2372,NORMAL,NORMAL,True,523000.920497467,5696724.290406497,,8,0.01,0.8,0.7200000000000001,10.0,0.035367542892778395,ground_equivalent_excess_collision_air_kerma_rate,uGy/h,,False,False,False,
2373,2373,NORMAL,NORMAL,True,522980.9204974669,5696744.290406497,,8,0.01,0.8,0.7200000000000001,10.0,0.02508106974140761,ground_equivalent_excess_collision_air_kerma_rate,uGy/h,,False,False,False,
2374,2374,NORMAL,NORMAL,True,522980.9204974669,5696724.290406497,,8,0.01,0.8,0.7200000000000001,10.0,0.021436441535136568,ground_equivalent_excess_collision_air_kerma_rate,uGy/h,,False,False,False,
2375,2375,NORMAL,NORMAL,True,523000.920497467,5696744.290406497,,8,0.01,0.8,0.7200000000000001,10.0,0.04284751438529061,ground_equivalent_excess_collision_air_kerma_rate,uGy/h,,False,False,False,
2376,2376,NORMAL,NORMAL,True,522980.9204974669,5696724.290406497,,8,0.01,0.8,0.7200000000000001,10.0,0.021436441535136568,ground_equivalent_excess_collision_air_kerma_rate,uGy/h,,False,False,False,
2377,2377,NORMAL,NORMAL,True,522960.9204974669,5696724.290406497,,8,0.01,0.8,0.7200000000000001,10.0,0.013694429677217256,ground_equivalent_excess_collision_air_kerma_rate,uGy/h,,False,False,False,
2378,2378,NORMAL,NORMAL,True,522940.9204974669,5696724.290406497,,8,0.01,0.8,0.7200000000000001,10.0,0.009057343512799701,ground_equivalent_excess_collision_air_kerma_rate,uGy/h,,False,False,False,
2379,2379,NORMAL,NORMAL,True,522960.9204974669,5696744.290406497,,8,0.01,0.8,0.7200000000000001,10.0,0.015626252114851684,ground_equivalent_excess_collision_air_kerma_rate,uGy/h,,False,False,False,
2380,2380,NORMAL,NORMAL,True,522940.9204974669,5696724.290406497,,8,0.01,0.8,0.7200000000000001,10.0,0.009057343512799701,ground_equivalent_excess_collision_air_kerma_rate,uGy/h,,False,False,False,
2381,2381,NORMAL,NORMAL,True,522920.9204974669,5696724.290406497,,8,0.01,0.8,0.7200000000000001,10.0,0.0061436016025094116,ground_equivalent_excess_collision_air_kerma_rate,uGy/h,,False,False,False,
2382,2382,NORMAL,NORMAL,True,522940.9204974669,5696704.290406497,,8,0.01,0.8,0.7200000000000001,10.0,0.0078046590081349435,ground_equivalent_excess_collision_air_kerma_rate,uGy/h,,False,False,False,
2383,2383,NORMAL,NORMAL,True,522920.9204974669,5696684.290406497,,8,0.01,0.8,0.7200000000000001,10.0,0.004614004722943176,ground_equivalent_excess_collision_air_kerma_rate,uGy/h,,False,False,False,
2384,2384,NORMAL,NORMAL,True,522920.9204974669,5696664.290406497,,8,0.01,0.8,0.7200000000000001,10.0,0.003854008862547739,ground_equivalent_excess_collision_air_kerma_rate,uGy/h,,False,False,False,
2385,2385,NORMAL,NORMAL,True,522900.9204974669,5696664.290406497,,8,0.01,0.8,0.7200000000000001,10.0,0.0028103975012483905,ground_equivalent_excess_collision_air_kerma_rate,uGy/h,,False,False,False,
2386,2386,NORMAL,NORMAL,True,522920.9204974669,5696684.290406497,,8,0.01,0.8,0.7200000000000001,10.0,0.004614004722943176,ground_equivalent_excess_collision_air_kerma_rate,uGy/h,,False,False,False,
2387,2387,NORMAL,NORMAL,True,522900.9204974669,5696684.290406497,,8,0.01,0.8,0.7200000000000001,10.0,0.0032995351839196956,ground_equivalent_excess_collision_air_kerma_rate,uGy/h,,False,False,False,
2388,2388,NORMAL,NORMAL,True,522920.9204974669,5696704.290406497,,8,0.01,0.8,0.7200000000000001,10.0,0.005397859132648475,ground_equivalent_excess_collision_air_kerma_rate,uGy/h,,False,False,False,
2389,2389,NORMAL,NORMAL,True,522900.9204974669,5696724.290406497,,8,0.01,0.8,0.7200000000000001,10.0,0.004249464731497094,ground_equivalent_excess_collision_air_kerma_rate,uGy/h,,False,False,False,
2390,2390,NORMAL,NORMAL,True,522900.9204974669,5696744.290406497,,8,0.01,0.8,0.7200000000000001,10.0,0.004633461593681172,ground_equivalent_excess_collision_air_kerma_rate,uGy/h,,False,False,False,
2391,2391,NORMAL,NORMAL,True,522900.9204974669,5696764.290406497,,8,0.01,0.8,0.7200000000000001,10.0,0.004904919302584871,ground_equivalent_excess_collision_air_kerma_rate,uGy/h,,False,False,False,
2392,2392,NORMAL,NORMAL,True,522880.9204974669,5696784.290406497,,8,0.01,0.8,0.7200000000000001,10.0,0.003472146169658774,ground_equivalent_excess_collision_air_kerma_rate,uGy/h,,False,False,False,
2393,2393,NORMAL,NORMAL,True,522860.9204974669,5696804.290406497,,8,0.01,0.8,0.7200000000000001,10.0,0.002423978237162819,ground_equivalent_excess_collision_air_kerma_rate,uGy/h,,False,False,False,
2394,2394,NORMAL,NORMAL,True,522860.9204974669,5696784.290406497,,8,0.01,0.8,0.7200000000000001,10.0,0.0024339647309739006,ground_equivalent_excess_collision_air_kerma_rate,uGy/h,,False,False,False,
2395,2395,NORMAL,NORMAL,True,522840.9204974669,5696804.290406497,,8,0.01,0.8,0.7200000000000001,10.0,0.0,ground_equivalent_excess_collision_air_kerma_rate,uGy/h,,False,False,False,
2396,2396,NORMAL,NORMAL,True,522820.9204974669,5696784.290406497,,8,0.01,0.8,0.7200000000000001,10.0,0.0,ground_equivalent_excess_collision_air_kerma_rate,uGy/h,,False,False,False,
2397,2397,NORMAL,NORMAL,True,522800.9204974669,5696804.290406497,,8,0.01,0.8,0.7200000000000001,10.0,0.0,ground_equivalent_excess_collision_air_kerma_rate,uGy/h,,False,False,False,
2398,2398,NORMAL,NORMAL,True,522780.9204974669,5696824.290406497,,8,0.01,0.8,0.7200000000000001,10.0,0.0,ground_equivalent_excess_collision_air_kerma_rate,uGy/h,,False,False,False,
2399,2399,NORMAL,NORMAL,True,522780.9204974669,5696844.290406497,,8,0.01,0.8,0.7200000000000001,10.0,0.0,ground_equivalent_excess_collision_air_kerma_rate,uGy/h,,False,False,False,
2400,2400,NORMAL,NORMAL,True,522760.9204974669,5696864.290406497,,8,0.01,0.8,0.7200000000000001,10.0,0.0,ground_equivalent_excess_collision_air_kerma_rate,uGy/h,,False,False,False,
2401,2401,NORMAL,NORMAL,True,522780.9204974669,5696844.290406497,,8,0.01,0.8,0.7200000000000001,10.0,0.0,ground_equivalent_excess_collision_air_kerma_rate,uGy/h,,False,False,False,
2402,2402,NORMAL,NORMAL,True,522800.9204974669,5696824.290406497,,8,0.01,0.8,0.7200000000000001,10.0,0.0,ground_equivalent_excess_collision_air_kerma_rate,uGy/h,,False,False,False,
2403,2403,NORMAL,NORMAL,True,522820.9204974669,5696824.290406497,,8,0.01,0.8,0.7200000000000001,10.0,0.0,ground_equivalent_excess_collision_air_kerma_rate,uGy/h,,False,False,False,
2404,2404,NORMAL,NORMAL,True,522800.9204974669,5696824.290406497,,8,0.01,0.8,0.7200000000000001,10.0,0.0,ground_equivalent_excess_collision_air_kerma_rate,uGy/h,,False,False,False,
2405,2405,NORMAL,NORMAL,True,522820.9204974669,5696804.290406497,,8,0.01,0.8,0.7200000000000001,10.0,0.0,ground_equivalent_excess_collision_air_kerma_rate,uGy/h,,False,False,False,
2406,2406,NORMAL,NORMAL,True,522800.9204974669,5696804.290406497,,8,0.01,0.8,0.7200000000000001,10.0,0.0,ground_equivalent_excess_collision_air_kerma_rate,uGy/h,,False,False,False,
2407,2407,NORMAL,NORMAL,True,522820.9204974669,5696804.290406497,,8,0.01,0.8,0.7200000000000001,10.0,0.0,ground_equivalent_excess_collision_air_kerma_rate,uGy/h,,False,False,False,
2408,2408,NORMAL,NORMAL,True,522820.9204974669,5696784.290406497,,8,0.01,0.8,0.7200000000000001,10.0,0.0,ground_equivalent_excess_collision_air_kerma_rate,uGy/h,,False,False,False,
2409,2409,NORMAL,NORMAL,True,522800.9204974669,5696804.290406497,,8,0.01,0.8,0.7200000000000001,10.0,0.0,ground_equivalent_excess_collision_air_kerma_rate,uGy/h,,False,False,False,
2410,2410,NORMAL,NORMAL,True,522820.9204974669,5696784.290406497,,8,0.01,0.8,0.7200000000000001,10.0,0.0,ground_equivalent_excess_collision_air_kerma_rate,uGy/h,,False,False,False,
2411,2411,NORMAL,NORMAL,True,522840.9204974669,5696764.290406497,,8,0.01,0.8,0.7200000000000001,10.0,0.0,ground_equivalent_excess_collision_air_kerma_rate,uGy/h,,False,False,False,
2412,2412,NORMAL,NORMAL,True,522820.9204974669,5696764.290406497,,8,0.01,0.8,0.7200000000000001,10.0,0.0,ground_equivalent_excess_collision_air_kerma_rate,uGy/h,,False,False,False,
2413,2413,NORMAL,NORMAL,True,522800.9204974669,5696744.290406497,,8,0.01,0.8,0.7200000000000001,10.0,0.0,ground_equivalent_excess_collision_air_kerma_rate,uGy/h,,False,False,False,
2414,2414,NORMAL,NORMAL,True,522820.9204974669,5696744.290406497,,8,0.01,0.8,0.7200000000000001,10.0,0.0,ground_equivalent_excess_collision_air_kerma_rate,uGy/h,,False,False,False,
2415,2415,NORMAL,NORMAL,True,522800.9204974669,5696764.290406497,,8,0.01,0.8,0.7200000000000001,10.0,0.0,ground_equivalent_excess_collision_air_kerma_rate,uGy/h,,False,False,False,
2416,2416,NORMAL,NORMAL,True,522820.9204974669,5696784.290406497,,8,0.01,0.8,0.7200000000000001,10.0,0.0,ground_equivalent_excess_collision_air_kerma_rate,uGy/h,,False,False,False,
2417,2417,NORMAL,NORMAL,True,522840.9204974669,5696764.290406497,,8,0.01,0.8,0.7200000000000001,10.0,0.0,ground_equivalent_excess_collision_air_kerma_rate,uGy/h,,False,False,False,
2418,2418,NORMAL,NORMAL,True,522860.9204974669,5696764.290406497,,8,0.01,0.8,0.7200000000000001,10.0,0.002383775071833411,ground_equivalent_excess_collision_air_kerma_rate,uGy/h,,False,False,False,
2419,2419,NORMAL,NORMAL,True,522880.9204974669,5696764.290406497,,8,0.01,0.8,0.7200000000000001,10.0,0.003392373238776192,ground_equivalent_excess_collision_air_kerma_rate,uGy/h,,False,False,False,
2420,2420,NORMAL,NORMAL,True,522860.9204974669,5696784.290406497,,8,0.01,0.8,0.7200000000000001,10.0,0.0024339647309739006,ground_equivalent_excess_collision_air_kerma_rate,uGy/h,,False,False,False,
2421,2421,NORMAL,NORMAL,True,522880.9204974669,5696784.290406497,,8,0.01,0.8,0.7200000000000001,10.0,0.003472146169658774,ground_equivalent_excess_collision_air_kerma_rate,uGy/h,,False,False,False,
2422,2422,NORMAL,NORMAL,True,522880.9204974669,5696804.290406497,,8,0.01,0.8,0.7200000000000001,10.0,0.0034562563251312726,ground_equivalent_excess_collision_air_kerma_rate,uGy/h,,False,False,False,
2423,2423,NORMAL,NORMAL,True,522880.9204974669,5696824.290406497,,8,0.01,0.8,0.7200000000000001,10.0,0.003346309025019366,ground_equivalent_excess_collision_air_kerma_rate,uGy/h,,False,False,False,
2424,2424,NORMAL,NORMAL,True,522860.9204974669,5696804.290406497,,8,0.01,0.8,0.7200000000000001,10.0,0.002423978237162819,ground_equivalent_excess_collision_air_kerma_rate,uGy/h,,False,False,False,
2425,2425,NORMAL,NORMAL,True,522880.9204974669,5696784.290406497,,8,0.01,0.8,0.7200000000000001,10.0,0.003472146169658774,ground_equivalent_excess_collision_air_kerma_rate,uGy/h,,False,False,False,
2426,2426,NORMAL,NORMAL,True,522860.9204974669,5696804.290406497,,8,0.01,0.8,0.7200000000000001,10.0,0.002423978237162819,ground_equivalent_excess_collision_air_kerma_rate,uGy/h,,False,False,False,
2427,2427,NORMAL,NORMAL,True,522880.9204974669,5696804.290406497,,8,0.01,0.8,0.7200000000000001,10.0,0.0034562563251312726,ground_equivalent_excess_collision_air_kerma_rate,uGy/h,,False,False,False,
2428,2428,NORMAL,NORMAL,True,522860.9204974669,5696804.290406497,,8,0.01,0.8,0.7200000000000001,10.0,0.002423978237162819,ground_equivalent_excess_collision_air_kerma_rate,uGy/h,,False,False,False,
2429,2429,NORMAL,NORMAL,True,522860.9204974669,5696784.290406497,,8,0.01,0.8,0.7200000000000001,10.0,0.0024339647309739006,ground_equivalent_excess_collision_air_kerma_rate,uGy/h,,False,False,False,
2430,2430,NORMAL,NORMAL,True,522880.9204974669,5696784.290406497,,8,0.01,0.8,0.7200000000000001,10.0,0.003472146169658774,ground_equivalent_excess_collision_air_kerma_rate,uGy/h,,False,False,False,
2431,2431,NORMAL,NORMAL,True,522860.9204974669,5696804.290406497,,8,0.01,0.8,0.7200000000000001,10.0,0.002423978237162819,ground_equivalent_excess_collision_air_kerma_rate,uGy/h,,False,False,False,
2432,2432,NORMAL,NORMAL,True,522840.9204974669,5696784.290406497,,8,0.01,0.8,0.7200000000000001,10.0,0.0,ground_equivalent_excess_collision_air_kerma_rate,uGy/h,,False,False,False,
2433,2433,NORMAL,NORMAL,True,522860.9204974669,5696784.290406497,,8,0.01,0.8,0.7200000000000001,10.0,0.0024339647309739006,ground_equivalent_excess_collision_air_kerma_rate,uGy/h,,False,False,False,
2434,2434,NORMAL,NORMAL,True,522880.9204974669,5696804.290406497,,8,0.01,0.8,0.7200000000000001,10.0,0.0034562563251312726,ground_equivalent_excess_collision_air_kerma_rate,uGy/h,,False,False,False,
2435,2435,NORMAL,NORMAL,True,522900.9204974669,5696804.290406497,,8,0.01,0.8,0.7200000000000001,10.0,0.005008941299326703,ground_equivalent_excess_collision_air_kerma_rate,uGy/h,,False,False,False,
2436,2436,NORMAL,NORMAL,True,522920.9204974669,5696824.290406497,,8,0.01,0.8,0.7200000000000001,10.0,0.007105541163319662,ground_equivalent_excess_collision_air_kerma_rate,uGy/h,,False,False,False,
2437,2437,NORMAL,NORMAL,True,522940.9204974669,5696804.290406497,,8,0.01,0.8,0.7200000000000001,10.0,0.01122263144004877,ground_equivalent_excess_collision_air_kerma_rate,uGy/h,,False,False,False,
2438,2438,NORMAL,NORMAL,True,522920.9204974669,5696784.290406497,,8,0.01,0.8,0.7200000000000001,10.0,0.007448317497838521,ground_equivalent_excess_collision_air_kerma_rate,uGy/h,,False,False,False,
2439,2439,NORMAL,NORMAL,True,522900.9204974669,5696804.290406497,,8,0.01,0.8,0.7200000000000001,10.0,0.005008941299326703,ground_equivalent_excess_collision_air_kerma_rate,uGy/h,,False,False,False,
2440,2440,NORMAL,NORMAL,True,522900.9204974669,5696784.290406497,,8,0.01,0.8,0.7200000000000001,10.0,0.005034851665248991,ground_equivalent_excess_collision_air_kerma_rate,uGy/h,,False,False,False,
2441,2441,NORMAL,NORMAL,True,522880.9204974669,5696764.290406497,,8,0.01,0.8,0.7200000000000001,10.0,0.003392373238776192,ground_equivalent_excess_collision_air_kerma_rate,uGy/h,,False,False,False,
2442,2442,NORMAL,NORMAL,True,522880.9204974669,5696744.290406497,,8,0.01,0.8,0.7200000000000001,10.0,0.0032249298159887363,ground_equivalent_excess_collision_air_kerma_rate,uGy/h,,False,False,False,
2443,2443,NORMAL,NORMAL,True,522900.9204974669,5696764.290406497,,8,0.01,0.8,0.7200000000000001,10.0,0.004904919302584871,ground_equivalent_excess_collision_air_kerma_rate,uGy/h,,False,False,False,
2444,2444,NORMAL,NORMAL,True,522900.9204974669,5696784.290406497,,8,0.01,0.8,0.7200000000000001,10.0,0.005034851665248991,ground_equivalent_excess_collision_air_kerma_rate,uGy/h,,False,False,False,
2445,2445,NORMAL,NORMAL,True,522920.9204974669,5696764.290406497,,8,0.01,0.8,0.7200000000000001,10.0,0.007230660191960975,ground_equivalent_excess_collision_air_kerma_rate,uGy/h,,False,False,False,
2446,2446,NORMAL,NORMAL,True,522940.9204974669,5696764.290406497,,8,0.01,0.8,0.7200000000000001,10.0,0.01092139009398515,ground_equivalent_excess_collision_air_kerma_rate,uGy/h,,False,False,False,
2447,2447,NORMAL,NORMAL,True,522960.9204974669,5696744.290406497,,8,0.01,0.8,0.7200000000000001,10.0,0.015626252114851684,ground_equivalent_excess_collision_air_kerma_rate,uGy/h,,False,False,False,
2448,2448,NORMAL,NORMAL,True,522960.9204974669,5696724.290406497,,8,0.01,0.8,0.7200000000000001,10.0,0.013694429677217256,ground_equivalent_excess_collision_air_kerma_rate,uGy/h,,False,False,False,
2449,2449,NORMAL,NORMAL,True,522980.9204974669,5696744.290406497,,8,0.01,0.8,0.7200000000000001,10.0,0.02508106974140761,ground_equivalent_excess_collision_air_kerma_rate,uGy/h,,False,False,False,
2450,2450,NORMAL,NORMAL,True,522980.9204974669,5696764.290406497,,8,0.01,0.8,0.7200000000000001,10.0,0.027707939332284128,ground_equivalent_excess_collision_air_kerma_rate,uGy/h,,False,False,False,
2451,2451,NORMAL,NORMAL,True,523000.920497467,5696744.290406497,,8,0.01,0.8,0.7200000000000001,10.0,0.04284751438529061,ground_equivalent_excess_collision_air_kerma_rate,uGy/h,,False,False,False,
2452,2452,NORMAL,NORMAL,True,523020.920497467,5696724.290406497,,8,0.01,0.8,0.7200000000000001,10.0,0.06416241162954235,ground_equivalent_excess_collision_air_kerma_rate,uGy/h,,False,False,False,
2453,2453,NORMAL,NORMAL,True,523020.920497467,5696744.290406497,,8,0.01,0.8,0.7200000000000001,10.0,0.08192195448758256,ground_equivalent_excess_collision_air_kerma_rate,uGy/h,,False,False,False,
2454,2454,NORMAL,NORMAL,True,523000.920497467,5696744.290406497,,8,0.01,0.8,0.7200000000000001,10.0,0.04284751438529061,ground_equivalent_excess_collision_air_kerma_rate,uGy/h,,False,False,False,
2455,2455,NORMAL,NORMAL,True,522980.9204974669,5696744.290406497,,8,0.01,0.8,0.7200000000000001,10.0,0.02508106974140761,ground_equivalent_excess_collision_air_kerma_rate,uGy/h,,False,False,False,
2456,2456,NORMAL,NORMAL,True,522960.9204974669,5696744.290406497,,8,0.01,0.8,0.7200000000000001,10.0,0.015626252114851684,ground_equivalent_excess_collision_air_kerma_rate,uGy/h,,False,False,False,
2457,2457,NORMAL,NORMAL,True,522940.9204974669,5696744.290406497,,8,0.01,0.8,0.7200000000000001,10.0,0.010141197195610067,ground_equivalent_excess_collision_air_kerma_rate,uGy/h,,False,False,False,
2458,2458,NORMAL,NORMAL,True,522960.9204974669,5696744.290406497,,8,0.01,0.8,0.7200000000000001,10.0,0.015626252114851684,ground_equivalent_excess_collision_air_kerma_rate,uGy/h,,False,False,False,
2459,2459,NORMAL,NORMAL,True,522940.9204974669,5696724.290406497,,8,0.01,0.8,0.7200000000000001,10.0,0.009057343512799701,ground_equivalent_excess_collision_air_kerma_rate,uGy/h,,False,False,False,
2460,2460,NORMAL,NORMAL,True,522920.9204974669,5696724.290406497,,8,0.01,0.8,0.7200000000000001,10.0,0.0061436016025094116,ground_equivalent_excess_collision_air_kerma_rate,uGy/h,,False,False,False,
2461,2461,NORMAL,NORMAL,True,522900.9204974669,5696724.290406497,,8,0.01,0.8,0.7200000000000001,10.0,0.004249464731497094,ground_equivalent_excess_collision_air_kerma_rate,uGy/h,,False,False,False,
2462,2462,NORMAL,NORMAL,True,522920.9204974669,5696704.290406497,,8,0.01,0.8,0.7200000000000001,10.0,0.005397859132648475,ground_equivalent_excess_collision_air_kerma_rate,uGy/h,,False,False,False,
2463,2463,NORMAL,NORMAL,True,522940.9204974669,5696684.290406497,,8,0.01,0.8,0.7200000000000001,10.0,0.006521285127503372,ground_equivalent_excess_collision_air_kerma_rate,uGy/h,,False,False,False,
2464,2464,NORMAL,NORMAL,True,522920.9204974669,5696684.290406497,,8,0.01,0.8,0.7200000000000001,10.0,0.004614004722943176,ground_equivalent_excess_collision_air_kerma_rate,uGy/h,,False,False,False,
2465,2465,NORMAL,NORMAL,True,522940.9204974669,5696664.290406497,,8,0.01,0.8,0.7200000000000001,10.0,0.005316675607225088,ground_equivalent_excess_collision_air_kerma_rate,uGy/h,,False,False,False,
2466,2466,NORMAL,NORMAL,True,522960.9204974669,5696684.290406497,,8,0.01,0.8,0.7200000000000001,10.0,0.009329022841892532,ground_equivalent_excess_collision_air_kerma_rate,uGy/h,,False,False,False,
2467,2467,NORMAL,NORMAL,True,522980.9204974669,5696684.290406497,,8,0.01,0.8,0.7200000000000001,10.0,0.013526824911904647,ground_equivalent_excess_collision_air_kerma_rate,uGy/h,,False,False,False,
2468,2468,NORMAL,NORMAL,True,523000.920497467,5696684.290406497,,8,0.01,0.8,0.7200000000000001,10.0,0.01988931783421957,ground_equivalent_excess_collision_air_kerma_rate,uGy/h,,False,False,False,
2469,2469,NORMAL,NORMAL,True,523020.920497467,5696664.290406497,,8,0.01,0.8,0.7200000000000001,10.0,0.01974755706938389,ground_equivalent_excess_collision_air_kerma_rate,uGy/h,,False,False,False,
2470,2470,NORMAL,NORMAL,True,523040.920497467,5696684.290406497,,8,0.01,0.8,0.7200000000000001,10.0,0.04342484174955992,ground_equivalent_excess_collision_air_kerma_rate,uGy/h,,False,False,False,
2471,2471,NORMAL,NORMAL,True,523020.920497467,5696664.290406497,,8,0.01,0.8,0.7200000000000001,10.0,0.01974755706938389,ground_equivalent_excess_collision_air_kerma_rate,uGy/h,,False,False,False,
2472,2472,NORMAL,NORMAL,True,523040.920497467,5696664.290406497,,8,0.01,0.8,0.7200000000000001,10.0,0.02656837366346481,ground_equivalent_excess_collision_air_kerma_rate,uGy/h,,False,False,False,
2473,2473,NORMAL,NORMAL,True,523040.920497467,5696644.290406497,,8,0.01,0.8,0.7200000000000001,10.0,0.017170979888830238,ground_equivalent_excess_collision_air_kerma_rate,uGy/h,,False,False,False,
2474,2474,NORMAL,NORMAL,True,523040.920497467,5696664.290406497,,8,0.01,0.8,0.7200000000000001,10.0,0.02656837366346481,ground_equivalent_excess_collision_air_kerma_rate,uGy/h,,False,False,False,
2475,2475,NORMAL,NORMAL,True,523020.920497467,5696664.290406497,,8,0.01,0.8,0.7200000000000001,10.0,0.01974755706938389,ground_equivalent_excess_collision_air_kerma_rate,uGy/h,,False,False,False,
2476,2476,NORMAL,NORMAL,True,523040.920497467,5696644.290406497,,8,0.01,0.8,0.7200000000000001,10.0,0.017170979888830238,ground_equivalent_excess_collision_air_kerma_rate,uGy/h,,False,False,False,
2477,2477,NORMAL,NORMAL,True,523020.920497467,5696624.290406497,,8,0.01,0.8,0.7200000000000001,10.0,0.009337348507987115,ground_equivalent_excess_collision_air_kerma_rate,uGy/h,,False,False,False,
2478,2478,NORMAL,NORMAL,True,523020.920497467,5696644.290406497,,8,0.01,0.8,0.7200000000000001,10.0,0.013455804853206292,ground_equivalent_excess_collision_air_kerma_rate,uGy/h,,False,False,False,
2479,2479,NORMAL,NORMAL,True,523000.920497467,5696644.290406497,,8,0.01,0.8,0.7200000000000001,10.0,0.010259866329454772,ground_equivalent_excess_collision_air_kerma_rate,uGy/h,,False,False,False,
2480,2480,NORMAL,NORMAL,True,523020.920497467,5696624.290406497,,8,0.01,0.8,0.7200000000000001,10.0,0.009337348507987115,ground_equivalent_excess_collision_air_kerma_rate,uGy/h,,False,False,False,
2481,2481,NORMAL,NORMAL,True,523020.920497467,5696644.290406497,,8,0.01,0.8,0.7200000000000001,10.0,0.013455804853206292,ground_equivalent_excess_collision_air_kerma_rate,uGy/h,,False,False,False,
2482,2482,NORMAL,NORMAL,True,523000.920497467,5696624.290406497,,8,0.01,0.8,0.7200000000000001,10.0,0.00738944947611183,ground_equivalent_excess_collision_air_kerma_rate,uGy/h,,False,False,False,
2483,2483,NORMAL,NORMAL,True,522980.9204974669,5696624.290406497,,8,0.01,0.8,0.7200000000000001,10.0,0.0057423494096257195,ground_equivalent_excess_collision_air_kerma_rate,uGy/h,,False,False,False,
2484,2484,NORMAL,NORMAL,True,522980.9204974669,5696604.290406497,,8,0.01,0.8,0.7200000000000001,10.0,0.004279838122345181,ground_equivalent_excess_collision_air_kerma_rate,uGy/h,,False,False,False,
2485,2485,NORMAL,NORMAL,True,522980.9204974669,5696584.290406497,,8,0.01,0.8,0.7200000000000001,10.0,0.003194600024047695,ground_equivalent_excess_collision_air_kerma_rate,uGy/h,,False,False,False,
2486,2486,NORMAL,NORMAL,True,522960.9204974669,5696564.290406497,,8,0.01,0.8,0.7200000000000001,10.0,0.0019627393106047978,ground_equivalent_excess_collision_air_kerma_rate,uGy/h,,False,False,False,
2487,2487,NORMAL,NORMAL,True,522960.9204974669,5696544.290406497,,8,0.01,0.8,0.7200000000000001,10.0,0.0014970743031338092,ground_equivalent_excess_collision_air_kerma_rate,uGy/h,,False,False,False,
2488,2488,NORMAL,NORMAL,True,522980.9204974669,5696564.290406497,,8,0.01,0.8,0.7200000000000001,10.0,0.002390769165443007,ground_equivalent_excess_collision_air_kerma_rate,uGy/h,,False,False,False,
2489,2489,NORMAL,NORMAL,True,522960.9204974669,5696564.290406497,,8,0.01,0.8,0.7200000000000001,10.0,0.0019627393106047978,ground_equivalent_excess_collision_air_kerma_rate,uGy/h,,False,False,False,
2490,2490,NORMAL,NORMAL,True,522980.9204974669,5696584.290406497,,8,0.01,0.8,0.7200000000000001,10.0,0.003194600024047695,ground_equivalent_excess_collision_air_kerma_rate,uGy/h,,False,False,False,
2491,2491,NORMAL,NORMAL,True,523000.920497467,5696564.290406497,,8,0.01,0.8,0.7200000000000001,10.0,0.0028711379239033646,ground_equivalent_excess_collision_air_kerma_rate,uGy/h,,False,False,False,
2492,2492,NORMAL,NORMAL,True,523000.920497467,5696584.290406497,,8,0.01,0.8,0.7200000000000001,10.0,0.003908592045439533,ground_equivalent_excess_collision_air_kerma_rate,uGy/h,,False,False,False,
2493,2493,NORMAL,NORMAL,True,522980.9204974669,5696564.290406497,,8,0.01,0.8,0.7200000000000001,10.0,0.002390769165443007,ground_equivalent_excess_collision_air_kerma_rate,uGy/h,,False,False,False,
2494,2494,NORMAL,NORMAL,True,522960.9204974669,5696544.290406497,,8,0.01,0.8,0.7200000000000001,10.0,0.0014970743031338092,ground_equivalent_excess_collision_air_kerma_rate,uGy/h,,False,False,False,
2495,2495,NORMAL,NORMAL,True,522940.9204974669,5696524.290406497,,8,0.01,0.8,0.7200000000000001,10.0,0.0009555261632134195,ground_equivalent_excess_collision_air_kerma_rate,uGy/h,,False,False,False,
2496,2496,NORMAL,NORMAL,True,522960.9204974669,5696544.290406497,,8,0.01,0.8,0.7200000000000001,10.0,0.0014970743031338092,ground_equivalent_excess_collision_air_kerma_rate,uGy/h,,False,False,False,
2497,2497,NORMAL,NORMAL,True,522940.9204974669,5696564.290406497,,8,0.01,0.8,0.7200000000000001,10.0,0.0015929484766510386,ground_equivalent_excess_collision_air_kerma_rate,uGy/h,,False,False,False,
2498,2498,NORMAL,NORMAL,True,522920.9204974669,5696584.290406497,,8,0.01,0.8,0.7200000000000001,10.0,0.0016225749925806352,ground_equivalent_excess_collision_air_kerma_rate,uGy/h,,False,False,False,
2499,2499,NORMAL,NORMAL,True,522940.9204974669,5696604.290406497,,8,0.01,0.8,0.7200000000000001,10.0,0.002634315136496844,ground_equivalent_excess_collision_air_kerma_rate,uGy/h,,False,False,False,
2500,2500,NORMAL,NORMAL,True,522960.9204974669,5696584.290406497,,8,0.01,0.8,0.7200000000000001,10.0,0.0025742695260523047,ground_equivalent_excess_collision_air_kerma_rate,uGy/h,,False,False,False,
2501,2501,NORMAL,NORMAL,True,522940.9204974669,5696604.290406497,,8,0.01,0.8,0.7200000000000001,10.0,0.002634315136496844,ground_equivalent_excess_collision_air_kerma_rate,uGy/h,,False,False,False,
2502,2502,NORMAL,NORMAL,True,522960.9204974669,5696604.290406497,,8,0.01,0.8,0.7200000000000001,10.0,0.003373769877709472,ground_equivalent_excess_collision_air_kerma_rate,uGy/h,,False,False,False,
2503,2503,NORMAL,NORMAL,True,522980.9204974669,5696604.290406497,,8,0.01,0.8,0.7200000000000001,10.0,0.004279838122345181,ground_equivalent_excess_collision_air_kerma_rate,uGy/h,,False,False,False,
2504,2504,NORMAL,NORMAL,True,522960.9204974669,5696624.290406497,,8,0.01,0.8,0.7200000000000001,10.0,0.004409951721569198,ground_equivalent_excess_collision_air_kerma_rate,uGy/h,,False,False,False,
2505,2505,NORMAL,NORMAL,True,522940.9204974669,5696624.290406497,,8,0.01,0.8,0.7200000000000001,10.0,0.0033629422311506024,ground_equivalent_excess_collision_air_kerma_rate,uGy/h,,False,False,False,
2506,2506,NORMAL,NORMAL,True,522920.9204974669,5696604.290406497,,8,0.01,0.8,0.7200000000000001,10.0,0.002043882822216526,ground_equivalent_excess_collision_air_kerma_rate,uGy/h,,False,False,False,
2507,2507,NORMAL,NORMAL,True,522900.9204974669,5696584.290406497,,8,0.01,0.8,0.7200000000000001,10.0,0.001275601408587343,ground_equivalent_excess_collision_air_kerma_rate,uGy/h,,False,False,False,
2508,2508,NORMAL,NORMAL,True,522920.9204974669,5696584.290406497,,8,0.01,0.8,0.7200000000000001,10.0,0.0016225749925806352,ground_equivalent_excess_collision_air_kerma_rate,uGy/h,,False,False,False,
2509,2509,NORMAL,NORMAL,True,522940.9204974669,5696584.290406497,,8,0.01,0.8,0.7200000000000001,10.0,0.0020520003626276558,ground_equivalent_excess_collision_air_kerma_rate,uGy/h,,False,False,False,
2510,2510,NORMAL,NORMAL,True,522920.9204974669,5696604.290406497,,8,0.01,0.8,0.7200000000000001,10.0,0.002043882822216526,ground_equivalent_excess_collision_air_kerma_rate,uGy/h,,False,False,False,
2511,2511,NORMAL,NORMAL,True,522940.9204974669,5696604.290406497,,8,0.01,0.8,0.7200000000000001,10.0,0.002634315136496844,ground_equivalent_excess_collision_air_kerma_rate,uGy/h,,False,False,False,
2512,2512,NORMAL,NORMAL,True,522940.9204974669,5696584.290406497,,8,0.01,0.8,0.7200000000000001,10.0,0.0020520003626276558,ground_equivalent_excess_collision_air_kerma_rate,uGy/h,,False,False,False,
2513,2513,NORMAL,NORMAL,True,522960.9204974669,5696564.290406497,,8,0.01,0.8,0.7200000000000001,10.0,0.0019627393106047978,ground_equivalent_excess_collision_air_kerma_rate,uGy/h,,False,False,False,
2514,2514,NORMAL,NORMAL,True,522940.9204974669,5696564.290406497,,8,0.01,0.8,0.7200000000000001,10.0,0.0015929484766510386,ground_equivalent_excess_collision_air_kerma_rate,uGy/h,,False,False,False,
2515,2515,NORMAL,NORMAL,True,522960.9204974669,5696584.290406497,,8,0.01,0.8,0.7200000000000001,10.0,0.0025742695260523047,ground_equivalent_excess_collision_air_kerma_rate,uGy/h,,False,False,False,
2516,2516,NORMAL,NORMAL,True,522980.9204974669,5696584.290406497,,8,0.01,0.8,0.7200000000000001,10.0,0.003194600024047695,ground_equivalent_excess_collision_air_kerma_rate,uGy/h,,False,False,False,
2517,2517,NORMAL,NORMAL,True,522960.9204974669,5696604.290406497,,8,0.01,0.8,0.7200000000000001,10.0,0.003373769877709472,ground_equivalent_excess_collision_air_kerma_rate,uGy/h,,False,False,False,
2518,2518,NORMAL,NORMAL,True,522940.9204974669,5696624.290406497,,8,0.01,0.8,0.7200000000000001,10.0,0.0033629422311506024,ground_equivalent_excess_collision_air_kerma_rate,uGy/h,,False,False,False,
2519,2519,NORMAL,NORMAL,True,522960.9204974669,5696604.290406497,,8,0.01,0.8,0.7200000000000001,10.0,0.003373769877709472,ground_equivalent_excess_collision_air_kerma_rate,uGy/h,,False,False,False,
2520,2520,NORMAL,NORMAL,True,522980.9204974669,5696624.290406497,,8,0.01,0.8,0.7200000000000001,10.0,0.0057423494096257195,ground_equivalent_excess_collision_air_kerma_rate,uGy/h,,False,False,False,
2521,2521,NORMAL,NORMAL,True,522960.9204974669,5696644.290406497,,8,0.01,0.8,0.7200000000000001,10.0,0.00573209372477937,ground_equivalent_excess_collision_air_kerma_rate,uGy/h,,False,False,False,
2522,2522,NORMAL,NORMAL,True,522960.9204974669,5696664.290406497,,8,0.01,0.8,0.7200000000000001,10.0,0.007374815443301779,ground_equivalent_excess_collision_air_kerma_rate,uGy/h,,False,False,False,
2523,2523,NORMAL,NORMAL,True,522940.9204974669,5696684.290406497,,8,0.01,0.8,0.7200000000000001,10.0,0.006521285127503372,ground_equivalent_excess_collision_air_kerma_rate,uGy/h,,False,False,False,
2524,2524,NORMAL,NORMAL,True,522960.9204974669,5696684.290406497,,8,0.01,0.8,0.7200000000000001,10.0,0.009329022841892532,ground_equivalent_excess_collision_air_kerma_rate,uGy/h,,False,False,False,
2525,2525,NORMAL,NORMAL,True,522940.9204974669,5696664.290406497,,8,0.01,0.8,0.7200000000000001,10.0,0.005316675607225088,ground_equivalent_excess_collision_air_kerma_rate,uGy/h,,False,False,False,
2526,2526,NORMAL,NORMAL,True,522960.9204974669,5696664.290406497,,8,0.01,0.8,0.7200000000000001,10.0,0.007374815443301779,ground_equivalent_excess_collision_air_kerma_rate,uGy/h,,False,False,False,
2527,2527,NORMAL,NORMAL,True,522960.9204974669,5696644.290406497,,8,0.01,0.8,0.7200000000000001,10.0,0.00573209372477937,ground_equivalent_excess_collision_air_kerma_rate,uGy/h,,False,False,False,
2528,2528,NORMAL,NORMAL,True,522980.9204974669,5696644.290406497,,8,0.01,0.8,0.7200000000000001,10.0,0.0076989326471079604,ground_equivalent_excess_collision_air_kerma_rate,uGy/h,,False,False,False,
2529,2529,NORMAL,NORMAL,True,522960.9204974669,5696664.290406497,,8,0.01,0.8,0.7200000000000001,10.0,0.007374815443301779,ground_equivalent_excess_collision_air_kerma_rate,uGy/h,,False,False,False,
2530,2530,NORMAL,NORMAL,True,522980.9204974669,5696664.290406497,,8,0.01,0.8,0.7200000000000001,10.0,0.010270310101962617,ground_equivalent_excess_collision_air_kerma_rate,uGy/h,,False,False,False,
2531,2531,NORMAL,NORMAL,True,523000.920497467,5696644.290406497,,8,0.01,0.8,0.7200000000000001,10.0,0.010259866329454772,ground_equivalent_excess_collision_air_kerma_rate,uGy/h,,False,False,False,
2532,2532,NORMAL,NORMAL,True,522980.9204974669,5696624.290406497,,8,0.01,0.8,0.7200000000000001,10.0,0.0057423494096257195,ground_equivalent_excess_collision_air_kerma_rate,uGy/h,,False,False,False,
2533,2533,NORMAL,NORMAL,True,522960.9204974669,5696644.290406497,,8,0.01,0.8,0.7200000000000001,10.0,0.00573209372477937,ground_equivalent_excess_collision_air_kerma_rate,uGy/h,,False,False,False,
2534,2534,NORMAL,NORMAL,True,522940.9204974669,5696664.290406497,,8,0.01,0.8,0.7200000000000001,10.0,0.005316675607225088,ground_equivalent_excess_collision_air_kerma_rate,uGy/h,,False,False,False,
2535,2535,NORMAL,NORMAL,True,522920.9204974669,5696664.290406497,,8,0.01,0.8,0.7200000000000001,10.0,0.003854008862547739,ground_equivalent_excess_collision_air_kerma_rate,uGy/h,,False,False,False,
2536,2536,NORMAL,NORMAL,True,522900.9204974669,5696684.290406497,,8,0.01,0.8,0.7200000000000001,10.0,0.0032995351839196956,ground_equivalent_excess_collision_air_kerma_rate,uGy/h,,False,False,False,
2537,2537,NORMAL,NORMAL,True,522900.9204974669,5696704.290406497,,8,0.01,0.8,0.7200000000000001,10.0,0.003791273857375088,ground_equivalent_excess_collision_air_kerma_rate,uGy/h,,False,False,False,
2538,2538,NORMAL,NORMAL,True,522920.9204974669,5696704.290406497,,8,0.01,0.8,0.7200000000000001,10.0,0.005397859132648475,ground_equivalent_excess_collision_air_kerma_rate,uGy/h,,False,False,False,
2539,2539,NORMAL,NORMAL,True,522900.9204974669,5696684.290406497,,8,0.01,0.8,0.7200000000000001,10.0,0.0032995351839196956,ground_equivalent_excess_collision_air_kerma_rate,uGy/h,,False,False,False,
2540,2540,NORMAL,NORMAL,True,522900.9204974669,5696704.290406497,,8,0.01,0.8,0.7200000000000001,10.0,0.003791273857375088,ground_equivalent_excess_collision_air_kerma_rate,uGy/h,,False,False,False,
2541,2541,NORMAL,NORMAL,True,522880.9204974669,5696704.290406497,,8,0.01,0.8,0.7200000000000001,10.0,0.0026972040110843165,ground_equivalent_excess_collision_air_kerma_rate,uGy/h,,False,False,False,
2542,2542,NORMAL,NORMAL,True,522860.9204974669,5696724.290406497,,8,0.01,0.8,0.7200000000000001,10.0,0.002125833407202124,ground_equivalent_excess_collision_air_kerma_rate,uGy/h,,False,False,False,
2543,2543,NORMAL,NORMAL,True,522880.9204974669,5696744.290406497,,8,0.01,0.8,0.7200000000000001,10.0,0.0032249298159887363,ground_equivalent_excess_collision_air_kerma_rate,uGy/h,,False,False,False,
2544,2544,NORMAL,NORMAL,True,522900.9204974669,5696724.290406497,,8,0.01,0.8,0.7200000000000001,10.0,0.004249464731497094,ground_equivalent_excess_collision_air_kerma_rate,uGy/h,,False,False,False,
2545,2545,NORMAL,NORMAL,True,522920.9204974669,5696724.290406497,,8,0.01,0.8,0.7200000000000001,10.0,0.0061436016025094116,ground_equivalent_excess_collision_air_kerma_rate,uGy/h,,False,False,False,
2546,2546,NORMAL,NORMAL,True,522900.9204974669,5696704.290406497,,8,0.01,0.8,0.7200000000000001,10.0,0.003791273857375088,ground_equivalent_excess_collision_air_kerma_rate,uGy/h,,False,False,False,
2547,2547,NORMAL,NORMAL,True,522920.9204974669,5696724.290406497,,8,0.01,0.8,0.7200000000000001,10.0,0.0061436016025094116,ground_equivalent_excess_collision_air_kerma_rate,uGy/h,,False,False,False,
2548,2548,NORMAL,NORMAL,True,522900.9204974669,5696704.290406497,,8,0.01,0.8,0.7200000000000001,10.0,0.003791273857375088,ground_equivalent_excess_collision_air_kerma_rate,uGy/h,,False,False,False,
2549,2549,NORMAL,NORMAL,True,522920.9204974669,5696704.290406497,,8,0.01,0.8,0.7200000000000001,10.0,0.005397859132648475,ground_equivalent_excess_collision_air_kerma_rate,uGy/h,,False,False,False,
2550,2550,NORMAL,NORMAL,True,522940.9204974669,5696684.290406497,,8,0.01,0.8,0.7200000000000001,10.0,0.006521285127503372,ground_equivalent_excess_collision_air_kerma_rate,uGy/h,,False,False,False,
2551,2551,NORMAL,NORMAL,True,522920.9204974669,5696664.290406497,,8,0.01,0.8,0.7200000000000001,10.0,0.003854008862547739,ground_equivalent_excess_collision_air_kerma_rate,uGy/h,,False,False,False,
2552,2552,NORMAL,NORMAL,True,522900.9204974669,5696664.290406497,,8,0.01,0.8,0.7200000000000001,10.0,0.0028103975012483905,ground_equivalent_excess_collision_air_kerma_rate,uGy/h,,False,False,False,
2553,2553,NORMAL,NORMAL,True,522920.9204974669,5696684.290406497,,8,0.01,0.8,0.7200000000000001,10.0,0.004614004722943176,ground_equivalent_excess_collision_air_kerma_rate,uGy/h,,False,False,False,
2554,2554,NORMAL,NORMAL,True,522920.9204974669,5696664.290406497,,8,0.01,0.8,0.7200000000000001,10.0,0.003854008862547739,ground_equivalent_excess_collision_air_kerma_rate,uGy/h,,False,False,False,
2555,2555,NORMAL,NORMAL,True,522940.9204974669,5696644.290406497,,8,0.01,0.8,0.7200000000000001,10.0,0.004255861615588076,ground_equivalent_excess_collision_air_kerma_rate,uGy/h,,False,False,False,
2556,2556,NORMAL,NORMAL,True,522940.9204974669,5696624.290406497,,8,0.01,0.8,0.7200000000000001,10.0,0.0033629422311506024,ground_equivalent_excess_collision_air_kerma_rate,uGy/h,,False,False,False,
2557,2557,NORMAL,NORMAL,True,522920.9204974669,5696604.290406497,,8,0.01,0.8,0.7200000000000001,10.0,0.002043882822216526,ground_equivalent_excess_collision_air_kerma_rate,uGy/h,,False,False,False,
2558,2558,NORMAL,NORMAL,True,522920.9204974669,5696584.290406497,,8,0.01,0.8,0.7200000000000001,10.0,0.0016225749925806352,ground_equivalent_excess_collision_air_kerma_rate,uGy/h,,False,False,False,
2559,2559,NORMAL,NORMAL,True,522940.9204974669,5696584.290406497,,8,0.01,0.8,0.7200000000000001,10.0,0.0020520003626276558,ground_equivalent_excess_collision_air_kerma_rate,uGy/h,,False,False,False,
2560,2560,NORMAL,NORMAL,True,522940.9204974669,5696604.290406497,,8,0.01,0.8,0.7200000000000001,10.0,0.002634315136496844,ground_equivalent_excess_collision_air_kerma_rate,uGy/h,,False,False,False,
2561,2561,NORMAL,NORMAL,True,522920.9204974669,5696624.290406497,,8,0.01,0.8,0.7200000000000001,10.0,0.0025549639886995323,ground_equivalent_excess_collision_air_kerma_rate,uGy/h,,False,False,False,
2562,2562,NORMAL,NORMAL,True,522920.9204974669,5696644.290406497,,8,0.01,0.8,0.7200000000000001,10.0,0.003160307712506901,ground_equivalent_excess_collision_air_kerma_rate,uGy/h,,False,False,False,
2563,2563,NORMAL,NORMAL,True,522900.9204974669,5696664.290406497,,8,0.01,0.8,0.7200000000000001,10.0,0.0028103975012483905,ground_equivalent_excess_collision_air_kerma_rate,uGy/h,,False,False,False,
2564,2564,NORMAL,NORMAL,True,522880.9204974669,5696664.290406497,,8,0.01,0.8,0.7200000000000001,10.0,0.0020615700802700115,ground_equivalent_excess_collision_air_kerma_rate,uGy/h,,False,False,False,
2565,2565,NORMAL,NORMAL,True,522900.9204974669,5696684.290406497,,8,0.01,0.8,0.7200000000000001,10.0,0.0032995351839196956,ground_equivalent_excess_collision_air_kerma_rate,uGy/h,,False,False,False,
2566,2566,NORMAL,NORMAL,True,522900.9204974669,5696664.290406497,,8,0.01,0.8,0.7200000000000001,10.0,0.0028103975012483905,ground_equivalent_excess_collision_air_kerma_rate,uGy/h,,False,False,False,
2567,2567,NORMAL,NORMAL,True,522880.9204974669,5696684.290406497,,8,0.01,0.8,0.7200000000000001,10.0,0.002381854841635166,ground_equivalent_excess_collision_air_kerma_rate,uGy/h,,False,False,False,
2568,2568,NORMAL,NORMAL,True,522860.9204974669,5696664.290406497,,8,0.01,0.8,0.7200000000000001,10.0,0.0015209196048200245,ground_equivalent_excess_collision_air_kerma_rate,uGy/h,,False,False,False,
2569,2569,NORMAL,NORMAL,True,522860.9204974669,5696684.290406497,,8,0.01,0.8,0.7200000000000001,10.0,0.001733826550262811,ground_equivalent_excess_collision_air_kerma_rate,uGy/h,,False,False,False,
2570,2570,NORMAL,NORMAL,True,522840.9204974669,5696664.290406497,,8,0.01,0.8,0.7200000000000001,10.0,0.0,ground_equivalent_excess_collision_air_kerma_rate,uGy/h,,False,False,False,
2571,2571,NORMAL,NORMAL,True,522840.9204974669,5696644.290406497,,8,0.01,0.8,0.7200000000000001,10.0,0.0,ground_equivalent_excess_collision_air_kerma_rate,uGy/h,,False,False,False,
2572,2572,NORMAL,NORMAL,True,522820.9204974669,5696644.290406497,,8,0.01,0.8,0.7200000000000001,10.0,0.0,ground_equivalent_excess_collision_air_kerma_rate,uGy/h,,False,False,False,
2573,2573,NORMAL,NORMAL,True,522800.9204974669,5696664.290406497,,8,0.01,0.8,0.7200000000000001,10.0,0.0,ground_equivalent_excess_collision_air_kerma_rate,uGy/h,,False,False,False,
2574,2574,NORMAL,NORMAL,True,522780.9204974669,5696644.290406497,,8,0.01,0.8,0.7200000000000001,10.0,0.0,ground_equivalent_excess_collision_air_kerma_rate,uGy/h,,False,False,False,
2575,2575,NORMAL,NORMAL,True,522800.9204974669,5696624.290406497,,8,0.01,0.8,0.7200000000000001,10.0,0.0,ground_equivalent_excess_collision_air_kerma_rate,uGy/h,,False,False,False,
2576,2576,NORMAL,NORMAL,True,522820.9204974669,5696604.290406497,,8,0.01,0.8,0.7200000000000001,10.0,0.0,ground_equivalent_excess_collision_air_kerma_rate,uGy/h,,False,False,False,
2577,2577,NORMAL,NORMAL,True,522800.9204974669,5696624.290406497,,8,0.01,0.8,0.7200000000000001,10.0,0.0,ground_equivalent_excess_collision_air_kerma_rate,uGy/h,,False,False,False,
2578,2578,NORMAL,NORMAL,True,522820.9204974669,5696644.290406497,,8,0.01,0.8,0.7200000000000001,10.0,0.0,ground_equivalent_excess_collision_air_kerma_rate,uGy/h,,False,False,False,
2579,2579,NORMAL,NORMAL,True,522840.9204974669,5696644.290406497,,8,0.01,0.8,0.7200000000000001,10.0,0.0,ground_equivalent_excess_collision_air_kerma_rate,uGy/h,,False,False,False,
2580,2580,NORMAL,NORMAL,True,522860.9204974669,5696644.290406497,,8,0.01,0.8,0.7200000000000001,10.0,0.0013122571031946076,ground_equivalent_excess_collision_air_kerma_rate,uGy/h,,False,False,False,
2581,2581,NORMAL,NORMAL,True,522880.9204974669,5696624.290406497,,8,0.01,0.8,0.7200000000000001,10.0,0.0014701525117320922,ground_equivalent_excess_collision_air_kerma_rate,uGy/h,,False,False,False,
2582,2582,NORMAL,NORMAL,True,522880.9204974669,5696644.290406497,,8,0.01,0.8,0.7200000000000001,10.0,0.001753685561189443,ground_equivalent_excess_collision_air_kerma_rate,uGy/h,,False,False,False,
2583,2583,NORMAL,NORMAL,True,522860.9204974669,5696624.290406497,,8,0.01,0.8,0.7200000000000001,10.0,0.0011161130320339106,ground_equivalent_excess_collision_air_kerma_rate,uGy/h,,False,False,False,
2584,2584,NORMAL,NORMAL,True,522860.9204974669,5696604.290406497,,8,0.01,0.8,0.7200000000000001,10.0,0.0009377840033780735,ground_equivalent_excess_collision_air_kerma_rate,uGy/h,,False,False,False,
2585,2585,NORMAL,NORMAL,True,522860.9204974669,5696584.290406497,,8,0.01,0.8,0.7200000000000001,10.0,0.0007799343836615673,ground_equivalent_excess_collision_air_kerma_rate,uGy/h,,False,False,False,
2586,2586,NORMAL,NORMAL,True,522880.9204974669,5696564.290406497,,8,0.01,0.8,0.7200000000000001,10.0,0.0008128381609700241,ground_equivalent_excess_collision_air_kerma_rate,uGy/h,,False,False,False,
2587,2587,NORMAL,NORMAL,True,522860.9204974669,5696564.290406497,,8,0.01,0.8,0.7200000000000001,10.0,0.0006431825459984604,ground_equivalent_excess_collision_air_kerma_rate,uGy/h,,False,False,False,
2588,2588,NORMAL,NORMAL,True,522880.9204974669,5696584.290406497,,8,0.01,0.8,0.7200000000000001,10.0,0.0009987834691682772,ground_equivalent_excess_collision_air_kerma_rate,uGy/h,,False,False,False,
2589,2589,NORMAL,NORMAL,True,522860.9204974669,5696604.290406497,,8,0.01,0.8,0.7200000000000001,10.0,0.0009377840033780735,ground_equivalent_excess_collision_air_kerma_rate,uGy/h,,False,False,False,
2590,2590,NORMAL,NORMAL,True,522840.9204974669,5696604.290406497,,8,0.01,0.8,0.7200000000000001,10.0,0.0,ground_equivalent_excess_collision_air_kerma_rate,uGy/h,,False,False,False,
2591,2591,NORMAL,NORMAL,True,522840.9204974669,5696584.290406497,,8,0.01,0.8,0.7200000000000001,10.0,0.0,ground_equivalent_excess_collision_air_kerma_rate,uGy/h,,False,False,False,
2592,2592,NORMAL,NORMAL,True,522820.9204974669,5696604.290406497,,8,0.01,0.8,0.7200000000000001,10.0,0.0,ground_equivalent_excess_collision_air_kerma_rate,uGy/h,,False,False,False,
2593,2593,NORMAL,NORMAL,True,522840.9204974669,5696584.290406497,,8,0.01,0.8,0.7200000000000001,10.0,0.0,ground_equivalent_excess_collision_air_kerma_rate,uGy/h,,False,False,False,
2594,2594,NORMAL,NORMAL,True,522860.9204974669,5696604.290406497,,8,0.01,0.8,0.7200000000000001,10.0,0.0009377840033780735,ground_equivalent_excess_collision_air_kerma_rate,uGy/h,,False,False,False,
2595,2595,NORMAL,NORMAL,True,522840.9204974669,5696604.290406497,,8,0.01,0.8,0.7200000000000001,10.0,0.0,ground_equivalent_excess_collision_air_kerma_rate,uGy/h,,False,False,False,
2596,2596,NORMAL,NORMAL,True,522860.9204974669,5696604.290406497,,8,0.01,0.8,0.7200000000000001,10.0,0.0009377840033780735,ground_equivalent_excess_collision_air_kerma_rate,uGy/h,,False,False,False,
2597,2597,NORMAL,NORMAL,True,522880.9204974669,5696624.290406497,,8,0.01,0.8,0.7200000000000001,10.0,0.0014701525117320922,ground_equivalent_excess_collision_air_kerma_rate,uGy/h,,False,False,False,
2598,2598,NORMAL,NORMAL,True,522900.9204974669,5696604.290406497,,8,0.01,0.8,0.7200000000000001,10.0,0.001579429468474149,ground_equivalent_excess_collision_air_kerma_rate,uGy/h,,False,False,False,
2599,2599,NORMAL,NORMAL,True,522880.9204974669,5696604.290406497,,8,0.01,0.8,0.7200000000000001,10.0,0.0012176984058585743,ground_equivalent_excess_collision_air_kerma_rate,uGy/h,,False,False,False,
2600,2600,NORMAL,NORMAL,True,522900.9204974669,5696604.290406497,,8,0.01,0.8,0.7200000000000001,10.0,0.001579429468474149,ground_equivalent_excess_collision_air_kerma_rate,uGy/h,,False,False,False,
2601,2601,NORMAL,NORMAL,True,522920.9204974669,5696584.290406497,,8,0.01,0.8,0.7200000000000001,10.0,0.0016225749925806352,ground_equivalent_excess_collision_air_kerma_rate,uGy/h,,False,False,False,
2602,2602,NORMAL,NORMAL,True,522900.9204974669,5696564.290406497,,8,0.01,0.8,0.7200000000000001,10.0,0.0010231944362378907,ground_equivalent_excess_collision_air_kerma_rate,uGy/h,,False,False,False,
2603,2603,NORMAL,NORMAL,True,522920.9204974669,5696544.290406497,,8,0.01,0.8,0.7200000000000001,10.0,0.0010078156563625997,ground_equivalent_excess_collision_air_kerma_rate,uGy/h,,False,False,False,
2604,2604,NORMAL,NORMAL,True,522900.9204974669,5696524.290406497,,8,0.01,0.8,0.7200000000000001,10.0,0.0006491140417949612,ground_equivalent_excess_collision_air_kerma_rate,uGy/h,,False,False,False,
2605,2605,NORMAL,NORMAL,True,522880.9204974669,5696544.290406497,,8,0.01,0.8,0.7200000000000001,10.0,0.0006574233419163519,ground_equivalent_excess_collision_air_kerma_rate,uGy/h,,False,False,False,
2606,2606,NORMAL,NORMAL,True,522860.9204974669,5696524.290406497,,8,0.01,0.8,0.7200000000000001,10.0,0.00042892720228660365,ground_equivalent_excess_collision_air_kerma_rate,uGy/h,,False,False,False,
2607,2607,NORMAL,NORMAL,True,522880.9204974669,5696504.290406497,,8,0.01,0.8,0.7200000000000001,10.0,0.0,ground_equivalent_excess_collision_air_kerma_rate,uGy/h,,False,False,False,
2608,2608,NORMAL,NORMAL,True,522900.9204974669,5696524.290406497,,8,0.01,0.8,0.7200000000000001,10.0,0.0006491140417949612,ground_equivalent_excess_collision_air_kerma_rate,uGy/h,,False,False,False,
2609,2609,NORMAL,NORMAL,True,522920.9204974669,5696524.290406497,,8,0.01,0.8,0.7200000000000001,10.0,0.0007908310956851365,ground_equivalent_excess_collision_air_kerma_rate,uGy/h,,False,False,False,
2610,2610,NORMAL,NORMAL,True,522900.9204974669,5696544.290406497,,8,0.01,0.8,0.7200000000000001,10.0,0.0008165205861034742,ground_equivalent_excess_collision_air_kerma_rate,uGy/h,,False,False,False,
2611,2611,NORMAL,NORMAL,True,522880.9204974669,5696564.290406497,,8,0.01,0.8,0.7200000000000001,10.0,0.0008128381609700241,ground_equivalent_excess_collision_air_kerma_rate,uGy/h,,False,False,False,
2612,2612,NORMAL,NORMAL,True,522900.9204974669,5696544.290406497,,8,0.01,0.8,0.7200000000000001,10.0,0.0008165205861034742,ground_equivalent_excess_collision_air_kerma_rate,uGy/h,,False,False,False,
2613,2613,NORMAL,NORMAL,True,522880.9204974669,5696564.290406497,,8,0.01,0.8,0.7200000000000001,10.0,0.0008128381609700241,ground_equivalent_excess_collision_air_kerma_rate,uGy/h,,False,False,False,
2614,2614,NORMAL,NORMAL,True,522880.9204974669,5696544.290406497,,8,0.01,0.8,0.7200000000000001,10.0,0.0006574233419163519,ground_equivalent_excess_collision_air_kerma_rate,uGy/h,,False,False,False,
2615,2615,NORMAL,NORMAL,True,522860.9204974669,5696564.290406497,,8,0.01,0.8,0.7200000000000001,10.0,0.0006431825459984604,ground_equivalent_excess_collision_air_kerma_rate,uGy/h,,False,False,False,
2616,2616,NORMAL,NORMAL,True,522840.9204974669,5696584.290406497,,8,0.01,0.8,0.7200000000000001,10.0,0.0,ground_equivalent_excess_collision_air_kerma_rate,uGy/h,,False,False,False,
2617,2617,NORMAL,NORMAL,True,522860.9204974669,5696604.290406497,,8,0.01,0.8,0.7200000000000001,10.0,0.0009377840033780735,ground_equivalent_excess_collision_air_kerma_rate,uGy/h,,False,False,False,
2618,2618,NORMAL,NORMAL,True,522880.9204974669,5696624.290406497,,8,0.01,0.8,0.7200000000000001,10.0,0.0014701525117320922,ground_equivalent_excess_collision_air_kerma_rate,uGy/h,,False,False,False,
2619,2619,NORMAL,NORMAL,True,522860.9204974669,5696604.290406497,,8,0.01,0.8,0.7200000000000001,10.0,0.0009377840033780735,ground_equivalent_excess_collision_air_kerma_rate,uGy/h,,False,False,False,
2620,2620,NORMAL,NORMAL,True,522880.9204974669,5696584.290406497,,8,0.01,0.8,0.7200000000000001,10.0,0.0009987834691682772,ground_equivalent_excess_collision_air_kerma_rate,uGy/h,,False,False,False,
2621,2621,NORMAL,NORMAL,True,522900.9204974669,5696584.290406497,,8,0.01,0.8,0.7200000000000001,10.0,0.001275601408587343,ground_equivalent_excess_collision_air_kerma_rate,uGy/h,,False,False,False,
2622,2622,NORMAL,NORMAL,True,522920.9204974669,5696564.290406497,,8,0.01,0.8,0.7200000000000001,10.0,0.0012811580625770275,ground_equivalent_excess_collision_air_kerma_rate,uGy/h,,False,False,False,
2623,2623,NORMAL,NORMAL,True,522940.9204974669,5696564.290406497,,8,0.01,0.8,0.7200000000000001,10.0,0.0015929484766510386,ground_equivalent_excess_collision_air_kerma_rate,uGy/h,,False,False,False,
2624,2624,NORMAL,NORMAL,True,522940.9204974669,5696584.290406497,,8,0.01,0.8,0.7200000000000001,10.0,0.0020520003626276558,ground_equivalent_excess_collision_air_kerma_rate,uGy/h,,False,False,False,
2625,2625,NORMAL,NORMAL,True,522960.9204974669,5696564.290406497,,8,0.01,0.8,0.7200000000000001,10.0,0.0019627393106047978,ground_equivalent_excess_collision_air_kerma_rate,uGy/h,,False,False,False,
2626,2626,NORMAL,NORMAL,True,522980.9204974669,5696584.290406497,,8,0.01,0.8,0.7200000000000001,10.0,0.003194600024047695,ground_equivalent_excess_collision_air_kerma_rate,uGy/h,,False,False,False,
2627,2627,NORMAL,NORMAL,True,523000.920497467,5696604.290406497,,8,0.01,0.8,0.7200000000000001,10.0,0.00535599134574527,ground_equivalent_excess_collision_air_kerma_rate,uGy/h,,False,False,False,
2628,2628,NORMAL,NORMAL,True,523020.920497467,5696624.290406497,,8,0.01,0.8,0.7200000000000001,10.0,0.009337348507987115,ground_equivalent_excess_collision_air_kerma_rate,uGy/h,,False,False,False,
2629,2629,NORMAL,NORMAL,True,523000.920497467,5696604.290406497,,8,0.01,0.8,0.7200000000000001,10.0,0.00535599134574527,ground_equivalent_excess_collision_air_kerma_rate,uGy/h,,False,False,False,
2630,2630,NORMAL,NORMAL,True,523020.920497467,5696584.290406497,,8,0.01,0.8,0.7200000000000001,10.0,0.004697568161684939,ground_equivalent_excess_collision_air_kerma_rate,uGy/h,,False,False,False,
2631,2631,NORMAL,NORMAL,True,523000.920497467,5696564.290406497,,8,0.01,0.8,0.7200000000000001,10.0,0.0028711379239033646,ground_equivalent_excess_collision_air_kerma_rate,uGy/h,,False,False,False,
2632,2632,NORMAL,NORMAL,True,522980.9204974669,5696544.290406497,,8,0.01,0.8,0.7200000000000001,10.0,0.001794769495664609,ground_equivalent_excess_collision_air_kerma_rate,uGy/h,,False,False,False,
2633,2633,NORMAL,NORMAL,True,522960.9204974669,5696524.290406497,,8,0.01,0.8,0.7200000000000001,10.0,0.001143147955841044,ground_equivalent_excess_collision_air_kerma_rate,uGy/h,,False,False,False,
2634,2634,NORMAL,NORMAL,True,522940.9204974669,5696524.290406497,,8,0.01,0.8,0.7200000000000001,10.0,0.0009555261632134195,ground_equivalent_excess_collision_air_kerma_rate,uGy/h,,False,False,False,
2635,2635,NORMAL,NORMAL,True,522920.9204974669,5696504.290406497,,8,0.01,0.8,0.7200000000000001,10.0,0.0,ground_equivalent_excess_collision_air_kerma_rate,uGy/h,,False,False,False,
2636,2636,NORMAL,NORMAL,True,522940.9204974669,5696484.290406497,,8,0.01,0.8,0.7200000000000001,10.0,0.0,ground_equivalent_excess_collision_air_kerma_rate,uGy/h,,False,False,False,
2637,2637,NORMAL,NORMAL,True,522960.9204974669,5696504.290406497,,8,0.01,0.8,0.7200000000000001,10.0,0.0,ground_equivalent_excess_collision_air_kerma_rate,uGy/h,,False,False,False,
2638,2638,NORMAL,NORMAL,True,522980.9204974669,5696524.290406497,,8,0.01,0.8,0.7200000000000001,10.0,0.0013517880945494326,ground_equivalent_excess_collision_air_kerma_rate,uGy/h,,False,False,False,
2639,2639,NORMAL,NORMAL,True,523000.920497467,5696544.290406497,,8,0.01,0.8,0.7200000000000001,10.0,0.0021219953065140314,ground_equivalent_excess_collision_air_kerma_rate,uGy/h,,False,False,False,
2640,2640,NORMAL,NORMAL,True,522980.9204974669,5696524.290406497,,8,0.01,0.8,0.7200000000000001,10.0,0.0013517880945494326,ground_equivalent_excess_collision_air_kerma_rate,uGy/h,,False,False,False,
2641,2641,NORMAL,NORMAL,True,522960.9204974669,5696544.290406497,,8,0.01,0.8,0.7200000000000001,10.0,0.0014970743031338092,ground_equivalent_excess_collision_air_kerma_rate,uGy/h,,False,False,False,
2642,2642,NORMAL,NORMAL,True,522940.9204974669,5696564.290406497,,8,0.01,0.8,0.7200000000000001,10.0,0.0015929484766510386,ground_equivalent_excess_collision_air_kerma_rate,uGy/h,,False,False,False,
2643,2643,NORMAL,NORMAL,True,522940.9204974669,5696544.290406497,,8,0.01,0.8,0.7200000000000001,10.0,0.001234252675152769,ground_equivalent_excess_collision_air_kerma_rate,uGy/h,,False,False,False,
2644,2644,NORMAL,NORMAL,True,522960.9204974669,5696564.290406497,,8,0.01,0.8,0.7200000000000001,10.0,0.0019627393106047978,ground_equivalent_excess_collision_air_kerma_rate,uGy/h,,False,False,False,
2645,2645,NORMAL,NORMAL,True,522940.9204974669,5696564.290406497,,8,0.01,0.8,0.7200000000000001,10.0,0.0015929484766510386,ground_equivalent_excess_collision_air_kerma_rate,uGy/h,,False,False,False,
2646,2646,NORMAL,NORMAL,True,522960.9204974669,5696584.290406497,,8,0.01,0.8,0.7200000000000001,10.0,0.0025742695260523047,ground_equivalent_excess_collision_air_kerma_rate,uGy/h,,False,False,False,
2647,2647,NORMAL,NORMAL,True,522940.9204974669,5696564.290406497,,8,0.01,0.8,0.7200000000000001,10.0,0.0015929484766510386,ground_equivalent_excess_collision_air_kerma_rate,uGy/h,,False,False,False,
2648,2648,NORMAL,NORMAL,True,522920.9204974669,5696584.290406497,,8,0.01,0.8,0.7200000000000001,10.0,0.0016225749925806352,ground_equivalent_excess_collision_air_kerma_rate,uGy/h,,False,False,False,
2649,2649,NORMAL,NORMAL,True,522920.9204974669,5696564.290406497,,8,0.01,0.8,0.7200000000000001,10.0,0.0012811580625770275,ground_equivalent_excess_collision_air_kerma_rate,uGy/h,,False,False,False,
2650,2650,NORMAL,NORMAL,True,522940.9204974669,5696584.290406497,,8,0.01,0.8,0.7200000000000001,10.0,0.0020520003626276558,ground_equivalent_excess_collision_air_kerma_rate,uGy/h,,False,False,False,
2651,2651,NORMAL,NORMAL,True,522960.9204974669,5696584.290406497,,8,0.01,0.8,0.7200000000000001,10.0,0.0025742695260523047,ground_equivalent_excess_collision_air_kerma_rate,uGy/h,,False,False,False,
2652,2652,NORMAL,NORMAL,True,522940.9204974669,5696564.290406497,,8,0.01,0.8,0.7200000000000001,10.0,0.0015929484766510386,ground_equivalent_excess_collision_air_kerma_rate,uGy/h,,False,False,False,
2653,2653,NORMAL,NORMAL,True,522940.9204974669,5696544.290406497,,8,0.01,0.8,0.7200000000000001,10.0,0.001234252675152769,ground_equivalent_excess_collision_air_kerma_rate,uGy/h,,False,False,False,
2654,2654,NORMAL,NORMAL,True,522960.9204974669,5696524.290406497,,8,0.01,0.8,0.7200000000000001,10.0,0.001143147955841044,ground_equivalent_excess_collision_air_kerma_rate,uGy/h,,False,False,False,
2655,2655,NORMAL,NORMAL,True,522940.9204974669,5696504.290406497,,8,0.01,0.8,0.7200000000000001,10.0,0.0,ground_equivalent_excess_collision_air_kerma_rate,uGy/h,,False,False,False,
2656,2656,NORMAL,NORMAL,True,522920.9204974669,5696484.290406497,,8,0.01,0.8,0.7200000000000001,10.0,0.0,ground_equivalent_excess_collision_air_kerma_rate,uGy/h,,False,False,False,
2657,2657,NORMAL,NORMAL,True,522940.9204974669,5696504.290406497,,8,0.01,0.8,0.7200000000000001,10.0,0.0,ground_equivalent_excess_collision_air_kerma_rate,uGy/h,,False,False,False,
2658,2658,NORMAL,NORMAL,True,522960.9204974669,5696524.290406497,,8,0.01,0.8,0.7200000000000001,10.0,0.001143147955841044,ground_equivalent_excess_collision_air_kerma_rate,uGy/h,,False,False,False,
2659,2659,NORMAL,NORMAL,True,522980.9204974669,5696524.290406497,,8,0.01,0.8,0.7200000000000001,10.0,0.0013517880945494326,ground_equivalent_excess_collision_air_kerma_rate,uGy/h,,False,False,False,
2660,2660,NORMAL,NORMAL,True,523000.920497467,5696544.290406497,,8,0.01,0.8,0.7200000000000001,10.0,0.0021219953065140314,ground_equivalent_excess_collision_air_kerma_rate,uGy/h,,False,False,False,
2661,2661,NORMAL,NORMAL,True,522980.9204974669,5696564.290406497,,8,0.01,0.8,0.7200000000000001,10.0,0.002390769165443007,ground_equivalent_excess_collision_air_kerma_rate,uGy/h,,False,False,False,
2662,2662,NORMAL,NORMAL,True,522960.9204974669,5696544.290406497,,8,0.01,0.8,0.7200000000000001,10.0,0.0014970743031338092,ground_equivalent_excess_collision_air_kerma_rate,uGy/h,,False,False,False,
2663,2663,NORMAL,NORMAL,True,522940.9204974669,5696564.290406497,,8,0.01,0.8,0.7200000000000001,10.0,0.0015929484766510386,ground_equivalent_excess_collision_air_kerma_rate,uGy/h,,False,False,False,
2664,2664,NORMAL,NORMAL,True,522920.9204974669,5696544.290406497,,8,0.01,0.8,0.7200000000000001,10.0,0.0010078156563625997,ground_equivalent_excess_collision_air_kerma_rate,uGy/h,,False,False,False,
2665,2665,NORMAL,NORMAL,True,522920.9204974669,5696564.290406497,,8,0.01,0.8,0.7200000000000001,10.0,0.0012811580625770275,ground_equivalent_excess_collision_air_kerma_rate,uGy/h,,False,False,False,
2666,2666,NORMAL,NORMAL,True,522940.9204974669,5696544.290406497,,8,0.01,0.8,0.7200000000000001,10.0,0.001234252675152769,ground_equivalent_excess_collision_air_kerma_rate,uGy/h,,False,False,False,
2667,2667,NORMAL,NORMAL,True,522940.9204974669,5696524.290406497,,8,0.01,0.8,0.7200000000000001,10.0,0.0009555261632134195,ground_equivalent_excess_collision_air_kerma_rate,uGy/h,,False,False,False,
2668,2668,NORMAL,NORMAL,True,522960.9204974669,5696504.290406497,,8,0.01,0.8,0.7200000000000001,10.0,0.0,ground_equivalent_excess_collision_air_kerma_rate,uGy/h,,False,False,False,
2669,2669,NORMAL,NORMAL,True,522940.9204974669,5696524.290406497,,8,0.01,0.8,0.7200000000000001,10.0,0.0009555261632134195,ground_equivalent_excess_collision_air_kerma_rate,uGy/h,,False,False,False,
2670,2670,NORMAL,NORMAL,True,522940.9204974669,5696544.290406497,,8,0.01,0.8,0.7200000000000001,10.0,0.001234252675152769,ground_equivalent_excess_collision_air_kerma_rate,uGy/h,,False,False,False,
2671,2671,NORMAL,NORMAL,True,522960.9204974669,5696544.290406497,,8,0.01,0.8,0.7200000000000001,10.0,0.0014970743031338092,ground_equivalent_excess_collision_air_kerma_rate,uGy/h,,False,False,False,
2672,2672,NORMAL,NORMAL,True,522960.9204974669,5696524.290406497,,8,0.01,0.8,0.7200000000000001,10.0,0.001143147955841044,ground_equivalent_excess_collision_air_kerma_rate,uGy/h,,False,False,False,
2673,2673,NORMAL,NORMAL,True,522980.9204974669,5696544.290406497,,8,0.01,0.8,0.7200000000000001,10.0,0.001794769495664609,ground_equivalent_excess_collision_air_kerma_rate,uGy/h,,False,False,False,
2674,2674,NORMAL,NORMAL,True,522980.9204974669,5696564.290406497,,8,0.01,0.8,0.7200000000000001,10.0,0.002390769165443007,ground_equivalent_excess_collision_air_kerma_rate,uGy/h,,False,False,False,
2675,2675,NORMAL,NORMAL,True,522960.9204974669,5696564.290406497,,8,0.01,0.8,0.7200000000000001,10.0,0.0019627393106047978,ground_equivalent_excess_collision_air_kerma_rate,uGy/h,,False,False,False,
2676,2676,NORMAL,NORMAL,True,522980.9204974669,5696564.290406497,,8,0.01,0.8,0.7200000000000001,10.0,0.002390769165443007,ground_equivalent_excess_collision_air_kerma_rate,uGy/h,,False,False,False,
2677,2677,NORMAL,NORMAL,True,523000.920497467,5696584.290406497,,8,0.01,0.8,0.7200000000000001,10.0,0.003908592045439533,ground_equivalent_excess_collision_air_kerma_rate,uGy/h,,False,False,False,
2678,2678,NORMAL,NORMAL,True,522980.9204974669,5696584.290406497,,8,0.01,0.8,0.7200000000000001,10.0,0.003194600024047695,ground_equivalent_excess_collision_air_kerma_rate,uGy/h,,False,False,False,
2679,2679,NORMAL,NORMAL,True,522960.9204974669,5696564.290406497,,8,0.01,0.8,0.7200000000000001,10.0,0.0019627393106047978,ground_equivalent_excess_collision_air_kerma_rate,uGy/h,,False,False,False,
2680,2680,NORMAL,NORMAL,True,522960.9204974669,5696544.290406497,,8,0.01,0.8,0.7200000000000001,10.0,0.0014970743031338092,ground_equivalent_excess_collision_air_kerma_rate,uGy/h,,False,False,False,
2681,2681,NORMAL,NORMAL,True,522980.9204974669,5696544.290406497,,8,0.01,0.8,0.7200000000000001,10.0,0.001794769495664609,ground_equivalent_excess_collision_air_kerma_rate,uGy/h,,False,False,False,
2682,2682,NORMAL,NORMAL,True,523000.920497467,5696564.290406497,,8,0.01,0.8,0.7200000000000001,10.0,0.0028711379239033646,ground_equivalent_excess_collision_air_kerma_rate,uGy/h,,False,False,False,
2683,2683,NORMAL,NORMAL,True,522980.9204974669,5696584.290406497,,8,0.01,0.8,0.7200000000000001,10.0,0.003194600024047695,ground_equivalent_excess_collision_air_kerma_rate,uGy/h,,False,False,False,
2684,2684,NORMAL,NORMAL,True,523000.920497467,5696584.290406497,,8,0.01,0.8,0.7200000000000001,10.0,0.003908592045439533,ground_equivalent_excess_collision_air_kerma_rate,uGy/h,,False,False,False,
2685,2685,NORMAL,NORMAL,True,523020.920497467,5696564.290406497,,8,0.01,0.8,0.7200000000000001,10.0,0.0033898810720379598,ground_equivalent_excess_collision_air_kerma_rate,uGy/h,,False,False,False,
2686,2686,NORMAL,NORMAL,True,523000.920497467,5696564.290406497,,8,0.01,0.8,0.7200000000000001,10.0,0.0028711379239033646,ground_equivalent_excess_collision_air_kerma_rate,uGy/h,,False,False,False,
2687,2687,NORMAL,NORMAL,True,522980.9204974669,5696544.290406497,,8,0.01,0.8,0.7200000000000001,10.0,0.001794769495664609,ground_equivalent_excess_collision_air_kerma_rate,uGy/h,,False,False,False,
2688,2688,NORMAL,NORMAL,True,523000.920497467,5696524.290406497,,8,0.01,0.8,0.7200000000000001,10.0,0.0015771582956121632,ground_equivalent_excess_collision_air_kerma_rate,uGy/h,,False,False,False,
2689,2689,NORMAL,NORMAL,True,523020.920497467,5696524.290406497,,8,0.01,0.8,0.7200000000000001,10.0,0.0018122862685718707,ground_equivalent_excess_collision_air_kerma_rate,uGy/h,,False,False,False,
2690,2690,NORMAL,NORMAL,True,523040.920497467,5696544.290406497,,8,0.01,0.8,0.7200000000000001,10.0,0.002820510696568609,ground_equivalent_excess_collision_air_kerma_rate,uGy/h,,False,False,False,
2691,2691,NORMAL,NORMAL,True,523060.920497467,5696564.290406497,,8,0.01,0.8,0.7200000000000001,10.0,0.0044441418860233775,ground_equivalent_excess_collision_air_kerma_rate,uGy/h,,False,False,False,
2692,2692,NORMAL,NORMAL,True,523060.920497467,5696584.290406497,,8,0.01,0.8,0.7200000000000001,10.0,0.006342446748830633,ground_equivalent_excess_collision_air_kerma_rate,uGy/h,,False,False,False,
2693,2693,NORMAL,NORMAL,True,523040.920497467,5696564.290406497,,8,0.01,0.8,0.7200000000000001,10.0,0.003924259175423455,ground_equivalent_excess_collision_air_kerma_rate,uGy/h,,False,False,False,
2694,2694,NORMAL,NORMAL,True,523040.920497467,5696584.290406497,,8,0.01,0.8,0.7200000000000001,10.0,0.005525832130321335,ground_equivalent_excess_collision_air_kerma_rate,uGy/h,,False,False,False,
2695,2695,NORMAL,NORMAL,True,523040.920497467,5696564.290406497,,8,0.01,0.8,0.7200000000000001,10.0,0.003924259175423455,ground_equivalent_excess_collision_air_kerma_rate,uGy/h,,False,False,False,
2696,2696,NORMAL,NORMAL,True,523060.920497467,5696564.290406497,,8,0.01,0.8,0.7200000000000001,10.0,0.0044441418860233775,ground_equivalent_excess_collision_air_kerma_rate,uGy/h,,False,False,False,
2697,2697,NORMAL,NORMAL,True,523080.920497467,5696584.290406497,,8,0.01,0.8,0.7200000000000001,10.0,0.007088483653174425,ground_equivalent_excess_collision_air_kerma_rate,uGy/h,,False,False,False,
2698,2698,NORMAL,NORMAL,True,523100.920497467,5696604.290406497,,8,0.01,0.8,0.7200000000000001,10.0,0.0114318565949806,ground_equivalent_excess_collision_air_kerma_rate,uGy/h,,False,False,False,
2699,2699,NORMAL,NORMAL,True,523080.920497467,5696624.290406497,,8,0.01,0.8,0.7200000000000001,10.0,0.015745659418799005,ground_equivalent_excess_collision_air_kerma_rate,uGy/h,,False,False,False,
2700,2700,NORMAL,NORMAL,True,523100.920497467,5696604.290406497,,8,0.01,0.8,0.7200000000000001,10.0,0.0114318565949806,ground_equivalent_excess_collision_air_kerma_rate,uGy/h,,False,False,False,
2701,2701,NORMAL,NORMAL,True,523120.920497467,5696604.290406497,,8,0.01,0.8,0.7200000000000001,10.0,0.01215185488310832,ground_equivalent_excess_collision_air_kerma_rate,uGy/h,,False,False,False,
2702,2702,NORMAL,NORMAL,True,523100.920497467,5696624.290406497,,8,0.01,0.8,0.7200000000000001,10.0,0.017421826900683838,ground_equivalent_excess_collision_air_kerma_rate,uGy/h,,False,False,False,
2703,2703,NORMAL,NORMAL,True,523120.920497467,5696624.290406497,,8,0.01,0.8,0.7200000000000001,10.0,0.01860773174773215,ground_equivalent_excess_collision_air_kerma_rate,uGy/h,,False,False,False,
2704,2704,NORMAL,NORMAL,True,523100.920497467,5696624.290406497,,8,0.01,0.8,0.7200000000000001,10.0,0.017421826900683838,ground_equivalent_excess_collision_air_kerma_rate,uGy/h,,False,False,False,
2705,2705,NORMAL,NORMAL,True,523080.920497467,5696624.290406497,,8,0.01,0.8,0.7200000000000001,10.0,0.015745659418799005,ground_equivalent_excess_collision_air_kerma_rate,uGy/h,,False,False,False,
2706,2706,NORMAL,NORMAL,True,523100.920497467,5696624.290406497,,8,0.01,0.8,0.7200000000000001,10.0,0.017421826900683838,ground_equivalent_excess_collision_air_kerma_rate,uGy/h,,False,False,False,
2707,2707,NORMAL,NORMAL,True,523080.920497467,5696604.290406497,,8,0.01,0.8,0.7200000000000001,10.0,0.010427413321662717,ground_equivalent_excess_collision_air_kerma_rate,uGy/h,,False,False,False,
2708,2708,NORMAL,NORMAL,True,523100.920497467,5696624.290406497,,8,0.01,0.8,0.7200000000000001,10.0,0.017421826900683838,ground_equivalent_excess_collision_air_kerma_rate,uGy/h,,False,False,False,
2709,2709,NORMAL,NORMAL,True,523080.920497467,5696604.290406497,,8,0.01,0.8,0.7200000000000001,10.0,0.010427413321662717,ground_equivalent_excess_collision_air_kerma_rate,uGy/h,,False,False,False,
2710,2710,NORMAL,NORMAL,True,523100.920497467,5696624.290406497,,8,0.01,0.8,0.7200000000000001,10.0,0.017421826900683838,ground_equivalent_excess_collision_air_kerma_rate,uGy/h,,False,False,False,
2711,2711,NORMAL,NORMAL,True,523080.920497467,5696604.290406497,,8,0.01,0.8,0.7200000000000001,10.0,0.010427413321662717,ground_equivalent_excess_collision_air_kerma_rate,uGy/h,,False,False,False,
2712,2712,NORMAL,NORMAL,True,523100.920497467,5696604.290406497,,8,0.01,0.8,0.7200000000000001,10.0,0.0114318565949806,ground_equivalent_excess_collision_air_kerma_rate,uGy/h,,False,False,False,
2713,2713,NORMAL,NORMAL,True,523080.920497467,5696604.290406497,,8,0.01,0.8,0.7200000000000001,10.0,0.010427413321662717,ground_equivalent_excess_collision_air_kerma_rate,uGy/h,,False,False,False,
2714,2714,NORMAL,NORMAL,True,523100.920497467,5696604.290406497,,8,0.01,0.8,0.7200000000000001,10.0,0.0114318565949806,ground_equivalent_excess_collision_air_kerma_rate,uGy/h,,False,False,False,
2715,2715,NORMAL,NORMAL,True,523080.920497467,5696604.290406497,,8,0.01,0.8,0.7200000000000001,10.0,0.010427413321662717,ground_equivalent_excess_collision_air_kerma_rate,uGy/h,,False,False,False,
2716,2716,NORMAL,NORMAL,True,523100.920497467,5696624.290406497,,8,0.01,0.8,0.7200000000000001,10.0,0.017421826900683838,ground_equivalent_excess_collision_air_kerma_rate,uGy/h,,False,False,False,
2717,2717,NORMAL,NORMAL,True,523080.920497467,5696604.290406497,,8,0.01,0.8,0.7200000000000001,10.0,0.010427413321662717,ground_equivalent_excess_collision_air_kerma_rate,uGy/h,,False,False,False,
2718,2718,NORMAL,NORMAL,True,523100.920497467,5696624.290406497,,8,0.01,0.8,0.7200000000000001,10.0,0.017421826900683838,ground_equivalent_excess_collision_air_kerma_rate,uGy/h,,False,False,False,
2719,2719,NORMAL,NORMAL,True,523080.920497467,5696644.290406497,,8,0.01,0.8,0.7200000000000001,10.0,0.02465933016231652,ground_equivalent_excess_collision_air_kerma_rate,uGy/h,,False,False,False,
2720,2720,NORMAL,NORMAL,True,523080.920497467,5696664.290406497,,8,0.01,0.8,0.7200000000000001,10.0,0.040818430277368846,ground_equivalent_excess_collision_air_kerma_rate,uGy/h,,False,False,False,
2721,2721,NORMAL,NORMAL,True,523080.920497467,5696644.290406497,,8,0.01,0.8,0.7200000000000001,10.0,0.02465933016231652,ground_equivalent_excess_collision_air_kerma_rate,uGy/h,,False,False,False,
2722,2722,NORMAL,NORMAL,True,523060.920497467,5696624.290406497,,8,0.01,0.8,0.7200000000000001,10.0,0.013706915050401426,ground_equivalent_excess_collision_air_kerma_rate,uGy/h,,False,False,False,
2723,2723,NORMAL,NORMAL,True,523040.920497467,5696624.290406497,,8,0.01,0.8,0.7200000000000001,10.0,0.011499358474542243,ground_equivalent_excess_collision_air_kerma_rate,uGy/h,,False,False,False,
2724,2724,NORMAL,NORMAL,True,523060.920497467,5696604.290406497,,8,0.01,0.8,0.7200000000000001,10.0,0.009215135189728782,ground_equivalent_excess_collision_air_kerma_rate,uGy/h,,False,False,False,
2725,2725,NORMAL,NORMAL,True,523060.920497467,5696624.290406497,,8,0.01,0.8,0.7200000000000001,10.0,0.013706915050401426,ground_equivalent_excess_collision_air_kerma_rate,uGy/h,,False,False,False,
2726,2726,NORMAL,NORMAL,True,523080.920497467,5696644.290406497,,8,0.01,0.8,0.7200000000000001,10.0,0.02465933016231652,ground_equivalent_excess_collision_air_kerma_rate,uGy/h,,False,False,False,
2727,2727,NORMAL,NORMAL,True,523060.920497467,5696644.290406497,,8,0.01,0.8,0.7200000000000001,10.0,0.021065163597688213,ground_equivalent_excess_collision_air_kerma_rate,uGy/h,,False,False,False,
2728,2728,NORMAL,NORMAL,True,523060.920497467,5696664.290406497,,8,0.01,0.8,0.7200000000000001,10.0,0.03402289085373526,ground_equivalent_excess_collision_air_kerma_rate,uGy/h,,False,False,False,
2729,2729,NORMAL,NORMAL,True,523040.920497467,5696644.290406497,,8,0.01,0.8,0.7200000000000001,10.0,0.017170979888830238,ground_equivalent_excess_collision_air_kerma_rate,uGy/h,,False,False,False,
2730,2730,NORMAL,NORMAL,True,523020.920497467,5696664.290406497,,8,0.01,0.8,0.7200000000000001,10.0,0.01974755706938389,ground_equivalent_excess_collision_air_kerma_rate,uGy/h,,False,False,False,
2731,2731,NORMAL,NORMAL,True,523000.920497467,5696644.290406497,,8,0.01,0.8,0.7200000000000001,10.0,0.010259866329454772,ground_equivalent_excess_collision_air_kerma_rate,uGy/h,,False,False,False,
2732,2732,NORMAL,NORMAL,True,522980.9204974669,5696664.290406497,,8,0.01,0.8,0.7200000000000001,10.0,0.010270310101962617,ground_equivalent_excess_collision_air_kerma_rate,uGy/h,,False,False,False,
2733,2733,NORMAL,NORMAL,True,522960.9204974669,5696664.290406497,,8,0.01,0.8,0.7200000000000001,10.0,0.007374815443301779,ground_equivalent_excess_collision_air_kerma_rate,uGy/h,,False,False,False,
2734,2734,NORMAL,NORMAL,True,522940.9204974669,5696664.290406497,,8,0.01,0.8,0.7200000000000001,10.0,0.005316675607225088,ground_equivalent_excess_collision_air_kerma_rate,uGy/h,,False,False,False,
2735,2735,NORMAL,NORMAL,True,522960.9204974669,5696644.290406497,,8,0.01,0.8,0.7200000000000001,10.0,0.00573209372477937,ground_equivalent_excess_collision_air_kerma_rate,uGy/h,,False,False,False,
2736,2736,NORMAL,NORMAL,True,522940.9204974669,5696644.290406497,,8,0.01,0.8,0.7200000000000001,10.0,0.004255861615588076,ground_equivalent_excess_collision_air_kerma_rate,uGy/h,,False,False,False,
2737,2737,NORMAL,NORMAL,True,522940.9204974669,5696664.290406497,,8,0.01,0.8,0.7200000000000001,10.0,0.005316675607225088,ground_equivalent_excess_collision_air_kerma_rate,uGy/h,,False,False,False,
2738,2738,NORMAL,NORMAL,True,522940.9204974669,5696684.290406497,,8,0.01,0.8,0.7200000000000001,10.0,0.006521285127503372,ground_equivalent_excess_collision_air_kerma_rate,uGy/h,,False,False,False,
2739,2739,NORMAL,NORMAL,True,522960.9204974669,5696664.290406497,,8,0.01,0.8,0.7200000000000001,10.0,0.007374815443301779,ground_equivalent_excess_collision_air_kerma_rate,uGy/h,,False,False,False,
2740,2740,NORMAL,NORMAL,True,522980.9204974669,5696644.290406497,,8,0.01,0.8,0.7200000000000001,10.0,0.0076989326471079604,ground_equivalent_excess_collision_air_kerma_rate,uGy/h,,False,False,False,
2741,2741,NORMAL,NORMAL,True,523000.920497467,5696644.290406497,,8,0.01,0.8,0.7200000000000001,10.0,0.010259866329454772,ground_equivalent_excess_collision_air_kerma_rate,uGy/h,,False,False,False,
2742,2742,NORMAL,NORMAL,True,522980.9204974669,5696664.290406497,,8,0.01,0.8,0.7200000000000001,10.0,0.010270310101962617,ground_equivalent_excess_collision_air_kerma_rate,uGy/h,,False,False,False,
2743,2743,NORMAL,NORMAL,True,522980.9204974669,5696644.290406497,,8,0.01,0.8,0.7200000000000001,10.0,0.0076989326471079604,ground_equivalent_excess_collision_air_kerma_rate,uGy/h,,False,False,False,
2744,2744,NORMAL,NORMAL,True,522960.9204974669,5696664.290406497,,8,0.01,0.8,0.7200000000000001,10.0,0.007374815443301779,ground_equivalent_excess_collision_air_kerma_rate,uGy/h,,False,False,False,
2745,2745,NORMAL,NORMAL,True,522980.9204974669,5696684.290406497,,8,0.01,0.8,0.7200000000000001,10.0,0.013526824911904647,ground_equivalent_excess_collision_air_kerma_rate,uGy/h,,False,False,False,
2746,2746,NORMAL,NORMAL,True,522980.9204974669,5696704.290406497,,8,0.01,0.8,0.7200000000000001,10.0,0.017375713008192607,ground_equivalent_excess_collision_air_kerma_rate,uGy/h,,False,False,False,
2747,2747,NORMAL,NORMAL,True,523000.920497467,5696704.290406497,,8,0.01,0.8,0.7200000000000001,10.0,0.027146272505696598,ground_equivalent_excess_collision_air_kerma_rate,uGy/h,,False,False,False,
2748,2748,NORMAL,NORMAL,True,523020.920497467,5696684.290406497,,8,0.01,0.8,0.7200000000000001,10.0,0.029537545114178408,ground_equivalent_excess_collision_air_kerma_rate,uGy/h,,False,False,False,
2749,2749,NORMAL,NORMAL,True,523040.920497467,5696664.290406497,,8,0.01,0.8,0.7200000000000001,10.0,0.02656837366346481,ground_equivalent_excess_collision_air_kerma_rate,uGy/h,,False,False,False,
2750,2750,NORMAL,NORMAL,True,523020.920497467,5696684.290406497,,8,0.01,0.8,0.7200000000000001,10.0,0.029537545114178408,ground_equivalent_excess_collision_air_kerma_rate,uGy/h,,False,False,False,
2751,2751,NORMAL,NORMAL,True,523000.920497467,5696684.290406497,,8,0.01,0.8,0.7200000000000001,10.0,0.01988931783421957,ground_equivalent_excess_collision_air_kerma_rate,uGy/h,,False,False,False,
2752,2752,NORMAL,NORMAL,True,522980.9204974669,5696664.290406497,,8,0.01,0.8,0.7200000000000001,10.0,0.010270310101962617,ground_equivalent_excess_collision_air_kerma_rate,uGy/h,,False,False,False,
2753,2753,NORMAL,NORMAL,True,522960.9204974669,5696684.290406497,,8,0.01,0.8,0.7200000000000001,10.0,0.009329022841892532,ground_equivalent_excess_collision_air_kerma_rate,uGy/h,,False,False,False,
2754,2754,NORMAL,NORMAL,True,522960.9204974669,5696664.290406497,,8,0.01,0.8,0.7200000000000001,10.0,0.007374815443301779,ground_equivalent_excess_collision_air_kerma_rate,uGy/h,,False,False,False,
2755,2755,NORMAL,NORMAL,True,522980.9204974669,5696684.290406497,,8,0.01,0.8,0.7200000000000001,10.0,0.013526824911904647,ground_equivalent_excess_collision_air_kerma_rate,uGy/h,,False,False,False,
2756,2756,NORMAL,NORMAL,True,522960.9204974669,5696684.290406497,,8,0.01,0.8,0.7200000000000001,10.0,0.009329022841892532,ground_equivalent_excess_collision_air_kerma_rate,uGy/h,,False,False,False,
2757,2757,NORMAL,NORMAL,True,522980.9204974669,5696664.290406497,,8,0.01,0.8,0.7200000000000001,10.0,0.010270310101962617,ground_equivalent_excess_collision_air_kerma_rate,uGy/h,,False,False,False,
2758,2758,NORMAL,NORMAL,True,522960.9204974669,5696644.290406497,,8,0.01,0.8,0.7200000000000001,10.0,0.00573209372477937,ground_equivalent_excess_collision_air_kerma_rate,uGy/h,,False,False,False,
2759,2759,NORMAL,NORMAL,True,522960.9204974669,5696624.290406497,,8,0.01,0.8,0.7200000000000001,10.0,0.004409951721569198,ground_equivalent_excess_collision_air_kerma_rate,uGy/h,,False,False,False,
2760,2760,NORMAL,NORMAL,True,522980.9204974669,5696644.290406497,,8,0.01,0.8,0.7200000000000001,10.0,0.0076989326471079604,ground_equivalent_excess_collision_air_kerma_rate,uGy/h,,False,False,False,
2761,2761,NORMAL,NORMAL,True,523000.920497467,5696644.290406497,,8,0.01,0.8,0.7200000000000001,10.0,0.010259866329454772,ground_equivalent_excess_collision_air_kerma_rate,uGy/h,,False,False,False,
2762,2762,NORMAL,NORMAL,True,523020.920497467,5696664.290406497,,8,0.01,0.8,0.7200000000000001,10.0,0.01974755706938389,ground_equivalent_excess_collision_air_kerma_rate,uGy/h,,False,False,False,
2763,2763,NORMAL,NORMAL,True,523040.920497467,5696684.290406497,,8,0.01,0.8,0.7200000000000001,10.0,0.04342484174955992,ground_equivalent_excess_collision_air_kerma_rate,uGy/h,,False,False,False,
2764,2764,NORMAL,NORMAL,True,523020.920497467,5696664.290406497,,8,0.01,0.8,0.7200000000000001,10.0,0.01974755706938389,ground_equivalent_excess_collision_air_kerma_rate,uGy/h,,False,False,False,
2765,2765,NORMAL,NORMAL,True,523000.920497467,5696664.290406497,,8,0.01,0.8,0.7200000000000001,10.0,0.014303687759791435,ground_equivalent_excess_collision_air_kerma_rate,uGy/h,,False,False,False,
2766,2766,NORMAL,NORMAL,True,523000.920497467,5696684.290406497,,8,0.01,0.8,0.7200000000000001,10.0,0.01988931783421957,ground_equivalent_excess_collision_air_kerma_rate,uGy/h,,False,False,False,
2767,2767,NORMAL,NORMAL,True,522980.9204974669,5696684.290406497,,8,0.01,0.8,0.7200000000000001,10.0,0.013526824911904647,ground_equivalent_excess_collision_air_kerma_rate,uGy/h,,False,False,False,
2768,2768,NORMAL,NORMAL,True,523000.920497467,5696684.290406497,,8,0.01,0.8,0.7200000000000001,10.0,0.01988931783421957,ground_equivalent_excess_collision_air_kerma_rate,uGy/h,,False,False,False,
2769,2769,NORMAL,NORMAL,True,523020.920497467,5696684.290406497,,8,0.01,0.8,0.7200000000000001,10.0,0.029537545114178408,ground_equivalent_excess_collision_air_kerma_rate,uGy/h,,False,False,False,
2770,2770,NORMAL,NORMAL,True,523000.920497467,5696704.290406497,,8,0.01,0.8,0.7200000000000001,10.0,0.027146272505696598,ground_equivalent_excess_collision_air_kerma_rate,uGy/h,,False,False,False,
2771,2771,NORMAL,NORMAL,True,523020.920497467,5696724.290406497,,8,0.01,0.8,0.7200000000000001,10.0,0.06416241162954235,ground_equivalent_excess_collision_air_kerma_rate,uGy/h,,False,False,False,
2772,2772,NORMAL,NORMAL,True,523040.920497467,5696744.290406497,,8,0.01,0.8,0.7200000000000001,10.0,0.20896493268747945,ground_equivalent_excess_collision_air_kerma_rate,uGy/h,,False,False,False,
2773,2773,NORMAL,NORMAL,True,523020.920497467,5696764.290406497,,8,0.01,0.8,0.7200000000000001,10.0,0.09292405503730065,ground_equivalent_excess_collision_air_kerma_rate,uGy/h,,False,False,False,
2774,2774,NORMAL,NORMAL,True,523040.920497467,5696764.290406497,,8,0.01,0.8,0.7200000000000001,10.0,0.2328686116771217,ground_equivalent_excess_collision_air_kerma_rate,uGy/h,,False,False,False,
2775,2775,NORMAL,RADIATION,True,523060.920497467,5696744.290406497,ENTER,8,0.01,0.8,0.7200000000000001,10.0,1.4678388423437205,ground_equivalent_excess_collision_air_kerma_rate,uGy/h,hazard_enter_threshold,True,False,False,
2776,2776,RADIATION,NORMAL,True,523040.920497467,5696764.290406497,EXIT,8,0.01,0.8,0.7200000000000001,10.0,0.2328686116771217,ground_equivalent_excess_collision_air_kerma_rate,uGy/h,hazard_exit_threshold,False,True,False,
2777,2777,NORMAL,NORMAL,True,523020.920497467,5696764.290406497,,9,0.01,0.9,0.81,10.0,0.09292405503730065,ground_equivalent_excess_collision_air_kerma_rate,uGy/h,,False,False,False,
2778,2778,NORMAL,NORMAL,True,523020.920497467,5696784.290406497,,9,0.01,0.9,0.81,10.0,0.09753719901138883,ground_equivalent_excess_collision_air_kerma_rate,uGy/h,,False,False,False,
2779,2779,NORMAL,NORMAL,True,523020.920497467,5696764.290406497,,9,0.01,0.9,0.81,10.0,0.09292405503730065,ground_equivalent_excess_collision_air_kerma_rate,uGy/h,,False,False,False,
2780,2780,NORMAL,NORMAL,True,523040.920497467,5696764.290406497,,9,0.01,0.9,0.81,10.0,0.2328686116771217,ground_equivalent_excess_collision_air_kerma_rate,uGy/h,,False,False,False,
2781,2781,NORMAL,NORMAL,True,523040.920497467,5696784.290406497,,9,0.01,0.9,0.81,10.0,0.24127826010582756,ground_equivalent_excess_collision_air_kerma_rate,uGy/h,,False,False,False,
2782,2782,NORMAL,RADIATION,True,523060.920497467,5696804.290406497,ENTER,9,0.01,0.9,0.81,10.0,1.5230364838552075,ground_equivalent_excess_collision_air_kerma_rate,uGy/h,hazard_enter_threshold,True,False,False,
2783,2783,RADIATION,NORMAL,True,523040.920497467,5696804.290406497,EXIT,9,0.01,0.9,0.81,10.0,0.23972011607892985,ground_equivalent_excess_collision_air_kerma_rate,uGy/h,hazard_exit_threshold,False,True,False,
2784,2784,NORMAL,NORMAL,True,523040.920497467,5696784.290406497,,10,0.01,1.0,0.9,10.0,0.24127826010582756,ground_equivalent_excess_collision_air_kerma_rate,uGy/h,,False,False,False,
2785,2785,NORMAL,RADIATION,True,523060.920497467,5696784.290406497,ENTER,10,0.01,1.0,0.9,10.0,1.5254237626922729,ground_equivalent_excess_collision_air_kerma_rate,uGy/h,hazard_enter_threshold,True,False,False,
2786,2786,RADIATION,NORMAL,True,523040.920497467,5696804.290406497,EXIT,10,0.01,1.0,0.9,10.0,0.23972011607892985,ground_equivalent_excess_collision_air_kerma_rate,uGy/h,hazard_exit_threshold,False,True,False,
2787,2787,NORMAL,RADIATION,True,523060.920497467,5696784.290406497,ENTER,11,0.01,1.1,0.9900000000000001,10.0,1.5254237626922729,ground_equivalent_excess_collision_air_kerma_rate,uGy/h,hazard_enter_threshold,True,False,False,
2788,2788,RADIATION,NORMAL,True,523040.920497467,5696804.290406497,EXIT,11,0.01,1.1,0.9900000000000001,10.0,0.23972011607892985,ground_equivalent_excess_collision_air_kerma_rate,uGy/h,hazard_exit_threshold,False,True,False,
2789,2789,NORMAL,NORMAL,True,523020.920497467,5696804.290406497,,12,0.01,1.2000000000000002,1.0800000000000003,10.0,0.09665119877489156,ground_equivalent_excess_collision_air_kerma_rate,uGy/h,,False,False,False,
2790,2790,NORMAL,NORMAL,True,523040.920497467,5696824.290406497,,12,0.01,1.2000000000000002,1.0800000000000003,10.0,0.22725846257094015,ground_equivalent_excess_collision_air_kerma_rate,uGy/h,,False,False,False,
2791,2791,NORMAL,NORMAL,True,523020.920497467,5696844.290406497,,12,0.01,1.2000000000000002,1.0800000000000003,10.0,0.07673926712331473,ground_equivalent_excess_collision_air_kerma_rate,uGy/h,,False,False,False,
2792,2792,NORMAL,NORMAL,True,523000.920497467,5696824.290406497,,12,0.01,1.2000000000000002,1.0800000000000003,10.0,0.04664765458093352,ground_equivalent_excess_collision_air_kerma_rate,uGy/h,,False,False,False,
2793,2793,NORMAL,NORMAL,True,523020.920497467,5696824.290406497,,12,0.01,1.2000000000000002,1.0800000000000003,10.0,0.09007154787010471,ground_equivalent_excess_collision_air_kerma_rate,uGy/h,,False,False,False,
2794,2794,NORMAL,NORMAL,True,523000.920497467,5696824.290406497,,12,0.01,1.2000000000000002,1.0800000000000003,10.0,0.04664765458093352,ground_equivalent_excess_collision_air_kerma_rate,uGy/h,,False,False,False,
2795,2795,NORMAL,NORMAL,True,523000.920497467,5696804.290406497,,12,0.01,1.2000000000000002,1.0800000000000003,10.0,0.049988319488046565,ground_equivalent_excess_collision_air_kerma_rate,uGy/h,,False,False,False,
2796,2796,NORMAL,NORMAL,True,523020.920497467,5696824.290406497,,12,0.01,1.2000000000000002,1.0800000000000003,10.0,0.09007154787010471,ground_equivalent_excess_collision_air_kerma_rate,uGy/h,,False,False,False,
2797,2797,NORMAL,NORMAL,True,523020.920497467,5696804.290406497,,12,0.01,1.2000000000000002,1.0800000000000003,10.0,0.09665119877489156,ground_equivalent_excess_collision_air_kerma_rate,uGy/h,,False,False,False,
2798,2798,NORMAL,NORMAL,True,523000.920497467,5696784.290406497,,12,0.01,1.2000000000000002,1.0800000000000003,10.0,0.05045975879932485,ground_equivalent_excess_collision_air_kerma_rate,uGy/h,,False,False,False,
2799,2799,NORMAL,NORMAL,True,523000.920497467,5696764.290406497,,12,0.01,1.2000000000000002,1.0800000000000003,10.0,0.048062582297573826,ground_equivalent_excess_collision_air_kerma_rate,uGy/h,,False,False,False,
2800,2800,NORMAL,NORMAL,True,523000.920497467,5696784.290406497,,12,0.01,1.2000000000000002,1.0800000000000003,10.0,0.05045975879932485,ground_equivalent_excess_collision_air_kerma_rate,uGy/h,,False,False,False,
2801,2801,NORMAL,NORMAL,True,523020.920497467,5696784.290406497,,12,0.01,1.2000000000000002,1.0800000000000003,10.0,0.09753719901138883,ground_equivalent_excess_collision_air_kerma_rate,uGy/h,,False,False,False,
2802,2802,NORMAL,NORMAL,True,523020.920497467,5696804.290406497,,12,0.01,1.2000000000000002,1.0800000000000003,10.0,0.09665119877489156,ground_equivalent_excess_collision_air_kerma_rate,uGy/h,,False,False,False,
2803,2803,NORMAL,NORMAL,True,523000.920497467,5696804.290406497,,12,0.01,1.2000000000000002,1.0800000000000003,10.0,0.049988319488046565,ground_equivalent_excess_collision_air_kerma_rate,uGy/h,,False,False,False,
2804,2804,NORMAL,NORMAL,True,522980.9204974669,5696784.290406497,,12,0.01,1.2000000000000002,1.0800000000000003,10.0,0.0289605789128734,ground_equivalent_excess_collision_air_kerma_rate,uGy/h,,False,False,False,
2805,2805,NORMAL,NORMAL,True,522960.9204974669,5696784.290406497,,12,0.01,1.2000000000000002,1.0800000000000003,10.0,0.017699178901717613,ground_equivalent_excess_collision_air_kerma_rate,uGy/h,,False,False,False,
2806,2806,NORMAL,NORMAL,True,522960.9204974669,5696764.290406497,,12,0.01,1.2000000000000002,1.0800000000000003,10.0,0.017024791568495363,ground_equivalent_excess_collision_air_kerma_rate,uGy/h,,False,False,False,
2807,2807,NORMAL,NORMAL,True,522980.9204974669,5696764.290406497,,12,0.01,1.2000000000000002,1.0800000000000003,10.0,0.027707939332284128,ground_equivalent_excess_collision_air_kerma_rate,uGy/h,,False,False,False,
2808,2808,NORMAL,NORMAL,True,523000.920497467,5696744.290406497,,12,0.01,1.2000000000000002,1.0800000000000003,10.0,0.04284751438529061,ground_equivalent_excess_collision_air_kerma_rate,uGy/h,,False,False,False,
2809,2809,NORMAL,NORMAL,True,523020.920497467,5696764.290406497,,12,0.01,1.2000000000000002,1.0800000000000003,10.0,0.09292405503730065,ground_equivalent_excess_collision_air_kerma_rate,uGy/h,,False,False,False,
2810,2810,NORMAL,NORMAL,True,523000.920497467,5696764.290406497,,12,0.01,1.2000000000000002,1.0800000000000003,10.0,0.048062582297573826,ground_equivalent_excess_collision_air_kerma_rate,uGy/h,,False,False,False,
2811,2811,NORMAL,NORMAL,True,523020.920497467,5696744.290406497,,12,0.01,1.2000000000000002,1.0800000000000003,10.0,0.08192195448758256,ground_equivalent_excess_collision_air_kerma_rate,uGy/h,,False,False,False,
2812,2812,NORMAL,NORMAL,True,523040.920497467,5696764.290406497,,12,0.01,1.2000000000000002,1.0800000000000003,10.0,0.2328686116771217,ground_equivalent_excess_collision_air_kerma_rate,uGy/h,,False,False,False,
2813,2813,NORMAL,RADIATION,True,523060.920497467,5696764.290406497,ENTER,12,0.01,1.2000000000000002,1.0800000000000003,10.0,1.5121616220172167,ground_equivalent_excess_collision_air_kerma_rate,uGy/h,hazard_enter_threshold,True,False,False,
2814,2814,RADIATION,RADIATION,True,523060.920497467,5696744.290406497,,12,0.01,1.2000000000000002,1.0800000000000003,10.0,1.4678388423437205,ground_equivalent_excess_collision_air_kerma_rate,uGy/h,,False,False,False,
2815,2815,RADIATION,RADIATION,True,523060.920497467,5696764.290406497,,12,0.01,1.2000000000000002,1.0800000000000003,10.0,1.5121616220172167,ground_equivalent_excess_collision_air_kerma_rate,uGy/h,,False,False,False,
2816,2816,RADIATION,NORMAL,True,523040.920497467,5696744.290406497,EXIT,12,0.01,1.2000000000000002,1.0800000000000003,10.0,0.20896493268747945,ground_equivalent_excess_collision_air_kerma_rate,uGy/h,hazard_exit_threshold,False,True,False,
2817,2817,NORMAL,RADIATION,True,523060.920497467,5696744.290406497,ENTER,13,0.01,1.3,1.1700000000000002,10.0,1.4678388423437205,ground_equivalent_excess_collision_air_kerma_rate,uGy/h,hazard_enter_threshold,True,False,False,
2818,2818,RADIATION,RADIATION,True,523080.920497467,5696764.290406497,,13,0.01,1.3,1.1700000000000002,10.0,1.7116116810754327,ground_equivalent_excess_collision_air_kerma_rate,uGy/h,,False,False,False,
2819,2819,RADIATION,RADIATION,True,523080.920497467,5696744.290406497,,13,0.01,1.3,1.1700000000000002,10.0,1.6524373380965294,ground_equivalent_excess_collision_air_kerma_rate,uGy/h,,False,False,False,
2820,2820,RADIATION,RADIATION,True,523060.920497467,5696764.290406497,,13,0.01,1.3,1.1700000000000002,10.0,1.5121616220172167,ground_equivalent_excess_collision_air_kerma_rate,uGy/h,,False,False,False,
2821,2821,RADIATION,NORMAL,True,523040.920497467,5696744.290406497,EXIT,13,0.01,1.3,1.1700000000000002,10.0,0.20896493268747945,ground_equivalent_excess_collision_air_kerma_rate,uGy/h,hazard_exit_threshold,False,True,False,
2822,2822,NORMAL,RADIATION,True,523060.920497467,5696764.290406497,ENTER,14,0.01,1.4000000000000001,1.2600000000000002,10.0,1.5121616220172167,ground_equivalent_excess_collision_air_kerma_rate,uGy/h,hazard_enter_threshold,True,False,False,
2823,2823,RADIATION,RADIATION,True,523080.920497467,5696744.290406497,,14,0.01,1.4000000000000001,1.2600000000000002,10.0,1.6524373380965294,ground_equivalent_excess_collision_air_kerma_rate,uGy/h,,False,False,False,
2824,2824,RADIATION,RADIATION,True,523100.920497467,5696744.290406497,,14,0.01,1.4000000000000001,1.2600000000000002,10.0,1.698971386785075,ground_equivalent_excess_collision_air_kerma_rate,uGy/h,,False,False,False,
2825,2825,RADIATION,RADIATION,True,523100.920497467,5696764.290406497,,14,0.01,1.4000000000000001,1.2600000000000002,10.0,1.7649297810191245,ground_equivalent_excess_collision_air_kerma_rate,uGy/h,,False,False,False,
2826,2826,RADIATION,RADIATION,True,523120.920497467,5696764.290406497,,14,0.01,1.4000000000000001,1.2600000000000002,10.0,1.7864308271090252,ground_equivalent_excess_collision_air_kerma_rate,uGy/h,,False,False,False,
2827,2827,RADIATION,RADIATION,True,523120.920497467,5696744.290406497,,14,0.01,1.4000000000000001,1.2600000000000002,10.0,1.71759888763531,ground_equivalent_excess_collision_air_kerma_rate,uGy/h,,False,False,False,
2828,2828,RADIATION,RADIATION,True,523100.920497467,5696764.290406497,,14,0.01,1.4000000000000001,1.2600000000000002,10.0,1.7649297810191245,ground_equivalent_excess_collision_air_kerma_rate,uGy/h,,False,False,False,
2829,2829,RADIATION,RADIATION,True,523080.920497467,5696784.290406497,,14,0.01,1.4000000000000001,1.2600000000000002,10.0,1.7289745326031247,ground_equivalent_excess_collision_air_kerma_rate,uGy/h,,False,False,False,
2830,2830,RADIATION,RADIATION,True,523080.920497467,5696764.290406497,,14,0.01,1.4000000000000001,1.2600000000000002,10.0,1.7116116810754327,ground_equivalent_excess_collision_air_kerma_rate,uGy/h,,False,False,False,
2831,2831,RADIATION,RADIATION,True,523080.920497467,5696784.290406497,,14,0.01,1.4000000000000001,1.2600000000000002,10.0,1.7289745326031247,ground_equivalent_excess_collision_air_kerma_rate,uGy/h,,False,False,False,
2832,2832,RADIATION,RADIATION,True,523080.920497467,5696804.290406497,,14,0.01,1.4000000000000001,1.2600000000000002,10.0,1.7258695652924931,ground_equivalent_excess_collision_air_kerma_rate,uGy/h,,False,False,False,
2833,2833,RADIATION,RADIATION,True,523100.920497467,5696804.290406497,,14,0.01,1.4000000000000001,1.2600000000000002,10.0,1.7812033491767243,ground_equivalent_excess_collision_air_kerma_rate,uGy/h,,False,False,False,
2834,2834,RADIATION,RADIATION,True,523120.920497467,5696784.290406497,,14,0.01,1.4000000000000001,1.2600000000000002,10.0,1.807501282390093,ground_equivalent_excess_collision_air_kerma_rate,uGy/h,,False,False,False,
2835,2835,RADIATION,RADIATION,True,523140.920497467,5696764.290406497,,14,0.01,1.4000000000000001,1.2600000000000002,10.0,1.7949516015549158,ground_equivalent_excess_collision_air_kerma_rate,uGy/h,,False,False,False,
2836,2836,RADIATION,RADIATION,True,523120.920497467,5696764.290406497,,14,0.01,1.4000000000000001,1.2600000000000002,10.0,1.7864308271090252,ground_equivalent_excess_collision_air_kerma_rate,uGy/h,,False,False,False,
2837,2837,RADIATION,RADIATION,True,523120.920497467,5696744.290406497,,14,0.01,1.4000000000000001,1.2600000000000002,10.0,1.71759888763531,ground_equivalent_excess_collision_air_kerma_rate,uGy/h,,False,False,False,
2838,2838,RADIATION,RADIATION,True,523140.920497467,5696724.290406497,,14,0.01,1.4000000000000001,1.2600000000000002,10.0,1.3670474723702088,ground_equivalent_excess_collision_air_kerma_rate,uGy/h,,False,False,False,
2839,2839,RADIATION,NORMAL,True,523140.920497467,5696704.290406497,EXIT,14,0.01,1.4000000000000001,1.2600000000000002,10.0,0.20110199063777506,ground_equivalent_excess_collision_air_kerma_rate,uGy/h,hazard_exit_threshold,False,True,False,
2840,2840,NORMAL,NORMAL,True,523140.920497467,5696684.290406497,,15,0.01,1.5,1.35,10.0,0.09270217014035023,ground_equivalent_excess_collision_air_kerma_rate,uGy/h,,False,False,False,
2841,2841,NORMAL,NORMAL,True,523120.920497467,5696704.290406497,,15,0.01,1.5,1.35,10.0,0.19692912919597733,ground_equivalent_excess_collision_air_kerma_rate,uGy/h,,False,False,False,
2842,2842,NORMAL,NORMAL,True,523120.920497467,5696684.290406497,,15,0.01,1.5,1.35,10.0,0.08996611108915761,ground_equivalent_excess_collision_air_kerma_rate,uGy/h,,False,False,False,
2843,2843,NORMAL,NORMAL,True,523100.920497467,5696684.290406497,,15,0.01,1.5,1.35,10.0,0.08419441742129274,ground_equivalent_excess_collision_air_kerma_rate,uGy/h,,False,False,False,
2844,2844,NORMAL,NORMAL,True,523080.920497467,5696684.290406497,,15,0.01,1.5,1.35,10.0,0.07439776993119454,ground_equivalent_excess_collision_air_kerma_rate,uGy/h,,False,False,False,
2845,2845,NORMAL,NORMAL,True,523060.920497467,5696664.290406497,,15,0.01,1.5,1.35,10.0,0.03402289085373526,ground_equivalent_excess_collision_air_kerma_rate,uGy/h,,False,False,False,
2846,2846,NORMAL,NORMAL,True,523060.920497467,5696684.290406497,,15,0.01,1.5,1.35,10.0,0.059984833078844904,ground_equivalent_excess_collision_air_kerma_rate,uGy/h,,False,False,False,
2847,2847,NORMAL,NORMAL,True,523080.920497467,5696704.290406497,,15,0.01,1.5,1.35,10.0,0.16847943270649143,ground_equivalent_excess_collision_air_kerma_rate,uGy/h,,False,False,False,
2848,2848,NORMAL,NORMAL,True,523060.920497467,5696724.290406497,,15,0.01,1.5,1.35,10.0,1.188535361508347,ground_equivalent_excess_collision_air_kerma_rate,uGy/h,,False,False,False,
2849,2849,NORMAL,NORMAL,True,523040.920497467,5696744.290406497,,15,0.01,1.5,1.35,10.0,0.20896493268747945,ground_equivalent_excess_collision_air_kerma_rate,uGy/h,,False,False,False,
2850,2850,NORMAL,NORMAL,True,523040.920497467,5696724.290406497,,15,0.01,1.5,1.35,10.0,0.15058404304805095,ground_equivalent_excess_collision_air_kerma_rate,uGy/h,,False,False,False,
2851,2851,NORMAL,NORMAL,True,523040.920497467,5696744.290406497,,15,0.01,1.5,1.35,10.0,0.20896493268747945,ground_equivalent_excess_collision_air_kerma_rate,uGy/h,,False,False,False,
2852,2852,NORMAL,NORMAL,True,523040.920497467,5696764.290406497,,15,0.01,1.5,1.35,10.0,0.2328686116771217,ground_equivalent_excess_collision_air_kerma_rate,uGy/h,,False,False,False,
2853,2853,NORMAL,NORMAL,True,523020.920497467,5696764.290406497,,15,0.01,1.5,1.35,10.0,0.09292405503730065,ground_equivalent_excess_collision_air_kerma_rate,uGy/h,,False,False,False,
2854,2854,NORMAL,NORMAL,True,523000.920497467,5696784.290406497,,15,0.01,1.5,1.35,10.0,0.05045975879932485,ground_equivalent_excess_collision_air_kerma_rate,uGy/h,,False,False,False,
2855,2855,NORMAL,NORMAL,True,523020.920497467,5696804.290406497,,15,0.01,1.5,1.35,10.0,0.09665119877489156,ground_equivalent_excess_collision_air_kerma_rate,uGy/h,,False,False,False,
2856,2856,NORMAL,NORMAL,True,523040.920497467,5696804.290406497,,15,0.01,1.5,1.35,10.0,0.23972011607892985,ground_equivalent_excess_collision_air_kerma_rate,uGy/h,,False,False,False,
2857,2857,NORMAL,NORMAL,True,523040.920497467,5696784.290406497,,15,0.01,1.5,1.35,10.0,0.24127826010582756,ground_equivalent_excess_collision_air_kerma_rate,uGy/h,,False,False,False,
2858,2858,NORMAL,RADIATION,True,523060.920497467,5696764.290406497,ENTER,15,0.01,1.5,1.35,10.0,1.5121616220172167,ground_equivalent_excess_collision_air_kerma_rate,uGy/h,hazard_enter_threshold,True,False,False,
2859,2859,RADIATION,NORMAL,True,523040.920497467,5696744.290406497,EXIT,15,0.01,1.5,1.35,10.0,0.20896493268747945,ground_equivalent_excess_collision_air_kerma_rate,uGy/h,hazard_exit_threshold,False,True,False,
2860,2860,NORMAL,NORMAL,True,523020.920497467,5696764.290406497,,16,0.01,1.6,1.4400000000000002,10.0,0.09292405503730065,ground_equivalent_excess_collision_air_kerma_rate,uGy/h,,False,False,False,
2861,2861,NORMAL,NORMAL,True,523040.920497467,5696784.290406497,,16,0.01,1.6,1.4400000000000002,10.0,0.24127826010582756,ground_equivalent_excess_collision_air_kerma_rate,uGy/h,,False,False,False,
2862,2862,NORMAL,NORMAL,True,523020.920497467,5696764.290406497,,16,0.01,1.6,1.4400000000000002,10.0,0.09292405503730065,ground_equivalent_excess_collision_air_kerma_rate,uGy/h,,False,False,False,
2863,2863,NORMAL,NORMAL,True,523040.920497467,5696784.290406497,,16,0.01,1.6,1.4400000000000002,10.0,0.24127826010582756,ground_equivalent_excess_collision_air_kerma_rate,uGy/h,,False,False,False,
2864,2864,NORMAL,NORMAL,True,523040.920497467,5696804.290406497,,16,0.01,1.6,1.4400000000000002,10.0,0.23972011607892985,ground_equivalent_excess_collision_air_kerma_rate,uGy/h,,False,False,False,
2865,2865,NORMAL,NORMAL,True,523060.920497467,5696804.290406497,,16,0.01,1.6,1.4400000000000002,10.0,1.5230364838552075,ground_equivalent_excess_collision_air_kerma_rate,uGy/h,,False,False,False,
2866,2866,NORMAL,RADIATION,True,523080.920497467,5696824.290406497,ENTER,16,0.01,1.6,1.4400000000000002,10.0,1.699144614935586,ground_equivalent_excess_collision_air_kerma_rate,uGy/h,hazard_enter_threshold,True,False,False,
2867,2867,RADIATION,RADIATION,True,523100.920497467,5696844.290406497,,16,0.01,1.6,1.4400000000000002,10.0,1.6513043006487456,ground_equivalent_excess_collision_air_kerma_rate,uGy/h,,False,False,False,
2868,2868,RADIATION,RADIATION,True,523080.920497467,5696844.290406497,,16,0.01,1.6,1.4400000000000002,10.0,1.6083520121309904,ground_equivalent_excess_collision_air_kerma_rate,uGy/h,,False,False,False,
2869,2869,RADIATION,NORMAL,True,523060.920497467,5696844.290406497,EXIT,16,0.01,1.6,1.4400000000000002,10.0,1.4347843037927603,ground_equivalent_excess_collision_air_kerma_rate,uGy/h,hazard_exit_threshold,False,True,False,
2870,2870,NORMAL,NORMAL,True,523080.920497467,5696844.290406497,,17,0.01,1.7000000000000002,1.5300000000000002,10.0,1.6083520121309904,ground_equivalent_excess_collision_air_kerma_rate,uGy/h,,False,False,False,
2871,2871,NORMAL,NORMAL,True,523060.920497467,5696844.290406497,,17,0.01,1.7000000000000002,1.5300000000000002,10.0,1.4347843037927603,ground_equivalent_excess_collision_air_kerma_rate,uGy/h,,False,False,False,
2872,2872,NORMAL,NORMAL,True,523080.920497467,5696824.290406497,,17,0.01,1.7000000000000002,1.5300000000000002,10.0,1.699144614935586,ground_equivalent_excess_collision_air_kerma_rate,uGy/h,,False,False,False,
2873,2873,NORMAL,NORMAL,True,523060.920497467,5696844.290406497,,17,0.01,1.7000000000000002,1.5300000000000002,10.0,1.4347843037927603,ground_equivalent_excess_collision_air_kerma_rate,uGy/h,,False,False,False,
2874,2874,NORMAL,NORMAL,True,523040.920497467,5696844.290406497,,17,0.01,1.7000000000000002,1.5300000000000002,10.0,0.19500813440379722,ground_equivalent_excess_collision_air_kerma_rate,uGy/h,,False,False,False,
2875,2875,NORMAL,NORMAL,True,523060.920497467,5696864.290406497,,17,0.01,1.7000000000000002,1.5300000000000002,10.0,0.37759865615619004,ground_equivalent_excess_collision_air_kerma_rate,uGy/h,,False,False,False,
2876,2876,NORMAL,NORMAL,True,523060.920497467,5696844.290406497,,17,0.01,1.7000000000000002,1.5300000000000002,10.0,1.4347843037927603,ground_equivalent_excess_collision_air_kerma_rate,uGy/h,,False,False,False,
2877,2877,NORMAL,NORMAL,True,523040.920497467,5696844.290406497,,17,0.01,1.7000000000000002,1.5300000000000002,10.0,0.19500813440379722,ground_equivalent_excess_collision_air_kerma_rate,uGy/h,,False,False,False,
2878,2878,NORMAL,NORMAL,True,523060.920497467,5696844.290406497,,17,0.01,1.7000000000000002,1.5300000000000002,10.0,1.4347843037927603,ground_equivalent_excess_collision_air_kerma_rate,uGy/h,,False,False,False,
2879,2879,NORMAL,NORMAL,True,523080.920497467,5696864.290406497,,17,0.01,1.7000000000000002,1.5300000000000002,10.0,0.4642132161735036,ground_equivalent_excess_collision_air_kerma_rate,uGy/h,,False,False,False,
2880,2880,NORMAL,NORMAL,True,523100.920497467,5696864.290406497,,17,0.01,1.7000000000000002,1.5300000000000002,10.0,0.49265197322943277,ground_equivalent_excess_collision_air_kerma_rate,uGy/h,,False,False,False,
2881,2881,NORMAL,NORMAL,True,523080.920497467,5696844.290406497,,17,0.01,1.7000000000000002,1.5300000000000002,10.0,1.6083520121309904,ground_equivalent_excess_collision_air_kerma_rate,uGy/h,,False,False,False,
2882,2882,NORMAL,RADIATION,True,523100.920497467,5696824.290406497,ENTER,17,0.01,1.7000000000000002,1.5300000000000002,10.0,1.7508204764764959,ground_equivalent_excess_collision_air_kerma_rate,uGy/h,hazard_enter_threshold,True,False,False,
2883,2883,RADIATION,RADIATION,True,523080.920497467,5696804.290406497,,17,0.01,1.7000000000000002,1.5300000000000002,10.0,1.7258695652924931,ground_equivalent_excess_collision_air_kerma_rate,uGy/h,,False,False,False,
2884,2884,RADIATION,NORMAL,True,523060.920497467,5696784.290406497,EXIT,17,0.01,1.7000000000000002,1.5300000000000002,10.0,1.5254237626922729,ground_equivalent_excess_collision_air_kerma_rate,uGy/h,hazard_exit_threshold,False,True,False,
2885,2885,NORMAL,NORMAL,True,523060.920497467,5696764.290406497,,18,0.01,1.8,1.62,10.0,1.5121616220172167,ground_equivalent_excess_collision_air_kerma_rate,uGy/h,,False,False,False,
2886,2886,NORMAL,NORMAL,True,523080.920497467,5696764.290406497,,18,0.01,1.8,1.62,10.0,1.7116116810754327,ground_equivalent_excess_collision_air_kerma_rate,uGy/h,,False,False,False,
2887,2887,NORMAL,NORMAL,True,523060.920497467,5696764.290406497,,18,0.01,1.8,1.62,10.0,1.5121616220172167,ground_equivalent_excess_collision_air_kerma_rate,uGy/h,,False,False,False,
2888,2888,NORMAL,NORMAL,True,523080.920497467,5696764.290406497,,18,0.01,1.8,1.62,10.0,1.7116116810754327,ground_equivalent_excess_collision_air_kerma_rate,uGy/h,,False,False,False,
2889,2889,NORMAL,NORMAL,True,523100.920497467,5696764.290406497,,18,0.01,1.8,1.62,10.0,1.7649297810191245,ground_equivalent_excess_collision_air_kerma_rate,uGy/h,,False,False,False,
2890,2890,NORMAL,RADIATION,True,523120.920497467,5696784.290406497,ENTER,18,0.01,1.8,1.62,10.0,1.807501282390093,ground_equivalent_excess_collision_air_kerma_rate,uGy/h,hazard_enter_threshold,True,False,False,
2891,2891,RADIATION,RADIATION,True,523100.920497467,5696784.290406497,,18,0.01,1.8,1.62,10.0,1.7847654043745835,ground_equivalent_excess_collision_air_kerma_rate,uGy/h,,False,False,False,
2892,2892,RADIATION,RADIATION,True,523120.920497467,5696764.290406497,,18,0.01,1.8,1.62,10.0,1.7864308271090252,ground_equivalent_excess_collision_air_kerma_rate,uGy/h,,False,False,False,
2893,2893,RADIATION,RADIATION,True,523140.920497467,5696744.290406497,,18,0.01,1.8,1.62,10.0,1.7250160826922252,ground_equivalent_excess_collision_air_kerma_rate,uGy/h,,False,False,False,
2894,2894,RADIATION,NORMAL,True,523160.920497467,5696724.290406497,EXIT,18,0.01,1.8,1.62,10.0,1.367553457931211,ground_equivalent_excess_collision_air_kerma_rate,uGy/h,hazard_exit_threshold,False,True,False,
2895,2895,NORMAL,NORMAL,True,523140.920497467,5696724.290406497,,19,0.01,1.9000000000000001,1.7100000000000002,10.0,1.3670474723702088,ground_equivalent_excess_collision_air_kerma_rate,uGy/h,,False,False,False,
2896,2896,NORMAL,NORMAL,True,523140.920497467,5696744.290406497,,19,0.01,1.9000000000000001,1.7100000000000002,10.0,1.7250160826922252,ground_equivalent_excess_collision_air_kerma_rate,uGy/h,,False,False,False,
2897,2897,NORMAL,NORMAL,True,523160.920497467,5696744.290406497,,19,0.01,1.9000000000000001,1.7100000000000002,10.0,1.7256498085362098,ground_equivalent_excess_collision_air_kerma_rate,uGy/h,,False,False,False,
2898,2898,NORMAL,NORMAL,True,523140.920497467,5696744.290406497,,19,0.01,1.9000000000000001,1.7100000000000002,10.0,1.7250160826922252,ground_equivalent_excess_collision_air_kerma_rate,uGy/h,,False,False,False,
2899,2899,NORMAL,NORMAL,True,523120.920497467,5696764.290406497,,19,0.01,1.9000000000000001,1.7100000000000002,10.0,1.7864308271090252,ground_equivalent_excess_collision_air_kerma_rate,uGy/h,,False,False,False,
2900,2900,NORMAL,NORMAL,True,523140.920497467,5696764.290406497,,19,0.01,1.9000000000000001,1.7100000000000002,10.0,1.7949516015549158,ground_equivalent_excess_collision_air_kerma_rate,uGy/h,,False,False,False,
2901,2901,NORMAL,NORMAL,True,523160.920497467,5696784.290406497,,19,0.01,1.9000000000000001,1.7100000000000002,10.0,1.8173003210976213,ground_equivalent_excess_collision_air_kerma_rate,uGy/h,,False,False,False,
2902,2902,NORMAL,NORMAL,True,523180.920497467,5696784.290406497,,19,0.01,1.9000000000000001,1.7100000000000002,10.0,1.8102222037764453,ground_equivalent_excess_collision_air_kerma_rate,uGy/h,,False,False,False,
2903,2903,NORMAL,NORMAL,True,523180.920497467,5696764.290406497,,19,0.01,1.9000000000000001,1.7100000000000002,10.0,1.788998657040705,ground_equivalent_excess_collision_air_kerma_rate,uGy/h,,False,False,False,
2904,2904,NORMAL,NORMAL,True,523200.920497467,5696764.290406497,,19,0.01,1.9000000000000001,1.7100000000000002,10.0,1.7710223807181733,ground_equivalent_excess_collision_air_kerma_rate,uGy/h,,False,False,False,
2905,2905,NORMAL,NORMAL,True,523200.920497467,5696784.290406497,,19,0.01,1.9000000000000001,1.7100000000000002,10.0,1.791196694143166,ground_equivalent_excess_collision_air_kerma_rate,uGy/h,,False,False,False,
2906,2906,NORMAL,NORMAL,True,523200.920497467,5696764.290406497,,19,0.01,1.9000000000000001,1.7100000000000002,10.0,1.7710223807181733,ground_equivalent_excess_collision_air_kerma_rate,uGy/h,,False,False,False,
2907,2907,NORMAL,NORMAL,True,523200.920497467,5696744.290406497,,19,0.01,1.9000000000000001,1.7100000000000002,10.0,1.7042457111566671,ground_equivalent_excess_collision_air_kerma_rate,uGy/h,,False,False,False,
2908,2908,NORMAL,NORMAL,True,523220.920497467,5696744.290406497,,19,0.01,1.9000000000000001,1.7100000000000002,10.0,1.6664245327091203,ground_equivalent_excess_collision_air_kerma_rate,uGy/h,,False,False,False,
2909,2909,NORMAL,NORMAL,True,523240.920497467,5696764.290406497,,19,0.01,1.9000000000000001,1.7100000000000002,10.0,1.5882119845241833,ground_equivalent_excess_collision_air_kerma_rate,uGy/h,,False,False,False,
2910,2910,NORMAL,NORMAL,True,523260.920497467,5696784.290406497,,19,0.01,1.9000000000000001,1.7100000000000002,10.0,0.3183598998358113,ground_equivalent_excess_collision_air_kerma_rate,uGy/h,,False,False,False,
2911,2911,NORMAL,NORMAL,True,523260.920497467,5696804.290406497,,19,0.01,1.9000000000000001,1.7100000000000002,10.0,0.31663439169921614,ground_equivalent_excess_collision_air_kerma_rate,uGy/h,,False,False,False,
2912,2912,NORMAL,NORMAL,True,523280.920497467,5696784.290406497,,19,0.01,1.9000000000000001,1.7100000000000002,10.0,0.1142795163826503,ground_equivalent_excess_collision_air_kerma_rate,uGy/h,,False,False,False,
2913,2913,NORMAL,NORMAL,True,523300.920497467,5696784.290406497,,19,0.01,1.9000000000000001,1.7100000000000002,10.0,0.05725707539852284,ground_equivalent_excess_collision_air_kerma_rate,uGy/h,,False,False,False,
2914,2914,NORMAL,NORMAL,True,523280.920497467,5696804.290406497,,19,0.01,1.9000000000000001,1.7100000000000002,10.0,0.11327519806893929,ground_equivalent_excess_collision_air_kerma_rate,uGy/h,,False,False,False,
2915,2915,NORMAL,NORMAL,True,523260.920497467,5696824.290406497,,19,0.01,1.9000000000000001,1.7100000000000002,10.0,0.3026140620420179,ground_equivalent_excess_collision_air_kerma_rate,uGy/h,,False,False,False,
2916,2916,NORMAL,NORMAL,True,523260.920497467,5696804.290406497,,19,0.01,1.9000000000000001,1.7100000000000002,10.0,0.31663439169921614,ground_equivalent_excess_collision_air_kerma_rate,uGy/h,,False,False,False,
2917,2917,NORMAL,NORMAL,True,523240.920497467,5696804.290406497,,19,0.01,1.9000000000000001,1.7100000000000002,10.0,1.5998913159034949,ground_equivalent_excess_collision_air_kerma_rate,uGy/h,,False,False,False,
2918,2918,NORMAL,NORMAL,True,523260.920497467,5696824.290406497,,19,0.01,1.9000000000000001,1.7100000000000002,10.0,0.3026140620420179,ground_equivalent_excess_collision_air_kerma_rate,uGy/h,,False,False,False,
2919,2919,NORMAL,NORMAL,True,523280.920497467,5696844.290406497,,19,0.01,1.9000000000000001,1.7100000000000002,10.0,0.08980101386663568,ground_equivalent_excess_collision_air_kerma_rate,uGy/h,,False,False,False,
2920,2920,NORMAL,NORMAL,True,523280.920497467,5696864.290406497,,19,0.01,1.9000000000000001,1.7100000000000002,10.0,0.06578519247434471,ground_equivalent_excess_collision_air_kerma_rate,uGy/h,,False,False,False,
2921,2921,NORMAL,NORMAL,True,523260.920497467,5696844.290406497,,19,0.01,1.9000000000000001,1.7100000000000002,10.0,0.2638291590914122,ground_equivalent_excess_collision_air_kerma_rate,uGy/h,,False,False,False,
2922,2922,NORMAL,NORMAL,True,523240.920497467,5696844.290406497,,19,0.01,1.9000000000000001,1.7100000000000002,10.0,1.5035531984971133,ground_equivalent_excess_collision_air_kerma_rate,uGy/h,,False,False,False,
2923,2923,NORMAL,NORMAL,True,523220.920497467,5696824.290406497,,19,0.01,1.9000000000000001,1.7100000000000002,10.0,1.714605005561688,ground_equivalent_excess_collision_air_kerma_rate,uGy/h,,False,False,False,
2924,2924,NORMAL,NORMAL,True,523240.920497467,5696804.290406497,,19,0.01,1.9000000000000001,1.7100000000000002,10.0,1.5998913159034949,ground_equivalent_excess_collision_air_kerma_rate,uGy/h,,False,False,False,
2925,2925,NORMAL,NORMAL,True,523240.920497467,5696824.290406497,,19,0.01,1.9000000000000001,1.7100000000000002,10.0,1.5780451262352146,ground_equivalent_excess_collision_air_kerma_rate,uGy/h,,False,False,False,
2926,2926,NORMAL,NORMAL,True,523220.920497467,5696824.290406497,,19,0.01,1.9000000000000001,1.7100000000000002,10.0,1.714605005561688,ground_equivalent_excess_collision_air_kerma_rate,uGy/h,,False,False,False,
2927,2927,NORMAL,NORMAL,True,523220.920497467,5696804.290406497,,19,0.01,1.9000000000000001,1.7100000000000002,10.0,1.7423028806608107,ground_equivalent_excess_collision_air_kerma_rate,uGy/h,,False,False,False,
2928,2928,NORMAL,NORMAL,True,523200.920497467,5696824.290406497,,19,0.01,1.9000000000000001,1.7100000000000002,10.0,1.756701429810719,ground_equivalent_excess_collision_air_kerma_rate,uGy/h,,False,False,False,
2929,2929,NORMAL,NORMAL,True,523200.920497467,5696844.290406497,,19,0.01,1.9000000000000001,1.7100000000000002,10.0,1.6561951232559187,ground_equivalent_excess_collision_air_kerma_rate,uGy/h,,False,False,False,
2930,2930,NORMAL,NORMAL,True,523180.920497467,5696864.290406497,,19,0.01,1.9000000000000001,1.7100000000000002,10.0,0.5068688404673152,ground_equivalent_excess_collision_air_kerma_rate,uGy/h,,False,False,False,
2931,2931,NORMAL,NORMAL,True,523180.920497467,5696884.290406497,,19,0.01,1.9000000000000001,1.7100000000000002,10.0,0.1480829624773688,ground_equivalent_excess_collision_air_kerma_rate,uGy/h,,False,False,False,
2932,2932,NORMAL,NORMAL,True,523160.920497467,5696904.290406497,,19,0.01,1.9000000000000001,1.7100000000000002,10.0,0.07548524801313695,ground_equivalent_excess_collision_air_kerma_rate,uGy/h,,False,False,False,
2933,2933,NORMAL,NORMAL,True,523140.920497467,5696924.290406497,,19,0.01,1.9000000000000001,1.7100000000000002,10.0,0.04286909114775459,ground_equivalent_excess_collision_air_kerma_rate,uGy/h,,False,False,False,
2934,2934,NORMAL,NORMAL,True,523160.920497467,5696944.290406497,,19,0.01,1.9000000000000001,1.7100000000000002,10.0,0.02622030272157192,ground_equivalent_excess_collision_air_kerma_rate,uGy/h,,False,False,False,
2935,2935,NORMAL,NORMAL,True,523180.920497467,5696924.290406497,,19,0.01,1.9000000000000001,1.7100000000000002,10.0,0.041831116828133286,ground_equivalent_excess_collision_air_kerma_rate,uGy/h,,False,False,False,
2936,2936,NORMAL,NORMAL,True,523160.920497467,5696924.290406497,,19,0.01,1.9000000000000001,1.7100000000000002,10.0,0.04300399800217561,ground_equivalent_excess_collision_air_kerma_rate,uGy/h,,False,False,False,
2937,2937,NORMAL,NORMAL,True,523180.920497467,5696924.290406497,,19,0.01,1.9000000000000001,1.7100000000000002,10.0,0.041831116828133286,ground_equivalent_excess_collision_air_kerma_rate,uGy/h,,False,False,False,
2938,2938,NORMAL,NORMAL,True,523160.920497467,5696944.290406497,,19,0.01,1.9000000000000001,1.7100000000000002,10.0,0.02622030272157192,ground_equivalent_excess_collision_air_kerma_rate,uGy/h,,False,False,False,
2939,2939,NORMAL,NORMAL,True,523140.920497467,5696944.290406497,,19,0.01,1.9000000000000001,1.7100000000000002,10.0,0.02613711833051523,ground_equivalent_excess_collision_air_kerma_rate,uGy/h,,False,False,False,
2940,2940,NORMAL,NORMAL,True,523120.920497467,5696944.290406497,,19,0.01,1.9000000000000001,1.7100000000000002,10.0,0.02525356075898165,ground_equivalent_excess_collision_air_kerma_rate,uGy/h,,False,False,False,
2941,2941,NORMAL,NORMAL,True,523120.920497467,5696924.290406497,,19,0.01,1.9000000000000001,1.7100000000000002,10.0,0.04141769084465682,ground_equivalent_excess_collision_air_kerma_rate,uGy/h,,False,False,False,
2942,2942,NORMAL,NORMAL,True,523100.920497467,5696944.290406497,,19,0.01,1.9000000000000001,1.7100000000000002,10.0,0.02357807586328805,ground_equivalent_excess_collision_air_kerma_rate,uGy/h,,False,False,False,
2943,2943,NORMAL,NORMAL,True,523080.920497467,5696924.290406497,,19,0.01,1.9000000000000001,1.7100000000000002,10.0,0.03430853612219764,ground_equivalent_excess_collision_air_kerma_rate,uGy/h,,False,False,False,
2944,2944,NORMAL,NORMAL,True,523060.920497467,5696924.290406497,,19,0.01,1.9000000000000001,1.7100000000000002,10.0,0.028851724749713703,ground_equivalent_excess_collision_air_kerma_rate,uGy/h,,False,False,False,
2945,2945,NORMAL,NORMAL,True,523040.920497467,5696924.290406497,,19,0.01,1.9000000000000001,1.7100000000000002,10.0,0.02290248276921615,ground_equivalent_excess_collision_air_kerma_rate,uGy/h,,False,False,False,
2946,2946,NORMAL,NORMAL,True,523040.920497467,5696944.290406497,,19,0.01,1.9000000000000001,1.7100000000000002,10.0,0.014999304503567103,ground_equivalent_excess_collision_air_kerma_rate,uGy/h,,False,False,False,
2947,2947,NORMAL,NORMAL,True,523020.920497467,5696944.290406497,,19,0.01,1.9000000000000001,1.7100000000000002,10.0,0.011909072440812017,ground_equivalent_excess_collision_air_kerma_rate,uGy/h,,False,False,False,
2948,2948,NORMAL,NORMAL,True,523000.920497467,5696924.290406497,,19,0.01,1.9000000000000001,1.7100000000000002,10.0,0.012820050755995079,ground_equivalent_excess_collision_air_kerma_rate,uGy/h,,False,False,False,
2949,2949,NORMAL,NORMAL,True,523020.920497467,5696924.290406497,,19,0.01,1.9000000000000001,1.7100000000000002,10.0,0.01736837483593421,ground_equivalent_excess_collision_air_kerma_rate,uGy/h,,False,False,False,
2950,2950,NORMAL,NORMAL,True,523020.920497467,5696904.290406497,,19,0.01,1.9000000000000001,1.7100000000000002,10.0,0.02582410185137696,ground_equivalent_excess_collision_air_kerma_rate,uGy/h,,False,False,False,
2951,2951,NORMAL,NORMAL,True,523000.920497467,5696904.290406497,,19,0.01,1.9000000000000001,1.7100000000000002,10.0,0.017862941470033308,ground_equivalent_excess_collision_air_kerma_rate,uGy/h,,False,False,False,
2952,2952,NORMAL,NORMAL,True,523020.920497467,5696884.290406497,,19,0.01,1.9000000000000001,1.7100000000000002,10.0,0.03894159358538599,ground_equivalent_excess_collision_air_kerma_rate,uGy/h,,False,False,False,
2953,2953,NORMAL,NORMAL,True,523020.920497467,5696864.290406497,,19,0.01,1.9000000000000001,1.7100000000000002,10.0,0.057489942425353976,ground_equivalent_excess_collision_air_kerma_rate,uGy/h,,False,False,False,
2954,2954,NORMAL,NORMAL,True,523040.920497467,5696884.290406497,,19,0.01,1.9000000000000001,1.7100000000000002,10.0,0.06338737019925636,ground_equivalent_excess_collision_air_kerma_rate,uGy/h,,False,False,False,
2955,2955,NORMAL,NORMAL,True,523060.920497467,5696864.290406497,,19,0.01,1.9000000000000001,1.7100000000000002,10.0,0.37759865615619004,ground_equivalent_excess_collision_air_kerma_rate,uGy/h,,False,False,False,
2956,2956,NORMAL,NORMAL,True,523080.920497467,5696864.290406497,,19,0.01,1.9000000000000001,1.7100000000000002,10.0,0.4642132161735036,ground_equivalent_excess_collision_air_kerma_rate,uGy/h,,False,False,False,
2957,2957,NORMAL,NORMAL,True,523080.920497467,5696884.290406497,,19,0.01,1.9000000000000001,1.7100000000000002,10.0,0.12362108013633616,ground_equivalent_excess_collision_air_kerma_rate,uGy/h,,False,False,False,
2958,2958,NORMAL,NORMAL,True,523100.920497467,5696864.290406497,,19,0.01,1.9000000000000001,1.7100000000000002,10.0,0.49265197322943277,ground_equivalent_excess_collision_air_kerma_rate,uGy/h,,False,False,False,
2959,2959,NORMAL,NORMAL,True,523120.920497467,5696884.290406497,,19,0.01,1.9000000000000001,1.7100000000000002,10.0,0.1470102480805876,ground_equivalent_excess_collision_air_kerma_rate,uGy/h,,False,False,False,
2960,2960,NORMAL,NORMAL,True,523100.920497467,5696884.290406497,,19,0.01,1.9000000000000001,1.7100000000000002,10.0,0.13889164155160835,ground_equivalent_excess_collision_air_kerma_rate,uGy/h,,False,False,False,
2961,2961,NORMAL,NORMAL,True,523120.920497467,5696904.290406497,,19,0.01,1.9000000000000001,1.7100000000000002,10.0,0.07291960084931787,ground_equivalent_excess_collision_air_kerma_rate,uGy/h,,False,False,False,
2962,2962,NORMAL,NORMAL,True,523100.920497467,5696904.290406497,,19,0.01,1.9000000000000001,1.7100000000000002,10.0,0.06806767946477903,ground_equivalent_excess_collision_air_kerma_rate,uGy/h,,False,False,False,
2963,2963,NORMAL,NORMAL,True,523080.920497467,5696884.290406497,,19,0.01,1.9000000000000001,1.7100000000000002,10.0,0.12362108013633616,ground_equivalent_excess_collision_air_kerma_rate,uGy/h,,False,False,False,
2964,2964,NORMAL,NORMAL,True,523080.920497467,5696904.290406497,,19,0.01,1.9000000000000001,1.7100000000000002,10.0,0.06015236827002789,ground_equivalent_excess_collision_air_kerma_rate,uGy/h,,False,False,False,
2965,2965,NORMAL,NORMAL,True,523080.920497467,5696924.290406497,,19,0.01,1.9000000000000001,1.7100000000000002,10.0,0.03430853612219764,ground_equivalent_excess_collision_air_kerma_rate,uGy/h,,False,False,False,
2966,2966,NORMAL,NORMAL,True,523100.920497467,5696944.290406497,,19,0.01,1.9000000000000001,1.7100000000000002,10.0,0.02357807586328805,ground_equivalent_excess_collision_air_kerma_rate,uGy/h,,False,False,False,
2967,2967,NORMAL,NORMAL,True,523080.920497467,5696924.290406497,,19,0.01,1.9000000000000001,1.7100000000000002,10.0,0.03430853612219764,ground_equivalent_excess_collision_air_kerma_rate,uGy/h,,False,False,False,
2968,2968,NORMAL,NORMAL,True,523080.920497467,5696944.290406497,,19,0.01,1.9000000000000001,1.7100000000000002,10.0,0.02117077473095296,ground_equivalent_excess_collision_air_kerma_rate,uGy/h,,False,False,False,
2969,2969,NORMAL,NORMAL,True,523100.920497467,5696924.290406497,,19,0.01,1.9000000000000001,1.7100000000000002,10.0,0.038575551904170266,ground_equivalent_excess_collision_air_kerma_rate,uGy/h,,False,False,False,
2970,2970,NORMAL,NORMAL,True,523100.920497467,5696944.290406497,,19,0.01,1.9000000000000001,1.7100000000000002,10.0,0.02357807586328805,ground_equivalent_excess_collision_air_kerma_rate,uGy/h,,False,False,False,
2971,2971,NORMAL,NORMAL,True,523120.920497467,5696964.290406497,,19,0.01,1.9000000000000001,1.7100000000000002,10.0,0.016117762436214975,ground_equivalent_excess_collision_air_kerma_rate,uGy/h,,False,False,False,
2972,2972,NORMAL,NORMAL,True,523120.920497467,5696944.290406497,,19,0.01,1.9000000000000001,1.7100000000000002,10.0,0.02525356075898165,ground_equivalent_excess_collision_air_kerma_rate,uGy/h,,False,False,False,
2973,2973,NORMAL,NORMAL,True,523140.920497467,5696924.290406497,,19,0.01,1.9000000000000001,1.7100000000000002,10.0,0.04286909114775459,ground_equivalent_excess_collision_air_kerma_rate,uGy/h,,False,False,False,
2974,2974,NORMAL,NORMAL,True,523160.920497467,5696904.290406497,,19,0.01,1.9000000000000001,1.7100000000000002,10.0,0.07548524801313695,ground_equivalent_excess_collision_air_kerma_rate,uGy/h,,False,False,False,
2975,2975,NORMAL,NORMAL,True,523180.920497467,5696884.290406497,,19,0.01,1.9000000000000001,1.7100000000000002,10.0,0.1480829624773688,ground_equivalent_excess_collision_air_kerma_rate,uGy/h,,False,False,False,
2976,2976,NORMAL,NORMAL,True,523200.920497467,5696884.290406497,,19,0.01,1.9000000000000001,1.7100000000000002,10.0,0.14104943648068277,ground_equivalent_excess_collision_air_kerma_rate,uGy/h,,False,False,False,
2977,2977,NORMAL,NORMAL,True,523180.920497467,5696884.290406497,,19,0.01,1.9000000000000001,1.7100000000000002,10.0,0.1480829624773688,ground_equivalent_excess_collision_air_kerma_rate,uGy/h,,False,False,False,
2978,2978,NORMAL,NORMAL,True,523160.920497467,5696904.290406497,,19,0.01,1.9000000000000001,1.7100000000000002,10.0,0.07548524801313695,ground_equivalent_excess_collision_air_kerma_rate,uGy/h,,False,False,False,
2979,2979,NORMAL,NORMAL,True,523140.920497467,5696924.290406497,,19,0.01,1.9000000000000001,1.7100000000000002,10.0,0.04286909114775459,ground_equivalent_excess_collision_air_kerma_rate,uGy/h,,False,False,False,
2980,2980,NORMAL,NORMAL,True,523140.920497467,5696904.290406497,,19,0.01,1.9000000000000001,1.7100000000000002,10.0,0.0752708899236328,ground_equivalent_excess_collision_air_kerma_rate,uGy/h,,False,False,False,
2981,2981,NORMAL,NORMAL,True,523120.920497467,5696884.290406497,,19,0.01,1.9000000000000001,1.7100000000000002,10.0,0.1470102480805876,ground_equivalent_excess_collision_air_kerma_rate,uGy/h,,False,False,False,
2982,2982,NORMAL,NORMAL,True,523100.920497467,5696904.290406497,,19,0.01,1.9000000000000001,1.7100000000000002,10.0,0.06806767946477903,ground_equivalent_excess_collision_air_kerma_rate,uGy/h,,False,False,False,
2983,2983,NORMAL,NORMAL,True,523100.920497467,5696884.290406497,,19,0.01,1.9000000000000001,1.7100000000000002,10.0,0.13889164155160835,ground_equivalent_excess_collision_air_kerma_rate,uGy/h,,False,False,False,
2984,2984,NORMAL,NORMAL,True,523100.920497467,5696864.290406497,,19,0.01,1.9000000000000001,1.7100000000000002,10.0,0.49265197322943277,ground_equivalent_excess_collision_air_kerma_rate,uGy/h,,False,False,False,
2985,2985,NORMAL,NORMAL,True,523120.920497467,5696864.290406497,,19,0.01,1.9000000000000001,1.7100000000000002,10.0,0.5052931200646933,ground_equivalent_excess_collision_air_kerma_rate,uGy/h,,False,False,False,
2986,2986,NORMAL,NORMAL,True,523140.920497467,5696844.290406497,,19,0.01,1.9000000000000001,1.7100000000000002,10.0,1.675564835444841,ground_equivalent_excess_collision_air_kerma_rate,uGy/h,,False,False,False,
2987,2987,NORMAL,NORMAL,True,523140.920497467,5696824.290406497,,19,0.01,1.9000000000000001,1.7100000000000002,10.0,1.7797854764389545,ground_equivalent_excess_collision_air_kerma_rate,uGy/h,,False,False,False,
2988,2988,NORMAL,NORMAL,True,523160.920497467,5696804.290406497,,19,0.01,1.9000000000000001,1.7100000000000002,10.0,1.8133916967610393,ground_equivalent_excess_collision_air_kerma_rate,uGy/h,,False,False,False,
2989,2989,NORMAL,NORMAL,True,523180.920497467,5696804.290406497,,19,0.01,1.9000000000000001,1.7100000000000002,10.0,1.8063922853040533,ground_equivalent_excess_collision_air_kerma_rate,uGy/h,,False,False,False,
2990,2990,NORMAL,NORMAL,True,523180.920497467,5696824.290406497,,19,0.01,1.9000000000000001,1.7100000000000002,10.0,1.7740418249036165,ground_equivalent_excess_collision_air_kerma_rate,uGy/h,,False,False,False,
2991,2991,NORMAL,NORMAL,True,523200.920497467,5696844.290406497,,19,0.01,1.9000000000000001,1.7100000000000002,10.0,1.6561951232559187,ground_equivalent_excess_collision_air_kerma_rate,uGy/h,,False,False,False,
2992,2992,NORMAL,NORMAL,True,523180.920497467,5696864.290406497,,19,0.01,1.9000000000000001,1.7100000000000002,10.0,0.5068688404673152,ground_equivalent_excess_collision_air_kerma_rate,uGy/h,,False,False,False,
2993,2993,NORMAL,NORMAL,True,523200.920497467,5696884.290406497,,19,0.01,1.9000000000000001,1.7100000000000002,10.0,0.14104943648068277,ground_equivalent_excess_collision_air_kerma_rate,uGy/h,,False,False,False,
2994,2994,NORMAL,NORMAL,True,523220.920497467,5696884.290406497,,19,0.01,1.9000000000000001,1.7100000000000002,10.0,0.12759158763296516,ground_equivalent_excess_collision_air_kerma_rate,uGy/h,,False,False,False,
2995,2995,NORMAL,NORMAL,True,523200.920497467,5696884.290406497,,19,0.01,1.9000000000000001,1.7100000000000002,10.0,0.14104943648068277,ground_equivalent_excess_collision_air_kerma_rate,uGy/h,,False,False,False,
2996,2996,NORMAL,NORMAL,True,523200.920497467,5696904.290406497,,19,0.01,1.9000000000000001,1.7100000000000002,10.0,0.06931007912843387,ground_equivalent_excess_collision_air_kerma_rate,uGy/h,,False,False,False,
2997,2997,NORMAL,NORMAL,True,523220.920497467,5696884.290406497,,19,0.01,1.9000000000000001,1.7100000000000002,10.0,0.12759158763296516,ground_equivalent_excess_collision_air_kerma_rate,uGy/h,,False,False,False,
2998,2998,NORMAL,NORMAL,True,523220.920497467,5696904.290406497,,19,0.01,1.9000000000000001,1.7100000000000002,10.0,0.06207295884357044,ground_equivalent_excess_collision_air_kerma_rate,uGy/h,,False,False,False,
2999,2999,NORMAL,NORMAL,True,523240.920497467,5696924.290406497,,19,0.01,1.9000000000000001,1.7100000000000002,10.0,0.030056819910528092,ground_equivalent_excess_collision_air_kerma_rate,uGy/h,,False,False,False,
3000,3000,NORMAL,NORMAL,True,523220.920497467,5696924.290406497,,19,0.01,1.9000000000000001,1.7100000000000002,10.0,0.0353080096452118,ground_equivalent_excess_collision_air_kerma_rate,uGy/h,,False,False,False,
3001,3001,NORMAL,NORMAL,True,523200.920497467,5696944.290406497,,19,0.01,1.9000000000000001,1.7100000000000002,10.0,0.02399005537424803,ground_equivalent_excess_collision_air_kerma_rate,uGy/h,,False,False,False,
3002,3002,NORMAL,NORMAL,True,523200.920497467,5696964.290406497,,19,0.01,1.9000000000000001,1.7100000000000002,10.0,0.015358564340017582,ground_equivalent_excess_collision_air_kerma_rate,uGy/h,,False,False,False,
3003,3003,NORMAL,NORMAL,True,523200.920497467,5696984.290406497,,19,0.01,1.9000000000000001,1.7100000000000002,10.0,0.010163799032279248,ground_equivalent_excess_collision_air_kerma_rate,uGy/h,,False,False,False,
3004,3004,NORMAL,NORMAL,True,523200.920497467,5696964.290406497,,19,0.01,1.9000000000000001,1.7100000000000002,10.0,0.015358564340017582,ground_equivalent_excess_collision_air_kerma_rate,uGy/h,,False,False,False,
3005,3005,NORMAL,NORMAL,True,523220.920497467,5696984.290406497,,19,0.01,1.9000000000000001,1.7100000000000002,10.0,0.009355205599477393,ground_equivalent_excess_collision_air_kerma_rate,uGy/h,,False,False,False,
3006,3006,NORMAL,NORMAL,True,523240.920497467,5696984.290406497,,19,0.01,1.9000000000000001,1.7100000000000002,10.0,0.008355499901338468,ground_equivalent_excess_collision_air_kerma_rate,uGy/h,,False,False,False,
3007,3007,NORMAL,NORMAL,True,523220.920497467,5696964.290406497,,19,0.01,1.9000000000000001,1.7100000000000002,10.0,0.014024701999584057,ground_equivalent_excess_collision_air_kerma_rate,uGy/h,,False,False,False,
3008,3008,NORMAL,NORMAL,True,523200.920497467,5696944.290406497,,19,0.01,1.9000000000000001,1.7100000000000002,10.0,0.02399005537424803,ground_equivalent_excess_collision_air_kerma_rate,uGy/h,,False,False,False,
3009,3009,NORMAL,NORMAL,True,523180.920497467,5696964.290406497,,19,0.01,1.9000000000000001,1.7100000000000002,10.0,0.01626931502546953,ground_equivalent_excess_collision_air_kerma_rate,uGy/h,,False,False,False,
3010,3010,NORMAL,NORMAL,True,523160.920497467,5696964.290406497,,19,0.01,1.9000000000000001,1.7100000000000002,10.0,0.016707930643949372,ground_equivalent_excess_collision_air_kerma_rate,uGy/h,,False,False,False,
3011,3011,NORMAL,NORMAL,True,523140.920497467,5696944.290406497,,19,0.01,1.9000000000000001,1.7100000000000002,10.0,0.02613711833051523,ground_equivalent_excess_collision_air_kerma_rate,uGy/h,,False,False,False,
3012,3012,NORMAL,NORMAL,True,523160.920497467,5696944.290406497,,19,0.01,1.9000000000000001,1.7100000000000002,10.0,0.02622030272157192,ground_equivalent_excess_collision_air_kerma_rate,uGy/h,,False,False,False,
3013,3013,NORMAL,NORMAL,True,523180.920497467,5696944.290406497,,19,0.01,1.9000000000000001,1.7100000000000002,10.0,0.025503169111308684,ground_equivalent_excess_collision_air_kerma_rate,uGy/h,,False,False,False,
3014,3014,NORMAL,NORMAL,True,523160.920497467,5696924.290406497,,19,0.01,1.9000000000000001,1.7100000000000002,10.0,0.04300399800217561,ground_equivalent_excess_collision_air_kerma_rate,uGy/h,,False,False,False,
3015,3015,NORMAL,NORMAL,True,523180.920497467,5696904.290406497,,19,0.01,1.9000000000000001,1.7100000000000002,10.0,0.07359785414932803,ground_equivalent_excess_collision_air_kerma_rate,uGy/h,,False,False,False,
3016,3016,NORMAL,NORMAL,True,523160.920497467,5696904.290406497,,19,0.01,1.9000000000000001,1.7100000000000002,10.0,0.07548524801313695,ground_equivalent_excess_collision_air_kerma_rate,uGy/h,,False,False,False,
3017,3017,NORMAL,NORMAL,True,523160.920497467,5696924.290406497,,19,0.01,1.9000000000000001,1.7100000000000002,10.0,0.04300399800217561,ground_equivalent_excess_collision_air_kerma_rate,uGy/h,,False,False,False,
3018,3018,NORMAL,NORMAL,True,523140.920497467,5696944.290406497,,19,0.01,1.9000000000000001,1.7100000000000002,10.0,0.02613711833051523,ground_equivalent_excess_collision_air_kerma_rate,uGy/h,,False,False,False,
3019,3019,NORMAL,NORMAL,True,523120.920497467,5696924.290406497,,19,0.01,1.9000000000000001,1.7100000000000002,10.0,0.04141769084465682,ground_equivalent_excess_collision_air_kerma_rate,uGy/h,,False,False,False,
3020,3020,NORMAL,NORMAL,True,523140.920497467,5696924.290406497,,19,0.01,1.9000000000000001,1.7100000000000002,10.0,0.04286909114775459,ground_equivalent_excess_collision_air_kerma_rate,uGy/h,,False,False,False,
3021,3021,NORMAL,NORMAL,True,523160.920497467,5696944.290406497,,19,0.01,1.9000000000000001,1.7100000000000002,10.0,0.02622030272157192,ground_equivalent_excess_collision_air_kerma_rate,uGy/h,,False,False,False,
3022,3022,NORMAL,NORMAL,True,523140.920497467,5696924.290406497,,19,0.01,1.9000000000000001,1.7100000000000002,10.0,0.04286909114775459,ground_equivalent_excess_collision_air_kerma_rate,uGy/h,,False,False,False,
3023,3023,NORMAL,NORMAL,True,523160.920497467,5696944.290406497,,19,0.01,1.9000000000000001,1.7100000000000002,10.0,0.02622030272157192,ground_equivalent_excess_collision_air_kerma_rate,uGy/h,,False,False,False,
3024,3024,NORMAL,NORMAL,True,523140.920497467,5696924.290406497,,19,0.01,1.9000000000000001,1.7100000000000002,10.0,0.04286909114775459,ground_equivalent_excess_collision_air_kerma_rate,uGy/h,,False,False,False,
3025,3025,NORMAL,NORMAL,True,523160.920497467,5696924.290406497,,19,0.01,1.9000000000000001,1.7100000000000002,10.0,0.04300399800217561,ground_equivalent_excess_collision_air_kerma_rate,uGy/h,,False,False,False,
3026,3026,NORMAL,NORMAL,True,523180.920497467,5696904.290406497,,19,0.01,1.9000000000000001,1.7100000000000002,10.0,0.07359785414932803,ground_equivalent_excess_collision_air_kerma_rate,uGy/h,,False,False,False,
3027,3027,NORMAL,NORMAL,True,523160.920497467,5696924.290406497,,19,0.01,1.9000000000000001,1.7100000000000002,10.0,0.04300399800217561,ground_equivalent_excess_collision_air_kerma_rate,uGy/h,,False,False,False,
3028,3028,NORMAL,NORMAL,True,523160.920497467,5696944.290406497,,19,0.01,1.9000000000000001,1.7100000000000002,10.0,0.02622030272157192,ground_equivalent_excess_collision_air_kerma_rate,uGy/h,,False,False,False,
3029,3029,NORMAL,NORMAL,True,523160.920497467,5696964.290406497,,19,0.01,1.9000000000000001,1.7100000000000002,10.0,0.016707930643949372,ground_equivalent_excess_collision_air_kerma_rate,uGy/h,,False,False,False,
3030,3030,NORMAL,NORMAL,True,523160.920497467,5696984.290406497,,19,0.01,1.9000000000000001,1.7100000000000002,10.0,0.010992331424843568,ground_equivalent_excess_collision_air_kerma_rate,uGy/h,,False,False,False,
3031,3031,NORMAL,NORMAL,True,523160.920497467,5697004.290406496,,19,0.01,1.9000000000000001,1.7100000000000002,10.0,0.007412328941637784,ground_equivalent_excess_collision_air_kerma_rate,uGy/h,,False,False,False,
3032,3032,NORMAL,NORMAL,True,523180.920497467,5696984.290406497,,19,0.01,1.9000000000000001,1.7100000000000002,10.0,0.010721525807335219,ground_equivalent_excess_collision_air_kerma_rate,uGy/h,,False,False,False,
3033,3033,NORMAL,NORMAL,True,523160.920497467,5696984.290406497,,19,0.01,1.9000000000000001,1.7100000000000002,10.0,0.010992331424843568,ground_equivalent_excess_collision_air_kerma_rate,uGy/h,,False,False,False,
3034,3034,NORMAL,NORMAL,True,523140.920497467,5697004.290406496,,19,0.01,1.9000000000000001,1.7100000000000002,10.0,0.007392492522118536,ground_equivalent_excess_collision_air_kerma_rate,uGy/h,,False,False,False,
3035,3035,NORMAL,NORMAL,True,523140.920497467,5696984.290406497,,19,0.01,1.9000000000000001,1.7100000000000002,10.0,0.010960679875205246,ground_equivalent_excess_collision_air_kerma_rate,uGy/h,,False,False,False,
3036,3036,NORMAL,NORMAL,True,523160.920497467,5696984.290406497,,19,0.01,1.9000000000000001,1.7100000000000002,10.0,0.010992331424843568,ground_equivalent_excess_collision_air_kerma_rate,uGy/h,,False,False,False,
3037,3037,NORMAL,NORMAL,True,523180.920497467,5696984.290406497,,19,0.01,1.9000000000000001,1.7100000000000002,10.0,0.010721525807335219,ground_equivalent_excess_collision_air_kerma_rate,uGy/h,,False,False,False,
3038,3038,NORMAL,NORMAL,True,523200.920497467,5697004.290406496,,19,0.01,1.9000000000000001,1.7100000000000002,10.0,0.006894961200581172,ground_equivalent_excess_collision_air_kerma_rate,uGy/h,,False,False,False,
3039,3039,NORMAL,NORMAL,True,523180.920497467,5696984.290406497,,19,0.01,1.9000000000000001,1.7100000000000002,10.0,0.010721525807335219,ground_equivalent_excess_collision_air_kerma_rate,uGy/h,,False,False,False,
3040,3040,NORMAL,NORMAL,True,523160.920497467,5696964.290406497,,19,0.01,1.9000000000000001,1.7100000000000002,10.0,0.016707930643949372,ground_equivalent_excess_collision_air_kerma_rate,uGy/h,,False,False,False,
3041,3041,NORMAL,NORMAL,True,523140.920497467,5696944.290406497,,19,0.01,1.9000000000000001,1.7100000000000002,10.0,0.02613711833051523,ground_equivalent_excess_collision_air_kerma_rate,uGy/h,,False,False,False,
3042,3042,NORMAL,NORMAL,True,523160.920497467,5696944.290406497,,19,0.01,1.9000000000000001,1.7100000000000002,10.0,0.02622030272157192,ground_equivalent_excess_collision_air_kerma_rate,uGy/h,,False,False,False,
3043,3043,NORMAL,NORMAL,True,523180.920497467,5696944.290406497,,19,0.01,1.9000000000000001,1.7100000000000002,10.0,0.025503169111308684,ground_equivalent_excess_collision_air_kerma_rate,uGy/h,,False,False,False,
3044,3044,NORMAL,NORMAL,True,523200.920497467,5696944.290406497,,19,0.01,1.9000000000000001,1.7100000000000002,10.0,0.02399005537424803,ground_equivalent_excess_collision_air_kerma_rate,uGy/h,,False,False,False,
3045,3045,NORMAL,NORMAL,True,523200.920497467,5696924.290406497,,19,0.01,1.9000000000000001,1.7100000000000002,10.0,0.03928493032795925,ground_equivalent_excess_collision_air_kerma_rate,uGy/h,,False,False,False,
3046,3046,NORMAL,NORMAL,True,523220.920497467,5696904.290406497,,19,0.01,1.9000000000000001,1.7100000000000002,10.0,0.06207295884357044,ground_equivalent_excess_collision_air_kerma_rate,uGy/h,,False,False,False,
3047,3047,NORMAL,NORMAL,True,523200.920497467,5696904.290406497,,19,0.01,1.9000000000000001,1.7100000000000002,10.0,0.06931007912843387,ground_equivalent_excess_collision_air_kerma_rate,uGy/h,,False,False,False,
3048,3048,NORMAL,NORMAL,True,523180.920497467,5696884.290406497,,19,0.01,1.9000000000000001,1.7100000000000002,10.0,0.1480829624773688,ground_equivalent_excess_collision_air_kerma_rate,uGy/h,,False,False,False,
3049,3049,NORMAL,NORMAL,True,523180.920497467,5696904.290406497,,19,0.01,1.9000000000000001,1.7100000000000002,10.0,0.07359785414932803,ground_equivalent_excess_collision_air_kerma_rate,uGy/h,,False,False,False,
3050,3050,NORMAL,NORMAL,True,523160.920497467,5696884.290406497,,19,0.01,1.9000000000000001,1.7100000000000002,10.0,0.15099561850597618,ground_equivalent_excess_collision_air_kerma_rate,uGy/h,,False,False,False,
3051,3051,NORMAL,NORMAL,True,523140.920497467,5696904.290406497,,19,0.01,1.9000000000000001,1.7100000000000002,10.0,0.0752708899236328,ground_equivalent_excess_collision_air_kerma_rate,uGy/h,,False,False,False,
3052,3052,NORMAL,NORMAL,True,523120.920497467,5696904.290406497,,19,0.01,1.9000000000000001,1.7100000000000002,10.0,0.07291960084931787,ground_equivalent_excess_collision_air_kerma_rate,uGy/h,,False,False,False,
3053,3053,NORMAL,NORMAL,True,523140.920497467,5696924.290406497,,19,0.01,1.9000000000000001,1.7100000000000002,10.0,0.04286909114775459,ground_equivalent_excess_collision_air_kerma_rate,uGy/h,,False,False,False,
3054,3054,NORMAL,NORMAL,True,523120.920497467,5696944.290406497,,19,0.01,1.9000000000000001,1.7100000000000002,10.0,0.02525356075898165,ground_equivalent_excess_collision_air_kerma_rate,uGy/h,,False,False,False,
3055,3055,NORMAL,NORMAL,True,523100.920497467,5696944.290406497,,19,0.01,1.9000000000000001,1.7100000000000002,10.0,0.02357807586328805,ground_equivalent_excess_collision_air_kerma_rate,uGy/h,,False,False,False,
3056,3056,NORMAL,NORMAL,True,523080.920497467,5696964.290406497,,19,0.01,1.9000000000000001,1.7100000000000002,10.0,0.013702148571474478,ground_equivalent_excess_collision_air_kerma_rate,uGy/h,,False,False,False,
3057,3057,NORMAL,NORMAL,True,523060.920497467,5696944.290406497,,19,0.01,1.9000000000000001,1.7100000000000002,10.0,0.018207077364564006,ground_equivalent_excess_collision_air_kerma_rate,uGy/h,,False,False,False,
3058,3058,NORMAL,NORMAL,True,523060.920497467,5696924.290406497,,19,0.01,1.9000000000000001,1.7100000000000002,10.0,0.028851724749713703,ground_equivalent_excess_collision_air_kerma_rate,uGy/h,,False,False,False,
3059,3059,NORMAL,NORMAL,True,523040.920497467,5696924.290406497,,19,0.01,1.9000000000000001,1.7100000000000002,10.0,0.02290248276921615,ground_equivalent_excess_collision_air_kerma_rate,uGy/h,,False,False,False,
3060,3060,NORMAL,NORMAL,True,523040.920497467,5696944.290406497,,19,0.01,1.9000000000000001,1.7100000000000002,10.0,0.014999304503567103,ground_equivalent_excess_collision_air_kerma_rate,uGy/h,,False,False,False,
3061,3061,NORMAL,NORMAL,True,523040.920497467,5696964.290406497,,19,0.01,1.9000000000000001,1.7100000000000002,10.0,0.010137322092039344,ground_equivalent_excess_collision_air_kerma_rate,uGy/h,,False,False,False,
3062,3062,NORMAL,NORMAL,True,523020.920497467,5696964.290406497,,19,0.01,1.9000000000000001,1.7100000000000002,10.0,0.008308773649111777,ground_equivalent_excess_collision_air_kerma_rate,uGy/h,,False,False,False,
3063,3063,NORMAL,NORMAL,True,523040.920497467,5696944.290406497,,19,0.01,1.9000000000000001,1.7100000000000002,10.0,0.014999304503567103,ground_equivalent_excess_collision_air_kerma_rate,uGy/h,,False,False,False,
3064,3064,NORMAL,NORMAL,True,523060.920497467,5696964.290406497,,19,0.01,1.9000000000000001,1.7100000000000002,10.0,0.011991537845219787,ground_equivalent_excess_collision_air_kerma_rate,uGy/h,,False,False,False,
3065,3065,NORMAL,NORMAL,True,523080.920497467,5696964.290406497,,19,0.01,1.9000000000000001,1.7100000000000002,10.0,0.013702148571474478,ground_equivalent_excess_collision_air_kerma_rate,uGy/h,,False,False,False,
3066,3066,NORMAL,NORMAL,True,523060.920497467,5696944.290406497,,19,0.01,1.9000000000000001,1.7100000000000002,10.0,0.018207077364564006,ground_equivalent_excess_collision_air_kerma_rate,uGy/h,,False,False,False,
3067,3067,NORMAL,NORMAL,True,523060.920497467,5696924.290406497,,19,0.01,1.9000000000000001,1.7100000000000002,10.0,0.028851724749713703,ground_equivalent_excess_collision_air_kerma_rate,uGy/h,,False,False,False,
3068,3068,NORMAL,NORMAL,True,523060.920497467,5696944.290406497,,19,0.01,1.9000000000000001,1.7100000000000002,10.0,0.018207077364564006,ground_equivalent_excess_collision_air_kerma_rate,uGy/h,,False,False,False,
3069,3069,NORMAL,NORMAL,True,523080.920497467,5696964.290406497,,19,0.01,1.9000000000000001,1.7100000000000002,10.0,0.013702148571474478,ground_equivalent_excess_collision_air_kerma_rate,uGy/h,,False,False,False,
3070,3070,NORMAL,NORMAL,True,523100.920497467,5696984.290406497,,19,0.01,1.9000000000000001,1.7100000000000002,10.0,0.010014690041753153,ground_equivalent_excess_collision_air_kerma_rate,uGy/h,,False,False,False,
3071,3071,NORMAL,NORMAL,True,523080.920497467,5696964.290406497,,19,0.01,1.9000000000000001,1.7100000000000002,10.0,0.013702148571474478,ground_equivalent_excess_collision_air_kerma_rate,uGy/h,,False,False,False,
3072,3072,NORMAL,NORMAL,True,523080.920497467,5696984.290406497,,19,0.01,1.9000000000000001,1.7100000000000002,10.0,0.009160641291703141,ground_equivalent_excess_collision_air_kerma_rate,uGy/h,,False,False,False,
3073,3073,NORMAL,NORMAL,True,523060.920497467,5696964.290406497,,19,0.01,1.9000000000000001,1.7100000000000002,10.0,0.011991537845219787,ground_equivalent_excess_collision_air_kerma_rate,uGy/h,,False,False,False,
3074,3074,NORMAL,NORMAL,True,523060.920497467,5696984.290406497,,19,0.01,1.9000000000000001,1.7100000000000002,10.0,0.008130783232106503,ground_equivalent_excess_collision_air_kerma_rate,uGy/h,,False,False,False,
3075,3075,NORMAL,NORMAL,True,523080.920497467,5697004.290406496,,19,0.01,1.9000000000000001,1.7100000000000002,10.0,0.006271777767406408,ground_equivalent_excess_collision_air_kerma_rate,uGy/h,,False,False,False,
3076,3076,NORMAL,NORMAL,True,523100.920497467,5696984.290406497,,19,0.01,1.9000000000000001,1.7100000000000002,10.0,0.010014690041753153,ground_equivalent_excess_collision_air_kerma_rate,uGy/h,,False,False,False,
3077,3077,NORMAL,NORMAL,True,523100.920497467,5696964.290406497,,19,0.01,1.9000000000000001,1.7100000000000002,10.0,0.015113618478675095,ground_equivalent_excess_collision_air_kerma_rate,uGy/h,,False,False,False,
3078,3078,NORMAL,NORMAL,True,523080.920497467,5696984.290406497,,19,0.01,1.9000000000000001,1.7100000000000002,10.0,0.009160641291703141,ground_equivalent_excess_collision_air_kerma_rate,uGy/h,,False,False,False,
3079,3079,NORMAL,NORMAL,True,523060.920497467,5696964.290406497,,19,0.01,1.9000000000000001,1.7100000000000002,10.0,0.011991537845219787,ground_equivalent_excess_collision_air_kerma_rate,uGy/h,,False,False,False,
3080,3080,NORMAL,NORMAL,True,523080.920497467,5696964.290406497,,19,0.01,1.9000000000000001,1.7100000000000002,10.0,0.013702148571474478,ground_equivalent_excess_collision_air_kerma_rate,uGy/h,,False,False,False,
3081,3081,NORMAL,NORMAL,True,523100.920497467,5696944.290406497,,19,0.01,1.9000000000000001,1.7100000000000002,10.0,0.02357807586328805,ground_equivalent_excess_collision_air_kerma_rate,uGy/h,,False,False,False,
3082,3082,NORMAL,NORMAL,True,523080.920497467,5696944.290406497,,19,0.01,1.9000000000000001,1.7100000000000002,10.0,0.02117077473095296,ground_equivalent_excess_collision_air_kerma_rate,uGy/h,,False,False,False,
3083,3083,NORMAL,NORMAL,True,523080.920497467,5696964.290406497,,19,0.01,1.9000000000000001,1.7100000000000002,10.0,0.013702148571474478,ground_equivalent_excess_collision_air_kerma_rate,uGy/h,,False,False,False,
3084,3084,NORMAL,NORMAL,True,523100.920497467,5696984.290406497,,19,0.01,1.9000000000000001,1.7100000000000002,10.0,0.010014690041753153,ground_equivalent_excess_collision_air_kerma_rate,uGy/h,,False,False,False,
3085,3085,NORMAL,NORMAL,True,523080.920497467,5696984.290406497,,19,0.01,1.9000000000000001,1.7100000000000002,10.0,0.009160641291703141,ground_equivalent_excess_collision_air_kerma_rate,uGy/h,,False,False,False,
3086,3086,NORMAL,NORMAL,True,523100.920497467,5696964.290406497,,19,0.01,1.9000000000000001,1.7100000000000002,10.0,0.015113618478675095,ground_equivalent_excess_collision_air_kerma_rate,uGy/h,,False,False,False,
3087,3087,NORMAL,NORMAL,True,523100.920497467,5696984.290406497,,19,0.01,1.9000000000000001,1.7100000000000002,10.0,0.010014690041753153,ground_equivalent_excess_collision_air_kerma_rate,uGy/h,,False,False,False,
3088,3088,NORMAL,NORMAL,True,523080.920497467,5696984.290406497,,19,0.01,1.9000000000000001,1.7100000000000002,10.0,0.009160641291703141,ground_equivalent_excess_collision_air_kerma_rate,uGy/h,,False,False,False,
3089,3089,NORMAL,NORMAL,True,523080.920497467,5696964.290406497,,19,0.01,1.9000000000000001,1.7100000000000002,10.0,0.013702148571474478,ground_equivalent_excess_collision_air_kerma_rate,uGy/h,,False,False,False,
3090,3090,NORMAL,NORMAL,True,523100.920497467,5696984.290406497,,19,0.01,1.9000000000000001,1.7100000000000002,10.0,0.010014690041753153,ground_equivalent_excess_collision_air_kerma_rate,uGy/h,,False,False,False,
3091,3091,NORMAL,NORMAL,True,523120.920497467,5697004.290406496,,19,0.01,1.9000000000000001,1.7100000000000002,10.0,0.007184573772184184,ground_equivalent_excess_collision_air_kerma_rate,uGy/h,,False,False,False,
3092,3092,NORMAL,NORMAL,True,523140.920497467,5696984.290406497,,19,0.01,1.9000000000000001,1.7100000000000002,10.0,0.010960679875205246,ground_equivalent_excess_collision_air_kerma_rate,uGy/h,,False,False,False,
3093,3093,NORMAL,NORMAL,True,523140.920497467,5696964.290406497,,19,0.01,1.9000000000000001,1.7100000000000002,10.0,0.016656800251987444,ground_equivalent_excess_collision_air_kerma_rate,uGy/h,,False,False,False,
3094,3094,NORMAL,NORMAL,True,523140.920497467,5696944.290406497,,19,0.01,1.9000000000000001,1.7100000000000002,10.0,0.02613711833051523,ground_equivalent_excess_collision_air_kerma_rate,uGy/h,,False,False,False,
3095,3095,NORMAL,NORMAL,True,523160.920497467,5696944.290406497,,19,0.01,1.9000000000000001,1.7100000000000002,10.0,0.02622030272157192,ground_equivalent_excess_collision_air_kerma_rate,uGy/h,,False,False,False,
3096,3096,NORMAL,NORMAL,True,523180.920497467,5696924.290406497,,19,0.01,1.9000000000000001,1.7100000000000002,10.0,0.041831116828133286,ground_equivalent_excess_collision_air_kerma_rate,uGy/h,,False,False,False,
3097,3097,NORMAL,NORMAL,True,523200.920497467,5696924.290406497,,19,0.01,1.9000000000000001,1.7100000000000002,10.0,0.03928493032795925,ground_equivalent_excess_collision_air_kerma_rate,uGy/h,,False,False,False,
3098,3098,NORMAL,NORMAL,True,523200.920497467,5696944.290406497,,19,0.01,1.9000000000000001,1.7100000000000002,10.0,0.02399005537424803,ground_equivalent_excess_collision_air_kerma_rate,uGy/h,,False,False,False,
3099,3099,NORMAL,NORMAL,True,523180.920497467,5696924.290406497,,19,0.01,1.9000000000000001,1.7100000000000002,10.0,0.041831116828133286,ground_equivalent_excess_collision_air_kerma_rate,uGy/h,,False,False,False,
3100,3100,NORMAL,NORMAL,True,523180.920497467,5696944.290406497,,19,0.01,1.9000000000000001,1.7100000000000002,10.0,0.025503169111308684,ground_equivalent_excess_collision_air_kerma_rate,uGy/h,,False,False,False,
3101,3101,NORMAL,NORMAL,True,523160.920497467,5696924.290406497,,19,0.01,1.9000000000000001,1.7100000000000002,10.0,0.04300399800217561,ground_equivalent_excess_collision_air_kerma_rate,uGy/h,,False,False,False,
3102,3102,NORMAL,NORMAL,True,523140.920497467,5696904.290406497,,19,0.01,1.9000000000000001,1.7100000000000002,10.0,0.0752708899236328,ground_equivalent_excess_collision_air_kerma_rate,uGy/h,,False,False,False,
3103,3103,NORMAL,NORMAL,True,523120.920497467,5696924.290406497,,19,0.01,1.9000000000000001,1.7100000000000002,10.0,0.04141769084465682,ground_equivalent_excess_collision_air_kerma_rate,uGy/h,,False,False,False,
3104,3104,NORMAL,NORMAL,True,523140.920497467,5696924.290406497,,19,0.01,1.9000000000000001,1.7100000000000002,10.0,0.04286909114775459,ground_equivalent_excess_collision_air_kerma_rate,uGy/h,,False,False,False,
3105,3105,NORMAL,NORMAL,True,523160.920497467,5696944.290406497,,19,0.01,1.9000000000000001,1.7100000000000002,10.0,0.02622030272157192,ground_equivalent_excess_collision_air_kerma_rate,uGy/h,,False,False,False,
3106,3106,NORMAL,NORMAL,True,523180.920497467,5696944.290406497,,19,0.01,1.9000000000000001,1.7100000000000002,10.0,0.025503169111308684,ground_equivalent_excess_collision_air_kerma_rate,uGy/h,,False,False,False,
3107,3107,NORMAL,NORMAL,True,523160.920497467,5696944.290406497,,19,0.01,1.9000000000000001,1.7100000000000002,10.0,0.02622030272157192,ground_equivalent_excess_collision_air_kerma_rate,uGy/h,,False,False,False,
3108,3108,NORMAL,NORMAL,True,523140.920497467,5696964.290406497,,19,0.01,1.9000000000000001,1.7100000000000002,10.0,0.016656800251987444,ground_equivalent_excess_collision_air_kerma_rate,uGy/h,,False,False,False,
3109,3109,NORMAL,NORMAL,True,523140.920497467,5696984.290406497,,19,0.01,1.9000000000000001,1.7100000000000002,10.0,0.010960679875205246,ground_equivalent_excess_collision_air_kerma_rate,uGy/h,,False,False,False,
3110,3110,NORMAL,NORMAL,True,523120.920497467,5697004.290406496,,19,0.01,1.9000000000000001,1.7100000000000002,10.0,0.007184573772184184,ground_equivalent_excess_collision_air_kerma_rate,uGy/h,,False,False,False,
3111,3111,NORMAL,NORMAL,True,523140.920497467,5696984.290406497,,19,0.01,1.9000000000000001,1.7100000000000002,10.0,0.010960679875205246,ground_equivalent_excess_collision_air_kerma_rate,uGy/h,,False,False,False,
3112,3112,NORMAL,NORMAL,True,523160.920497467,5697004.290406496,,19,0.01,1.9000000000000001,1.7100000000000002,10.0,0.007412328941637784,ground_equivalent_excess_collision_air_kerma_rate,uGy/h,,False,False,False,
3113,3113,NORMAL,NORMAL,True,523180.920497467,5696984.290406497,,19,0.01,1.9000000000000001,1.7100000000000002,10.0,0.010721525807335219,ground_equivalent_excess_collision_air_kerma_rate,uGy/h,,False,False,False,
3114,3114,NORMAL,NORMAL,True,523200.920497467,5696964.290406497,,19,0.01,1.9000000000000001,1.7100000000000002,10.0,0.015358564340017582,ground_equivalent_excess_collision_air_kerma_rate,uGy/h,,False,False,False,
3115,3115,NORMAL,NORMAL,True,523220.920497467,5696944.290406497,,19,0.01,1.9000000000000001,1.7100000000000002,10.0,0.02172518394622479,ground_equivalent_excess_collision_air_kerma_rate,uGy/h,,False,False,False,
3116,3116,NORMAL,NORMAL,True,523240.920497467,5696924.290406497,,19,0.01,1.9000000000000001,1.7100000000000002,10.0,0.030056819910528092,ground_equivalent_excess_collision_air_kerma_rate,uGy/h,,False,False,False,
3117,3117,NORMAL,NORMAL,True,523240.920497467,5696904.290406497,,19,0.01,1.9000000000000001,1.7100000000000002,10.0,0.05159741558521292,ground_equivalent_excess_collision_air_kerma_rate,uGy/h,,False,False,False,
3118,3118,NORMAL,NORMAL,True,523260.920497467,5696904.290406497,,19,0.01,1.9000000000000001,1.7100000000000002,10.0,0.03919509704877492,ground_equivalent_excess_collision_air_kerma_rate,uGy/h,,False,False,False,
3119,3119,NORMAL,NORMAL,True,523240.920497467,5696924.290406497,,19,0.01,1.9000000000000001,1.7100000000000002,10.0,0.030056819910528092,ground_equivalent_excess_collision_air_kerma_rate,uGy/h,,False,False,False,
3120,3120,NORMAL,NORMAL,True,523220.920497467,5696924.290406497,,19,0.01,1.9000000000000001,1.7100000000000002,10.0,0.0353080096452118,ground_equivalent_excess_collision_air_kerma_rate,uGy/h,,False,False,False,
3121,3121,NORMAL,NORMAL,True,523240.920497467,5696944.290406497,,19,0.01,1.9000000000000001,1.7100000000000002,10.0,0.018855504385566386,ground_equivalent_excess_collision_air_kerma_rate,uGy/h,,False,False,False,
3122,3122,NORMAL,NORMAL,True,523220.920497467,5696944.290406497,,19,0.01,1.9000000000000001,1.7100000000000002,10.0,0.02172518394622479,ground_equivalent_excess_collision_air_kerma_rate,uGy/h,,False,False,False,
3123,3123,NORMAL,NORMAL,True,523200.920497467,5696944.290406497,,19,0.01,1.9000000000000001,1.7100000000000002,10.0,0.02399005537424803,ground_equivalent_excess_collision_air_kerma_rate,uGy/h,,False,False,False,
3124,3124,NORMAL,NORMAL,True,523180.920497467,5696924.290406497,,19,0.01,1.9000000000000001,1.7100000000000002,10.0,0.041831116828133286,ground_equivalent_excess_collision_air_kerma_rate,uGy/h,,False,False,False,
3125,3125,NORMAL,NORMAL,True,523200.920497467,5696944.290406497,,19,0.01,1.9000000000000001,1.7100000000000002,10.0,0.02399005537424803,ground_equivalent_excess_collision_air_kerma_rate,uGy/h,,False,False,False,
3126,3126,NORMAL,NORMAL,True,523200.920497467,5696924.290406497,,19,0.01,1.9000000000000001,1.7100000000000002,10.0,0.03928493032795925,ground_equivalent_excess_collision_air_kerma_rate,uGy/h,,False,False,False,
3127,3127,NORMAL,NORMAL,True,523200.920497467,5696904.290406497,,19,0.01,1.9000000000000001,1.7100000000000002,10.0,0.06931007912843387,ground_equivalent_excess_collision_air_kerma_rate,uGy/h,,False,False,False,
3128,3128,NORMAL,NORMAL,True,523220.920497467,5696924.290406497,,19,0.01,1.9000000000000001,1.7100000000000002,10.0,0.0353080096452118,ground_equivalent_excess_collision_air_kerma_rate,uGy/h,,False,False,False,
3129,3129,NORMAL,NORMAL,True,523240.920497467,5696924.290406497,,19,0.01,1.9000000000000001,1.7100000000000002,10.0,0.030056819910528092,ground_equivalent_excess_collision_air_kerma_rate,uGy/h,,False,False,False,
3130,3130,NORMAL,NORMAL,True,523220.920497467,5696904.290406497,,19,0.01,1.9000000000000001,1.7100000000000002,10.0,0.06207295884357044,ground_equivalent_excess_collision_air_kerma_rate,uGy/h,,False,False,False,
3131,3131,NORMAL,NORMAL,True,523200.920497467,5696904.290406497,,19,0.01,1.9000000000000001,1.7100000000000002,10.0,0.06931007912843387,ground_equivalent_excess_collision_air_kerma_rate,uGy/h,,False,False,False,
3132,3132,NORMAL,NORMAL,True,523220.920497467,5696904.290406497,,19,0.01,1.9000000000000001,1.7100000000000002,10.0,0.06207295884357044,ground_equivalent_excess_collision_air_kerma_rate,uGy/h,,False,False,False,
3133,3133,NORMAL,NORMAL,True,523200.920497467,5696884.290406497,,19,0.01,1.9000000000000001,1.7100000000000002,10.0,0.14104943648068277,ground_equivalent_excess_collision_air_kerma_rate,uGy/h,,False,False,False,
3134,3134,NORMAL,NORMAL,True,523200.920497467,5696904.290406497,,19,0.01,1.9000000000000001,1.7100000000000002,10.0,0.06931007912843387,ground_equivalent_excess_collision_air_kerma_rate,uGy/h,,False,False,False,
3135,3135,NORMAL,NORMAL,True,523180.920497467,5696924.290406497,,19,0.01,1.9000000000000001,1.7100000000000002,10.0,0.041831116828133286,ground_equivalent_excess_collision_air_kerma_rate,uGy/h,,False,False,False,
3136,3136,NORMAL,NORMAL,True,523160.920497467,5696904.290406497,,19,0.01,1.9000000000000001,1.7100000000000002,10.0,0.07548524801313695,ground_equivalent_excess_collision_air_kerma_rate,uGy/h,,False,False,False,
3137,3137,NORMAL,NORMAL,True,523180.920497467,5696904.290406497,,19,0.01,1.9000000000000001,1.7100000000000002,10.0,0.07359785414932803,ground_equivalent_excess_collision_air_kerma_rate,uGy/h,,False,False,False,
3138,3138,NORMAL,NORMAL,True,523180.920497467,5696884.290406497,,19,0.01,1.9000000000000001,1.7100000000000002,10.0,0.1480829624773688,ground_equivalent_excess_collision_air_kerma_rate,uGy/h,,False,False,False,
3139,3139,NORMAL,NORMAL,True,523160.920497467,5696904.290406497,,19,0.01,1.9000000000000001,1.7100000000000002,10.0,0.07548524801313695,ground_equivalent_excess_collision_air_kerma_rate,uGy/h,,False,False,False,
3140,3140,NORMAL,NORMAL,True,523140.920497467,5696904.290406497,,19,0.01,1.9000000000000001,1.7100000000000002,10.0,0.0752708899236328,ground_equivalent_excess_collision_air_kerma_rate,uGy/h,,False,False,False,
3141,3141,NORMAL,NORMAL,True,523140.920497467,5696884.290406497,,19,0.01,1.9000000000000001,1.7100000000000002,10.0,0.1506700153890913,ground_equivalent_excess_collision_air_kerma_rate,uGy/h,,False,False,False,
3142,3142,NORMAL,NORMAL,True,523160.920497467,5696884.290406497,,19,0.01,1.9000000000000001,1.7100000000000002,10.0,0.15099561850597618,ground_equivalent_excess_collision_air_kerma_rate,uGy/h,,False,False,False,
3143,3143,NORMAL,NORMAL,True,523140.920497467,5696884.290406497,,19,0.01,1.9000000000000001,1.7100000000000002,10.0,0.1506700153890913,ground_equivalent_excess_collision_air_kerma_rate,uGy/h,,False,False,False,
3144,3144,NORMAL,NORMAL,True,523160.920497467,5696864.290406497,,19,0.01,1.9000000000000001,1.7100000000000002,10.0,0.5110484958938899,ground_equivalent_excess_collision_air_kerma_rate,uGy/h,,False,False,False,
3145,3145,NORMAL,NORMAL,True,523180.920497467,5696884.290406497,,19,0.01,1.9000000000000001,1.7100000000000002,10.0,0.1480829624773688,ground_equivalent_excess_collision_air_kerma_rate,uGy/h,,False,False,False,
3146,3146,NORMAL,NORMAL,True,523160.920497467,5696904.290406497,,19,0.01,1.9000000000000001,1.7100000000000002,10.0,0.07548524801313695,ground_equivalent_excess_collision_air_kerma_rate,uGy/h,,False,False,False,
3147,3147,NORMAL,NORMAL,True,523140.920497467,5696904.290406497,,19,0.01,1.9000000000000001,1.7100000000000002,10.0,0.0752708899236328,ground_equivalent_excess_collision_air_kerma_rate,uGy/h,,False,False,False,
3148,3148,NORMAL,NORMAL,True,523140.920497467,5696884.290406497,,19,0.01,1.9000000000000001,1.7100000000000002,10.0,0.1506700153890913,ground_equivalent_excess_collision_air_kerma_rate,uGy/h,,False,False,False,
3149,3149,NORMAL,NORMAL,True,523160.920497467,5696884.290406497,,19,0.01,1.9000000000000001,1.7100000000000002,10.0,0.15099561850597618,ground_equivalent_excess_collision_air_kerma_rate,uGy/h,,False,False,False,
3150,3150,NORMAL,NORMAL,True,523140.920497467,5696864.290406497,,19,0.01,1.9000000000000001,1.7100000000000002,10.0,0.5105882002535055,ground_equivalent_excess_collision_air_kerma_rate,uGy/h,,False,False,False,
3151,3151,NORMAL,NORMAL,True,523160.920497467,5696884.290406497,,19,0.01,1.9000000000000001,1.7100000000000002,10.0,0.15099561850597618,ground_equivalent_excess_collision_air_kerma_rate,uGy/h,,False,False,False,
3152,3152,NORMAL,NORMAL,True,523140.920497467,5696864.290406497,,19,0.01,1.9000000000000001,1.7100000000000002,10.0,0.5105882002535055,ground_equivalent_excess_collision_air_kerma_rate,uGy/h,,False,False,False,
3153,3153,NORMAL,NORMAL,True,523120.920497467,5696884.290406497,,19,0.01,1.9000000000000001,1.7100000000000002,10.0,0.1470102480805876,ground_equivalent_excess_collision_air_kerma_rate,uGy/h,,False,False,False,
3154,3154,NORMAL,NORMAL,True,523140.920497467,5696864.290406497,,19,0.01,1.9000000000000001,1.7100000000000002,10.0,0.5105882002535055,ground_equivalent_excess_collision_air_kerma_rate,uGy/h,,False,False,False,
3155,3155,NORMAL,NORMAL,True,523120.920497467,5696884.290406497,,19,0.01,1.9000000000000001,1.7100000000000002,10.0,0.1470102480805876,ground_equivalent_excess_collision_air_kerma_rate,uGy/h,,False,False,False,
3156,3156,NORMAL,NORMAL,True,523140.920497467,5696864.290406497,,19,0.01,1.9000000000000001,1.7100000000000002,10.0,0.5105882002535055,ground_equivalent_excess_collision_air_kerma_rate,uGy/h,,False,False,False,
3157,3157,NORMAL,NORMAL,True,523120.920497467,5696844.290406497,,19,0.01,1.9000000000000001,1.7100000000000002,10.0,1.6686236419944622,ground_equivalent_excess_collision_air_kerma_rate,uGy/h,,False,False,False,
3158,3158,NORMAL,NORMAL,True,523140.920497467,5696864.290406497,,19,0.01,1.9000000000000001,1.7100000000000002,10.0,0.5105882002535055,ground_equivalent_excess_collision_air_kerma_rate,uGy/h,,False,False,False,
3159,3159,NORMAL,NORMAL,True,523140.920497467,5696884.290406497,,19,0.01,1.9000000000000001,1.7100000000000002,10.0,0.1506700153890913,ground_equivalent_excess_collision_air_kerma_rate,uGy/h,,False,False,False,
3160,3160,NORMAL,NORMAL,True,523120.920497467,5696864.290406497,,19,0.01,1.9000000000000001,1.7100000000000002,10.0,0.5052931200646933,ground_equivalent_excess_collision_air_kerma_rate,uGy/h,,False,False,False,
3161,3161,NORMAL,NORMAL,True,523100.920497467,5696844.290406497,,19,0.01,1.9000000000000001,1.7100000000000002,10.0,1.6513043006487456,ground_equivalent_excess_collision_air_kerma_rate,uGy/h,,False,False,False,
3162,3162,NORMAL,NORMAL,True,523120.920497467,5696844.290406497,,19,0.01,1.9000000000000001,1.7100000000000002,10.0,1.6686236419944622,ground_equivalent_excess_collision_air_kerma_rate,uGy/h,,False,False,False,
3163,3163,NORMAL,NORMAL,True,523140.920497467,5696864.290406497,,19,0.01,1.9000000000000001,1.7100000000000002,10.0,0.5105882002535055,ground_equivalent_excess_collision_air_kerma_rate,uGy/h,,False,False,False,
3164,3164,NORMAL,NORMAL,True,523160.920497467,5696864.290406497,,19,0.01,1.9000000000000001,1.7100000000000002,10.0,0.5110484958938899,ground_equivalent_excess_collision_air_kerma_rate,uGy/h,,False,False,False,
3165,3165,NORMAL,NORMAL,True,523140.920497467,5696844.290406497,,19,0.01,1.9000000000000001,1.7100000000000002,10.0,1.675564835444841,ground_equivalent_excess_collision_air_kerma_rate,uGy/h,,False,False,False,
3166,3166,NORMAL,NORMAL,True,523120.920497467,5696864.290406497,,19,0.01,1.9000000000000001,1.7100000000000002,10.0,0.5052931200646933,ground_equivalent_excess_collision_air_kerma_rate,uGy/h,,False,False,False,
3167,3167,NORMAL,NORMAL,True,523100.920497467,5696864.290406497,,19,0.01,1.9000000000000001,1.7100000000000002,10.0,0.49265197322943277,ground_equivalent_excess_collision_air_kerma_rate,uGy/h,,False,False,False,
3168,3168,NORMAL,NORMAL,True,523080.920497467,5696884.290406497,,19,0.01,1.9000000000000001,1.7100000000000002,10.0,0.12362108013633616,ground_equivalent_excess_collision_air_kerma_rate,uGy/h,,False,False,False,
3169,3169,NORMAL,NORMAL,True,523100.920497467,5696864.290406497,,19,0.01,1.9000000000000001,1.7100000000000002,10.0,0.49265197322943277,ground_equivalent_excess_collision_air_kerma_rate,uGy/h,,False,False,False,
3170,3170,NORMAL,NORMAL,True,523080.920497467,5696844.290406497,,19,0.01,1.9000000000000001,1.7100000000000002,10.0,1.6083520121309904,ground_equivalent_excess_collision_air_kerma_rate,uGy/h,,False,False,False,
3171,3171,NORMAL,NORMAL,True,523060.920497467,5696824.290406497,,19,0.01,1.9000000000000001,1.7100000000000002,10.0,1.5027462907347573,ground_equivalent_excess_collision_air_kerma_rate,uGy/h,,False,False,False,
3172,3172,NORMAL,NORMAL,True,523040.920497467,5696844.290406497,,19,0.01,1.9000000000000001,1.7100000000000002,10.0,0.19500813440379722,ground_equivalent_excess_collision_air_kerma_rate,uGy/h,,False,False,False,
3173,3173,NORMAL,NORMAL,True,523020.920497467,5696864.290406497,,19,0.01,1.9000000000000001,1.7100000000000002,10.0,0.057489942425353976,ground_equivalent_excess_collision_air_kerma_rate,uGy/h,,False,False,False,
3174,3174,NORMAL,NORMAL,True,523040.920497467,5696844.290406497,,19,0.01,1.9000000000000001,1.7100000000000002,10.0,0.19500813440379722,ground_equivalent_excess_collision_air_kerma_rate,uGy/h,,False,False,False,
3175,3175,NORMAL,NORMAL,True,523020.920497467,5696824.290406497,,19,0.01,1.9000000000000001,1.7100000000000002,10.0,0.09007154787010471,ground_equivalent_excess_collision_air_kerma_rate,uGy/h,,False,False,False,
3176,3176,NORMAL,NORMAL,True,523020.920497467,5696844.290406497,,19,0.01,1.9000000000000001,1.7100000000000002,10.0,0.07673926712331473,ground_equivalent_excess_collision_air_kerma_rate,uGy/h,,False,False,False,
3177,3177,NORMAL,NORMAL,True,523020.920497467,5696824.290406497,,19,0.01,1.9000000000000001,1.7100000000000002,10.0,0.09007154787010471,ground_equivalent_excess_collision_air_kerma_rate,uGy/h,,False,False,False,
3178,3178,NORMAL,NORMAL,True,523020.920497467,5696804.290406497,,19,0.01,1.9000000000000001,1.7100000000000002,10.0,0.09665119877489156,ground_equivalent_excess_collision_air_kerma_rate,uGy/h,,False,False,False,
3179,3179,NORMAL,NORMAL,True,523000.920497467,5696804.290406497,,19,0.01,1.9000000000000001,1.7100000000000002,10.0,0.049988319488046565,ground_equivalent_excess_collision_air_kerma_rate,uGy/h,,False,False,False,
3180,3180,NORMAL,NORMAL,True,522980.9204974669,5696824.290406497,,19,0.01,1.9000000000000001,1.7100000000000002,10.0,0.0269834616040008,ground_equivalent_excess_collision_air_kerma_rate,uGy/h,,False,False,False,
3181,3181,NORMAL,NORMAL,True,523000.920497467,5696844.290406497,,19,0.01,1.9000000000000001,1.7100000000000002,10.0,0.04058152607482753,ground_equivalent_excess_collision_air_kerma_rate,uGy/h,,False,False,False,
3182,3182,NORMAL,NORMAL,True,522980.9204974669,5696864.290406497,,19,0.01,1.9000000000000001,1.7100000000000002,10.0,0.020112858029961635,ground_equivalent_excess_collision_air_kerma_rate,uGy/h,,False,False,False,
3183,3183,NORMAL,NORMAL,True,523000.920497467,5696884.290406497,,19,0.01,1.9000000000000001,1.7100000000000002,10.0,0.02459304338250756,ground_equivalent_excess_collision_air_kerma_rate,uGy/h,,False,False,False,
3184,3184,NORMAL,NORMAL,True,522980.9204974669,5696904.290406497,,19,0.01,1.9000000000000001,1.7100000000000002,10.0,0.012380443113399468,ground_equivalent_excess_collision_air_kerma_rate,uGy/h,,False,False,False,
3185,3185,NORMAL,NORMAL,True,522980.9204974669,5696924.290406497,,19,0.01,1.9000000000000001,1.7100000000000002,10.0,0.00935003431888145,ground_equivalent_excess_collision_air_kerma_rate,uGy/h,,False,False,False,
3186,3186,NORMAL,NORMAL,True,522980.9204974669,5696904.290406497,,19,0.01,1.9000000000000001,1.7100000000000002,10.0,0.012380443113399468,ground_equivalent_excess_collision_air_kerma_rate,uGy/h,,False,False,False,
3187,3187,NORMAL,NORMAL,True,522960.9204974669,5696884.290406497,,19,0.01,1.9000000000000001,1.7100000000000002,10.0,0.010773200238590384,ground_equivalent_excess_collision_air_kerma_rate,uGy/h,,False,False,False,
3188,3188,NORMAL,NORMAL,True,522940.9204974669,5696904.290406497,,19,0.01,1.9000000000000001,1.7100000000000002,10.0,0.006112102183339831,ground_equivalent_excess_collision_air_kerma_rate,uGy/h,,False,False,False,
3189,3189,NORMAL,NORMAL,True,522960.9204974669,5696924.290406497,,19,0.01,1.9000000000000001,1.7100000000000002,10.0,0.006798154960677443,ground_equivalent_excess_collision_air_kerma_rate,uGy/h,,False,False,False,
3190,3190,NORMAL,NORMAL,True,522940.9204974669,5696944.290406497,,19,0.01,1.9000000000000001,1.7100000000000002,10.0,0.003943271729324484,ground_equivalent_excess_collision_air_kerma_rate,uGy/h,,False,False,False,
3191,3191,NORMAL,NORMAL,True,522960.9204974669,5696924.290406497,,19,0.01,1.9000000000000001,1.7100000000000002,10.0,0.006798154960677443,ground_equivalent_excess_collision_air_kerma_rate,uGy/h,,False,False,False,
3192,3192,NORMAL,NORMAL,True,522940.9204974669,5696924.290406497,,19,0.01,1.9000000000000001,1.7100000000000002,10.0,0.004949845466922259,ground_equivalent_excess_collision_air_kerma_rate,uGy/h,,False,False,False,
3193,3193,NORMAL,NORMAL,True,522920.9204974669,5696904.290406497,,19,0.01,1.9000000000000001,1.7100000000000002,10.0,0.0043587896396811735,ground_equivalent_excess_collision_air_kerma_rate,uGy/h,,False,False,False,
3194,3194,NORMAL,NORMAL,True,522940.9204974669,5696884.290406497,,19,0.01,1.9000000000000001,1.7100000000000002,10.0,0.007379583811908858,ground_equivalent_excess_collision_air_kerma_rate,uGy/h,,False,False,False,
3195,3195,NORMAL,NORMAL,True,522920.9204974669,5696904.290406497,,19,0.01,1.9000000000000001,1.7100000000000002,10.0,0.0043587896396811735,ground_equivalent_excess_collision_air_kerma_rate,uGy/h,,False,False,False,
3196,3196,NORMAL,NORMAL,True,522920.9204974669,5696884.290406497,,19,0.01,1.9000000000000001,1.7100000000000002,10.0,0.005140774245227383,ground_equivalent_excess_collision_air_kerma_rate,uGy/h,,False,False,False,
3197,3197,NORMAL,NORMAL,True,522900.9204974669,5696884.290406497,,19,0.01,1.9000000000000001,1.7100000000000002,10.0,0.0036312595077595687,ground_equivalent_excess_collision_air_kerma_rate,uGy/h,,False,False,False,
3198,3198,NORMAL,NORMAL,True,522920.9204974669,5696864.290406497,,19,0.01,1.9000000000000001,1.7100000000000002,10.0,0.005906839930911405,ground_equivalent_excess_collision_air_kerma_rate,uGy/h,,False,False,False,
3199,3199,NORMAL,NORMAL,True,522900.9204974669,5696864.290406497,,19,0.01,1.9000000000000001,1.7100000000000002,10.0,0.00410487993723388,ground_equivalent_excess_collision_air_kerma_rate,uGy/h,,False,False,False,
3200,3200,NORMAL,NORMAL,True,522900.9204974669,5696884.290406497,,19,0.01,1.9000000000000001,1.7100000000000002,10.0,0.0036312595077595687,ground_equivalent_excess_collision_air_kerma_rate,uGy/h,,False,False,False,
3201,3201,NORMAL,NORMAL,True,522920.9204974669,5696904.290406497,,19,0.01,1.9000000000000001,1.7100000000000002,10.0,0.0043587896396811735,ground_equivalent_excess_collision_air_kerma_rate,uGy/h,,False,False,False,
3202,3202,NORMAL,NORMAL,True,522900.9204974669,5696904.290406497,,19,0.01,1.9000000000000001,1.7100000000000002,10.0,0.0031367640494182865,ground_equivalent_excess_collision_air_kerma_rate,uGy/h,,False,False,False,
3203,3203,NORMAL,NORMAL,True,522900.9204974669,5696924.290406497,,19,0.01,1.9000000000000001,1.7100000000000002,10.0,0.00265492662895438,ground_equivalent_excess_collision_air_kerma_rate,uGy/h,,False,False,False,
3204,3204,NORMAL,NORMAL,True,522880.9204974669,5696944.290406497,,19,0.01,1.9000000000000001,1.7100000000000002,10.0,0.0016572747131428647,ground_equivalent_excess_collision_air_kerma_rate,uGy/h,,False,False,False,
3205,3205,NORMAL,NORMAL,True,522900.9204974669,5696964.290406497,,19,0.01,1.9000000000000001,1.7100000000000002,10.0,0.0018139975618423677,ground_equivalent_excess_collision_air_kerma_rate,uGy/h,,False,False,False,
3206,3206,NORMAL,NORMAL,True,522880.9204974669,5696984.290406497,,19,0.01,1.9000000000000001,1.7100000000000002,10.0,0.0011419420502266583,ground_equivalent_excess_collision_air_kerma_rate,uGy/h,,False,False,False,
3207,3207,NORMAL,NORMAL,True,522900.9204974669,5696984.290406497,,19,0.01,1.9000000000000001,1.7100000000000002,10.0,0.0014735025058918738,ground_equivalent_excess_collision_air_kerma_rate,uGy/h,,False,False,False,
3208,3208,NORMAL,NORMAL,True,522880.9204974669,5697004.290406496,,19,0.01,1.9000000000000001,1.7100000000000002,10.0,0.0009340515004181793,ground_equivalent_excess_collision_air_kerma_rate,uGy/h,,False,False,False,
3209,3209,NORMAL,NORMAL,True,522900.9204974669,5696984.290406497,,19,0.01,1.9000000000000001,1.7100000000000002,10.0,0.0014735025058918738,ground_equivalent_excess_collision_air_kerma_rate,uGy/h,,False,False,False,
3210,3210,NORMAL,NORMAL,True,522880.9204974669,5697004.290406496,,19,0.01,1.9000000000000001,1.7100000000000002,10.0,0.0009340515004181793,ground_equivalent_excess_collision_air_kerma_rate,uGy/h,,False,False,False,
3211,3211,NORMAL,NORMAL,True,522860.9204974669,5697024.290406496,,19,0.01,1.9000000000000001,1.7100000000000002,10.0,0.0006026926797517544,ground_equivalent_excess_collision_air_kerma_rate,uGy/h,,False,False,False,
3212,3212,NORMAL,NORMAL,True,522880.9204974669,5697024.290406496,,19,0.01,1.9000000000000001,1.7100000000000002,10.0,0.0007584839069027853,ground_equivalent_excess_collision_air_kerma_rate,uGy/h,,False,False,False,
3213,3213,NORMAL,NORMAL,True,522900.9204974669,5697044.290406496,,19,0.01,1.9000000000000001,1.7100000000000002,10.0,0.000757421857618137,ground_equivalent_excess_collision_air_kerma_rate,uGy/h,,False,False,False,
3214,3214,NORMAL,NORMAL,True,522900.9204974669,5697064.290406496,,19,0.01,1.9000000000000001,1.7100000000000002,10.0,0.0,ground_equivalent_excess_collision_air_kerma_rate,uGy/h,,False,False,False,
3215,3215,NORMAL,NORMAL,True,522880.9204974669,5697044.290406496,,19,0.01,1.9000000000000001,1.7100000000000002,10.0,0.0006123987223434158,ground_equivalent_excess_collision_air_kerma_rate,uGy/h,,False,False,False,
3216,3216,NORMAL,NORMAL,True,522900.9204974669,5697044.290406496,,19,0.01,1.9000000000000001,1.7100000000000002,10.0,0.000757421857618137,ground_equivalent_excess_collision_air_kerma_rate,uGy/h,,False,False,False,
3217,3217,NORMAL,NORMAL,True,522880.9204974669,5697064.290406496,,19,0.01,1.9000000000000001,1.7100000000000002,10.0,0.0,ground_equivalent_excess_collision_air_kerma_rate,uGy/h,,False,False,False,
3218,3218,NORMAL,NORMAL,True,522860.9204974669,5697084.290406496,,19,0.01,1.9000000000000001,1.7100000000000002,10.0,0.0,ground_equivalent_excess_collision_air_kerma_rate,uGy/h,,False,False,False,
3219,3219,NORMAL,NORMAL,True,522840.9204974669,5697084.290406496,,19,0.01,1.9000000000000001,1.7100000000000002,10.0,0.0,ground_equivalent_excess_collision_air_kerma_rate,uGy/h,,False,False,False,
3220,3220,NORMAL,NORMAL,True,522820.9204974669,5697084.290406496,,19,0.01,1.9000000000000001,1.7100000000000002,10.0,0.0,ground_equivalent_excess_collision_air_kerma_rate,uGy/h,,False,False,False,
3221,3221,NORMAL,NORMAL,True,522800.9204974669,5697084.290406496,,19,0.01,1.9000000000000001,1.7100000000000002,10.0,0.0,ground_equivalent_excess_collision_air_kerma_rate,uGy/h,,False,False,False,
3222,3222,NORMAL,NORMAL,True,522780.9204974669,5697084.290406496,,19,0.01,1.9000000000000001,1.7100000000000002,10.0,0.0,ground_equivalent_excess_collision_air_kerma_rate,uGy/h,,False,False,False,
3223,3223,NORMAL,NORMAL,True,522780.9204974669,5697064.290406496,,19,0.01,1.9000000000000001,1.7100000000000002,10.0,0.0,ground_equivalent_excess_collision_air_kerma_rate,uGy/h,,False,False,False,
3224,3224,NORMAL,NORMAL,True,522780.9204974669,5697084.290406496,,19,0.01,1.9000000000000001,1.7100000000000002,10.0,0.0,ground_equivalent_excess_collision_air_kerma_rate,uGy/h,,False,False,False,
3225,3225,NORMAL,NORMAL,True,522780.9204974669,5697104.290406496,,19,0.01,1.9000000000000001,1.7100000000000002,10.0,0.0,ground_equivalent_excess_collision_air_kerma_rate,uGy/h,,False,False,False,
3226,3226,NORMAL,NORMAL,True,522800.9204974669,5697104.290406496,,19,0.01,1.9000000000000001,1.7100000000000002,10.0,0.0,ground_equivalent_excess_collision_air_kerma_rate,uGy/h,,False,False,False,
3227,3227,NORMAL,NORMAL,True,522820.9204974669,5697124.290406496,,19,0.01,1.9000000000000001,1.7100000000000002,10.0,0.0,ground_equivalent_excess_collision_air_kerma_rate,uGy/h,,False,False,False,
3228,3228,NORMAL,NORMAL,True,522840.9204974669,5697144.290406496,,19,0.01,1.9000000000000001,1.7100000000000002,10.0,0.0,ground_equivalent_excess_collision_air_kerma_rate,uGy/h,,False,False,False,
3229,3229,NORMAL,NORMAL,True,522820.9204974669,5697164.290406496,,19,0.01,1.9000000000000001,1.7100000000000002,10.0,0.0,ground_equivalent_excess_collision_air_kerma_rate,uGy/h,,False,False,False,
3230,3230,NORMAL,NORMAL,True,522820.9204974669,5697184.290406496,,19,0.01,1.9000000000000001,1.7100000000000002,10.0,0.0,ground_equivalent_excess_collision_air_kerma_rate,uGy/h,,False,False,False,
3231,3231,NORMAL,NORMAL,True,522840.9204974669,5697204.290406496,,19,0.01,1.9000000000000001,1.7100000000000002,10.0,0.0,ground_equivalent_excess_collision_air_kerma_rate,uGy/h,,False,False,False,
3232,3232,NORMAL,NORMAL,True,522860.9204974669,5697224.290406496,,19,0.01,1.9000000000000001,1.7100000000000002,10.0,0.0,ground_equivalent_excess_collision_air_kerma_rate,uGy/h,,False,False,False,
3233,3233,NORMAL,NORMAL,True,522880.9204974669,5697224.290406496,,19,0.01,1.9000000000000001,1.7100000000000002,10.0,0.0,ground_equivalent_excess_collision_air_kerma_rate,uGy/h,,False,False,False,
3234,3234,NORMAL,NORMAL,True,522900.9204974669,5697204.290406496,,19,0.01,1.9000000000000001,1.7100000000000002,10.0,0.0,ground_equivalent_excess_collision_air_kerma_rate,uGy/h,,False,False,False,
3235,3235,NORMAL,NORMAL,True,522920.9204974669,5697224.290406496,,19,0.01,1.9000000000000001,1.7100000000000002,10.0,0.0,ground_equivalent_excess_collision_air_kerma_rate,uGy/h,,False,False,False,
3236,3236,NORMAL,NORMAL,True,522940.9204974669,5697244.290406496,,19,0.01,1.9000000000000001,1.7100000000000002,10.0,0.0,ground_equivalent_excess_collision_air_kerma_rate,uGy/h,,False,False,False,
3237,3237,NORMAL,NORMAL,True,522960.9204974669,5697244.290406496,,19,0.01,1.9000000000000001,1.7100000000000002,10.0,0.0,ground_equivalent_excess_collision_air_kerma_rate,uGy/h,,False,False,False,
3238,3238,NORMAL,NORMAL,True,522980.9204974669,5697244.290406496,,19,0.01,1.9000000000000001,1.7100000000000002,10.0,0.0,ground_equivalent_excess_collision_air_kerma_rate,uGy/h,,False,False,False,
3239,3239,NORMAL,NORMAL,True,523000.920497467,5697244.290406496,,19,0.01,1.9000000000000001,1.7100000000000002,10.0,0.0,ground_equivalent_excess_collision_air_kerma_rate,uGy/h,,False,False,False,
3240,3240,NORMAL,NORMAL,True,523020.920497467,5697244.290406496,,19,0.01,1.9000000000000001,1.7100000000000002,10.0,0.0,ground_equivalent_excess_collision_air_kerma_rate,uGy/h,,False,False,False,
3241,3241,NORMAL,NORMAL,True,523040.920497467,5697244.290406496,,19,0.01,1.9000000000000001,1.7100000000000002,10.0,0.0,ground_equivalent_excess_collision_air_kerma_rate,uGy/h,,False,False,False,
3242,3242,NORMAL,NORMAL,True,523060.920497467,5697244.290406496,,19,0.01,1.9000000000000001,1.7100000000000002,10.0,0.0,ground_equivalent_excess_collision_air_kerma_rate,uGy/h,,False,False,False,
3243,3243,NORMAL,NORMAL,True,523080.920497467,5697224.290406496,,19,0.01,1.9000000000000001,1.7100000000000002,10.0,0.0,ground_equivalent_excess_collision_air_kerma_rate,uGy/h,,False,False,False,
3244,3244,NORMAL,NORMAL,True,523100.920497467,5697224.290406496,,19,0.01,1.9000000000000001,1.7100000000000002,10.0,0.0,ground_equivalent_excess_collision_air_kerma_rate,uGy/h,,False,False,False,
3245,3245,NORMAL,NORMAL,True,523080.920497467,5697204.290406496,,19,0.01,1.9000000000000001,1.7100000000000002,10.0,0.0,ground_equivalent_excess_collision_air_kerma_rate,uGy/h,,False,False,False,
3246,3246,NORMAL,NORMAL,True,523060.920497467,5697204.290406496,,19,0.01,1.9000000000000001,1.7100000000000002,10.0,0.0,ground_equivalent_excess_collision_air_kerma_rate,uGy/h,,False,False,False,
3247,3247,NORMAL,NORMAL,True,523040.920497467,5697184.290406496,,19,0.01,1.9000000000000001,1.7100000000000002,10.0,0.0,ground_equivalent_excess_collision_air_kerma_rate,uGy/h,,False,False,False,
3248,3248,NORMAL,NORMAL,True,523020.920497467,5697184.290406496,,19,0.01,1.9000000000000001,1.7100000000000002,10.0,0.0,ground_equivalent_excess_collision_air_kerma_rate,uGy/h,,False,False,False,
3249,3249,NORMAL,NORMAL,True,523000.920497467,5697184.290406496,,19,0.01,1.9000000000000001,1.7100000000000002,10.0,0.0,ground_equivalent_excess_collision_air_kerma_rate,uGy/h,,False,False,False,
3250,3250,NORMAL,NORMAL,True,522980.9204974669,5697184.290406496,,19,0.01,1.9000000000000001,1.7100000000000002,10.0,0.0,ground_equivalent_excess_collision_air_kerma_rate,uGy/h,,False,False,False,
3251,3251,NORMAL,NORMAL,True,522960.9204974669,5697204.290406496,,19,0.01,1.9000000000000001,1.7100000000000002,10.0,0.0,ground_equivalent_excess_collision_air_kerma_rate,uGy/h,,False,False,False,
3252,3252,NORMAL,NORMAL,True,522940.9204974669,5697184.290406496,,19,0.01,1.9000000000000001,1.7100000000000002,10.0,0.0,ground_equivalent_excess_collision_air_kerma_rate,uGy/h,,False,False,False,
3253,3253,NORMAL,NORMAL,True,522920.9204974669,5697164.290406496,,19,0.01,1.9000000000000001,1.7100000000000002,10.0,0.0,ground_equivalent_excess_collision_air_kerma_rate,uGy/h,,False,False,False,
3254,3254,NORMAL,NORMAL,True,522900.9204974669,5697184.290406496,,19,0.01,1.9000000000000001,1.7100000000000002,10.0,0.0,ground_equivalent_excess_collision_air_kerma_rate,uGy/h,,False,False,False,
3255,3255,NORMAL,NORMAL,True,522880.9204974669,5697164.290406496,,19,0.01,1.9000000000000001,1.7100000000000002,10.0,0.0,ground_equivalent_excess_collision_air_kerma_rate,uGy/h,,False,False,False,
3256,3256,NORMAL,NORMAL,True,522860.9204974669,5697164.290406496,,19,0.01,1.9000000000000001,1.7100000000000002,10.0,0.0,ground_equivalent_excess_collision_air_kerma_rate,uGy/h,,False,False,False,
3257,3257,NORMAL,NORMAL,True,522860.9204974669,5697184.290406496,,19,0.01,1.9000000000000001,1.7100000000000002,10.0,0.0,ground_equivalent_excess_collision_air_kerma_rate,uGy/h,,False,False,False,
3258,3258,NORMAL,NORMAL,True,522840.9204974669,5697184.290406496,,19,0.01,1.9000000000000001,1.7100000000000002,10.0,0.0,ground_equivalent_excess_collision_air_kerma_rate,uGy/h,,False,False,False,
3259,3259,NORMAL,NORMAL,True,522860.9204974669,5697204.290406496,,19,0.01,1.9000000000000001,1.7100000000000002,10.0,0.0,ground_equivalent_excess_collision_air_kerma_rate,uGy/h,,False,False,False,
3260,3260,NORMAL,NORMAL,True,522880.9204974669,5697224.290406496,,19,0.01,1.9000000000000001,1.7100000000000002,10.0,0.0,ground_equivalent_excess_collision_air_kerma_rate,uGy/h,,False,False,False,
3261,3261,NORMAL,NORMAL,True,522860.9204974669,5697204.290406496,,19,0.01,1.9000000000000001,1.7100000000000002,10.0,0.0,ground_equivalent_excess_collision_air_kerma_rate,uGy/h,,False,False,False,
3262,3262,NORMAL,NORMAL,True,522880.9204974669,5697224.290406496,,19,0.01,1.9000000000000001,1.7100000000000002,10.0,0.0,ground_equivalent_excess_collision_air_kerma_rate,uGy/h,,False,False,False,
3263,3263,NORMAL,NORMAL,True,522860.9204974669,5697204.290406496,,19,0.01,1.9000000000000001,1.7100000000000002,10.0,0.0,ground_equivalent_excess_collision_air_kerma_rate,uGy/h,,False,False,False,
3264,3264,NORMAL,NORMAL,True,522840.9204974669,5697204.290406496,,19,0.01,1.9000000000000001,1.7100000000000002,10.0,0.0,ground_equivalent_excess_collision_air_kerma_rate,uGy/h,,False,False,False,
3265,3265,NORMAL,NORMAL,True,522860.9204974669,5697224.290406496,,19,0.01,1.9000000000000001,1.7100000000000002,10.0,0.0,ground_equivalent_excess_collision_air_kerma_rate,uGy/h,,False,False,False,
3266,3266,NORMAL,NORMAL,True,522840.9204974669,5697244.290406496,,19,0.01,1.9000000000000001,1.7100000000000002,10.0,0.0,ground_equivalent_excess_collision_air_kerma_rate,uGy/h,,False,False,False,
3267,3267,NORMAL,NORMAL,True,522820.9204974669,5697264.290406496,,19,0.01,1.9000000000000001,1.7100000000000002,10.0,0.0,ground_equivalent_excess_collision_air_kerma_rate,uGy/h,,False,False,False,
3268,3268,NORMAL,NORMAL,True,522840.9204974669,5697244.290406496,,19,0.01,1.9000000000000001,1.7100000000000002,10.0,0.0,ground_equivalent_excess_collision_air_kerma_rate,uGy/h,,False,False,False,
3269,3269,NORMAL,NORMAL,True,522820.9204974669,5697264.290406496,,19,0.01,1.9000000000000001,1.7100000000000002,10.0,0.0,ground_equivalent_excess_collision_air_kerma_rate,uGy/h,,False,False,False,
3270,3270,NORMAL,NORMAL,True,522820.9204974669,5697244.290406496,,19,0.01,1.9000000000000001,1.7100000000000002,10.0,0.0,ground_equivalent_excess_collision_air_kerma_rate,uGy/h,,False,False,False,
3271,3271,NORMAL,NORMAL,True,522820.9204974669,5697224.290406496,,19,0.01,1.9000000000000001,1.7100000000000002,10.0,0.0,ground_equivalent_excess_collision_air_kerma_rate,uGy/h,,False,False,False,
3272,3272,NORMAL,NORMAL,True,522840.9204974669,5697244.290406496,,19,0.01,1.9000000000000001,1.7100000000000002,10.0,0.0,ground_equivalent_excess_collision_air_kerma_rate,uGy/h,,False,False,False,
3273,3273,NORMAL,NORMAL,True,522820.9204974669,5697224.290406496,,19,0.01,1.9000000000000001,1.7100000000000002,10.0,0.0,ground_equivalent_excess_collision_air_kerma_rate,uGy/h,,False,False,False,
3274,3274,NORMAL,NORMAL,True,522840.9204974669,5697244.290406496,,19,0.01,1.9000000000000001,1.7100000000000002,10.0,0.0,ground_equivalent_excess_collision_air_kerma_rate,uGy/h,,False,False,False,
3275,3275,NORMAL,NORMAL,True,522820.9204974669,5697244.290406496,,19,0.01,1.9000000000000001,1.7100000000000002,10.0,0.0,ground_equivalent_excess_collision_air_kerma_rate,uGy/h,,False,False,False,
3276,3276,NORMAL,NORMAL,True,522800.9204974669,5697224.290406496,,19,0.01,1.9000000000000001,1.7100000000000002,10.0,0.0,ground_equivalent_excess_collision_air_kerma_rate,uGy/h,,False,False,False,
3277,3277,NORMAL,NORMAL,True,522800.9204974669,5697244.290406496,,19,0.01,1.9000000000000001,1.7100000000000002,10.0,0.0,ground_equivalent_excess_collision_air_kerma_rate,uGy/h,,False,False,False,
3278,3278,NORMAL,NORMAL,True,522780.9204974669,5697224.290406496,,19,0.01,1.9000000000000001,1.7100000000000002,10.0,0.0,ground_equivalent_excess_collision_air_kerma_rate,uGy/h,,False,False,False,
3279,3279,NORMAL,NORMAL,True,522800.9204974669,5697204.290406496,,19,0.01,1.9000000000000001,1.7100000000000002,10.0,0.0,ground_equivalent_excess_collision_air_kerma_rate,uGy/h,,False,False,False,
3280,3280,NORMAL,NORMAL,True,522780.9204974669,5697184.290406496,,19,0.01,1.9000000000000001,1.7100000000000002,10.0,0.0,ground_equivalent_excess_collision_air_kerma_rate,uGy/h,,False,False,False,
3281,3281,NORMAL,NORMAL,True,522780.9204974669,5697164.290406496,,19,0.01,1.9000000000000001,1.7100000000000002,10.0,0.0,ground_equivalent_excess_collision_air_kerma_rate,uGy/h,,False,False,False,
3282,3282,NORMAL,NORMAL,True,522760.9204974669,5697144.290406496,,19,0.01,1.9000000000000001,1.7100000000000002,10.0,0.0,ground_equivalent_excess_collision_air_kerma_rate,uGy/h,,False,False,False,
3283,3283,NORMAL,NORMAL,True,522740.9204974669,5697144.290406496,,19,0.01,1.9000000000000001,1.7100000000000002,10.0,0.0,ground_equivalent_excess_collision_air_kerma_rate,uGy/h,,False,False,False,
3284,3284,NORMAL,NORMAL,True,522720.9204974669,5697144.290406496,,19,0.01,1.9000000000000001,1.7100000000000002,10.0,0.0,ground_equivalent_excess_collision_air_kerma_rate,uGy/h,,False,False,False,
3285,3285,NORMAL,NORMAL,True,522720.9204974669,5697164.290406496,,19,0.01,1.9000000000000001,1.7100000000000002,10.0,0.0,ground_equivalent_excess_collision_air_kerma_rate,uGy/h,,False,False,False,
3286,3286,NORMAL,NORMAL,True,522700.9204974669,5697164.290406496,,19,0.01,1.9000000000000001,1.7100000000000002,10.0,0.0,ground_equivalent_excess_collision_air_kerma_rate,uGy/h,,False,False,False,
3287,3287,NORMAL,NORMAL,True,522680.9204974669,5697184.290406496,,19,0.01,1.9000000000000001,1.7100000000000002,10.0,0.0,ground_equivalent_excess_collision_air_kerma_rate,uGy/h,,False,False,False,
3288,3288,NORMAL,NORMAL,True,522660.9204974669,5697164.290406496,,19,0.01,1.9000000000000001,1.7100000000000002,10.0,0.0,ground_equivalent_excess_collision_air_kerma_rate,uGy/h,,False,False,False,
3289,3289,NORMAL,NORMAL,True,522640.9204974669,5697184.290406496,,19,0.01,1.9000000000000001,1.7100000000000002,10.0,0.0,ground_equivalent_excess_collision_air_kerma_rate,uGy/h,,False,False,False,
3290,3290,NORMAL,NORMAL,True,522620.9204974669,5697164.290406496,,19,0.01,1.9000000000000001,1.7100000000000002,10.0,0.0,ground_equivalent_excess_collision_air_kerma_rate,uGy/h,,False,False,False,
3291,3291,NORMAL,NORMAL,True,522600.9204974669,5697184.290406496,,19,0.01,1.9000000000000001,1.7100000000000002,10.0,0.0,ground_equivalent_excess_collision_air_kerma_rate,uGy/h,,False,False,False,
3292,3292,NORMAL,NORMAL,True,522580.9204974669,5697204.290406496,,19,0.01,1.9000000000000001,1.7100000000000002,10.0,0.0,ground_equivalent_excess_collision_air_kerma_rate,uGy/h,,False,False,False,
3293,3293,NORMAL,NORMAL,True,522560.9204974669,5697224.290406496,,19,0.01,1.9000000000000001,1.7100000000000002,10.0,0.0,ground_equivalent_excess_collision_air_kerma_rate,uGy/h,,False,False,False,
3294,3294,NORMAL,NORMAL,True,522580.9204974669,5697244.290406496,,19,0.01,1.9000000000000001,1.7100000000000002,10.0,0.0,ground_equivalent_excess_collision_air_kerma_rate,uGy/h,,False,False,False,
3295,3295,NORMAL,NORMAL,True,522600.9204974669,5697264.290406496,,19,0.01,1.9000000000000001,1.7100000000000002,10.0,0.0,ground_equivalent_excess_collision_air_kerma_rate,uGy/h,,False,False,False,
3296,3296,NORMAL,NORMAL,True,522620.9204974669,5697264.290406496,,19,0.01,1.9000000000000001,1.7100000000000002,10.0,0.0,ground_equivalent_excess_collision_air_kerma_rate,uGy/h,,False,False,False,
3297,3297,NORMAL,NORMAL,True,522640.9204974669,5697264.290406496,,19,0.01,1.9000000000000001,1.7100000000000002,10.0,0.0,ground_equivalent_excess_collision_air_kerma_rate,uGy/h,,False,False,False,
3298,3298,NORMAL,NORMAL,True,522660.9204974669,5697284.290406496,,19,0.01,1.9000000000000001,1.7100000000000002,10.0,0.0,ground_equivalent_excess_collision_air_kerma_rate,uGy/h,,False,False,False,
3299,3299,NORMAL,NORMAL,True,522660.9204974669,5697304.290406496,,19,0.01,1.9000000000000001,1.7100000000000002,10.0,0.0,ground_equivalent_excess_collision_air_kerma_rate,uGy/h,,False,False,False,
3300,3300,NORMAL,NORMAL,True,522640.9204974669,5697324.290406496,,19,0.01,1.9000000000000001,1.7100000000000002,10.0,0.0,ground_equivalent_excess_collision_air_kerma_rate,uGy/h,,False,False,False,
3301,3301,NORMAL,NORMAL,True,522640.9204974669,5697344.290406496,,19,0.01,1.9000000000000001,1.7100000000000002,10.0,0.0,ground_equivalent_excess_collision_air_kerma_rate,uGy/h,,False,False,False,
3302,3302,NORMAL,NORMAL,True,522620.9204974669,5697364.290406496,,19,0.01,1.9000000000000001,1.7100000000000002,10.0,0.0,ground_equivalent_excess_collision_air_kerma_rate,uGy/h,,False,False,False,
3303,3303,NORMAL,NORMAL,True,522600.9204974669,5697384.290406496,,19,0.01,1.9000000000000001,1.7100000000000002,10.0,0.0,ground_equivalent_excess_collision_air_kerma_rate,uGy/h,,False,False,False,
3304,3304,NORMAL,NORMAL,True,522580.9204974669,5697384.290406496,,19,0.01,1.9000000000000001,1.7100000000000002,10.0,0.0,ground_equivalent_excess_collision_air_kerma_rate,uGy/h,,False,False,False,
3305,3305,NORMAL,NORMAL,True,522560.9204974669,5697384.290406496,,19,0.01,1.9000000000000001,1.7100000000000002,10.0,0.0,ground_equivalent_excess_collision_air_kerma_rate,uGy/h,,False,False,False,
3306,3306,NORMAL,NORMAL,True,522540.9204974669,5697384.290406496,,19,0.01,1.9000000000000001,1.7100000000000002,10.0,0.0,ground_equivalent_excess_collision_air_kerma_rate,uGy/h,,False,False,False,
3307,3307,NORMAL,NORMAL,True,522520.9204974669,5697364.290406496,,19,0.01,1.9000000000000001,1.7100000000000002,10.0,0.0,ground_equivalent_excess_collision_air_kerma_rate,uGy/h,,False,False,False,
3308,3308,NORMAL,NORMAL,True,522540.9204974669,5697344.290406496,,19,0.01,1.9000000000000001,1.7100000000000002,10.0,0.0,ground_equivalent_excess_collision_air_kerma_rate,uGy/h,,False,False,False,
3309,3309,NORMAL,NORMAL,True,522560.9204974669,5697324.290406496,,19,0.01,1.9000000000000001,1.7100000000000002,10.0,0.0,ground_equivalent_excess_collision_air_kerma_rate,uGy/h,,False,False,False,
3310,3310,NORMAL,NORMAL,True,522580.9204974669,5697304.290406496,,19,0.01,1.9000000000000001,1.7100000000000002,10.0,0.0,ground_equivalent_excess_collision_air_kerma_rate,uGy/h,,False,False,False,
3311,3311,NORMAL,NORMAL,True,522560.9204974669,5697284.290406496,,19,0.01,1.9000000000000001,1.7100000000000002,10.0,0.0,ground_equivalent_excess_collision_air_kerma_rate,uGy/h,,False,False,False,
3312,3312,NORMAL,NORMAL,True,522540.9204974669,5697264.290406496,,19,0.01,1.9000000000000001,1.7100000000000002,10.0,0.0,ground_equivalent_excess_collision_air_kerma_rate,uGy/h,,False,False,False,
3313,3313,NORMAL,NORMAL,True,522520.9204974669,5697244.290406496,,19,0.01,1.9000000000000001,1.7100000000000002,10.0,0.0,ground_equivalent_excess_collision_air_kerma_rate,uGy/h,,False,False,False,
3314,3314,NORMAL,NORMAL,True,522500.9204974669,5697224.290406496,,19,0.01,1.9000000000000001,1.7100000000000002,10.0,0.0,ground_equivalent_excess_collision_air_kerma_rate,uGy/h,,False,False,False,
3315,3315,NORMAL,NORMAL,True,522480.9204974669,5697204.290406496,,19,0.01,1.9000000000000001,1.7100000000000002,10.0,0.0,ground_equivalent_excess_collision_air_kerma_rate,uGy/h,,False,False,False,
3316,3316,NORMAL,NORMAL,True,522460.9204974669,5697204.290406496,,19,0.01,1.9000000000000001,1.7100000000000002,10.0,0.0,ground_equivalent_excess_collision_air_kerma_rate,uGy/h,,False,False,False,
3317,3317,NORMAL,NORMAL,True,522440.9204974669,5697204.290406496,,19,0.01,1.9000000000000001,1.7100000000000002,10.0,0.0,ground_equivalent_excess_collision_air_kerma_rate,uGy/h,,False,False,False,
3318,3318,NORMAL,NORMAL,True,522420.9204974669,5697184.290406496,,19,0.01,1.9000000000000001,1.7100000000000002,10.0,0.0,ground_equivalent_excess_collision_air_kerma_rate,uGy/h,,False,False,False,
3319,3319,NORMAL,NORMAL,True,522440.9204974669,5697164.290406496,,19,0.01,1.9000000000000001,1.7100000000000002,10.0,0.0,ground_equivalent_excess_collision_air_kerma_rate,uGy/h,,False,False,False,
3320,3320,NORMAL,NORMAL,True,522460.9204974669,5697184.290406496,,19,0.01,1.9000000000000001,1.7100000000000002,10.0,0.0,ground_equivalent_excess_collision_air_kerma_rate,uGy/h,,False,False,False,
3321,3321,NORMAL,NORMAL,True,522440.9204974669,5697184.290406496,,19,0.01,1.9000000000000001,1.7100000000000002,10.0,0.0,ground_equivalent_excess_collision_air_kerma_rate,uGy/h,,False,False,False,
3322,3322,NORMAL,NORMAL,True,522420.9204974669,5697204.290406496,,19,0.01,1.9000000000000001,1.7100000000000002,10.0,0.0,ground_equivalent_excess_collision_air_kerma_rate,uGy/h,,False,False,False,
3323,3323,NORMAL,NORMAL,True,522440.9204974669,5697224.290406496,,19,0.01,1.9000000000000001,1.7100000000000002,10.0,0.0,ground_equivalent_excess_collision_air_kerma_rate,uGy/h,,False,False,False,
3324,3324,NORMAL,NORMAL,True,522460.9204974669,5697244.290406496,,19,0.01,1.9000000000000001,1.7100000000000002,10.0,0.0,ground_equivalent_excess_collision_air_kerma_rate,uGy/h,,False,False,False,
3325,3325,NORMAL,NORMAL,True,522480.9204974669,5697264.290406496,,19,0.01,1.9000000000000001,1.7100000000000002,10.0,0.0,ground_equivalent_excess_collision_air_kerma_rate,uGy/h,,False,False,False,
3326,3326,NORMAL,NORMAL,True,522500.9204974669,5697284.290406496,,19,0.01,1.9000000000000001,1.7100000000000002,10.0,0.0,ground_equivalent_excess_collision_air_kerma_rate,uGy/h,,False,False,False,
3327,3327,NORMAL,NORMAL,True,522520.9204974669,5697304.290406496,,19,0.01,1.9000000000000001,1.7100000000000002,10.0,0.0,ground_equivalent_excess_collision_air_kerma_rate,uGy/h,,False,False,False,
3328,3328,NORMAL,NORMAL,True,522500.9204974669,5697304.290406496,,19,0.01,1.9000000000000001,1.7100000000000002,10.0,0.0,ground_equivalent_excess_collision_air_kerma_rate,uGy/h,,False,False,False,
3329,3329,NORMAL,NORMAL,True,522500.9204974669,5697324.290406496,,19,0.01,1.9000000000000001,1.7100000000000002,10.0,0.0,ground_equivalent_excess_collision_air_kerma_rate,uGy/h,,False,False,False,
3330,3330,NORMAL,NORMAL,True,522500.9204974669,5697304.290406496,,19,0.01,1.9000000000000001,1.7100000000000002,10.0,0.0,ground_equivalent_excess_collision_air_kerma_rate,uGy/h,,False,False,False,
3331,3331,NORMAL,NORMAL,True,522480.9204974669,5697284.290406496,,19,0.01,1.9000000000000001,1.7100000000000002,10.0,0.0,ground_equivalent_excess_collision_air_kerma_rate,uGy/h,,False,False,False,
3332,3332,NORMAL,NORMAL,True,522460.9204974669,5697264.290406496,,19,0.01,1.9000000000000001,1.7100000000000002,10.0,0.0,ground_equivalent_excess_collision_air_kerma_rate,uGy/h,,False,False,False,
3333,3333,NORMAL,NORMAL,True,522480.9204974669,5697284.290406496,,19,0.01,1.9000000000000001,1.7100000000000002,10.0,0.0,ground_equivalent_excess_collision_air_kerma_rate,uGy/h,,False,False,False,
3334,3334,NORMAL,NORMAL,True,522480.9204974669,5697264.290406496,,19,0.01,1.9000000000000001,1.7100000000000002,10.0,0.0,ground_equivalent_excess_collision_air_kerma_rate,uGy/h,,False,False,False,
3335,3335,NORMAL,NORMAL,True,522460.9204974669,5697284.290406496,,19,0.01,1.9000000000000001,1.7100000000000002,10.0,0.0,ground_equivalent_excess_collision_air_kerma_rate,uGy/h,,False,False,False,
3336,3336,NORMAL,NORMAL,True,522460.9204974669,5697264.290406496,,19,0.01,1.9000000000000001,1.7100000000000002,10.0,0.0,ground_equivalent_excess_collision_air_kerma_rate,uGy/h,,False,False,False,
3337,3337,NORMAL,NORMAL,True,522440.9204974669,5697244.290406496,,19,0.01,1.9000000000000001,1.7100000000000002,10.0,0.0,ground_equivalent_excess_collision_air_kerma_rate,uGy/h,,False,False,False,
3338,3338,NORMAL,NORMAL,True,522440.9204974669,5697224.290406496,,19,0.01,1.9000000000000001,1.7100000000000002,10.0,0.0,ground_equivalent_excess_collision_air_kerma_rate,uGy/h,,False,False,False,
3339,3339,NORMAL,NORMAL,True,522460.9204974669,5697244.290406496,,19,0.01,1.9000000000000001,1.7100000000000002,10.0,0.0,ground_equivalent_excess_collision_air_kerma_rate,uGy/h,,False,False,False,
3340,3340,NORMAL,NORMAL,True,522460.9204974669,5697224.290406496,,19,0.01,1.9000000000000001,1.7100000000000002,10.0,0.0,ground_equivalent_excess_collision_air_kerma_rate,uGy/h,,False,False,False,
3341,3341,NORMAL,NORMAL,True,522480.9204974669,5697244.290406496,,19,0.01,1.9000000000000001,1.7100000000000002,10.0,0.0,ground_equivalent_excess_collision_air_kerma_rate,uGy/h,,False,False,False,
3342,3342,NORMAL,NORMAL,True,522500.9204974669,5697244.290406496,,19,0.01,1.9000000000000001,1.7100000000000002,10.0,0.0,ground_equivalent_excess_collision_air_kerma_rate,uGy/h,,False,False,False,
3343,3343,NORMAL,NORMAL,True,522520.9204974669,5697224.290406496,,19,0.01,1.9000000000000001,1.7100000000000002,10.0,0.0,ground_equivalent_excess_collision_air_kerma_rate,uGy/h,,False,False,False,
3344,3344,NORMAL,NORMAL,True,522520.9204974669,5697204.290406496,,19,0.01,1.9000000000000001,1.7100000000000002,10.0,0.0,ground_equivalent_excess_collision_air_kerma_rate,uGy/h,,False,False,False,
3345,3345,NORMAL,NORMAL,True,522500.9204974669,5697184.290406496,,19,0.01,1.9000000000000001,1.7100000000000002,10.0,0.0,ground_equivalent_excess_collision_air_kerma_rate,uGy/h,,False,False,False,
3346,3346,NORMAL,NORMAL,True,522480.9204974669,5697184.290406496,,19,0.01,1.9000000000000001,1.7100000000000002,10.0,0.0,ground_equivalent_excess_collision_air_kerma_rate,uGy/h,,False,False,False,
3347,3347,NORMAL,NORMAL,True,522460.9204974669,5697184.290406496,,19,0.01,1.9000000000000001,1.7100000000000002,10.0,0.0,ground_equivalent_excess_collision_air_kerma_rate,uGy/h,,False,False,False,
3348,3348,NORMAL,NORMAL,True,522480.9204974669,5697164.290406496,,19,0.01,1.9000000000000001,1.7100000000000002,10.0,0.0,ground_equivalent_excess_collision_air_kerma_rate,uGy/h,,False,False,False,
3349,3349,NORMAL,NORMAL,True,522500.9204974669,5697164.290406496,,19,0.01,1.9000000000000001,1.7100000000000002,10.0,0.0,ground_equivalent_excess_collision_air_kerma_rate,uGy/h,,False,False,False,
3350,3350,NORMAL,NORMAL,True,522500.9204974669,5697184.290406496,,19,0.01,1.9000000000000001,1.7100000000000002,10.0,0.0,ground_equivalent_excess_collision_air_kerma_rate,uGy/h,,False,False,False,
3351,3351,NORMAL,NORMAL,True,522520.9204974669,5697204.290406496,,19,0.01,1.9000000000000001,1.7100000000000002,10.0,0.0,ground_equivalent_excess_collision_air_kerma_rate,uGy/h,,False,False,False,
3352,3352,NORMAL,NORMAL,True,522540.9204974669,5697204.290406496,,19,0.01,1.9000000000000001,1.7100000000000002,10.0,0.0,ground_equivalent_excess_collision_air_kerma_rate,uGy/h,,False,False,False,
3353,3353,NORMAL,NORMAL,True,522560.9204974669,5697224.290406496,,19,0.01,1.9000000000000001,1.7100000000000002,10.0,0.0,ground_equivalent_excess_collision_air_kerma_rate,uGy/h,,False,False,False,
3354,3354,NORMAL,NORMAL,True,522580.9204974669,5697244.290406496,,19,0.01,1.9000000000000001,1.7100000000000002,10.0,0.0,ground_equivalent_excess_collision_air_kerma_rate,uGy/h,,False,False,False,
3355,3355,NORMAL,NORMAL,True,522560.9204974669,5697224.290406496,,19,0.01,1.9000000000000001,1.7100000000000002,10.0,0.0,ground_equivalent_excess_collision_air_kerma_rate,uGy/h,,False,False,False,
3356,3356,NORMAL,NORMAL,True,522540.9204974669,5697244.290406496,,19,0.01,1.9000000000000001,1.7100000000000002,10.0,0.0,ground_equivalent_excess_collision_air_kerma_rate,uGy/h,,False,False,False,
3357,3357,NORMAL,NORMAL,True,522540.9204974669,5697264.290406496,,19,0.01,1.9000000000000001,1.7100000000000002,10.0,0.0,ground_equivalent_excess_collision_air_kerma_rate,uGy/h,,False,False,False,
3358,3358,NORMAL,NORMAL,True,522520.9204974669,5697244.290406496,,19,0.01,1.9000000000000001,1.7100000000000002,10.0,0.0,ground_equivalent_excess_collision_air_kerma_rate,uGy/h,,False,False,False,
3359,3359,NORMAL,NORMAL,True,522540.9204974669,5697244.290406496,,19,0.01,1.9000000000000001,1.7100000000000002,10.0,0.0,ground_equivalent_excess_collision_air_kerma_rate,uGy/h,,False,False,False,
3360,3360,NORMAL,NORMAL,True,522560.9204974669,5697264.290406496,,19,0.01,1.9000000000000001,1.7100000000000002,10.0,0.0,ground_equivalent_excess_collision_air_kerma_rate,uGy/h,,False,False,False,
3361,3361,NORMAL,NORMAL,True,522580.9204974669,5697244.290406496,,19,0.01,1.9000000000000001,1.7100000000000002,10.0,0.0,ground_equivalent_excess_collision_air_kerma_rate,uGy/h,,False,False,False,
3362,3362,NORMAL,NORMAL,True,522580.9204974669,5697264.290406496,,19,0.01,1.9000000000000001,1.7100000000000002,10.0,0.0,ground_equivalent_excess_collision_air_kerma_rate,uGy/h,,False,False,False,
3363,3363,NORMAL,NORMAL,True,522600.9204974669,5697284.290406496,,19,0.01,1.9000000000000001,1.7100000000000002,10.0,0.0,ground_equivalent_excess_collision_air_kerma_rate,uGy/h,,False,False,False,
3364,3364,NORMAL,NORMAL,True,522600.9204974669,5697304.290406496,,19,0.01,1.9000000000000001,1.7100000000000002,10.0,0.0,ground_equivalent_excess_collision_air_kerma_rate,uGy/h,,False,False,False,
3365,3365,NORMAL,NORMAL,True,522600.9204974669,5697324.290406496,,19,0.01,1.9000000000000001,1.7100000000000002,10.0,0.0,ground_equivalent_excess_collision_air_kerma_rate,uGy/h,,False,False,False,
3366,3366,NORMAL,NORMAL,True,522580.9204974669,5697324.290406496,,19,0.01,1.9000000000000001,1.7100000000000002,10.0,0.0,ground_equivalent_excess_collision_air_kerma_rate,uGy/h,,False,False,False,
3367,3367,NORMAL,NORMAL,True,522560.9204974669,5697344.290406496,,19,0.01,1.9000000000000001,1.7100000000000002,10.0,0.0,ground_equivalent_excess_collision_air_kerma_rate,uGy/h,,False,False,False,
3368,3368,NORMAL,NORMAL,True,522540.9204974669,5697364.290406496,,19,0.01,1.9000000000000001,1.7100000000000002,10.0,0.0,ground_equivalent_excess_collision_air_kerma_rate,uGy/h,,False,False,False,
3369,3369,NORMAL,NORMAL,True,522520.9204974669,5697364.290406496,,19,0.01,1.9000000000000001,1.7100000000000002,10.0,0.0,ground_equivalent_excess_collision_air_kerma_rate,uGy/h,,False,False,False,
3370,3370,NORMAL,NORMAL,True,522540.9204974669,5697344.290406496,,19,0.01,1.9000000000000001,1.7100000000000002,10.0,0.0,ground_equivalent_excess_collision_air_kerma_rate,uGy/h,,False,False,False,
3371,3371,NORMAL,NORMAL,True,522520.9204974669,5697344.290406496,,19,0.01,1.9000000000000001,1.7100000000000002,10.0,0.0,ground_equivalent_excess_collision_air_kerma_rate,uGy/h,,False,False,False,
3372,3372,NORMAL,NORMAL,True,522500.9204974669,5697344.290406496,,19,0.01,1.9000000000000001,1.7100000000000002,10.0,0.0,ground_equivalent_excess_collision_air_kerma_rate,uGy/h,,False,False,False,
3373,3373,NORMAL,NORMAL,True,522520.9204974669,5697324.290406496,,19,0.01,1.9000000000000001,1.7100000000000002,10.0,0.0,ground_equivalent_excess_collision_air_kerma_rate,uGy/h,,False,False,False,
3374,3374,NORMAL,NORMAL,True,522520.9204974669,5697344.290406496,,19,0.01,1.9000000000000001,1.7100000000000002,10.0,0.0,ground_equivalent_excess_collision_air_kerma_rate,uGy/h,,False,False,False,
3375,3375,NORMAL,NORMAL,True,522520.9204974669,5697364.290406496,,19,0.01,1.9000000000000001,1.7100000000000002,10.0,0.0,ground_equivalent_excess_collision_air_kerma_rate,uGy/h,,False,False,False,
3376,3376,NORMAL,NORMAL,True,522520.9204974669,5697344.290406496,,19,0.01,1.9000000000000001,1.7100000000000002,10.0,0.0,ground_equivalent_excess_collision_air_kerma_rate,uGy/h,,False,False,False,
3377,3377,NORMAL,NORMAL,True,522500.9204974669,5697344.290406496,,19,0.01,1.9000000000000001,1.7100000000000002,10.0,0.0,ground_equivalent_excess_collision_air_kerma_rate,uGy/h,,False,False,False,
3378,3378,NORMAL,NORMAL,True,522500.9204974669,5697324.290406496,,19,0.01,1.9000000000000001,1.7100000000000002,10.0,0.0,ground_equivalent_excess_collision_air_kerma_rate,uGy/h,,False,False,False,
3379,3379,NORMAL,NORMAL,True,522500.9204974669,5697304.290406496,,19,0.01,1.9000000000000001,1.7100000000000002,10.0,0.0,ground_equivalent_excess_collision_air_kerma_rate,uGy/h,,False,False,False,
3380,3380,NORMAL,NORMAL,True,522520.9204974669,5697284.290406496,,19,0.01,1.9000000000000001,1.7100000000000002,10.0,0.0,ground_equivalent_excess_collision_air_kerma_rate,uGy/h,,False,False,False,
3381,3381,NORMAL,NORMAL,True,522500.9204974669,5697264.290406496,,19,0.01,1.9000000000000001,1.7100000000000002,10.0,0.0,ground_equivalent_excess_collision_air_kerma_rate,uGy/h,,False,False,False,
3382,3382,NORMAL,NORMAL,True,522500.9204974669,5697284.290406496,,19,0.01,1.9000000000000001,1.7100000000000002,10.0,0.0,ground_equivalent_excess_collision_air_kerma_rate,uGy/h,,False,False,False,
3383,3383,NORMAL,NORMAL,True,522500.9204974669,5697264.290406496,,19,0.01,1.9000000000000001,1.7100000000000002,10.0,0.0,ground_equivalent_excess_collision_air_kerma_rate,uGy/h,,False,False,False,
3384,3384,NORMAL,NORMAL,True,522520.9204974669,5697244.290406496,,19,0.01,1.9000000000000001,1.7100000000000002,10.0,0.0,ground_equivalent_excess_collision_air_kerma_rate,uGy/h,,False,False,False,
3385,3385,NORMAL,NORMAL,True,522540.9204974669,5697224.290406496,,19,0.01,1.9000000000000001,1.7100000000000002,10.0,0.0,ground_equivalent_excess_collision_air_kerma_rate,uGy/h,,False,False,False,
3386,3386,NORMAL,NORMAL,True,522540.9204974669,5697204.290406496,,19,0.01,1.9000000000000001,1.7100000000000002,10.0,0.0,ground_equivalent_excess_collision_air_kerma_rate,uGy/h,,False,False,False,
3387,3387,NORMAL,NORMAL,True,522560.9204974669,5697184.290406496,,19,0.01,1.9000000000000001,1.7100000000000002,10.0,0.0,ground_equivalent_excess_collision_air_kerma_rate,uGy/h,,False,False,False,
3388,3388,NORMAL,NORMAL,True,522540.9204974669,5697204.290406496,,19,0.01,1.9000000000000001,1.7100000000000002,10.0,0.0,ground_equivalent_excess_collision_air_kerma_rate,uGy/h,,False,False,False,
3389,3389,NORMAL,NORMAL,True,522560.9204974669,5697224.290406496,,19,0.01,1.9000000000000001,1.7100000000000002,10.0,0.0,ground_equivalent_excess_collision_air_kerma_rate,uGy/h,,False,False,False,
3390,3390,NORMAL,NORMAL,True,522560.9204974669,5697204.290406496,,19,0.01,1.9000000000000001,1.7100000000000002,10.0,0.0,ground_equivalent_excess_collision_air_kerma_rate,uGy/h,,False,False,False,
3391,3391,NORMAL,NORMAL,True,522560.9204974669,5697184.290406496,,19,0.01,1.9000000000000001,1.7100000000000002,10.0,0.0,ground_equivalent_excess_collision_air_kerma_rate,uGy/h,,False,False,False,
3392,3392,NORMAL,NORMAL,True,522540.9204974669,5697184.290406496,,19,0.01,1.9000000000000001,1.7100000000000002,10.0,0.0,ground_equivalent_excess_collision_air_kerma_rate,uGy/h,,False,False,False,
3393,3393,NORMAL,NORMAL,True,522560.9204974669,5697164.290406496,,19,0.01,1.9000000000000001,1.7100000000000002,10.0,0.0,ground_equivalent_excess_collision_air_kerma_rate,uGy/h,,False,False,False,
3394,3394,NORMAL,NORMAL,True,522560.9204974669,5697184.290406496,,19,0.01,1.9000000000000001,1.7100000000000002,10.0,0.0,ground_equivalent_excess_collision_air_kerma_rate,uGy/h,,False,False,False,
3395,3395,NORMAL,NORMAL,True,522560.9204974669,5697164.290406496,,19,0.01,1.9000000000000001,1.7100000000000002,10.0,0.0,ground_equivalent_excess_collision_air_kerma_rate,uGy/h,,False,False,False,
3396,3396,NORMAL,NORMAL,True,522540.9204974669,5697164.290406496,,19,0.01,1.9000000000000001,1.7100000000000002,10.0,0.0,ground_equivalent_excess_collision_air_kerma_rate,uGy/h,,False,False,False,
3397,3397,NORMAL,NORMAL,True,522560.9204974669,5697164.290406496,,19,0.01,1.9000000000000001,1.7100000000000002,10.0,0.0,ground_equivalent_excess_collision_air_kerma_rate,uGy/h,,False,False,False,
3398,3398,NORMAL,NORMAL,True,522540.9204974669,5697164.290406496,,19,0.01,1.9000000000000001,1.7100000000000002,10.0,0.0,ground_equivalent_excess_collision_air_kerma_rate,uGy/h,,False,False,False,
3399,3399,NORMAL,NORMAL,True,522560.9204974669,5697164.290406496,,19,0.01,1.9000000000000001,1.7100000000000002,10.0,0.0,ground_equivalent_excess_collision_air_kerma_rate,uGy/h,,False,False,False,
3400,3400,NORMAL,NORMAL,True,522560.9204974669,5697184.290406496,,19,0.01,1.9000000000000001,1.7100000000000002,10.0,0.0,ground_equivalent_excess_collision_air_kerma_rate,uGy/h,,False,False,False,
3401,3401,NORMAL,NORMAL,True,522580.9204974669,5697184.290406496,,19,0.01,1.9000000000000001,1.7100000000000002,10.0,0.0,ground_equivalent_excess_collision_air_kerma_rate,uGy/h,,False,False,False,
3402,3402,NORMAL,NORMAL,True,522560.9204974669,5697184.290406496,,19,0.01,1.9000000000000001,1.7100000000000002,10.0,0.0,ground_equivalent_excess_collision_air_kerma_rate,uGy/h,,False,False,False,
3403,3403,NORMAL,NORMAL,True,522580.9204974669,5697204.290406496,,19,0.01,1.9000000000000001,1.7100000000000002,10.0,0.0,ground_equivalent_excess_collision_air_kerma_rate,uGy/h,,False,False,False,
3404,3404,NORMAL,NORMAL,True,522600.9204974669,5697224.290406496,,19,0.01,1.9000000000000001,1.7100000000000002,10.0,0.0,ground_equivalent_excess_collision_air_kerma_rate,uGy/h,,False,False,False,
3405,3405,NORMAL,NORMAL,True,522620.9204974669,5697244.290406496,,19,0.01,1.9000000000000001,1.7100000000000002,10.0,0.0,ground_equivalent_excess_collision_air_kerma_rate,uGy/h,,False,False,False,
3406,3406,NORMAL,NORMAL,True,522600.9204974669,5697224.290406496,,19,0.01,1.9000000000000001,1.7100000000000002,10.0,0.0,ground_equivalent_excess_collision_air_kerma_rate,uGy/h,,False,False,False,
3407,3407,NORMAL,NORMAL,True,522600.9204974669,5697244.290406496,,19,0.01,1.9000000000000001,1.7100000000000002,10.0,0.0,ground_equivalent_excess_collision_air_kerma_rate,uGy/h,,False,False,False,
3408,3408,NORMAL,NORMAL,True,522620.9204974669,5697264.290406496,,19,0.01,1.9000000000000001,1.7100000000000002,10.0,0.0,ground_equivalent_excess_collision_air_kerma_rate,uGy/h,,False,False,False,
3409,3409,NORMAL,NORMAL,True,522620.9204974669,5697284.290406496,,19,0.01,1.9000000000000001,1.7100000000000002,10.0,0.0,ground_equivalent_excess_collision_air_kerma_rate,uGy/h,,False,False,False,
3410,3410,NORMAL,NORMAL,True,522600.9204974669,5697304.290406496,,19,0.01,1.9000000000000001,1.7100000000000002,10.0,0.0,ground_equivalent_excess_collision_air_kerma_rate,uGy/h,,False,False,False,
3411,3411,NORMAL,NORMAL,True,522620.9204974669,5697284.290406496,,19,0.01,1.9000000000000001,1.7100000000000002,10.0,0.0,ground_equivalent_excess_collision_air_kerma_rate,uGy/h,,False,False,False,
3412,3412,NORMAL,NORMAL,True,522600.9204974669,5697304.290406496,,19,0.01,1.9000000000000001,1.7100000000000002,10.0,0.0,ground_equivalent_excess_collision_air_kerma_rate,uGy/h,,False,False,False,
3413,3413,NORMAL,NORMAL,True,522620.9204974669,5697304.290406496,,19,0.01,1.9000000000000001,1.7100000000000002,10.0,0.0,ground_equivalent_excess_collision_air_kerma_rate,uGy/h,,False,False,False,
3414,3414,NORMAL,NORMAL,True,522620.9204974669,5697324.290406496,,19,0.01,1.9000000000000001,1.7100000000000002,10.0,0.0,ground_equivalent_excess_collision_air_kerma_rate,uGy/h,,False,False,False,
3415,3415,NORMAL,NORMAL,True,522640.9204974669,5697304.290406496,,19,0.01,1.9000000000000001,1.7100000000000002,10.0,0.0,ground_equivalent_excess_collision_air_kerma_rate,uGy/h,,False,False,False,
3416,3416,NORMAL,NORMAL,True,522660.9204974669,5697324.290406496,,19,0.01,1.9000000000000001,1.7100000000000002,10.0,0.0,ground_equivalent_excess_collision_air_kerma_rate,uGy/h,,False,False,False,
3417,3417,NORMAL,NORMAL,True,522680.9204974669,5697344.290406496,,19,0.01,1.9000000000000001,1.7100000000000002,10.0,0.0,ground_equivalent_excess_collision_air_kerma_rate,uGy/h,,False,False,False,
3418,3418,NORMAL,NORMAL,True,522700.9204974669,5697324.290406496,,19,0.01,1.9000000000000001,1.7100000000000002,10.0,0.0,ground_equivalent_excess_collision_air_kerma_rate,uGy/h,,False,False,False,
3419,3419,NORMAL,NORMAL,True,522720.9204974669,5697304.290406496,,19,0.01,1.9000000000000001,1.7100000000000002,10.0,0.0,ground_equivalent_excess_collision_air_kerma_rate,uGy/h,,False,False,False,
3420,3420,NORMAL,NORMAL,True,522740.9204974669,5697324.290406496,,19,0.01,1.9000000000000001,1.7100000000000002,10.0,0.0,ground_equivalent_excess_collision_air_kerma_rate,uGy/h,,False,False,False,
3421,3421,NORMAL,NORMAL,True,522760.9204974669,5697344.290406496,,19,0.01,1.9000000000000001,1.7100000000000002,10.0,0.0,ground_equivalent_excess_collision_air_kerma_rate,uGy/h,,False,False,False,
3422,3422,NORMAL,NORMAL,True,522780.9204974669,5697364.290406496,,19,0.01,1.9000000000000001,1.7100000000000002,10.0,0.0,ground_equivalent_excess_collision_air_kerma_rate,uGy/h,,False,False,False,
3423,3423,NORMAL,NORMAL,True,522800.9204974669,5697364.290406496,,19,0.01,1.9000000000000001,1.7100000000000002,10.0,0.0,ground_equivalent_excess_collision_air_kerma_rate,uGy/h,,False,False,False,
3424,3424,NORMAL,NORMAL,True,522820.9204974669,5697384.290406496,,19,0.01,1.9000000000000001,1.7100000000000002,10.0,0.0,ground_equivalent_excess_collision_air_kerma_rate,uGy/h,,False,False,False,
3425,3425,NORMAL,NORMAL,True,522840.9204974669,5697384.290406496,,19,0.01,1.9000000000000001,1.7100000000000002,10.0,0.0,ground_equivalent_excess_collision_air_kerma_rate,uGy/h,,False,False,False,
3426,3426,NORMAL,NORMAL,True,522860.9204974669,5697404.290406496,,19,0.01,1.9000000000000001,1.7100000000000002,10.0,0.0,ground_equivalent_excess_collision_air_kerma_rate,uGy/h,,False,False,False,
3427,3427,NORMAL,NORMAL,True,522880.9204974669,5697404.290406496,,19,0.01,1.9000000000000001,1.7100000000000002,10.0,0.0,ground_equivalent_excess_collision_air_kerma_rate,uGy/h,,False,False,False,
3428,3428,NORMAL,NORMAL,True,522900.9204974669,5697424.290406496,,19,0.01,1.9000000000000001,1.7100000000000002,10.0,0.0,ground_equivalent_excess_collision_air_kerma_rate,uGy/h,,False,False,False,
3429,3429,NORMAL,NORMAL,True,522920.9204974669,5697424.290406496,,19,0.01,1.9000000000000001,1.7100000000000002,10.0,0.0,ground_equivalent_excess_collision_air_kerma_rate,uGy/h,,False,False,False,
3430,3430,NORMAL,NORMAL,True,522940.9204974669,5697444.290406496,,19,0.01,1.9000000000000001,1.7100000000000002,10.0,0.0,ground_equivalent_excess_collision_air_kerma_rate,uGy/h,,False,False,False,
3431,3431,NORMAL,NORMAL,True,522960.9204974669,5697444.290406496,,19,0.01,1.9000000000000001,1.7100000000000002,10.0,0.0,ground_equivalent_excess_collision_air_kerma_rate,uGy/h,,False,False,False,
3432,3432,NORMAL,NORMAL,True,522980.9204974669,5697464.290406496,,19,0.01,1.9000000000000001,1.7100000000000002,10.0,0.0,ground_equivalent_excess_collision_air_kerma_rate,uGy/h,,False,False,False,
3433,3433,NORMAL,NORMAL,True,523000.920497467,5697444.290406496,,19,0.01,1.9000000000000001,1.7100000000000002,10.0,0.0,ground_equivalent_excess_collision_air_kerma_rate,uGy/h,,False,False,False,
3434,3434,NORMAL,NORMAL,True,523020.920497467,5697424.290406496,,19,0.01,1.9000000000000001,1.7100000000000002,10.0,0.0,ground_equivalent_excess_collision_air_kerma_rate,uGy/h,,False,False,False,
3435,3435,NORMAL,NORMAL,True,523040.920497467,5697424.290406496,,19,0.01,1.9000000000000001,1.7100000000000002,10.0,0.0,ground_equivalent_excess_collision_air_kerma_rate,uGy/h,,False,False,False,
3436,3436,NORMAL,NORMAL,True,523060.920497467,5697424.290406496,,19,0.01,1.9000000000000001,1.7100000000000002,10.0,0.0,ground_equivalent_excess_collision_air_kerma_rate,uGy/h,,False,False,False,
3437,3437,NORMAL,NORMAL,True,523080.920497467,5697404.290406496,,19,0.01,1.9000000000000001,1.7100000000000002,10.0,0.0,ground_equivalent_excess_collision_air_kerma_rate,uGy/h,,False,False,False,
3438,3438,NORMAL,NORMAL,True,523100.920497467,5697404.290406496,,19,0.01,1.9000000000000001,1.7100000000000002,10.0,0.0,ground_equivalent_excess_collision_air_kerma_rate,uGy/h,,False,False,False,
3439,3439,NORMAL,NORMAL,True,523120.920497467,5697404.290406496,,19,0.01,1.9000000000000001,1.7100000000000002,10.0,0.0,ground_equivalent_excess_collision_air_kerma_rate,uGy/h,,False,False,False,
3440,3440,NORMAL,NORMAL,True,523140.920497467,5697384.290406496,,19,0.01,1.9000000000000001,1.7100000000000002,10.0,0.0,ground_equivalent_excess_collision_air_kerma_rate,uGy/h,,False,False,False,
3441,3441,NORMAL,NORMAL,True,523160.920497467,5697384.290406496,,19,0.01,1.9000000000000001,1.7100000000000002,10.0,0.0,ground_equivalent_excess_collision_air_kerma_rate,uGy/h,,False,False,False,
3442,3442,NORMAL,NORMAL,True,523180.920497467,5697364.290406496,,19,0.01,1.9000000000000001,1.7100000000000002,10.0,0.0,ground_equivalent_excess_collision_air_kerma_rate,uGy/h,,False,False,False,
3443,3443,NORMAL,NORMAL,True,523200.920497467,5697364.290406496,,19,0.01,1.9000000000000001,1.7100000000000002,10.0,0.0,ground_equivalent_excess_collision_air_kerma_rate,uGy/h,,False,False,False,
3444,3444,NORMAL,NORMAL,True,523220.920497467,5697344.290406496,,19,0.01,1.9000000000000001,1.7100000000000002,10.0,0.0,ground_equivalent_excess_collision_air_kerma_rate,uGy/h,,False,False,False,
3445,3445,NORMAL,NORMAL,True,523240.920497467,5697324.290406496,,19,0.01,1.9000000000000001,1.7100000000000002,10.0,0.0,ground_equivalent_excess_collision_air_kerma_rate,uGy/h,,False,False,False,
3446,3446,NORMAL,NORMAL,True,523260.920497467,5697344.290406496,,19,0.01,1.9000000000000001,1.7100000000000002,10.0,0.0,ground_equivalent_excess_collision_air_kerma_rate,uGy/h,,False,False,False,
3447,3447,NORMAL,NORMAL,True,523280.920497467,5697324.290406496,,19,0.01,1.9000000000000001,1.7100000000000002,10.0,0.0,ground_equivalent_excess_collision_air_kerma_rate,uGy/h,,False,False,False,
3448,3448,NORMAL,NORMAL,True,523300.920497467,5697344.290406496,,19,0.01,1.9000000000000001,1.7100000000000002,10.0,0.0,ground_equivalent_excess_collision_air_kerma_rate,uGy/h,,False,False,False,
3449,3449,NORMAL,NORMAL,True,523320.920497467,5697344.290406496,,19,0.01,1.9000000000000001,1.7100000000000002,10.0,0.0,ground_equivalent_excess_collision_air_kerma_rate,uGy/h,,False,False,False,
3450,3450,NORMAL,NORMAL,True,523340.920497467,5697324.290406496,,19,0.01,1.9000000000000001,1.7100000000000002,10.0,0.0,ground_equivalent_excess_collision_air_kerma_rate,uGy/h,,False,False,False,
3451,3451,NORMAL,NORMAL,True,523360.920497467,5697304.290406496,,19,0.01,1.9000000000000001,1.7100000000000002,10.0,0.0,ground_equivalent_excess_collision_air_kerma_rate,uGy/h,,False,False,False,
3452,3452,NORMAL,NORMAL,True,523380.920497467,5697304.290406496,,19,0.01,1.9000000000000001,1.7100000000000002,10.0,0.0,ground_equivalent_excess_collision_air_kerma_rate,uGy/h,,False,False,False,
3453,3453,NORMAL,NORMAL,True,523400.920497467,5697304.290406496,,19,0.01,1.9000000000000001,1.7100000000000002,10.0,0.0,ground_equivalent_excess_collision_air_kerma_rate,uGy/h,,False,False,False,
3454,3454,NORMAL,NORMAL,True,523420.920497467,5697304.290406496,,19,0.01,1.9000000000000001,1.7100000000000002,10.0,0.0,ground_equivalent_excess_collision_air_kerma_rate,uGy/h,,False,False,False,
3455,3455,NORMAL,NORMAL,True,523440.920497467,5697304.290406496,,19,0.01,1.9000000000000001,1.7100000000000002,10.0,0.0,ground_equivalent_excess_collision_air_kerma_rate,uGy/h,,False,False,False,
3456,3456,NORMAL,NORMAL,True,523440.920497467,5697324.290406496,,19,0.01,1.9000000000000001,1.7100000000000002,10.0,0.0,ground_equivalent_excess_collision_air_kerma_rate,uGy/h,,False,False,False,
3457,3457,NORMAL,NORMAL,True,523420.920497467,5697344.290406496,,19,0.01,1.9000000000000001,1.7100000000000002,10.0,0.0,ground_equivalent_excess_collision_air_kerma_rate,uGy/h,,False,False,False,
3458,3458,NORMAL,NORMAL,True,523400.920497467,5697364.290406496,,19,0.01,1.9000000000000001,1.7100000000000002,10.0,0.0,ground_equivalent_excess_collision_air_kerma_rate,uGy/h,,False,False,False,
3459,3459,NORMAL,NORMAL,True,523380.920497467,5697364.290406496,,19,0.01,1.9000000000000001,1.7100000000000002,10.0,0.0,ground_equivalent_excess_collision_air_kerma_rate,uGy/h,,False,False,False,
3460,3460,NORMAL,NORMAL,True,523360.920497467,5697364.290406496,,19,0.01,1.9000000000000001,1.7100000000000002,10.0,0.0,ground_equivalent_excess_collision_air_kerma_rate,uGy/h,,False,False,False,
3461,3461,NORMAL,NORMAL,True,523340.920497467,5697384.290406496,,19,0.01,1.9000000000000001,1.7100000000000002,10.0,0.0,ground_equivalent_excess_collision_air_kerma_rate,uGy/h,,False,False,False,
3462,3462,NORMAL,NORMAL,True,523320.920497467,5697404.290406496,,19,0.01,1.9000000000000001,1.7100000000000002,10.0,0.0,ground_equivalent_excess_collision_air_kerma_rate,uGy/h,,False,False,False,
3463,3463,NORMAL,NORMAL,True,523300.920497467,5697404.290406496,,19,0.01,1.9000000000000001,1.7100000000000002,10.0,0.0,ground_equivalent_excess_collision_air_kerma_rate,uGy/h,,False,False,False,
3464,3464,NORMAL,NORMAL,True,523280.920497467,5697384.290406496,,19,0.01,1.9000000000000001,1.7100000000000002,10.0,0.0,ground_equivalent_excess_collision_air_kerma_rate,uGy/h,,False,False,False,
3465,3465,NORMAL,NORMAL,True,523260.920497467,5697404.290406496,,19,0.01,1.9000000000000001,1.7100000000000002,10.0,0.0,ground_equivalent_excess_collision_air_kerma_rate,uGy/h,,False,False,False,
3466,3466,NORMAL,NORMAL,True,523240.920497467,5697384.290406496,,19,0.01,1.9000000000000001,1.7100000000000002,10.0,0.0,ground_equivalent_excess_collision_air_kerma_rate,uGy/h,,False,False,False,
3467,3467,NORMAL,NORMAL,True,523220.920497467,5697404.290406496,,19,0.01,1.9000000000000001,1.7100000000000002,10.0,0.0,ground_equivalent_excess_collision_air_kerma_rate,uGy/h,,False,False,False,
3468,3468,NORMAL,NORMAL,True,523200.920497467,5697424.290406496,,19,0.01,1.9000000000000001,1.7100000000000002,10.0,0.0,ground_equivalent_excess_collision_air_kerma_rate,uGy/h,,False,False,False,
3469,3469,NORMAL,NORMAL,True,523180.920497467,5697424.290406496,,19,0.01,1.9000000000000001,1.7100000000000002,10.0,0.0,ground_equivalent_excess_collision_air_kerma_rate,uGy/h,,False,False,False,
3470,3470,NORMAL,NORMAL,True,523160.920497467,5697444.290406496,,19,0.01,1.9000000000000001,1.7100000000000002,10.0,0.0,ground_equivalent_excess_collision_air_kerma_rate,uGy/h,,False,False,False,
3471,3471,NORMAL,NORMAL,True,523140.920497467,5697444.290406496,,19,0.01,1.9000000000000001,1.7100000000000002,10.0,0.0,ground_equivalent_excess_collision_air_kerma_rate,uGy/h,,False,False,False,
3472,3472,NORMAL,NORMAL,True,523120.920497467,5697464.290406496,,19,0.01,1.9000000000000001,1.7100000000000002,10.0,0.0,ground_equivalent_excess_collision_air_kerma_rate,uGy/h,,False,False,False,
3473,3473,NORMAL,NORMAL,True,523100.920497467,5697464.290406496,,19,0.01,1.9000000000000001,1.7100000000000002,10.0,0.0,ground_equivalent_excess_collision_air_kerma_rate,uGy/h,,False,False,False,
3474,3474,NORMAL,NORMAL,True,523080.920497467,5697464.290406496,,19,0.01,1.9000000000000001,1.7100000000000002,10.0,0.0,ground_equivalent_excess_collision_air_kerma_rate,uGy/h,,False,False,False,
3475,3475,NORMAL,NORMAL,True,523060.920497467,5697484.290406496,,19,0.01,1.9000000000000001,1.7100000000000002,10.0,0.0,ground_equivalent_excess_collision_air_kerma_rate,uGy/h,,False,False,False,
3476,3476,NORMAL,NORMAL,True,523040.920497467,5697484.290406496,,19,0.01,1.9000000000000001,1.7100000000000002,10.0,0.0,ground_equivalent_excess_collision_air_kerma_rate,uGy/h,,False,False,False,
3477,3477,NORMAL,NORMAL,True,523020.920497467,5697484.290406496,,19,0.01,1.9000000000000001,1.7100000000000002,10.0,0.0,ground_equivalent_excess_collision_air_kerma_rate,uGy/h,,False,False,False,
3478,3478,NORMAL,NORMAL,True,523000.920497467,5697504.290406496,,19,0.01,1.9000000000000001,1.7100000000000002,10.0,0.0,ground_equivalent_excess_collision_air_kerma_rate,uGy/h,,False,False,False,
3479,3479,NORMAL,NORMAL,True,522980.9204974669,5697524.290406496,,19,0.01,1.9000000000000001,1.7100000000000002,10.0,0.0,ground_equivalent_excess_collision_air_kerma_rate,uGy/h,,False,False,False,
3480,3480,NORMAL,NORMAL,True,522960.9204974669,5697504.290406496,,19,0.01,1.9000000000000001,1.7100000000000002,10.0,0.0,ground_equivalent_excess_collision_air_kerma_rate,uGy/h,,False,False,False,
3481,3481,NORMAL,NORMAL,True,522940.9204974669,5697484.290406496,,19,0.01,1.9000000000000001,1.7100000000000002,10.0,0.0,ground_equivalent_excess_collision_air_kerma_rate,uGy/h,,False,False,False,
3482,3482,NORMAL,NORMAL,True,522920.9204974669,5697484.290406496,,19,0.01,1.9000000000000001,1.7100000000000002,10.0,0.0,ground_equivalent_excess_collision_air_kerma_rate,uGy/h,,False,False,False,
3483,3483,NORMAL,NORMAL,True,522900.9204974669,5697484.290406496,,19,0.01,1.9000000000000001,1.7100000000000002,10.0,0.0,ground_equivalent_excess_collision_air_kerma_rate,uGy/h,,False,False,False,
3484,3484,NORMAL,NORMAL,True,522880.9204974669,5697464.290406496,,19,0.01,1.9000000000000001,1.7100000000000002,10.0,0.0,ground_equivalent_excess_collision_air_kerma_rate,uGy/h,,False,False,False,
3485,3485,NORMAL,NORMAL,True,522860.9204974669,5697464.290406496,,19,0.01,1.9000000000000001,1.7100000000000002,10.0,0.0,ground_equivalent_excess_collision_air_kerma_rate,uGy/h,,False,False,False,
3486,3486,NORMAL,NORMAL,True,522840.9204974669,5697444.290406496,,19,0.01,1.9000000000000001,1.7100000000000002,10.0,0.0,ground_equivalent_excess_collision_air_kerma_rate,uGy/h,,False,False,False,
3487,3487,NORMAL,NORMAL,True,522820.9204974669,5697444.290406496,,19,0.01,1.9000000000000001,1.7100000000000002,10.0,0.0,ground_equivalent_excess_collision_air_kerma_rate,uGy/h,,False,False,False,
3488,3488,NORMAL,NORMAL,True,522800.9204974669,5697424.290406496,,19,0.01,1.9000000000000001,1.7100000000000002,10.0,0.0,ground_equivalent_excess_collision_air_kerma_rate,uGy/h,,False,False,False,
3489,3489,NORMAL,NORMAL,True,522780.9204974669,5697424.290406496,,19,0.01,1.9000000000000001,1.7100000000000002,10.0,0.0,ground_equivalent_excess_collision_air_kerma_rate,uGy/h,,False,False,False,
3490,3490,NORMAL,NORMAL,True,522760.9204974669,5697404.290406496,,19,0.01,1.9000000000000001,1.7100000000000002,10.0,0.0,ground_equivalent_excess_collision_air_kerma_rate,uGy/h,,False,False,False,
3491,3491,NORMAL,NORMAL,True,522740.9204974669,5697384.290406496,,19,0.01,1.9000000000000001,1.7100000000000002,10.0,0.0,ground_equivalent_excess_collision_air_kerma_rate,uGy/h,,False,False,False,
3492,3492,NORMAL,NORMAL,True,522720.9204974669,5697364.290406496,,19,0.01,1.9000000000000001,1.7100000000000002,10.0,0.0,ground_equivalent_excess_collision_air_kerma_rate,uGy/h,,False,False,False,
3493,3493,NORMAL,NORMAL,True,522700.9204974669,5697384.290406496,,19,0.01,1.9000000000000001,1.7100000000000002,10.0,0.0,ground_equivalent_excess_collision_air_kerma_rate,uGy/h,,False,False,False,
3494,3494,NORMAL,NORMAL,True,522700.9204974669,5697404.290406496,,19,0.01,1.9000000000000001,1.7100000000000002,10.0,0.0,ground_equivalent_excess_collision_air_kerma_rate,uGy/h,,False,False,False,
3495,3495,NORMAL,NORMAL,True,522720.9204974669,5697424.290406496,,19,0.01,1.9000000000000001,1.7100000000000002,10.0,0.0,ground_equivalent_excess_collision_air_kerma_rate,uGy/h,,False,False,False,
3496,3496,NORMAL,NORMAL,True,522740.9204974669,5697444.290406496,,19,0.01,1.9000000000000001,1.7100000000000002,10.0,0.0,ground_equivalent_excess_collision_air_kerma_rate,uGy/h,,False,False,False,
3497,3497,NORMAL,NORMAL,True,522760.9204974669,5697464.290406496,,19,0.01,1.9000000000000001,1.7100000000000002,10.0,0.0,ground_equivalent_excess_collision_air_kerma_rate,uGy/h,,False,False,False,
3498,3498,NORMAL,NORMAL,True,522780.9204974669,5697484.290406496,,19,0.01,1.9000000000000001,1.7100000000000002,10.0,0.0,ground_equivalent_excess_collision_air_kerma_rate,uGy/h,,False,False,False,
3499,3499,NORMAL,NORMAL,True,522800.9204974669,5697484.290406496,,19,0.01,1.9000000000000001,1.7100000000000002,10.0,0.0,ground_equivalent_excess_collision_air_kerma_rate,uGy/h,,False,False,False,
3500,3500,NORMAL,NORMAL,True,522820.9204974669,5697504.290406496,,19,0.01,1.9000000000000001,1.7100000000000002,10.0,0.0,ground_equivalent_excess_collision_air_kerma_rate,uGy/h,,False,False,False,
3501,3501,NORMAL,NORMAL,True,522840.9204974669,5697524.290406496,,19,0.01,1.9000000000000001,1.7100000000000002,10.0,0.0,ground_equivalent_excess_collision_air_kerma_rate,uGy/h,,False,False,False,
3502,3502,NORMAL,NORMAL,True,522860.9204974669,5697524.290406496,,19,0.01,1.9000000000000001,1.7100000000000002,10.0,0.0,ground_equivalent_excess_collision_air_kerma_rate,uGy/h,,False,False,False,
3503,3503,NORMAL,NORMAL,True,522880.9204974669,5697524.290406496,,19,0.01,1.9000000000000001,1.7100000000000002,10.0,0.0,ground_equivalent_excess_collision_air_kerma_rate,uGy/h,,False,False,False,
3504,3504,NORMAL,NORMAL,True,522900.9204974669,5697544.290406496,,19,0.01,1.9000000000000001,1.7100000000000002,10.0,0.0,ground_equivalent_excess_collision_air_kerma_rate,uGy/h,,False,False,False,
3505,3505,NORMAL,NORMAL,True,522880.9204974669,5697564.290406496,,19,0.01,1.9000000000000001,1.7100000000000002,10.0,0.0,ground_equivalent_excess_collision_air_kerma_rate,uGy/h,,False,False,False,
3506,3506,NORMAL,NORMAL,True,522900.9204974669,5697544.290406496,,19,0.01,1.9000000000000001,1.7100000000000002,10.0,0.0,ground_equivalent_excess_collision_air_kerma_rate,uGy/h,,False,False,False,
3507,3507,NORMAL,NORMAL,True,522920.9204974669,5697544.290406496,,19,0.01,1.9000000000000001,1.7100000000000002,10.0,0.0,ground_equivalent_excess_collision_air_kerma_rate,uGy/h,,False,False,False,
3508,3508,NORMAL,NORMAL,True,522940.9204974669,5697544.290406496,,19,0.01,1.9000000000000001,1.7100000000000002,10.0,0.0,ground_equivalent_excess_collision_air_kerma_rate,uGy/h,,False,False,False,
3509,3509,NORMAL,NORMAL,True,522960.9204974669,5697564.290406496,,19,0.01,1.9000000000000001,1.7100000000000002,10.0,0.0,ground_equivalent_excess_collision_air_kerma_rate,uGy/h,,False,False,False,
3510,3510,NORMAL,NORMAL,True,522980.9204974669,5697544.290406496,,19,0.01,1.9000000000000001,1.7100000000000002,10.0,0.0,ground_equivalent_excess_collision_air_kerma_rate,uGy/h,,False,False,False,
3511,3511,NORMAL,NORMAL,True,523000.920497467,5697544.290406496,,19,0.01,1.9000000000000001,1.7100000000000002,10.0,0.0,ground_equivalent_excess_collision_air_kerma_rate,uGy/h,,False,False,False,
3512,3512,NORMAL,NORMAL,True,523020.920497467,5697544.290406496,,19,0.01,1.9000000000000001,1.7100000000000002,10.0,0.0,ground_equivalent_excess_collision_air_kerma_rate,uGy/h,,False,False,False,
3513,3513,NORMAL,NORMAL,True,523040.920497467,5697544.290406496,,19,0.01,1.9000000000000001,1.7100000000000002,10.0,0.0,ground_equivalent_excess_collision_air_kerma_rate,uGy/h,,False,False,False,
3514,3514,NORMAL,NORMAL,True,523060.920497467,5697544.290406496,,19,0.01,1.9000000000000001,1.7100000000000002,10.0,0.0,ground_equivalent_excess_collision_air_kerma_rate,uGy/h,,False,False,False,
3515,3515,NORMAL,NORMAL,True,523080.920497467,5697524.290406496,,19,0.01,1.9000000000000001,1.7100000000000002,10.0,0.0,ground_equivalent_excess_collision_air_kerma_rate,uGy/h,,False,False,False,
3516,3516,NORMAL,NORMAL,True,523100.920497467,5697524.290406496,,19,0.01,1.9000000000000001,1.7100000000000002,10.0,0.0,ground_equivalent_excess_collision_air_kerma_rate,uGy/h,,False,False,False,
3517,3517,NORMAL,NORMAL,True,523120.920497467,5697524.290406496,,19,0.01,1.9000000000000001,1.7100000000000002,10.0,0.0,ground_equivalent_excess_collision_air_kerma_rate,uGy/h,,False,False,False,
3518,3518,NORMAL,NORMAL,True,523140.920497467,5697504.290406496,,19,0.01,1.9000000000000001,1.7100000000000002,10.0,0.0,ground_equivalent_excess_collision_air_kerma_rate,uGy/h,,False,False,False,
3519,3519,NORMAL,NORMAL,True,523160.920497467,5697524.290406496,,19,0.01,1.9000000000000001,1.7100000000000002,10.0,0.0,ground_equivalent_excess_collision_air_kerma_rate,uGy/h,,False,False,False,
3520,3520,NORMAL,NORMAL,True,523180.920497467,5697504.290406496,,19,0.01,1.9000000000000001,1.7100000000000002,10.0,0.0,ground_equivalent_excess_collision_air_kerma_rate,uGy/h,,False,False,False,
3521,3521,NORMAL,NORMAL,True,523180.920497467,5697484.290406496,,19,0.01,1.9000000000000001,1.7100000000000002,10.0,0.0,ground_equivalent_excess_collision_air_kerma_rate,uGy/h,,False,False,False,
3522,3522,NORMAL,NORMAL,True,523200.920497467,5697464.290406496,,19,0.01,1.9000000000000001,1.7100000000000002,10.0,0.0,ground_equivalent_excess_collision_air_kerma_rate,uGy/h,,False,False,False,
3523,3523,NORMAL,NORMAL,True,523220.920497467,5697464.290406496,,19,0.01,1.9000000000000001,1.7100000000000002,10.0,0.0,ground_equivalent_excess_collision_air_kerma_rate,uGy/h,,False,False,False,
3524,3524,NORMAL,NORMAL,True,523240.920497467,5697444.290406496,,19,0.01,1.9000000000000001,1.7100000000000002,10.0,0.0,ground_equivalent_excess_collision_air_kerma_rate,uGy/h,,False,False,False,
3525,3525,NORMAL,NORMAL,True,523260.920497467,5697464.290406496,,19,0.01,1.9000000000000001,1.7100000000000002,10.0,0.0,ground_equivalent_excess_collision_air_kerma_rate,uGy/h,,False,False,False,
3526,3526,NORMAL,NORMAL,True,523260.920497467,5697484.290406496,,19,0.01,1.9000000000000001,1.7100000000000002,10.0,0.0,ground_equivalent_excess_collision_air_kerma_rate,uGy/h,,False,False,False,
3527,3527,NORMAL,NORMAL,True,523240.920497467,5697504.290406496,,19,0.01,1.9000000000000001,1.7100000000000002,10.0,0.0,ground_equivalent_excess_collision_air_kerma_rate,uGy/h,,False,False,False,
3528,3528,NORMAL,NORMAL,True,523220.920497467,5697504.290406496,,19,0.01,1.9000000000000001,1.7100000000000002,10.0,0.0,ground_equivalent_excess_collision_air_kerma_rate,uGy/h,,False,False,False,
3529,3529,NORMAL,NORMAL,True,523200.920497467,5697504.290406496,,19,0.01,1.9000000000000001,1.7100000000000002,10.0,0.0,ground_equivalent_excess_collision_air_kerma_rate,uGy/h,,False,False,False,
3530,3530,NORMAL,NORMAL,True,523180.920497467,5697524.290406496,,19,0.01,1.9000000000000001,1.7100000000000002,10.0,0.0,ground_equivalent_excess_collision_air_kerma_rate,uGy/h,,False,False,False,
3531,3531,NORMAL,NORMAL,True,523160.920497467,5697524.290406496,,19,0.01,1.9000000000000001,1.7100000000000002,10.0,0.0,ground_equivalent_excess_collision_air_kerma_rate,uGy/h,,False,False,False,
3532,3532,NORMAL,NORMAL,True,523140.920497467,5697524.290406496,,19,0.01,1.9000000000000001,1.7100000000000002,10.0,0.0,ground_equivalent_excess_collision_air_kerma_rate,uGy/h,,False,False,False,
3533,3533,NORMAL,NORMAL,True,523120.920497467,5697544.290406496,,19,0.01,1.9000000000000001,1.7100000000000002,10.0,0.0,ground_equivalent_excess_collision_air_kerma_rate,uGy/h,,False,False,False,
3534,3534,NORMAL,NORMAL,True,523100.920497467,5697544.290406496,,19,0.01,1.9000000000000001,1.7100000000000002,10.0,0.0,ground_equivalent_excess_collision_air_kerma_rate,uGy/h,,False,False,False,
3535,3535,NORMAL,NORMAL,True,523120.920497467,5697544.290406496,,19,0.01,1.9000000000000001,1.7100000000000002,10.0,0.0,ground_equivalent_excess_collision_air_kerma_rate,uGy/h,,False,False,False,
3536,3536,NORMAL,NORMAL,True,523100.920497467,5697524.290406496,,19,0.01,1.9000000000000001,1.7100000000000002,10.0,0.0,ground_equivalent_excess_collision_air_kerma_rate,uGy/h,,False,False,False,
3537,3537,NORMAL,NORMAL,True,523100.920497467,5697544.290406496,,19,0.01,1.9000000000000001,1.7100000000000002,10.0,0.0,ground_equivalent_excess_collision_air_kerma_rate,uGy/h,,False,False,False,
3538,3538,NORMAL,NORMAL,True,523100.920497467,5697524.290406496,,19,0.01,1.9000000000000001,1.7100000000000002,10.0,0.0,ground_equivalent_excess_collision_air_kerma_rate,uGy/h,,False,False,False,
3539,3539,NORMAL,NORMAL,True,523120.920497467,5697544.290406496,,19,0.01,1.9000000000000001,1.7100000000000002,10.0,0.0,ground_equivalent_excess_collision_air_kerma_rate,uGy/h,,False,False,False,
3540,3540,NORMAL,NORMAL,True,523100.920497467,5697524.290406496,,19,0.01,1.9000000000000001,1.7100000000000002,10.0,0.0,ground_equivalent_excess_collision_air_kerma_rate,uGy/h,,False,False,False,
3541,3541,NORMAL,NORMAL,True,523100.920497467,5697504.290406496,,19,0.01,1.9000000000000001,1.7100000000000002,10.0,0.0,ground_equivalent_excess_collision_air_kerma_rate,uGy/h,,False,False,False,
3542,3542,NORMAL,NORMAL,True,523120.920497467,5697504.290406496,,19,0.01,1.9000000000000001,1.7100000000000002,10.0,0.0,ground_equivalent_excess_collision_air_kerma_rate,uGy/h,,False,False,False,
3543,3543,NORMAL,NORMAL,True,523140.920497467,5697504.290406496,,19,0.01,1.9000000000000001,1.7100000000000002,10.0,0.0,ground_equivalent_excess_collision_air_kerma_rate,uGy/h,,False,False,False,
3544,3544,NORMAL,NORMAL,True,523120.920497467,5697524.290406496,,19,0.01,1.9000000000000001,1.7100000000000002,10.0,0.0,ground_equivalent_excess_collision_air_kerma_rate,uGy/h,,False,False,False,
3545,3545,NORMAL,NORMAL,True,523100.920497467,5697524.290406496,,19,0.01,1.9000000000000001,1.7100000000000002,10.0,0.0,ground_equivalent_excess_collision_air_kerma_rate,uGy/h,,False,False,False,
3546,3546,NORMAL,NORMAL,True,523080.920497467,5697504.290406496,,19,0.01,1.9000000000000001,1.7100000000000002,10.0,0.0,ground_equivalent_excess_collision_air_kerma_rate,uGy/h,,False,False,False,
3547,3547,NORMAL,NORMAL,True,523100.920497467,5697504.290406496,,19,0.01,1.9000000000000001,1.7100000000000002,10.0,0.0,ground_equivalent_excess_collision_air_kerma_rate,uGy/h,,False,False,False,
3548,3548,NORMAL,NORMAL,True,523120.920497467,5697504.290406496,,19,0.01,1.9000000000000001,1.7100000000000002,10.0,0.0,ground_equivalent_excess_collision_air_kerma_rate,uGy/h,,False,False,False,
3549,3549,NORMAL,NORMAL,True,523140.920497467,5697504.290406496,,19,0.01,1.9000000000000001,1.7100000000000002,10.0,0.0,ground_equivalent_excess_collision_air_kerma_rate,uGy/h,,False,False,False,
3550,3550,NORMAL,NORMAL,True,523120.920497467,5697504.290406496,,19,0.01,1.9000000000000001,1.7100000000000002,10.0,0.0,ground_equivalent_excess_collision_air_kerma_rate,uGy/h,,False,False,False,
3551,3551,NORMAL,NORMAL,True,523140.920497467,5697524.290406496,,19,0.01,1.9000000000000001,1.7100000000000002,10.0,0.0,ground_equivalent_excess_collision_air_kerma_rate,uGy/h,,False,False,False,
3552,3552,NORMAL,NORMAL,True,523120.920497467,5697544.290406496,,19,0.01,1.9000000000000001,1.7100000000000002,10.0,0.0,ground_equivalent_excess_collision_air_kerma_rate,uGy/h,,False,False,False,
3553,3553,NORMAL,NORMAL,True,523100.920497467,5697524.290406496,,19,0.01,1.9000000000000001,1.7100000000000002,10.0,0.0,ground_equivalent_excess_collision_air_kerma_rate,uGy/h,,False,False,False,
3554,3554,NORMAL,NORMAL,True,523080.920497467,5697504.290406496,,19,0.01,1.9000000000000001,1.7100000000000002,10.0,0.0,ground_equivalent_excess_collision_air_kerma_rate,uGy/h,,False,False,False,
3555,3555,NORMAL,NORMAL,True,523080.920497467,5697484.290406496,,19,0.01,1.9000000000000001,1.7100000000000002,10.0,0.0,ground_equivalent_excess_collision_air_kerma_rate,uGy/h,,False,False,False,
3556,3556,NORMAL,NORMAL,True,523060.920497467,5697464.290406496,,19,0.01,1.9000000000000001,1.7100000000000002,10.0,0.0,ground_equivalent_excess_collision_air_kerma_rate,uGy/h,,False,False,False,
3557,3557,NORMAL,NORMAL,True,523040.920497467,5697484.290406496,,19,0.01,1.9000000000000001,1.7100000000000002,10.0,0.0,ground_equivalent_excess_collision_air_kerma_rate,uGy/h,,False,False,False,
3558,3558,NORMAL,NORMAL,True,523060.920497467,5697484.290406496,,19,0.01,1.9000000000000001,1.7100000000000002,10.0,0.0,ground_equivalent_excess_collision_air_kerma_rate,uGy/h,,False,False,False,
3559,3559,NORMAL,NORMAL,True,523040.920497467,5697484.290406496,,19,0.01,1.9000000000000001,1.7100000000000002,10.0,0.0,ground_equivalent_excess_collision_air_kerma_rate,uGy/h,,False,False,False,
3560,3560,NORMAL,NORMAL,True,523060.920497467,5697484.290406496,,19,0.01,1.9000000000000001,1.7100000000000002,10.0,0.0,ground_equivalent_excess_collision_air_kerma_rate,uGy/h,,False,False,False,
3561,3561,NORMAL,NORMAL,True,523060.920497467,5697504.290406496,,19,0.01,1.9000000000000001,1.7100000000000002,10.0,0.0,ground_equivalent_excess_collision_air_kerma_rate,uGy/h,,False,False,False,
3562,3562,NORMAL,NORMAL,True,523060.920497467,5697524.290406496,,19,0.01,1.9000000000000001,1.7100000000000002,10.0,0.0,ground_equivalent_excess_collision_air_kerma_rate,uGy/h,,False,False,False,
3563,3563,NORMAL,NORMAL,True,523040.920497467,5697524.290406496,,19,0.01,1.9000000000000001,1.7100000000000002,10.0,0.0,ground_equivalent_excess_collision_air_kerma_rate,uGy/h,,False,False,False,
3564,3564,NORMAL,NORMAL,True,523060.920497467,5697524.290406496,,19,0.01,1.9000000000000001,1.7100000000000002,10.0,0.0,ground_equivalent_excess_collision_air_kerma_rate,uGy/h,,False,False,False,
3565,3565,NORMAL,NORMAL,True,523080.920497467,5697524.290406496,,19,0.01,1.9000000000000001,1.7100000000000002,10.0,0.0,ground_equivalent_excess_collision_air_kerma_rate,uGy/h,,False,False,False,
3566,3566,NORMAL,NORMAL,True,523100.920497467,5697544.290406496,,19,0.01,1.9000000000000001,1.7100000000000002,10.0,0.0,ground_equivalent_excess_collision_air_kerma_rate,uGy/h,,False,False,False,
3567,3567,NORMAL,NORMAL,True,523080.920497467,5697544.290406496,,19,0.01,1.9000000000000001,1.7100000000000002,10.0,0.0,ground_equivalent_excess_collision_air_kerma_rate,uGy/h,,False,False,False,
3568,3568,NORMAL,NORMAL,True,523080.920497467,5697524.290406496,,19,0.01,1.9000000000000001,1.7100000000000002,10.0,0.0,ground_equivalent_excess_collision_air_kerma_rate,uGy/h,,False,False,False,
3569,3569,NORMAL,NORMAL,True,523100.920497467,5697544.290406496,,19,0.01,1.9000000000000001,1.7100000000000002,10.0,0.0,ground_equivalent_excess_collision_air_kerma_rate,uGy/h,,False,False,False,
3570,3570,NORMAL,NORMAL,True,523100.920497467,5697524.290406496,,19,0.01,1.9000000000000001,1.7100000000000002,10.0,0.0,ground_equivalent_excess_collision_air_kerma_rate,uGy/h,,False,False,False,
3571,3571,NORMAL,NORMAL,True,523100.920497467,5697544.290406496,,19,0.01,1.9000000000000001,1.7100000000000002,10.0,0.0,ground_equivalent_excess_collision_air_kerma_rate,uGy/h,,False,False,False,
3572,3572,NORMAL,NORMAL,True,523120.920497467,5697544.290406496,,19,0.01,1.9000000000000001,1.7100000000000002,10.0,0.0,ground_equivalent_excess_collision_air_kerma_rate,uGy/h,,False,False,False,
3573,3573,NORMAL,NORMAL,True,523140.920497467,5697544.290406496,,19,0.01,1.9000000000000001,1.7100000000000002,10.0,0.0,ground_equivalent_excess_collision_air_kerma_rate,uGy/h,,False,False,False,
3574,3574,NORMAL,NORMAL,True,523120.920497467,5697524.290406496,,19,0.01,1.9000000000000001,1.7100000000000002,10.0,0.0,ground_equivalent_excess_collision_air_kerma_rate,uGy/h,,False,False,False,
3575,3575,NORMAL,NORMAL,True,523120.920497467,5697504.290406496,,19,0.01,1.9000000000000001,1.7100000000000002,10.0,0.0,ground_equivalent_excess_collision_air_kerma_rate,uGy/h,,False,False,False,
3576,3576,NORMAL,NORMAL,True,523120.920497467,5697524.290406496,,19,0.01,1.9000000000000001,1.7100000000000002,10.0,0.0,ground_equivalent_excess_collision_air_kerma_rate,uGy/h,,False,False,False,
3577,3577,NORMAL,NORMAL,True,523100.920497467,5697504.290406496,,19,0.01,1.9000000000000001,1.7100000000000002,10.0,0.0,ground_equivalent_excess_collision_air_kerma_rate,uGy/h,,False,False,False,
3578,3578,NORMAL,NORMAL,True,523080.920497467,5697484.290406496,,19,0.01,1.9000000000000001,1.7100000000000002,10.0,0.0,ground_equivalent_excess_collision_air_kerma_rate,uGy/h,,False,False,False,
3579,3579,NORMAL,NORMAL,True,523100.920497467,5697464.290406496,,19,0.01,1.9000000000000001,1.7100000000000002,10.0,0.0,ground_equivalent_excess_collision_air_kerma_rate,uGy/h,,False,False,False,
3580,3580,NORMAL,NORMAL,True,523080.920497467,5697464.290406496,,19,0.01,1.9000000000000001,1.7100000000000002,10.0,0.0,ground_equivalent_excess_collision_air_kerma_rate,uGy/h,,False,False,False,
3581,3581,NORMAL,NORMAL,True,523080.920497467,5697444.290406496,,19,0.01,1.9000000000000001,1.7100000000000002,10.0,0.0,ground_equivalent_excess_collision_air_kerma_rate,uGy/h,,False,False,False,
3582,3582,NORMAL,NORMAL,True,523080.920497467,5697424.290406496,,19,0.01,1.9000000000000001,1.7100000000000002,10.0,0.0,ground_equivalent_excess_collision_air_kerma_rate,uGy/h,,False,False,False,
3583,3583,NORMAL,NORMAL,True,523100.920497467,5697404.290406496,,19,0.01,1.9000000000000001,1.7100000000000002,10.0,0.0,ground_equivalent_excess_collision_air_kerma_rate,uGy/h,,False,False,False,
3584,3584,NORMAL,NORMAL,True,523120.920497467,5697404.290406496,,19,0.01,1.9000000000000001,1.7100000000000002,10.0,0.0,ground_equivalent_excess_collision_air_kerma_rate,uGy/h,,False,False,False,
3585,3585,NORMAL,NORMAL,True,523140.920497467,5697404.290406496,,19,0.01,1.9000000000000001,1.7100000000000002,10.0,0.0,ground_equivalent_excess_collision_air_kerma_rate,uGy/h,,False,False,False,
3586,3586,NORMAL,NORMAL,True,523140.920497467,5697424.290406496,,19,0.01,1.9000000000000001,1.7100000000000002,10.0,0.0,ground_equivalent_excess_collision_air_kerma_rate,uGy/h,,False,False,False,
3587,3587,NORMAL,NORMAL,True,523160.920497467,5697444.290406496,,19,0.01,1.9000000000000001,1.7100000000000002,10.0,0.0,ground_equivalent_excess_collision_air_kerma_rate,uGy/h,,False,False,False,
3588,3588,NORMAL,NORMAL,True,523140.920497467,5697424.290406496,,19,0.01,1.9000000000000001,1.7100000000000002,10.0,0.0,ground_equivalent_excess_collision_air_kerma_rate,uGy/h,,False,False,False,
3589,3589,NORMAL,NORMAL,True,523120.920497467,5697444.290406496,,19,0.01,1.9000000000000001,1.7100000000000002,10.0,0.0,ground_equivalent_excess_collision_air_kerma_rate,uGy/h,,False,False,False,
3590,3590,NORMAL,NORMAL,True,523120.920497467,5697424.290406496,,19,0.01,1.9000000000000001,1.7100000000000002,10.0,0.0,ground_equivalent_excess_collision_air_kerma_rate,uGy/h,,False,False,False,
3591,3591,NORMAL,NORMAL,True,523140.920497467,5697404.290406496,,19,0.01,1.9000000000000001,1.7100000000000002,10.0,0.0,ground_equivalent_excess_collision_air_kerma_rate,uGy/h,,False,False,False,
3592,3592,NORMAL,NORMAL,True,523160.920497467,5697384.290406496,,19,0.01,1.9000000000000001,1.7100000000000002,10.0,0.0,ground_equivalent_excess_collision_air_kerma_rate,uGy/h,,False,False,False,
3593,3593,NORMAL,NORMAL,True,523140.920497467,5697404.290406496,,19,0.01,1.9000000000000001,1.7100000000000002,10.0,0.0,ground_equivalent_excess_collision_air_kerma_rate,uGy/h,,False,False,False,
3594,3594,NORMAL,NORMAL,True,523160.920497467,5697384.290406496,,19,0.01,1.9000000000000001,1.7100000000000002,10.0,0.0,ground_equivalent_excess_collision_air_kerma_rate,uGy/h,,False,False,False,
3595,3595,NORMAL,NORMAL,True,523180.920497467,5697404.290406496,,19,0.01,1.9000000000000001,1.7100000000000002,10.0,0.0,ground_equivalent_excess_collision_air_kerma_rate,uGy/h,,False,False,False,
3596,3596,NORMAL,NORMAL,True,523160.920497467,5697404.290406496,,19,0.01,1.9000000000000001,1.7100000000000002,10.0,0.0,ground_equivalent_excess_collision_air_kerma_rate,uGy/h,,False,False,False,
3597,3597,NORMAL,NORMAL,True,523160.920497467,5697424.290406496,,19,0.01,1.9000000000000001,1.7100000000000002,10.0,0.0,ground_equivalent_excess_collision_air_kerma_rate,uGy/h,,False,False,False,
3598,3598,NORMAL,NORMAL,True,523180.920497467,5697444.290406496,,19,0.01,1.9000000000000001,1.7100000000000002,10.0,0.0,ground_equivalent_excess_collision_air_kerma_rate,uGy/h,,False,False,False,
3599,3599,NORMAL,NORMAL,True,523200.920497467,5697444.290406496,,19,0.01,1.9000000000000001,1.7100000000000002,10.0,0.0,ground_equivalent_excess_collision_air_kerma_rate,uGy/h,,False,False,False,
3600,3600,NORMAL,COMPLETE,True,523180.920497467,5697424.290406496,COMPLETE,19,0.01,1.9000000000000001,1.7100000000000002,10.0,0.0,ground_equivalent_excess_collision_air_kerma_rate,uGy/h,mission_limit_reached,False,False,True,mission_limit_reached
